-1.496602752063271036e-01,-4.043067191076889222e-02,-4.934506059257937061e-02,2.656676369982959376e-04,-1.085456301120488187e-03,3.557916782022489677e-04
-1.387769991667707759e-01,-6.498964776337647076e-02,-4.649432614035942102e-02,-2.613399040448647660e-04,-6.802228975783738973e-04,-1.014117713722646150e-04
-6.820272093280374537e-02,-5.901380471929783267e-02,-5.890803497612573381e-02,-8.064437174107753209e-05,-1.479246003344234645e-03,-1.326227236342074518e-04
-1.568064304249136010e-01,-6.646701773000758540e-02,-3.606786757710711555e-02,-1.976429430199273807e-04,-8.199083284557741325e-04,3.695309619030518199e-05
-2.607230652108069036e-01,1.385118479950191508e-02,-7.494485527495142740e-02,4.291805628473335538e-04,-1.434848996077382755e-04,5.960924166385761763e-04
-1.537019794472393452e-01,-7.947179089174227426e-03,-2.116534020789373471e-02,5.486069860936031335e-04,-5.029301377248371341e-04,-1.812291138775919087e-04
-2.516607665894576851e-01,3.752857462857084325e-03,-4.913720540912480672e-02,4.404274641880328092e-04,2.626871635476313305e-05,5.821375064685827168e-04
-2.797656250089863850e-02,-5.528468048075639574e-02,-5.327818243867543657e-02,-8.871091071003373539e-05,-1.398947966796008913e-03,-3.821332177358161887e-04
-1.660472740350127374e-01,-4.434334123978837805e-02,-6.362207736764413646e-02,1.541406228200128872e-04,-4.188988527977915988e-04,2.197618516582893139e-04
-1.327377729750952307e-01,-5.857835842409532534e-02,-9.381877953818129612e-02,-1.213046917153029047e-04,-1.166799914916003683e-03,2.858363332363213823e-04
-1.106065167590957743e-01,-4.475869919946487419e-02,-3.442733742000259056e-02,1.811364396848108398e-04,-8.157083007410935449e-04,-4.386489799849712973e-04
-2.113691444162360822e-01,-2.371502707756637657e-02,-7.443066747090631985e-02,9.882773088443967506e-05,-4.035129521140698450e-04,5.522853538434902227e-04
-2.624647226688583967e-02,-8.061943805827670451e-02,-5.958814119489597161e-02,-1.617765546646338613e-04,-1.706150218690475479e-03,-6.341566056479583033e-04
-2.127280226082793047e-01,7.178075419597054058e-03,-4.890662889747376951e-02,5.017343549008372247e-04,3.782578057136276595e-05,2.173272651622014016e-04
-1.354750908640132145e-01,-2.557220895431800908e-02,-7.271523714119032533e-02,2.419784213806043527e-04,-1.249716881214616576e-03,1.564825998979866434e-04
-1.208610454893268571e-01,-7.549049637078819597e-02,-2.423631077660304278e-02,-6.885297751986940891e-05,-1.011281800109467555e-03,-3.367607352616049858e-04
-2.565491031965614899e-01,1.936898435720756789e-02,-7.803862480654100153e-02,5.003997507201012138e-04,-1.437368583275533407e-04,7.219854329945037162e-04
-1.047678840862107004e-02,-1.060629662681124158e-01,-7.468740738379953115e-02,-4.131319538726930304e-04,-2.215528005945651552e-03,-4.080237152990297310e-04
-1.279419268611620419e-01,-1.552233292615648984e-02,-4.071724838788348677e-02,4.016911436197161903e-04,-1.080476868144903541e-03,-3.510480085907740651e-05
-2.686229494872190982e-01,4.500596568200865982e-02,-6.982792393416148435e-02,7.292700539692864668e-04,-1.864305252339323177e-04,5.814480674384052633e-04
-1.613775611168852264e-01,-5.242201832878588819e-02,-4.424607768718513690e-02,1.460166423472924416e-04,-5.369322765421940397e-04,1.774111607699142468e-05
-1.702633130748516521e-01,-4.243664655177763201e-02,-2.865752132250465323e-02,7.326580564492716531e-05,-2.508622721096309682e-04,5.084877720290594005e-05
-1.269797801908019164e-01,-7.755895792640220276e-02,-6.973259431133449482e-02,-1.744122366920915820e-04,-9.415184722403081852e-04,-2.609092636285492532e-04
-2.122359939046865041e-01,4.995402325127268339e-02,-3.696117449895286455e-02,1.044379254511667611e-03,-2.024500468696260880e-04,4.171739306149071418e-04
-2.031799009915219792e-02,-8.877690652625448708e-02,-6.248681879123441085e-02,-2.017671778935155053e-04,-2.092967046434919542e-03,-2.271782576776761248e-04
-1.024395465524238352e-01,-8.450324368834662148e-02,-5.834319457365233497e-02,-2.135554245956440556e-04,-1.047317680339551055e-03,-4.330303455047862320e-04
-3.372263105598503063e-01,6.673976538864062613e-02,-6.741702153990458690e-02,8.765447624116897048e-04,7.447433567867502852e-04,8.877605460776690025e-04
-1.542985017609378451e-01,-6.741705751044073380e-02,-4.879096396571180883e-02,-8.086913079751183349e-05,-6.929844531631534910e-04,-1.283290075353883805e-04
-1.681338246341677334e-01,-4.830978268232680173e-02,-6.622043657276988071e-02,2.008988235722088296e-04,-5.730317846980199914e-04,-1.033620900362821585e-04
-9.237791755541022165e-02,-6.610884619232487713e-02,-9.057863681345579288e-02,-1.909776852982267466e-04,-1.385932926249951180e-03,-3.989013621284000287e-04
-1.505650517924879417e-01,-2.115613162119012874e-02,-3.453125607593188207e-02,1.636193709635275217e-04,-7.433389446010151003e-04,-1.085921596690415448e-04
-3.133881739317518345e-01,5.048020749735189494e-02,-4.099267947458007377e-02,7.372485172820219309e-04,9.426058831568089741e-04,6.829028833722919703e-04
-1.008747347705290925e-01,-5.732549354920769835e-02,-6.182229208533973619e-02,-4.827577318812221845e-05,-1.389937234356708462e-03,-2.983351764374047210e-04
-1.761147801285734560e-01,-2.036552778252708265e-02,-4.481580984017607960e-02,5.294048161659525593e-04,-6.869914799665158278e-04,2.613112710309005416e-04
-1.508991743900300331e-01,-2.712305903304652183e-02,-7.947411259055114918e-02,2.788763698192435383e-04,-7.956010753257421186e-04,7.806281760484404275e-05
-1.114284105613382037e-01,-7.542559216801993094e-02,-4.263628701770150187e-02,-1.669196455703239428e-04,-8.283910973365844754e-04,-2.035166027868094547e-05
-3.748135737452244487e-01,5.112334380232078090e-02,-4.312781392460163232e-02,8.524339580764091033e-04,1.342838643951413738e-03,7.930554192761156461e-04
-2.250749699165084106e-01,-2.743310947158426535e-02,-7.846962669449619732e-02,8.934210885571986123e-05,8.971673253529294234e-07,2.930512202912303630e-04
-1.607141747282498367e-01,-1.212579486398113887e-02,-4.892922784305087092e-02,4.113688097385108985e-04,-8.768025178517782625e-04,9.463401293310332106e-05
-1.497838140107621008e-01,-2.635048475668005930e-02,-6.608210231635647247e-02,2.078497050198694924e-04,-7.315099294374592664e-04,1.024306923590843915e-04
-2.847416292915208244e-02,-8.361676254490854610e-02,-6.026933999864669822e-02,-2.241899445522897542e-04,-2.021722572315330646e-03,-5.121515468365079021e-04
-3.506133296955555312e-01,5.994505215150729843e-02,-3.937583779307973764e-02,7.628556220330307697e-04,1.054938298405227667e-03,8.855076662077761241e-04
-1.986427187645799786e-01,-2.760658388629058310e-02,-6.831090768836722837e-02,1.169633672520281435e-04,-3.513185981430175242e-04,2.530269404536894924e-05
-1.692603836672937900e-01,-2.645235385810235443e-03,-4.122797391844890136e-02,6.599791864838795447e-04,-7.693499026187149148e-04,3.381710559650255403e-04
-1.231300424764145141e-01,-3.193480057802912386e-02,-7.056219158149290571e-02,2.775795883542173624e-04,-7.784576802863617251e-04,7.965527343209406015e-05
-9.203520228392510216e-02,-7.180762245759642060e-02,-7.914497757000305000e-02,-1.516591236183945524e-04,-1.375485637673794920e-03,-1.516706066452182342e-04
-2.666063818366305460e-01,2.880082192141733555e-02,-2.920966372967126468e-02,6.655553083444801232e-04,3.383651388915581704e-04,5.607764897444322090e-04
-1.833221766975562383e-01,-1.347271089681026553e-02,-8.674138642131534738e-02,3.854175884671099880e-04,-9.048654172744419188e-04,5.866148474238530998e-05
-1.551014721753281866e-01,-4.595537772963633610e-02,-4.307395229378085943e-02,1.869308468383369497e-05,-7.764130238006004825e-04,1.942579298060485686e-04
-1.365696590561796264e-01,-2.292986104087235688e-02,-5.793359936979713964e-02,4.393819900532067082e-04,-7.828070597763331362e-04,-2.531171681010491625e-04
-9.865132025965789309e-02,-7.030164714306845475e-02,-6.104851754214868365e-02,-2.026387319222790716e-04,-1.510457668368436757e-03,-1.067201039872985166e-04
-1.449830913631460216e-01,-6.548681980967866606e-03,-4.110386486053441146e-02,4.965473648533365227e-04,-8.627042558543608630e-04,2.836487586253839260e-04
-2.011579767837221866e-01,-1.336913412186624059e-02,-6.717537383871463597e-02,1.635160441045852703e-04,-3.835499057422073199e-04,3.704261546400900470e-04
-1.871295396208068618e-01,-3.653234523863314875e-02,-2.944406388884490688e-02,3.239532542919619246e-04,-4.098264212049253924e-04,3.806206503877443913e-04
-7.797958941127915156e-02,-4.998940738587956401e-02,-8.633097726134386640e-02,2.659751833904344578e-04,-1.540781458749307387e-03,-2.437697737677271001e-04
-1.021835079169040733e-01,-6.618330531955707308e-02,-6.133232552801226589e-02,-2.038821369735332751e-04,-1.440866757715177776e-03,-2.369045131915918363e-04
-1.543099094427486662e-01,-3.661196408690590293e-02,-4.643789657723207398e-02,8.732275070281797155e-05,-7.157897728709179674e-04,9.836689009910297107e-05
-1.583902804727964353e-01,-4.012932752523782481e-02,-3.561401551031329049e-02,9.217614309592965689e-05,-8.066409312347012917e-04,1.390168995275387715e-04
-7.643902962743552576e-02,-6.711711064081452016e-02,-4.203182656542070461e-02,-5.145011964221104551e-05,-1.507218551893434871e-03,-7.141212611418760970e-04
6.888023132145532426e-03,-1.235706458954601850e-01,-4.497176317568629678e-02,-4.763119883674799687e-04,-1.870216284851105443e-03,-6.877984232329029243e-04
-1.250949744181532874e-01,-4.175160169782710096e-02,-7.932729107441449656e-02,9.055607194693505481e-05,-1.289665949309008741e-03,3.140092372529550428e-05
-1.697852294822799479e-01,-2.431976555729151168e-02,-6.343911300351701144e-02,4.191806117460230956e-04,-7.280494452576516395e-04,2.911062389323337309e-04
-1.763091359879988274e-01,1.279559144238755566e-02,-5.656284212127715705e-02,4.809413501326601989e-04,-7.225217487829005414e-04,2.047432766259045978e-04
-6.513043998909259780e-02,-5.352377816733344673e-02,-5.655184278860625469e-02,1.466128356699821726e-04,-1.553874918994207349e-03,-8.690440122360293244e-05
-9.461771928546695853e-02,-5.418312726538734164e-02,-6.150489285362858993e-02,5.279076254058432012e-05,-1.241009567955770471e-03,-6.316194148266453495e-05
-1.965394298049316368e-01,-1.134560291545875718e-02,-6.482365392536215687e-02,3.727643173598216200e-04,-5.914971991658503347e-04,3.056282127338804874e-04
-6.993303096050307310e-02,-6.354614086032091269e-02,-2.593386962718979838e-02,-8.165939075357856770e-05,-1.372775819644754536e-03,-5.096774107998159773e-04
-1.486324523814157583e-01,-6.023505656741758377e-03,-5.183040114845050006e-02,4.462650915218438659e-04,-7.943084430456978651e-04,-3.438269642170282807e-05
-1.794272540799560917e-02,-9.388066486950517875e-02,-3.705126799526947678e-02,-2.806664629489883343e-04,-1.778584922248568900e-03,-3.198630846273859199e-04
-7.647125279144671717e-02,-9.656681107451337009e-02,-6.568378877749503353e-02,-2.363278553067179634e-04,-1.343277340953082100e-03,-2.802873658677340531e-04
-2.172304427033288632e-01,-1.846654552251993792e-03,-7.593490585681506033e-02,4.173354690855618585e-04,-3.052917537698738443e-04,3.063472418167524397e-04
-1.014448510966700634e-01,-7.548663075794752320e-02,-4.088455271490687437e-02,-3.747577165089299635e-04,-1.077165084089896224e-03,-2.459422238517020107e-04
-1.992747133440389007e-01,-2.076470036245948309e-02,-4.503112240836038005e-02,1.547969513666163591e-04,-4.274963509066295742e-04,3.459026239737662475e-04
-6.660705560196920894e-02,-9.663023756327332459e-02,-3.914209846142213678e-02,-2.548668967828457595e-04,-1.482955087404730365e-03,-2.006317205649532968e-04
-1.023009306334111551e-01,-6.210149418449537051e-02,-6.588266866022207680e-02,5.992035826133919676e-05,-1.162709835042081974e-03,-3.505441237081114597e-04
-2.014168329650259937e-01,5.001577012395118024e-03,-7.705041053951333652e-02,5.056693132144604846e-04,-5.719028322194175118e-04,5.536908839534972248e-04
-9.040392505474939555e-02,-6.340868412180133973e-02,-5.297293297235228238e-02,-2.423392652259089963e-04,-1.237239744490976900e-03,-4.023419384781362970e-05
-2.522238211323888923e-01,-1.469618075169180568e-02,-6.066760586616748441e-02,3.726198269946214697e-04,4.779536232543506180e-05,2.969721995762646420e-04
-7.490939204404149787e-02,-3.217273585786087353e-02,-5.070578695098792998e-02,2.160597385233358012e-04,-1.543879850717775476e-03,-1.143850364755306140e-04
-1.663398736264179167e-01,-1.591632954837728792e-02,-4.487524928591257734e-02,3.566566585404915696e-04,-4.578503553427232253e-04,1.118621042972634466e-04
-1.010973356503713366e-01,-8.331037353235863641e-02,-8.955303698305860927e-02,-2.422582536826523286e-04,-1.596824365086287750e-03,2.343025773490521732e-04
-6.003861235991982820e-02,-3.243546888001697798e-02,-5.581400663449209709e-02,2.055382197166965609e-04,-1.510674762347369304e-03,-1.171936019105334741e-04
-3.519288327705362152e-01,6.194458529896121335e-02,-6.094833842482194619e-02,9.231986532018451180e-04,9.900747650324493582e-04,7.704531926158510484e-04
-1.099364223780683741e-01,-6.067916450695749753e-02,-4.975506272790641837e-02,-7.416296066680631675e-05,-9.677650287734755608e-04,5.896984119952043143e-05
-1.587732894339786982e-01,-3.171031416088754967e-02,-5.729752775398488929e-02,4.497882422152201139e-04,-8.012655450609779129e-04,8.462046344136880374e-05
-1.250341376936628945e-01,-2.628743717335493141e-02,-7.518795746123374535e-02,3.269657283079758017e-04,-1.299449955379110289e-03,1.952395520191057654e-04
-4.350622265751966089e-02,-7.613173472475172343e-02,-6.812810263913759989e-02,1.551157095732889554e-05,-1.756551188415955006e-03,-2.877272125576391787e-04
-3.041133922517791910e-01,5.942829051370146498e-02,-3.488520747573842229e-02,8.882505087184880584e-04,4.304812339784459124e-04,6.799916277879263686e-04
-7.445706119565098646e-02,-1.012916065941355248e-01,-5.994118940440928966e-02,-2.780120536809110691e-04,-1.362360000272597876e-03,1.213955332912077016e-04
-2.322329086582449464e-01,1.928727515515023944e-02,-7.810745728960388767e-02,6.236071582475144655e-04,-3.674136603905118342e-04,1.341615730616504520e-04
-5.853115425727460630e-02,-1.225730008809269161e-01,-5.281669236060348993e-02,-5.072986081716597279e-04,-1.460121028054504888e-03,-3.987639232096160179e-04
-1.650473413564635394e-01,-3.139891453670842769e-02,-5.527255359892269126e-02,8.106185784674123547e-05,-7.523481873820576926e-04,1.003456171261535941e-04
-1.008133473527052515e-01,-6.297209072259213336e-02,-2.352380853033508856e-02,-1.272616451796493298e-04,-1.287033244220237710e-03,-2.938286489535612035e-05
-1.774281495669026987e-01,-1.966191975216792509e-02,-6.052047141381478035e-02,4.716460281966523057e-04,-4.666059367756398429e-04,2.046179874462470392e-04
-6.477285311199136933e-03,-5.699132437802284512e-02,-6.872903598244106682e-02,1.150885279327378431e-04,-2.437647038909022956e-03,-2.514105076593939401e-05
-1.440756936318497439e-01,-6.823169855341526535e-02,-5.411617679650371215e-02,-8.554905430257402424e-05,-7.504777205986357114e-04,-3.072335929544049412e-04
-1.405316588236797393e-01,-8.919235131218347656e-02,-6.584786827076283267e-02,-1.996720964116465921e-04,-8.727484897154552668e-04,1.296089117547409304e-04
-7.673285678873964510e-02,-6.440483127878102176e-02,-6.622332096733019036e-02,4.520347531976917459e-05,-1.472542598046067824e-03,-3.481191866223925938e-04
-1.620173822699658428e-01,-6.965787835435355638e-03,-4.335592331699533730e-02,4.920112391079087006e-04,-6.434254252223221837e-04,4.441195474230278956e-04
-7.621857887234186058e-02,-5.305430064648113120e-02,-4.883606357560399402e-02,9.104359390112561415e-05,-1.574957424942659279e-03,3.690663740303814214e-05
-1.213780792254915558e-01,-4.756568946963359024e-02,-6.425149741546754001e-02,7.086695367793647594e-05,-9.094896273029035028e-04,-9.845777769866662392e-05
-1.274533566193034040e-01,-4.495322035080512313e-02,-4.056456248935713660e-02,7.983630898178981951e-05,-9.618126581446943824e-04,2.246006081134335300e-06
-5.872404738399991664e-02,-7.799434246358095957e-02,-5.188761790091422910e-02,-1.653311247591408503e-04,-1.592761664628794538e-03,-2.471992825253252132e-04
-1.847808429701966459e-01,-2.168166073420217665e-02,-3.687231091559550755e-02,1.679936571759381957e-04,-4.959428607705582137e-04,1.399194611044031814e-04
-8.719148009468942473e-02,-8.816441117447125497e-02,-4.302665656589987897e-02,-2.981156063601750165e-04,-1.481337148942944021e-03,-1.418327813310954651e-04
-7.559232861655525160e-02,-6.772056594792780215e-02,-4.955182542276359570e-02,-9.885513513358261568e-05,-1.291376475229203541e-03,1.259902485291322596e-06
-1.297915172330711686e-01,-7.425444310224683930e-02,-4.631397845622697851e-02,-3.185286033875016354e-04,-9.720554325530379736e-04,-7.364978549998988083e-05
-9.253423509339803177e-02,-9.199108207867022491e-02,-6.366464807202976139e-02,-2.224226798148085105e-04,-1.354771382084857950e-03,-3.103552568551912563e-04
-1.428134375993374283e-01,6.451521069195907676e-04,-5.261658447808037486e-02,4.334777602941286903e-04,-8.374717194119946084e-04,6.342474918749793601e-05
-1.074155808240950284e-02,-1.150461420357076076e-01,-8.458058398987411408e-02,-5.068391424398223377e-04,-2.183238694147562886e-03,-2.005558800864990594e-04
-1.315641726290373292e-01,-4.441260880616428042e-02,-3.736603268373794862e-02,1.335332474731774997e-04,-7.699758504687986838e-04,4.594339369360729330e-05
-1.432194083110418792e-01,-2.944420364868632206e-02,-6.083044398299852773e-02,2.844012412494870655e-04,-9.750017480158919281e-04,1.300420973830285340e-04
-1.388016738809305650e-01,-1.783152721913750655e-02,-5.088349668982350416e-02,2.582535791763953831e-04,-8.146372827074199741e-04,8.552813872385882810e-05
-1.842315648292603691e-01,-1.208997132506179836e-02,-5.408989971180955258e-02,2.574065302554516977e-04,-5.910254418832784629e-04,4.282865228618818821e-04
-5.700578907849289390e-02,-6.473081850744077936e-02,-8.275816102233179983e-02,5.766308414766876597e-05,-1.730416982411702581e-03,-2.294133352329653637e-04
-5.621609492920828094e-02,-7.894469626038151666e-02,-6.461451596585243706e-02,-4.855807465382520026e-05,-1.465852431088869590e-03,-4.124764435700354649e-04
-1.454707544125832253e-01,-1.435082928829113300e-02,-6.188836582822054844e-02,5.191845261625957064e-04,-9.235086264660005706e-04,3.791241074385079575e-04
-1.703842740234852438e-01,-3.272652955378817924e-02,-4.851875955534890039e-02,1.996419875631215250e-04,-3.572581775076397181e-04,-1.211889981315621763e-04
-1.951731352367405414e-01,-2.767771350863992147e-02,-5.176460949395234046e-02,1.534992808007473210e-04,-2.245093635771470281e-04,4.164263004920452688e-04
-6.927559542479359844e-02,-4.329850027876350205e-02,-7.629134209852828086e-02,1.117394956551788152e-04,-1.463895200569449717e-03,-9.856584021749604499e-05
-1.328954937092435562e-01,-5.486418285542289663e-02,-3.959050498412031160e-02,4.959320787467245625e-06,-9.132114397620155755e-04,8.606693934198345476e-05
-1.822232170446570210e-01,-2.590043293758878540e-04,-6.880580069683328581e-02,5.897590808625586493e-04,-8.487196525236925804e-04,1.857456195982714437e-04
-1.400901270928376907e-01,-8.831658825702153048e-02,-5.727244044676793600e-02,-2.458233845608662725e-04,-6.200856168947985192e-04,-1.424064868749973006e-04
-1.183987867132623995e-01,-6.908449755322366992e-02,-2.201318357866921538e-02,-1.572697881415852268e-04,-8.764877403440937687e-04,-1.357230339996378233e-04
-4.849151714220078374e-02,-1.015032516404533736e-01,-4.966166364099722230e-02,-4.448297692169022981e-04,-1.543571100381578576e-03,-6.001940641743169769e-04
-6.473647910610179357e-02,-8.885123177088352642e-02,-5.067440245617627070e-02,-3.152485881475820297e-04,-1.440283412163460147e-03,-2.376496262782149579e-04
-8.302807469729636680e-02,-3.848307545629923998e-02,-3.844393964935455266e-02,3.001485976794815089e-04,-1.249825284221819238e-03,-1.873929841643633172e-05
-7.104445377131740624e-02,-8.757316953112863345e-02,-6.744533257309437424e-02,-2.449262682144009041e-04,-1.654346757261896533e-03,-3.188916040541212368e-05
-2.855211500189936552e-02,-1.196597980471555828e-01,-5.714149634689347224e-02,-6.549899373344009873e-04,-1.974289809891179026e-03,-4.093938113659932468e-04
-2.556768251510180834e-01,-1.700483032389264043e-03,-8.091677718361944827e-02,4.918494047059566131e-04,-4.386229023396401305e-05,7.086621402646596816e-04
-1.243109113884140055e-01,-6.183378018724356578e-02,-4.379173458976426403e-02,-1.871945080060501056e-04,-6.658965198160088361e-04,-4.683852220717831449e-04
-1.492199174910290027e-01,-1.601376523994746393e-02,-6.445581826299462413e-02,3.822670858890534016e-04,-8.368865934703893783e-04,3.349878372803877864e-04
-9.819571378302605069e-02,-4.692381740376883742e-02,-7.019773671482054667e-02,1.691362189794667903e-05,-1.151198722822949910e-03,1.419238787594335636e-04
-1.032429783352052793e-01,-7.506468605783070402e-02,-5.124456461003612517e-02,-8.340059659460268005e-05,-1.110901258955562798e-03,-2.057806984978618778e-05
-1.145071897579868214e-01,-8.596274487587766966e-02,-5.004933083234708313e-02,-9.948329235597084923e-05,-1.043905420694653946e-03,-3.382723913872410604e-04
-2.130335645316796811e-01,-3.030112715649256258e-02,-5.125585821541100984e-02,3.293538900336829330e-04,-1.893374916938639352e-04,2.922042314827705159e-04
-1.173375218249914087e-01,-2.134842504112358097e-02,-5.656779004861256510e-02,3.393677020012296399e-04,-1.211450914669932877e-03,1.288452614886649399e-04
-2.904076570253807943e-01,5.519077888650587849e-02,-6.098538670690234476e-02,9.907189430728945406e-04,4.148757444603825423e-04,7.742367510915220720e-04
-1.386669492890477140e-01,-3.478956733878266899e-02,-5.488481601450301284e-02,1.385454244687063952e-04,-8.893987023538794945e-04,1.180476429826540617e-04
-1.600326869247530315e-01,-3.736816980776525021e-02,-4.920551427139008283e-02,2.522148521260469782e-04,-8.674756103438374666e-04,2.463327569816341876e-05
-9.690926562524344867e-02,-6.320098052152393897e-02,-4.972169853259145178e-02,3.679221932229850486e-05,-1.188505154150282239e-03,-1.920236147911640371e-04
-2.144497551571876437e-01,-2.627376266946408745e-02,-4.130835240028662980e-02,2.325150258459262893e-04,-2.482859392423705097e-04,4.820988683632030443e-04
-3.127453703366255694e-02,-1.047913361059002596e-01,-4.219139557739137736e-02,-6.251784488923511299e-04,-1.824667288542278915e-03,-1.737220864401437946e-04
-1.925218796507295604e-01,-2.732274965935038019e-02,-3.570456183097769909e-02,2.404435660674035784e-04,-3.001307727400776698e-04,2.747077100603454933e-04
-1.060761191986682311e-01,-6.554407166239228921e-02,-5.527932364440224511e-02,-6.052557711605857649e-05,-1.241292670399320869e-03,2.445625699690773410e-05
-1.022257676769301182e-01,-7.499617148771919872e-02,-5.144864350090894156e-02,-1.240099834673197461e-05,-1.240941404719222291e-03,-2.211156410643434821e-04
-1.183432992108331139e-01,9.311628769762495678e-04,-5.291578459706847148e-02,4.327382445675311603e-04,-1.040148821526965667e-03,-9.844661003599967377e-05
-1.730857503977009937e-01,-5.609972138444645207e-02,-4.389691041626009316e-02,5.737267680213948423e-05,-4.388650574901481471e-04,1.886956311399055647e-04
-1.150239428840833106e-01,-4.240685754497223320e-02,-5.403303320210017802e-02,2.600990843887344625e-04,-1.051543224241929114e-03,1.392251666440202614e-04
-2.028103487251286391e-02,-5.744980911452194500e-02,4.360578666451342400e-04,4.349361171957174567e-04,-1.865800439204697708e-03,-2.519905424964833957e-04
-7.033984482414834538e-01,-3.271033196694608236e-01,3.740665996904946056e-02,1.842531405750197230e-04,7.202039076202589735e-03,-1.667075321410708608e-04
-1.437117562080505451e-01,1.410266362274273932e-01,-5.613723200404119318e-02,1.527685256896195703e-03,-1.383122880767070906e-03,-3.893799086642344863e-04
-2.950226174310548455e-01,1.156562108214832102e-01,-8.417715445730578061e-02,1.916103027518459029e-03,1.533125735829445752e-03,1.244559322403230315e-03
5.225237484707868224e-02,-1.013248439160209236e-01,-5.775027931708254236e-02,-8.681984252414849668e-04,-2.656631927943482047e-03,-4.587295903693245584e-04
-7.745206188130480951e-02,-1.198708787091290751e-01,-4.020322965034606177e-02,-7.353037897402762979e-04,-2.398256960997512122e-03,3.987647371739647941e-04
-1.130659141337717610e-01,-6.626891546642089958e-02,-4.229664747809480652e-02,9.995236143688383465e-05,-5.244878772114307947e-04,-1.662012052773662756e-04
-6.734437722498973211e-02,-3.166763508052355958e-02,-1.817566581425422712e-02,4.386222572002819627e-04,-6.002428567541961968e-04,-1.989654701529067898e-04
-3.643298768205271432e-01,1.024252539712269955e-01,-8.722328257690104003e-02,1.019619585567391922e-03,7.889854144704482736e-04,1.132849176928716478e-03
-1.698727553189320061e-01,-1.622231966603336281e-02,-6.302716231137450720e-02,3.561798445758511834e-04,-1.208363120013104114e-03,3.083087049015687865e-04
-1.569090228977725598e-01,-1.697014277523081066e-02,-7.743933377958422959e-02,6.414224728930094724e-04,-8.687107974898120033e-04,-1.504312576746457775e-04
-2.291483006553522161e-01,4.684150320855305638e-03,-7.578720366063285141e-02,4.218979293163244854e-04,4.602268406152243418e-05,8.570387362912855532e-05
-9.111883918865021359e-02,-1.406870946128171984e-01,-1.794727606997637004e-02,-6.158180596745608300e-04,-9.791561086283373516e-04,-4.823187793382050534e-04
4.559107356313821247e-02,-9.496916693392602749e-02,-1.081553496225007294e-01,-4.261782119356293495e-04,-2.460035961990616679e-03,4.805275919802656857e-05
-2.174979568534148311e-01,-6.578623174001310692e-02,-7.971000197200028836e-02,1.121853388326807689e-04,-3.996408690477985456e-03,5.061847449513681881e-04
-6.854562034206145293e-01,-2.308611663901499744e-02,8.269260208868356443e-02,-3.690305371530169538e-04,1.120404766678381042e-02,-1.772587189185633252e-03
8.074916706250543363e-01,1.161737288488869368e-01,3.518631377040594144e-01,3.865725238088345891e-03,-1.365596442346946049e-02,4.197370804701032986e-03
-1.052274198736108168e+00,1.169214519896180360e-01,9.326717175678345129e-02,7.834141208373535418e-04,4.355816839796650825e-03,-1.992832721541764641e-03
-2.328421558985200868e-01,6.565699536707747530e-02,-3.310665115660555990e-01,1.686057592963469045e-03,2.427157852339149879e-03,4.051256509939891244e-04
2.913742941146689192e-01,1.024604280994095284e-01,-5.533678369688637133e-01,-2.376093795052568181e-06,-1.668735827940750691e-02,2.075308007428853640e-03
-4.130829920670520128e-01,-2.804132370300359972e-02,-1.118091659893334366e-01,-6.379570423600071892e-04,-2.534061329436867321e-04,-1.235979254468135913e-03
-7.439177929663817190e-01,-1.768786551524832718e-01,-6.711174026000588100e-02,5.963054280585468239e-04,4.995834201221314996e-03,3.755176558182541573e-04
-1.171474968084188634e-01,-1.075287244757537064e-01,-7.713688895856329886e-02,9.565626861987846369e-05,-2.095116979326159395e-03,1.212006384301249524e-03
-2.952495202547005676e-02,4.362326769512918367e-02,1.347453941951703982e-02,-2.276982367138127503e-04,-5.554598020270033049e-04,-8.280970180336620710e-05
-2.461861300229335470e-01,-9.247814208824509108e-02,-1.428445787729160088e-02,-2.272711571187360172e-04,6.062801233137678908e-04,-8.928416103030936105e-05
-1.181952853787757857e-01,2.503290324775546416e-02,1.016806392441926832e-02,1.404764040667771854e-03,-2.841185589930114719e-04,8.758255393622939745e-04
-1.017985269495708528e-01,-1.646841322336494440e-01,-1.722605433218116211e-02,-1.310079216866556415e-03,-1.550460718683539796e-04,-5.286328430173123328e-04
-1.662902093591726305e-01,-5.105992595321005162e-02,-6.284458922116420432e-02,-9.439753932093987443e-05,-2.634156839386413151e-04,-2.987467179022720962e-04
1.779139384445553584e-02,-4.931178030910843280e-02,-7.114002649102535436e-02,4.263369570535566633e-04,-2.361766268867991625e-03,-2.432386994928101282e-05
-1.513781158785873493e-01,-7.696884513347140855e-02,-4.275982894586816130e-02,-2.209338476476261151e-04,-7.643863796935566890e-04,-9.664873615310380758e-05
-1.621546546961588897e-01,-5.354176362656678373e-02,-8.476058551189624701e-02,-1.149575261400080303e-04,-5.208440277834295445e-04,1.298399368510253882e-06
-7.969669585846088367e-02,-2.520410494096158791e-02,-5.024717349794016741e-02,3.037723935586048724e-04,-1.164939948494255612e-03,-2.940586174349212338e-05
-1.017953281829460238e-01,-8.862165030949910316e-02,-5.343145779035829435e-02,1.860800067010205238e-04,-6.836989939529268534e-04,-3.075844829996551518e-04
3.092511091666728940e-02,-1.305063404963599794e-01,-5.428580824607287525e-02,-1.006233009888836318e-03,-2.344436155931946264e-03,-7.175907673841558322e-04
-1.520268819813753725e-01,1.463670052922769194e-02,-3.593525774501404868e-02,7.720092022849445873e-04,-1.294433504250586814e-03,4.576654591866634683e-04
-7.985047205473973231e-02,2.599595897247976121e-03,-7.047695010681165328e-02,7.273120597911461333e-04,-9.041843615419029034e-04,-7.446886537697998756e-05
-1.734895420475735528e-01,-1.277580791782823855e-01,-5.822536951519707848e-02,6.253780893759755891e-05,-6.256040345391095103e-04,3.481352058117939989e-04
-3.071654418287832200e-02,-1.246275653196267652e-01,-1.547620077674172201e-02,-7.844076640247349234e-04,-1.562884583533891841e-03,-3.291707358617227872e-04
4.233880829485275193e-02,-8.426478517248763012e-02,-6.361104812115092599e-02,-6.638140018153505881e-04,-2.284123519693998655e-03,-7.395909619684497066e-04
-2.258053916717744358e-01,3.934889521100554122e-02,-3.391755716205224758e-02,1.014095401996745367e-03,-4.506629212005282964e-04,4.979098127108389947e-04
-1.018173392507106118e-01,-6.162850948961859365e-02,-8.299255917998071830e-02,-6.584614135056107709e-05,-1.449360809497545616e-03,-5.230065501032637765e-05
-1.312365405779652994e-01,-8.745106926636284084e-02,-7.004732274805625103e-02,-5.104153698025405434e-04,-1.220209009713011522e-03,-1.842115127645085491e-04
-7.196520042777367066e-02,-7.844713102385444947e-02,-7.046593002931755834e-02,-4.457824606463099779e-04,-1.306824501989191367e-03,-4.747017158339534269e-04
-5.882054496140673439e-02,-9.043788875042296782e-02,-2.659588808806256921e-02,-1.535644499770969472e-04,-1.682086948438164115e-03,-8.480864258419831337e-05
-1.794075304343440425e-01,-1.591218543433680147e-02,-4.331527757926334488e-02,2.872712647840032843e-04,-7.982658128228292682e-04,6.336268308476265734e-04
-1.025540378582326523e-01,-7.345424046227819193e-02,-7.145943067770743617e-02,-2.223555788271149632e-04,-1.500533973470802307e-03,2.259209058375535450e-04
-1.446485605038426714e-01,-1.566649703240170430e-02,-7.788443901230546196e-02,3.936854696299076171e-04,-8.960450389397869864e-04,-2.788108142743192454e-04
-9.414822868961796043e-02,2.589787858770246226e-02,-6.224172034437192025e-02,6.559971448269106241e-04,-8.253190981590136088e-04,-6.362814257975172964e-04
-6.170507710635522725e-02,-8.523951971597311383e-02,-5.042506913791666712e-02,-3.083988780065356240e-04,-1.239181413203858939e-03,-1.362912409658367753e-04
-8.426523014939766437e-03,-1.080265698964306131e-01,-4.052447264310221620e-02,-7.304624601552906892e-04,-2.354575215720786097e-03,6.152048700518622623e-05
-1.435781601100922511e-01,-9.986092962575169110e-03,-6.218772269419892140e-02,2.580493852832157001e-04,-7.328567697093488209e-04,-8.034925797220745147e-05
-5.340700299509136550e-02,-9.530196328912836357e-02,-5.367624469106258012e-02,-4.120874946748486096e-04,-1.804786706766460525e-03,-2.367768640874893702e-04
-8.204296466004154520e-02,-3.943150302097771925e-02,-5.469958787920359278e-02,5.073854723499715905e-05,-1.201410319128459747e-03,-2.506581900478046534e-04
-1.004566464638661227e-01,-7.259167880495372149e-02,4.249465246827455189e-03,-6.602052097729577650e-05,-1.379247524484056991e-03,3.202029998868683521e-04
-9.043022544201262392e-02,-7.880913882050627484e-02,-6.214405817643431362e-02,-6.883988187808792562e-05,-1.395103650152940133e-03,3.134679935180496218e-04
5.298197000009486485e-03,-1.103425434074843947e-01,-2.084737331934349847e-02,-1.398877931679928712e-04,-2.578701238951486285e-03,7.247505321252497592e-05
-1.437961067911212310e-01,5.155450909616766941e-02,-8.204523264459351317e-02,5.303582916222839179e-04,-8.998012620165529718e-04,-2.666502123084884472e-04
-9.586949036313949235e-02,7.931545241922369205e-03,-7.349404714995322330e-02,8.396686744201573190e-04,-8.396471455165664677e-04,-4.182772133888842470e-04
-7.274621501880305929e-02,-8.327208236527461338e-02,-3.778824838045702350e-03,-6.653256222737382111e-05,-1.888195310956238687e-03,7.725537365314435155e-04
-1.710971160228504928e-01,1.531074198381394101e-02,-8.568067110261545771e-02,5.344054588390790943e-04,-5.666856625608437947e-04,2.156423436392381247e-04
-7.074093292049142556e-02,-1.036069979317454925e-01,-3.096472849316689313e-02,-4.313320961986119931e-04,-1.590252342883975017e-03,-2.897004110386089057e-04
-9.073146167536394469e-02,-2.096735545879418669e-02,-8.352676421096716375e-02,3.527974139506586532e-04,-1.389913711150332631e-03,-2.875073373417033422e-04
-2.462508893016800669e-03,-8.811971416792445388e-02,-5.403245263842304524e-02,-3.874863331814314832e-04,-1.878988326736316661e-03,-4.382185764855367547e-04
-4.870939998678474464e-04,-6.214548439214375580e-02,-7.040309116531262568e-02,-5.238674315087132188e-06,-2.225539203206502309e-03,-3.301106576513272717e-04
-1.377567043937540370e-01,-4.443019707052468792e-02,-6.798509260429974610e-02,-1.057486821963154067e-04,-1.014250956028157208e-03,-3.522935582636914018e-05
-1.311061574606099955e-01,-4.621527521319474668e-02,-5.910757430672597401e-02,1.452962797360911155e-04,-9.787818169520456912e-04,-3.063897875142413286e-05
-8.342423754651183410e-02,-5.959793398562975714e-02,-4.565582566261361386e-02,4.236443532608532257e-05,-1.607101482001015158e-03,-2.661625040484912904e-05
-4.700243563499587052e-02,-5.943326893805359057e-02,-5.607473048016098360e-02,1.573864305012666071e-04,-1.710105975583988552e-03,-2.572513714044656207e-04
-3.971805832634493078e-02,-1.368407530697786090e-01,-3.858565408193204149e-02,-5.297721858237079522e-04,-1.779253976504979046e-03,-1.209949664641572396e-04
-8.127006617241167019e-02,-7.910181647376660075e-02,-6.513128833626891101e-02,-1.295997610625649558e-04,-1.501343493973763404e-03,3.542010985534892686e-04
-5.413787079765392668e-02,-5.831490187382456364e-02,-3.867315995392073269e-02,-1.685148077384132984e-04,-1.915353747529725467e-03,-1.507157060823098311e-04
-1.440511505190501251e-01,-2.035722110727680029e-02,-7.461468583079211569e-02,3.182794012589703660e-04,-7.925347181641055616e-04,-1.369219990788763232e-04
-1.206020471880313305e-01,-5.966964226311070874e-02,-5.312119323146458072e-02,-1.450903862920587331e-04,-1.097410211944984185e-03,1.281395200809972985e-04
-6.648500970451447223e-02,-5.868935183496172547e-02,-9.498487248841924746e-02,-2.156985965609699556e-04,-1.835417870837212015e-03,-7.847598954045654877e-04
-8.492638479494846182e-02,-3.550501765898379097e-02,-4.996045575410867912e-02,1.501664665873728762e-04,-1.328593435678359150e-03,-4.189046663097050014e-04
-1.368787205018449082e-01,-7.358945566900482183e-02,-5.611379560987317383e-02,-1.379167634036218646e-04,-7.017899555782445425e-04,8.449494806495865960e-05
-2.400470148459789288e-01,6.286998717978664608e-02,-6.782885593723753104e-02,9.531091900047521104e-04,-3.743504341974582261e-05,3.906514521616545241e-04
-1.655874298580584381e-01,-7.618474449815718086e-02,-1.814499392883939244e-02,-4.894378458414382418e-05,-6.048593505561909722e-04,1.402749299978318562e-04
-8.593139399877630646e-02,-4.917343550129174568e-02,-7.498538925523590137e-02,1.502989337989679361e-04,-1.184634034548874559e-03,-4.077170626588276026e-04
-5.780552232662067302e-02,-1.531342710515453120e-01,-7.713560815666653525e-03,-9.536926699382627590e-04,-1.557908336370877542e-03,-4.319179332358342917e-04
-7.262611976757266108e-02,-6.737749894950928464e-02,-5.451609516840294489e-02,8.747882888519267937e-05,-1.282968650543192882e-03,-2.746313965748971688e-04
-1.135446805889989141e-01,4.476054153349826037e-02,-9.080447960939452834e-02,6.637373981327032019e-04,-6.265219734640468940e-04,-1.043554349105791480e-04
-4.094895224648529841e-01,5.037749255017513750e-02,-8.303593851852331120e-02,6.915464824123638762e-04,1.673205254352405982e-03,5.290377578774359355e-04
-1.894865431416368762e-01,-1.134039957872330640e-02,-5.239908923704694743e-02,6.737509388732988540e-04,-2.284948319602707334e-04,-2.775916764790220970e-04
-5.951618102877129224e-02,-6.810067163291902426e-02,-1.105760136120648163e-02,-4.869991848519285814e-04,-1.761561838000332350e-03,2.891149759511551067e-04
-1.878321814889381547e-01,6.737449483421779906e-02,-8.192215110676381862e-02,9.850578067771549682e-04,-3.541818789213023455e-04,-3.426017250759540254e-04
-1.913015318247639485e-01,-6.295203066253378388e-02,-3.656323574241704399e-02,1.011780245051294245e-04,-9.326088590568219067e-04,5.745857701610855833e-04
-3.044291740655623579e-01,9.724885583293964297e-02,-1.294686486997211894e-01,1.276295888774082099e-03,3.832401765114373804e-04,7.784849090237980232e-06
-3.699722074664006655e-02,-1.045657327283852078e-01,-4.028852115671388567e-02,-8.032067613742244032e-04,-1.956595350760136423e-03,2.018673081216551134e-04
-2.053648435086478929e-01,2.313685017279628470e-02,-6.410163307692196000e-02,5.394876924223513965e-04,-7.014112337418512699e-05,-1.851492826505181968e-05
-1.759844616917183857e-01,-3.872774707109212511e-02,-3.985913286632492003e-02,4.027160100962196617e-04,-4.908513778600319399e-04,1.416774394177895008e-04
-2.184697370689230589e-01,1.886348912833158906e-02,-8.308546760043511448e-02,2.185114191051670297e-04,-3.068497295218887422e-05,1.186493791300124545e-04
-2.120309742470148917e-01,-8.827382139232474445e-02,-2.893248428224137747e-02,3.028570163031687936e-04,-1.511462245066680365e-04,3.117431315117319109e-04
-1.451303665783922059e-01,-5.249308404465266586e-02,-4.176549257584238894e-02,7.433170055718232340e-05,-6.446245437167815590e-04,-1.276659770582177849e-04
-2.109607983308433854e-01,5.623057773298587025e-02,-2.935558727468823292e-02,7.884750856154807037e-04,3.156851210391227458e-05,3.247793735159139198e-04
-8.270356970120931739e-02,-8.584207149241740442e-02,-1.313414004558710602e-02,-1.320139363560105753e-04,-1.390271980698808835e-03,1.944403522908312067e-04
-2.914443321830882949e-01,3.919895616055359133e-02,-7.687855778832886067e-02,7.852865992575971607e-04,9.746136443804717664e-04,-9.522013345866225270e-05
-1.713939189413730690e-01,-1.034334182752758985e-01,-1.009924349923951858e-02,-2.305367873423464203e-04,-5.237028368210751295e-04,3.090736981916854969e-04
-5.461362332272156478e-02,-7.137186877491740952e-03,-5.056372175059298257e-02,2.055078263475441664e-04,-1.595301709501709478e-03,-4.145857405153643895e-04
-2.075823138701338721e-01,6.588185545469718574e-02,-5.655918372625134971e-02,9.649532862705536510e-04,1.382702903323981131e-04,2.859927750414085427e-04
-1.009574011759055423e-01,-1.045240241105244300e-01,-1.358504388132009133e-02,1.431637226348030957e-04,-1.408152028113148282e-03,2.608714751188226789e-04
-2.515020983359930185e-01,-6.872158660974103661e-02,-2.493103109276684215e-02,2.916816389619163782e-04,2.746231305758139313e-04,3.598076561771255131e-04
-2.515144865435297097e-02,-6.921254012913943821e-02,-1.350353886469002340e-02,-1.567692653747210750e-04,-2.084452164002050314e-03,3.026704179005385020e-04
-2.248580904513055312e-01,1.115741928968979335e-01,-1.045259702284229153e-01,1.021917943032324113e-03,8.680688940700467815e-05,-3.255573076765156944e-04
-1.409284766245689768e-01,-7.996619638266830310e-02,2.573403014158892610e-02,3.789290634566178529e-04,-7.997634983698681532e-04,2.713322733915509853e-04
-6.300875830116099696e-02,-5.634599980967457816e-02,-4.407768144241730468e-02,-3.452999317935369437e-04,-1.685884094887688325e-03,2.205370418443364060e-04
-2.234667556668191168e-01,6.236996458164278945e-02,-5.367850984470678988e-02,8.510253641407794240e-04,2.118571074967382645e-04,2.731447440265139212e-05
-6.965635857405871878e-02,-5.890867685538202225e-02,-4.568747297432906862e-02,-2.529168920731791632e-04,-1.422171396376625818e-03,3.799685297883820061e-04
-1.469463268768436415e-01,-3.351811566588895619e-02,-4.413843506640557912e-02,2.677049065320557045e-04,-9.064287745694146053e-04,-1.248860804579626630e-04
-1.067670494527690611e-01,-5.969771295518010168e-02,-5.676560875731162525e-02,-4.160737792153219178e-04,-1.320132844893392998e-03,2.059860803250583073e-04
-9.536802661016695326e-02,-1.131567356058104795e-01,-5.142166626092525838e-02,-6.107905876290256782e-04,-1.345305833791013428e-03,4.424755456085724902e-05
-1.041448826974141345e-01,-4.370955709849985368e-03,-6.982354513554867026e-02,3.304242238704572805e-04,-1.537691059231738322e-03,1.301943799533966065e-04
-1.453344738466857133e-01,-1.470001480279439499e-01,-2.480807202363188857e-02,-5.259769598263740274e-04,-6.221279929135535569e-04,-1.729377190005550358e-06
-7.427810306341520175e-02,-1.028761209547329331e-01,-3.474530917309048839e-02,-6.891137213876844924e-04,-1.754954141150604635e-03,1.507993143559686552e-04
-1.748817514763998660e-01,-4.491822423909395262e-02,-7.730824669851577013e-02,1.382859852390109622e-04,-5.082916979730154466e-04,-2.308823344431056723e-05
2.118734551380290973e-03,-1.454635184734998088e-01,-1.483650190742391572e-02,-7.641687542947978116e-04,-2.273027684229286458e-03,-9.526360935195698733e-06
-1.700949887667597415e-01,-2.163816826537490537e-02,-4.563834238047470571e-02,1.835481089266389337e-04,-8.414163766947199002e-04,8.094763431928899864e-05
-8.314980661595729183e-02,-6.170342619815963846e-03,-6.684468139013932664e-02,1.749430654933825224e-04,-1.484564454533822755e-03,-2.775415502590204415e-04
-1.103039607335479649e-01,-7.235057551487339422e-02,-2.608756313421656259e-02,-3.386325129874703799e-04,-1.429382850269203878e-03,6.696029290641857088e-05
-1.190154444856959676e-01,-7.755767706488175817e-02,-4.965828472581512720e-02,1.914528644078794181e-04,-7.591659112000520571e-04,-3.300835232124727002e-04
-2.247803333306305218e-01,-3.789551977503699542e-02,-4.544115172814033876e-02,1.773360030009314778e-04,-1.751345166728160430e-04,6.219982788614619338e-04
-1.684170918297288322e-01,-1.295161229790955104e-01,-4.061249602590999430e-02,-2.249643338349323774e-04,-9.295853601390350468e-04,3.124352212966705631e-04
-1.554528839956621222e-01,-2.528778476380009674e-02,-5.011554673171603191e-02,3.358499425607718806e-04,-8.272026036837167029e-04,-4.089974417647090433e-04
-2.047413194707481676e-01,7.836339496069838484e-02,-9.846510018245968610e-02,1.169526118760787605e-03,-1.411507911650271979e-04,-1.152087356163299607e-04
-9.202712111382611859e-02,-1.105400094251135779e-01,-5.585994568480190381e-02,-2.607367611854646133e-04,-1.159476054165144154e-03,-3.039710913510973618e-04
-1.258849783999399785e-01,-1.369649712812927300e-03,-9.398946217488646226e-02,7.954463176575088043e-04,-6.714427968242450001e-04,-3.196223268146860283e-04
-2.329596630720329464e-01,-1.170697490369374816e-01,7.384185214779570572e-03,-4.834166864975614555e-04,-1.241645667411639398e-04,2.253602033781383022e-04
-1.009262219307752589e-01,-1.329078064250750063e-02,-2.933453737278801654e-02,6.642512353177503458e-04,-1.058748170599784280e-03,-8.985109995051995140e-05
-2.006319236134554151e-01,1.716085281454055034e-02,-4.809205697367424648e-02,3.967014249048267729e-04,-2.526891135195222932e-04,3.366755788907484183e-04
-7.587453506782072810e-02,-1.430704646258150470e-01,-4.257801679949579921e-02,-4.802189260156373551e-04,-1.399865925634430353e-03,-1.630822543316467479e-04
-1.195771462592384732e-01,-1.017329753156030470e-01,-7.536962985544892746e-02,-1.058091762461646924e-04,-1.072690590418669959e-03,-6.631204596639723114e-05
-1.775215700727892365e-01,-7.124802752885975310e-03,-7.194685515945153931e-02,4.339868643207596324e-04,-2.279862623582075420e-04,-3.463942101593633590e-04
-8.491024574299950445e-02,-1.131336781543116066e-01,-3.504893118295648868e-02,-4.406871654769428485e-04,-1.405255969311652864e-03,2.726120117975122857e-05
-2.166854220475684933e-01,-7.676196971202736002e-03,-8.927061088579746340e-02,2.636018490660043800e-04,-4.136314364106986191e-04,1.545884389896007109e-04
-1.408786050533723244e-01,-9.016623575406439162e-04,-5.582134553928530529e-02,2.789499360589268919e-04,-1.016155378394721295e-03,-5.723642601532434680e-04
-9.242107397597260077e-02,-1.947011803877449904e-02,-7.390669655877357691e-02,2.202029997156545148e-04,-1.632704184268312861e-03,-3.573878488208709304e-04
-2.129015478344285506e-01,2.006419039141714433e-02,-1.919901166628346090e-02,5.716516687602423395e-04,-4.438796366719108266e-04,4.559123121219768051e-04
-9.171143374997094144e-02,-3.867069367688522052e-02,-5.019655930278310585e-02,1.724623038806727578e-04,-1.518208050030438183e-03,1.453580005090671954e-07
-1.881896132532643040e-01,-5.015385689722280660e-02,-2.356797195092497077e-02,-2.187435527526233794e-04,-3.874764240616931921e-04,2.066389456498295564e-04
-4.205037121143301304e-02,-3.941892189054662515e-02,-4.709060368559403464e-02,1.371188666798328105e-04,-1.580610234299130099e-03,-6.360481461386095206e-04
-1.797318566617535016e-02,-1.506105956210851415e-01,1.570160742365489526e-03,-8.989181987604218192e-04,-2.189313798378281911e-03,-1.146465914770556201e-04
-2.112376615681851866e-01,8.406386381834443644e-02,-8.397338909791751682e-02,7.466118886671156956e-04,-1.976388843421862662e-04,-1.803714649577220887e-04
-1.445359714832346321e-01,4.834163600867776717e-02,-7.255946115891087622e-02,6.970663185006005513e-04,-5.900346654483107356e-04,-3.540052092770712682e-04
-1.054385964606246590e-01,-9.898768034626025114e-02,-6.113524838752049106e-03,-4.951277283355703940e-04,-9.505093742831257492e-04,7.570427183550119021e-05
-6.552211682174997887e-02,-4.056748848857968243e-02,-4.995278128333802137e-02,1.132734271588168879e-04,-1.570619575194521014e-03,-1.785034903268481563e-04
-1.811116284639704976e-01,3.291381920210996459e-02,-8.222073720655309614e-02,6.739508133791983959e-04,-6.165260304666804470e-04,3.804634116786394129e-04
-1.841001454682621441e-01,2.422283835430598387e-02,-5.250890882643277635e-02,8.631970406019211402e-04,-2.892273864229209790e-05,-4.725251254464621440e-04
-5.054278236865285268e-02,-5.156409617164202375e-02,-8.651618575487796114e-02,1.500029923670966915e-04,-1.712088737727277335e-03,-2.910636191142422827e-04
-1.831416714054981965e-01,2.279093032402987329e-02,-6.651490667171788829e-02,7.506559736757043282e-04,-2.247095222763766803e-04,-3.035431158859980402e-04
-1.115011772491670133e-01,-5.254850770555091755e-02,-4.801593012670779537e-02,1.175213888072695716e-04,-1.135905814804018948e-03,-1.261908988209316637e-05
-1.820920574398547653e-01,-4.366416711354521862e-02,-2.058548140678451155e-02,5.956536608821109968e-05,-2.362726006589314920e-04,4.777718897633477881e-04
-2.133074070276645140e-01,-5.458204680155127886e-02,-4.564392293078700646e-03,-2.525745689320230049e-04,-3.518382083134430349e-04,5.094810716920277448e-04
-1.711657476059631755e-01,8.126016197891962334e-02,-9.630278451176366161e-02,1.052497468604593825e-03,-2.777938872317482766e-04,-2.852610732443020404e-04
-1.970835604033755253e-02,-1.202535304212780098e-01,6.623694940877777881e-03,-5.422561319118046879e-04,-2.343968742165405614e-03,3.769170106405426968e-04
-2.181591942671732842e-01,2.750329997304757149e-02,-8.294459264840003954e-02,1.067872709179005977e-03,-2.285040446386773366e-04,1.623282243428615028e-04
-3.763601009436731148e-01,7.853228944038020964e-02,-4.152410339722933941e-02,1.147463255135488950e-03,8.148709219251044911e-04,1.410307844736402756e-03
-2.575115309102504191e-01,2.001075584317679040e-03,-1.018114635878561991e-01,4.161493130365725643e-04,3.534503014035461632e-04,3.230164998927063567e-04
-6.946316875351875308e-02,-1.039595459413749090e-01,-6.226241157216549915e-02,-4.617768661443590397e-04,-1.246209218628101592e-03,-7.295251531624462327e-04
-8.416075991872232209e-02,-7.415041825144468024e-02,-3.693211211567826169e-02,-6.084669361870167961e-04,-1.455424427633498358e-03,2.791139139480851229e-04
-1.358552860575819587e-01,-1.995291312031909764e-02,-4.459792851352295528e-02,5.715836942192654806e-04,-8.009920647550280992e-04,-1.246881468192300823e-04
-1.340258661066508761e-01,-1.031544403997228798e-01,-2.048058042449207861e-02,-4.399033333738425894e-04,-1.376230349698182726e-03,6.078149630643221160e-04
-1.092058965540019105e-01,-7.878982151231983533e-02,-8.343600256872063525e-02,-1.730478018376801954e-04,-1.178530858717519517e-03,-5.165852398882307683e-04
-2.480129628414907694e-01,-7.975307808085534134e-02,-3.468534036760750894e-02,2.815602111968934507e-04,1.970852942627179805e-04,1.494594453106543519e-04
-1.250728573507206010e-01,7.351501654114804551e-02,-1.318911166767453569e-01,5.525346710009712906e-04,-6.813698617134378299e-04,-4.125999765102287284e-04
-2.048884992465817845e-01,-1.024448910072194158e-01,-2.662422478847803475e-02,-2.524001419395285536e-04,-4.863433337987752708e-04,4.533827466046725123e-04
-2.467922846338141685e-01,-5.267752295043213323e-02,-1.622402416612622744e-02,5.464875127352312404e-04,-4.430937117867218833e-05,3.716619262038120693e-04
-2.142625023833354993e-03,-8.482075289129879792e-02,-5.534426123091318317e-02,-6.276852501104644624e-04,-2.063171164341619235e-03,-3.331037988553708635e-04
-2.287172587613413577e-01,8.968923224136428340e-03,-4.579365174290650486e-02,6.297245055221043376e-04,2.348744012458121172e-04,5.057270197862858687e-04
-1.161552089640998514e-01,-3.328116613513874833e-02,-7.652087849197131142e-02,2.206595158488957199e-04,-1.054086564936548148e-03,-2.354452956674330888e-04
-1.631368173806894417e-01,-1.047279186709270012e-02,-5.448829778089292475e-02,1.666514716950034513e-04,-7.110283966036447245e-04,4.072044224100881222e-04
-1.169152519004705015e-01,-5.616278049182245324e-02,-8.648607883824133147e-02,-2.036898341269428175e-04,-1.355980166918827404e-03,2.725405649419649430e-04
-7.798091136004803303e-02,-1.027698001870406830e-01,-7.247078150254804285e-02,-1.035036070428920971e-04,-1.209265375671597295e-03,-3.560573546206428105e-04
-2.114632865169686904e-01,-3.973539043330574783e-02,-5.559878346143953820e-02,4.795080378525132421e-04,-2.988061525422188586e-04,4.574691145609229297e-04
-6.730094703906276676e-02,-1.943775477255028916e-02,-1.044630044910748179e-01,-3.234832038196610790e-04,-1.736631835384191275e-03,-3.009912834414090886e-04
-3.749019080612054911e-01,8.391265426750876832e-02,-9.861648237175235643e-02,1.243533946918246730e-03,1.652245446183383745e-03,-3.384700527375798232e-05
-1.920959465628108986e-01,1.024118538638794929e-02,-7.187249530781092410e-02,5.601708670243807017e-04,-5.307822859419181888e-04,3.044671970779917812e-04
-1.841747151685811379e-01,1.563285400354154364e-02,-8.434728971854599244e-02,6.713025896393186309e-04,-8.926609414943408038e-05,-2.609468682421445945e-04
-3.610098063457646278e-01,-3.882367213851297544e-02,-3.101924268850231314e-02,2.594519402294235676e-04,6.615941305286431734e-04,1.051174565561317819e-03
-2.012216926187348764e-01,8.401456048747672767e-02,-1.070494505855261735e-01,6.673975311965282993e-04,-7.676193681394501145e-04,3.969584682123669791e-04
-1.090161831655126895e-01,-4.260068700327222097e-02,-4.824691528311197963e-02,-1.734112750765713813e-05,-7.569430458214988777e-04,-3.918024699291377719e-04
-1.817687888721369882e-01,-4.887806589455677420e-02,-4.984261259349320738e-02,-7.852237524934345750e-05,-2.531986606967122355e-04,7.095821120619404804e-05
-1.489163919558516014e-01,-9.876534923477861549e-02,-6.083804182381857828e-03,-1.851048749560617671e-04,-9.667137778455823366e-04,2.043263146278415294e-04
-1.325184978383031342e-01,4.076525972148609817e-02,-6.765832578390185148e-02,5.926058124138553276e-04,-1.026189765656656400e-03,8.864932033288915904e-05
-1.107408579915356017e-01,-1.038695111776294644e-01,-5.725323432412521285e-02,-4.743539444205589588e-04,-1.186686636252268917e-03,-8.058442976367171991e-08
-1.576665149103224084e-01,-4.642154200785550411e-02,-5.694709323445401594e-02,-5.999484243022460035e-05,-9.103873005281652026e-04,7.804777162909932770e-05
-1.093514625170842330e-01,5.783388385578902557e-02,-6.342605965347947183e-02,1.085535318004456854e-03,-1.219653655043145823e-03,-1.201658305548616336e-04
-1.088869860187854505e-01,-6.643553027185142290e-02,-8.494081862305735697e-02,-7.834419711992991059e-06,-1.360705903188411461e-03,-6.103266097891256177e-05
-2.100303254336191860e-01,-7.541248897489183367e-02,-5.585594998860865523e-02,-2.173556969204369638e-04,-3.271107404246610673e-04,-8.636103759893250763e-05
-2.314623107265307012e-01,1.884968803823542163e-02,-8.467531380267967478e-02,4.586299995095295071e-04,2.548201017062261264e-04,-2.134925905971278386e-04
-1.518500002993879161e-01,-5.794578950952478102e-02,-7.360871739922525414e-02,3.283893892166685549e-05,-6.657849374868459597e-04,-2.244913360883763972e-04
-1.762744702325101664e-01,-5.775416021791962562e-02,-2.530866702472223118e-02,3.307200864349556062e-04,-7.728398069900763168e-04,-2.329147117962195133e-04
-1.146272890581179621e-01,2.326751491491774529e-02,-1.005885676445181787e-01,5.675473792598863601e-04,-1.039116287449563802e-03,-7.734089048740658599e-06
-2.150917474106316396e-01,-1.309355071660604081e-02,-4.978296687742544968e-02,9.273156795742629188e-05,1.864390627659313904e-04,-1.218261708934299635e-04
-1.027645094285659227e-01,-1.290560812945686919e-01,-2.512375453873483266e-02,-4.403770300309408844e-04,-1.264879753615159863e-03,-1.128373099651544184e-04
-1.404834671531507151e-01,2.100666889823725458e-02,-7.442467671582431166e-02,3.391606189226902511e-04,-1.122444130496898229e-03,-2.822541970373081393e-04
-1.680313784525572784e-01,-3.111192422914711708e-02,-6.243646914365896805e-02,1.928260943350203725e-04,-4.870049121370092354e-04,1.962404659388308715e-04
-1.454350994639727335e-01,-1.717646853157249812e-02,-4.854212690226389348e-02,3.334249273689458750e-04,-9.535288109215819818e-04,-2.428254634323763096e-05
-1.552582903528365865e-01,-7.359079341473487301e-02,-5.659217304264752002e-02,4.344492976394846197e-05,-9.255001324097716225e-04,2.023494573138258021e-04
-1.151471244949362066e-01,-6.141281901125933418e-02,-6.060874495042423149e-02,-3.218723645315320868e-05,-1.066007909719741270e-03,-4.889135443078840293e-04
-1.582577987868256097e-01,-1.381494922059342718e-02,-8.632069845228840244e-02,4.557844651389142410e-04,-9.270442589652764381e-04,1.393652738539402831e-06
-7.365569799960045017e-02,-4.650413100327563387e-02,-4.434098077258785686e-02,3.320756922084054305e-04,-1.824295621798168593e-03,1.910096556038882488e-04
-1.295394109678579819e-01,2.278671076132107731e-02,-8.826466257830123396e-02,4.916422220456475277e-04,-1.348178962203454290e-03,1.447204628383663846e-04
-2.103241347138849748e-01,-6.062234717579199905e-02,-6.668070512678880846e-02,3.215003732222484166e-05,4.746381730361647067e-05,-5.546420181723377867e-05
-1.339696470453449473e-01,-1.310688659916813825e-01,-5.205350786954299203e-02,-4.156581428587677405e-04,-1.260214817387288883e-03,2.501617218974474654e-04
-1.539839271688717703e-01,-2.723908151478371051e-02,-6.559312357484592404e-02,2.861221144742993796e-04,-6.329846477596354909e-04,1.225808891044094084e-04
-8.818135485234726567e-02,-5.926571405560054212e-02,-6.981688393759388767e-02,6.591202568975696417e-05,-1.580825802375824748e-03,-1.859722804954628628e-04
-1.751098250618016439e-01,-5.546578170479510295e-02,-5.218348639951742030e-02,3.867389651162548951e-05,-4.902108411904138041e-04,1.283565754420235288e-04
-1.132082691549066156e-01,-2.022083003479657054e-02,-7.202172458608058214e-02,4.681996697470500093e-04,-1.052401121292557279e-03,-3.805806840851388420e-04
-1.692820913945730921e-01,4.611754271932196406e-03,-4.707010164348424119e-02,6.795179687445523833e-04,-6.894546783833555015e-04,2.360568697261259752e-04
-8.060720837081147838e-02,-2.883819929159327569e-02,-5.526090614741541174e-02,4.109713317229227777e-04,-1.235950924741035031e-03,-2.974787899792721564e-04
-9.147460835804548107e-02,-1.180249456283013754e-01,-8.300755373724344466e-02,-5.956357533716911609e-04,-1.332607138556301390e-03,-8.407430073871108311e-05
-1.666506419451216359e-01,2.363287361016756100e-02,-5.799655398794456573e-02,4.712432306101046759e-04,-8.802752160676080573e-04,4.601646871191126632e-06
-1.283777482255389901e-01,-1.388480180448316802e-02,-5.161521204727859136e-02,5.169424416515337566e-04,-1.165773247546280506e-03,-5.782410651633993842e-05
-1.470838888280848744e-01,-2.211746944435356854e-02,-7.237437560503967582e-02,1.564133901574222066e-04,-8.939394559178848870e-04,1.151829618480774997e-04
-1.098673933440247052e-01,-5.976253820086409319e-02,-5.570371102854787537e-02,-1.809589720889888918e-04,-1.088081893631581351e-03,-3.044047344747949834e-04
-7.338868757199391857e-02,-1.451083194573713764e-01,-3.802485120098242355e-02,-4.453298152860239723e-04,-1.808368030784917452e-03,2.801988844715202782e-04
-1.864748006782482592e-01,3.335062521121049534e-02,-3.869367797940737042e-02,7.610709850015069840e-04,-4.285349295023183763e-04,9.162276661988612758e-05
-8.031415276219143473e-02,-4.930571108527641300e-02,-4.386781303721321024e-02,1.154396450299376153e-04,-1.585877607090228208e-03,-2.470161245817309122e-05
-1.996813316955494133e-01,-2.676136053890238592e-02,-7.314345384128828620e-02,1.420893964771299638e-04,-1.462719052806316089e-04,-8.996451739372323710e-05
-3.664915732308299950e-02,-2.390867592966513730e-02,-4.166054185629364248e-02,4.899976478326762211e-05,-1.900168487358923006e-03,-3.563502566460190137e-04
-1.494403008517541098e-01,1.244464334309702824e-02,-6.591904623465283386e-02,5.672825321543658282e-04,-4.129408246328885451e-04,2.085205187710827414e-05
-1.519921313174086019e-01,-4.787426266990685297e-02,-1.678547608844782602e-02,2.218683472075945549e-04,-1.214465644295727523e-03,5.224003979522325947e-04
-1.458552878214161852e-01,2.631373494271712493e-02,-8.920791426698770898e-02,9.306660744990229682e-04,-8.151359126822299572e-04,-4.534235584578407883e-04
-1.893763000074595027e-01,-2.759835498363282999e-02,-8.154189867945915715e-02,-7.755168816650807526e-05,-1.992735966576692636e-04,-1.521794072616240365e-04
-1.313131294804520677e-01,3.443430615568075781e-02,-9.518467548856501814e-02,1.049303899932485648e-03,-8.583310025053018932e-04,-1.360327697694616478e-04
-6.086298578239691948e-02,-1.001028542407421396e-01,-4.259007948628346085e-02,-4.528934485583491036e-04,-1.788201960293295950e-03,6.876786167560857896e-05
-2.419156609960487203e-01,9.532679945129518551e-04,-7.887024587933866293e-02,2.869628966956428492e-04,-1.133007473424051809e-04,3.095265366196663093e-04
-1.191881637939775224e-01,-9.610743208761686474e-02,-4.425577973597993875e-02,-2.029711341434083278e-04,-1.193637765287591107e-03,-5.192736102451614238e-05
-1.719455776747133846e-01,-3.145836999211021334e-02,-7.314639471206363375e-02,-5.776868914994905471e-05,-3.024302469073134048e-04,1.383420383369507857e-04
-1.605486072327852454e-01,-2.412648561742935377e-02,-6.866875684622653075e-02,2.216000781094476946e-04,-5.893822272658010702e-04,-6.909258888810789606e-05
-8.397230605736701048e-02,-8.051356490435543356e-02,-5.991025883553047215e-02,-1.986648259525644611e-04,-1.557314610947158062e-03,-7.319968640952192898e-05
-1.599001751654214043e-01,1.528620033086989030e-02,-6.155907804086857560e-02,5.749021015386004095e-04,-6.320648175135012287e-04,2.587727955591557116e-04
-1.423481866719717992e-01,-3.242597677025756825e-02,-4.474319449468788790e-02,3.814190897177029138e-04,-1.177040911472776452e-03,3.065073026325268110e-04
-1.829419359666962230e-01,-3.514273411930262520e-02,-7.277822943171607939e-02,4.984042019614133394e-05,-3.466596150574780683e-04,-2.256047621075332667e-04
-2.906961057754104405e-01,1.266394233533711389e-01,-1.128971401597413937e-01,1.368930522701851393e-03,5.911495694374373222e-04,2.736895340132525375e-05
-1.144158738605421527e-01,-1.170992118748059724e-01,-3.868861960177749637e-02,-2.941336357744712884e-04,-9.038792052904823238e-04,-5.437099167845060258e-05
-1.955188829385187677e-01,-1.623240860551759118e-02,-7.966904555103582197e-02,4.847853758959280463e-04,-4.085693205425015156e-04,4.394552300593780147e-04
-1.127260904045102874e-01,-5.246015739290486868e-02,-5.057428302480748705e-02,2.779303835866086744e-04,-1.188220444551604110e-03,1.813369427072965701e-04
-1.534704211930493500e-01,-3.375556938311811278e-02,-2.508930461153657809e-02,2.152242282932943958e-04,-7.560956624847684632e-04,-4.729789111331838040e-05
-1.203776041003992298e-01,-5.634051820113765430e-02,-3.959218382661888747e-02,1.174688700447676978e-04,-1.108787569174969276e-03,1.075421018724508722e-04
-1.138749520924180886e-01,-1.235470120256356996e-01,-7.179764486167838911e-02,-7.319601931305690784e-04,-1.187579228122428304e-03,-1.039068672890495961e-04
-1.300486786923374383e-01,-3.384752083246350685e-02,-3.594092197970399916e-02,3.765474169225419259e-04,-1.006428357551115635e-03,7.568859939654899401e-05
-1.388609868387259971e-01,4.611842630383167913e-02,-8.987804237641161542e-02,7.238991290789383633e-04,-1.157522738536779713e-03,1.334205209074355739e-04
-1.929700760268953652e-01,6.839848602926522358e-02,-1.032321005740290953e-01,1.100870707720001413e-03,-3.071636516242346598e-04,-1.009187568087843950e-04
-5.236355195313600192e-02,-6.006014952269075197e-02,-5.609917312447132431e-02,9.239782160547758451e-05,-1.666304842763199900e-03,-2.329655105013331447e-04
-4.611764617468316202e-02,-5.764778658824686736e-02,-7.245449248033430933e-02,1.205972761682582491e-04,-1.706991773632308973e-03,-1.059635434630722622e-04
-1.588854478166720208e-01,-6.728014173620922023e-02,-4.341321462544001086e-02,-2.165047773092516458e-04,-5.771756565066121780e-04,1.008255694692986054e-04
-1.919111917477452078e-01,-2.317788354507977627e-02,-6.022228648410776763e-02,2.875500697316739091e-04,-3.206839845946215378e-04,1.499922397935412753e-04
-1.446562936183512504e-01,1.677194118457953423e-03,-8.284567586253599458e-02,3.165314614845743998e-04,-9.814147767134937667e-04,7.063606419530982197e-06
-1.389326168589785082e-01,1.823432103238431523e-02,-6.210629777248266592e-02,3.698984785295636457e-04,-6.664500214653926863e-04,4.359395351845974054e-05
-5.222433236489765207e-02,-2.954881805499761857e-02,-5.373005781937734149e-02,2.592852207990903237e-04,-1.697803142050858388e-03,-9.785837803881716648e-05
-1.489376644924707005e-01,-4.490372979434822942e-02,-4.522307032108252578e-02,2.668995479103973036e-04,-7.504669511364542994e-04,-1.116966347282474152e-04
-1.300088639929403433e-01,-3.462516502483758973e-02,-3.397781947537903413e-02,6.301178101401623370e-05,-1.077954990619420586e-03,5.060425526442266638e-04
-1.843269364822984480e-01,-2.739962967760416895e-02,-8.428935294607375894e-02,2.003977180873878911e-05,-2.960453974315338521e-04,1.684657244513153914e-04
-1.745929697390616875e-01,-5.564164845420401656e-02,-9.799881457586256950e-02,-4.877856690333414423e-05,-5.139628799710506402e-04,-3.087013141276022778e-04
-2.049463727083798703e-02,-5.362616149652982278e-02,-4.967984826180193991e-02,-3.021574053050125885e-04,-1.886136103818403589e-03,-7.400606643373682783e-04
-1.241584438628861725e-01,-5.654994684575791186e-02,-4.219942474444349223e-02,1.836043443731384846e-04,-1.120886993296313014e-03,-1.342195231794921913e-05
-1.748681799865001163e-01,2.509083177535950671e-02,-8.431192117503916172e-02,7.147316508737068443e-04,-7.582878242277293207e-04,2.719720892979554682e-04
-2.257363784798823436e-01,3.492928213413282884e-02,-8.051734620154338273e-02,7.602648325782455745e-04,2.056717369006300783e-04,-7.405406414630413294e-05
-1.282366889901389029e-01,-3.775416732906169276e-02,-3.226972281044759860e-02,3.286196932464917255e-04,-7.707472679190762593e-04,-7.250247656803737078e-05
-3.083161257215462706e-02,-1.786745853109701979e-03,-7.385937063582348472e-02,3.176749418586412039e-04,-2.231156155466373914e-03,-2.240877010375583915e-04
-1.529398339857840627e-01,-1.651057401641045988e-03,-3.303039128783091805e-02,4.538272973020878592e-04,-6.233521521147172839e-04,-2.053160696825322433e-04
-1.318985042459099033e-01,-8.242676202856772175e-03,-6.610177699275698870e-02,2.931770730466324790e-04,-1.163862337980159367e-03,2.426665701909462678e-04
-5.877294049500030038e-02,-4.717918270714660522e-02,-5.536949526219814288e-02,1.553178544202071971e-05,-1.803097186844192928e-03,-4.392555941499942814e-06
-2.164029734172494002e-01,3.334972095973796902e-04,-5.650832163813634956e-02,6.556826902435267113e-04,-1.753825108590217202e-04,-1.927909801674370174e-04
-1.040902272319540051e-01,-1.314483855895685546e-02,-4.610324788726005707e-02,5.024544383129994456e-04,-1.173249461804831695e-03,-1.466115920245035812e-04
-1.143740726820217241e-01,-4.732243496317119213e-02,-6.749806645512212988e-02,-1.306798064522004567e-05,-1.092752680839519097e-03,-3.922229872294073403e-04
5.000351074642354898e-03,-7.489561058211381683e-02,-3.696254928538555973e-02,-3.232456057341403632e-04,-2.070495100194653243e-03,-5.663872067783023902e-04
-8.495803932853679408e-02,2.272263236952325877e-04,-4.312926195811739305e-02,2.658093400209724129e-04,-1.451754499865084633e-03,-1.822763411122396249e-04
-1.566803523907556450e-01,5.344027059556758288e-03,-7.646651773235380034e-02,3.448816842397698854e-04,-4.416724683799413270e-04,-2.931669514334996171e-04
-1.874677918791709530e-01,-1.434909892757869551e-02,-5.068957166809839876e-02,4.186451412670026944e-04,-5.283344934964243761e-04,2.081204747817909286e-04
-1.330471806928926193e-01,-1.036300679253497059e-01,-2.113619336983840746e-02,-2.977880193441224434e-04,-7.497404856827843966e-04,3.633351650337728381e-04
-1.524013327741183255e-01,-4.806411363919649640e-03,-6.554552863140128416e-02,5.009153944778403644e-04,-8.881911291450071688e-04,6.462978989459188114e-05
-1.714450967062891018e-01,-1.559125813190639920e-02,-7.701017206154259220e-02,3.806191730941681315e-04,-4.236917297876525296e-04,1.330116754175823953e-04
-1.992178318302456341e-01,-4.604746137934788430e-02,-2.622109849199127929e-02,3.079496760503407787e-06,-3.256233253193414889e-04,1.435872677407248877e-04
-7.303659372828281982e-02,-7.514806954474660683e-02,-3.757117135378784667e-02,7.716644864238543511e-05,-1.265391019434560990e-03,-2.139147170629904996e-04
-1.760076724783450619e-01,5.124116235122039634e-03,-4.700955891459845937e-02,4.253152164116983519e-04,-4.441243675056966156e-04,1.731161448489449458e-04
-1.872658754884126697e-01,-2.346530363069505853e-02,-4.170192961273988530e-02,4.059222718926431325e-04,-5.324313008849574508e-04,8.496359269620401187e-05
-1.139546136398641302e-01,-5.567420331102480857e-02,-5.589939888027806170e-02,-5.875507581601293466e-05,-1.059552233569290708e-03,2.197841175599834173e-04
-1.499687216238155540e-01,-6.131056550657108806e-02,-1.004139623653999003e-02,-1.448036594045079822e-04,-9.949450264637588193e-04,5.846437851508128611e-05
-1.537996799662316727e-01,-4.490959825459479859e-02,-5.071512563191205025e-02,4.840870835623434752e-05,-6.193429785066404542e-04,1.761659798765803121e-04
-1.508702849223210463e-01,-2.623784517963397012e-02,-6.369811569246741634e-02,1.464943921138852495e-04,-8.023959132000581251e-04,1.366820269008627259e-04
-2.395267559932120205e-01,-3.757925667366530942e-02,-5.038359793782842821e-02,1.819356846645486196e-04,4.242650093946344347e-05,7.430036570116568318e-05
-1.635327803633051524e-01,-4.049304716339516969e-02,-4.579207959925946092e-02,2.130902758604486143e-04,-6.886185015220896988e-04,6.449495785210291449e-05
-2.077319982381443109e-01,-1.446786166072739493e-02,-3.998569001009766311e-02,2.235880057313095661e-04,-3.234874998423193510e-04,5.511886387048999317e-04
-1.558965853215135422e-01,-4.712160294383609810e-02,-4.476920600930833771e-02,5.299807520719318488e-05,-4.946388170338923002e-04,-1.441548675034620935e-04
-1.335968866355988216e-01,-2.657205535621857267e-02,-6.852416520071136219e-02,3.541817618340193340e-04,-8.303323356824796747e-04,2.287077486427065745e-05
-1.170122417522902469e-01,-5.261312463745041607e-02,-6.414967131898707819e-02,-6.100047972031779654e-05,-1.002702104575314834e-03,-2.605172170176321460e-06
-8.823890488800438525e-02,-8.433041631673872385e-02,-6.211257552294613404e-02,-2.924565756410567059e-04,-1.442605001752873470e-03,9.647427972051302654e-05
-1.604501461878052593e-01,-7.677613126422561454e-03,-5.184316849128900451e-02,1.145195500042203284e-04,-5.917424756894870685e-04,3.639387849686532401e-04
-1.074395544391192475e-01,-4.183720208555433834e-02,-4.972166357602070264e-02,-7.737729385958293585e-05,-1.223778569126506358e-03,3.315818470267623236e-04
-2.258637895940810159e-01,-3.047499096283268552e-02,-5.590005623552030123e-02,3.507266109776805470e-04,9.085520902694932399e-05,-1.697965232255279391e-05
-1.699049442892118233e-01,-3.468202612586859801e-02,-2.754297773003111516e-02,8.267369013011897222e-05,-5.420640228408681732e-04,2.643247005642598954e-04
-9.000857237943656053e-02,-7.150364187258664850e-02,-4.617796516532002293e-02,-6.926157141294879069e-05,-1.158655554070350119e-03,-2.617162917778898261e-04
-1.765598041904694326e-01,5.598406250263690195e-03,-2.599501397973025263e-02,3.247785343485369482e-04,-5.208132142099659162e-04,3.965286133119611087e-04
-1.109129163832594939e-01,-7.215316349266519269e-02,-6.270387293512458271e-02,2.383015552692409680e-05,-1.315750017533886748e-03,-9.367999032841819768e-05
-1.747546870750837644e-01,-4.436355274810462046e-02,-6.736629882773970124e-02,2.350127614566405176e-05,-7.006155459755650239e-04,5.631464914509783337e-05
-9.621447730458194958e-02,-1.302946692201076562e-01,-4.630684497542669753e-02,-6.029292067239397108e-04,-1.116735058518435533e-03,5.060393490869046580e-05
-2.107800164395523257e-01,-2.713925581753088428e-02,-4.929398820493546829e-02,1.985212773269401723e-04,-2.699339390855471504e-04,-4.333863872944799210e-05
-1.559239861736737565e-01,-4.500892420735303628e-02,-4.505290369165160236e-02,1.334894873694844868e-04,-5.637115883611286404e-04,2.965576015038162380e-04
-1.129604636551328062e-01,-4.940300030339341009e-02,-8.572884098946387255e-02,1.671579756396955781e-04,-1.089473545175065339e-03,4.105321774164381545e-05
-1.074746995849070325e-01,-3.843661202937254107e-02,-5.710448397695366829e-02,9.397155328978203104e-05,-9.707043293042411786e-04,-1.829410500334580580e-04
-2.133315729970062802e-01,-1.128765165003915022e-02,-6.842909893635185092e-02,4.344622449937583959e-04,7.174940450658390256e-05,1.125862467784515377e-04
-1.313528732549523459e-01,-1.652665852470256574e-02,-6.237584572719456766e-02,2.537021906425687527e-04,-1.079774615553912021e-03,1.401456352124435384e-04
-1.507840787191899456e-01,-4.835244816365992515e-02,-6.919294103975581756e-02,-2.678638734776085141e-05,-6.063238744169734823e-04,-1.685339932407978571e-04
-1.130101393137775412e-01,-6.235868134284175412e-02,-6.031092627086498403e-02,-1.425676437217496435e-05,-1.011030753853304001e-03,-3.397947721521477559e-04
-9.326819455320012331e-02,-4.358778416968063507e-02,-6.235804447358672675e-02,-3.603410321565444878e-05,-1.094280303504672341e-03,1.110510360480483603e-05
-1.305745074406564343e-01,-3.959403083404067908e-02,-7.298386179400639939e-02,1.690531830935452715e-04,-8.887653457927482958e-04,-3.969329097589412365e-05
-8.708672037885600847e-02,-6.949536009194584585e-02,-6.317894961381687047e-02,-8.956203277919608588e-05,-1.407726995907071857e-03,-1.771084136761036387e-04
-5.893390279026224088e-02,-8.143305712202716928e-02,-3.845290967743331123e-02,-2.303085012140279955e-04,-1.681178713197938393e-03,-1.794835187706266650e-04
-1.123864203397489242e-01,-5.980338217365482878e-02,-8.172511553897576775e-02,4.725021966101505475e-05,-9.363130096075242270e-04,-5.021398259429539750e-04
-7.725235560025271730e-02,-6.420417589676330472e-02,-5.013052338145085329e-02,1.588311690446210858e-04,-1.549910033723416250e-03,-1.528369513907524462e-04
-1.560495009579640491e-01,-4.944569630218981215e-02,-3.936714580184896839e-02,1.964164903432725345e-04,-6.674634993232512331e-04,3.151510047375097469e-05
-1.281390797518670299e-01,-3.691356177148774620e-02,-4.930482011908932094e-02,1.371441302029327049e-05,-8.635345555273957890e-04,-4.272350717904519179e-05
-1.276616616191242615e-01,-7.793548102353034523e-02,-3.969206506479139307e-02,4.051903552999185434e-05,-9.129458612342732093e-04,1.130248824952604151e-04
-1.663171734888452269e-01,-4.096737024472831001e-02,-6.778535179369238328e-02,-1.785049478907751053e-04,-6.162042195645249520e-04,1.052329896046970821e-04
-1.073151878375850077e-01,-4.060734514087459279e-02,-3.282929241560350597e-02,3.197887236008514333e-04,-1.171210744611064433e-03,-2.462248957292127727e-04
-1.128424281156959613e-01,-6.124593564929593087e-02,-4.169912551784515919e-02,-5.318977996185761392e-05,-1.000429545406255477e-03,3.032897397486338862e-05
-7.844956885958837001e-02,-4.153939677806091357e-02,-5.757380245523191498e-02,4.293852321871332450e-05,-1.343352892088459441e-03,1.023394534650061020e-04
-2.278282279985748837e-01,-5.201955600024713022e-02,-2.865158452347538187e-02,-5.222252751835299023e-05,-3.091497860439017253e-04,1.981619016307112292e-04
-1.541433811332596493e-01,-3.286739166541532281e-02,-6.295367898365666903e-02,-6.750503129051492295e-05,-6.248527462649269837e-04,1.427890696181252747e-04
-6.116369520928006953e-02,-1.578897014715177280e-02,-5.217172482003062939e-02,4.926054253135353847e-04,-1.706434616588791905e-03,-3.053996642612894006e-04
-7.805940769750385755e-02,-3.444466483208488000e-02,-5.038990530761355835e-02,1.623310567552829157e-04,-1.476621466686403941e-03,-2.180527889752084810e-04
-1.576810194455937064e-01,-6.127144007453722008e-02,-3.550301924429688505e-02,-2.493464167013272059e-05,-5.377072254824245140e-04,-2.042607453298190211e-04
-1.797224296966965784e-01,-3.013853715612667405e-02,-5.452080992036312246e-02,2.653076483594750488e-04,-5.029078103361058621e-04,1.689651849245871781e-04
-1.253880010731705241e-01,-5.976514689759710591e-02,-4.752443395946448490e-02,-1.530548756022577072e-04,-9.922402453952164358e-04,2.504910979367490131e-05
-1.163309760879359805e-01,-8.828773423531802167e-02,-3.427836562551944688e-02,-2.179829733669840473e-04,-1.167359796663278507e-03,1.324448623565688927e-04
-6.975554455406920984e-02,-5.828046044031370138e-02,-5.258199618111603080e-02,2.785397731698859274e-04,-1.341767826818435552e-03,1.542224320019374049e-05
-1.496621661645826384e-01,-4.935036044395812310e-02,-6.651634889181012866e-02,-6.776394838214471611e-05,-6.211864515401361447e-04,1.707510704220310593e-05
-8.731887128117353514e-02,-6.656030469380609660e-02,-6.552950415869362999e-02,-1.534942770439664400e-05,-1.222006614170196778e-03,-2.862804189575146531e-04
-1.122571437285985879e-01,-7.520310241042252319e-02,-6.129735053408857937e-02,-1.250432046774488468e-04,-8.051968446850504141e-04,-2.630009039926540717e-05
-9.996194086155461844e-02,-4.772775082491390042e-02,-3.844722943111844593e-02,9.404878120380694324e-05,-1.408828394221135760e-03,7.898950817420278994e-05
-5.249716058725488466e-02,-6.848262881190295137e-02,-5.604867924671719237e-02,-1.161111195268878585e-04,-1.826321863370578696e-03,5.388300812615147049e-05
-9.170989594527892419e-02,-4.239686204938351854e-02,-5.480045250748033503e-02,1.069880777452025550e-04,-1.341562796983901754e-03,-2.977629519618651575e-04
-2.046624824487980887e-01,4.606179849343742388e-02,-5.391005462830311679e-02,5.684416820711777913e-04,-3.875325970877901288e-04,2.034503024370900865e-04
-1.499179293519126710e-01,-6.393052739935323192e-02,-5.675282434806505627e-02,1.381466892967815607e-07,-6.041541010125446587e-04,-4.511013170665519175e-05
-1.595636864745287042e-01,-4.574374641687959514e-02,-4.556813429917139224e-02,-1.107936110735592474e-04,-6.097388037054566473e-04,-2.912226259494544848e-04
-9.432591056037104016e-02,-6.825465586214565783e-02,-6.807434849203919391e-02,-1.217815730707276500e-04,-1.127521554447634758e-03,1.006073672871719160e-04
-1.239488354452886326e-01,-5.583923236890475650e-02,-5.339452554501433745e-02,-1.477888850101400850e-04,-1.035963003594981072e-03,-9.376651917213531912e-05
-2.882764826370550620e-02,-1.309491564717967516e-01,-5.888156915075426490e-02,-8.390571337549717658e-04,-1.933552554184958180e-03,-2.202083290171242243e-05
-1.918863100921870124e-01,4.706135311703691509e-02,-6.837210657584225082e-02,1.058037704183376494e-03,-1.378384488376609845e-04,-2.405158194389260128e-04
-1.328313832432762853e-01,-6.990751983562720762e-02,-3.505403579524157820e-02,-1.593221844657733213e-04,-7.102060657569499169e-04,1.191641916355980283e-04
-1.823923258788480994e-01,-6.681360796011114045e-02,-6.654616290537362921e-02,-5.099078348957822651e-05,-1.932860721348891864e-04,3.691891604165538116e-04
-7.411423947831993764e-02,-8.938367344570347095e-02,-4.737647487679708114e-02,-1.213419000103532069e-05,-1.410734994927600669e-03,-2.355961405998089210e-04
-2.151328240672760739e-01,-3.006880238989230458e-02,-6.455203964573841269e-02,2.074226180400946546e-04,-5.727686445574156626e-05,8.660115960826138780e-05
-7.281300519671845585e-03,-4.845788041959534637e-02,-3.392869195216086098e-02,2.350223213694628208e-06,-2.065998390610175595e-03,-3.193347161077133049e-05
-9.062844141217200888e-02,-6.927527168557720029e-03,-2.644497909559428983e-02,2.667689898406143314e-04,-1.490186834523374998e-03,6.878921387620131711e-05
-9.913202618750166506e-02,-8.586030295357986036e-03,-5.521567556943307586e-02,4.594239181672757528e-04,-1.373909716525633512e-03,5.727742070903003949e-05
-5.802402036410348601e-02,-8.569308417077549367e-02,-8.505508102188086283e-03,-3.520996389524808003e-04,-1.610452744406541681e-03,-1.249614349768792074e-04
-4.564787827065037995e-02,-4.149506766576187278e-02,-1.032930892202079676e-01,3.588806547542443184e-04,-1.728735174595433938e-03,-1.609319047821052028e-04
-1.317124206199456193e-01,-1.050588426569988854e-01,-4.599192124534101644e-02,-2.992804503259901151e-04,-1.073346501431574410e-03,5.397691334145219856e-05
-1.565416075370818227e-01,6.363458534769367292e-02,-7.224756913676455561e-02,5.159683845441286401e-04,-6.894314148775688295e-04,-3.996877545320502674e-05
-2.230899869540255986e-01,-2.396443273453009726e-02,-4.955128274161713087e-02,1.612484727346380139e-04,-1.618489214213498367e-04,1.903202580947696034e-04
-1.279932842479432342e-01,-8.077428493693447620e-02,-6.912051563752252825e-02,-2.102921108538850434e-04,-8.193391932939907141e-04,-2.153597199464839219e-04
-1.009601942718168915e-01,-7.366198426521826381e-02,-8.607507666762259646e-02,-1.827674673185212487e-04,-9.843416084008484862e-04,-2.888715460677893543e-04
-1.217505638239302357e-01,-8.440744133496988488e-02,-5.002477165060392750e-02,-3.520828172519660602e-04,-7.735372801187575392e-04,-1.286496928180955309e-04
-2.314902922750619318e-01,2.891334697792201022e-02,-5.481674837139549616e-02,4.461935618720739346e-04,-2.030759435148951630e-04,3.921735771942988133e-04
-2.212712898999841526e-01,6.453183986429611441e-02,-9.507556673861050633e-02,1.211250932974770661e-03,-3.741310867951715136e-04,3.377672448578664523e-04
-9.456845677736216982e-02,-6.048875864388061907e-02,-5.485977615487214187e-02,1.104634885098056216e-04,-1.069104172620389745e-03,-3.894259270693097670e-04
-3.090972976254943161e-01,-2.931954065838009160e-03,-6.883504342021051770e-02,4.637878565000204401e-04,6.253430280930231261e-04,6.340249800197232102e-04
-1.296208525868936534e-01,-1.405184854498114748e-02,-5.426310898907638069e-02,3.562659868014894041e-04,-1.043554088426698612e-03,-7.493227444528810337e-05
-1.124862025517057995e-01,3.455315911258523276e-02,-2.987177804905716272e-02,5.174357496930950470e-04,-1.225376663212688136e-03,-7.196563849251963138e-05
-1.072279469294799975e-01,-5.833265210612331719e-02,-3.396609379967241438e-02,8.938540394107827129e-05,-1.122144460994739176e-03,2.639869676185091518e-04
-8.718388415783014100e-02,-6.222656624107820306e-02,-3.623861942591433127e-02,1.187237584856857663e-04,-1.231073858127519627e-03,-1.542513217901865356e-04
-6.475400337049286303e-02,1.056469217099218622e-02,-1.058249193109903619e-01,4.810945776703001026e-04,-1.633693489312484926e-03,-2.552770918932981354e-04
-1.270246731437906507e-01,-5.061049133451979432e-02,-4.718136843273823544e-02,1.138199321202642503e-04,-6.883075907988707443e-04,-1.207475935543464348e-04
-4.470254548263447730e-02,-8.753691180348564804e-02,-1.866322212536175584e-02,-4.986440451513530527e-05,-1.734048824617501205e-03,-2.894426963223902080e-04
-1.668493748034896307e-01,-2.688984143790260073e-02,-4.135432597488830631e-02,4.009778831390762525e-04,-6.127077702639243534e-04,3.103144678630525644e-04
-6.682569241995632570e-02,-8.678074336060515037e-02,-3.729520350718940058e-02,-1.565166920549376523e-04,-1.476754558423349489e-03,4.693445837626763524e-05
-1.180527684629006924e-01,-4.107623296849120115e-02,-4.109243127122486072e-02,2.675378676252101583e-04,-1.183031455003983462e-03,5.945886014463278474e-05
-1.183515658460144865e-01,-6.001267809950995569e-02,-6.369720813449042396e-02,-1.362321445242992320e-05,-1.152334574402861730e-03,-1.810477437992898697e-05
-1.395025293410940281e-01,-1.112641897123690243e-02,-6.224347388108841805e-02,5.402318613287266161e-04,-9.832766169346213864e-04,2.302838732219991756e-04
-1.470564219230493797e-01,-6.354356331464894314e-02,-5.475330078554230262e-02,-1.872937779874160776e-05,-8.320271949239215620e-04,4.401284232319775387e-04
-1.047456051894555540e-01,-1.326606310847671701e-02,-7.366204010827015480e-02,3.468783977786972506e-04,-1.331138698909203888e-03,-1.518642448380923237e-05
-9.637379321321257186e-02,-2.241441344744920378e-02,-4.274337713110032411e-02,2.694890296610602098e-04,-1.156349692362767037e-03,-1.544933696969619133e-04
-4.975279801093756421e-02,-3.820125720642699590e-02,-5.063187274354885581e-02,3.759426416823498200e-05,-1.736705232832830986e-03,8.459956722031622943e-05
-1.192103930323600014e-01,-5.573043934004708738e-02,-5.809169946472847457e-02,6.295890012624513581e-05,-9.451718622316071516e-04,5.658041197831381938e-05
-1.584022991483828302e-01,-1.492499580277571389e-02,-4.548907991554562713e-02,4.360637344892927258e-04,-7.460696484795446143e-04,1.843857442383106047e-05
-9.882985838021526859e-02,-3.578309601594900635e-02,-3.636240485458874794e-02,1.059006929732305823e-04,-1.181084245881751371e-03,-1.574620825022966927e-04
-8.925463122712673503e-02,-5.522592049214146426e-02,-3.643281450656510323e-02,2.257644315227221119e-04,-1.094447647522419492e-03,-1.337138729042448837e-04
2.182561996927474129e-02,-6.279755789344264316e-02,-5.978270381907124786e-02,1.060598234153625145e-04,-2.456304128420225275e-03,-3.924461332889005497e-04
-1.300628675978799387e-01,-7.962845890950591421e-02,-5.069032691387032052e-02,-1.476839740629162789e-04,-9.308109461358213960e-04,3.852340827105196178e-04
-1.565923441190097409e-01,8.940412365881453619e-03,-3.996025144938775142e-02,3.924713024524061414e-04,-7.267065570297891880e-04,-1.152484555208980183e-05
-1.392139970694512840e-01,-4.469964098186543847e-03,-3.835880191875440381e-02,5.309187959033846629e-04,-8.195327877968186514e-04,1.866740746372151183e-04
-1.250383713916944362e-01,-7.858362063265990349e-02,-4.256386551425639375e-02,-2.785996824814585340e-04,-8.037302849241163144e-04,-1.839026531813219391e-04
-1.598890665119834797e-01,-3.149060926013402817e-02,-6.383039238448162678e-02,1.899371532844023637e-04,-1.045390105003513037e-03,3.456261118063411772e-04
-1.331581866279941406e-01,-4.558385799948354994e-02,-4.858099131818982563e-02,1.521667782197798705e-05,-9.101092857593980068e-04,2.069390589742205861e-04
-1.751920135831107894e-01,-1.488271606678201811e-03,-7.417505096572130086e-02,2.906936981179773435e-04,-7.334003706540026535e-04,1.328745185458692502e-04
-1.747483761194111307e-01,-4.235187847197249833e-02,-5.873415937644987928e-02,3.024037594944960737e-04,-5.963839642072789327e-04,2.701692412643252037e-04
-1.056129937578171030e-01,-9.619960639005596670e-02,-3.818115072164984802e-02,-3.922974240129870494e-04,-8.650101246871974570e-04,-2.728573443594839551e-04
-1.194704171409141508e-01,-8.637136988190867448e-02,-6.639080325392709980e-02,-4.084470896231083472e-04,-9.167786005163571644e-04,-1.794043680417321059e-04
-1.865245737742644849e-01,-3.831096590957989989e-02,-5.131861423067185513e-02,1.608843401084986829e-05,-4.308765202322515503e-04,1.844897206647798610e-04
-1.643136729538999807e-01,-9.628711348498712394e-03,-6.208898615910940499e-02,4.256279807723229846e-04,-6.872723512103776772e-04,2.874700187055667286e-04
-1.688133497129864213e-01,-2.006964866433929781e-02,-5.045018191913630545e-02,3.081195718220004851e-04,-6.582158191264387420e-04,4.659770611297665193e-04
-1.057815739616414924e-01,-8.736046770887630208e-02,-2.019502385046179072e-02,-1.795923042480040803e-04,-9.604414598616498738e-04,-1.002044973247301628e-04
-1.446886527222987495e-01,-3.800534678379978437e-02,-9.223770566460975928e-02,1.442574983610790326e-04,-9.186177301050736654e-04,2.054568828774543511e-04
-1.459002942025441896e-01,-6.012547992603475833e-02,-6.849401873342242375e-02,-2.062473236910530253e-04,-6.999709622297484168e-04,-4.152530574440458614e-05
-1.560006203889048870e-01,-4.235107978044646421e-02,-4.521723692806989270e-02,2.184357320230030913e-04,-5.865028066487192049e-04,-6.829130055055484898e-05
-1.421862364916117449e-01,-2.351463060612905831e-02,-5.210030989643432697e-02,3.552530080308008865e-04,-5.665867985130256662e-04,-3.410629391801177856e-04
-1.007315626524074026e-01,-9.465046643656427339e-02,-4.472245231888294370e-02,-3.842712637772919410e-04,-1.263657200425667010e-03,-2.941740393785688933e-04
-1.325704234617283150e-01,-5.330095908626940326e-02,-3.401195382826038838e-02,6.377665655798395866e-05,-8.229241605670692405e-04,2.311515367991721123e-04
-1.822614791167065929e-01,-4.073861811309691799e-02,-8.328495619918774295e-02,-1.045406552846266622e-05,-4.375837380618911865e-04,-6.594999459344238308e-05
-1.476298131928786839e-01,-1.084223507431442413e-01,-3.945546296523150254e-02,-4.404491232016026579e-04,-6.133959875258623851e-04,-5.916254440475571214e-05
-1.624375576466405291e-01,-1.515051934569148877e-02,-6.420960225398464338e-02,1.897775096030966148e-04,-5.394013238006912375e-04,2.346585056648078254e-04
-9.209966440851707903e-02,-5.973471904581935388e-02,-4.772204676234648169e-02,2.760413757138448915e-07,-1.309309599441810246e-03,-2.127624384781437613e-04
-1.470035658479638130e-01,-3.251992126489879065e-02,-3.055344044640406764e-02,1.269951308307177597e-04,-7.037294155221394260e-04,1.916415700090874738e-04
-1.979387174738428679e-01,-1.200177022233275652e-02,-6.631645143783471141e-02,5.350518982597026602e-04,-3.044700120378909108e-04,-1.839267942326349554e-04
-9.419634493241815787e-02,-5.694551912516837566e-02,-4.521323248522945981e-02,2.764424233493065729e-04,-1.446536483969886738e-03,-1.294524762166659885e-04
-1.118519202261082507e-01,-2.545229523606477862e-02,-6.113080336957232852e-02,1.349335369358853516e-04,-9.677545688222370657e-04,-2.733952629682661207e-05
-3.408582381763913122e-02,-9.200926748980545189e-02,-2.971749031261095020e-02,-4.481585365690948612e-04,-1.798028510174864286e-03,-4.792762783792378438e-04
-5.261604693242186853e-02,-3.628707948485600070e-03,-6.364004048530702562e-02,6.097012265720502203e-04,-1.610043701308228742e-03,5.865782002013238827e-05
-1.210551406572178690e-01,-1.012642415961848147e-01,-3.813672660048972318e-02,-2.847559437760408593e-04,-1.054815690026333561e-03,-9.908252150972767967e-05
-7.723545503865174577e-01,1.977976446080788597e-01,-5.339685782895302602e-01,-3.362359977243700553e-03,-2.927719621221723870e-02,-1.519720153751004214e-02
-1.411811992660149187e-02,-5.121102685683894679e-02,-3.209874292150216579e-01,-3.414049481678562217e-03,-3.459938979299320705e-02,-6.885983341538297678e-03
-2.082366314242102279e-01,-8.780979866874111250e-02,-3.410619346545729069e-01,-4.899317808672760954e-03,-3.871141728396017972e-02,-9.648495729105114813e-03
-1.623277981865035302e-01,1.488771868003289367e-01,-4.406609796069917984e-01,-3.949569765439362931e-03,-5.526751498169870519e-02,-1.134788097681797836e-02
-4.614078570781613431e-01,-1.439077903789245938e-02,-5.260446694415759072e-01,-1.021915715672965094e-03,-6.118479541766722735e-02,-6.606431611044193825e-03
-7.052147479895404247e-01,1.807406225226507179e-02,-5.657538465754297086e-01,2.141221300016193322e-03,-4.993856122902717160e-02,-3.833750861264867069e-03
-5.328932601584682738e-01,-2.280258323071664150e-01,-4.463417856593865363e-01,2.462743459324198778e-03,-3.504667303875397960e-02,2.681552093247982927e-03
-3.375001983323631105e-01,-1.694116582985925601e-01,-2.901280787780342596e-01,3.557874220498594576e-03,-2.911609769292585609e-02,4.407948908672151486e-03
-1.701519805347869729e-01,-2.419937962636766471e-01,-3.302089888301109610e-01,2.524268583162943367e-03,-3.482672406717265967e-02,4.282263376381943536e-03
-1.655638246441442640e-01,-2.610151133741464013e-01,-7.698297181398110478e-01,-1.680911057397303787e-02,-8.074160915460569521e-02,-4.311033675350128824e-03
-8.302876821307193511e-01,3.928787696032355614e-02,-1.052267980153309912e+00,-1.862477242362958751e-02,-9.829015486961231729e-02,-1.753172803604917743e-02
-8.421996843145473921e-01,5.887163688867358413e-02,-1.130826574948055940e+00,-2.356204457788332873e-02,-9.765027646371628178e-02,-3.591288138728029183e-02
-5.770863735918976278e-01,5.185776540789074213e-02,-9.682434023797548139e-01,-3.161903219346880178e-02,-9.040503060358572041e-02,-6.373684793782134761e-02
-3.953722311186665950e-01,1.111643147489532080e+00,-9.460218934466142482e-01,-5.456208515391333495e-03,-6.851856652302566741e-02,-6.251097937783228753e-02
5.949706394056630820e-01,-4.079444820880982758e-03,4.262694461188765160e-01,3.522220885895230996e-02,3.703880434338284455e-02,8.288354645528120054e-03
1.315433696717565715e+00,-8.386178223642507534e-01,2.948254417951713391e-01,2.197912421834188890e-02,1.761265560349549106e-02,5.538362424820798997e-03
1.150826251965610059e+00,-6.398409396632721569e-01,2.596860392350164304e-02,2.492151890626750216e-02,2.286546876529422373e-02,7.526914251328142326e-03
1.336276043043986395e+00,-1.719465747117959076e+00,2.479704911292257563e-02,-7.685919269479157129e-03,2.368994975190355859e-02,-3.062609526359865407e-03
1.933475559653477172e+00,-2.652397570538630678e+00,3.928042195184028307e-01,-6.930918387055481911e-02,2.323979109094236745e-02,-7.198777777764370223e-02
1.705422766101245102e+00,-1.094999071936942903e+00,5.026347280145669894e-01,-2.207447179018571792e-01,-6.612425052743303722e-02,-3.690052783344782705e-01
6.375536567912423180e-01,1.790966132211384565e+00,-1.415367535093423612e-01,-2.816468781230623830e-01,-1.271788249732205556e-01,-5.757793279243305085e-01
-1.034651881342823154e+00,5.257083322492896116e+00,1.838903090503245519e-01,-2.559274824956385141e-01,-7.376612632730114583e-02,-6.765503018689978942e-01
-8.336738789588638010e-02,5.666094541861012246e+00,1.168423665249966881e-01,-2.449973258514486774e-01,-6.724930135902155992e-02,-6.895468064727732216e-01
8.539429534335960525e-01,4.884697869083818311e+00,3.814122935917279023e-01,-2.288044569310329346e-01,-5.063981221998135190e-02,-6.594088353304724537e-01
7.974119640019636801e-01,3.564013441804358973e+00,9.667587837175486420e-01,-2.475460851769294424e-01,-2.473107149403142718e-02,-7.200717529892097790e-01
-3.057175678782235173e-01,5.437971363197661390e+00,1.246638253512638572e+00,-1.999132246431897242e-01,3.616351031801546059e-03,-7.438291232351602611e-01
-1.995370250775540533e-01,3.593355671860802847e+00,1.736999869595486690e+00,-1.834594135013642990e-01,5.582474372766543097e-02,-6.887939878034318175e-01
9.944965038216119213e-01,2.550443916085992857e+00,1.892179937601098594e+00,-2.073118798520230954e-01,7.875361728175532539e-02,-6.989437393955740818e-01
4.390146846349589072e-01,5.253204503961811156e+00,1.761174346999099694e+00,-2.241789913920717858e-01,7.918021400618706351e-02,-7.940855158599758878e-01
3.510237961210087576e-01,5.446206951280250230e+00,1.837579605062195309e+00,-2.085377754044051568e-01,1.050314628646472764e-01,-7.839150477509639892e-01
8.525012663142086389e-01,4.279379500993443664e+00,1.974972019851095606e+00,-2.289831289099478751e-01,1.112525270938750227e-01,-7.932303734281495045e-01
1.340911717651983359e+00,4.518499838906032018e+00,2.173643907468010283e+00,-2.594832750906934660e-01,9.742789257942043035e-02,-8.575589259437397249e-01
1.209593226962334955e-01,7.140430850827561571e+00,2.168258442189349378e+00,-2.438027129840886209e-01,1.073950835600954584e-01,-8.882995200521909274e-01
8.071035771673662484e-01,5.963869124719416881e+00,1.943218130371900054e+00,-2.224282509352796255e-01,1.168372858533505837e-01,-8.265308558268871231e-01
5.235912732643954737e-01,5.708176289064361697e+00,2.084522098690475111e+00,-2.510185127297622776e-01,1.301578182554209151e-01,-8.677102292029397201e-01
9.495182692006139957e-01,7.562049143096091441e+00,2.358410940427799751e+00,-2.487565107206084203e-01,1.353848169528343026e-01,-9.107330769548764859e-01
7.342007062013047314e-01,8.862330695352634180e+00,2.111089442603674371e+00,-1.791813886123403976e-01,1.472143131634782720e-01,-8.517186876662097283e-01
1.208644884501315575e+00,6.035462724821723413e+00,2.012885070744961258e+00,-1.737469676095863003e-01,1.401853208083746749e-01,-7.878755285296719091e-01
2.076377821073915886e+00,3.708226177790324485e+00,2.225959912315057299e+00,-2.465449864927924672e-01,1.117740617069376136e-01,-8.494986157217054856e-01
8.654203657809431682e-01,8.589457154291975982e+00,1.911611606632096727e+00,-1.909440795382911227e-01,9.875408204234370491e-02,-9.230092721684265422e-01
8.449544163859626922e-01,6.938289903904773404e+00,1.692359514543604337e+00,-1.719748979152563861e-01,9.916408586110521395e-02,-8.776311842089824511e-01
1.604698528246782940e+00,4.612649660556666475e+00,1.946012561834803645e+00,-2.127233350750119267e-01,9.487261412675519756e-02,-8.615047474738053435e-01
1.306090796543561527e+00,6.131318463325165169e+00,1.814463038930568484e+00,-2.663162506968267396e-01,4.881002518573047955e-02,-9.572051339981002549e-01
6.216045317356918565e-01,8.755342430242103902e+00,1.276276497664834197e+00,-2.053366572488732333e-01,3.743393411420603556e-02,-9.201120395403129537e-01
7.402099583313297426e-01,7.474328703640605198e+00,1.410682577772734314e+00,-1.972670169737631707e-01,4.362868920176694865e-02,-8.355654100065047496e-01
1.257502561378742945e+00,5.944583074553967172e+00,1.455894475350144157e+00,-2.668367803593744703e-01,4.885161761316345747e-03,-8.666606429088590247e-01
4.968113671471536263e-01,9.255060309660542828e+00,1.009562172416439418e+00,-2.235541913275311821e-01,-1.952455180818478409e-02,-8.787663585281236811e-01
7.583273058394882638e-01,8.826398078771823918e+00,6.541571718386335332e-01,-1.634080425944973436e-01,-3.305495404585419988e-02,-7.542170518185105088e-01
6.223668544639044953e-01,5.518673603787854987e+00,4.330667495058486693e-01,-1.430379322394317587e-01,-7.265668694489804680e-02,-6.077331181848417696e-01
6.650817708230490899e-01,4.794711311491315797e+00,6.600419711028449044e-02,-1.313207662908675299e-01,-1.055844184131374125e-01,-5.302963666815353472e-01
-4.694475324559179708e-01,5.900550634499783342e+00,-9.572707049363571308e-02,-6.357801175972049856e-02,-9.516509649816000393e-02,-4.387732641005346323e-01
-2.426782026131957259e+00,6.959217980200904208e+00,-1.341011215316437744e+00,4.275560656252565261e-02,-5.694149861244522659e-02,-2.720335360937349845e-01
-1.599288784102066430e-01,1.818551095546884877e+00,3.282355920478818856e-01,6.068480764850735926e-02,-1.130907148077405985e-02,-8.249402481573499257e-02
-1.905761230709995369e+00,-3.101150652261634444e-01,3.647904245087967290e-01,3.883358497833993422e-02,-3.438795604980206255e-02,-1.202750161401155635e-02
-1.425119917003369041e+00,-3.216177574774618519e-01,2.265413327676975008e-01,4.765439888822262798e-02,-5.859765964049476472e-02,1.828096071639178505e-02
-2.419977185744404125e+00,-7.665334640044674241e-01,7.131677287218786132e-01,3.826161431656397577e-02,-4.201071128028559254e-02,2.674374258434981250e-02
-2.497585356403868584e+00,-3.403246934160205073e-01,8.788781225033135414e-01,3.437001572133775718e-02,-4.327612859204103130e-02,1.891389922240184485e-02
-3.124044544422854397e+00,3.108846231525645709e-02,6.477382595305851698e-01,4.666621855046405865e-02,-5.330739726999726702e-02,2.494742770693575418e-02
-3.766848201564655607e+00,-4.355423523635227889e-01,1.254594408047278176e-01,7.571975900922016389e-02,-3.427680102446088034e-02,8.765182087465735183e-02
-3.765373207914905151e+00,-4.692748783668445611e-01,9.274347094277457515e-02,1.074378204597533498e-01,1.993203049602929738e-02,1.461824494165836208e-01
-3.596832244391090949e+00,-1.097083348499867217e+00,2.466741230528267659e-01,1.372733070986283666e-01,7.090126283326461665e-02,2.192697758283491671e-01
-2.928631754697298195e+00,-1.519583845926021581e+00,2.740998505547196373e-01,1.634161456962655024e-01,7.799808356345123983e-02,2.995750925472814852e-01
-4.034792056791799197e+00,-1.607192447234730093e+00,-1.383685930255054153e-01,2.059768401644198055e-01,9.612698398428491664e-02,4.025662811547284781e-01
-5.112935074701833393e+00,-3.251408824069495385e+00,-2.212415773558586984e-01,2.764553579029196961e-01,1.929630520757151524e-01,6.059009688017007456e-01
-5.170057135694211325e+00,-4.085798862036436496e+00,-1.123770749907722077e-01,3.225034378059664086e-01,2.882647211460198089e-01,7.330305787271180762e-01
-4.112512585978810975e+00,-4.859166082461472413e+00,2.989028770896314802e-01,3.565948470567629203e-01,3.543427791879142918e-01,8.422872370359463234e-01
-4.107452731492913678e+00,-6.282024796037434022e+00,3.835493957796497488e-01,3.582387459676992236e-01,3.867685824700189401e-01,9.099490238737149017e-01
-3.978247165763023840e+00,-6.802603728954998985e+00,9.106849460421326814e-01,3.432320112278721136e-01,4.074349695866545940e-01,9.221674755026703085e-01
-4.305270147831070204e+00,-6.436095916673711059e+00,9.429624743717950341e-01,3.031962516081710968e-01,4.200866257875926491e-01,8.770337597817926545e-01
-4.108402364997327361e+00,-5.411900138502073077e+00,8.489643564231433848e-01,2.971531141767358442e-01,4.327895766753027118e-01,8.653461106879404285e-01
-3.147727851468208993e+00,-6.449984007003370046e+00,1.068747501908793751e+00,2.611787861230640551e-01,4.368000711963637150e-01,8.479320271974890577e-01
-3.348100495270679211e+00,-5.923831211634821514e+00,5.840509667852379350e-01,2.184138973252847948e-01,4.145503250812867524e-01,7.798598870446123987e-01
-2.559562689080527420e+00,-4.435926706083987092e+00,4.869944546460472923e-01,1.907067021123333428e-01,3.771198763261032205e-01,7.066793251081749938e-01
-3.148879063827388247e+00,-3.247681906209324509e+00,-1.317928386938620466e-01,1.903986298796114252e-01,3.583648103535889695e-01,6.539375774960209942e-01
-3.126862940814604030e+00,-2.921363234227616790e+00,-1.718986102900050827e-01,1.873590979261860745e-01,3.684047606014896892e-01,6.249716106120511983e-01
-2.465750783764814269e+00,-2.583368106489246419e+00,-4.884859127915630594e-02,1.948512892000724417e-01,3.526832053464806771e-01,6.159839103031322649e-01
-3.038279568636538475e+00,-1.605593140620022563e+00,-2.510489519340712850e-01,2.417395498091673423e-01,3.310160284092877325e-01,6.251945021972727945e-01
-3.146428926663165093e+00,-1.965376387633244848e+00,-5.084596655094666406e-01,3.190133984276725676e-01,3.478076749392602918e-01,7.160477490671364187e-01
-1.872576532266465366e+00,-5.226862285146173015e+00,-1.937968871998774212e-02,3.462802638964021518e-01,3.767322983541495640e-01,8.174457621709049215e-01
-1.308592280231618110e+00,-7.015543286448475691e+00,4.219853123814035767e-01,3.106113978309278378e-01,3.665330236663367769e-01,7.939479664600138653e-01
-1.919002405841863990e+00,-5.959015712976801105e+00,2.571196870443751559e-01,2.933200969081299347e-01,3.499239566179974670e-01,7.081130806757346408e-01
-6.631378969099254173e-01,-6.039223298884939695e+00,2.842599286495274269e-01,2.662368286141707507e-01,2.963844400392593448e-01,6.433465025635634049e-01
-1.065600546848592733e+00,-6.303963445783450581e+00,7.791683282484629380e-02,1.889091161568929034e-01,2.335909352255869931e-01,4.976711288719828929e-01
-1.141978967979951465e+00,-3.617368409091727077e+00,-5.095940939261873748e-01,1.188436637357551950e-01,1.238224900105942688e-01,2.912606685158556363e-01
-1.381922678528221482e+00,-3.099249551523664881e+00,-1.133869410076896456e+00,4.467845180069295041e-02,6.607230342954284463e-02,1.564046066752305952e-01
-5.744135882592796838e-01,-1.310550006544015211e+00,-1.486919147053888723e+00,-1.245991648192941448e-02,-1.034277941179750221e-02,1.958627060944346382e-02
-1.148429602848885178e+00,8.008335031294151474e-01,-2.118157050065957669e+00,-3.479630752827053003e-02,-6.308226407645063649e-02,-8.502573002268339064e-02
-1.375306126632112269e+00,3.144634749261249418e+00,-2.619368064193596801e+00,7.307485576724117096e-03,-7.532203169949532040e-02,-1.027842287674762545e-01
-2.456489362977213875e-01,2.433813199182289999e+00,-2.118953491177742343e+00,6.762714575626792290e-02,-1.121310377103594547e-01,-5.221914413094123908e-02
-8.818908432158738542e-01,1.911438952877182462e-01,-2.787381290313560633e+00,9.353082261008661968e-02,-1.330833080106119948e-01,-6.649359051015185651e-03
-6.438403453708980706e-01,-3.233927114939613157e-01,-2.634818823432499180e+00,7.506398740532878311e-02,-1.034728581208464587e-01,-1.313289355180367358e-03
-1.737027098539388192e-01,-5.153467099633788351e-01,-2.178368150839001594e+00,5.460917254507750146e-02,-8.777466763025082441e-02,2.641755145021926730e-03
8.916320644993036559e-01,5.382502329878244840e-01,-1.916692826084526180e+00,9.247462274648599045e-02,-1.288351812414789965e-01,5.624486769400421915e-02
-6.081583007117884881e-02,-8.068430842616479692e-01,-1.827567820485388461e+00,9.781064853780181700e-02,-1.207760068082845972e-01,9.553058153733190450e-02
1.515256572915348043e-01,-1.319424564393804289e+00,-1.518049432015077249e+00,8.370051103660954006e-02,-1.139350681090523371e-01,1.121550109416575430e-01
6.859484016410177798e-02,-1.543960095860334114e+00,-1.535847897660500783e+00,6.708547973930800712e-02,-1.068318847094240076e-01,1.136458108563327268e-01
-1.948106702870041895e-01,-8.440438214825913832e-01,-1.183888501314360520e+00,4.756869594796700462e-02,-7.882443471744003671e-02,8.863283103851929412e-02
-2.868647335278829980e-01,-5.549929840276087711e-01,-9.172481713617586241e-01,3.743841373354904467e-02,-5.157376458069526382e-02,7.914465450676831659e-02
-5.437531975776458415e-01,2.441811160160647087e-01,-5.345828524620677147e-01,1.812756769227944625e-02,-1.935456537624081000e-02,2.290309477349313297e-02
-5.315184312324424676e-01,6.014598001838057373e-01,-3.097085888061474890e-01,1.765285950841619447e-02,-6.291085275512175654e-03,6.316948017165690057e-03
-3.848428329671520487e-01,8.376432639298539984e-01,-1.699923432507421950e-01,2.098565986294655822e-02,-3.000586162664331188e-03,2.128661315649168270e-03
-4.103759658467978633e-01,5.118191339352179403e-01,-2.249478168207874607e-01,1.777805751723316938e-02,-3.925109279427872744e-04,2.841633330434031358e-03
-3.657903577198794443e-01,7.673985847914355229e-01,-4.870848009175698934e-03,1.467442870655253674e-02,6.831186249443531311e-04,4.691580680404613501e-04
-6.051542801242483505e-02,1.395706513803423698e+00,-2.025723543775588276e-01,4.119687115732391380e-02,-1.720850895986893864e-02,7.486160952702419075e-03
-9.426762214386936733e-01,-6.783168046805788665e-01,-2.911130489047961678e-01,1.865202832235146255e-02,-1.029571795168607133e-02,1.575829486823880632e-02
-6.150236030817306521e-01,3.038250138105417220e-01,-1.352022676030644188e-01,1.742876519341611183e-02,-1.810488827862635069e-03,5.928989106004847222e-03
-5.033641075368409101e-01,8.905104773498484505e-01,-1.578942781627614700e-01,2.092750090153234696e-02,-1.434624063228919291e-03,5.657724584618940324e-03
-3.256791326901936068e-01,6.074891885987210305e-01,-1.081794258252011254e-02,1.073307855905573233e-02,6.898572228898579295e-04,8.767353707460285098e-04
-3.839666941756540441e-01,7.177314352356869431e-01,-1.655749692303687404e-02,1.052350408964447190e-02,1.671993640559352179e-03,-1.109105667920879344e-04
-3.535481040736590530e-01,7.484977614306062010e-01,-5.620783795910355707e-02,9.799418417466263659e-03,1.254200760459150965e-03,-8.049689391770753922e-05
-4.375496009011058396e-01,8.143446028624198307e-01,8.283413550658424995e-03,9.200026811391114057e-03,2.122918759728881916e-03,-1.081159729096143858e-03
-6.482079284312166623e-01,9.742498654879836462e-01,-1.806615128110400370e-02,1.154554214564384833e-02,3.921500458560335176e-03,1.430178320072940097e-04
-4.975495277222861112e-01,8.398539117296465184e-01,-3.799441481646215202e-02,9.550951151243968970e-03,2.484033810496838121e-03,-7.381467078348091749e-04
-3.973703322002885563e-01,8.208966098975144510e-01,-2.884338817630682783e-02,9.876902235648082548e-03,1.558290579741666501e-03,-7.005631538060310293e-04
-3.892699836507608757e-01,8.349390750694920538e-01,-7.519635294619853028e-03,1.088993438217742034e-02,1.539174518467235214e-03,-5.750534130467933403e-04
-3.909728819827493207e-01,7.647368776236220800e-01,-9.032072760410514434e-03,1.058864899876817665e-02,1.722347737743653434e-03,-2.654113294752568210e-04
-5.349410935279113044e-01,7.905590483664721724e-01,-2.873460261766758173e-02,1.172039974355932983e-02,2.742057079491126356e-03,5.051372546803061534e-04
-4.488966278344129757e-01,7.370605319015322010e-01,-5.920610390898350950e-02,1.222209694657127622e-02,2.113543951201149809e-03,3.677055815469084115e-04
-4.142096536903457915e-01,6.415212815727567852e-01,-1.046983772327947371e-02,1.080975863285345111e-02,1.765347921670918849e-03,4.223116254338455311e-04
-4.032040310057895538e-01,6.776141751685326176e-01,-4.653370611329710194e-02,1.164216545875202714e-02,1.671058346944354761e-03,6.765104774993441683e-04
-3.402140481820353224e-01,6.770834725522539843e-01,-3.492294451216992890e-02,1.078181516429926531e-02,1.091699217422146054e-03,7.660227219147376166e-04
-5.634714150110035069e-01,7.697055241993780994e-01,-1.053420989424602716e-02,1.139446206002616736e-02,3.440675921455619082e-03,6.574523273705376808e-04
-4.503865568886257220e-01,7.970677250747789655e-01,-2.715122854767493266e-02,1.023304454381806020e-02,2.322896125238300274e-03,-5.960131976196705742e-04
-3.714083107978708997e-01,7.550661365348041443e-01,-1.688614765084039959e-02,9.271318246924838830e-03,1.346280794713512058e-03,-8.587782429476965027e-04
-3.857825652489981771e-01,8.646322623105618943e-01,-2.375044111333957098e-02,1.094734758164394271e-02,1.863100566474592407e-03,-1.145147396256439992e-03
-3.926214762596735852e-01,7.397188884538775655e-01,-2.210943773245976907e-02,9.077393900525813214e-03,1.596549555954236699e-03,-5.253706131691329197e-04
-5.601963340862398111e-01,8.638292452202136484e-01,-8.354600671688583446e-03,1.032934666018815728e-02,2.665518671755537014e-03,-2.522546963439899984e-05
-3.505515433530625447e-01,7.633108457591597507e-01,4.454362764578778666e-03,1.030321056602627634e-02,1.135048794970781524e-03,-6.146874284416626189e-04
-3.761308127100230214e-01,7.345149681559811627e-01,-1.365267787751522910e-02,1.064270964452426228e-02,1.566690689816621282e-03,-2.178606354831451417e-04
-4.237710445094103884e-01,7.535091509364704176e-01,-1.307751722493111224e-02,1.151250227320756159e-02,1.709116204984975282e-03,-1.214873854950009220e-04
-3.832600359577695848e-01,6.415697105557560675e-01,-2.623681711402525707e-02,1.143406292418163231e-02,1.695431546474434129e-03,6.434172925188833252e-04
-5.218644263199733180e-01,7.875100829786244594e-01,-5.292842414848397681e-03,1.131076490604588161e-02,2.765938710338427739e-03,7.572578695424591992e-04
-4.428565368368154731e-01,7.203970494062804653e-01,2.990613169630229606e-03,1.111135399274204572e-02,2.235748342756575802e-03,4.888019810712378914e-04
-3.633170409540639190e-01,6.881071646818905929e-01,1.586439296032193802e-02,1.044545996010382352e-02,1.454633589900247020e-03,-4.800753936526849395e-04
-4.774597056035568832e-01,7.078041167320171523e-01,-3.264922666606806523e-02,1.049580989319165436e-02,2.472820976901709406e-03,3.265045923807559152e-04
-3.570691465841501766e-01,6.724659685656035890e-01,-3.286992580561887145e-02,9.315417896988658145e-03,1.409431600959364789e-03,-6.915199864655574916e-04
-5.569718802409178160e-01,8.493259500364157555e-01,-9.945900597876367044e-03,1.064296975600050391e-02,3.143190576321629875e-03,-9.223849526249577554e-05
-4.066212677226899719e-01,7.176560097768784896e-01,-4.025598066137114905e-02,1.010882765507970654e-02,1.909731777740663120e-03,-2.402606925729325500e-04
-3.825279385408077992e-01,7.960102463382150439e-01,-3.526703255709917606e-02,1.063275772004940167e-02,1.521959841394379329e-03,-8.641547717778616782e-05
-3.599416730679916854e-01,7.377415169278751517e-01,8.195300782340764201e-03,1.001576903121208922e-02,1.375553765337230935e-03,-5.557972586866425464e-04
-4.273088252381772589e-01,7.882878428706999729e-01,-3.159088653238928401e-02,1.088580764382032079e-02,1.976100165070269685e-03,-3.060817639118524887e-04
-4.286922553859121576e-01,8.031947981243785506e-01,-5.389490457960710579e-02,1.101330347556790830e-02,1.376715633875142189e-03,2.040788374441063636e-04
-3.554181964328463339e-01,7.291002674289015495e-01,-2.668515027924756033e-02,1.103982461842342548e-02,1.332907754073901774e-03,-3.752217582731288211e-04
-4.517724148943809137e-01,7.229971378981172592e-01,9.985010606157418422e-03,1.030849367222454703e-02,2.435325369602295287e-03,3.526200407006320416e-05
-4.044636838843737592e-01,7.467266015512437072e-01,-3.093852229384763675e-02,1.039480707759658264e-02,1.769305610138402138e-03,-9.016843365529188703e-05
-3.930244486614783428e-01,7.267275557270385100e-01,-4.143958914400913685e-02,1.102513000985910416e-02,1.473702973145229675e-03,-1.208746849611805839e-04
-4.410981747253236995e-01,7.734648899996662275e-01,-1.961112056181679719e-02,1.155820360480350195e-02,2.158369133952418861e-03,4.370235302025828267e-04
-3.358450225794346045e-01,6.875381043934828407e-01,-9.813406054290041425e-03,1.006481052550775579e-02,1.425094834514093259e-03,-4.150283448586832881e-05
-3.638963821819986011e-01,7.407623091733784859e-01,-1.882828896735411206e-03,1.058765865987291652e-02,1.389614309483146529e-03,-9.846831968996619714e-05
-3.506535803669970086e-01,7.190026204497551587e-01,-2.211526491623438950e-02,1.019299839863262169e-02,1.175457570057894530e-03,-1.951982420657246125e-04
-3.841959738653046297e-01,7.710870152829014668e-01,-1.922657469824828880e-02,1.043516726676712268e-02,1.383561133688506611e-03,-1.289975135295392302e-04
-5.113675026797450673e-01,7.770466681174325041e-01,-1.872421502155607875e-02,1.037286317052866190e-02,2.839863900212560507e-03,-2.100966815467035433e-04
-3.703108078970830941e-01,7.083064087647156226e-01,-3.305386488514860943e-03,9.897716873171915827e-03,1.624445559210749290e-03,-5.327100334755966848e-04
-4.753967114857992060e-01,8.635486754644005059e-01,1.785387789388748203e-03,1.115161404743008657e-02,2.541736608310491558e-03,-1.272564190553308709e-04
-3.607520322121304246e-01,7.217484521089924110e-01,-2.447748869983557007e-02,1.038875049835279694e-02,1.158536594871808004e-03,-8.135805784515157991e-04
-3.772497725748063524e-01,6.806914229333053123e-01,-6.061857753233912405e-02,1.053582410651809215e-02,1.504966737627752224e-03,-6.774232006826681513e-05
-5.302082742967715312e-01,8.015975553491430095e-01,-4.006794717549100326e-02,1.108472856958592732e-02,2.593201028667878674e-03,9.610742579125213306e-04
-3.964679233199162045e-01,7.118278351668103632e-01,1.386089501582432604e-02,9.985408722720658797e-03,1.982986777283674007e-03,-2.381370595012546453e-04
-4.502766745861176978e-01,7.770913721799201923e-01,-7.489122990174124084e-03,1.097988503047256370e-02,2.167346295862467020e-03,-2.226965853255558027e-05
-4.099568251780889017e-01,7.272434592733070247e-01,-4.133442200713877135e-02,1.060361391634132705e-02,1.715492284658259523e-03,9.539910955655634458e-05
-3.920649907339767148e-01,6.614182903647352063e-01,-7.210733051514317538e-03,9.938347128361772753e-03,1.687440021806527191e-03,-2.696041157228858121e-04
-3.194476549351654704e-01,7.629982391823925125e-01,-5.267057639440686501e-03,1.031542651490539864e-02,8.113629671707717900e-04,-2.909250010964797698e-04
-3.691215233349273706e-01,7.130714844945753583e-01,-2.060010846160076348e-02,9.898627108710218031e-03,1.513728275274709920e-03,-3.321577715518113979e-04
-3.989322654887220709e-01,7.752404464420994401e-01,8.055386337770809035e-04,1.085172068435046391e-02,1.628373524585377541e-03,-9.991974400701286209e-05
-4.218433329723038638e-01,7.259431345922415790e-01,-2.453183407322523379e-02,1.051779032742553195e-02,1.820253187557989080e-03,1.741505672579223344e-04
-3.734903376379035134e-01,6.815827821713005275e-01,-1.363312935812777127e-02,1.019576422268837768e-02,1.270678872957377303e-03,9.509666565726731581e-05
-5.523929820555613102e-01,8.535982845469811675e-01,5.918546989105211154e-03,1.116757481671997593e-02,2.964247775471823623e-03,3.027630225051561601e-04
-3.487099898183705915e-01,7.245285955665299316e-01,-2.263054764990890533e-02,1.026677345865997792e-02,1.232378741792607493e-03,-7.867112449310085230e-05
-3.968965172613463932e-01,7.153463069458632084e-01,2.393902321579721715e-02,1.019058365871511850e-02,1.706394775779423306e-03,-2.029815590305440785e-04
-4.177020000589258819e-01,7.101296142695127100e-01,2.196078936895995426e-03,1.061197768294040375e-02,1.900599043997332899e-03,-5.168938138793322413e-05
-3.590439172426137526e-01,7.266878695391610909e-01,-3.094239170264967420e-02,1.049130875493843075e-02,1.016370998182478461e-03,2.244275352801216846e-04
-4.013812069885664968e-01,7.597501565520912159e-01,-2.459091653190137450e-02,1.045423111799968947e-02,1.706607527748179101e-03,4.170242457305324362e-05
-3.693513429372281553e-01,6.854768898809865396e-01,-7.892925386910443208e-03,1.007502585348044565e-02,1.704974262268394228e-03,-3.918490232349763295e-04
-3.776002652241337576e-01,6.909690137241899510e-01,-3.055402481736324560e-02,1.005304262021117917e-02,1.515841151513361296e-03,-3.388853900449162113e-04
-3.749477661057595834e-01,7.269571263407141881e-01,1.400515566785109911e-05,1.036383867956584652e-02,1.480025533129529502e-03,1.212483480171930956e-05
-3.808695174103503556e-01,7.104419167891093956e-01,-2.784096666216040461e-02,1.001520298648311824e-02,1.506225390122245197e-03,-2.421628657899865280e-04
-4.889190614914677435e-01,7.998666051572991265e-01,1.971186067921681939e-03,1.078094953227765398e-02,2.628370545418699453e-03,2.261229889210356785e-04
-3.866695739710755420e-01,6.924597062441792961e-01,-2.430567286920859438e-02,1.033767360143222902e-02,1.626066649035777176e-03,-3.245315394361949590e-04
-3.606506802202129047e-01,6.821545184777846327e-01,-2.471864020509362270e-02,1.014036824884597711e-02,1.335632288728676176e-03,-3.620393057855798347e-05
-4.212666120191354557e-01,7.516247168116896304e-01,-3.751602406436571613e-03,1.068735915764735048e-02,1.689612046279228771e-03,-5.103024981442240795e-05
-4.234657856560899436e-01,7.464428183861423483e-01,-3.264883251476025094e-02,1.049106136229144108e-02,1.840131199024199957e-03,1.897620149027487977e-05
-2.740788178932627162e-01,6.179022747623877931e-01,5.039676186269215208e-04,9.382007419459876055e-03,7.159982274830452298e-04,-6.865311202098298192e-04
-4.103570598314865148e-01,7.209441001029017748e-01,-1.313883704246254780e-02,1.048644810295122631e-02,1.905099104596311155e-03,-1.743788566414049637e-04
-3.296803412583480530e-01,7.111786493844459711e-01,-1.394719974208769031e-02,1.009141333560408839e-02,1.076027160353954307e-03,-1.478173397776007063e-04
-3.979543692847362091e-01,7.600813370161194626e-01,-2.188998218325943768e-02,1.051181068719289798e-02,1.708858990726008775e-03,-8.166441134400295016e-05
-4.227634789494749135e-01,7.655772909307304586e-01,-2.443492150736492619e-02,1.027922476756176762e-02,2.003383010255505720e-03,-1.828024299918372777e-04
-3.548150611177235403e-01,7.260978687272376941e-01,-6.334720984737751692e-03,1.031934460337204616e-02,1.256026973882707481e-03,-3.893117437818353704e-04
-4.587094635117268671e-01,7.315595703389824456e-01,-2.658454433530521577e-02,1.028867811027435117e-02,2.206801992722141892e-03,5.997012525640213021e-05
-3.709114638223909854e-01,6.881785687832318033e-01,6.727756835664067125e-03,1.003240732385352225e-02,1.289742998862794532e-03,-2.113217124133605546e-04
-4.331342891381001481e-01,7.395476391420600093e-01,-1.911936010293868726e-02,1.088469174955184957e-02,2.143105413626680833e-03,-8.571803890340903994e-05
-4.359011093688239247e-01,7.616894609295149499e-01,-3.015422542046741761e-02,1.078769185286087770e-02,2.220921420553448669e-03,9.134235094818325489e-05
-3.532107170573475785e-01,6.934332921064224609e-01,-4.808879624842377076e-02,1.021068321219905164e-02,1.225730190207928796e-03,-2.390622301862738055e-04
-3.836487575074714051e-01,7.135608458428576162e-01,-1.632326924009031011e-02,1.011360514102076398e-02,1.849065878662656953e-03,-3.171334210485216108e-04
-4.090788803894285786e-01,6.967157094842140186e-01,-1.353473341451860712e-02,1.002839025287389878e-02,1.898039506111262945e-03,-1.421149617163977770e-04
-3.404477513216858098e-01,7.109765637423736129e-01,-2.693502721022089652e-02,1.013175579799021828e-02,1.115259403795646614e-03,-3.413179998310667332e-04
-4.207515348664326305e-01,7.822230970943080397e-01,-2.323354909195285423e-02,1.077220128672583092e-02,1.931477170748076289e-03,-2.362123135933319061e-04
-3.146395845627277810e-01,7.164245854502663269e-01,-4.152100106922529399e-02,1.030136426230713123e-02,1.068142877498701529e-03,-3.346023959338771886e-04
-4.429363389202425894e-01,7.759582738868806562e-01,-3.023781571946826396e-02,1.043130202574691495e-02,2.092091347827094300e-03,-1.352975340938783249e-04
-4.654636193795147481e-01,7.699737699807032154e-01,-1.818243927519147540e-02,1.095769853748777660e-02,2.698087314521502647e-03,-1.587330695551325273e-04
-3.695673015744707079e-01,7.667825538467522017e-01,-2.638204160839840995e-02,1.078091800161769774e-02,1.425466975271303186e-03,8.069992980869742424e-05
-4.449259119097492832e-01,7.449899721348983705e-01,1.731545205471363147e-03,1.063021051157544451e-02,2.244692872984566101e-03,-9.535923187394066813e-05
-3.594080428918828840e-01,7.623273517936735022e-01,-2.653684685097124074e-02,1.058126580562719458e-02,1.349655696762368240e-03,-3.091549930494743182e-04
-4.915252960654398207e-01,7.804902053102446002e-01,3.379807593233641327e-03,1.118478281023734845e-02,2.861224087570798588e-03,1.592121440851615465e-04
-3.890713653306138720e-01,7.032203228464460887e-01,-2.391105953684236063e-02,1.003438549957161655e-02,1.556968649145369990e-03,2.751479063237795893e-04
-3.887424662040901424e-01,7.097004595195400833e-01,-1.359631486775603193e-02,1.027688841377834457e-02,1.496264139030362497e-03,-2.419206821577970883e-04
-3.603900834508026452e-01,7.625710307551641920e-01,-2.621963535298288406e-02,1.084092517647772258e-02,1.305084904720591604e-03,9.654066061771043135e-05
-3.528302846628662004e-01,7.000698627497751181e-01,-1.396776219471873581e-02,9.946138743053308320e-03,1.425643760943614419e-03,-2.583629330736191194e-04
-3.420006888811120693e-01,6.524148727651942758e-01,5.518667248912034751e-03,9.820607424862777199e-03,1.387313840158412720e-03,-1.213034166068945909e-03
-5.139167874027066318e-01,7.796597995879384069e-01,-3.080862756146496295e-03,1.048681105899441392e-02,2.749638783504971401e-03,2.064287763582136205e-04
-4.122836041650501659e-01,6.984864180021032043e-01,7.681926443523279247e-03,9.957359596778167510e-03,1.874500725570917015e-03,-2.906897684320127991e-04
-3.971278051676317422e-01,7.063013936640882839e-01,1.033391711521725043e-03,1.026567804597445892e-02,1.690815373478026309e-03,-3.287862128756309879e-04
-3.438163015241410547e-01,7.416281748030425502e-01,-2.259276255034636804e-02,1.019835723728348964e-02,1.172077446678599158e-03,-5.307398773943574873e-04
-3.711592048519678499e-01,7.352517393425691550e-01,-6.481281510587910688e-03,1.042448978398494500e-02,1.455604941366444097e-03,-2.624801721785839387e-04
-3.952538130865295152e-01,6.829914493623583382e-01,3.602315090172059087e-04,9.879721487314243808e-03,1.578692514913744918e-03,-2.214290225992150717e-04
-3.485129706950443884e-01,6.671580142248204615e-01,7.960938404671935587e-04,9.875680278191174485e-03,1.356728252162148554e-03,-3.439935752115892546e-05
-4.003507880874426772e-01,7.163533250673576047e-01,1.896467891706499209e-02,1.033151240050996997e-02,1.798661911495465920e-03,-3.543520376540364083e-07
-3.375414774045205624e-01,6.890577382029170472e-01,-1.315155571839610182e-02,1.001059473770139416e-02,1.241621845700289356e-03,-4.197671482759677110e-04
-3.456035659468022492e-01,7.158647119694596661e-01,-1.262452967506977330e-02,1.042482932431862408e-02,1.404550398880511156e-03,-5.033645981159066973e-04
-3.769543194571436939e-01,7.311479976952379722e-01,-2.707861453573534583e-02,1.038627797872427802e-02,1.601126112247589287e-03,-9.948594168298930404e-05
-3.724922030633862624e-01,7.413206698892732538e-01,-9.864315277553714623e-03,1.031409655792812907e-02,1.571592504268365040e-03,-4.002319383014537029e-04
-4.417419348940559987e-01,7.809916433554515702e-01,-2.740775808115691881e-02,1.064831533413898232e-02,2.246797382275291313e-03,-1.253125088646609212e-04
-3.102253192255470249e-01,6.950955138558120305e-01,1.216009428233189027e-02,1.013918832279543658e-02,1.045758483765642927e-03,-7.898521028373342015e-04
-4.310318669796620039e-01,7.383363653239509716e-01,1.253774519690753486e-02,1.040135278976912075e-02,2.178728010225717410e-03,-5.157108642679775591e-04
-4.181737569547085975e-01,7.386960665066878429e-01,-2.061560105805293475e-02,1.044268709845398366e-02,1.989290825025949797e-03,-1.845997792599955874e-04
-4.090890303470516298e-01,7.038208982019349413e-01,-3.961742320791294958e-02,9.836337622772060169e-03,1.721556934219492518e-03,3.463596271310347336e-05
-4.947614572578366565e-01,7.673804234792735990e-01,-4.375159247738280577e-02,1.047089103764445479e-02,2.208153114636877273e-03,3.659021303619996047e-04
-4.459494444892662113e-01,7.252875395967108840e-01,-3.571395590114589957e-02,1.050697354923576729e-02,2.421599300241602387e-03,-4.339634851917037548e-04
-4.419148372635159361e-01,7.045017304289982185e-01,-7.244692771700478318e-03,1.024422530867738490e-02,2.196230907022905104e-03,-3.034340053528495609e-05
-3.901671107449590781e-01,7.706727187444475380e-01,-2.406496445530681427e-02,1.059845225524947039e-02,1.438097824661430449e-03,4.794643892022700513e-05
-4.130184797935034235e-01,7.538290650123345982e-01,4.689507648380608629e-03,1.061847798362049872e-02,2.047131233692113181e-03,-3.114720809766742884e-04
-4.655492655791177437e-01,7.249621970383322012e-01,-6.083115693170437766e-03,1.024322402333395152e-02,2.451948870920390294e-03,-1.564900001940138462e-04
-3.556605479142763149e-01,7.152266974396060961e-01,-1.276961595843406627e-02,1.024401535474867529e-02,1.379551861802287213e-03,-3.145313368243661967e-04
-3.596346104085254014e-01,7.275784308751582774e-01,-2.503752718939256106e-02,1.029399442886678138e-02,1.392179210664140979e-03,-6.967974599822535976e-05
-4.748626522659759597e-01,7.705824305070535507e-01,-4.197629846205419568e-04,1.064682040358731242e-02,2.470061981861613673e-03,-6.360534832635817977e-05
-4.261054123108731773e-01,8.024805997903079469e-01,-3.679920592146168623e-02,1.091000978241030150e-02,1.756441930756854480e-03,-2.757502606366514833e-04
-4.302315626567935203e-01,7.438505751473589722e-01,-2.161580721422318163e-02,1.040024666422347671e-02,1.808471716013724737e-03,-6.866981031337045563e-05
-3.674016036643797389e-01,6.992822796316904288e-01,-2.130255457581320400e-02,1.016638801667655960e-02,1.366146332500685345e-03,-3.783881283973490237e-04
-4.354491612796749789e-01,7.969839158632645582e-01,-4.002307416808492668e-02,1.084185672344451824e-02,2.286387225228555392e-03,-7.011767025702275507e-06
-4.091920120466322475e-01,7.552808993280725192e-01,4.651962913713170167e-04,1.086511242218037368e-02,1.398875138796870643e-03,-7.365438548028908363e-05
-4.024510517750744532e-01,7.137059863608778976e-01,1.704967361424292172e-02,1.033704628064495076e-02,1.921002256809817982e-03,-2.336076611016004530e-04
-4.173786027209283045e-01,7.457010621103231651e-01,-2.107697034054245577e-02,1.033919608721231911e-02,2.268974532267504368e-03,-6.510873164122224412e-05
-3.552753418438190369e-01,7.011144753725492285e-01,-1.916314188391199380e-02,1.014572860770354343e-02,1.379070193061951444e-03,-2.544948310652592194e-04
-4.012940342996584864e-01,7.340637143536405951e-01,-2.126792376744357504e-02,1.038136449210861831e-02,1.708573052518673127e-03,8.367650502541816235e-06
-4.954689426877185721e-01,7.947517770237310097e-01,-1.801153344391126510e-02,1.109954685689336536e-02,2.656776140805953285e-03,9.269078761616411036e-05
-4.206390493248352569e-01,7.193859318185732432e-01,-3.737325294611082427e-02,1.019644190315671314e-02,1.974636020251715335e-03,-2.087414047603612134e-07
-3.777758933056123980e-01,7.260005185187956567e-01,-4.397755003635284154e-02,1.025296909455807558e-02,1.161810141720575479e-03,7.991355028023249202e-05
-4.230756681156946364e-01,7.784341521775341999e-01,-4.201343793422052109e-02,1.057811514369597951e-02,1.892494094700757426e-03,-2.328070042939850307e-04
-3.925138786735928864e-01,6.768427961456735531e-01,-6.105862736274003666e-03,1.002232993084728463e-02,1.800808759642311824e-03,-1.292024219200138199e-04
-3.675515287882039628e-01,7.135715753926719085e-01,-4.236759754986629822e-02,1.002110232999684804e-02,1.385193037134952940e-03,-1.642919483573810995e-04
-4.359923821873026295e-01,7.399979304536430380e-01,4.112813583749597157e-03,1.050114092402703626e-02,2.052488789930563551e-03,2.416174447146461992e-05
-3.805180797481773070e-01,7.284988093460214031e-01,-2.132064344008210988e-02,1.036161151436692206e-02,1.590168032954355701e-03,-1.288586659261289967e-04
-3.822235462405337292e-01,6.827899987889570754e-01,-2.553609550370650183e-03,9.937746677037197912e-03,1.552358245629851738e-03,-2.482250374215230499e-04
-4.131811939150512036e-01,7.177093902965213656e-01,-2.085727680252369431e-02,1.032069019844649924e-02,1.996374739371545304e-03,6.041659419042254460e-05
-3.960649749347468496e-01,7.328340273518167969e-01,-4.022469814662255061e-02,1.035669427471435679e-02,1.670181742450963305e-03,-5.007002406279246229e-05
-5.593259907904813977e-01,8.155850498743092425e-01,-3.991151454703389945e-02,1.127092118479800995e-02,2.927198473839169937e-03,3.578775713500098273e-04
-3.867585404444056074e-01,7.732234126458754631e-01,-4.285760525337667382e-02,1.072036938523593386e-02,1.518633980010687320e-03,-1.504980189728538002e-04
-3.949355743816388431e-01,7.439933539539524965e-01,1.430277407357793962e-03,1.055193836521640775e-02,1.537054530528195531e-03,-2.437422253016531461e-04
-4.014886321202606467e-01,7.062483100272496372e-01,-6.495689626566658603e-03,1.023776818981971676e-02,1.878434371207172646e-03,-4.163918195613591040e-04
-4.052534630948699257e-01,7.282028021970236020e-01,-4.806722995727819026e-02,1.027230853313035146e-02,1.500428410406260890e-03,-1.224690039230406805e-04
-4.089210077254188946e-01,7.063508228271565548e-01,1.766677965832785802e-02,1.037802479502014825e-02,1.684395204455881034e-03,-3.280013209251292101e-04
-3.927169349027314071e-01,7.448652180316789329e-01,-1.979201620048898214e-02,1.063680143725585434e-02,1.662543005063122498e-03,-2.630445482394761533e-04
-3.628554067072671252e-01,7.044298348416667688e-01,-3.884601085040872981e-02,1.001069842472200253e-02,1.276197929383363419e-03,-1.810771452620416272e-04
-4.102975134717816719e-01,6.845879736074440558e-01,9.734222667676206697e-03,1.000296905953624443e-02,1.919947592709549816e-03,-3.292123036979780664e-04
-3.629570060131845355e-01,7.510894275988989621e-01,-4.175070077099296562e-02,1.051910355060296266e-02,1.157069110966010839e-03,-1.944058856835674542e-04
-4.233080439164483844e-01,7.414575635314083479e-01,-1.293839436245969310e-02,1.032959498813967869e-02,2.004277313075637085e-03,-3.705158414569698837e-04
-4.033295640293664830e-01,7.400826647979711348e-01,-4.033698411154418295e-05,1.042261323517849197e-02,1.807578261458858693e-03,-5.271997242698862581e-04
-4.439137596249590478e-01,7.910589893717732135e-01,-3.901470965562747750e-02,1.096061882101595150e-02,2.217144045725503998e-03,2.159792676888538715e-04
-3.477270752087022188e-01,7.632066495191685007e-01,-2.401587734569710086e-02,1.080254410749119029e-02,1.273169304358516898e-03,-1.444957448497015211e-04
-3.376331906965969187e-01,6.997995317739944543e-01,2.074462804089471923e-02,1.015556852013900675e-02,1.266012705409670300e-03,-2.330763918377470119e-04
-3.851561351707044611e-01,7.103989740955631849e-01,-1.113411777811190717e-02,1.022376981982043263e-02,1.537531143020963095e-03,6.294215361073347576e-05
-4.528563196295387061e-01,7.442616815151044118e-01,-1.432403438110596561e-02,1.055203382516847060e-02,2.243688453706373445e-03,-3.574586026668813031e-05
-4.489452931568777005e-01,7.650598595153746961e-01,-4.168690152623977241e-02,1.058121067636133214e-02,2.142748703954290568e-03,7.937627587419168913e-06
-4.121903225060543630e-01,7.340439385353216828e-01,8.897202432528006355e-03,1.003545452439505263e-02,2.058660248948242580e-03,-2.489621479901902310e-04
-3.522421270952416084e-01,6.993901143341358928e-01,-2.710419830488519644e-02,1.023400839916444212e-02,1.305713554617466549e-03,-2.154642164721128409e-04
-4.447702101306014177e-01,7.531141249438960683e-01,-2.142624842543061625e-02,1.052225725007553681e-02,2.111716085381496605e-03,-4.188880409279432905e-04
-3.259956451728377447e-01,7.102140951418148829e-01,1.111883655833212359e-02,1.048420472736238604e-02,1.054208024196985616e-03,-4.225272883546739213e-04
-3.629065173047104631e-01,7.467747939464106643e-01,-3.226921361244272646e-02,1.056000728986376987e-02,1.422928520378603442e-03,-4.143944762755077515e-04
-4.424012541513792085e-01,6.764241245022446503e-01,-4.455567196396614804e-03,9.689960958701388308e-03,2.226831824785028766e-03,-9.541270899406450816e-05
-3.584660804321071481e-01,6.725951973322482624e-01,2.980502274940066698e-03,9.946261698172708526e-03,1.289283268495389559e-03,-1.808217638319921589e-04
-3.980117666457326231e-01,7.189782401069473305e-01,-4.466190481443410576e-02,1.004467776601072893e-02,1.539318503968751736e-03,-3.315592193324905256e-05
-3.821339533744178563e-01,7.394520521703467075e-01,2.161072372730332702e-03,1.066219978546473213e-02,1.601495862763939806e-03,-3.756771672034977258e-04
-3.966223563798326746e-01,7.648055062695948703e-01,-1.905079501514683749e-02,1.072447060742462085e-02,1.852568962092199928e-03,-1.627860740478455695e-04
-3.384931526611549835e-01,6.955157823391403538e-01,-1.450531929197262926e-02,1.010202562145823095e-02,9.973518588707267624e-04,-1.714308088070969028e-04
-4.275821233304542002e-01,6.901244058046263063e-01,1.034046078796446722e-02,1.007750276888275641e-02,2.234186231539855849e-03,-2.485385399196500837e-04
-4.516259931968040764e-01,7.125626297747501559e-01,2.158906370546698206e-02,1.008767079805246089e-02,2.322927899584404168e-03,-2.587552714355699827e-04
-4.144552694063856069e-01,7.876838797045364604e-01,-1.929708519239392572e-02,1.066296683539416125e-02,1.818324094715452130e-03,9.031363046993782714e-05
-3.995129361819534375e-01,7.523228247012646586e-01,-1.817416200790789027e-02,1.043977970732422322e-02,1.710941639773137790e-03,-5.148023822154938148e-04
-4.166030600478314860e-01,7.208902850524051553e-01,4.067403157724913676e-02,1.027779780848473400e-02,1.968882121450351436e-03,-3.299142562731650690e-04
-3.839915534651033857e-01,6.842524892911612255e-01,-1.326449945820606935e-02,9.996119376425265449e-03,1.612180165848773467e-03,2.036621860915409561e-05
-4.189605149679269669e-01,7.014076877906089136e-01,-3.259408350590886627e-02,1.008577570816420257e-02,1.935143431100641576e-03,-8.853400180332734733e-05
-4.769697927205370780e-01,8.257493245226348311e-01,-2.295670450819464747e-02,1.114455416342313362e-02,2.489181632441257383e-03,-3.468440803826029328e-05
-3.696013847615724490e-01,6.887327804872321879e-01,1.505337383698268638e-02,9.866467499056020760e-03,1.541545575888592090e-03,-3.346210974021458719e-04
-4.092556935247081973e-01,7.270484583235615750e-01,-1.190386592393455345e-03,1.017433961507231352e-02,1.867078576588137792e-03,-4.737974175444924479e-04
-3.878756185009765711e-01,6.937429420163526705e-01,-1.612983668384782021e-02,1.028301258756932762e-02,1.780330120455350662e-03,-3.421292815943943310e-05
-4.315940524988519655e-01,7.368264891436421271e-01,-2.835247747111502292e-02,1.041571975775137243e-02,1.939777500030539711e-03,4.772538673428184091e-06
-4.595327241472974555e-01,7.495209266347543364e-01,9.806042423532890240e-03,1.081753687449101171e-02,2.206029946002396186e-03,-6.082461784815340264e-05
-3.093892481277830120e-01,6.727721783078186579e-01,-9.619449717198857996e-03,9.881555900026827571e-03,1.077824683414399520e-03,-2.721650885197545626e-04
-4.309466612634167970e-01,7.461476859934600414e-01,-5.577710113501943567e-03,1.020501656284477157e-02,1.994775868892609619e-03,-4.295243957813621948e-04
-4.130945635470010258e-01,7.464984396353915308e-01,7.694162805651716397e-03,1.038020671252976555e-02,1.976946643733750592e-03,-1.775368681133832375e-04
-4.415897159209243306e-01,7.590762890323605738e-01,-2.025858390739587733e-02,1.054297382263134561e-02,1.863434244754906197e-03,-2.306321739169824427e-04
-4.100052739803388691e-01,7.474505323400634227e-01,-6.560291268267404163e-03,1.043832064834828398e-02,1.718789014563421730e-03,-5.265367009585234046e-05
-3.247030559888394730e-01,7.346960563324608229e-01,-3.001875806420994941e-02,1.037041911373906555e-02,1.121338499820264539e-03,-2.468534787576975517e-04
-3.513020110406663843e-01,7.043416304632407199e-01,-1.719399564163559546e-03,1.006216335854892389e-02,1.097504175551704264e-03,-3.375681931438523700e-04
-3.757534072561515281e-01,7.556627432335276673e-01,-2.464858475071940447e-02,1.062977563478221046e-02,1.562451715081481299e-03,-9.257923327683892215e-05
-4.283874945281337943e-01,7.631425163297685943e-01,-2.899263432111087724e-02,1.055055964938665311e-02,1.951353458886240927e-03,6.002749601685913698e-06
-3.908841318432102474e-01,7.244973421039876404e-01,-3.789284198738362974e-03,1.033646045394784677e-02,1.807226979622263835e-03,-4.966698048652259381e-04
-3.591423111577261018e-01,6.909571328179842098e-01,1.705422809329637523e-02,1.012649385696477375e-02,1.279186060982723944e-03,-4.239996541746270564e-04
-3.472918103557975367e-01,7.532193348133982003e-01,-2.087334248383165836e-02,1.035082677971889409e-02,1.268242677941533794e-03,-2.959225518834977808e-04
-4.356972193222840017e-01,7.722899224379654592e-01,-3.456920664244611530e-02,1.078011042790073121e-02,2.117224532761781755e-03,7.492511502885681974e-05
-4.004127357971511980e-01,7.191880520713134217e-01,-1.367382138622241783e-02,1.038553370381033701e-02,1.791847637337241200e-03,5.840097663032273873e-05
-3.929846816284153777e-01,7.173114367108398559e-01,-5.938985246194850021e-03,1.028465718443957039e-02,1.656737994943400377e-03,-6.324340571098470941e-04
-5.036604359282814691e-01,7.563002206764573021e-01,-1.387030463533234226e-02,1.056434308813478974e-02,2.587887995843911326e-03,6.935706157814192519e-05
-3.235601729704059570e-01,7.004630587448561485e-01,-7.727005828894517592e-03,1.003599316257773079e-02,9.370987703707384792e-04,-1.599692775532014365e-04
-4.379162659034080418e-01,7.275104986378324590e-01,1.435673857656127872e-02,1.039495716164503918e-02,2.298960995087268727e-03,5.382955789942525486e-05
-4.795940963207536711e-01,7.837847356513185648e-01,-2.943776850169288473e-02,1.081682807083023980e-02,2.206023502794453306e-03,1.838175121420357219e-04
-4.543904983364968064e-01,6.955410428326875838e-01,-1.943347593633770742e-02,1.012844227090420324e-02,2.193658732859147739e-03,-1.567953885283919599e-04
-3.376856744250067432e-01,7.342616632671268295e-01,-1.597379336571846942e-02,1.032305129742859540e-02,1.232777459099127643e-03,-3.536575142841235394e-04
-4.077539092615623528e-01,7.354374510832697442e-01,-1.603842161060997640e-02,1.023577308942741869e-02,1.779822499121390400e-03,9.291562624245421585e-05
-4.124981369292228806e-01,7.377379021487554533e-01,-2.368951028410548609e-02,1.041692941676068337e-02,1.890983042105342377e-03,1.994452048441047579e-04
-4.750063977209955102e-01,7.839871772031019592e-01,-4.330413657567477870e-02,1.070469185588575171e-02,2.184330805896006131e-03,9.359553973253508766e-05
-4.431329638267925697e-01,7.095291178429472545e-01,-6.114436453015903439e-03,1.025267391830776698e-02,1.829643437094149658e-03,-1.979581155669745329e-04
-3.658510787585090296e-01,7.015825377012835373e-01,-8.141104944146437816e-03,9.976421881983568718e-03,1.507130653901223721e-03,-6.406926836828090400e-04
-3.294235034267537499e-01,7.203730504472201090e-01,-3.934542676244934256e-02,1.017690988059758578e-02,1.026529203734949033e-03,-4.837214890655233755e-04
-3.604215363976151498e-01,7.360771778305343904e-01,-4.634993108604934520e-03,1.037380618691794917e-02,1.331142417714188328e-03,6.485247200775748648e-05
-4.855798074154530353e-01,7.652441840320729494e-01,-8.569483816954104327e-03,1.053676211155279117e-02,2.174181639730069990e-03,1.586147551170751608e-04
-4.194237254580283070e-01,7.492932069821892638e-01,-1.736255993217072913e-02,1.040499130291379706e-02,1.752106055520518541e-03,2.911402066513248035e-06
-3.318269542864966670e-01,7.540652902280000625e-01,-2.980341069738545734e-02,1.039450831576736907e-02,1.093145767529399640e-03,-2.724737194496630035e-04
-3.855334594745891685e-01,6.800349252975250725e-01,-3.420719802710370239e-02,9.973596966543190473e-03,1.600183165715186179e-03,-4.447117501606217497e-04
-4.487922992908816577e-01,7.663549345175494354e-01,-1.544214286790079882e-02,1.069292047787639630e-02,1.854639640755544050e-03,-4.442015173154953704e-05
-4.533159033072379218e-01,7.301769750877995513e-01,-4.851634185913811237e-02,1.036726702630418745e-02,1.991600617718785465e-03,2.399366921777542423e-04
-4.664923749456456603e-01,7.620820985715085483e-01,-1.857293384180880302e-02,1.066115149428469716e-02,2.364110147364071463e-03,-5.216921525443840037e-05
-3.767299343288307290e-01,7.323809186014005324e-01,-3.833849416471668548e-02,1.024405607186750812e-02,1.566539287384292184e-03,-4.350943842097795703e-04
-3.662023095589814203e-01,6.764354964558678684e-01,5.356342233295174893e-03,9.718578213613779729e-03,1.452418583399377877e-03,-4.787618350070594470e-04
-3.585304351809668333e-01,7.127398833903859643e-01,-2.854218342842518297e-02,1.027870928577820364e-02,1.367692159121493972e-03,-6.853721835091652849e-05
-4.946901237080204572e-01,7.898152426439201124e-01,-3.983811020526317748e-02,1.077840613657614181e-02,2.555183449456675804e-03,1.669902343447507702e-04
-4.074317653716784116e-01,7.340899680748135259e-01,5.418354748756959438e-03,1.035831293351675841e-02,1.568725450137024857e-03,-9.411008466005512177e-05
-4.794471808700315196e-01,7.742920235104594484e-01,7.879995761193248072e-03,1.081897448722051250e-02,2.566986502646622509e-03,-1.383713569088381573e-04
-2.306500099218672939e-01,6.896077121874196747e-01,-3.806545446665565713e-02,9.927091188528414101e-03,-4.430387613970840355e-05,-5.195070678124009836e-04
-3.206904031021136636e-01,6.680927426335914188e-01,-2.786151723144225656e-02,9.774378504018056690e-03,1.050443594540883402e-03,-3.337344040298552807e-04
-4.539058770733941928e-01,7.656895412336619522e-01,-2.269933586671357695e-02,1.059705222396683036e-02,2.158709819618197939e-03,-1.160842061615867664e-04
-4.700135242098932853e-01,7.347642389590750556e-01,-1.527084637978903814e-03,1.056339104032726420e-02,2.359173213977163244e-03,-1.143894960004237355e-04
-3.997378969305619978e-01,7.540072908548393071e-01,-3.737335212113879201e-02,1.063398919489132004e-02,1.533867862236769353e-03,-2.787813541644025843e-04
-3.970447844180658437e-01,7.359597048583742529e-01,-1.806618605406229428e-02,1.059235113960705840e-02,1.843160351955126439e-03,-4.732638737041498529e-04
-3.789244967183579837e-01,7.041930874803813412e-01,-3.488208363194034156e-02,1.020014825465946628e-02,1.485711763144480571e-03,1.287055712822408686e-04
-4.316635413915090869e-01,7.335184806170762517e-01,-2.784750844153083271e-02,1.044855922139928915e-02,1.926886527661585483e-03,-1.486313326043264393e-04
-4.581652874627520355e-01,7.350484342824463724e-01,2.325609340458889562e-05,1.024861345499582591e-02,2.267878059588919817e-03,-2.840799563673850406e-04
-3.810762283482849178e-01,7.446261704215546562e-01,-1.594038218089521841e-02,1.045171393605410885e-02,1.315965483824942453e-03,-1.217693879666986224e-04
-3.749800663550577617e-01,6.916992301709476987e-01,-1.962082599128711635e-02,1.004251526236227092e-02,1.638455732503381335e-03,-4.458137178155520430e-04
-3.319217949904716414e-01,7.293222339665170750e-01,-3.761989921668584813e-02,1.031526634356332017e-02,1.021272122105329472e-03,-8.107860769067490618e-05
-3.932549540281747857e-01,7.201373241057857921e-01,-3.354056172634334310e-02,1.025466385753198879e-02,1.610097034710529160e-03,-7.280621663610566813e-05
-5.832879222537596942e-01,8.062071094226765933e-01,-5.558515959830812037e-03,1.085503767166806112e-02,3.303706954881167196e-03,9.546983972494310763e-05
-3.783165181044791381e-01,7.489781056629930545e-01,-1.056314395702173670e-02,1.049661592855425686e-02,1.502634743741333365e-03,-4.850111566848822270e-04
-3.835806855593870135e-01,7.325655524668147622e-01,-8.575805055917484765e-03,1.025810431287445257e-02,1.575279966448754967e-03,-1.244109580774459202e-04
-3.992369540560218866e-01,7.612362469675034715e-01,-1.428346628760746029e-02,1.067316521634356814e-02,1.453971223759968970e-03,-4.845408743635716640e-05
-4.348528905438561187e-01,7.441450705182772740e-01,-4.518484113617238229e-02,1.058162393257858561e-02,1.911433831375932216e-03,3.677150848803548188e-05
-4.691962660495326842e-01,7.691122317156910970e-01,-1.959099815623610574e-02,1.050289026868377919e-02,2.448035405953256569e-03,1.238658188030086521e-04
-3.388982359678659462e-01,7.015206687843468236e-01,-2.028766203739196250e-02,1.005249378492275962e-02,1.179390108031835860e-03,-3.494793031247955340e-04
-3.802430287309985779e-01,7.345269264041031088e-01,-3.226954723434349859e-02,1.059556961320885955e-02,1.645011911092980617e-03,-3.545707760251694870e-04
-4.180530179633000776e-01,7.038257868731896405e-01,-3.891534766061521822e-03,1.005176996400239213e-02,1.746196501670866513e-03,3.314453666546633183e-05
-4.329039704495724061e-01,7.320773587197439980e-01,-5.442818550815786693e-02,1.049389578070997545e-02,1.944748430558881566e-03,-1.548435528183948154e-04
-5.037441761076331126e-01,7.619907929626971166e-01,-3.897463149847180119e-02,1.038950444321790761e-02,2.708377701416795832e-03,3.615792771718887412e-04
-3.349809323974384245e-01,6.870867654029483296e-01,-1.374166791502506868e-02,9.809137508209555059e-03,1.079311874405236918e-03,-5.825089960368158787e-04
-3.642395108619752020e-01,7.344578688424089341e-01,-3.118676772996820112e-02,1.031766921177267038e-02,1.384501457011336548e-03,-2.547009202481915167e-04
-3.495716379503124305e-01,6.832785681264241795e-01,-3.992473108233363099e-02,9.945770483928265127e-03,9.677012941187897177e-04,-2.032531306478828391e-04
-5.041187875728903034e-01,7.536393411492661176e-01,-2.942392531623894136e-02,1.081090598671206535e-02,2.501555347109529412e-03,2.002731981649740660e-04
-5.381738657868033737e-01,8.112339363708281903e-01,-4.126341081220985529e-02,1.080067916863175145e-02,2.722598258156853218e-03,2.352912062551376648e-04
-4.417958303582598112e-01,6.926384174707651553e-01,-9.507511987703720635e-03,1.003262883702872241e-02,1.892884294826204308e-03,-2.998364648478955212e-04
-3.975203589034597140e-01,7.415407364640860255e-01,-8.505398084022619543e-03,1.057517952456896518e-02,1.700302467027008102e-03,-1.126593399710875570e-04
-5.707572601879241647e-01,8.131673561531210792e-01,-2.622030547034626125e-02,1.096302229763689712e-02,3.015213767841395595e-03,2.867928360271814175e-04
-3.857921408436509325e-01,7.492251915030193610e-01,-3.306414810313151875e-02,1.007298937156094268e-02,1.443729537595946424e-03,-1.414888725584254135e-05
-4.812079712678516419e-01,8.473774075165051434e-01,-2.904281678440434611e-02,1.123099399962476132e-02,2.218097253547246170e-03,1.562711398945776744e-04
-4.757494149395046779e-01,7.426363198526902965e-01,-1.642197167977088590e-02,1.051994284182983935e-02,2.211637196198653482e-03,-3.434544953317465212e-05
-4.040257117152118438e-01,6.952994334909972096e-01,-1.199680490297128088e-02,9.930765535493928098e-03,1.506730665570565203e-03,-5.866541176204599054e-05
-3.744386797094414465e-01,7.522500909190666940e-01,-5.181760840499749499e-02,1.047369387228776726e-02,1.417871701389043435e-03,-2.615696387359696222e-04
-3.812700373869982728e-01,7.633735281790144933e-01,-2.558263605606692082e-02,1.069753394503705421e-02,1.521080467136681075e-03,1.598481600507221110e-04
-6.060266343088197560e-01,7.995495826077237966e-01,-2.548410581682114540e-02,1.074747915602414401e-02,3.494310181184430777e-03,5.290039595482065203e-04
-4.167706243723018900e-01,7.508626493073951025e-01,-1.230902633995745177e-02,1.059285468881543402e-02,1.566864545857320559e-03,-2.511416777110975001e-04
-4.181497834986359630e-01,7.589350106583124811e-01,-1.213010922646939882e-02,1.067757378022577905e-02,1.975096763840640882e-03,-2.426611948076981844e-04
-3.594445829439519846e-01,6.930124445458323290e-01,-1.336266146294451396e-02,9.991483648184702748e-03,1.200300784796947545e-03,-2.615718055930879452e-04
-4.309140787125078642e-01,7.346428922216743373e-01,-2.538366427837157602e-02,1.030280004234636684e-02,2.026134967824047214e-03,2.536180811549759110e-05
-4.571396361075050208e-01,7.712017704290801134e-01,-5.003489567670049709e-03,1.060544288281739869e-02,1.993808767818015457e-03,3.097823684838125645e-04
-4.229199971478661557e-01,7.521534933244975463e-01,-3.362051678610167293e-02,1.041220580757089634e-02,1.832282647534055203e-03,5.217068972738109515e-05
-4.307779227915788378e-01,7.532461675014020530e-01,-1.372768089265097302e-02,1.054833641018306303e-02,2.093190856845564968e-03,-1.668362841120951375e-04
-3.502973132117778166e-01,7.178899067944041201e-01,-1.396149949986735805e-02,1.030274056091543509e-02,1.073091590838085030e-03,-1.812540207472140288e-04
-3.668437454294951050e-01,7.614640115220639993e-01,-2.279887179009820741e-02,1.060283619591103135e-02,1.630084567992393096e-03,-1.920483122698268873e-04
-4.656777152239582329e-01,7.730226253369333334e-01,-1.730121150657959461e-02,1.084605418387747655e-02,2.279844931931273092e-03,3.609643258788210749e-04
-4.385374771873733479e-01,7.136470640606953353e-01,-2.555492522707969449e-02,1.020046705169322734e-02,1.883252332405655274e-03,-4.532006407931508116e-04
-4.630335646734888844e-01,7.723588256219676706e-01,1.949693521439366251e-03,1.074094298500108229e-02,2.455530491177915220e-03,-2.768343867538976787e-04
-3.774184767492462234e-01,7.523446733519939533e-01,-5.763800479975578206e-02,1.038806943323499279e-02,1.289616779364973972e-03,-3.687296961415116635e-04
-3.203917892070092810e-01,6.776817409001932857e-01,1.936707595058972942e-02,9.919267014996700771e-03,9.326356403545933704e-04,-6.213512209725258889e-04
-4.328869428096098204e-01,7.444925715376987663e-01,-3.480133140082330989e-02,1.060876003640860536e-02,1.780235196227520147e-03,1.170887899994888686e-04
-4.676579372294088488e-01,7.449752181449852406e-01,-2.283960161141695977e-02,1.012675960749629019e-02,2.276039897256953298e-03,-5.031430350240569550e-04
-4.259512194594151646e-01,7.427216489349436346e-01,-2.032287599185989002e-02,1.053552148354225393e-02,2.173809769491006141e-03,-1.171119031982653755e-04
-3.916540594022837052e-01,7.427926987521925595e-01,-3.811770983958617798e-02,1.069796492585614600e-02,1.720301375686156264e-03,-3.043486558272516843e-04
-3.916839314844412501e-01,7.361971668281728221e-01,-3.677326861114194045e-02,1.067566154414919914e-02,9.208010902266375308e-04,2.636392020036006697e-04
-4.718425850135409272e-01,7.457897191926338154e-01,-1.147404304767674077e-03,1.043828986471489681e-02,2.134778571472132139e-03,4.081297026290435113e-05
-4.408590454091423916e-01,7.320901777776571695e-01,-3.230377603240142115e-02,1.043666479344627224e-02,2.122401931132431030e-03,-3.613436319990810794e-04
-4.193722515938673734e-01,7.428993577704764428e-01,-2.953505173341408607e-02,1.077186224811715366e-02,1.639987687787421503e-03,1.273249355464016355e-05
-3.978770570852621091e-01,7.422574538571334868e-01,-6.467755379896855672e-03,1.026785076075417170e-02,1.712681685468096099e-03,-2.043862169289239388e-04
-4.440863908087216982e-01,7.393099735340707968e-01,1.328191121630739602e-03,1.044046309123567925e-02,1.954358930754551346e-03,-2.564370176238406850e-05
-4.060962887342238203e-01,7.459206762040946348e-01,-1.783147204943880126e-02,1.037911372214596339e-02,1.535653255272776546e-03,1.600483615405925856e-06
-5.819672053771647313e-01,8.088516132091151389e-01,-3.774094767675784112e-02,1.106181943514328997e-02,3.361250620201993583e-03,2.375072412950266312e-04
-3.962024383298791141e-01,7.762057787926741614e-01,-2.449969808405727534e-03,1.061508179148638355e-02,1.672246999134430201e-03,-4.211846505081879633e-05
-3.672989079649544575e-01,7.072719145447943223e-01,-2.456581156047010772e-02,1.029855529229259554e-02,1.486466546642202513e-03,7.220498814034838342e-06
-3.844728053301088022e-01,7.564349804998738991e-01,-2.841494264670618719e-02,1.037805897250277873e-02,1.333767150288970096e-03,2.778206816898875012e-04
-4.141989052719545761e-01,6.741251506881792421e-01,8.330685761023026714e-03,9.750999975444672729e-03,2.061906309833327899e-03,1.156267095566303508e-04
-4.228248695802770407e-01,7.347040161099509525e-01,-2.840363685695579399e-02,1.036613460348136465e-02,1.926532427649110465e-03,7.624889453919174963e-06
-3.118951818856565694e-01,7.333462626772681014e-01,-3.643593968477443212e-02,1.056070685112931590e-02,6.419902949931690500e-04,-3.032061032913729425e-05
-3.885489824579831941e-01,7.314881782488813489e-01,-5.523877873196081367e-03,1.027856732858702278e-02,1.594324014214410293e-03,-1.582757931392974151e-04
-3.873242533008529054e-01,7.519584389570800331e-01,-1.046143974418467515e-02,1.087364828328377629e-02,1.355105720901019981e-03,-9.815648299225438649e-05
-4.217849849867558176e-01,7.917791105411008390e-01,-4.120545384041851555e-02,1.071699250961129918e-02,1.787459791704821416e-03,6.009846030103336602e-05
-5.303483858521146344e-01,8.188833491629371464e-01,1.003082238307406726e-02,1.094661972046002962e-02,3.093812224155632895e-03,-5.365421266803312508e-05
-7.205347404848794213e-01,1.046122900999070460e+00,2.471308280586326234e-02,4.070788918455151006e-02,3.461715577423807311e-03,3.208168027498192049e-02
-8.086364168917663520e-01,-3.056362383857457177e-01,1.162936232163898076e-01,5.541335576227927884e-02,1.334274108573863318e-02,6.240242038539969838e-02
-4.489304190633561231e-01,-6.658059763905217476e-01,1.447765861592490433e-01,3.568342743123707750e-02,8.589273033146728117e-03,5.037158639608925459e-02
-3.392621973099230193e-01,-2.278378963657123057e-01,-2.520098719765062611e-02,3.050639388936235430e-02,7.107499198332313008e-03,3.433263884341120065e-02
-2.598760148107644996e-01,2.128892754528943776e-02,-3.398020092958753402e-02,2.490728964646207397e-02,9.295894772192447864e-03,2.058861599707428880e-02
6.148238020840967460e-02,5.426396422451108537e-01,2.260697004921982112e-01,3.241295023656622087e-02,1.586100601638465446e-02,1.350169162607091008e-02
-8.864285066907565125e-02,8.784950301483643309e-02,3.519391039049486469e-01,3.375979585534227834e-02,7.728505230365331942e-03,2.046515970123663486e-02
-2.829121401932870872e-01,-1.908545339563113077e-03,3.625926459662022205e-01,2.904447952878130498e-02,4.786371482797707397e-03,1.838134714239049450e-02
-3.568821469864429385e-01,1.664725178854120080e-01,2.463346754779498493e-01,3.125422044643774711e-02,-8.667241983682617140e-03,1.673076898729387862e-02
-3.514495007925216297e-01,-1.557735764970672454e-01,1.527185023687059884e-01,3.062302342589694193e-02,-1.404519836531222671e-02,1.915084258350410393e-02
-5.997128504806182869e-01,2.902399532230225399e-01,9.224175340760187858e-02,4.356674857264258155e-02,-2.817432270406718120e-02,1.975912463039651915e-02
-7.074001247573884488e-01,-2.400428247456111441e-01,1.616284307681579158e-01,4.920577630340342012e-02,-2.283284469116098059e-02,3.643820292873937994e-02
-6.015586468274789489e-01,-5.031027820925194627e-01,1.989715574621498950e-01,3.986534627284923915e-02,-2.352682897784196675e-02,3.404480044387401400e-02
-6.435342142332379778e-01,-5.144086357661206144e-01,1.923867829280871966e-01,3.152732714736655034e-02,-2.394421053928347948e-02,3.090773344194603159e-02
-8.094358789577856816e-01,-6.110724149341137390e-02,1.566838643969808986e-01,3.033110324183399542e-02,-2.633751261613084121e-02,2.678430171885766431e-02
-8.710169783137249322e-01,-7.141881207509813423e-02,9.168605086550241090e-02,1.630451089678145588e-02,-3.195918292554935508e-02,1.663549166160236889e-02
-1.074198516088449074e+00,3.224733509568374346e-01,1.399167259194338264e-01,9.360637938742632017e-03,-3.475711078634474704e-02,5.094916837513513951e-03
-1.045529740322128420e+00,3.079622380777161106e-01,1.331752096505058880e-01,2.449106580394134602e-03,-4.312840502403101489e-02,1.083235010093343146e-03
-1.263305965243064710e+00,5.863119606698008468e-01,6.265608943648581786e-02,6.477205138471758133e-03,-4.974819998394267723e-02,-4.533447241975905803e-03
-1.933028170887704400e+00,1.124353128287268078e+00,3.398690917952538193e-01,3.295239464558386705e-02,-3.282639210677545244e-02,8.997183129100276219e-03
-1.032684055868820616e+00,-2.382137173349147541e-01,3.937205579811020595e-01,4.388960814013836975e-02,-3.381185188445968992e-02,3.537327464417949763e-02
-7.330228082848999627e-01,-1.007508635751005022e+00,4.125614413482135978e-01,3.088182402949826710e-02,-1.770808390308076588e-02,3.604274842198104678e-02
-5.657864350904523443e-01,-3.261354154071075540e-01,6.074710038352687524e-01,3.194361147047544008e-02,-6.662365968849214351e-03,3.014150998993332317e-02
1.824463696048564398e-02,-8.405268038394412278e-01,4.737645636465368515e-01,2.766276675215537453e-02,-1.947863392520730180e-02,4.197490570932733978e-02
-8.426763113705686425e-01,-4.089501434344804398e-01,3.098637223112836736e-01,2.747266117982163219e-02,-9.127281694309182306e-03,4.884032021120836287e-02
-2.189874391191055231e-02,-6.689571532255328412e-01,5.853275851447866662e-01,1.064073720103390994e-03,-9.208546751390362869e-03,3.652491481756760944e-02
2.333779827839252974e-01,3.054563328651345167e-01,8.209789374994242994e-01,7.273244897916043492e-03,-3.074439455850112857e-02,3.847027457446099141e-02
-7.854472355597014177e-01,4.679982609966337748e-01,6.332088824270601934e-01,1.309736034212428610e-02,-6.037959145575029496e-02,4.906494363530927716e-02
-1.472934995216821807e+00,1.409225361401549720e-02,8.279929294225594205e-01,5.930292220641664863e-03,-9.241919309655598214e-02,6.198887413626050225e-02
-1.707195922737851035e+00,-1.098721488853536377e+00,8.513084900321494786e-01,-2.571867502731454633e-02,-1.014872779548757070e-01,6.061359418044669212e-02
-2.326957786980872189e+00,-5.713964890172720107e-02,8.938960416067647241e-01,-1.887572473765551651e-02,-5.793340400973601839e-02,6.993450435826910339e-02
-1.602560860566134782e+00,1.774426279963379205e-01,9.606039973235011020e-01,-1.292898748451962697e-02,-2.694622175944169640e-02,9.706496499691348590e-02
-1.333982429499827926e+00,2.893045001768378144e-02,7.444653719090715827e-01,-3.890493011680246690e-03,6.637723342963648687e-03,1.226475833784367447e-01
-7.016810638197339411e-01,-1.134668251174526243e-01,6.653082206236772267e-01,1.696741024029400913e-02,5.771929597950066493e-02,1.559519039267753537e-01
3.438053485909130513e-01,-2.928338944272562139e-01,8.606991321902990322e-01,2.458956197531461663e-02,8.407139909910854580e-02,1.831844375372630729e-01
3.880144576382380528e-01,-8.586328319562868128e-01,8.934549831437095246e-01,1.833043564857095645e-02,7.384660694189404406e-02,2.018463304943636794e-01
-1.296628671560005608e-01,-7.985426668696853358e-01,9.017418047321685837e-01,1.893768619001834352e-02,9.033967349288050952e-02,1.990103337770880443e-01
-5.461608463884711634e-02,-6.098186118970732039e-01,1.021374216429224768e+00,2.255048699853375027e-02,1.145065894506345910e-01,1.942844759648419128e-01
-2.800195158992901251e-02,-4.087562032757710573e-01,1.023749938863349751e+00,2.882934215886657006e-02,1.439387762260338210e-01,1.958160080627342758e-01
3.005175440180171686e-01,-1.685437060178684165e-01,1.068433578637234982e+00,3.599046477731734223e-02,1.613249458717199991e-01,2.076519723485916735e-01
9.421063906413534861e-03,-3.536872128346250643e-01,8.845952650564743447e-01,3.168591397838056711e-02,1.704343860826578183e-01,2.327476256117400888e-01
-2.480095644879575512e-01,-1.238061804066691723e-01,9.137105362412060172e-01,3.947291102102975374e-02,2.129340635179005625e-01,2.479485579093687053e-01
1.635508021175640925e-01,-8.522867893316785071e-02,7.282583960599593453e-01,4.220263148396168756e-02,2.471602592788756658e-01,2.585141229877652713e-01
2.258976288143219602e-01,-1.593552471718106267e-01,9.121397467156832084e-01,5.707897358531019427e-02,2.826955057622096423e-01,2.813454754069561470e-01
3.090708590221465449e-02,-1.107739383970636135e-02,9.138126723278938712e-01,6.478323446214538650e-02,3.048586689080083900e-01,3.104775832114244905e-01
-2.333011805481028655e-01,-5.266851015272161485e-01,6.163848364787887224e-01,6.162576748823294509e-02,3.520553328393689618e-01,3.433225064432173790e-01
-2.312247009205377346e-01,-4.437308564108535247e-01,7.566742013099184705e-01,6.757453653024619866e-02,3.908468746236026803e-01,3.584559040303798572e-01
-1.267800856682392008e-01,-4.968638324130627421e-02,1.031242229363230845e+00,6.914659940169957941e-02,4.182710750504434749e-01,3.654352393809258137e-01
5.340311947150420124e-01,-2.671324720540201869e-01,1.356394697511076775e+00,5.947638825755496850e-02,4.278919354891423388e-01,3.568200104803762596e-01
8.130482849060489681e-01,4.656654742962754168e-01,1.211456083298398489e+00,6.360618706805230838e-02,4.061809557109865576e-01,3.350665051589600263e-01
2.855636024395692418e-01,-3.099199130466791519e-01,9.819465001352043476e-01,5.716382250987227936e-02,3.693955621576779924e-01,2.942185194574291063e-01
5.001197567205390992e-01,-3.037992433954594604e-02,1.130662651791829898e+00,5.633985069325124495e-02,3.460841864748747110e-01,2.714797986132923557e-01
6.072900567736967403e-01,-6.441864896144521291e-01,1.356181907598308367e+00,2.941854390193143765e-02,3.160846402951901224e-01,2.349491727268956942e-01
2.036977195417216391e-01,4.016527848597464811e-01,1.324117802713917769e+00,3.648778572576274332e-02,2.620522847838805958e-01,2.016890555889045422e-01
3.409025752872844872e-02,-3.658453649650624667e-02,1.255831785127040856e+00,2.473867880867715308e-02,2.099712281830931337e-01,1.760125736940165719e-01
-9.222356053879248172e-01,2.435860242698300870e-01,1.005173354459087731e+00,3.542923579767619235e-02,1.549625521430326724e-01,1.282417561708308062e-01
-7.896032820368700245e-01,9.176985883969961399e-01,8.511333229451084614e-01,4.682769353805106560e-02,1.355213348086835301e-01,1.041661060781271103e-01
-5.464092547793503174e-01,7.613546403076734692e-02,1.034860904733206910e+00,3.870974204309144545e-02,1.221913277682364352e-01,9.599884833069557977e-02
-6.406375626476501495e-01,2.458653025402968983e-01,9.404276732572922626e-01,3.182751508220453551e-02,1.025211313353680542e-01,7.729711528349428318e-02
-9.043007533272476861e-01,3.684284158983298085e-01,9.574281186859441295e-01,3.670924944502386433e-02,8.385149009192420511e-02,6.385919000659794065e-02
-8.854537126363268840e-01,5.144953490416469544e-01,9.808025649860109274e-01,4.548446879858831365e-02,7.884906591076418225e-02,5.697367547949371697e-02
-8.581698403733315494e-01,4.766466621151546068e-01,9.087066889175060558e-01,5.111007881034136668e-02,7.399565830766184626e-02,5.187127848928580615e-02
-3.528439138708310274e-01,-7.733967420404387616e-02,9.040086205009488785e-01,5.176719386991369964e-02,6.272888553780350818e-02,5.623865752212735963e-02
-4.106774178573662226e-01,-1.115770713677239345e-01,8.602455370361723475e-01,4.383060942609824651e-02,4.695515421209144058e-02,4.672164177388839906e-02
-9.967547618897399930e-01,8.027705938721374501e-02,7.731971794425983591e-01,4.001245131058362575e-02,2.905601719464415839e-02,3.873760685270992432e-02
-1.125303715470826749e+00,-8.718772649346692716e-02,8.786456699278231142e-01,3.240691705865580974e-02,2.490134704131902882e-02,3.663855894553632447e-02
-1.437829448768821683e+00,4.207550389974953897e-01,9.821348033031318536e-01,3.209229407809799373e-02,2.418041340709988635e-02,3.059941666151635292e-02
-1.000820336408838607e+00,4.883541062991785253e-01,1.010334959534193500e+00,3.522258358357552993e-02,2.576727410189063455e-02,3.124553163693298205e-02
-9.845568080730863203e-01,3.782615283235956638e-01,8.258714789635199782e-01,5.073720308357217157e-02,3.090239470743348302e-02,4.558257678814087166e-02
-9.007092379417473982e-01,6.046877932491467184e-02,9.307339712391157205e-01,5.318298573087187897e-02,4.428970730767442521e-02,5.186163538073745166e-02
-7.590213926148738910e-01,-8.353152936199736978e-02,9.111751507312311205e-01,4.691252162214051141e-02,4.216519590853100991e-02,5.123343576027783453e-02
-8.559687781492228975e-01,3.412091483362128530e-01,9.124945640182989814e-01,4.702596148842862894e-02,4.249151744613210990e-02,4.264691366117855792e-02
-1.030135739941675510e+00,3.483850815787707944e-01,9.739442082465485928e-01,5.089245342113030840e-02,4.393727361505152251e-02,4.369161055197639393e-02
-9.115003602027562657e-01,2.655490108554627304e-01,8.875354967987396648e-01,5.725150621077165769e-02,4.410181831977034311e-02,5.131974848312490650e-02
-7.294823224712903009e-01,9.827743560667432515e-03,7.682589272857867080e-01,5.454420397198889159e-02,4.169137576536757761e-02,5.516119747259305706e-02
-7.444517492629888489e-01,-4.610156429160212899e-02,7.732801627737657668e-01,4.999831185436740683e-02,4.290281952438001339e-02,5.361688430754097540e-02
-7.320813722999313100e-01,2.299125484735195235e-01,7.603693558169454247e-01,5.049196336476545477e-02,4.088306853152009340e-02,4.815480842098359554e-02
-8.525770209212798489e-01,2.730622298423451833e-01,7.430451124256799433e-01,5.625789958693999671e-02,4.225818487434507276e-02,5.208400797805862181e-02
-6.976637140984093266e-01,6.873883501860446332e-02,8.031628432009951801e-01,5.431431972542271475e-02,4.511531252076116105e-02,5.505535878194874749e-02
-4.759897154867653857e-01,1.756742613640178141e-01,7.423495451577112325e-01,5.609636168741579526e-02,4.978959305084538350e-02,5.100722775853731850e-02
-5.417420061880916515e-01,1.900463169424141119e-01,7.190724967657560196e-01,6.106069573306564108e-02,4.983011446983411780e-02,5.620075681548779289e-02
-6.274093128552459264e-01,1.363610586414406300e-01,6.852321607985736307e-01,6.242971730663259694e-02,4.581653093117515896e-02,5.935625650274736764e-02
-5.884859655447818305e-01,-2.534714861467065594e-01,7.214803804147595923e-01,5.704773662254687683e-02,3.947412596245575278e-02,5.773009697601220319e-02
-6.053196643867382321e-01,-1.123066050825468065e-01,5.952727203506137377e-01,5.476922117675772639e-02,3.245560470019417942e-02,5.278631015704988994e-02
-7.752912682229391450e-01,6.456207496849267202e-02,3.390241013398653802e-01,4.765999661704363455e-02,2.253614889849289010e-02,4.695791081849103737e-02
-7.747070465018863761e-01,2.551512947582409430e-01,4.399321897138237514e-01,4.660834503111300348e-02,2.683459343256779095e-02,4.294410209603622547e-02
-6.375469369830801813e-01,1.839490101508692854e-01,4.990163614480406240e-01,4.711330873064441260e-02,1.969017479163311796e-02,4.734579190630465451e-02
-1.026318489408764467e+00,2.936474115412213148e-01,4.027151597222015100e-01,4.448866682343467077e-02,2.036257194171533016e-02,4.228595347742956229e-02
-6.944639657142904765e-01,-4.183802711904301141e-02,3.407356973464217287e-01,3.885283935896557961e-02,9.257456245978054610e-03,4.923394782785125295e-02
-9.311981718991344525e-01,1.045660459993016100e-01,3.910982408887369033e-01,3.659943231052976281e-02,5.472343801762140358e-03,4.295052553957511704e-02
-1.001637669385921470e+00,-2.148070452499737382e-01,1.270982332384886782e-01,2.510029730162633560e-02,-2.531181404359010220e-03,3.022053873632338933e-02
-9.723155088782318156e-01,3.493329441203938956e-01,1.733709764362427741e-01,2.977213017401086209e-02,-2.516296950400015095e-03,2.318517700104064799e-02
-9.649726329250449819e-01,2.975760632830785068e-01,2.502823518966268423e-01,2.772930617006930110e-02,-1.133994647883835097e-02,1.936498561045114572e-02
-1.130803779996799374e+00,3.617879229387210294e-01,3.302957391100046491e-01,2.854576889889708091e-02,-1.215743729187312126e-02,1.763297411151115365e-02
-9.539027211268372719e-01,-2.705013231014781472e-02,4.064213511905790943e-01,4.740189325402803522e-02,-1.154322169460024819e-02,4.538806436527288019e-02
-7.475074617746864103e-01,-5.339885223664964098e-01,5.144394042642183029e-01,4.711873131664932879e-02,-1.375114015208398280e-02,5.633178084984225009e-02
-1.002968429884136592e+00,-5.825154078881566999e-01,4.792140245122945563e-01,4.489522872065389303e-02,-1.848960947867823654e-02,5.782349418840507932e-02
-7.933521784604536942e-01,-4.904430062468862483e-01,4.974613381356796094e-01,5.360382607853541453e-02,-1.784010955548067517e-02,7.673706378640053616e-02
-1.193215065894171589e+00,-6.568552621909267142e-01,9.723312477446932611e-01,5.600813074465272462e-02,-1.378938399091590022e-02,9.230436152047591380e-02
-5.271731779696453568e-02,-4.973844875087147788e-01,4.591705987977735548e-01,6.475078557747053487e-02,-1.003070668420065481e-01,1.241684341085992765e-01
-1.847175983217618445e+00,-4.179352880798284930e-01,6.923543893350962986e-01,8.427082146298088550e-02,-7.637964419400114502e-02,1.653783770399270270e-01
-2.563734569934259966e+00,-1.562611217472487324e+00,1.287724879223940855e+00,8.017222999451145693e-02,-4.230646846296308439e-02,2.393688536893957830e-01
-2.972494061344615357e+00,-3.944933282107673023e+00,7.498878245950724164e-01,-7.370675491261647824e-03,3.829972324392786481e-02,2.848661743630663268e-01
-2.065006077756818659e+00,1.211111953975398503e+00,6.218945148218834040e-01,2.463746235548062297e-02,1.457284310313551323e-01,3.175683604424106576e-01
4.898756318174602442e-01,-2.881837124658534477e-01,7.449614938637015848e-01,1.385080538117123006e-01,2.424076658876397339e-01,5.574959393892395809e-01
1.179642215132940652e+00,-2.481123074124076400e+00,6.797936926914149858e-01,1.153117989508704033e-01,2.617322414432170508e-01,6.269662823984345490e-01
7.623366258466937051e-01,-1.563874981696623756e+00,9.057036716999717907e-01,1.145133724525752850e-01,2.749928361912409858e-01,6.532578749133712837e-01
3.028576852909212747e-01,-1.785680521843391100e+00,1.211955917475378897e+00,1.017977843216829742e-01,2.837808989561443340e-01,6.912818577615328364e-01
-1.988470408209718765e-01,-8.772513229863625472e-01,1.003223548179576818e+00,1.179881612301756366e-01,3.064797558527015964e-01,7.249205219857628446e-01
3.624880109347136670e-01,-2.713596937405990395e-01,7.592340598392237627e-01,1.432718122889544698e-01,3.392216696043339197e-01,7.873938055731110053e-01
1.096584669008404456e+00,-1.022665176425789690e+00,8.990576276341576412e-01,1.567783005879143932e-01,3.609812680825075781e-01,8.583863165632628078e-01
1.026685511072282342e+00,-9.011866153339621599e-01,1.012989453641331750e+00,1.536921007034694198e-01,3.591927489578997656e-01,9.078039356699876272e-01
7.098683268815935143e-01,-2.089905704769390304e+00,1.281049964462282809e+00,1.363838889652217168e-01,3.500921469538987862e-01,9.489213708978229134e-01
1.414554790028883291e+00,-1.462303447782454136e+00,1.040073685138435344e+00,1.252587790905311527e-01,3.360335396601119573e-01,9.615477427125143084e-01
1.308041666395553415e+00,-1.956783340842219499e+00,1.485069473705226129e+00,8.515954859564277279e-02,3.502127680591786696e-01,9.042161890702788973e-01
1.723083364911810467e+00,-1.016768447714087031e+00,1.885938122049903409e+00,7.116893146741168352e-02,3.365714695261310951e-01,8.007697095331951509e-01
9.704030895304195381e-01,-6.403732902849738062e-01,2.170417939703333410e+00,9.310546382857788628e-02,3.334586058441513789e-01,7.509662033390013258e-01
9.036422952045397583e-02,9.180746627436479068e-01,1.909660648548665129e+00,1.354964188351397980e-01,3.479791647122781884e-01,7.422155697802023111e-01
1.188994487490471208e+00,-6.222596300319066520e-02,2.404862377509242588e+00,1.771596976292464098e-01,3.861044730490224564e-01,8.163109299230963956e-01
1.228666114236444562e+00,-1.816884220423937046e+00,2.092371157676141458e+00,1.658167570332803042e-01,3.947324608604037000e-01,8.584271390407419711e-01
1.229489416168204841e+00,-1.772079052927475473e+00,2.437728706654608057e+00,1.741797621757658343e-01,4.152987661967326716e-01,8.542890766315589524e-01
1.734824097304951795e+00,-2.124175740155673342e+00,2.787790407079690169e+00,1.900016610625755720e-01,4.146829110024063403e-01,8.470296541278018454e-01
2.218544770089418527e+00,-2.532705867877826922e+00,2.745570447913237899e+00,2.136626352717912736e-01,3.973987239137066196e-01,8.526560206452830082e-01
2.413882233524536680e+00,-3.089886279385999579e+00,2.899979643109453775e+00,2.116036459192267849e-01,3.478617794689041753e-01,8.081641978514191305e-01
1.617306576404285323e+00,-2.883005820335702740e+00,2.749254486892322102e+00,2.043660591261281523e-01,3.206701097763819397e-01,7.812428848967699624e-01
1.086025103490796395e+00,-2.501112613136991847e+00,2.570268126367354800e+00,2.010907003075066701e-01,3.364987891362424821e-01,7.759907621424564361e-01
1.788009890554952630e+00,-2.671910982347240449e+00,2.623073875710790759e+00,2.127013305107684493e-01,3.524444405060760399e-01,8.045534027133753874e-01
1.979869192803678235e+00,-2.914156706997557134e+00,2.736728513080091574e+00,2.179111155784790588e-01,3.422532661786372166e-01,8.450105585698476363e-01
1.870810294331316737e+00,-2.623469407479376958e+00,2.685809564883815614e+00,2.127090042047780905e-01,3.464032996074468684e-01,8.831609578116863535e-01
1.823692576714463831e+00,-2.907837528929021254e+00,2.679760750902992150e+00,2.145506149696383702e-01,3.493448156344877709e-01,9.022955141331641116e-01
1.243122756118076877e+00,-2.590552918552133654e+00,2.433758153076388986e+00,2.283678917899820693e-01,3.669428894722442935e-01,9.256770373075240421e-01
2.053675153003341691e+00,-3.082230042007174653e+00,2.484428648997568878e+00,2.400943975724274815e-01,3.770726307263576604e-01,9.588997212720966612e-01
2.367291549842637011e+00,-3.449541063795294349e+00,2.664810639497341427e+00,2.337118236230227852e-01,3.607184743222408008e-01,9.820262679871187839e-01
2.149774322896707446e+00,-3.136537658205131418e+00,2.910439812445498653e+00,2.229160926268324294e-01,3.508963682628851721e-01,9.778370626189059056e-01
2.092580156967108085e+00,-2.616865344654457193e+00,2.153297354473176384e+00,2.246450310798824568e-01,3.301186410226559231e-01,9.825113018437754420e-01
2.197998891663825560e+00,-3.731166700819170234e+00,2.553775677500977892e+00,2.241487775898269308e-01,3.365490575729699341e-01,9.937642605802780027e-01
2.616105458232440117e+00,-2.976722546612288856e+00,2.213379815672127826e+00,2.372536909825666007e-01,3.191745917090022533e-01,9.864428337135935365e-01
2.520775651387159311e+00,-3.952780082706018661e+00,1.973460977611544820e+00,2.182640866292483439e-01,2.925565233383848329e-01,9.622652790332332229e-01
2.044696233938271490e+00,-3.587087398111643122e+00,1.641656130189639073e+00,1.566914098547446121e-01,2.411996570573601006e-01,8.111181805937363043e-01
-1.028320150704281066e-01,-2.770121622352502477e+00,1.448639186613715601e+00,1.416198493673198888e-01,2.582126398774755582e-01,6.965065431252328576e-01
4.921836473219318719e-01,-1.346405275452426942e+00,1.360633188291046958e+00,1.483881364138425474e-01,2.627838405118981813e-01,5.668973415831668472e-01
1.108832557672659203e+00,-2.562050062299925823e+00,1.551762440277555832e+00,1.458574896734182724e-01,2.688447921685180320e-01,4.954355701558096348e-01
2.211483656316550750e+00,-2.362119432201791547e+00,1.684266116686976567e+00,1.378861234235822519e-01,2.311144842821177825e-01,4.014820116328922106e-01
1.761156054983429753e+00,-2.643492407608153183e+00,1.728909323617859872e+00,1.077220552690223432e-01,1.414663267521252821e-01,2.745600371362273973e-01
8.801425613689503047e-01,-2.299234709420420852e+00,1.455160901336885804e+00,7.726115901753494164e-02,8.590910359754118375e-02,1.755577560499057277e-01
-5.384210934746811450e-01,-1.317727660514521171e+00,1.212994996576905127e+00,4.911256490367529870e-02,6.817821453179415125e-02,8.610763629810937181e-02
-1.403005179570143479e+00,3.193081233670043151e-01,1.279264988974171402e+00,4.920536522439889621e-02,1.001205207870809327e-01,3.860092836877281747e-02
7.058851804927406270e-01,5.382559060595333289e-01,1.244056689230907065e+00,7.091053728946111745e-02,7.557604888206506666e-02,6.021130210976059077e-02
3.102143446081066791e-02,2.188292121026678971e-01,6.789357936362492296e-01,1.219203810645155817e-01,7.764866718098037413e-02,9.560067094291598011e-02
5.720234043018158632e-01,-1.449274936556198545e+00,7.515936376303993249e-01,1.184060718786091315e-01,8.262879738138574626e-02,1.141017781885223653e-01
-6.511562834770212582e-02,-1.282679674547857473e+00,8.258153079293697463e-01,1.055101378592190886e-01,1.020474825829277149e-01,1.043750553099994927e-01
6.364269002619618032e-01,-1.125647417564132002e+00,9.231003453675319381e-01,8.321304157870179630e-02,1.100139081054750112e-01,9.399242152545009277e-02
1.371149538683731794e+00,-9.778804946355733607e-01,5.063142421886454025e-01,5.878179895059244819e-02,6.642221401123014901e-02,7.602879744102669646e-02
-5.447894817660622890e-02,3.389945907202881938e-03,4.202501948486636607e-02,7.325087680189522332e-02,-4.889384085602509200e-02,7.268294997155179404e-02
-1.638988046543899957e+00,-1.287496231084749532e+00,-4.665164504904995013e-02,6.232263225724532507e-02,-6.817935123716166446e-02,7.684255319157032305e-02
-1.979988281902995251e+00,-1.441334273826820223e+00,-9.958398900945142351e-02,3.214974188437189073e-02,-5.070398483751434315e-02,4.298091404978662822e-02
-2.281139030173727544e+00,-5.206162339803706018e-01,6.193427363077916858e-01,1.211180329083694912e-02,1.027489407898802588e-02,6.678715539542932032e-03
-2.398787680002018585e-01,-1.219977601029463843e+00,6.400751344627786388e-01,-3.955541649494993817e-02,-7.443267725954019060e-03,-3.677723201815569221e-02
-5.020737166339670488e-01,1.490651486898894262e+00,4.834004227686872213e-01,-4.386216591144900118e-02,-1.568934589521447931e-01,-1.574033619610884227e-01
-7.706407666299592840e-01,1.624764972686997488e+00,-9.597016540591329914e-02,-4.259815831100373547e-03,-2.220315380292244012e-01,-2.260654422726969537e-01
-9.781191700851621373e-01,-4.490784413853443624e-02,-7.681514707091503524e-01,2.897863450307077565e-02,-2.067220486940408164e-01,-2.613519202299231514e-01
1.189303209529891880e+00,-2.479734567624403141e+00,-3.532741915846391301e-01,-2.303065477092602897e-02,-1.892097073986937217e-01,-3.330525415346279328e-01
1.239830747895690255e+00,-2.425942118917724377e-01,-1.486263447776432489e-01,-3.362065950218443011e-02,-2.335477945945725886e-01,-4.354597837726246756e-01
5.534448198854897694e-01,-1.163968638265165806e-01,1.052693812316252142e-02,-7.744166053740943190e-02,-2.955567412430916696e-01,-5.527864942055118469e-01
-3.107844721115903264e-01,1.574580498782065741e+00,-1.565431799437533300e-01,-5.948751919909097546e-02,-2.729144753469400220e-01,-6.039468509337772018e-01
-6.227433799571775452e-01,1.914378662588631208e+00,-5.518696920664138972e-01,-2.544492561368909625e-02,-2.362664174697387542e-01,-6.288947298979351563e-01
3.644098021175907753e-01,1.552518066894135407e+00,-2.910947701940067578e-01,-1.710568186486647810e-02,-1.758824685516669484e-01,-6.409457179640707380e-01
8.674776185008026275e-01,1.054319273226582032e+00,-3.838068936495895311e-01,-1.009138059011233622e-02,-1.403273317670787612e-01,-6.196983981781500894e-01
1.117530492649433382e+00,1.697030990723265576e-01,-9.617544142672935781e-01,-3.632677892489698940e-02,-9.190179488641164740e-02,-5.853737354617820632e-01
2.154002209408108381e+00,4.870038554740465098e-01,-7.037781285718887059e-01,-5.104326444174863558e-02,-8.260530786277346660e-02,-5.969321276777650453e-01
1.766436930796469129e+00,1.063787786636763322e+00,-5.945344850313416529e-01,-6.523145644539912746e-02,-9.703244401477992276e-02,-6.380179769678043789e-01
1.012493748600704624e+00,1.600676581313337898e+00,-6.689720376613041974e-01,-6.991331562016543655e-02,-9.257954491193209901e-02,-6.635378582586205498e-01
6.841488514083323702e-01,2.081796915864704722e+00,-8.027562921727076084e-01,-4.696162159251961871e-02,-8.277618456629420862e-02,-6.492885105765939802e-01
9.913940221964561150e-01,4.818258185213223355e-01,-1.286751888542567501e+00,-4.375355447414495946e-02,-1.034731840512918555e-01,-6.170274178443673208e-01
1.006793889595646752e+00,4.725177194067592401e-03,-1.251907226935404127e+00,-6.674062622860418847e-02,-9.301145071075943294e-02,-6.040864043522566895e-01
8.097470974061131699e-01,2.506126903290600838e-01,-1.055944081476601015e+00,-1.193562329674257017e-01,-1.005300155813148161e-01,-6.316779047689435878e-01
1.088437366315243793e+00,1.203549784350611329e+00,-9.231966380947904671e-01,-1.353933862834074964e-01,-1.365787333967640182e-01,-6.435934137112947484e-01
-5.709588940273576663e-01,2.552711852604120590e+00,-1.013484180500690224e+00,-1.272076891704524426e-01,-1.265111144401712961e-01,-6.213698743394634461e-01
-1.985697080205280907e-01,3.916305483916487251e+00,-9.776964420468809980e-01,-6.701078282480285586e-02,-1.015908694363366754e-01,-5.464828119256649464e-01
1.043292178261246317e+00,6.190153462247617311e-01,-1.346457982532315301e+00,-7.787521977657040073e-02,-8.853502960063058813e-02,-4.924122122651863331e-01
1.697982941473046292e+00,4.236530610884333692e-01,-9.591306726027581941e-01,-8.334351589679610262e-02,-1.093772814138034011e-01,-5.263977722571149265e-01
5.417120017827063982e-01,8.016603024492323648e-01,-8.304105299572663856e-01,-8.814968423641492135e-02,-1.240219999093268854e-01,-5.614754992227055652e-01
-1.561009694941007719e+00,2.525373129549437490e+00,-1.039353353106823308e+00,-8.118462899131237420e-02,-1.083694354636758339e-01,-5.183031824191084436e-01
-2.350974833498004735e+00,2.788390263470055697e+00,-1.509214217523142887e+00,-7.665230626835192740e-02,-5.362628156122914436e-02,-3.830767156739268708e-01
-1.680133397048575228e+00,3.677153437582011186e+00,-1.491844367912079194e+00,-5.030332307698280603e-02,3.261090070384238537e-02,-2.683741909530075742e-01
6.171061095252089457e-01,5.404967037690419751e+00,-4.156774674703196393e-01,2.834981596208643526e-02,8.921528610797621606e-02,-1.868724981593734291e-01
2.150757882081941741e+00,8.624374662107514578e-01,-4.972464541502208402e-01,1.032198222946867708e-02,7.729040875943547773e-02,-7.088148605702829230e-02
7.890716847194112482e-02,1.578317721646711025e+00,1.827318383118365919e-01,1.011309559067095735e-02,1.433248800138343243e-02,-1.413700130995146874e-02
4.987736058602469935e-01,4.323676143018072016e-01,-2.586040537451979038e-01,6.499200949131221650e-03,-7.461675832450095913e-03,8.538981011008970386e-04
3.139728512545134631e-01,5.011459211416737780e-01,7.131477352547155313e-02,5.221643609499407312e-03,-8.087308696121250570e-03,-1.544748205250976890e-03
-2.475703402010571430e-01,4.711486082595858216e-01,9.711774708885667629e-02,4.960596232005056935e-03,3.508122927759170506e-04,-5.790548264753419020e-04
1.233803212989563303e+00,7.049005967940051853e-01,-1.009004369157764369e-01,6.491833724224089358e-03,-3.114877847428209473e-02,2.127911610760324385e-03
3.206264691106907594e-01,7.499928659801965436e-01,-6.989993714997362328e-01,2.179401405441946243e-02,-2.841578542145026254e-02,1.114016814749961559e-02
1.577911765674111788e-01,-9.427841146668722860e-01,-6.863611106304003950e-01,2.300337068333098423e-02,-3.019288532105330464e-02,3.607263851200199350e-02
9.378409872211250775e-01,-6.559427557093143735e-01,-1.706234432901476916e+00,2.571610891034816979e-02,-4.403539562162585991e-02,3.550913913299513086e-02
9.147168373408802733e-01,-3.741613974184752056e-01,-1.313409764553946202e+00,2.584760723390756507e-02,-4.047739221507325180e-02,2.768869771342486949e-02
5.101032089123621605e-01,-1.387727981579598424e-01,-1.001714907973598523e+00,3.093662737569618029e-02,-3.482037150808896947e-02,2.859480943420101770e-02
2.666877705460362624e-01,2.019106453454477534e-01,-1.000557935536919407e+00,3.292634630946915386e-02,-3.106985028880977079e-02,2.628494288452131594e-02
6.683366853740683178e-01,2.130511671593990353e-02,-1.230332197057058208e+00,4.017759136970499440e-02,-3.599876434491440513e-02,3.158599700804341076e-02
3.241068586140892771e-01,-8.635125292116733187e-01,-8.470384070376684171e-01,1.854325535575937142e-02,-2.412874567476625334e-02,2.650401801229021123e-02
2.455258876972187809e-01,1.286052254038163034e-01,-2.579904913253043830e-01,5.467943812068140445e-03,-9.387552041831682612e-03,4.618486551592759087e-03
1.995506454941759766e-01,4.628901537434750857e-01,-1.166450221138455312e-01,9.341751060654299860e-03,-9.083315020908346027e-03,2.641609414476912918e-03
-1.506611263538564227e-01,5.316448845217334185e-01,-9.153385992318074926e-03,7.465748327631284431e-03,-4.447423737769545804e-03,2.217516174470057430e-03
-2.439504112982045503e-01,2.073061950316420488e-01,1.419412010559284454e-03,2.560021417678015956e-02,3.678730623462023175e-03,1.604029037451484493e-02
9.244871276413547945e-02,4.225398939247361207e-01,-2.486760619928816141e-01,1.887676096223451019e-02,2.263070139791658122e-03,1.929223445899842099e-02
6.159551850342046553e-01,-1.293755184085485510e+00,6.695011438928339942e-01,1.167777024607312246e-02,8.954627788501664729e-03,3.259384259828545377e-02
2.889163065929102325e-01,-2.102801597064918870e-01,3.948720035343513679e-01,1.324939918215601448e-02,9.421638108351254592e-03,1.499445026584894647e-02
4.252929055873394537e-01,8.352827009213452669e-01,1.947395420631418128e-01,4.863542436192233587e-02,2.117832119630180809e-02,5.618725200388084359e-03
1.817699891608637541e+00,-2.042582123426047058e+00,-6.350841680913754672e-02,8.266320825903417102e-02,-1.213444049929176746e-02,1.102504430593822804e-01
3.977410230801176616e-01,-1.314385544367073111e+00,-5.027496749103921303e-01,4.868337286813239490e-02,-5.192776175958405127e-02,6.729743814994430806e-02
-3.073445257164860722e-01,-8.567909764578014453e-01,-3.844077673102053172e-01,2.305631025173372761e-02,-3.200000607183452889e-02,3.340465202599380429e-02
-3.625178897396073019e-01,-2.184920715638657418e-01,-2.657510551427646472e-01,1.297979023348117163e-02,-2.206154037047813182e-02,1.053808326521984973e-02
-3.911812540324605680e-01,3.781130610642214895e-01,-3.364002578786526865e-01,1.265678140967189773e-02,-2.356226172789421119e-02,2.169148287994295161e-03
-1.500481162037169414e-01,3.979603724195540648e-01,-2.619124651926276748e-01,1.451653626748692673e-02,-2.200884095335661067e-02,2.156504488108090031e-03
-1.014617883033174933e-01,2.742739640946160740e-01,-1.904100877899801425e-01,1.381690691534876239e-02,-2.225789752162808666e-02,5.082728440820623826e-03
1.444948274999102722e-02,5.318654955434605203e-01,-2.847791951533835686e-01,3.110820683952314133e-02,-3.185767372800710900e-02,1.082817727026042474e-02
-4.038906889706759262e-01,1.378132801798451101e+00,-1.307374613105511951e-01,7.700704049918109806e-02,-3.032313462280793875e-02,2.334037626907028290e-02
-5.852063301878234203e-01,-1.792646733654683411e+00,-4.116097401231255670e-01,5.879754237827469754e-02,-6.594561915164307009e-02,7.018430775783821018e-02
-1.115048602611574458e+00,-1.528896806664374886e+00,-7.548017111559863768e-01,3.491968642179865689e-02,-1.021792391121676968e-01,5.902090559523815588e-02
-1.998677957878931544e+00,-3.601980171903433336e-01,-3.059594165877144167e-01,5.823473892043339734e-02,-7.587306583210493005e-02,5.077518754357440711e-02
-1.132380554843052556e+00,-1.169901530425710545e+00,-3.885172143579813664e-01,5.301263364079625284e-02,-7.019267709462415072e-02,4.969631828894512104e-02
-4.134037381081746565e-01,-2.597472484154564665e+00,-6.532188672505694349e-01,1.314474509699687516e-02,-8.036776220637645296e-02,4.187844094329160050e-02
-7.058801097208216024e-01,-5.410713866657381743e-01,-3.166952582535251803e-01,2.922727307690175039e-02,-4.903919583747563121e-02,1.724858666896276690e-02
-7.646572881498229224e-01,1.830948399132023452e+00,4.142963359711538951e-01,8.299025084711846023e-02,-2.326643118900922208e-02,2.421929781306565721e-02
-1.013264192856700580e-01,-2.035441553618181576e+00,3.638031263531780191e-01,1.006743868551156496e-01,-3.373943769545958288e-02,1.034459879935946958e-01
-6.640533013971323673e-01,-3.584206646747993830e+00,1.367285122563930422e-01,5.659976953331598976e-02,-2.482931778050345359e-02,8.511712228033557759e-02
-4.524070967256557108e-01,-1.051699524712440326e+00,1.290945424986808199e+00,5.113471832367928044e-02,2.063607981978117512e-02,5.057500939879727014e-02
-1.822731863216887904e-01,1.482254564891992976e-01,1.115064302993960199e+00,7.484035648769971072e-02,-2.283794243022849516e-02,4.876182728172737124e-02
-3.930077401506378854e-01,-6.469919804031915023e-01,3.703173977866622835e-01,8.685942835985287214e-02,-8.212626353127526480e-02,8.002554464228311959e-02
-1.409021009487540388e+00,-1.309447633361286778e+00,-4.347326111125688897e-01,9.687257749413981378e-02,-9.852553616795901859e-02,1.065642235343458172e-01
-1.736784884774839499e+00,-8.371164542353352056e-01,-4.412847191339142050e-02,1.188841612314300855e-01,-7.265556481581041115e-02,1.332844555160835331e-01
-1.140707443937786003e+00,-3.980454361565950450e+00,-1.835790311481901860e-01,1.074370635982495603e-01,-1.009108081947482916e-01,1.841616795804096318e-01
-1.243363377251373025e+00,-1.704361095594097542e+00,-5.365737128635388320e-01,9.425726672245576809e-02,-1.428165842724342383e-01,1.475237387897226360e-01
-1.536935882181457824e+00,-4.718094130183132506e-01,-3.819423618046744462e-01,1.371863450195292544e-01,-2.049851887837948472e-01,1.713615945823053210e-01
-2.615077472273957149e+00,-2.731473559806085749e+00,-1.078444397986563219e+00,1.822680740163637458e-01,-2.369360880467963615e-01,2.329208308111275771e-01
-3.475788874709003107e+00,-4.154754242213003934e+00,-4.302590702496811303e-01,1.992779766014743659e-01,-1.631391946350270183e-01,2.544742234476273235e-01
-3.095122963269742566e+00,-5.253461074840191536e+00,1.983221578110846428e-01,1.753237643720771122e-01,-3.771212481970734332e-02,3.015776240178436596e-01
-1.293255706940688476e+00,-3.754655429555449508e+00,3.695433060377477652e-01,1.833627428759236067e-01,-1.494952492249213179e-02,3.547849885262733260e-01
-1.659963045614536448e-01,-5.305078927602613348e+00,-1.217341605120137116e+00,1.496498325102304794e-01,-3.468199124053711335e-02,4.172252272162698672e-01
-1.460553959844206745e-02,-2.220783519147754514e+00,-2.281650827478475030e+00,2.171615313590942453e-01,-2.096469465709937738e-02,4.780695236631741785e-01
-2.250279275874769724e-01,-4.349536140276065055e+00,-2.113997757320928095e+00,2.479128832301595031e-01,1.804571629256390003e-02,6.076336977228842251e-01
-2.348427058981028548e-02,-6.179792383815775558e+00,-1.067576665456355878e+00,1.564543525260804202e-01,7.348995931831175943e-02,6.848851076680649852e-01
-1.659764338488425972e+00,-3.451463109786265804e+00,-1.501739466949859603e+00,1.555087294894478001e-01,3.647864872844763795e-02,7.286814032346786707e-01
-3.787496247062760446e+00,-1.296196483309830949e+00,-2.630435045494934343e+00,2.350045664322265027e-01,8.183262114162362377e-02,8.306950886808214252e-01
-2.325732181684010413e+00,-4.563206686991136962e+00,-3.407403474668056376e+00,2.742575669058002208e-01,1.717219403913680387e-01,9.876460549740100348e-01
-1.770702101684008767e+00,-3.500745711837776941e+00,-2.203277057685329332e+00,2.816873010439403524e-01,2.384287893374551770e-01,1.074086704075608134e+00
-3.559444618332769927e+00,-3.052181186005695768e+00,-1.788703921368081984e+00,3.664031009480671619e-01,3.225825812550046079e-01,1.271384372759789327e+00
-3.826022704691538046e+00,-5.929216114078564637e+00,-1.274964232661223162e+00,3.781592663643961738e-01,4.572269225849938667e-01,1.430170237019637192e+00
-1.599635340903600156e+00,-4.894233282519161676e+00,-2.476935232870565162e-01,4.165508170339759508e-01,5.078734915540569217e-01,1.531849541731041597e+00
-3.294905276744520606e+00,-4.548911417233250098e+00,-1.552372009229885386e-02,5.052580576237480914e-01,5.937500923710129497e-01,1.658221126364359588e+00
-1.363166211151074947e+00,-8.566465292450274660e+00,6.683689261793177572e-01,5.036769518150154834e-01,6.813723995693908853e-01,1.800538493173310606e+00
-1.495620852471500672e+00,-7.335243649208122108e+00,1.777361003551178875e+00,4.826942070737504364e-01,6.410837114407179627e-01,1.824898804413841003e+00
-1.640469676342928063e+00,-8.869557183979534187e+00,1.319819144466379823e+00,4.678504507614320573e-01,6.683220743132708419e-01,1.807040088263828892e+00
6.155419507967212489e-01,-9.899663793715969717e+00,1.631665309958246324e+00,4.075302837016856472e-01,5.981780616069016787e-01,1.685709597479587485e+00
-6.866874923173991174e-01,-9.706952854425974664e+00,1.129132823146878017e+00,3.118934930768685887e-01,4.779560694352579797e-01,1.499151981007042167e+00
3.025186937804875686e-01,-8.072220614961990393e+00,1.928104916141802239e+00,1.443417218008647973e-01,3.757166877792924020e-01,1.228318886933082332e+00
-3.781118466866634442e+00,-9.718121733702828280e+00,5.327449585488005512e-01,8.382709265877470728e-02,3.120085818918734710e-01,1.019690209654862567e+00
-4.928977273959244343e+00,1.614958403584106250e+00,2.895738508114590104e+00,1.458981765999991242e-01,3.466651173396165797e-01,8.151529847663248063e-01
-3.403906988653075061e+00,-6.680045332148035087e+00,1.076149853921469113e+00,1.504984715556157704e-01,3.797938202627159088e-01,8.547053030427305131e-01
-2.371626734772509515e+00,-2.723299645458159279e+00,2.452385277310220602e+00,1.729546820418897402e-01,3.844770296197418946e-01,7.855445037678034925e-01
-2.489992988532395479e+00,-6.087343700172757721e+00,1.854301821658541627e+00,1.197202529396128728e-01,3.683539001089582432e-01,7.644488740279471450e-01
-3.027302433802108617e+00,-5.699983643866194605e+00,2.743162002167576663e+00,1.930074627790285408e-02,3.293582689726128887e-01,6.671624559355106010e-01
-4.277228140753435603e+00,3.976592504911058423e-01,3.820149847237933827e+00,6.839495567783618335e-02,3.507844815472449529e-01,6.496220610212108948e-01
-3.457230174046120652e+00,-2.786600272148489044e+00,3.645291825323538681e+00,8.919284939877593354e-02,4.454287630691075028e-01,7.176518433504930350e-01
-6.855632969594732673e-01,-4.200853335565681412e+00,3.901499674475629398e+00,5.176816598712302708e-02,4.284219422954239631e-01,7.079477871302756187e-01
-1.390743078404420796e+00,-3.329341693658266710e+00,3.967655326857934206e+00,2.905283962531654204e-02,3.908621073060388751e-01,6.760932397866800114e-01
-2.316577054914105815e+00,-5.031487835934871811e+00,4.289277220376074062e+00,-3.846162030379277758e-02,3.288441379561983791e-01,5.755918687165144654e-01
-4.002716100696243728e+00,-3.325756573494724755e+00,4.593849455836576112e+00,-1.104290617241101002e-01,2.718309033404495700e-01,4.557034662875732445e-01
-6.153532059976338786e+00,-2.334228951996308865e+00,4.475967117151730790e+00,-1.359354622767472986e-01,2.922475852496853044e-01,4.470502373549489761e-01
-5.618018431543974067e+00,-4.116395191208789273e-01,4.320435809591312903e+00,-1.095183700714858904e-01,3.125472272850515765e-01,4.918492915172923419e-01
-4.634672053323116714e+00,-1.459330683325921196e+00,3.413037001876913834e+00,-1.117500030615637130e-01,2.945671812874832707e-01,5.518538808350407221e-01
-4.845048452704272535e+00,-2.464379259857629734e+00,3.344196614860004857e+00,-1.386421807303649945e-01,3.532007114865950981e-01,6.642602038869659387e-01
-4.674086196939906124e+00,-2.514962301154544555e+00,3.325956239149547855e+00,-1.511398769493856320e-01,3.415126954112384094e-01,6.985289157268156357e-01
-5.066700811708138907e+00,-1.169779020360407262e+00,3.319151649645551316e+00,-1.758352495836221774e-01,3.453016092625876832e-01,6.999958640712551361e-01
-3.849001707396054073e+00,-3.290852733770045724e+00,2.798501676493741819e+00,-2.072789491882550406e-01,3.310504965164127178e-01,7.041536428629254774e-01
-3.226767949851918171e+00,-1.123120832698509153e+00,3.326017785076875732e+00,-2.004760491936441735e-01,3.380936200871829111e-01,6.864102674486235456e-01
-2.349353597967116958e+00,-4.157846161067196289e-01,2.579461547235361252e+00,-1.782478581241255522e-01,3.184591341490412564e-01,6.315587305187904121e-01
-1.717079988748636321e+00,-2.040710037218756767e+00,2.149676165718209742e+00,-1.795141318507132155e-01,2.756523509695656959e-01,6.161827115901112872e-01
-2.834168896908131785e+00,-1.465535390622070278e+00,2.537605605991716917e+00,-1.966106460074997508e-01,2.055633734959597114e-01,5.163812133193567133e-01
-4.541680088684262095e+00,6.754174542028756889e-03,2.623597510166899127e+00,-1.733954364275972493e-01,2.126348453564549934e-01,4.621172636099340481e-01
-3.419914996498124804e+00,-1.511539944728192530e+00,2.518483844209383982e+00,-1.843185941035576925e-01,2.381426439647617577e-01,4.575027188313487425e-01
-3.357926737883044854e+00,-2.882326583287090904e-01,2.350471471695326109e+00,-1.723754520646554877e-01,2.324079362166043827e-01,4.458429492926002657e-01
-2.610806242822636847e+00,-7.478890791296366469e-01,2.110476603891041414e+00,-1.807970855079992223e-01,2.227296739921051927e-01,4.384571752542461565e-01
-2.931589662931994411e+00,-2.434146622208467892e-01,2.238775329068995124e+00,-1.847541532454904656e-01,2.067424532671549020e-01,4.160733200231898632e-01
-3.681324145065253628e+00,-1.869873191585786021e+00,2.187742374605768703e+00,-2.278003711905349227e-01,2.160335274926709070e-01,3.891891156564096788e-01
-2.696681281423193521e+00,-3.232389836897645585e-01,2.457279772741908896e+00,-2.302179013697023269e-01,2.405052951960889862e-01,3.315742556133132179e-01
-1.530652362438562841e+00,-5.692602698702383668e-01,1.879195753572447725e+00,-2.920165643444725956e-01,2.535166321245275745e-01,1.959682799124175812e-01
-1.197710577610468619e+00,1.091349523134596655e+00,1.959116502958554218e+00,-3.160279343835583621e-01,2.391135370341164468e-01,6.842250307419843469e-02
-1.067965357565211271e+00,1.990062484530515485e+00,1.294161177030709986e+00,-3.338110103960864050e-01,1.918135414218126999e-01,-5.278784976053652045e-02
-1.450813031146896082e+00,1.560026894726427527e+00,1.135713550364326752e+00,-3.652261829687804551e-01,2.046128280317227044e-01,-1.643885991461542517e-01
-7.269292649298643161e-01,3.694665465933649529e+00,1.708114098038872708e+00,-3.704948054637351440e-01,2.189811221340987879e-01,-3.005544495225763724e-01
6.247478871674216894e-02,3.328936285480621926e+00,1.110420971145789748e+00,-4.087082745082350477e-01,1.714582202843894232e-01,-4.759178305990158231e-01
-1.307541176961897644e+00,3.835336362563359192e+00,5.414593729026880853e-01,-4.448798981345503667e-01,1.671172884575217177e-01,-5.953372370798600821e-01
-9.882679505363454187e-01,5.114114329702577066e+00,7.602839599119071146e-01,-4.583676875549218543e-01,1.760400106985234581e-01,-7.187912019039109923e-01
-7.914263926546274419e-01,5.539885725277492234e+00,1.516281018286205207e-01,-4.552646291211974172e-01,1.851847746284288054e-01,-8.345536006148425168e-01
3.487062484152181341e-02,5.304195430340489459e+00,-1.950485793587617422e-01,-5.052500642479575976e-01,1.748291829426787403e-01,-9.909366613123938849e-01
-1.472459876835845449e+00,8.099420334850403691e+00,-8.309719821237404602e-02,-4.763531636097660393e-01,1.996068397388809923e-01,-1.152128581124321371e+00
-4.574307982503982295e-01,7.186788954803157381e+00,-1.881924258823901575e-01,-4.600484873370496719e-01,2.152829901717373540e-01,-1.193471886614853261e+00
-3.952371839830339795e-01,6.728829457944510928e+00,1.197300648365633435e-01,-4.604772592421226829e-01,2.308623084408316928e-01,-1.275943511997611912e+00
2.902015784412848021e-02,7.762770974234621590e+00,6.643362271691444221e-02,-4.114000303170642914e-01,2.192609464218603643e-01,-1.339472126070102131e+00
-5.918321948499112306e-01,9.376900570841652183e+00,-1.082853925537841100e-02,-3.497745933235360538e-01,1.960845416772135641e-01,-1.436031581394611845e+00
5.343953094897777589e-01,6.915782416230360496e+00,-8.322798469793559750e-01,-3.161999882186226629e-01,1.616987940489356956e-01,-1.467639381368101681e+00
9.827594475055916323e-01,7.163384423300458437e+00,-9.030293153956796548e-01,-2.883885089812501801e-01,1.218435167737345060e-01,-1.517389233599655718e+00
-1.184908382594387355e+00,1.030718208656346491e+01,-2.556144306857790482e-01,-1.768001238551697163e-01,1.269437725998371902e-01,-1.529493726068747783e+00
3.523173197404645407e-01,4.408017796723861181e+00,-1.669785556576524277e+00,-1.830012612554497431e-01,8.687834937532543100e-02,-1.476093820344002605e+00
-4.587468393954317047e-01,5.331124736825157306e+00,-1.035462346603656547e+00,-2.145879308652241801e-01,7.281630857408094570e-02,-1.597819019586192546e+00
-1.261118654833681907e+00,6.307405504739357127e+00,-1.095227789475701874e+00,-9.439820349893723872e-02,1.322285615652593060e-01,-1.514224854696450073e+00
1.014113241385873110e+00,5.536472524012404861e+00,-1.030675277463469763e+00,-1.337652879487404300e-01,1.168749101072504154e-01,-1.543485243655437600e+00
-1.161039675969276042e+00,6.180743519747923465e+00,-1.566445314912080500e+00,-1.705039662133530087e-01,2.657150067416791384e-02,-1.546696466786585011e+00
-1.764065261156981590e+00,7.339540448662763339e+00,-1.781002515848094214e+00,-1.053383313482686712e-01,2.927949204524526311e-02,-1.437271585214980885e+00
3.286101587777781052e-01,5.162721204925412977e+00,-2.131916858584189889e+00,-1.623918873433712051e-01,-5.350298642181786080e-02,-1.358829955699635939e+00
-1.734224886482755190e+00,8.426734103065520287e+00,-1.117008533704424655e+00,-1.167434117378202407e-01,-3.513655100636030315e-02,-1.303202752123919117e+00
3.642158129903612096e-01,5.598814979600764907e+00,-2.466802490751120125e+00,-1.064215732324169938e-01,-3.541943334101917140e-02,-1.186916272109989512e+00
1.542761476350345884e+00,4.087230829564028944e+00,-3.065151293670559163e+00,-1.388944360658840582e-01,-6.019796398917638680e-02,-1.155611489217175158e+00
1.331219348860468443e-02,6.614426645826338103e+00,-2.862130785346560735e+00,-1.011255476171202816e-01,-4.839169759732676185e-02,-1.182255515791917677e+00
8.982269730092682369e-01,6.455108511031670382e+00,-2.673401448607964248e+00,-1.484534033025356470e-01,-4.714487470275541964e-02,-1.220862372437145682e+00
-1.531319218456648201e-01,4.730594773134284559e+00,-3.023583742809110575e+00,-2.076840259672167732e-01,-7.903175808039482331e-02,-1.271606837229608988e+00
6.604569658325565307e-02,6.351577823692587721e+00,-3.087060863961102797e+00,-1.564450741575908743e-01,-7.395022283073689195e-02,-1.248438878518975725e+00
7.288387041226169760e-01,5.283464918147130263e+00,-3.195985356904220254e+00,-1.908897453220136375e-01,-8.590027061601571146e-02,-1.277838536813881820e+00
-4.570062766636799889e-01,5.912199721724883617e+00,-3.590712579516241121e+00,-2.543578432220507946e-01,-1.642864251690937250e-01,-1.351015182816080573e+00
-2.009282613836110842e-01,5.842088773726888284e+00,-3.275904454961752421e+00,-2.568872806793779939e-01,-1.506761339207917383e-01,-1.302601164626352004e+00
7.890891363626484356e-01,6.324536537619840360e+00,-3.530501318768311414e+00,-2.320123598726532288e-01,-1.823950794639593864e-01,-1.243358995168922121e+00
-6.454131555332971448e-01,7.660205778288644574e+00,-3.507799888003271249e+00,-2.153280713943571956e-01,-1.756408419941406507e-01,-1.221235952088462140e+00
1.146467901393484645e+00,4.503176647151239997e+00,-3.619240665524801948e+00,-2.364122966046352525e-01,-1.762620597532062738e-01,-1.181421218670334117e+00
1.903924125836724768e+00,6.096205311793910120e+00,-3.362002463946089037e+00,-2.368948564799420453e-01,-2.218895231792960832e-01,-1.218909385670117862e+00
1.382114277343523323e+00,5.283909550043780712e+00,-3.808746271279381368e+00,-2.080213207092160288e-01,-2.632274650685523243e-01,-1.224659785757949537e+00
1.164824702334464446e+00,6.184780767495242415e+00,-3.667942766712950942e+00,-2.408017052458368279e-01,-2.770076344647813826e-01,-1.306769101695639756e+00
2.264542556301951670e+00,4.997184571620095994e+00,-3.937702510125862254e+00,-2.630274305009809854e-01,-3.208219573936755831e-01,-1.354126812105166611e+00
1.687107655220630553e+00,6.257327619746257064e+00,-3.889399819753395882e+00,-2.141429505856979332e-01,-3.275469792116221801e-01,-1.365473473076670219e+00
1.237598788342239686e+00,5.831647612498104039e+00,-4.026067979239723371e+00,-2.344433595040973650e-01,-3.276494430933822311e-01,-1.391130032186056464e+00
1.513216808064804297e+00,6.720004192129034770e+00,-4.112233060095149995e+00,-2.259775361624186685e-01,-3.592104016220896701e-01,-1.418718189261297224e+00
2.254001511755539866e+00,3.395165783917873270e+00,-4.390139529039228883e+00,-2.631480596083534129e-01,-3.737722476960538831e-01,-1.410338771499608290e+00
2.645858597645423416e+00,6.831367317176527898e+00,-3.766592463443071637e+00,-2.300227247470272574e-01,-4.006022663683790896e-01,-1.458377875465909801e+00
1.975891696532813047e+00,6.960980808274163323e+00,-3.925165176309093340e+00,-2.243652320875199613e-01,-4.454183797041800785e-01,-1.473152932023662265e+00
2.720593256107787017e+00,2.006664030258119347e+00,-4.367530009906237076e+00,-3.152069188352965567e-01,-4.615223823532606517e-01,-1.460322809581142023e+00
2.499607731828006330e+00,5.902807856553561550e+00,-3.772202971438220587e+00,-2.763488911074078458e-01,-4.743937936217990647e-01,-1.482064692478409773e+00
2.283019417842274468e+00,5.698209902864616261e+00,-4.048544815655668039e+00,-2.060707051175666715e-01,-4.563292905152287471e-01,-1.398226142082952039e+00
2.421514460105385069e+00,4.774271115812541488e+00,-3.965156821087273187e+00,-2.889362553541273138e-01,-4.490884423470037357e-01,-1.408876766992603002e+00
2.878012027166889641e+00,5.036510088680107522e+00,-4.094672684156045683e+00,-2.878047174902432781e-01,-4.830174331929759646e-01,-1.376162750987319772e+00
2.072623759868452264e+00,6.321673653390613268e+00,-4.339782725108735306e+00,-1.928541382584756658e-01,-4.573198674110319217e-01,-1.295597020609372318e+00
3.000069087146330027e+00,4.923081970451065104e+00,-4.199936525378747731e+00,-2.493349941265952940e-01,-4.330272020611246053e-01,-1.296942479066411025e+00
2.339066377223838256e+00,5.564900813320699413e+00,-4.261603738720312506e+00,-2.345691510632662569e-01,-4.494893655319311954e-01,-1.312105998800738194e+00
3.095448609178484300e+00,3.665656536039209712e+00,-4.022452324873933449e+00,-2.375044187435613741e-01,-4.025026807470062362e-01,-1.274660671645831300e+00
2.571843436255538240e+00,4.863295835967598180e+00,-4.250113590503926453e+00,-2.097650538798686848e-01,-3.941626658422536789e-01,-1.263685792487520887e+00
1.020095515411347131e+00,6.833378075902370341e+00,-4.104446880107776252e+00,-1.884924360051164482e-01,-3.735220253840274007e-01,-1.257975210422091816e+00
2.092020986417720163e+00,3.908902506221663131e+00,-3.921725507879562755e+00,-1.990154096460217403e-01,-2.881639683380785022e-01,-1.174668015338197424e+00
2.645213771006904580e+00,2.744983098546433187e+00,-3.947824499211255223e+00,-1.950380544815630834e-01,-2.866434995814480802e-01,-1.117296836115449832e+00
1.637474304070662523e+00,6.275055729638810753e+00,-3.997178050523764625e+00,-1.462965201619755018e-01,-2.811592540961399544e-01,-1.089937684457948697e+00
2.476308562853942075e+00,1.907189702198449854e+00,-4.038304085736047710e+00,-1.853068603278424931e-01,-2.753942491438531315e-01,-1.022672547302648116e+00
1.844613307285071002e+00,5.511806720241950508e+00,-3.799520471267813448e+00,-1.438294037369300671e-01,-2.535328387035107323e-01,-1.025340477687699314e+00
1.086624111554997496e+00,5.361058971243950033e+00,-3.552382944098396500e+00,-1.000239597330066232e-01,-2.017476404609198914e-01,-9.306218211988187550e-01
1.800580015034659143e+00,1.958812226700875847e+00,-3.557881432133187083e+00,-1.342272120631442245e-01,-1.768990377827487082e-01,-8.840003388900649073e-01
1.692879535387788348e+00,4.221961031115733398e+00,-3.396677056171353293e+00,-1.104379641143619223e-01,-1.882961828034393215e-01,-9.106521995230356659e-01
1.350373727707422589e+00,3.164201864042065271e+00,-3.617511526641600028e+00,-7.559933136811727850e-02,-1.689165321659817087e-01,-8.607978810117984381e-01
1.914683752618386858e+00,2.854786522124361792e+00,-3.414494528036723153e+00,-7.436045281102446336e-02,-1.385230682094649446e-01,-8.472835066990910269e-01
6.550712487448946408e-01,4.749664164250511078e+00,-3.417592104651537177e+00,-4.473796138588800181e-02,-1.673439973394332259e-01,-8.197906050680435763e-01
9.257204956830273890e-01,1.763841059019491952e+00,-3.197185500341986675e+00,-5.169167031628949666e-02,-1.285930493705799149e-01,-7.531927324478867591e-01
1.376181597208331109e+00,2.659624519068843895e+00,-3.111129848704393019e+00,-6.652417021828456456e-02,-1.071201379506034890e-01,-7.225695290424618555e-01
7.402732397712671331e-01,4.787869831388575470e+00,-2.625357599628260985e+00,-3.702487414632128077e-02,-1.007952879146910424e-01,-6.668276548195046782e-01
5.513366696507600029e-01,3.810157997243963202e+00,-2.706820351129134217e+00,1.807197747788170938e-02,-4.841714732755546258e-02,-4.986769158933224699e-01
1.688558703660977711e+00,9.324732541895597304e-01,-2.274383465587288100e+00,-3.258977741843756964e-02,-4.754623619336398321e-02,-4.016710159872166064e-01
8.255857846199723404e-01,4.937022744573534183e+00,-2.224703676457105317e+00,3.536664396345831629e-02,-5.946365920257357801e-02,-3.142725398005247195e-01
6.641765371471348711e-01,1.606595476919885357e+00,-2.267975824450183531e+00,2.308432052157257525e-02,-3.613488673473676943e-02,-1.705536826277806450e-01
8.189786620017319718e-01,1.314762538086582611e+00,-2.131048657264947188e+00,1.761051620851433394e-02,1.190305628240536859e-02,-9.400147011594819912e-02
4.916028487122308110e-01,2.265812155466539579e+00,-1.183697481080295821e+00,4.557802578380440450e-02,6.290063493395581240e-02,-2.130355233217089139e-02
-3.449931685495585126e-02,3.617435862933764817e-02,-1.110791330170664226e+00,1.740422542943017431e-02,9.531167087678288352e-02,3.121555380376207778e-02
3.018931733884729351e-01,1.012229968790520518e+00,-1.347037920757859775e+00,3.946066117857804055e-03,1.303845400464304638e-01,3.865213881327598383e-02
-2.485422421765647594e-01,2.244975343354903785e+00,-1.545490475325667523e+00,2.496653237597394603e-02,1.762822965836252087e-01,5.887098814738957187e-02
-7.059286629123602275e-01,2.255808909140327057e+00,-1.300307437178712222e+00,5.006218620928008789e-02,2.523041197239398459e-01,1.068109166427627793e-01
-5.429447864310927852e-01,1.465190235166595523e+00,-6.238955283789018313e-01,5.425674725837234535e-02,3.973569958376730882e-01,1.633353967402743079e-01
-4.827157827175345695e-01,1.647703413005276118e+00,-3.656433206435032446e-01,4.600798325113163167e-02,4.657532821393729483e-01,1.785169218390839363e-01
-1.159898478225189988e+00,2.597988448880467871e+00,-3.171762632848722507e-01,5.772621861327002779e-02,5.420595022301465393e-01,1.869921254198095018e-01
-1.132830696021123185e+00,2.183919035433788292e+00,-4.386997345946763716e-02,5.749511822678361056e-02,6.401684480115211739e-01,2.014118730821335412e-01
-1.192676900933789419e+00,2.269742551020715204e+00,3.270879948145730687e-01,5.942214132059545767e-02,7.382597694829483581e-01,2.068852060227729384e-01
-1.474805061750093849e+00,4.157909866987889558e+00,6.595994397723284886e-01,1.178953910188888232e-01,8.618349809750744939e-01,1.999164108808084983e-01
-2.312988273951359641e+00,3.947042719021772506e+00,6.334349640580271279e-01,1.644307490438907116e-01,9.807905575240934981e-01,2.187596468721907106e-01
-2.316289867439881522e+00,3.488840703211384842e+00,7.596184766387006349e-01,1.977442763302606765e-01,1.113175024478494146e+00,2.447743582656035921e-01
-1.674200539773998742e+00,3.881517626606065807e+00,1.208521620922733186e+00,2.265482859288228679e-01,1.209083079624247103e+00,2.553718562205316567e-01
-2.269285637078365614e+00,2.945870600273715834e+00,1.441276163692069678e+00,2.193309737859218678e-01,1.279378948255530002e+00,2.664564021863635723e-01
-3.401620652224311758e+00,4.012751712686650762e+00,1.458850774408614104e+00,2.406419054230530263e-01,1.426455556335508357e+00,2.873938793829471927e-01
-2.565647512965659960e+00,4.113055806704886130e+00,2.060849187043495956e+00,2.650137929794246783e-01,1.509811181563367244e+00,3.201827466638690334e-01
-2.550689333579086338e+00,3.458451145157015461e+00,2.066505068590676508e+00,2.591370472708178219e-01,1.576717817022079249e+00,3.219817866172878795e-01
-3.879406532652426964e+00,5.485769530173374875e+00,2.104710612671948589e+00,3.162075758878831744e-01,1.670801388167357793e+00,3.469911566017381266e-01
-3.532836181151989496e+00,5.117872824385645281e+00,2.579935723582165608e+00,3.571354400743507185e-01,1.813907485097643990e+00,3.969519871908762099e-01
-2.196340940369221784e+00,2.642744716905057523e+00,2.090916778331928683e+00,3.348544361190954888e-01,1.809903900603792248e+00,4.016290113163943354e-01
-3.515758653310351978e+00,5.492928594506158113e+00,1.333693927073201557e+00,3.668965126869119242e-01,1.791517489817403330e+00,3.736152341877518324e-01
-1.618670400853634561e+00,3.574387109816640873e+00,1.958136396007133850e+00,3.764009683792635674e-01,1.787632384133527319e+00,4.182019096389205659e-01
-3.076093070796609652e+00,2.996570874142754803e+00,1.276412234268597734e+00,3.524175833242569333e-01,1.760060100023088436e+00,3.989989129027844972e-01
-2.735071389358799010e+00,3.365413667347749715e+00,1.621946900652939005e+00,3.255914285611195558e-01,1.732450015528363974e+00,3.396194094510622263e-01
-1.949077201715264440e+00,2.889695477535100920e+00,1.860212199222717189e+00,3.397050637124574557e-01,1.732652232270150972e+00,3.269439382644926395e-01
-1.841121160221663500e+00,2.423513012250383181e+00,1.534679747571085606e+00,3.146029458479212559e-01,1.652931625352072054e+00,3.052478656774752497e-01
-3.737389871950123954e+00,4.246745276986781725e+00,1.627669405126248137e+00,3.112326202866506630e-01,1.624216983060094543e+00,2.605220664756447979e-01
-3.435782882880333400e+00,4.412766684457474220e+00,7.838955282596591356e-01,3.330454676874579634e-01,1.565623694427946688e+00,2.840764097678044053e-01
-3.084430565082289633e+00,2.665738764553115647e+00,1.106730206951391571e+00,2.782246649403845029e-01,1.553114737255073763e+00,2.818125005657708959e-01
-3.195655654009939894e+00,5.096553737403611173e+00,1.457575072398050953e+00,3.256357477926098420e-01,1.611561563446801904e+00,3.194684905497135463e-01
-2.092534086759840761e+00,4.216114498153060275e+00,6.579772643394243836e-01,3.840694705660170349e-01,1.579204714640645824e+00,4.068973599841839706e-01
-2.696081470783714185e+00,1.125068417896427864e+00,5.885488828099747494e-01,3.254541550024119823e-01,1.564734607646687703e+00,3.922762488701872496e-01
-2.991238293294465223e+00,3.966060420466603453e+00,1.230113582980786990e+00,3.380295242614361206e-01,1.520940962444027100e+00,3.581020537753565325e-01
-3.795804638148299937e+00,3.404207920992966763e+00,9.804282032332733987e-01,3.652696661673728307e-01,1.504990178838937487e+00,3.731855666669101068e-01
-3.548485638141242404e+00,2.219840682157484757e+00,7.250013253969531668e-01,3.277551694110401592e-01,1.505673246050323488e+00,3.477974196540706830e-01
-3.863036074714870871e+00,3.770409593056485598e+00,8.721151981110549789e-01,3.683987425229190427e-01,1.528558669036811146e+00,3.519021070993919031e-01
-2.300799568999364109e+00,2.685308842641147109e+00,2.316941520133695143e-01,3.802254547537972096e-01,1.447549633299799909e+00,3.965411347392857611e-01
-4.161632798547719503e+00,1.263020605769274773e+00,4.031303230184088982e-01,3.210794282544240374e-01,1.441667603219154437e+00,3.598325977012628574e-01
-4.065561469569121122e+00,3.604453474102687682e+00,1.254269459728209579e+00,3.386752247222632461e-01,1.450438987438873228e+00,3.408901092198684535e-01
-3.580767455415498901e+00,1.224154916247409464e+00,9.458903568031817866e-01,3.131475774668535106e-01,1.438832769061771710e+00,3.534655946592935027e-01
-4.455521389679582001e+00,2.252837086818148649e+00,1.051470440090622294e+00,2.685814677433537856e-01,1.414739155783429014e+00,2.969536362783954386e-01
-4.966859233225657810e+00,4.431492440898480822e+00,8.281455241852511140e-01,3.070537046952878657e-01,1.399847600739915876e+00,3.014511713497566858e-01
-4.499823832277726865e+00,2.743758468288965080e+00,5.793600156086107233e-01,3.031976965441525174e-01,1.382484014455383381e+00,3.373612496045075848e-01
-5.167039505481281658e+00,2.318276737443006663e+00,3.312775787002453232e-01,2.588989937258935892e-01,1.383652377853641813e+00,3.247900684389929404e-01
-4.197177129325512901e+00,4.163475457175291439e+00,-1.735805025199683715e-01,2.943005215975655897e-01,1.358786025648240692e+00,3.440545005650213484e-01
-3.831158411540310116e+00,2.962178670071090369e+00,1.590328716195914538e-01,3.197664019333956165e-01,1.377133182444242987e+00,3.781743797247134053e-01
-4.395279256265157919e+00,2.276003306434337237e+00,-1.164453001271164023e-01,3.007888939265592199e-01,1.351581528053780179e+00,3.784797975460617026e-01
-4.918880147432086680e+00,2.927742959344925566e+00,4.418825776545691753e-01,3.257052270814107531e-01,1.357649906979029986e+00,3.903982278666813244e-01
-5.173767630384149996e+00,1.865570331702277596e+00,4.907051209230495203e-01,3.111170273869904856e-01,1.359890698426533984e+00,3.864480979463534305e-01
-5.616213183933798092e+00,2.917447325726257645e+00,9.129555777317958087e-01,2.872463039795996598e-01,1.377384222795378754e+00,3.297833920861301671e-01
-3.930882474911055358e+00,3.182449793157627660e+00,9.041400200633090689e-01,3.122104516743917091e-01,1.387385333017119748e+00,3.459234661381820897e-01
-2.460775069020468830e+00,2.110530051622421244e+00,2.410818027821943765e-01,3.030863708275792212e-01,1.315438808659388004e+00,3.723765091244299330e-01
-3.135210614440582244e+00,1.465142316632041197e+00,-2.609721512541440802e-02,2.530491470230052387e-01,1.208337288156985823e+00,3.635322144325471294e-01
-4.437025352580274529e+00,2.859622709511706606e+00,1.902444403419513153e-01,2.245838810878858227e-01,1.126739426802620292e+00,3.294624212170597644e-01
-4.456346282003804227e+00,2.005871288860547885e+00,-3.548905255883116894e-02,1.589983632166148131e-01,9.866617469610114988e-01,2.831702093081977512e-01
-5.319543444606008364e+00,3.267407171344581585e+00,-3.140702676649165248e-02,1.365739565648416975e-01,9.438586600116734004e-01,2.350403874476009736e-01
-4.335729810878534707e+00,4.857144735386362377e+00,3.218090806269384707e-01,1.831002356294674505e-01,9.084540859655290124e-01,2.338064355731519217e-01
-3.847319106533627853e+00,2.312458539571051741e+00,-6.107543381858657749e-01,1.800088063069897604e-01,8.286896576350643029e-01,2.603221142843750724e-01
-5.047187151080492207e+00,2.701197935284712415e+00,-5.771875371800028187e-01,1.897032370427195469e-01,7.526383321230143419e-01,2.574324772691507501e-01
-4.794828406136519838e+00,2.537066686828546747e+00,-2.993810338762015189e-01,2.184387183207187333e-01,7.171687395570517376e-01,2.792234796293640020e-01
-5.411267020674385364e+00,1.007113694845972685e+00,-5.169519306565424355e-01,1.943895875896232972e-01,7.060157420043065013e-01,2.748580433504339560e-01
-4.705919771652916417e+00,2.898025311456967401e+00,-1.824113311356687639e-01,2.083788136358044885e-01,7.080899056635836519e-01,2.576582565540370684e-01
-2.687224982219303282e+00,2.392886990250267853e+00,-2.153055168649220530e-01,2.448988235041539008e-01,6.671801585853556205e-01,2.919244655423219870e-01
-3.218928877864746241e-01,5.618793193148273746e-01,-1.596388373524196824e+00,2.126520486745352156e-01,4.887870093146551853e-01,3.043630171570177456e-01
3.211785549044631205e-01,-2.354093791814999559e-01,-2.364142584391907498e+00,1.502892129547442612e-01,3.369743658543224996e-01,2.749193989644403424e-01
4.546512827035060766e-01,-4.106308830807959276e-01,-3.140738219125508657e+00,5.252503569791725641e-02,2.220030951949274467e-01,1.909403385492239869e-01
2.708554245125507354e-01,1.007856877501845494e+00,-3.353787927825339743e+00,-3.445837883827063824e-03,1.603982103779114654e-01,1.185285717303366237e-01
1.463397730328058977e+00,1.673315381876858243e+00,-3.554591893880390430e+00,-3.157907619948628619e-02,1.068232779689483047e-01,7.681724865969728755e-02
2.283181190146766237e+00,9.801619726871626526e-01,-4.614794524712739765e+00,-4.850336374286642882e-02,-7.691352120635116738e-03,5.272942406809491556e-02
1.522610305954539278e+00,1.078275691885802523e+00,-5.223840768496987863e+00,-7.524505176520483729e-02,-2.071686453114319690e-02,5.428712129204404935e-02
6.571422396503439067e-01,6.463131793506352585e-01,-5.428671648343481593e+00,-1.170009669656738305e-01,3.556074183579321230e-02,6.592850780299967794e-02
6.508104259852922624e-01,1.411174002869936661e+00,-5.780062847972857298e+00,-1.192568446865773096e-01,1.090165037675718263e-01,9.821519033047210190e-02
1.490527854066291402e+00,1.005086648076007672e+00,-5.976973745696955831e+00,-1.269106570563675596e-01,1.694088532273471115e-01,1.302816159268297691e-01
1.431574118664381556e+00,9.094684303172049233e-01,-5.413419367554086037e+00,-1.438836275079698745e-01,3.414876825236698443e-01,1.611837618842039133e-01
2.046372981663354906e+00,2.535802930610443262e+00,-5.361816493299591535e+00,-1.007215402762926815e-01,3.874558013170951720e-01,1.840056184936399719e-01
1.431457300285585266e+00,1.472732997574927705e+00,-5.953814468344376998e+00,-9.568092022612295633e-02,4.373975041068287606e-01,2.236464197916600560e-01
9.272401973305264278e-01,1.493680538254318568e+00,-5.391859721281054618e+00,-8.612380842066476305e-02,5.274922753538546782e-01,2.433324454238788570e-01
4.399463937005372305e-01,2.002485956380656518e+00,-4.880331477970807796e+00,-6.430829582182048809e-02,6.095611934732863002e-01,2.659700543329269751e-01
-7.005562281317847528e-01,2.639339123545192400e+00,-4.242715836252979322e+00,-2.735209771488529215e-02,7.618206911735899700e-01,3.005160410901357992e-01
-6.827763457687849868e-01,1.754891562554875550e+00,-4.711154254511436434e+00,6.738291784957503930e-03,8.625665003791942453e-01,3.339548611003099743e-01
-1.236293951774178002e+00,1.895879599949833905e+00,-3.678253550068011357e+00,3.068552687681279367e-02,9.593262228370392775e-01,3.254028264917265822e-01
-2.507382036350731092e+00,2.809786939399363526e+00,-2.851442452002586059e+00,4.780045763890659882e-02,1.071791788014495150e+00,3.071049275977533188e-01
-2.646961521073915247e+00,3.406800625501961388e+00,-2.039194193261711696e+00,8.620162302649092556e-02,1.183409779737616629e+00,3.128766230076141519e-01
-4.081534441416794223e+00,2.851125518158808880e+00,-1.131170664559378869e+00,9.356103150207489838e-02,1.323993931422707604e+00,3.297777589583072433e-01
-4.704299917251182350e+00,2.198057629113616684e+00,-5.815627373076077689e-01,8.171529559455001368e-02,1.412698505403095162e+00,3.268607571623826646e-01
-4.989928654004486042e+00,3.626345786098711166e+00,-2.796000703012131439e-01,1.151075487601808667e-01,1.463145340766655256e+00,3.313646649846043735e-01
-5.850397198295143042e+00,4.587499515791106930e+00,-1.919888690151334565e-01,1.786906323957374032e-01,1.542129153711395473e+00,3.762438560084411798e-01
-5.031198051669913518e+00,2.321285761895374833e+00,-2.662808251422832395e-01,2.252520711859118119e-01,1.611162050638002885e+00,4.597341338185233495e-01
-3.877922114792277331e+00,2.331358292940118204e+00,7.751974817538872520e-01,2.404870502254651543e-01,1.673164155129052366e+00,4.875578346716941125e-01
-4.864856877987461914e+00,2.934314633970597441e+00,7.536326363632958047e-01,2.910539039063478328e-01,1.673341918603141965e+00,5.066662901590095469e-01
-5.072870535553523297e+00,6.424545704714255123e-01,2.562427544137551028e-01,2.765425404616976279e-01,1.713841041521967146e+00,5.250386416366060738e-01
-5.969012962356901930e+00,2.257379630149322747e+00,6.474937434474503650e-01,2.479848203234507054e-01,1.749947375063197308e+00,4.708575303128023082e-01
-5.936500101635120430e+00,3.342114663526781548e+00,9.915408849888336373e-01,2.703339376685848783e-01,1.801568391836164462e+00,4.750442504476626859e-01
-4.006279060745329801e+00,2.565724720317472674e+00,8.253335688381847612e-01,3.092359292312910068e-01,1.841396694898881137e+00,5.459232503464110930e-01
-3.624431428232498309e+00,2.259717818703197878e+00,7.712161618225932269e-01,3.041229599660444372e-01,1.774274350509373877e+00,5.568811067781544999e-01
-3.679186994288714097e+00,2.279385694503710980e+00,6.498574424963226015e-01,2.758758914451017175e-01,1.687312391506607945e+00,5.407364063435551316e-01
-4.442360173767163189e+00,1.717528202862477205e+00,4.619370015581814037e-02,2.226010335752363067e-01,1.594650090356847905e+00,4.983103614759087918e-01
-5.433219528958277422e+00,2.539240208644951924e+00,1.804924661148310516e-01,1.903272056181761485e-01,1.587981892511131976e+00,4.516165987061751541e-01
-3.306704966067000484e+00,3.397372618017093338e+00,2.464279809250480291e-02,2.003908051427378545e-01,1.557386435796885849e+00,4.227588946178829632e-01
-3.027510762628107699e+00,3.430599823725612119e+00,-5.154572104772305874e-01,1.869903539752167665e-01,1.517814075432767584e+00,4.022941826556991063e-01
-2.287126140249949202e+00,4.236300806904553795e+00,-7.173007192685965094e-01,1.977061804801655831e-01,1.426033487391642263e+00,3.913930797220174229e-01
-2.393910141737932928e+00,3.009707706094776558e+00,-9.122286814626188178e-01,1.949651507155305830e-01,1.330993737040442326e+00,3.889339683469697495e-01
-2.476108676970096845e+00,2.092858798487405636e+00,-1.312005285127796350e+00,1.417307081544406100e-01,1.229164468708751512e+00,3.507427147533740408e-01
-1.587478459650855989e+00,3.377582904436130740e+00,-1.317198341422818997e+00,8.988647088325513179e-02,1.041470060497952987e+00,2.523549271309001862e-01
-5.206886070976399772e-01,2.815975180201076178e+00,-1.544478450363016231e+00,7.329074037317649670e-02,8.928622748827332867e-01,2.016608188181780448e-01
-7.821632476165937264e-01,2.065305657610250645e+00,-1.643984327844950633e+00,4.462781970064239739e-02,7.711947331056369093e-01,1.629730043808436668e-01
-5.241607780440153963e-01,2.897356460036403014e+00,-1.658105401357656605e+00,4.423203753366849317e-02,6.401655995146970923e-01,1.197330283617910884e-01
-1.076792105886170470e+00,2.012076589480383593e+00,-1.854224852169860993e+00,2.733467123673289159e-02,5.530559661996404808e-01,1.052685455500963624e-01
-7.023980869198158672e-01,2.619846488139714324e+00,-1.495710792715210014e+00,2.193709210476950389e-02,4.395075762666735275e-01,7.925994579724918165e-02
-5.397677902726436550e-01,2.752001012796847057e+00,-1.140562746347147494e+00,2.655864887340826305e-02,3.480101594839439261e-01,7.197789646931336549e-02
-1.422625416823275257e+00,1.981866583299894957e+00,-1.450976426396845431e+00,1.458169603304887603e-02,2.534429908081642369e-01,8.008614895151638935e-02
-1.233330300071180385e+00,1.976803788387601291e+00,-1.592223386830997844e+00,4.205333895113712653e-03,1.936027905129039939e-01,7.169899462629326925e-02
-6.984807909588948149e-01,1.877362131337653173e+00,-1.252280181924407154e+00,-8.797949812598463131e-04,1.443872189746575607e-01,5.485495476183960967e-02
-1.282490726815474158e+00,1.675570677250407758e+00,-9.340859844234119524e-01,-1.577601420086685580e-02,8.547303396177867441e-02,2.919883753259134435e-02
-1.508412989951857019e+00,1.863629833268512614e+00,-9.437467985459131459e-01,-1.979288016838012809e-02,4.593610697739927695e-02,2.817573044152797343e-02
-1.957835917392758418e+00,1.655656302215751108e+00,-7.818156058352574433e-01,-2.374674577571201858e-02,2.819333875868510961e-02,4.983127918361901498e-02
-2.282745978708326628e+00,1.571048964943434045e+00,-7.104704788515114888e-01,-3.596932182385340071e-02,5.717275261666265873e-02,4.562899231036915415e-02
-7.952868720488697196e-01,2.129005551685196007e+00,-3.729168520036663104e-01,-2.119068072521176210e-02,7.327540114983084607e-02,1.998768613842544228e-02
-2.137274950649546978e-01,1.781301774505413604e+00,-5.609408968478168944e-02,2.573148645318308592e-04,4.179524328239635905e-02,1.323912566821653682e-02
-1.177862841078832545e+00,1.190515112904390715e+00,-1.722168318878376514e-01,5.656290689848128724e-03,3.811773888721900483e-02,2.058017152039607819e-02
-1.561652102993510205e+00,1.270430569082761973e+00,1.412469434031087268e-01,2.361409578312223881e-02,3.466707565949753156e-02,2.928524234590854092e-02
-1.574228805427614120e+00,7.337926063564310653e-01,2.301453845150391864e-02,2.010467885787623962e-02,5.155245772928431641e-02,3.288650573061179666e-02
8.638957533620365004e-01,1.589462518697886351e+00,-1.626706859053685728e+00,1.174623911826652017e-02,-3.911833628235536486e-03,1.812906298486219661e-02
-7.861720589309473262e-01,9.175780817639352938e-01,-2.763137887551443406e-01,1.573123203705691260e-03,2.017987495242557633e-02,4.687819832448474923e-03
-1.812581539537359454e+00,8.808830387443487009e-01,4.800072321933903652e-01,-4.847218559571170034e-04,6.564667437695764773e-02,-3.160870046579335960e-03
-5.109950898117723295e-01,1.405855173646975986e+00,1.296499779987470014e-01,9.448772496519059622e-03,8.987054188747556349e-02,-8.696537417294359501e-03
2.713204367099993908e-01,1.079322893559116592e+00,-7.670588785139220711e-01,1.980961623158711618e-02,8.528364088532121301e-02,-6.220750611582580303e-03
6.592553455005034646e-01,7.750662647518110626e-01,-1.224595211929941696e+00,2.724545330257706691e-02,9.688614741233748939e-02,-1.048082559306189043e-02
-2.003698823474018842e-01,8.182745969779252615e-01,-5.178183360819890169e-01,5.402591868800417363e-02,1.053226089480926442e-01,-4.796928044102038644e-03
1.980913478327053223e-01,-3.313780779133349008e-02,-9.786982291805774725e-01,5.971186571740332710e-02,8.186924616243008990e-02,1.036150465107667923e-02
-9.603134931887662429e-01,-6.220524252597137843e-02,-5.157511994348635831e-01,6.640669284307977593e-02,1.020673209047826824e-01,9.680494470000914481e-03
-7.217861377550851554e-01,-5.161314484416970050e-01,-6.944770173689993609e-01,6.318690532568074780e-02,1.090169407382957922e-01,1.539112531233174930e-02
-1.182587752438695183e+00,-6.812711027849002732e-02,-2.680453875701400701e-01,5.462547567226512524e-02,1.497913084927314509e-01,1.899226379852282653e-02
-2.335334983044051183e-01,-4.082089108626126839e-01,-8.914625390595876109e-01,4.577035109419828190e-02,1.871337941945875882e-01,2.852709466752478829e-02
2.704518114846805599e-01,1.561418456891065509e-01,-1.346112645819869558e+00,4.242207130102280954e-02,2.110259517422172770e-01,3.593107878837781960e-02
3.842804972525454277e-01,4.656851588736667935e-01,-8.017244629202855410e-01,4.914856689740828427e-02,1.946809515850945471e-01,3.594103398132138250e-02
-1.258037301993763846e+00,3.680499754363499715e-02,-3.916500249602214989e-01,5.151150998675346759e-02,1.824404158891184125e-01,4.382104568419146334e-02
-3.121457546319841292e+00,1.680675210330816183e-01,-2.754569590891504660e-01,4.140557659974897914e-02,2.238147140268697266e-01,4.801862434280335101e-02
-2.602197307263747206e+00,3.392007859092424638e-01,-7.179616498371952371e-01,3.422909362587739368e-02,2.600883204875303889e-01,4.775463061554065247e-02
-1.921159319073823424e+00,5.819549991058462490e-01,-5.938731013148175197e-01,3.458662724352262741e-02,3.182644971173567705e-01,4.873310065200674862e-02
-1.614190865218382065e+00,2.334334205368588933e-01,-2.976938128255275373e-01,2.731666720470994278e-02,3.867955664011983319e-01,6.790837370972757636e-02
-1.039788439813257082e+00,1.130537812148100674e+00,-1.431214792365695931e-01,2.281601488827206606e-02,4.195166715882817088e-01,7.499871806453073386e-02
-2.142410696387334390e+00,1.434914435704340629e+00,2.037060686867091519e-01,5.118925965423230806e-02,4.448840157163573283e-01,7.648736903437547419e-02
-2.611195338327392701e+00,7.065541153894591142e-01,2.368205936126381861e-01,5.133529271173600805e-02,5.091903757156123200e-01,8.390810544050568420e-02
-2.786790055634013274e+00,1.202268337377744079e+00,2.202382552053506748e-01,5.597816450318328363e-02,5.648311166425207253e-01,9.623262028738126250e-02
-2.412471564188678474e+00,1.848460863788399244e+00,7.296526702119665586e-01,7.508792833715165205e-02,6.329289154780668447e-01,1.079138202318439960e-01
-2.594580832004759863e+00,1.775370054281861121e+00,8.931313241534278857e-01,8.850191055459787071e-02,6.894131197463195804e-01,1.215479033326333363e-01
-2.546297063078245326e+00,1.933293516310243376e+00,9.959253081743700831e-01,9.049944088012411292e-02,7.430386703715068375e-01,1.413009761856285351e-01
-3.092695357182772664e+00,2.299618577790806917e+00,1.185394796006757012e+00,1.076815473638221415e-01,7.809899170694214465e-01,1.479102275241937492e-01
-2.965794061645175006e+00,2.224461115662153432e+00,1.456879491610872934e+00,1.134608952803726617e-01,8.268552351154806468e-01,1.531952725705301721e-01
-3.428539308229153093e+00,2.676239587001581821e+00,1.656650103064404522e+00,1.258730845967382939e-01,8.842279399577496202e-01,1.606002664743706732e-01
-3.460688789072456473e+00,2.915108150717832025e+00,1.775275079172271120e+00,1.371142075677449501e-01,9.436459984105297627e-01,1.720795168914712181e-01
-3.142203900179245224e+00,3.164578583172078297e+00,1.793963292041311330e+00,1.516316060909667363e-01,9.706259082352237666e-01,1.794861443383833910e-01
-3.128224295224959040e+00,2.926569506609355109e+00,1.711690772448821285e+00,1.501877168453235045e-01,9.826860739643374920e-01,1.782200227149844662e-01
-3.018556199235856496e+00,3.544136891382374532e+00,1.857741623281974785e+00,1.618100108509086532e-01,9.943157734994255703e-01,1.648102335864782275e-01
-2.925702000821827298e+00,3.449250367457118216e+00,1.662834036287530237e+00,1.627701903955988127e-01,9.951696463009166438e-01,1.680909262619618705e-01
-3.513074571485765407e+00,3.303125661351790754e+00,1.807868766373909475e+00,1.514021119633738033e-01,1.026244465515799176e+00,1.803926491412041200e-01
-2.820248733490852810e+00,4.072709903041940471e+00,1.717172322516877347e+00,2.099767829870919922e-01,1.033443867924153992e+00,1.823261255810064152e-01
-3.417558584848611414e+00,2.456321771515653118e+00,1.316879479690085564e+00,1.851522652477200492e-01,1.053542604688537221e+00,1.875779935415556321e-01
-2.459240173016018716e+00,4.100773621755451792e+00,1.795436640187914268e+00,2.005306322924962636e-01,1.072718622778618958e+00,1.825149078766764021e-01
-2.519021996000928354e+00,4.048473745195605211e+00,1.719621816916588442e+00,2.332968953858474137e-01,1.075464586528701361e+00,1.963356997685669625e-01
-2.971613770850249026e+00,2.073511668579231415e+00,1.224611775296175153e+00,2.288119589077843852e-01,1.086029102453536010e+00,2.121832948001780295e-01
-3.216724790469363437e+00,3.994987155939413892e+00,2.219002369891115212e+00,2.419506758336590901e-01,1.143188241462461452e+00,2.081342836120303463e-01
-2.996131534062867363e+00,3.422205986582047998e+00,1.846143153301545325e+00,2.902234017900566232e-01,1.187277867527584796e+00,2.085681908956635855e-01
-2.652263712748970104e+00,3.010714208826593907e+00,1.621418773128032509e+00,2.755320963710333748e-01,1.205697057157003815e+00,2.082848705188118377e-01
-2.833529547416075101e+00,3.931302587439783114e+00,1.967286805036877695e+00,2.763291776667036181e-01,1.212380567144546228e+00,2.122543519427634862e-01
-3.343818537192175366e+00,3.252065676697351027e+00,1.941769260243621620e+00,3.001559166697831404e-01,1.227300185802668198e+00,2.238638035196796050e-01
-2.645404705125404377e+00,2.812417328571049424e+00,1.841778043202054960e+00,2.433360685061465301e-01,1.218849146244786130e+00,2.404470065629687736e-01
-3.102968451102615433e+00,4.663298164317689398e+00,2.102481887471459920e+00,2.574158849745616373e-01,1.216348885997420082e+00,2.286622596103932981e-01
-2.891441011707372777e+00,4.704255044340134972e+00,1.454918675008552098e+00,2.992138025662131606e-01,1.218737679567528209e+00,2.265140348213203481e-01
-2.784705023183970063e+00,2.642757785236945711e+00,9.866525371974944614e-01,2.833808204736889547e-01,1.225198272592827431e+00,2.544563257228465991e-01
-2.346521924545776017e+00,3.956147586516602033e+00,1.544360695973358233e+00,2.723191652774791804e-01,1.226390107499589766e+00,2.738247193370894061e-01
-2.341932088561226255e+00,3.819846785096628228e+00,1.374866140809402726e+00,3.490129904645565273e-01,1.242679085694852192e+00,2.843732147344877337e-01
-2.256799187288483832e+00,2.002864632715040116e+00,9.270568637475582463e-01,3.309288325794580432e-01,1.239457347251737396e+00,2.815719309332508358e-01
-3.477722079595137128e+00,2.717942884094358025e+00,1.195372486047100669e+00,2.829746696708797526e-01,1.233071728854578275e+00,2.681639499516454972e-01
-3.113670637828887866e+00,4.956791393015977043e+00,1.578454358100180421e+00,3.112866405658495372e-01,1.248905511445598471e+00,2.510909236511912335e-01
-2.415106303791008546e+00,3.295555728110396654e+00,1.104323642876150036e+00,3.214816893428852906e-01,1.264318688005992453e+00,2.511254984838678928e-01
-2.740474521728152535e+00,3.482155594760670159e+00,8.365577930605919699e-01,2.691069341763611122e-01,1.239073705339160503e+00,2.554209930530667583e-01
-2.893292312572903757e+00,6.205550880731063756e+00,1.381461145657508993e+00,3.316126197896798744e-01,1.242174141898457762e+00,2.537024878138650630e-01
-3.090363782260328929e+00,2.713821819117983480e+00,4.846921948312288286e-02,3.350766802760556939e-01,1.230728758409570522e+00,2.768123476760628310e-01
-3.320110641531702100e+00,2.473579169697778024e+00,3.231221986259356083e-01,2.411347039629871125e-01,1.219347893505509983e+00,2.866405360976161942e-01
-3.099443324128702049e+00,7.061483589891731860e+00,1.695741516148039363e+00,2.942868978639868738e-01,1.225656303608143149e+00,2.708023261803252923e-01
-2.693913740588026684e+00,2.726257536788052604e+00,1.243879557354092835e-01,3.136089133548420338e-01,1.229891031793256539e+00,2.832555308462410548e-01
-3.030186994114962395e+00,3.627088812264268824e+00,5.564224834248754359e-01,2.639985188084886802e-01,1.226100636033809144e+00,2.791117379220644512e-01
-3.452653793951129479e+00,6.123781072967006800e+00,1.033127166732320745e+00,3.258969771868963639e-01,1.231486021625129990e+00,2.783296349141666792e-01
-2.481725712432703013e+00,3.156274644617446778e+00,-2.118653596811170825e-01,3.480414441293567807e-01,1.229863529647388320e+00,3.015388768184720236e-01
-2.800702487599524115e+00,2.530398950622136933e+00,-5.173146277189661912e-01,2.854539605474093467e-01,1.214142913997985573e+00,3.060675969922668771e-01
-3.141102015006068449e+00,6.030455924546601842e+00,3.907251480517920372e-01,3.472549929132702218e-01,1.242852942162537166e+00,2.852432249925238028e-01
-2.811119584933304605e+00,2.648808102762792327e+00,-1.135426818149741779e+00,3.271505985190793497e-01,1.256293154038263804e+00,2.934428447051998790e-01
-2.675329464900317866e+00,3.081101939284566882e+00,-9.534489231958829247e-01,2.614213402925643637e-01,1.219177128938149890e+00,2.929683224056014446e-01
-3.179438471251471388e+00,6.359373942876438868e+00,-1.251998814850368014e-01,2.842373293194832562e-01,1.193506083829416475e+00,2.805933165421117259e-01
-2.811832497857221114e+00,2.696865739985722765e+00,-1.543102042643924365e+00,2.907384113047327689e-01,1.201446358523744040e+00,2.965699270408425625e-01
-3.304730694147474779e+00,3.789242027242828659e+00,-1.013658400629387613e+00,2.267367607051487266e-01,1.180758883482874610e+00,3.002996721165965277e-01
-3.426676477258589593e+00,7.040379473038226976e+00,-1.858507061849064002e-01,2.719546667010538932e-01,1.155381693994093961e+00,2.885387247941652578e-01
-2.931046597234739703e+00,4.285581605401903360e+00,-1.315143904514949336e+00,2.857945712932289939e-01,1.135949633646187396e+00,2.951386792370739864e-01
-2.984614849364608968e+00,3.727365233447792026e+00,-1.484854877260597616e+00,2.328582991533425239e-01,1.091675511131350529e+00,3.019147765055716359e-01
-3.347716205210061968e+00,5.216824431311332333e+00,-1.134956796899144083e+00,2.714422694746475018e-01,1.094738481227762961e+00,2.955419171897376018e-01
-2.292488270423593377e+00,4.525112110798810150e+00,-2.106309656396798680e+00,2.981197914036424756e-01,1.062223959987036004e+00,2.973693915562418688e-01
-2.832526967990832922e+00,3.024519871646618174e+00,-2.289457288252719103e+00,2.464609029764411596e-01,1.011113960823672997e+00,3.079771764436817771e-01
-2.654140199672087697e+00,5.041090426600193908e+00,-1.696391425772459494e+00,2.556229488561404528e-01,9.554052873235727716e-01,2.899888418683356228e-01
-1.851320738312323133e+00,4.611892262775812767e+00,-2.255602937139912889e+00,2.935840397645048672e-01,8.712899102641187277e-01,2.781782225124904695e-01
-1.687838007949403973e+00,1.325966537162829528e+00,-3.827643497858300492e+00,1.406743623798580867e-01,7.055218579009996382e-01,2.781791915076645694e-01
-1.808282623053199645e+00,3.619506698756805196e+00,-3.023187780442272654e+00,8.708320024698161521e-02,5.885271412038729499e-01,2.455774964828717211e-01
-1.653809459437656670e+00,3.378716929642219480e+00,-3.101893408557811149e+00,7.184489830317750125e-02,4.926858926408030359e-01,2.204492322105056912e-01
-1.461071518907966604e+00,2.474419353696807988e+00,-3.884178028026272322e+00,1.726207011332306362e-02,3.600804754361683901e-01,2.058815323791028384e-01
-2.159560332301569296e+00,3.360019882921938983e+00,-3.109821771747931507e+00,-7.597853183543884850e-03,2.898398350455823058e-01,1.918456720640431823e-01
-1.789356258950109080e+00,3.880334709119905412e+00,-3.399171460195237415e+00,2.645240569681235002e-03,2.240068114512592523e-01,1.574689486383100412e-01
-9.561963601187202233e-01,4.292043731951285856e+00,-2.978094119543770013e+00,3.883141061950544370e-02,1.893741331093918012e-01,1.235011060330153398e-01
-1.722584388583630943e+00,3.012393147934572468e+00,-4.396255737145435383e+00,2.446130299378977691e-03,1.598022659206757290e-01,1.119667863487663617e-01
-1.844615729319791786e+00,1.622617426303086141e+00,-4.276177006365349698e+00,-1.099899871665883239e-02,1.146248886053096022e-01,1.208169112677023593e-01
-1.825916097593758503e+00,3.489338661971352895e+00,-3.063555363966663059e+00,1.603552256757103528e-02,6.781660159778025998e-02,1.052444835046793675e-01
-2.546744759865087637e+00,2.126694670568933354e+00,-3.391731813121019457e+00,7.087825939599936773e-03,3.247760227429224295e-02,9.296696308648927376e-02
-2.827166984804368344e+00,2.041905834544707865e+00,-3.222772573325527468e+00,5.465044396544836529e-03,4.377612666309994849e-02,8.260165072253120022e-02
-2.682777180919771798e+00,2.228862514786777993e+00,-3.772548029702060823e+00,6.124208726450674697e-03,6.680377396725456496e-02,8.310021571478394542e-02
-1.617770327976326694e+00,2.307725373608260355e+00,-4.304858485198875151e+00,1.728470323279291884e-02,7.888009514066504635e-02,8.313889759780816735e-02
-1.644377534776074734e+00,1.724690274842027193e+00,-3.635041842199791873e+00,2.786847448356094895e-02,7.712831330335906399e-02,9.254239543636605392e-02
-1.167059816277023820e+00,1.045576709334235188e+00,-3.650116338625379875e+00,6.416332680823752695e-04,6.534612555276970991e-02,9.480512350320921544e-02
-1.769987048569322763e+00,1.775563990370475409e+00,-3.474727767165796344e+00,-2.657553164329429923e-02,6.344286471904905800e-02,1.025720587823423929e-01
-1.592820503782206076e+00,2.966071640096627160e+00,-3.184714168188797601e+00,-2.087927255167913720e-02,4.416840720576393348e-02,1.024633409569948167e-01
-2.578762512280572849e+00,3.526176812147207240e+00,-3.190034407504565905e+00,4.270665340673916038e-03,2.362569572572116583e-02,1.042245966994442552e-01
-2.901982250599976609e+00,2.407984361704295306e+00,-3.778409884186448409e+00,1.063729174000799423e-02,4.639102074254093655e-02,1.343135873606746133e-01
-1.024142378454794500e+00,1.000900241136352342e+00,-4.295786148988725017e+00,-9.278133644090774679e-03,7.112474774249004372e-02,1.473545640372965759e-01
6.322275178657550398e-01,1.149792768807968546e+00,-3.759821528714830663e+00,-3.015881408446871234e-02,3.383429862866130927e-02,1.320219692300414194e-01
2.998071138792369750e-01,1.393884659155198547e+00,-2.399114505880183934e+00,-3.447759650658236558e-02,-4.911895366196505214e-02,1.050012618693668687e-01
-6.351210800636075682e-02,9.601852436580279315e-01,-2.701629842737497178e+00,-4.323049351759683523e-02,-1.841596598340351221e-01,8.560686130903620572e-02
-1.033390518185653306e+00,-8.632374233918946871e-01,-3.759535202856970848e+00,-1.047798432925049622e-01,-2.343960910522847052e-01,5.684065068237811186e-02
1.294368808918705760e+00,6.209034625741911562e-01,-3.972216058706722563e+00,-1.169198223461935526e-01,-3.113129915569060602e-01,-1.615447077058879827e-02
2.639924182028535071e+00,-1.106512379606640728e+00,-4.870834646906786247e+00,-1.383819129786338642e-01,-4.339161207960877675e-01,-3.750850327520504485e-02
2.144168371626721470e+00,-1.832656216887661449e+00,-4.700820057821762710e+00,-1.720134841849197682e-01,-5.075144381926941506e-01,-5.847928328976622486e-02
2.281877282003155649e+00,-1.022146557462629612e+00,-5.045183975772986607e+00,-2.195933270838961449e-01,-5.828629789067464317e-01,-1.089922874090833160e-01
4.902735466234242168e+00,-1.048610893587991422e+00,-6.165054793054357773e+00,-2.239127747407513025e-01,-6.756882172915573692e-01,-1.652123875521142038e-01
4.493261054144157995e+00,-3.114907517306770401e+00,-6.009411957598207898e+00,-2.557957041486744187e-01,-8.587295569885988744e-01,-1.884656417546244911e-01
6.883582959187640959e+00,-3.325352913820074807e+00,-5.699743248807497942e+00,-3.288149201985727799e-01,-9.785977728415357069e-01,-2.216112127082880134e-01
3.937469527532079905e+00,-1.484886077853295960e+00,-5.415099897773314019e+00,-3.377148037634194466e-01,-9.726312204257046012e-01,-2.383652779834964930e-01
5.738100372294368867e+00,-4.366122084051519137e-01,-6.187907630346681565e+00,-2.832163296953399967e-01,-9.997522525187934050e-01,-2.689996937512412756e-01
6.437538185692336157e+00,-1.747861042189898351e+00,-7.209337400538531782e+00,-2.910369264769709363e-01,-1.062867621275098706e+00,-2.944366422051439836e-01
6.223996639803784703e+00,-1.396077903799345155e+00,-6.763091330540571988e+00,-3.145594708734619771e-01,-1.097846706419451479e+00,-3.077559529454666487e-01
7.004798477419232228e+00,-6.586816269941369040e-01,-6.480965202700520678e+00,-2.680061260363474362e-01,-1.096958336584266780e+00,-3.170654852097983811e-01
6.036626422601271358e+00,-2.808372536618350956e+00,-9.247288376366274321e+00,-2.960546744669941832e-01,-1.264505299457971521e+00,-3.533783655751016051e-01
6.461350078898552951e+00,-2.439798567404379170e+00,-7.237438199571339936e+00,-3.270378223577550258e-01,-1.346488580801188162e+00,-4.059352591415120726e-01
6.032630914206678518e+00,-6.387829771691453384e-01,-6.615273929815041143e+00,-2.880258070290579453e-01,-1.297625390278238866e+00,-4.345598346090333575e-01
4.533875860230127230e+00,-2.166081685836318549e+00,-5.335260754769173275e+00,-2.934322341194762207e-01,-1.232062169892566894e+00,-3.969525842589160525e-01
5.638347017547062023e+00,5.186990355700482613e-01,-4.623960692234101444e+00,-2.009215505505233257e-01,-1.234236235232782253e+00,-4.061539931468974851e-01
4.981977750920237646e+00,-2.418936059892507373e+00,-5.071270794383132774e+00,-1.461870951573065736e-01,-1.247899723535663474e+00,-3.784649687565826426e-01
4.728177345848737723e+00,-4.851426040727966793e+00,-4.654183997551108121e+00,-2.078986336275356339e-01,-1.272005186814975985e+00,-3.301761075481253194e-01
2.673653950831929471e+00,-2.560780327662132372e+00,-3.015578754644890225e+00,-2.129288201088759269e-01,-1.220309335020743680e+00,-3.132524229951648143e-01
4.042273418486391101e+00,-2.699891092494178579e+00,-2.468093744291560476e+00,-1.257521206862866892e-01,-1.262216095440818142e+00,-3.224408978831943551e-01
3.003113692864234796e+00,-3.321598527485939201e+00,-1.961402744296200096e+00,-1.306558836467644757e-01,-1.223230001289932867e+00,-3.242600070348143348e-01
4.383395218668419524e+00,-2.600152744836337959e+00,-1.998643048645907472e+00,-7.788363647957825819e-02,-1.266874077319153358e+00,-2.983059093396125405e-01
2.279785185885467858e+00,-4.146917065294193350e+00,-1.698296156201773099e+00,-9.471759328843924741e-02,-1.242202716861384060e+00,-2.622113996686699089e-01
1.731129248037363011e+00,-1.093303579419182103e+00,-7.479440598844599997e-02,-2.261065561409523333e-02,-1.240525023945939109e+00,-2.751257543285697826e-01
2.021969368975430559e+00,-4.835624538901766023e+00,-5.611120245624421354e-01,8.782474861373649674e-03,-1.213073743730279874e+00,-2.720019127606290721e-01
1.461784391619827428e+00,-4.047117434203189923e+00,-1.638844506578001070e-01,-2.173409901019432780e-02,-1.187212850331590852e+00,-3.039815379731573564e-01
-1.694259940434827694e-01,-1.425945317872961748e+00,1.995091036364708970e-01,5.541577636613826546e-02,-1.134031297478454547e+00,-3.050788576928414875e-01
-5.915671802774152832e-01,-4.578319659994321000e+00,3.263337234035137424e-01,7.537665314239645753e-02,-1.045511574495791018e+00,-2.454011649721242749e-01
-4.238411886916366722e-01,-3.533024145470085475e+00,7.513161834549005880e-01,7.338791785888604258e-02,-1.081756765601059600e+00,-2.448622396212643271e-01
-2.561529904487179543e+00,-2.127123360032036281e+00,7.956430430151171240e-01,1.050119723109445846e-01,-1.029338698413576170e+00,-2.322804564183667819e-01
-2.201565294948585993e+00,-2.944831988860090455e+00,1.413249303459640061e+00,1.314957004671774010e-01,-9.584934110144939234e-01,-2.035754733920836501e-01
-2.125996309233193493e+00,-3.152649407981724217e+00,1.013495678990437021e+00,1.459213377893698871e-01,-9.236355550829149497e-01,-1.832253007373826348e-01
-1.428859359362123271e+00,-2.587545998761963340e+00,1.126324084856324514e+00,1.476471174475960102e-01,-9.379505945124787525e-01,-1.938863528543932069e-01
-1.364533845410663027e+00,-3.189496498274107861e+00,7.437791443340658892e-01,1.152032161410100758e-01,-9.454500542070531921e-01,-1.912360896187483283e-01
-1.396477578674446329e+00,-3.026829958595939729e+00,7.566289839331525879e-01,9.106561815252600667e-02,-9.134822470186301224e-01,-1.643269926800466352e-01
-5.362871427548450143e-01,-2.208195108979775334e+00,4.727578181704381599e-01,8.656673732636940843e-02,-9.137444802337966188e-01,-1.442184855350731043e-01
-2.318456406902209554e-01,-1.934339687155381071e+00,3.354505760174451012e-01,7.725002931532991279e-02,-9.261223616109309775e-01,-1.271604688840352049e-01
-6.489108460666445088e-01,-1.819319762203083446e+00,8.768776801627020667e-02,8.244625650149196849e-02,-9.468913222798052143e-01,-1.174909981367418116e-01
-1.290821120494206387e+00,-2.953021072731934815e+00,-6.700584178380784017e-01,3.218913430746330601e-02,-9.579458335897913512e-01,-1.085647115761319975e-01
-1.149930369000692343e+00,-1.620722948777616246e+00,6.220881416963863764e-02,3.105839198252042729e-02,-9.552095367448575347e-01,-1.129382872085179235e-01
-1.749901559507460513e+00,-8.756014454611369402e-01,1.663552442664434361e-01,3.657159981097217460e-02,-8.762074954623253475e-01,-8.635378251286508766e-02
-2.574210727349015126e+00,-1.398283816297437587e+00,5.308712931701874416e-01,6.263316368697798009e-02,-7.641807659829346067e-01,-4.653412270108264054e-02
-6.085021926666070335e+00,-5.485076507060300255e-01,8.527221679966479062e-01,1.059743074486610565e-01,-5.986033763500234750e-01,1.337705136225893904e-02
-2.928920304756746695e+00,-2.361781794543225566e+00,2.075644634141533551e-01,6.033785061400168126e-02,-5.488246789153878868e-01,6.947860784454333583e-02
-5.080075047158151058e+00,-2.710154543607987243e+00,2.818257980350209468e-01,2.633344253527659939e-02,-4.606267819411388187e-01,8.067735033417523793e-02
-4.502969626599468533e+00,-1.910193822393555951e+00,3.801781898646627855e-01,1.538584867180061051e-02,-3.467221058716281612e-01,9.871141851100498354e-02
-3.566292949922470257e+00,-1.046855067636476955e+00,1.070944987381587055e+00,1.700922882161218924e-02,-2.572658699538126204e-01,1.021415758292708725e-01
-2.805813577947080084e+00,-8.768406257900623890e-01,2.089857659538381540e+00,2.361527027849925561e-02,-2.537699973318595092e-01,1.115856080948441353e-01
-3.615210854522821649e+00,-1.634863491024111548e+00,1.727360065966247138e+00,-1.060589519576010664e-02,-3.049359335688882067e-01,1.106971985813652720e-01
-4.972210404497400482e+00,-6.028653036182836100e-01,2.050099930447161434e+00,-1.934475850737766428e-02,-2.751590904826836104e-01,9.547865700225276198e-02
-6.258332289468686582e+00,6.898822485791582526e-01,3.637127447954251025e+00,2.555450366459225894e-02,-1.615180690330697555e-01,8.871259799895947484e-02
-4.346977984332872857e+00,-5.790729266417879995e-01,2.855285949061279638e+00,1.220755379610879293e-02,-2.243149485062549131e-01,9.063464108596243352e-02
-3.384009757083809689e+00,-1.774706166075359359e+00,1.818729404415875495e+00,-1.667466680878616769e-02,-2.918670115877408655e-01,1.024503765438101871e-01
-3.972135231174055203e+00,-4.552021954698228789e-01,1.572268092230611147e+00,-4.004371470686685086e-02,-2.952462118038664540e-01,1.031064182031854737e-01
-2.028180781323422277e+00,-1.435207805229122835e-01,1.268133171882627419e+00,-2.947616137153981353e-02,-3.522741403735113463e-01,9.196376988315571599e-02
-2.428089516005973447e+00,-8.310677024796965240e-01,1.020262327052507745e+00,-5.491942841553556359e-02,-4.230506821503013937e-01,4.322017009975047397e-02
-1.431858665627439908e+00,-8.774693968283266976e-01,1.184496686879850547e+00,-7.352162825205156571e-02,-5.057708208274735995e-01,-1.697883218630770463e-02
-1.370927964648258168e+00,-8.622983702538439266e-01,8.390997052741397955e-01,-9.280549168950447125e-02,-5.688232190491834261e-01,-6.792908280509203645e-02
-1.103477205340786416e+00,-5.176378772112797400e-01,2.625405074075739531e-01,-1.100604689036292216e-01,-5.959832220929369706e-01,-1.100950655072542167e-01
3.054527771946894954e-01,1.133345467434391657e-01,-2.178030893664795187e-02,-9.689599188872002888e-02,-6.730353545884180111e-01,-1.349585038148931604e-01
1.469919378466058912e+00,-1.147312055023663291e+00,-6.065930186950865277e-01,-1.106261033903706559e-01,-8.230430764856940806e-01,-1.603431829840858414e-01
-1.372337910631658553e-01,-4.715019503895219732e-01,-5.576715150741859972e-01,-1.329837499310665416e-01,-8.403625920801859328e-01,-1.855144723702217280e-01
1.303424571249485631e+00,-1.095637405391805652e+00,-1.468994870190247992e+00,-1.605625618485529704e-01,-9.033928656656152745e-01,-1.992073707882182632e-01
1.566049817416957701e+00,-7.454062025768759536e-01,-1.821695213221217857e+00,-1.726444747485580133e-01,-9.872814745319015151e-01,-2.327510378317707573e-01
2.066055815990941902e+00,-7.068041422018651598e-01,-1.988617133654439817e+00,-1.584073226192992678e-01,-1.040397070836508897e+00,-2.353587821994689022e-01
1.669326939906799367e+00,-8.772892683656582369e-01,-2.399226589199501269e+00,-1.524604929038164969e-01,-1.056954333319250150e+00,-2.275810488133033493e-01
1.036389816785275642e+00,-1.018842404853394168e+00,-2.760835949151648094e+00,-1.383113210391151704e-01,-1.061693339958286408e+00,-2.110286893773001549e-01
1.780909025564355597e+00,-1.535159883244003431e+00,-2.640603368183682242e+00,-1.318491249596013548e-01,-1.065418447172876926e+00,-2.002469815909184991e-01
1.875928169325493000e+00,-1.704647128963860503e+00,-2.162243108182024365e+00,-1.012548285764445222e-01,-1.076663538783649843e+00,-1.965519285208931211e-01
4.644614127519697266e-01,-2.092934941200325749e+00,-2.479208442721303030e+00,-9.751133426373360946e-02,-1.045019239707666081e+00,-2.008055378741504526e-01
1.285368210227968211e+00,-2.030421618373468906e+00,-2.371422679371682385e+00,-7.450144126065808003e-02,-1.044310538887155415e+00,-1.975217123838592659e-01
8.206109757666597559e-01,-2.527917088076985230e+00,-2.240127335505853523e+00,-6.396755650830143747e-02,-1.043101652673877666e+00,-1.862437057470142932e-01
7.785476269412585637e-01,-2.928940935005786894e+00,-2.311074358649657157e+00,-6.716239603816843984e-02,-1.044266435896432865e+00,-1.884005681633203477e-01
1.713502599905017965e+00,-2.548956889930112268e+00,-1.997027616021207708e+00,-5.886415592850005596e-02,-1.056584019692386578e+00,-1.847593622116642798e-01
6.428346598041542181e-01,-2.210559348003659164e+00,-2.147324876720081654e+00,-5.021691027847791089e-02,-1.042831770480543874e+00,-1.834448994557069390e-01
1.181113537072989716e+00,-3.541526431756749638e+00,-2.443550502835015514e+00,-6.590077952862759270e-02,-1.112266590055739357e+00,-1.875650277535532984e-01
1.078036268585772950e+00,-3.090864283854203087e+00,-2.082940153018514984e+00,-7.158491931362725991e-02,-1.109766223929732121e+00,-1.957413239229380819e-01
4.824474607272594140e-01,-2.999923995888825967e+00,-3.039198688005162019e+00,-6.839915625035945801e-02,-1.109474805050683521e+00,-1.978351445479987203e-01
1.725326977430366115e+00,-3.509338848286415402e+00,-2.478563248568953270e+00,-4.405706698166515084e-02,-1.151448220387363053e+00,-1.979580274786554850e-01
1.268013359048991928e+00,-3.866472159377816187e+00,-2.612096780509651772e+00,-5.782575466041533357e-02,-1.163501328051377959e+00,-2.124288271898774894e-01
1.607087888936615139e+00,-3.319354198960855484e+00,-2.479524161985303898e+00,-5.272785728095195218e-02,-1.142447797544202226e+00,-2.137099226349194470e-01
1.627664481039623467e+00,-3.124410870980900867e+00,-2.410031126437587545e+00,-5.164411265498335124e-02,-1.151887118557685108e+00,-2.158378577097476436e-01
1.230082994748467495e+00,-3.658381494455995586e+00,-2.645257052511378326e+00,-5.590988048320742754e-02,-1.175872839298198747e+00,-2.122952260676980174e-01
1.959821263161139804e+00,-3.259812788823647445e+00,-2.493051406342880583e+00,-4.658614083421518115e-02,-1.185589886351025024e+00,-2.064133970761755921e-01
1.939320968368047016e+00,-3.706691006235753427e+00,-2.642476097014674785e+00,-5.180916973897510547e-02,-1.182916954160516676e+00,-2.029892200281403492e-01
1.753626347261899809e+00,-3.703929785675330155e+00,-2.542901419149457887e+00,-5.134357817611987646e-02,-1.180181416399115557e+00,-1.974022501578666378e-01
1.699004329679812519e+00,-3.885494457485103137e+00,-2.563170785488682490e+00,-5.806164206458426513e-02,-1.179865966926018306e+00,-1.911470341613606683e-01
1.619400283438728216e+00,-3.388118997163477086e+00,-2.429837079612398476e+00,-3.735508705122881495e-02,-1.157977870736161430e+00,-1.732680937362194862e-01
1.376636502462285305e+00,-3.670732239762325211e+00,-2.459607430690981644e+00,-3.086678329012985250e-02,-1.137003868233772197e+00,-1.669630159422020865e-01
1.459120209728139272e+00,-3.925147199593918224e+00,-2.188773125749849946e+00,-2.610061288872886701e-02,-1.121016795418741774e+00,-1.677600210887071341e-01
1.532720504083646462e+00,-3.810382143051037396e+00,-2.087515677762318056e+00,-1.844462038512912835e-02,-1.121831922887929434e+00,-1.766306486212245175e-01
1.335386349029411557e+00,-4.540577905631868916e+00,-2.139268018402156635e+00,-2.739076212646895242e-02,-1.124631249232609598e+00,-1.766740454991387321e-01
7.420039519683674367e-01,-3.731512437035386931e+00,-1.803005919999677298e+00,-3.541651647437927403e-02,-1.107821779957957498e+00,-1.762059802602221059e-01
1.246591537826036822e+00,-4.053677628782041076e+00,-1.787330507201371654e+00,-1.074511313832130985e-02,-1.105362075862315052e+00,-1.664627360404835610e-01
1.845373654405680242e+00,-3.998506415686038373e+00,-1.608010040687888553e+00,-9.363140469505591354e-03,-1.105544999059030919e+00,-1.681128140913778768e-01
1.006109989803757987e+00,-4.840538078892650198e+00,-1.760567824882636634e+00,-5.718344272842720843e-02,-1.115182325497933835e+00,-1.845112157940991815e-01
5.968329473100713045e-01,-2.988212735834686828e+00,-1.287034686083248891e+00,-2.981256971830417019e-02,-1.112201636319691156e+00,-1.909876733684111871e-01
1.105106983033123491e+00,-4.885003732803329335e+00,-1.898129383010727755e+00,-2.276045096693128308e-03,-1.108748573838065798e+00,-1.581911863734457024e-01
1.402563610790047210e+00,-6.079895919117435987e+00,-2.153304968263470620e+00,-6.629078566202772915e-02,-1.112588863401681172e+00,-1.910676092948261906e-01
7.698279767837086229e-01,-3.118730036041136522e+00,-1.468417904372556704e+00,-5.763140486020780495e-02,-1.117658166528845198e+00,-2.216164541040561708e-01
4.428239862003159333e-01,-3.202946015629613008e+00,-1.070477304825128817e+00,8.906477125709957518e-03,-1.115694233662716695e+00,-1.964621731568443885e-01
1.230515783853823208e+00,-6.309816666633028426e+00,-2.691358480522624497e+00,-4.650580945987932424e-02,-1.173509574851443027e+00,-2.113782390834516856e-01
8.595379533744795797e-01,-2.704859615570551323e+00,-1.675416742282786364e+00,-5.945557010701250228e-02,-1.138178046479204175e+00,-2.453459860353494615e-01
9.022430561677382554e-01,-3.278858473049707456e+00,-1.924376428936191319e+00,-1.799548099015938971e-02,-1.128376999810855930e+00,-2.100639349895674080e-01
1.280359339312141742e+00,-5.519538258280153542e+00,-2.922858940069329670e+00,-7.118709610519101394e-02,-1.138655066187932885e+00,-2.191408302266731611e-01
1.136474142076484783e+00,-3.025139019510877159e+00,-2.025860407103272642e+00,-8.091356763557515375e-02,-1.133364938320224224e+00,-2.442660524643545661e-01
9.656012252438543886e-01,-2.978695385880177682e+00,-1.868403426592638139e+00,-3.707901209686478156e-02,-1.121457299201940483e+00,-2.130579027934237091e-01
1.908797691139904051e+00,-4.954825815516088916e+00,-2.813492897970528261e+00,-8.611700818970406679e-02,-1.120787783060748222e+00,-2.334611853664391168e-01
1.669281606180932354e+00,-2.714332275492924218e+00,-2.128684750975603279e+00,-7.381521219210959717e-02,-1.127630923767517945e+00,-2.531128699955572103e-01
1.191231452181750194e+00,-3.614108943887283765e+00,-2.549932181229689121e+00,-5.516360656388594186e-02,-1.131252150056254679e+00,-2.349529941120212517e-01
1.417364170845083926e+00,-5.237103396509073860e+00,-3.609472552611004303e+00,-1.039937270024909599e-01,-1.135655004405698776e+00,-2.459273795262285345e-01
1.122350468223257458e+00,-2.892249030008367860e+00,-2.802197390575624780e+00,-1.190641862900447268e-01,-1.113280343105870873e+00,-2.762616960834682334e-01
1.764636764855561868e+00,-2.968666288317697077e+00,-2.352233468257865390e+00,-5.929154389089941191e-02,-1.094242520461795376e+00,-2.347985687968549839e-01
1.663795837711227854e+00,-4.674347046803037919e+00,-3.275283109317827623e+00,-1.070877084087601822e-01,-1.091799339308092920e+00,-2.557245855585986161e-01
1.732399661852691342e+00,-2.713812952974600456e+00,-2.310718422620535506e+00,-1.022845804239649048e-01,-1.071455406007648437e+00,-2.789852570497390327e-01
1.859033825245254734e+00,-2.504711662152248941e+00,-2.346198119827691997e+00,-7.747798255704445303e-02,-1.083278556293618022e+00,-2.670009796450184547e-01
1.883599096837322628e+00,-4.167385808069064446e+00,-3.350345766231549227e+00,-1.060642476691740499e-01,-1.076331069365508597e+00,-2.637939733913062801e-01
2.833432951842775882e+00,-2.362910777852110566e+00,-2.399103048861165988e+00,-1.094852103298009915e-01,-1.074768304813890518e+00,-2.838740977021138590e-01
2.878859469174890329e+00,-2.413670980005725220e+00,-2.665485096344193394e+00,-8.110724045811319727e-02,-1.111231103296550948e+00,-2.770363108255489704e-01
2.161292065181214195e+00,-3.787775001421703536e+00,-3.570541892099874381e+00,-9.950449204147765458e-02,-1.102588435931693756e+00,-2.787550185736260566e-01
2.210491714163071997e+00,-2.924533153344443637e+00,-2.986715520845150351e+00,-1.090798417418224753e-01,-1.054656190484464240e+00,-2.852049155885827969e-01
2.367754699746532410e+00,-2.923283140840259087e+00,-2.655024660075549825e+00,-9.833516349685371416e-02,-1.038087574906977339e+00,-2.735746304220133540e-01
2.502165417065483233e+00,-3.672041238508901628e+00,-3.071576603425926422e+00,-1.152201279214796342e-01,-1.040127027006816363e+00,-2.880256950156372397e-01
2.819476065610762916e+00,-2.223164771832939035e+00,-2.374089329222599076e+00,-9.707488869845193324e-02,-1.020124529202130148e+00,-2.904365964127297861e-01
2.759359008735473129e+00,-3.090820271095757299e+00,-2.542907718295772668e+00,-9.495104457745402737e-02,-1.026312281928490888e+00,-2.703690288522531682e-01
2.482158376036520231e+00,-4.071514166870833229e+00,-3.217539550041847107e+00,-1.345381115368031177e-01,-1.040379042233138485e+00,-2.878375759075778029e-01
2.131358624134392699e+00,-2.422478255083186482e+00,-2.484862073691711082e+00,-1.255853869518054333e-01,-1.009692457723966097e+00,-3.003375145985427985e-01
3.222031333492684446e+00,-2.735972795697596549e+00,-2.457133258931580855e+00,-7.895470233851495379e-02,-1.028648172628400692e+00,-2.633091849080292368e-01
2.209679241797235072e+00,-4.312758161021013947e+00,-3.512186753547482887e+00,-1.323415790963553273e-01,-1.033748235220293354e+00,-2.816970351051856225e-01
1.860628074211880367e+00,-2.484120438908074213e+00,-2.567796810708764532e+00,-1.374570606072337553e-01,-1.001751592770271815e+00,-2.867775142314810122e-01
3.025561471707641115e+00,-2.592394695848348807e+00,-2.195671154866909447e+00,-1.188023974310067066e-01,-1.021861564732328365e+00,-2.720762686918485884e-01
2.830276371178692685e+00,-3.779847267231672525e+00,-2.991714482286780274e+00,-1.334077261631833045e-01,-1.066492220285452763e+00,-2.902908206395593549e-01
2.035178631617813316e+00,-2.473293600712218598e+00,-2.810121252448815277e+00,-1.429335494605168677e-01,-1.026447208012631673e+00,-3.085821813445503992e-01
3.028274162716224183e+00,-2.907993671915381828e+00,-2.694943876555153217e+00,-1.308138125315248534e-01,-1.042011306927524084e+00,-2.916078660570407544e-01
2.062374695736703956e+00,-3.510522533006179557e+00,-3.559915731378040071e+00,-1.713748982836104107e-01,-1.066445806338451652e+00,-3.237716821545825185e-01
1.685815599895851280e+00,-2.097288712305592107e+00,-3.052040066465810497e+00,-1.556183617595724433e-01,-1.039773330148774821e+00,-3.262687884622452739e-01
2.210684918086971873e+00,-2.329127362419141978e+00,-2.968107089293238410e+00,-1.238295381195194111e-01,-1.015168105813203825e+00,-2.863582132664549973e-01
2.420531910502171868e+00,-3.934258556625034764e+00,-3.749708564732418203e+00,-1.600798984394145585e-01,-1.053050099154868802e+00,-3.020132519357921486e-01
2.134692636823869005e+00,-2.349098434389126133e+00,-2.971302590344166106e+00,-1.546527533355939732e-01,-1.039584131262321298e+00,-3.085642617789532416e-01
2.240202314572485864e+00,-2.776699524578536860e+00,-3.191205760581228290e+00,-1.362534796083544608e-01,-1.051295744994992232e+00,-2.921230644150196731e-01
2.621672490620844176e+00,-3.943611381094232815e+00,-4.056302750727009965e+00,-1.693449436929914120e-01,-1.074413390766586929e+00,-3.155239181510631763e-01
2.306933684570699139e+00,-1.987049894882413348e+00,-2.945723408829890921e+00,-1.561473732864901987e-01,-1.044491299855729416e+00,-3.251022354955331872e-01
2.939312448247324294e+00,-2.343247921096377695e+00,-2.899289902593809920e+00,-1.212967967394523172e-01,-1.071690384182071742e+00,-2.971607535290129443e-01
1.480738391016610755e+00,-3.881491737973896683e+00,-4.187829140369038861e+00,-1.594408175478191914e-01,-1.072695084246674480e+00,-3.081230131642599401e-01
1.603739762708923822e+00,-2.463059438835195181e+00,-3.414704455722369580e+00,-1.491865327571784972e-01,-1.025282394168500755e+00,-2.980106294344156415e-01
2.319346396157885515e+00,-2.687666207501782978e+00,-2.853288269382580289e+00,-1.155607862800103608e-01,-1.006858868416538044e+00,-2.669605877619127265e-01
2.288425964955212333e+00,-4.418064771433822813e+00,-3.774158835233184739e+00,-1.482825926385843707e-01,-1.057678274444595168e+00,-2.953673322023009917e-01
1.732198223123746050e+00,-2.922388705380486673e+00,-2.996309081138820218e+00,-1.430558645438859966e-01,-1.032705585743284971e+00,-3.002046423249569163e-01
1.991919802829117847e+00,-3.028683525472342986e+00,-2.819008443427234667e+00,-1.146824119792063529e-01,-1.030703729187152140e+00,-2.693541698693583397e-01
1.764957146490158557e+00,-4.717472412285765415e+00,-3.929807623225147317e+00,-1.514245829687678735e-01,-1.042395028495313403e+00,-2.823342312963748046e-01
1.533763311223041326e+00,-3.234298384670077908e+00,-3.397809481631806072e+00,-1.460931762429570624e-01,-1.015151594847924610e+00,-2.962165712632549575e-01
2.496545333356538166e+00,-3.710718001056218629e+00,-3.140701643920285946e+00,-1.194569712786123644e-01,-1.041039326122140007e+00,-2.741343946606900062e-01
1.977096337271133875e+00,-4.475897680935873701e+00,-3.720773519274658270e+00,-1.573907499683380451e-01,-1.045204441984832533e+00,-3.031927151834591938e-01
1.414538747466072000e+00,-2.603343851852409241e+00,-2.745045775653419007e+00,-1.313328273085294096e-01,-1.002542142987432161e+00,-3.006650616388457653e-01
1.810392358399162571e+00,-3.440864628272808368e+00,-2.836839793094966033e+00,-1.172796035157686323e-01,-1.012609295130820097e+00,-2.901129526917307078e-01
1.915956985291067838e+00,-4.870405496860587213e+00,-3.528743287395876393e+00,-1.497610099120449123e-01,-1.026370142920458362e+00,-3.109592154263285391e-01
1.335634438509969435e+00,-1.713906550985758948e+00,-2.512760590029293972e+00,-1.215495144725940863e-01,-1.003040995683442071e+00,-3.167661838455554379e-01
1.962683026018574362e+00,-3.287311365764766347e+00,-3.188216253547515144e+00,-1.086631165817475014e-01,-1.028605546011886807e+00,-2.838844655461147393e-01
2.021200544063459947e+00,-5.154980059366458534e+00,-4.019498733117568889e+00,-1.508698485563252090e-01,-1.037599324258816624e+00,-3.019163547442292317e-01
9.868917847349296668e-01,-2.697920773411492057e+00,-2.954085942773708950e+00,-1.460589652716994535e-01,-9.853339177077932165e-01,-3.169226122660462330e-01
1.683626818028054917e+00,-2.303676824882570973e+00,-2.338864384020846288e+00,-1.108754214959227768e-01,-9.797394282476008520e-01,-2.875830819092619062e-01
1.253411286926772172e+00,-4.703617041082027050e+00,-3.459037356324540902e+00,-1.338203779158912143e-01,-1.003930334032310023e+00,-2.960716651987627124e-01
9.900916345881278779e-01,-2.992945893322458417e+00,-2.617326767501082507e+00,-1.226714544822536807e-01,-9.668236929693685422e-01,-2.851540586983937753e-01
1.680179185058650271e+00,-3.303133399859499164e+00,-2.617727115708999186e+00,-1.052593259834292833e-01,-9.657997345273913181e-01,-2.521262695420202204e-01
1.769950694257307333e+00,-4.150533854984767679e+00,-3.133977738443546102e+00,-1.128091970342570416e-01,-9.747880158775861226e-01,-2.567091445847029529e-01
9.855129917127314343e-01,-3.387605349850997705e+00,-2.926272782899728142e+00,-1.121798027026266464e-01,-9.409113673634600383e-01,-2.647147784666071813e-01
1.295356978954023797e+00,-3.708928647694529790e+00,-2.535534499017962240e+00,-9.647262863586346382e-02,-9.399534450136639574e-01,-2.240002824305037665e-01
9.289335689559368170e-01,-4.424708725664622477e+00,-3.159522676511817174e+00,-1.201627283926669787e-01,-9.345202669738418289e-01,-2.338090960949697483e-01
6.663990456902153525e-01,-3.131584623591355143e+00,-2.357984286623379333e+00,-9.927105030444477451e-02,-8.756974486755396692e-01,-2.122161516676883963e-01
9.988250557168495414e-01,-3.001058849099253134e+00,-1.969148787694533942e+00,-6.931304379970454344e-02,-8.514712734900561353e-01,-1.766529958742714956e-01
1.631440259349191013e+00,-4.836367466689726946e+00,-2.600265344941635526e+00,-8.237155043782505570e-02,-8.776602520922774930e-01,-1.778995335949527801e-01
3.703164675589585841e-01,-3.133791958399446909e+00,-2.150643269195395391e+00,-8.670278838647213493e-02,-8.364507056172737487e-01,-1.979893848870907525e-01
5.446761544828029322e-01,-3.524372268516819062e+00,-2.013377289507792156e+00,-5.930576310725920591e-02,-8.279052297202692534e-01,-1.682782861355454074e-01
5.281295119028414087e-01,-5.015765702359291645e+00,-2.734445175325666888e+00,-8.420988098340569106e-02,-8.216284970219999151e-01,-1.784759586131065279e-01
-2.353477578927971881e-01,-3.193739617029853761e+00,-1.913082142072446201e+00,-7.905707962020185053e-02,-7.637727378187055827e-01,-1.802787381304093717e-01
-3.025774178751868271e-01,-2.445227581341627321e+00,-1.143343083103476987e+00,-3.130413344381598878e-02,-7.215068376229396563e-01,-1.374691291457040554e-01
-3.350413377550693905e-01,-4.496302853226741725e+00,-2.028563063272368794e+00,-4.826429813406937774e-02,-6.808453979188171523e-01,-1.152896757242682646e-01
-1.358250924161214179e+00,-2.685844777729101907e+00,-1.199951602197744327e+00,-4.024441893466684100e-02,-6.182839140861648985e-01,-1.028410569379250294e-01
-1.887074247392253046e+00,-2.608090581056911272e+00,-9.585086884518709827e-01,-1.910039556824462068e-02,-5.671060581903047959e-01,-5.135431338864155509e-02
-2.328568071423648522e+00,-2.481289492298168309e+00,-6.980987884580791558e-01,9.877685479077705222e-03,-5.095596466078611275e-01,1.970329513878286542e-03
-2.941557808976499988e+00,-2.556684211276674557e+00,-5.785494458765285675e-01,3.065304760877426288e-02,-4.466750366389052318e-01,4.911395214973644785e-02
-3.223792538063963597e+00,-1.732335453913659284e+00,-2.192648531237413323e-01,6.622994314977083408e-02,-3.808908258506263911e-01,9.837663044932636047e-02
-3.841573581448246344e+00,-1.916796083317283905e+00,-2.398134130449196544e-01,7.222613778761335923e-02,-3.180050170736098969e-01,1.226553949738002497e-01
-3.284238673038081924e+00,-1.902200077745295204e+00,-8.854513731051927294e-02,8.050436439197510008e-02,-3.023856440209510277e-01,1.421425810962901604e-01
-3.278718239904747644e+00,-2.353043143897417089e+00,-7.002537684824750031e-02,6.999108987759342093e-02,-2.843765343567969950e-01,1.572080658696322075e-01
-3.451733408836842099e+00,-1.928983629397974076e+00,2.797827319297351290e-01,5.680037444319541856e-02,-2.611256637140590420e-01,1.593796177634208278e-01
-3.473997345087545430e+00,-3.047360807578325392e-02,7.615156003432022036e-01,4.028182571516598920e-02,-2.373703555584776859e-01,1.006566879190974040e-01
-4.354613464360966191e+00,5.152605830790364383e-01,1.262241830535330012e+00,1.019112924089453642e-01,-1.738526334480444968e-01,1.366698354339154764e-01
-3.332555519372376374e+00,-1.408648436540125282e+00,8.021796708307601387e-01,1.049367841185513267e-01,-1.830783790238986464e-01,1.747181676530970562e-01
-5.007143114503999293e+00,-2.237392042484210197e+00,-9.345242371268713821e-01,7.811164846216467339e-02,-1.513451195254507387e-01,1.906386545794165055e-01
-3.324358567125255348e+00,-1.821118873428018814e+00,1.968993556129803313e-01,5.642391903592758329e-02,-1.718865394467345153e-01,1.851024915141645244e-01
-3.707990162781850341e+00,-1.506632820599677292e+00,4.075074997765582019e-01,2.351773996253542914e-02,-1.056836801585945979e-01,1.992294600497009349e-01
-3.313678951222138735e+00,-2.237887467648468631e-01,1.522348671573443779e+00,4.314105085424297520e-02,-5.390170906304832255e-02,2.147532902833592383e-01
-3.644342594118454404e+00,-4.653998346061847258e-01,1.514150502360824380e+00,4.753597807596136871e-02,-3.983585116593587466e-02,2.484865148029790083e-01
-4.456729182569593384e+00,-5.879174091372119104e-01,1.682087955245545441e+00,5.115833012039421729e-02,1.603496012805544213e-02,3.002669287955206934e-01
-4.188631446721375440e+00,-6.335002858170015738e-01,1.618998208344490930e+00,5.295468149777447092e-02,9.346327462978340495e-02,3.577921581338174839e-01
-4.431617370132868494e+00,-7.709602212236976726e-01,1.661292038867939080e+00,5.153130271910885685e-02,1.875713330749246288e-01,4.260288646224476561e-01
-4.574766612734245008e+00,-1.387899036359350413e+00,1.618569211913829742e+00,2.386431205975535902e-02,2.454027725439588137e-01,4.692498291532510302e-01
-5.839127195738202047e+00,-1.208191688894702409e+00,1.911762383275194210e+00,-9.576786551845312828e-03,3.505740041717854139e-01,5.150358569962334432e-01
-6.343108452715795487e+00,-4.345001620014687926e-01,2.850052500359990137e+00,-3.053971396073214620e-02,4.735278479359839032e-01,5.518393657763938087e-01
-6.019145437061868442e+00,-3.226471343220713162e-01,3.993465404345897696e+00,-2.048766739027346739e-02,6.677601907698100803e-01,6.379316437983769683e-01
-5.658878515199351256e+00,-4.105577240385323567e-01,4.316874252085340480e+00,-2.098624449712040846e-02,7.592354647070129747e-01,7.042130646584827680e-01
-5.427535625677456288e+00,-1.159974827860078772e+00,4.498646169216052648e+00,-4.837082137370164736e-02,8.137907529984871324e-01,7.585839178451214693e-01
-5.692410360104858569e+00,-8.033163075847949974e-01,4.780247638247762332e+00,-6.324626478219760872e-02,8.458950395466160455e-01,7.979099806834301090e-01
-5.348421521918641730e+00,-1.264357563517728877e+00,4.681401487549070595e+00,-9.209389827981086241e-02,8.508608654410320105e-01,8.115159504575591987e-01
-5.557473360763318659e+00,-1.190088995476041189e+00,4.892740379235762660e+00,-1.355890990524358519e-01,9.015124247124641776e-01,8.289350424447289312e-01
-4.628952808728816315e+00,-1.588409185699089621e+00,4.717352545934953234e+00,-1.538301681474324167e-01,9.309380495176153847e-01,8.382095529373024823e-01
-4.795555084915733346e+00,-1.174413731990629373e+00,5.271704689341156325e+00,-1.495202779162100315e-01,9.599374942943476041e-01,8.483517209865293340e-01
-4.621823315748532224e+00,-1.785534159152548650e+00,4.679468249736952856e+00,-1.685190373093864158e-01,9.629584573753168231e-01,8.506105061945842261e-01
-4.457850753022539081e+00,-1.905967184262131298e+00,4.744194943225211958e+00,-2.003176192273901646e-01,9.546092857702225265e-01,8.436050657423621590e-01
-3.871141714765486519e+00,-5.235726516307741552e-01,4.829273979717288334e+00,-2.239336509196302727e-01,9.253518410689690610e-01,7.938194807489328264e-01
-3.690305789081784749e+00,-7.086850067599461678e-01,4.077483282908784368e+00,-2.475410210684268197e-01,9.023081868335629530e-01,7.732271950457103582e-01
-3.590825826297784129e+00,-4.809474397795963085e-01,3.654180426519845426e+00,-2.589270708675138200e-01,8.610280664840638254e-01,7.494163049806066290e-01
-3.797227349233909255e+00,-2.007461693247867274e-01,3.244932558379597154e+00,-2.701767576570728857e-01,8.291024338210287725e-01,7.351575560002538978e-01
-3.909513575710978017e+00,1.468078358077357093e-01,3.130179830916836714e+00,-2.705090460115517348e-01,8.113811083027492321e-01,7.260831713414820365e-01
-3.647105199993870173e+00,-7.531679429070374798e-01,2.205736877767375148e+00,-2.948500293747154388e-01,7.641896367030110993e-01,7.184978335996184962e-01
-4.291101267303205624e+00,3.659291263815434014e-01,2.312935139750157632e+00,-2.808144681018070465e-01,7.855802063250896250e-01,7.057084988146600235e-01
-3.997679392555872457e+00,3.301535207508675684e-01,2.564041112854475557e+00,-2.933170941203290805e-01,8.158274841424808521e-01,7.087152780432153243e-01
-2.692480564428318957e+00,-4.785471763433465364e-01,2.683524603076297588e+00,-3.209014456751471123e-01,7.854652806054489567e-01,7.154205046964822179e-01
-2.918929061503722888e+00,-4.199714554648583675e-01,2.658099534089346960e+00,-3.250954272723269312e-01,7.690881431479941188e-01,7.104037301820517181e-01
-2.924413641603257119e+00,8.120894548779160338e-02,2.783119772540076031e+00,-3.207057647764497976e-01,7.728441118190724213e-01,6.852283422562079895e-01
-2.510275187739773539e+00,3.373560015220020136e-01,2.507339494724260653e+00,-3.150960808509527533e-01,7.610572783779977479e-01,6.748376811946064091e-01
-2.583229425979099769e+00,-2.925806461199037534e-01,1.996680502644520239e+00,-3.340948063723290784e-01,7.529199056431892245e-01,6.716030320362990080e-01
-2.925266279401174785e+00,1.609492878152378459e-01,2.039045760904153681e+00,-3.414845915990086800e-01,7.509561149689406578e-01,6.628897037859204922e-01
-3.039579447887613917e+00,2.292072129827038007e-01,2.009914100006883864e+00,-3.330412526501274617e-01,7.534305845138726809e-01,6.598459312883282468e-01
-3.576623499017785424e+00,3.250679950688578623e-01,1.633864539649104053e+00,-3.181404619491043917e-01,7.770030851350090417e-01,6.621270782591187620e-01
-2.981471681753512737e+00,4.928814526680166952e-02,1.651835088605845936e+00,-3.247049108815916463e-01,7.934828554796968803e-01,6.799079603721265297e-01
-2.595055118984557652e+00,3.504077839290926921e-02,1.812300132173490841e+00,-3.327716380692348763e-01,7.967698861819187961e-01,6.731199707858493975e-01
-2.873282492262045906e+00,4.347337572524849758e-01,1.618096299002226957e+00,-3.291427468429511949e-01,7.775258193846380506e-01,6.482363021517332236e-01
-3.290981973698746010e+00,2.314555158270368007e-01,1.807315400153477913e+00,-3.203745222435194218e-01,7.892858129946103141e-01,6.398832425584022321e-01
-3.283704407203155817e+00,3.752753628301021549e-01,2.092847896772827898e+00,-3.194821839041059319e-01,8.027086449144460456e-01,6.379283844617953392e-01
-3.294324597846294722e+00,8.418631766480261236e-02,1.853363030810550205e+00,-3.193756783724232551e-01,8.006035207359482042e-01,6.338573481961652378e-01
-3.392305939032699946e+00,4.359399537543072189e-01,1.979865000798008978e+00,-3.172366239560928669e-01,7.973523659750508807e-01,6.230858126261306085e-01
-3.239785797865465611e+00,4.265784537808342547e-01,1.818695371726631205e+00,-3.121591607834087734e-01,7.991126226667101262e-01,5.985823957556078989e-01
-3.261932662939679872e+00,2.745666843931180989e-01,1.930920549924861396e+00,-2.968041469459558046e-01,8.097704610276428294e-01,5.865803058132770254e-01
-3.250236215204750589e+00,-3.260006373156764115e-01,1.911966004031091071e+00,-3.003956922227050685e-01,7.924979237691418543e-01,5.639980899645617995e-01
-3.669275186429136415e+00,6.330208010755240533e-01,2.149109162511393833e+00,-2.846769836968687239e-01,7.877189079036938102e-01,5.354452673714591437e-01
-3.990899283593979163e+00,1.009920849517779828e+00,1.946589107742019431e+00,-2.642756004689025273e-01,8.012659847869753049e-01,5.227598651805061003e-01
-3.897839537690985789e+00,1.398375694666572078e-01,1.693279769202501228e+00,-2.570457509327357393e-01,8.152030930792838470e-01,5.173311606096228088e-01
-3.942681112114535757e+00,5.149038848443251437e-01,1.951354484016311286e+00,-2.445450668852997000e-01,8.137261809879078323e-01,5.094499517798605215e-01
-3.947312653616204869e+00,8.723314755418954958e-01,1.907749367597518564e+00,-2.342452704384359874e-01,8.085520878995812177e-01,4.982843197994618611e-01
-4.455973765315315305e+00,1.155426575407270340e+00,1.760726228625636880e+00,-2.283046196026306263e-01,8.336514915143572457e-01,5.033587576300250221e-01
-3.709588301024063117e+00,4.210626461379062269e-01,1.865603933572556272e+00,-2.195722421710668559e-01,8.416653470573220996e-01,5.183093610185537381e-01
-3.749495883883459335e+00,8.912146827130543736e-01,2.100695637568649854e+00,-2.043898060391507732e-01,8.398773950833267055e-01,5.190471668484912815e-01
-3.777873386563930680e+00,7.867125662659431029e-01,1.822833736662474946e+00,-1.929306255914472468e-01,8.518450469470901787e-01,5.264733837428279273e-01
-3.762431322957155544e+00,7.936848233791293783e-01,1.900893028321537725e+00,-1.796457994912695477e-01,8.724402529928215744e-01,5.425761628444712992e-01
-4.062011847592382097e+00,1.212687454832076517e+00,1.902424688673771014e+00,-1.693945995365497281e-01,8.842884775993509194e-01,5.331694274730404137e-01
-3.692141970694006403e+00,1.849177103430693359e-01,1.560867821147787327e+00,-1.715737002348925455e-01,8.819682651139321150e-01,5.325180367905109069e-01
-3.829684189668831173e+00,1.467552821649761974e+00,1.999324680920913977e+00,-1.510651876879387234e-01,8.942889452750474311e-01,5.262266588342907614e-01
-4.218076543653847210e+00,1.305562156869262358e+00,1.567791358748733987e+00,-1.528236937637787451e-01,9.089351905175565571e-01,5.222587978706847434e-01
-4.302345782587283729e+00,1.662010064745051308e+00,1.737980387100789281e+00,-1.364760516684983827e-01,9.410182596933841515e-01,5.416222974439857119e-01
-3.952748025618920913e+00,1.444059818585027521e+00,1.722034580656713221e+00,-1.272188770181530981e-01,9.618363619844825241e-01,5.494896391989347872e-01
-4.343902999281315402e+00,1.835229751637652562e+00,1.509484096437760936e+00,-1.101700684912764183e-01,9.829020742833904922e-01,5.401608841707462583e-01
-3.890559896201895906e+00,1.507921516590222444e+00,1.525829378104510470e+00,-9.822626275662088569e-02,1.008852647602188624e+00,5.485024597127754475e-01
-5.002651252827416961e+00,1.763246134319931935e+00,1.291557814091131018e+00,-1.044229395480310990e-01,1.062727593106384205e+00,5.611877171539906284e-01
-4.686389337364873953e+00,2.636089985439942662e+00,1.478991321497588496e+00,-9.256256702441972850e-02,1.089920073259075695e+00,5.595325627934892854e-01
-4.530262020834506131e+00,2.580376229919272735e+00,1.509815110725636789e+00,-7.381894860534266023e-02,1.135493296781638461e+00,5.542096854987819121e-01
-4.050732008042307264e+00,1.943512141579668784e+00,1.508077512119751828e+00,-5.289620106710984926e-02,1.185512579043203507e+00,5.675571170091967543e-01
-4.236511150841097972e+00,2.401116746204230434e+00,1.510707880080976562e+00,-3.084550897934389829e-02,1.215554211162793941e+00,5.704526804245639848e-01
-4.992198617777614089e+00,2.555060885198098042e+00,9.258733360838347082e-01,2.890967825634884174e-03,1.218600084166386655e+00,5.753687787900296779e-01
-6.182558140666634117e+00,3.097757983167436890e+00,6.998051105869642630e-01,2.107008663221470249e-02,1.288684149537401291e+00,5.762223653081398611e-01
-3.941171770936002350e+00,2.293844209710133697e+00,6.748813875183389266e-01,2.447000071787643755e-02,1.326828698507799498e+00,6.027007268292573494e-01
-4.418235134447367152e+00,3.670977358273960878e+00,1.266847830620265958e+00,5.808514676221489953e-02,1.402226988506303451e+00,6.172789906260266468e-01
-3.735393124558303413e+00,2.948128243886491084e+00,1.365017304594442038e+00,6.734166091874903282e-02,1.370865517251626642e+00,6.217534665545034755e-01
-6.212270984603453172e+00,3.218040378914281963e+00,1.237466360105981877e+00,4.132773505453817692e-02,1.357192827788702649e+00,5.785559989025147454e-01
-5.639747153064863738e+00,4.258224086511749995e+00,1.207264995728439594e+00,8.208042210863795984e-02,1.392596661444983397e+00,5.852425129019639405e-01
-5.422671540191066342e+00,2.978928755378562609e+00,5.567029086744279542e-01,9.625268942819310836e-02,1.448396072546430213e+00,5.816339408829636071e-01
-4.843489685060321293e+00,3.965251056307838251e+00,9.667773850620438036e-01,1.268452190865581586e-01,1.515293859281021893e+00,5.915534244899712801e-01
-4.177708982815591554e+00,4.132048158901417523e+00,1.011806042985673226e+00,1.735979671956085213e-01,1.522572286520534890e+00,6.104062270281409575e-01
-4.526817338029077042e+00,2.863864490740368751e+00,6.383832143881713606e-01,1.801839404813125045e-01,1.512417259100702571e+00,6.321508699131876963e-01
-5.223939330931959724e+00,3.354460003933581902e+00,7.637236825469657653e-01,1.766100468625778630e-01,1.514577344109615309e+00,6.237110838566961579e-01
-5.389104609271612389e+00,4.146110356462734181e+00,6.538938815117063541e-01,2.150083222257302140e-01,1.549981284406823034e+00,6.253156254489675714e-01
-4.300849025299489092e+00,3.165083278941263067e+00,2.208751491374145726e-01,2.449875871552191220e-01,1.580930859985442138e+00,6.214459031203009021e-01
-4.714153558573961789e+00,3.026554656349163874e+00,1.449852564698448365e-01,2.671321905200889080e-01,1.608816972604785178e+00,6.003038279267457478e-01
-4.374218738594128020e+00,3.131563904117546038e+00,-1.196470285071453699e-01,2.998876007715103875e-01,1.583609752370618740e+00,6.076096032690593285e-01
-4.353211029903929052e+00,2.590671978054616797e+00,-2.158437914094921695e-01,3.114651146626412626e-01,1.606649368483803020e+00,6.170671739405890754e-01
-3.878313703078549501e+00,3.383365886502817332e+00,-2.662409937165850504e-01,3.286113617091667161e-01,1.601169665874162096e+00,6.113868307639305222e-01
-4.638733780843259602e+00,2.897961954985123434e+00,-9.064017073352268472e-01,3.352186684229280789e-01,1.610475193361100565e+00,5.956518258894092366e-01
-4.066245708401774905e+00,3.344319770377887302e+00,-8.816748181816571606e-01,3.584152216177880490e-01,1.645315702257318380e+00,5.940718112724103772e-01
-3.369763318334687785e+00,3.323037144979866131e+00,-1.168034490696553407e+00,4.050499962994339453e-01,1.640456572458694806e+00,6.234075294545421420e-01
-3.694761825055318472e+00,2.363220399567834917e+00,-1.549548587918453846e+00,4.164677974839323671e-01,1.629039858385910700e+00,6.172562205898721732e-01
-2.407881288929879293e+00,2.055274769872281304e+00,-2.066457802669951604e+00,4.208053747190858007e-01,1.584772602272367603e+00,6.254830231875082580e-01
-3.377716167850246087e+00,2.066860812823715143e+00,-2.233569006958325609e+00,4.173121839799479038e-01,1.602233641716206858e+00,6.134577826758501606e-01
-3.001623075797373641e+00,2.831711061942510543e+00,-2.347938129268585250e+00,4.131050986948744397e-01,1.590048066633924728e+00,5.817363447798964415e-01
-2.877799173923113241e+00,3.002934717123054043e+00,-2.945395081109423607e+00,4.147190364701962562e-01,1.566742935548466109e+00,5.456377244601384735e-01
-3.372218759665436494e+00,2.550952466064795310e+00,-3.174735959654512385e+00,4.134734010261210124e-01,1.553458336519802696e+00,5.384173125399285276e-01
-2.879863073510163574e+00,2.337403001104275013e+00,-3.126028509957644808e+00,4.177099310523619269e-01,1.551394198055066287e+00,5.445277889069872757e-01
-3.475660702775882349e+00,3.478274202239953095e+00,-3.396941488824045230e+00,4.467315866025842741e-01,1.584867452121129672e+00,5.452318647380388628e-01
-2.210437260543971494e+00,3.239698955105996259e+00,-3.306707019215511245e+00,4.686048184391927718e-01,1.573684090870707930e+00,5.595230261088954826e-01
-3.373752495451999511e+00,2.954668471442823741e+00,-3.590990347978645580e+00,4.402166103496546468e-01,1.511357477403481919e+00,5.287694168195756772e-01
-3.674118375544527471e+00,3.745626821266163642e+00,-3.948261918297655271e+00,4.759446357514299231e-01,1.521905061874864407e+00,5.345341599628482543e-01
-3.674593661979569603e+00,2.718049405195754886e+00,-3.716723112481469471e+00,4.828621502004636912e-01,1.540183461644795582e+00,5.572928742160548898e-01
-3.777909996400401038e+00,2.681458362199078849e+00,-4.015617588184646536e+00,4.858366673829024318e-01,1.554811808107493309e+00,5.519683047391032993e-01
-3.140794885929742986e+00,3.222650195393598427e+00,-3.770034942167139747e+00,5.020573320921435378e-01,1.586918929458008165e+00,5.416898919045814997e-01
-2.568999959271825340e+00,3.151375368038551006e+00,-4.508365181733251958e+00,5.313342422497898676e-01,1.573239235232386291e+00,5.418011767696589986e-01
-3.414644913754141697e+00,3.130891923683012834e+00,-4.722853203089440122e+00,5.229155418983908454e-01,1.575248100484949232e+00,5.421257537251701342e-01
-3.420783076944085010e+00,3.445430385153299913e+00,-4.393455537981614256e+00,5.326082541704276752e-01,1.612595238833060218e+00,5.496080641415344026e-01
-3.511154882459710080e+00,4.712516607071274066e+00,-4.489494894708196959e+00,5.860485502107887212e-01,1.661265797195525140e+00,5.535467423869908643e-01
-1.948943459740584139e+00,3.327519698976314277e+00,-4.889447609133674710e+00,6.205811581015979739e-01,1.678670913779316987e+00,5.661895398748079122e-01
-1.934370598856466561e+00,2.860159762426782049e+00,-5.580757021529098694e+00,6.804400228367762926e-01,1.710097087326135634e+00,5.859481015248712010e-01
-1.118593151591124046e+00,2.548693373192997935e+00,-6.049559397225240609e+00,6.941833662986266473e-01,1.693678135959056030e+00,6.035309676055925499e-01
-1.736394607058197259e+00,1.748935174042747009e+00,-6.168391604905907322e+00,6.863476052124531934e-01,1.687550362742211485e+00,6.052539681322118836e-01
-1.680864219240383317e+00,1.925424952056216776e+00,-6.210831669327586013e+00,6.703874294637239828e-01,1.669778130193066312e+00,5.836871001305985462e-01
-1.765957831682565704e+00,2.809766651531771853e+00,-6.512018846674502370e+00,6.756304105402294313e-01,1.672407927944632000e+00,5.671641231717986509e-01
-1.733689479264613365e+00,3.019509768015815609e+00,-6.771391645956611249e+00,6.867022449266085848e-01,1.681448361462803298e+00,5.628764928911552667e-01
-1.381837033828595462e+00,2.085121569979046185e+00,-6.452218574103536497e+00,6.615020424372120011e-01,1.677982469006628508e+00,5.612111565422728265e-01
-1.824557239782642615e+00,2.366824513852548773e+00,-6.236835409291696664e+00,6.224112670108548073e-01,1.642813971224328817e+00,5.438766869775899515e-01
-2.791326410134591374e+00,3.057666569761155806e+00,-6.006668473788079332e+00,6.108868811723006109e-01,1.659110314061600588e+00,5.413105782783169673e-01
-2.952594163177494124e+00,3.715839382129618951e+00,-5.732595501904242496e+00,6.147662431283403839e-01,1.681751498534732381e+00,5.350591968514921692e-01
-2.306675469919344579e+00,3.273236096503417514e+00,-5.542536042715020983e+00,6.092085301091286764e-01,1.691452089033459671e+00,5.300113573644938958e-01
-2.104376717614316661e+00,2.681813786883766593e+00,-5.262542030779560953e+00,5.572309461262363595e-01,1.646837669859801068e+00,5.158932223226384561e-01
-2.671714010359167446e+00,2.855673113704796151e+00,-4.913733199465728063e+00,4.943728934668608632e-01,1.586565239569732277e+00,5.003104582303172787e-01
-3.917077907466814946e+00,3.499719970425058779e+00,-4.402711033133035912e+00,4.508421017414977472e-01,1.542992498518067856e+00,4.962108982860339856e-01
-3.979838899626154891e+00,4.212339911766871836e+00,-3.755339786816104031e+00,4.323501446520335856e-01,1.532287527146606987e+00,4.903191589741545120e-01
-3.589304736484975500e+00,4.889312859729593619e+00,-3.786992927317400337e+00,4.284581317966097425e-01,1.515759048568097844e+00,4.866506371306434930e-01
-3.665891823378982117e+00,3.505153679074021422e+00,-3.600053178308288082e+00,3.868226932221409120e-01,1.480660923160253439e+00,5.103137517137487089e-01
-3.748916985758342424e+00,3.830145374442359696e+00,-2.974556448631169303e+00,3.387998617101603549e-01,1.438228732570380641e+00,5.137583564057892627e-01
-4.247160696149378190e+00,4.587330362892768854e+00,-2.654298686625365278e+00,3.163174859225797997e-01,1.417498759026553756e+00,5.063112079970156776e-01
-4.367721108658510154e+00,4.134132586342730065e+00,-2.007365092391178329e+00,2.857496188770424772e-01,1.405718687455202565e+00,4.808078824876251822e-01
-4.813282260897032927e+00,4.874733188138384854e+00,-1.252120352572637207e+00,2.521246471072964845e-01,1.390873093521175052e+00,4.522045866455921548e-01
-4.461408213494125974e+00,4.289386712843977101e+00,-1.270683436629176155e+00,2.239232132827076172e-01,1.348795034973322648e+00,4.562979128083771707e-01
-5.178419025286164157e+00,4.274472451647645777e+00,-5.809295686648225931e-01,1.898700427756553344e-01,1.350731736467154942e+00,4.614179927464033826e-01
-5.831464288317006250e+00,4.843468726089168008e+00,-3.146757025846613764e-01,1.552978144735673305e-01,1.343499972776103446e+00,4.583322452494010268e-01
-6.097046689847304357e+00,5.434110155431958411e+00,4.325997033569735084e-01,1.462349327444771308e-01,1.379114030981366090e+00,4.761023742505902101e-01
-5.078122291792927179e+00,4.985001089224986082e+00,3.977890216498398690e-01,1.286132269204407486e-01,1.393192702852904752e+00,4.943047244835656606e-01
-4.667466927629362772e+00,4.306420530318270323e+00,6.001287428690255110e-01,1.180629419033888267e-01,1.390698540924973914e+00,5.179173611451894921e-01
-4.457975403848394969e+00,4.561221940119512652e+00,7.930981874950585597e-01,9.096578920330125606e-02,1.376801874796055980e+00,5.225364072611481392e-01
-4.529891949072783142e+00,3.758746090162705222e+00,7.462369272948131682e-01,6.397865671650024288e-02,1.350284666560526148e+00,5.250793778641693610e-01
-5.466365340875237067e+00,4.341125634252704479e+00,7.792152108195746774e-01,1.643477712157683304e-02,1.340389277692488612e+00,4.933746205263977447e-01
-5.293256190223529778e+00,4.540469519546688204e+00,6.587659041631098722e-01,-6.358936418939276428e-03,1.350908467751119391e+00,4.905068613046345560e-01
-4.598365011373056532e+00,5.043265455097980521e+00,9.713769421110982627e-01,-7.072205732001287520e-03,1.358491312735708778e+00,5.009149677947637436e-01
-3.723901935502155869e+00,4.748535333788789004e+00,6.536846390877447677e-01,-3.181709657372754768e-02,1.341764731895429330e+00,5.015217654415066173e-01
-3.985666089656869193e+00,4.908637329673225302e+00,5.861399955680728358e-01,-5.057893137356888474e-02,1.308725276995405196e+00,4.995459812536543476e-01
-4.537853205666805501e+00,5.301112538710131439e+00,5.887398640056206167e-01,-6.982543903534564611e-02,1.277502384981201722e+00,4.978371732548853013e-01
-4.263586480162440573e+00,4.944153164890828123e+00,8.112276017309336673e-01,-7.355921597333119066e-02,1.287376349328805292e+00,5.121719066092266237e-01
-3.603175027422128363e+00,5.539329558637298589e+00,6.601631180876741389e-01,-5.014750012509565369e-02,1.302653954834525729e+00,5.119219047070980855e-01
-3.287430943475254885e+00,4.638809819807731216e+00,4.518676157529255555e-02,-6.115168780162891227e-02,1.274213798301273126e+00,5.035863106153909419e-01
-3.743504122433719772e+00,4.177885758387197335e+00,-2.111779319810451749e-01,-6.966367773205825453e-02,1.241952847174164987e+00,4.994445744505688345e-01
-4.590351466600028019e+00,4.668087249910207071e+00,6.774580425490150937e-02,-6.907797860063119577e-02,1.209570430098571681e+00,4.868580038580712643e-01
-4.079081255014308738e+00,4.346570992466850747e+00,1.503528528037679779e-01,-7.843203490196520855e-02,1.189745393204984847e+00,4.854926732042423865e-01
-4.262937471799354228e+00,4.406245292432614313e+00,4.390999578811538573e-01,-1.071006408983282976e-01,1.169228131119671943e+00,4.664462303339881322e-01
-5.016519872164648675e+00,5.085623607272835578e+00,5.392372161815278675e-01,-9.663975235862529156e-02,1.166847742388650522e+00,4.568738260448019783e-01
-5.150156730708255637e+00,5.282792819010934338e+00,3.179996379337571843e-01,-8.512656123970321898e-02,1.152466737448470280e+00,4.482034350205910678e-01
-5.259791229120315492e+00,4.084981990572080335e+00,-1.673983025810055203e-02,-9.843257945605124459e-02,1.133916249444129498e+00,4.302207378702139762e-01
-5.608027158805528600e+00,4.261813909606615880e+00,1.785044169597103103e-01,-9.798625812443303995e-02,1.137784323935623121e+00,4.437480376592660147e-01
-5.116455260353014900e+00,4.096030634512539237e+00,2.945378622328770346e-01,-1.161707587468017167e-01,1.122656375724492728e+00,4.492930785868621824e-01
-5.261397738801318447e+00,4.498252125446025929e+00,5.934770057293847767e-01,-1.221100762857537658e-01,1.101249338206000683e+00,4.332257903471127825e-01
-5.799284423223825868e+00,4.879917796012183118e+00,8.072556741293703819e-01,-1.163200156030885085e-01,1.103388420242920276e+00,4.275343716820567130e-01
-5.257698984575465140e+00,4.692827334967874187e+00,6.735419356706915384e-01,-9.333921725692730098e-02,1.095895900998442363e+00,4.646782619500923750e-01
-4.979151570498999035e+00,4.166895599803235761e+00,4.775204386463599571e-01,-7.801437274760691931e-02,1.091966009390817005e+00,4.861899141551039305e-01
-3.920159109980067669e+00,3.963396217422273438e+00,2.530659279837211839e-01,-4.560831680644004266e-02,1.062852791416175613e+00,4.876318777391144832e-01
-3.706528324184484635e+00,3.126405305675255875e+00,-1.103739495523645697e-01,-3.458157737486888123e-02,1.036679668718955671e+00,4.670945357814755838e-01
-2.898525786837048646e+00,2.349830318399018125e+00,-2.376556087399832595e-01,-4.686050044783588581e-02,9.800096101967219475e-01,4.249198946632032348e-01
-1.304354232244402612e+00,1.538138492028851667e+00,-3.570611576319939751e-01,-1.071805977161980616e-01,7.769407251163895634e-01,3.147574800631356973e-01
-1.077464033581094993e+00,1.434835367064459355e+00,-8.772568668538978098e-01,-1.591831587889187549e-01,6.080360494669272420e-01,2.149638228935467077e-01
-1.441591368834087783e+00,1.572660636757208241e+00,-2.571641015084531467e-01,-1.955546134861438079e-01,5.206699240065006951e-01,1.367047245224106700e-01
-1.226971684887758762e+00,2.191818987129518614e+00,-3.934370450087121274e-01,-1.966896293660660988e-01,4.397317671586823962e-01,7.848185253938873285e-02
-1.122206282811996747e+00,2.406626892201973789e+00,-4.626869113889235940e-01,-1.779266714343742672e-01,3.700239522231398293e-01,3.958660823033156861e-02
-1.486024149434938879e+00,2.449613432708804162e+00,-2.504422437110187527e-01,-1.271162547675268595e-01,3.245472533931010317e-01,2.124370689732901080e-02
-9.387887037686439839e-01,1.470550132723873693e+00,-5.521275700923535812e-01,-9.546975331302184897e-02,3.179968193128681064e-01,4.513008704683950378e-02
-2.719700755353978150e-01,8.427996781380872049e-01,-8.144331457816988973e-01,-7.874096032568635162e-02,2.985057592530856452e-01,5.646978857855316364e-02
-1.218492059381766079e-01,6.098676018972164492e-01,-8.749000068729120283e-01,-7.364561169056647871e-02,2.639866642769814198e-01,5.107090041842076572e-02
-6.480811093631770881e-01,6.618014066695462327e-01,-4.204248122066316373e-01,-6.585015515101158567e-02,2.435833329664731373e-01,4.546682366443426104e-02
-9.278920851881072851e-01,7.383993054111183119e-01,-2.016963524643335948e-01,-5.058579407392068544e-02,2.218556508977777841e-01,3.901390496945068842e-02
-8.455409686060429975e-01,4.742345240413242680e-01,-4.397705979916222141e-01,-3.777676762735999311e-02,2.021983164206932193e-01,3.602746012612525334e-02
-1.255014638585262521e+00,4.851293005524055513e-01,-5.064474415419599751e-01,-2.656592211918464008e-02,1.995179911690709018e-01,3.226899716210048646e-02
-1.179670134382639457e+00,5.087040888530706129e-01,-2.241934666613409899e-01,-1.275195961372883185e-02,2.190883504648080404e-01,4.228252191966905271e-02
-1.370876671298502103e-01,-5.710113914201599139e-02,-3.263629272833452610e-01,-1.408986015303680638e-02,2.119613810238192009e-01,6.295486040626610547e-02
-4.415357692039879600e-01,-5.988713440268841198e-02,-6.490260877034526033e-03,-4.230354250684809775e-02,1.991465248370330177e-01,6.993155982975289564e-02
-8.766843620515755164e-01,4.050255956292170278e-01,3.205298298800061119e-01,-5.910859505168128414e-02,1.860839298500085170e-01,6.363892808353686925e-02
-9.538754924920025413e-01,1.014540254273214037e+00,5.270859099447615659e-01,-6.712959922161147730e-02,1.729272592861086089e-01,4.668602331360379581e-02
-1.195598237290245835e+00,1.209621155202510012e+00,5.031990116131532798e-01,-6.767442242775688344e-02,1.705517680585466322e-01,3.309632517107646138e-02
-1.393416526750092643e+00,1.088659321784266165e+00,4.061072668666301233e-01,-5.806808197794671028e-02,1.893008501907065544e-01,5.154064741530688110e-02
-1.330539284131429856e+00,1.068771266227987571e+00,2.027015581722583226e-01,-6.171223144906379937e-02,1.936914529511829242e-01,6.744215580549249578e-02
-1.766275005427438538e+00,9.917487838308262083e-01,1.403411378336105741e-02,-7.402225022244490749e-02,2.037472202442692226e-01,8.458978590733048919e-02
-2.061155812291268319e+00,1.485257189734945582e+00,1.843231316901912109e-01,-7.824396088917108527e-02,2.300363262043895185e-01,9.784388152417206053e-02
-1.846692141924573427e+00,1.832593429403348795e+00,2.372093330160536251e-01,-7.883972354023097151e-02,2.573604297042913491e-01,9.687245410043618388e-02
-1.847303665796692140e+00,2.357670076046464391e+00,5.368864756185567355e-01,-3.146854054960605135e-02,3.166154757466365655e-01,9.588448471181255928e-02
-1.736301154708016048e+00,1.522208041576724069e+00,-1.169099468452896584e-01,-1.807026872490655189e-02,3.398312237904507205e-01,1.132835811399725973e-01
-1.530864706095748762e+00,1.331604619045326787e+00,-2.271139093177600987e-01,-1.397553148404318338e-02,3.566419500222629546e-01,1.181513768816659093e-01
-1.416270241638627247e+00,1.429027977873954303e+00,-1.662786858336622320e-01,-2.051320781246619013e-02,3.587239375757595439e-01,1.156037488627795762e-01
-1.840333128694025433e+00,1.609318619370204484e+00,-6.600726286657843112e-02,-2.153958154980746900e-02,3.647033523762065466e-01,1.233458576445160687e-01
-1.218860283311168136e+00,1.514825048829400389e+00,1.429001186996284867e-01,-2.413319559260938482e-02,3.889894966892784578e-01,1.498586021367340482e-01
-1.128520017646592599e+00,1.898470562113055538e+00,1.873888344764489400e-01,-2.529616268418583697e-02,4.001234032297959486e-01,1.622460290923571358e-01
-7.802719974008267556e-01,1.614187825499044049e+00,2.240940885216957668e-01,-2.787892544581404425e-02,3.895180012065728725e-01,1.725055570900004831e-01
-8.312576057968787957e-01,1.334667774762319903e+00,1.837773580956720831e-01,-3.984738985473838119e-02,3.792714765594613624e-01,1.668656505650962241e-01
-9.595839543030418861e-01,1.932888097276763029e+00,3.583463083440887598e-01,-4.549349007908796982e-02,3.857750168690942116e-01,1.574064476481257524e-01
-1.459196896813423683e+00,1.769860720181776426e+00,4.570652505077739125e-01,-3.472145557261551579e-02,4.122652201394987892e-01,1.698874019720598150e-01
-1.110801031680960671e+00,1.561684044194438625e+00,4.202236389800161342e-01,-3.806093912888635494e-02,4.437775139827888071e-01,1.761890737538928664e-01
-1.339461138068854584e+00,1.708671987907670609e+00,6.695737944975617140e-01,-3.648174365862977275e-02,4.764640028935078764e-01,1.880864978397454590e-01
-1.264780051567883312e+00,1.821392604939337634e+00,6.015716056361697373e-01,-3.460952960591192479e-02,5.081817593879256467e-01,1.981260483598432376e-01
-1.165640106986577829e+00,1.761014055058438332e+00,6.932596267816868441e-01,-3.427536828952741643e-02,5.491089247741620660e-01,2.070358966102915366e-01
-1.085225232162977393e+00,1.592560269207957235e+00,1.136560984969658739e+00,-4.723535827477854526e-02,6.294275026569774445e-01,2.279887566244903074e-01
-1.396144351038127063e+00,1.945916649210348570e+00,1.412115956595146216e+00,-4.533160480604598447e-02,6.829053829907110185e-01,2.315858784494315425e-01
-1.419582325222464414e+00,2.227522807284061379e+00,1.369444080527802532e+00,-4.483283959864015761e-02,7.316074493412442203e-01,2.331285346609341391e-01
-1.695511075907950804e+00,2.036336215381083115e+00,1.411472897322646025e+00,-4.270684982894730475e-02,7.993931170732258007e-01,2.508412276667952856e-01
-1.486294175357345981e+00,1.904007902502079741e+00,1.540016808776158097e+00,-5.480724600066457647e-02,8.535095985056082579e-01,2.621379355985888893e-01
-7.072884150898969269e-01,2.428784370487207411e+00,1.642891744605249116e+00,-4.418663475993612338e-02,8.984779177681058160e-01,2.636675809859654329e-01
-9.217605725132844707e-01,2.055530758237616329e+00,1.471003509710605339e+00,-3.824499921097083976e-02,9.333131854049245835e-01,2.851133061026084881e-01
3.994447117719548412e-01,1.887622015025158806e+00,1.517810858424831544e+00,-4.103488179832626148e-02,9.443768111299772894e-01,3.026840116455466467e-01
7.168688240590755933e-01,1.474449098098033373e+00,1.303179178508880653e+00,-5.367521035634505167e-02,9.154654898324686707e-01,3.071665886363945108e-01
4.772982758292902972e-01,1.946235202352733618e+00,1.329514561478489121e+00,-6.315601341239286681e-02,8.837043927024944567e-01,2.928696237617149367e-01
8.058081721007013254e-01,2.562337843200909404e+00,8.786409920276869734e-01,-4.934033971278836694e-02,8.314896115626730921e-01,2.652052150461811086e-01
1.224804501547997804e+00,2.172702687345362982e+00,8.236770491063682975e-02,-3.879773043332553767e-02,7.905669312326304432e-01,2.570261542142007194e-01
2.792735183977241853e+00,1.524417090164166488e+00,-8.956940000073962960e-01,-4.725328907759523273e-02,7.238630403384455070e-01,2.472086881638546341e-01
3.831391729012206149e+00,1.154875205419076067e+00,-1.287352993001248391e+00,-6.407861762020305996e-02,6.256450395174213419e-01,2.246516955158587570e-01
3.251605233021664265e+00,8.174018345600428948e-01,-1.506522853697192188e+00,-8.976972806106657543e-02,5.613017377754727644e-01,2.005714023355494868e-01
2.696548133814105075e+00,1.546220521920832480e+00,-1.783279279481437163e+00,-9.737337514602423250e-02,5.396145920583936828e-01,1.670731679418667182e-01
2.735903548233549643e+00,2.423753602715625011e+00,-2.440256086088716359e+00,-6.653483864987083662e-02,5.473851055419393097e-01,1.504489289430094301e-01
3.042356139433096462e+00,2.502431285332094468e+00,-3.122761287213369208e+00,-3.214310819038686262e-02,5.764555879621600099e-01,1.475836607539988132e-01
4.210611508502174694e+00,1.787696620090424515e+00,-3.834011063532774877e+00,-9.949850670940797379e-04,6.026396076547509972e-01,1.648866941921306173e-01
5.859997167076145708e+00,1.279649244308973755e+00,-4.172130596164298488e+00,9.590481989452601108e-03,6.038787072768551090e-01,1.738545974984122000e-01
5.856070141454212674e+00,8.463975154522651589e-01,-4.590859159741043527e+00,-8.053860686096505489e-03,5.514377222663295885e-01,1.614205223276115875e-01
6.716357633848629938e+00,1.614072760409392515e+00,-4.409325203569958163e+00,6.838231408146456039e-04,5.336386902375088725e-01,1.379582457780844096e-01
6.787399758779825376e+00,2.153985328627149975e+00,-4.624295797572576916e+00,4.116885029956073722e-02,5.148149590100483675e-01,1.272164974989911101e-01
7.922871045861458406e+00,1.301578838112825931e+00,-5.466689757204159505e+00,7.544405104159566944e-02,5.212457549947528967e-01,1.468529981713872778e-01
9.288061785783751745e+00,5.341622969514259189e-01,-6.655359967374998575e+00,1.039345310188980742e-01,5.253528730650900425e-01,1.696528904519095104e-01
1.262419465930213747e+01,-6.674396577200820690e-01,-7.055101616655013785e+00,1.459508138015551959e-01,4.763714070427474412e-01,1.944518768110495011e-01
1.242231845389724043e+01,-1.861899757641683584e+00,-7.520922198345813214e+00,8.071557779021562573e-02,3.568369593876751233e-01,1.724301480914272322e-01
1.066625048985646806e+01,-2.628428851046460402e-01,-6.759602292557131520e+00,2.311082392336573713e-03,2.419442576780386489e-01,9.166622471269471328e-02
8.299304593421760856e+00,2.808067621607104325e-01,-6.195910258066106735e+00,-6.802105170890088148e-02,1.562457647461698296e-01,3.419826655294877504e-02
5.770681639509363414e+00,1.557480681216159679e+00,-5.858933889771314796e+00,-9.471555213585164390e-02,1.512738065764705486e-01,-1.357258936589979953e-02
4.452822649311159786e+00,2.668950463530920469e+00,-4.925683369463870420e+00,-5.534113130428545274e-02,2.783845967130187948e-01,-1.385782519667601125e-02
4.489027827662193992e+00,2.509914797619911653e+00,-4.211064799557649785e+00,-1.486238968021457926e-02,3.535951994477288807e-01,6.072375481043400941e-03
4.299933746982924632e+00,2.045529494745193855e+00,-3.629535532446062085e+00,9.654010340780359856e-03,4.100697842793949999e-01,2.897297260249164993e-02
3.211920426642740800e+00,1.612169639615321115e+00,-2.867403489010627027e+00,2.786966166627587865e-02,4.550672918116285270e-01,7.644242364972954340e-02
2.838554098430062123e+00,1.648158825240467085e+00,-2.250070290603443546e+00,3.443021006741243256e-02,5.004123418346445584e-01,1.229819801153804182e-01
2.023893863568016371e+00,2.532871058426499733e+00,-7.567315845244448891e-01,7.811913727911708183e-02,5.935400439617477542e-01,1.624393212356679828e-01
2.604318389863486072e+00,1.956010582223435268e+00,-6.096103280088585041e-01,1.089517556597590919e-01,6.770753555778217248e-01,1.810552955209212000e-01
3.387492529161765908e+00,1.507027161914243241e+00,-1.211740457303360996e+00,1.288700344547976662e-01,7.430666069951789021e-01,1.925425402119728124e-01
4.191620258209685090e+00,1.657664263875550548e+00,-1.330463796543407851e+00,1.543771091787120298e-01,7.629809083455066920e-01,1.931218366745499904e-01
4.290331769767099956e+00,7.993156221284554164e-01,-1.409207352518404788e+00,1.606521790572147390e-01,7.854496542389233227e-01,2.054227817494361230e-01
4.113301662487880428e+00,9.296842792924701060e-01,-1.487654050467097866e+00,1.331431841513184278e-01,8.524442202498545562e-01,2.062699494645795495e-01
4.602785815824608662e+00,1.527134081844986557e+00,-1.848606487146290389e+00,1.335623446069913456e-01,8.568316034446866736e-01,1.955901318809158129e-01
4.900539046578525237e+00,1.753306609915810332e+00,-2.178817564194331702e+00,1.445961567190204577e-01,8.615280009998786959e-01,1.913524744693082535e-01
5.350053787361517266e+00,1.598081956656008273e+00,-2.778835515896545871e+00,1.519849824872634980e-01,8.357590120829144764e-01,1.899776573085735498e-01
4.339618673174306274e+00,1.246435614360004829e+00,-3.120460167788890793e+00,1.081545609464110158e-01,7.761038978862756510e-01,1.680741833990855583e-01
3.960520572488652302e+00,1.806086757040056057e+00,-2.962577530431085293e+00,9.393944375793364387e-02,7.869368542100888542e-01,1.609001241818108774e-01
4.282872040497238686e+00,1.693308717760877657e+00,-3.055718948027504211e+00,8.478397288774965068e-02,7.910023341766576621e-01,1.589114514783138699e-01
4.878613513823976788e+00,2.160864978627287769e+00,-3.235443851513824853e+00,8.171086611580337389e-02,7.954641608483187243e-01,1.491649577126473170e-01
4.541736628624017946e+00,2.784574726635334230e+00,-3.327474484391355958e+00,9.926799309388861792e-02,7.875881389118423170e-01,1.408755301357781375e-01
4.302149335793743923e+00,2.486863338558436443e+00,-3.451951880434329212e+00,1.072086242420399321e-01,7.741443118222907094e-01,1.545628238523252540e-01
4.282167986169798546e+00,2.089805011986431538e+00,-3.551402795470613327e+00,1.103816481170564606e-01,7.926320666991717445e-01,1.712760479730189023e-01
5.108390057716552413e+00,1.650644891864226249e+00,-3.732886998507419563e+00,1.074981965499026693e-01,7.797953818088826372e-01,1.740157654135739973e-01
4.917810462659242710e+00,2.037346912381940989e+00,-3.580300622588231896e+00,9.494140459560940215e-02,7.402938924437517665e-01,1.486394501108027344e-01
3.303176929525205807e+00,2.332519939389163799e+00,-3.493220757799996079e+00,8.472134952120254081e-02,7.347622493952095102e-01,1.353664027167270634e-01
3.162535544770981755e+00,2.551776821301165121e+00,-3.489265730254032860e+00,1.139530031020398876e-01,7.475496498443554572e-01,1.411471945155899077e-01
3.933053885393240190e+00,1.871765608392787161e+00,-3.483014730525082925e+00,1.142069768350333081e-01,7.510464994251841997e-01,1.498254467810625767e-01
3.799841261863060371e+00,1.705878608400021923e+00,-3.581892130989503542e+00,1.118539082086960901e-01,7.563781862588931926e-01,1.589571542693622719e-01
4.236626616631415487e+00,1.471797408423787701e+00,-3.936388447872804619e+00,9.783149146272669683e-02,7.477995678197657536e-01,1.787353317248599194e-01
4.005826088871768498e+00,2.293629705919248973e+00,-3.768930835209395980e+00,9.714475081489645780e-02,7.214621812474383278e-01,1.746497330488430144e-01
3.119268980027132265e+00,1.965756052597443793e+00,-3.788517705019687654e+00,1.118848875179808272e-01,7.312840908086590819e-01,1.719526073918482001e-01
3.882546045745804086e+00,2.148002757402152074e+00,-3.984794909561150789e+00,1.302221356470995295e-01,7.428423954741103508e-01,1.649920462962335688e-01
3.993615426905482657e+00,1.483753915554972824e+00,-4.328931158740469520e+00,1.409549313444277696e-01,7.505373707543538941e-01,1.668826578414339401e-01
4.328214487633978536e+00,9.022998516402448432e-01,-4.494525481224526331e+00,1.298750764019755422e-01,7.627320417935327113e-01,1.667871615517337036e-01
4.728179829174317561e+00,1.519130462746573373e+00,-4.296076547517134969e+00,1.255881341898232306e-01,7.577326934992563157e-01,1.562187307411504467e-01
4.133771704120269064e+00,1.060297576027503519e+00,-4.334511689379175969e+00,1.191288440777535512e-01,7.305059289770302611e-01,1.353711536969205154e-01
3.990146075552564398e+00,1.201370945739004936e+00,-4.446630261999965583e+00,1.014559387330174894e-01,7.303088810873569203e-01,1.216504324784090096e-01
4.150615829479429308e+00,1.861829498633506663e+00,-4.361545833339683043e+00,9.237948840333755351e-02,7.256544840852475753e-01,1.158372288057823163e-01
4.017652822499348630e+00,1.902161934812128807e+00,-4.556857253304519517e+00,8.545913764589803396e-02,7.225562504026817878e-01,1.208221127281888657e-01
4.479025988502426614e+00,1.865615272521275347e+00,-4.660087138040934995e+00,8.388503316872204796e-02,7.124633984684700660e-01,1.296198501609959197e-01
4.315146066056644969e+00,1.741564449630132350e+00,-4.459420664179257976e+00,4.808314024978790902e-02,6.364024852845909797e-01,1.114728696849354578e-01
3.133573520468446283e+00,2.241970115102907446e+00,-4.141384459128738094e+00,2.910113423741815877e-02,5.961934426908997997e-01,9.751431457535505998e-02
2.530188247324593132e+00,2.571627417199159993e+00,-3.769299906415289669e+00,4.348498271770260409e-02,5.855920622718814306e-01,9.901257655928498436e-02
2.494598940429778366e+00,1.908886197313505839e+00,-3.695882090038295154e+00,5.094736260660545635e-02,6.059699417282075062e-01,1.078963999135717361e-01
2.912992370767874650e+00,2.124559772341660047e+00,-3.476195877969833425e+00,6.735208744257407953e-02,6.359164477858469944e-01,1.158653246497507727e-01
4.101605906047723238e+00,1.540000232654388901e+00,-3.585198687679794105e+00,9.521836090336550928e-02,6.610394011360880562e-01,1.421341499331743030e-01
4.479887965594913091e+00,8.638442112631971037e-01,-4.059422045876122098e+00,8.115686352022570549e-02,6.313785448925752775e-01,1.464186753390566420e-01
3.465036363945078968e+00,1.242620842930861391e+00,-4.168729155796980557e+00,5.188254577624978187e-02,5.756954797223965414e-01,1.295605842026193444e-01
2.065423940931526481e+00,1.875250184846045221e+00,-3.675313080046901604e+00,2.515894751491638132e-02,5.558749703574369372e-01,1.055862400981415206e-01
1.694610647382882807e+00,2.308529360743126091e+00,-3.281410184951676356e+00,2.339293339914229677e-02,5.708173797057947141e-01,9.207845691481920947e-02
2.870260243428925051e+00,2.247803381672282441e+00,-3.413297294000583904e+00,5.033473061425663975e-02,6.226724906934425485e-01,9.889705689249829457e-02
4.066619810962602166e+00,1.901416350332688854e+00,-3.815413714302028581e+00,4.462562272686686898e-02,6.146625247676960058e-01,1.067083395372707549e-01
3.505427178964778623e+00,2.061449983076512726e+00,-3.971327868232457980e+00,3.799766675689263129e-02,5.692588150174987538e-01,1.072327896469154745e-01
2.425298383645208222e+00,2.231403915820914019e+00,-3.721203811967524366e+00,2.489895262687748245e-02,5.343977058345594777e-01,1.062967682349190007e-01
1.254824873189032131e+00,2.205752563147369116e+00,-3.685319994271512911e+00,4.338916115775368412e-03,5.177269055887999682e-01,1.008284898862773227e-01
1.226260150005099803e+00,2.790405275541786079e+00,-2.654878956212808561e+00,4.238592457714557976e-02,6.135160102867563969e-01,1.130878429674814917e-01
3.542488851064198307e+00,1.943355952324011371e+00,-3.330115821395719600e+00,6.010022319328347379e-02,6.505907030500136523e-01,1.350364374192091210e-01
4.195076866807704086e+00,1.863308095192954150e+00,-3.728568604465738012e+00,5.288665066972304818e-02,6.279688773173783822e-01,1.286510378355497641e-01
3.629691629857685342e+00,1.808667585130199873e+00,-3.922563014238665602e+00,3.011938201547935054e-02,5.740339721313215682e-01,1.135227119928054751e-01
2.186942661003173694e+00,2.200571555440014038e+00,-3.788766879096643336e+00,-1.451037026169566804e-03,5.337733664185742022e-01,9.349998915070639738e-02
8.190877551506178245e-01,3.545642798182912170e+00,-3.193822354589539891e+00,-1.739265485415839030e-02,5.341413056634638501e-01,6.788722417687077793e-02
9.736889006186912887e-01,3.544640397603765258e+00,-2.857876862900368131e+00,-2.587747027036090865e-03,5.746986763930589381e-01,6.532292195373101684e-02
2.398610888210568781e+00,2.967002552457600029e+00,-3.159927610972930623e+00,9.428979350168653281e-03,5.628160878660485311e-01,6.225583541794724174e-02
2.198628853780414616e+00,2.746667955022711549e+00,-3.298481848264907867e+00,2.574404359474880173e-04,5.057660313734307911e-01,4.337848203255358082e-02
6.842334277318370406e-01,2.662102952563691005e+00,-2.944218166474866116e+00,-1.382346805580822804e-02,4.457610134611428854e-01,2.510968828148200938e-02
-1.513663053927513769e+00,3.429734051076912316e+00,-2.195222147833872484e+00,-3.191678244111967062e-03,4.379163500993488167e-01,4.115001965312314880e-02
-1.407606135281051163e+00,3.073534006294188270e+00,-2.281916946694494186e+00,1.162962634452532722e-02,4.783776793566713037e-01,7.842739673485661644e-02
-3.274135948470887625e-01,2.919772531668451521e+00,-2.567477347557209022e+00,1.831688274322468279e-02,4.807199542368774114e-01,8.406775702493848867e-02
-8.005623939599295635e-01,3.155131018234437423e+00,-2.273107042394446609e+00,1.415858590927190734e-02,4.598839386200059276e-01,5.913471478936182385e-02
-2.056948954156116560e+00,3.211609179305154438e+00,-1.988047296243075968e+00,8.419456512277660037e-03,4.530717848537956227e-01,3.671750474415871879e-02
-2.397429307432506818e+00,3.328266292830525330e+00,-1.555483727542739780e+00,3.088384842234276340e-02,4.598629098657843750e-01,2.026208893093211713e-02
-2.421143254568077108e+00,2.559024413428316880e+00,-1.548089881633007314e+00,3.149330880335721172e-02,4.478768278183943297e-01,2.155391392312327667e-02
-3.063273772501944769e+00,2.273392728230060111e+00,-1.099570968157006279e+00,1.185283991592146757e-02,4.467888356674905026e-01,2.341594266806915764e-02
-3.337703650110186882e+00,2.856671542853157941e+00,-7.030670505126044301e-01,8.045842758317246768e-03,4.546156918369583244e-01,2.278248421004081328e-02
-3.299380002285639435e+00,3.531591029685322347e+00,-5.385456942698623184e-01,3.307349498045750180e-02,4.647034999242810049e-01,2.860429187147639496e-02
-3.235934774240324607e+00,2.886350546571041065e+00,-5.255084855851956949e-01,5.669897014903879651e-02,4.797946516612743850e-01,6.432430591736984504e-02
-3.291428226080661990e+00,3.050880691938552935e+00,-4.252126777439000360e-01,6.581290358534662432e-02,4.999369962598709249e-01,9.897294132250455956e-02
-2.838370192074789689e+00,2.773537475443509592e+00,-5.027643907671464074e-01,6.923453521297069646e-02,5.079223094124606375e-01,1.270182135717713712e-01
-2.620324982334941932e+00,2.816986388260519281e+00,-1.680439711356400689e-01,7.263855584925502096e-02,5.106016606407214331e-01,1.277341594795113333e-01
-3.019564107384770324e+00,2.918390108885717815e+00,-1.462903593551940773e-01,7.005603713550023759e-02,5.382416132045686474e-01,1.127533545491567757e-01
-2.931306996689997835e+00,2.624404635268438479e+00,-4.467787374396334776e-01,7.671063178988782316e-02,5.537340120487069806e-01,1.218422203939925202e-01
-3.083911320646807397e+00,2.280875027712168546e+00,-6.926326548144656758e-01,6.245446802772226802e-02,5.977630402434719326e-01,1.343490116271340018e-01
-2.796452272564111219e+00,2.730876461009479783e+00,-8.637723226088709350e-01,5.582891565113439619e-02,6.337333469923492890e-01,1.431793287129314030e-01
-2.750059372913735700e+00,2.913172007018908882e+00,-8.730833252605163519e-01,4.993860819445265081e-02,6.757084628345253474e-01,1.460539544949734925e-01
-2.904195817796898282e+00,3.211954231761898093e+00,-1.089969107926974212e+00,5.460927949090740863e-02,7.317894027480174035e-01,1.562978889768282531e-01
-3.185515781067487229e+00,3.084662166002878347e+00,-1.046799934757445927e+00,5.463932131254292668e-02,8.070120301188969947e-01,1.833062909592172718e-01
-2.923202079261068231e+00,4.087325861626695200e+00,-1.170866205281124062e+00,7.321590368047703468e-02,8.639105061534814167e-01,1.971377307688678970e-01
-2.759912391675294785e+00,3.166809324583785390e+00,-1.544015835155138072e+00,7.310834309170441414e-02,9.220027455407420192e-01,2.180231618057423271e-01
-3.155197981497289916e+00,3.209644527925660462e+00,-1.925371413391428588e+00,4.894186876959102928e-02,9.908169543510446653e-01,2.243275371441650345e-01
-2.930378909166452495e+00,4.570863950728977443e+00,-1.323779943004109283e+00,3.339009106566345059e-02,1.047105502847830882e+00,2.314399026791716385e-01
-3.439585889016247844e+00,4.366782233471930397e+00,-1.688942797471105761e+00,2.175587412390554351e-02,1.066729603664393622e+00,2.303423903509596860e-01
-4.091569269805379605e+00,4.486564575682439937e+00,-1.574156480110815215e+00,7.341550839906622189e-03,1.141145447546183744e+00,2.324827262977620934e-01
-3.537883125585965516e+00,5.331133937782526644e+00,-1.278325097125963650e+00,1.836684046349720129e-02,1.207089777007573250e+00,2.405109380196864544e-01
-3.704188287942339119e+00,4.573025521731969079e+00,-2.253127687964000536e+00,2.342761332152978188e-02,1.245994796934237536e+00,2.569173300789812098e-01
-4.817782932674981922e+00,4.209297192660971909e+00,-2.224644780395805377e+00,2.093714073274865334e-03,1.322543720085727070e+00,2.905082274023728650e-01
-4.539859023397596616e+00,4.362701820973722278e+00,-1.624785360046224314e+00,4.453193809524384414e-03,1.349166404091281413e+00,3.067349488290748716e-01
-4.725353291603333616e+00,5.446860134944483178e+00,-1.673774409813154618e+00,1.763603450831273400e-02,1.378288172492998065e+00,3.141214338211515966e-01
-4.192787280554596485e+00,5.819730851558127860e+00,-1.639648226265314923e+00,4.056711219752097419e-02,1.387256812278589768e+00,3.060256924945956580e-01
-5.718872456791195269e+00,4.958870468507626583e+00,-2.078245728745558907e+00,4.913100117954540685e-02,1.425231482046080522e+00,3.243966434568588686e-01
-5.318328505892798042e+00,5.317205264971120116e+00,-1.810589500905773752e+00,5.108999151061241473e-02,1.448110248089122587e+00,3.545876141353154765e-01
-5.332697020768231155e+00,5.332721499434549095e+00,-1.457513787227241009e+00,4.509863459032154714e-02,1.450001857572260633e+00,3.514310411791818356e-01
-5.089657041110834612e+00,6.341212626680764686e+00,-1.258158374511838540e+00,5.724280284987159906e-02,1.425671095416078504e+00,3.364062912760314439e-01
-5.085897179070926200e+00,5.562586722660742389e+00,-1.843069620626153649e+00,7.868387431573557744e-02,1.404870290361539986e+00,3.544211985703450973e-01
-5.162488133353170028e+00,5.750275183866921935e+00,-1.937008018503372453e+00,8.244942511113534378e-02,1.396724549643546975e+00,3.639275003126570818e-01
-5.116024088525157332e+00,5.889828723003073030e+00,-1.675491365152583567e+00,7.105918176117770324e-02,1.371040647227660392e+00,3.833726529671561134e-01
-5.367333123346060830e+00,6.142803793840575288e+00,-1.555270127833161764e+00,7.670140718792954615e-02,1.359917033811459897e+00,3.815787942727371651e-01
-7.327042080705687965e+00,6.296177795629369633e+00,-1.682467198882155346e+00,1.095048438886329356e-01,1.366242947525566853e+00,3.574446670093704981e-01
-5.050305729315764935e+00,4.925058171811175889e+00,-2.555348717579724038e+00,1.246940779164115998e-01,1.380078138453419978e+00,3.612182805919351147e-01
-5.260868087065189158e+00,4.046884436587468770e+00,-2.748007284276276607e+00,1.040191829939335622e-01,1.362022411284944834e+00,3.417197724821029459e-01
-3.772832050962390937e+00,4.226239155395408176e+00,-3.060665783673912621e+00,5.817082991302976319e-02,1.316586064412911483e+00,2.945448184606331288e-01
-4.016620560024303899e+00,4.192356758637604486e+00,-2.918937922632768078e+00,1.789042605004243988e-02,1.228587882397393249e+00,2.239835556569116370e-01
-4.499941641473327536e+00,4.853071090967521428e+00,-2.966088779062102887e+00,-1.277394477659066739e-02,1.183875796807884573e+00,1.653716155516599950e-01
-4.771367121649469745e+00,4.971110072084099940e+00,-3.398881947637280021e+00,-4.083192675663273319e-02,1.117721868681722075e+00,1.154877015655866174e-01
-4.885642509345759166e+00,5.223947478979669157e+00,-3.393712858394117404e+00,-5.756403483105645286e-02,1.089120213377310131e+00,7.770043430138198759e-02
-4.379098951967428377e+00,4.422999825911120730e+00,-3.657773686586148543e+00,-1.032334594449271642e-01,1.029102878723610059e+00,5.391164263660639527e-02
-3.484180207106589489e+00,4.696379895208234068e+00,-3.555463341983086778e+00,-1.183722798155815992e-01,9.560216087433888177e-01,3.319135346151885768e-04
-3.232692800726647775e+00,3.702070570533253502e+00,-4.225541052858297952e+00,-1.363017662407655373e-01,8.670370501971271793e-01,-3.821815379629830978e-02
-2.991192025226139251e+00,3.936163396152708494e+00,-4.511905171094767297e+00,-1.563126855464537224e-01,7.734937547644056277e-01,-8.416394147282380001e-02
-2.769787330975951090e+00,4.350412817171149804e+00,-4.490892107447864490e+00,-1.762468563420165057e-01,6.771349168792474282e-01,-1.288532699420603111e-01
-2.677038526092146764e+00,2.735581443215106212e+00,-4.988356330448654674e+00,-2.109176338405032158e-01,5.235198865756444109e-01,-1.637917888201870231e-01
-3.605939453280502249e+00,3.766458051886444114e+00,-4.738573391548709601e+00,-1.967001764648064477e-01,5.092402837856355724e-01,-1.844750401559480391e-01
-3.169351475318553213e+00,3.565273773434305404e+00,-4.479069592279534717e+00,-1.800247134305156260e-01,5.015118759654293434e-01,-1.974134519031531809e-01
-3.665621077326211008e+00,2.874611566879438751e+00,-4.792906804779902608e+00,-1.545128429261272696e-01,5.040421991183656747e-01,-1.837188732633861510e-01
-3.310488956200297039e+00,3.308278851509165452e+00,-4.687985428079917583e+00,-1.238237005413239250e-01,5.051515350663189352e-01,-1.712454348300634921e-01
-3.679343464874597736e+00,2.489111029321240398e+00,-5.009478333258906346e+00,-8.064484274278846399e-02,5.068938043260324822e-01,-1.251442348069593535e-01
-2.824985824191712958e+00,2.137380248188511356e+00,-4.814543904091885373e+00,-7.044314861727192512e-02,5.216313465371760216e-01,-1.071862032508113100e-01
-2.944967002143711987e+00,1.988076572514573037e+00,-4.594123235563523089e+00,-6.934925946621667281e-02,5.164827654181090022e-01,-1.055907119537451699e-01
-3.295456786060586118e+00,2.428025503833358911e+00,-4.246965013518242849e+00,-5.319015124884771822e-02,5.460301003741866444e-01,-1.189696966880482154e-01
-3.798158708688075258e+00,3.191159195612471411e+00,-4.100632540712755514e+00,-9.531691129396337517e-03,5.743577878707782913e-01,-1.199700655129572330e-01
-3.452206320247140248e+00,1.972144156534961335e+00,-4.584634412232034606e+00,3.448190991264961369e-02,6.344539778184924428e-01,-6.117553068789713389e-02
-3.099779239554256272e+00,1.667050819994504662e+00,-4.569085236412917972e+00,2.639477481600422532e-02,6.353194534385515624e-01,-3.155835165735610542e-02
-2.713486823626596323e+00,2.572833958110932961e+00,-4.135264856206409156e+00,3.122295361366547381e-02,6.277413938962289608e-01,-2.391212020749160228e-02
-3.150142749940687992e+00,2.838328935910514605e+00,-3.893500509210968907e+00,3.325985080557648799e-02,6.088468000400136804e-01,-1.978229098169667285e-02
-3.861513428606683895e+00,3.585382501292951218e+00,-4.083238679662748893e+00,5.123080988933789715e-02,5.975263577267728721e-01,-1.128109780198718881e-02
-2.906071366149534985e+00,3.125177006516162592e+00,-4.126583041641387339e+00,5.825603720445322875e-02,5.881536929032165073e-01,8.751677302060566904e-03
-2.831308505230559547e+00,2.488592489421967091e+00,-4.085984642512117127e+00,5.520915384469990417e-02,5.690892949745143259e-01,2.321831781134338010e-02
-3.095899066843400771e+00,2.734455209790621399e+00,-3.957135338736455843e+00,6.056951021955186282e-02,5.276373674504233335e-01,1.886389130044160978e-02
-3.949701648067462934e+00,2.567504304152037342e+00,-3.775911375723548957e+00,6.411459749840486833e-02,5.283081134875023954e-01,2.212053897930228719e-02
-3.913103830275447947e+00,3.287041294646315226e+00,-3.653813689029165701e+00,8.642596794579060493e-02,5.638964161252759677e-01,2.278281569170020893e-02
-3.131945418353215160e+00,3.379159166336222597e+00,-3.620329658025460695e+00,1.078029305085061590e-01,5.618208036040909237e-01,2.373607957510128277e-02
-3.490078803191966283e+00,3.215590545980628434e+00,-3.406254095483225441e+00,1.115109483687745096e-01,5.714236148441778074e-01,3.224612183925766595e-02
-3.232565076461795250e+00,3.079311619362986807e+00,-3.512893836199371123e+00,1.226271290918799772e-01,5.683146007503451225e-01,4.355201438128912528e-02
-3.491151213332640335e+00,3.022633055336620522e+00,-3.140745894379672443e+00,1.477791001435969920e-01,5.805824975236532071e-01,5.776618658618543067e-02
-3.862554112962866881e+00,3.432280704704264274e+00,-2.685222409523576381e+00,1.996466892608158850e-01,6.233995500838300785e-01,8.299567684315491134e-02
-2.979080866437100905e+00,3.300268392937857787e+00,-2.731309608604350458e+00,2.372366824590025347e-01,6.291155750918688838e-01,1.187278892212924042e-01
-3.369769979749356104e+00,3.112321706951603595e+00,-2.660036180865999356e+00,2.607107068133630579e-01,6.467174562419215622e-01,1.473892604112083393e-01
-2.758382750801203986e+00,3.033448005006050607e+00,-2.475350222969769476e+00,2.946661565693987073e-01,6.566375364027312589e-01,1.835528986136770735e-01
-2.654868853144958241e+00,2.144457897627636722e+00,-2.345268734559748935e+00,3.139504701712528267e-01,6.571443422499047005e-01,2.283209347629120423e-01
-2.766580613102882502e+00,1.971561980886133769e+00,-1.772350044251113976e+00,3.392668746596100293e-01,6.450336804076326480e-01,2.772191763746105764e-01
-3.022184187840110781e+00,2.320115964618385540e+00,-1.804279338937999411e+00,3.550463127973794708e-01,6.565538070367480383e-01,3.004571388697023226e-01
-2.543296096827526220e+00,2.399218425878988370e+00,-1.675475475066109388e+00,3.807986535512927762e-01,6.615948003287765999e-01,3.065005768147183174e-01
-3.030283124590841926e+00,1.905794282745066903e+00,-1.478105460509838709e+00,3.846058417945436569e-01,6.712414281854094389e-01,3.089489576160234785e-01
-2.900879411300960609e+00,2.381551116798361178e+00,-1.670005024845296004e+00,3.891004570864738388e-01,6.724757396373588492e-01,3.124568692718542318e-01
-3.141861534951962298e+00,2.615595416225837244e+00,-1.788138520266680187e+00,4.100467854436531390e-01,6.915931992577963872e-01,3.287399634436078966e-01
-2.875529049276204674e+00,2.583526204204221965e+00,-2.044417523680822413e+00,4.090405073348326592e-01,6.929760701788995059e-01,3.496032281934781660e-01
-3.318020367678216953e+00,2.639391716002631227e+00,-2.073535655027308522e+00,3.871453972277448807e-01,6.956389492938140906e-01,3.632967035573134162e-01
-3.295909591201005462e+00,3.277994331345551959e+00,-2.308764101621624931e+00,3.764829511526923134e-01,6.822068036146002878e-01,3.650240967634832412e-01
-4.481174727795502299e+00,3.703570166239290806e+00,-2.201989552977258846e+00,3.861573863711666998e-01,7.367639220241912756e-01,3.772526010535021124e-01
-3.874882138563533029e+00,4.575335515653153884e+00,-2.640763333324332329e+00,4.026197418834701058e-01,8.035079515115832738e-01,4.029466501474099904e-01
-3.894969959357168499e+00,4.948257361857685943e+00,-3.163216511410651854e+00,4.216185486481928146e-01,8.094659075963520634e-01,4.305948441916689906e-01
-3.905214190795680551e+00,4.233620941284579331e+00,-3.517194187580347631e+00,4.300714602180001900e-01,8.442492666230809739e-01,4.689181262292806962e-01
-3.683239963649677762e+00,4.598443619699957630e+00,-3.464196701400910960e+00,4.563329086345871421e-01,8.773712374118256552e-01,4.893500735190871032e-01
-3.156077448899778037e+00,4.273072298771793065e+00,-3.621714663939973988e+00,4.513364721948777136e-01,8.833243494388752781e-01,5.082959192490750233e-01
-4.429828348178967090e+00,4.826703870789678774e+00,-3.688486223560222044e+00,4.491503930877152606e-01,9.201301098789502753e-01,5.062929984944568584e-01
-4.588948071164591802e+00,5.020626635938645776e+00,-4.343236378582069790e+00,4.602349146263109425e-01,9.412571832119345228e-01,5.049586848566072206e-01
-4.465505967651523633e+00,4.687095284094152881e+00,-4.778245938488836941e+00,4.811340249597380603e-01,9.924108648946852185e-01,5.074845027847312284e-01
-3.088409978065246975e+00,4.083669735464516393e+00,-5.280416572080225635e+00,4.705117792517731212e-01,9.863219319950811137e-01,5.170426388462500134e-01
-3.627751640939643529e+00,4.059634646532710001e+00,-5.450458603196593366e+00,4.574475095971440863e-01,9.745213520368896098e-01,5.089171844205124806e-01
-3.918555950545642652e+00,4.250955592378381276e+00,-5.601828900820999380e+00,4.358212286465998897e-01,9.200165111423808106e-01,4.734572505453645830e-01
-4.203221756053236113e+00,4.201566084724097649e+00,-5.706038160438745344e+00,3.941285548725697030e-01,8.741023017046084531e-01,4.411692084051317408e-01
-4.145955484439070027e+00,4.068371891368190774e+00,-5.559911395701899295e+00,3.456094317654487269e-01,8.301192320595016660e-01,3.997639624945100723e-01
-4.101555343407400578e+00,4.339691479738895907e+00,-5.784350938346098481e+00,2.937318400202801327e-01,7.772789130178839878e-01,3.453713435584396252e-01
-3.333302583387983464e+00,4.211695400893025187e+00,-5.653966859948161172e+00,2.634807468520301010e-01,7.205574913731277453e-01,3.010578851557466629e-01
-2.521654333980276608e+00,2.629476849518866732e+00,-5.453523249523986038e+00,1.621933891060077237e-01,5.809771140463192429e-01,2.708815290026978517e-01
-3.282317042048430444e+00,3.337243045542956477e+00,-4.343568504094862170e+00,1.123080331866974368e-01,5.458519773022220134e-01,2.617078893485764168e-01
-3.209423793130921521e+00,4.991780607213052612e+00,-3.364290746919223807e+00,1.195383194902841784e-01,5.239575751705608520e-01,2.572513305763973190e-01
-2.499527288795852620e+00,4.973264214334642830e+00,-2.908015107246956887e+00,1.364830446363673178e-01,4.881822562824550404e-01,2.414199663095052129e-01
-2.087308980847788042e+00,3.812770886011568106e+00,-2.768723001516435467e+00,1.358644270610030735e-01,4.486428183586262941e-01,2.220660861846252554e-01
-1.889361885228582949e+00,3.391434592419745542e+00,-2.194271126962643592e+00,1.235286737622780934e-01,3.784851512362744641e-01,1.972659373838448749e-01
-1.466838719009101899e+00,2.634360970617407371e+00,-1.944843711152405730e+00,1.126778145891796368e-01,3.285034143145698082e-01,1.911546714806600655e-01
-8.520185347711562995e-01,1.885572240692904744e+00,-1.507298466879777754e+00,1.040562936046015158e-01,2.765180066766967926e-01,1.697775578773903504e-01
-1.666552943369397077e+00,9.917602109101804064e-01,-7.095003724061632600e-01,7.660931393535490297e-02,2.648719462751474296e-01,1.563563921847591354e-01
-1.361565066230770782e+00,1.898885516355009351e+00,-4.546199265810417778e-01,3.436127812412752974e-02,2.428507679004509867e-01,1.286758545422557742e-01
-1.476045274632954651e+00,2.707847515427766805e+00,1.023064988639441619e-01,4.755624717239990279e-02,2.177127897321759764e-01,9.272214361747484201e-02
-1.805856407313476186e+00,2.494796341080588231e+00,6.085438968636358581e-02,5.579890536156421194e-02,2.000261852277672447e-01,7.712944088980600021e-02
-1.711803780480608772e+00,1.894796114310982604e+00,-8.174276819945025530e-02,5.611910177478501849e-02,1.918422290354634130e-01,7.982124127034014027e-02
-1.200770781757702466e+00,1.684188709696885056e+00,-3.270343383385834191e-01,6.014162150990079447e-02,1.975344339181188125e-01,9.319360341515298130e-02
-7.100266192845992030e-01,1.523614733535585408e+00,-1.888975188370587421e-01,5.664973178625760941e-02,1.833527281676664289e-01,9.788617995413588513e-02
-8.840847674531460143e-01,1.256958984161550275e+00,1.286026054844311428e-01,5.093181405455701749e-02,1.393335320014369993e-01,9.600865859097539035e-02
-1.289053115043388376e+00,8.245901195829268282e-01,-1.798861691794459983e-01,3.716132755476898170e-02,1.195695055255030365e-01,9.469421212606883576e-02
-1.412748857567698746e+00,9.572579585402221092e-01,-1.497707095664222443e-01,3.237832118132689951e-02,1.270103952587398055e-01,9.799047364616847444e-02
-1.399403914839024488e+00,1.585074553705789313e+00,-4.707027143499331601e-02,4.040266060936292120e-02,1.379350861656757632e-01,9.385797541714810399e-02
-1.219754850866729079e+00,1.389419043963227463e+00,-1.057737401796852161e-01,5.914718855550795545e-02,1.399468156451500189e-01,1.004578512435985588e-01
-6.423118179770713754e-01,4.404437945111588371e-01,-2.360717249923507399e-01,7.622260776575903729e-02,1.302587063784757249e-01,1.160285867771758822e-01
-9.698070505679858844e-01,-1.622959140029596181e-01,-1.206447365159786234e-01,6.088279472314423596e-02,1.261096611972884474e-01,1.200150430591512551e-01
-2.458936360929449005e-01,6.361793365802577149e-01,3.947262428030846593e-01,5.780783340161230188e-02,1.280526696244030371e-01,1.079322604682467629e-01
-9.399457543319356123e-01,6.614432926806890212e-01,9.326109230793203642e-01,5.352183764593351767e-02,1.081656609163438310e-01,1.056108822083435678e-01
-1.386654662385808257e+00,1.028355831117415020e+00,1.487273783040096387e+00,6.399280832198650515e-02,5.854294369505523565e-02,9.388366873541818813e-02
-1.732909904917476984e+00,9.239643662893877174e-01,1.049764979375104934e+00,7.290673354545353091e-02,2.159347580379720674e-02,8.535141376994744011e-02
-2.087835755020145179e+00,3.464655777158950345e-01,8.011274013053686360e-01,8.232396789721102559e-02,1.986483545113312127e-02,8.696853244184207798e-02
-1.374823028881200226e+00,-2.481874709597671480e-01,3.996681241539341567e-01,6.733153518989087871e-02,1.963665774566351885e-02,9.310481142624205120e-02
-2.563964848613841108e-01,1.722347181472446143e-01,-6.704394564449902560e-01,6.342748110135380812e-02,-2.198342767751026647e-02,8.250167191236795761e-02
-1.418948730367750377e+00,2.916072706232174239e-02,-1.971802230036001857e+00,4.724851675945530155e-02,-3.348772003301007244e-02,7.571151301515785526e-02
-1.596536444201925642e+00,8.825950071708671407e-01,-2.683706702072282013e+00,5.296123702268454303e-02,-3.447678050978199987e-02,6.525546035597626360e-02
-1.679748585648278336e+00,1.429878912842730276e+00,-3.433175519838284728e+00,6.940274337482901790e-02,-4.823560671242664577e-02,5.780859789043494429e-02
-1.918042880286797480e+00,1.649729734331199626e+00,-4.230543978560296736e+00,7.891883862838980357e-02,-4.974386224743631429e-02,5.421195684557855721e-02
-2.140007427132451401e+00,1.344309741092825972e+00,-4.993388792236847173e+00,7.003059545596332369e-02,-5.525583405259038017e-02,4.539053949374055597e-02
-1.946977485257946672e+00,2.223600570671346421e+00,-6.126013834508645672e+00,7.625714507364637906e-02,-7.363139634160519031e-02,3.385161235694578163e-02
-2.202855042133103680e+00,2.215386737166402220e+00,-6.656727961345050737e+00,8.946392603894465223e-02,-7.460191944009113285e-02,4.034562463076728223e-02
-2.519661286358465091e+00,2.601988637138970439e+00,-7.414686767262828937e+00,1.098731667390813460e-01,-6.295530539755986310e-02,4.782826706570779407e-02
-1.826762766130043181e+00,2.014336454646284302e+00,-8.340722825853102762e+00,1.213771661170010424e-01,-6.834519583599349413e-02,6.240036887773558333e-02
-1.876148136632842300e+00,1.747182689981383819e+00,-8.401635687290930576e+00,1.109823637412481329e-01,-8.143038908318800395e-02,6.044028879474891425e-02
-2.663392720952668657e+00,2.590000461383109354e+00,-8.675185400424174631e+00,1.269721322055926971e-01,-1.037637890949559827e-01,6.266732745625941403e-02
-2.551113935090902007e+00,2.351689526566139055e+00,-9.566993075832430193e+00,1.404582187245563274e-01,-9.483719389834974201e-02,8.168854597278038532e-02
-1.721390933964744629e+00,2.127942455474379990e+00,-1.014423774946285839e+01,1.356477878368893830e-01,-9.054079497484995853e-02,8.622717004910440686e-02
-7.780030316384527467e-01,2.084131992863750504e+00,-1.059435393720166729e+01,1.303945989495855218e-01,-1.113196979095853328e-01,8.616357066466595604e-02
-1.029147204059410292e+00,2.236511923354295384e+00,-1.064577290656084863e+01,1.361405020181220837e-01,-1.301013600296131723e-01,8.701695578621057581e-02
-1.667790624901079877e+00,2.536362137570401298e+00,-1.169789034139060568e+01,1.590098129882423494e-01,-1.746988783874396933e-01,9.106955192005380950e-02
-1.503693589802451713e+00,1.570682631799708240e+00,-1.175304202226469030e+01,1.666379822286781220e-01,-1.443580486963305376e-01,1.031878016899333561e-01
-8.867628238594913448e-01,7.757247810280274436e-01,-1.214429723220894886e+01,1.405099543582674637e-01,-1.318962384808964605e-01,1.154015423230918547e-01
-3.821263422939855658e-01,1.453511580431248618e+00,-1.224587751178157724e+01,1.241424038829074122e-01,-1.353927671284251011e-01,1.141444702644653503e-01
-8.996755440828270167e-01,2.078545137687452637e+00,-1.238842151638041322e+01,1.260151762935088904e-01,-1.290854052479393776e-01,1.224443678425913007e-01
-1.970839925159182382e+00,2.410841217428553396e+00,-1.215246700788315515e+01,1.417899539721404201e-01,-8.075974316410515497e-02,1.317230180231080405e-01
-2.551144898426422891e+00,1.969502857651643124e+00,-1.201632379372393444e+01,1.420241200898467171e-01,-2.594377921068886927e-02,1.523413692620772530e-01
-2.149352746338064613e+00,2.750375724715005354e+00,-1.174696353966381146e+01,1.517580551866713201e-01,4.916955201710244278e-02,1.712697363412101770e-01
-1.966159222489106906e+00,3.328901375425443732e+00,-1.119668040820256216e+01,1.854894239854019133e-01,1.236307227833776945e-01,1.946684729338978570e-01
-1.557011944003189763e+00,3.766070335279792403e+00,-1.136379833920654825e+01,2.577174951748489873e-01,1.920974874523153353e-01,2.340211844203777258e-01
-9.929559121071609429e-01,2.045271521044758956e+00,-1.144244554098088251e+01,2.513400640021550836e-01,2.301128966687148447e-01,2.728888133754123757e-01
-1.444198171997928437e+00,2.062839821702252330e+00,-1.060846404348794358e+01,2.094748896910819114e-01,2.472043511895538059e-01,2.558165641113019362e-01
-1.314277020279443153e+00,2.265350173460224603e+00,-1.051963789207008837e+01,1.896893027035112533e-01,2.450043575110340544e-01,2.231581506845439211e-01
-1.881671144639526227e+00,3.204172300370802251e+00,-1.055801838065932330e+01,2.059662979504673919e-01,2.696447019115230104e-01,2.017600157469954247e-01
-1.360350954338577667e+00,3.529336798804034725e+00,-1.068089408221723247e+01,2.336073952706119172e-01,3.177756865287501009e-01,2.052621172342010136e-01
-6.868380666152278380e-01,2.301846228566061470e+00,-1.080357280604461145e+01,2.276491430357665824e-01,3.228842735473504977e-01,2.267366271961156754e-01
-1.238849308975442209e+00,2.417928838009056225e+00,-1.074525621091709660e+01,2.139020509053964902e-01,3.216544525174998559e-01,2.300468875780840028e-01
-2.308132005469156756e+00,3.189019741156194687e+00,-1.049826251442335590e+01,2.277327472328763980e-01,3.518782153640944710e-01,2.422158730640811553e-01
-2.377838780682855369e+00,3.598062022450061903e+00,-1.063680981217752475e+01,2.561031013701153269e-01,3.898807453247794541e-01,2.675610085463589471e-01
-1.765425867705045393e+00,3.340792342493116518e+00,-1.016978172762699906e+01,2.884444631285815741e-01,4.307801169410185871e-01,2.933168897509299544e-01
-1.199865177549063633e+00,2.604005219726045706e+00,-1.018125132195090465e+01,3.009562995252307860e-01,4.663846360192254736e-01,3.217246288042869828e-01
-1.485578254093847139e+00,2.744974369665482694e+00,-1.000183493325673822e+01,3.202053446753147514e-01,4.811028779875111683e-01,3.337958054693319077e-01
-2.058274375397900258e+00,2.391129701696701471e+00,-9.954996510878871163e+00,3.249915332719869321e-01,5.058687774934682579e-01,3.435784759536948396e-01
-1.333000135482997006e+00,2.270565384330018865e+00,-9.953378073775763113e+00,3.104387449700256041e-01,5.089986601650658971e-01,3.409652217357541093e-01
-1.551007162446153664e+00,2.614783755787057462e+00,-9.612029171382777903e+00,3.083884269444351345e-01,5.091895938685394585e-01,3.374630821615516307e-01
-1.485512745532248768e+00,2.551349182575546770e+00,-9.824699496099860596e+00,2.953424876460670756e-01,4.795732301104911888e-01,3.328747487972957830e-01
-1.683419232420261480e+00,2.737069740995251799e+00,-9.659711917995686292e+00,2.867837689298725623e-01,4.616517363480375225e-01,3.215254768170687782e-01
-1.906063577403378950e+00,2.676076273182534493e+00,-9.448117743276313263e+00,2.750089653588403404e-01,4.575797891596865008e-01,3.136728470843833105e-01
-1.747250115754269917e+00,2.838438335556012326e+00,-9.220168157565199252e+00,2.689470149576608238e-01,4.337020387917755460e-01,3.020433558959410014e-01
-1.316267695343325439e+00,3.317375167081847209e+00,-9.001099511392633090e+00,2.734163284647536107e-01,4.069069893124629411e-01,2.863478817587741809e-01
-1.493972021061152011e+00,2.482059774426348397e+00,-9.013338626365516859e+00,2.467080200683697266e-01,3.564295522789980297e-01,2.797250793213159614e-01
-1.901700743486177902e+00,2.787114438321195653e+00,-8.634830821432606385e+00,2.328770512473048448e-01,3.401345925557192063e-01,2.702524274811149985e-01
-2.098005146824343026e+00,3.276916605615036726e+00,-8.432364021251220976e+00,2.355611921742304382e-01,3.150529828827566825e-01,2.569229842076822257e-01
-1.959292275512422687e+00,2.899268878384407166e+00,-8.653005754751706746e+00,2.264836976546246716e-01,2.827775461501380039e-01,2.467278582999856973e-01
-1.820172737513883865e+00,3.054062957872675899e+00,-8.545207522119001808e+00,2.260548416010218220e-01,2.608851955097639674e-01,2.332322327539638751e-01
-1.870138388707246246e+00,2.081975225196611490e+00,-8.831653007269691713e+00,2.145544161598546273e-01,2.286037511067122163e-01,2.296399361073135637e-01
-1.545570620192320721e+00,1.666999827998295158e+00,-8.609797240134813734e+00,1.890952001961056228e-01,2.159260660855919500e-01,2.194066124161475895e-01
-1.154616676535752617e+00,1.544975496594427788e+00,-8.409641301346910680e+00,1.574270086629073750e-01,1.810389705165091068e-01,2.004377966346712336e-01
-7.232321650132386148e-01,1.643530313472253868e+00,-8.125152644101689248e+00,1.218696043049161543e-01,1.388803059328803102e-01,1.719546388949756699e-01
-1.313976508280963351e+00,2.208982312355900035e+00,-7.542843702507951775e+00,9.583390998824693752e-02,9.833860689884267592e-02,1.310670352659671911e-01
-1.500780946108218883e+00,2.073665979360397316e+00,-7.453829105154621715e+00,8.517671987267413924e-02,8.136325334415633881e-02,1.162630801841157829e-01
-1.766652005467302056e+00,1.708551037446902843e+00,-7.345571419364800292e+00,7.146241296403729737e-02,7.292060389214290173e-02,1.052610269965756767e-01
-1.152630080971134063e+00,2.167381247481826811e+00,-7.135200666914611745e+00,6.827232302017378907e-02,4.580174104619123138e-02,8.864127575658324598e-02
-1.589973413631958987e+00,2.386508831534019492e+00,-7.148435094682351831e+00,8.050090442026336390e-02,2.566668860710575456e-02,8.703339191045779411e-02
-1.531072319835357742e+00,1.872350471322536736e+00,-7.479041425018760236e+00,9.000339368635870696e-02,1.427988232895105632e-02,9.481813077364834030e-02
-1.540988068149748980e+00,1.183398161818041583e+00,-7.566692368811994029e+00,7.989172447951781164e-02,7.252263768284040665e-03,1.074132120589836314e-01
-9.920403255964471700e-01,9.872831494613129033e-01,-7.090868453855739162e+00,6.074094487315323532e-02,2.898907242243354762e-03,9.958210416731119730e-02
-8.849518364163490025e-01,1.388010983009486221e+00,-6.686771522928934175e+00,5.534234085561198779e-02,-1.336795450711748129e-02,8.778066654850041894e-02
-1.290728783914199873e+00,1.169571157675141748e+00,-6.636460005072722268e+00,4.197788315008996879e-02,-2.630487124044282241e-02,8.047225050358337850e-02
-1.425218649455144426e+00,1.527405340398624300e+00,-6.403437414557976659e+00,4.690894044979640465e-02,-4.087853981156773508e-02,7.545326138515645598e-02
-1.257598773832421246e+00,7.404955413103679884e-01,-6.235672873885560463e+00,4.523164256477569395e-02,-4.361368444089362695e-02,8.522506455745450238e-02
-4.174957297564840797e-01,4.652615465072922896e-01,-6.212421248487414616e+00,3.301719182210693937e-02,-5.069960387773240346e-02,8.229996088197161219e-02
-3.500575764531165257e-01,4.967642129996014400e-01,-6.109428387288620144e+00,2.160014447876373520e-02,-5.907669554967532460e-02,7.522491827892746619e-02
-7.945356594210438717e-01,8.941776061935841069e-01,-5.779371475340585818e+00,1.680571266218259044e-02,-6.758654317331297401e-02,6.586370562157867203e-02
-5.883504091023450400e-01,7.367834006486017051e-01,-5.505067409172736959e+00,1.734153519008739888e-02,-7.095592625218206939e-02,6.632674361177864908e-02
-5.905188668261754925e-01,7.261391269028781847e-01,-5.256300391682378503e+00,1.647949904379952119e-02,-7.524119016260608084e-02,6.682137629959694625e-02
-5.407225936308484027e-01,4.609442375275170645e-01,-5.132486973804770258e+00,9.435115070056119754e-03,-8.338402954676477075e-02,6.617845550420362044e-02
-6.120387266012076166e-01,2.895797591367806900e-01,-4.985962891229100080e+00,3.519048422257733868e-03,-8.488451610353170418e-02,6.628701533491504483e-02
-7.213226027362358295e-01,6.653807195279153319e-01,-4.712694530793657854e+00,1.842871838820484692e-03,-7.774703475188669832e-02,6.264183896058940493e-02
-9.391122281422680240e-01,3.382776489529581987e-01,-4.551085810408426191e+00,-3.009290257723612385e-03,-6.478610943935463051e-02,6.362520193689649717e-02
-4.183512004371546245e-01,3.791451076083518501e-01,-3.989585697829961752e+00,2.760661090518679549e-03,-6.597557371834565643e-02,6.330426433357788651e-02
-4.890157982745958476e-01,3.520104291532175078e-01,-4.243811323817117120e+00,-3.883623931338091393e-03,-7.912749118280872074e-02,5.442431175190665799e-02
-9.078100801411927989e-01,7.538811007691905708e-01,-4.231133497217722805e+00,6.235996548347611836e-03,-6.787021296084214117e-02,5.394440362843152398e-02
-6.762408520218573527e-01,5.120332345834593957e-01,-4.094968743668364830e+00,2.137223490911821164e-02,-4.693518148164448067e-02,6.406801695238065197e-02
-5.884433607714200098e-01,7.244614603280755127e-02,-3.439500822859504758e+00,2.455146094575556825e-02,-1.895305179288098163e-02,7.541409705124392515e-02
-4.312757622260578461e-01,7.717172820757586815e-02,-3.077357287945265973e+00,1.922153595081143446e-02,-1.035734379232780035e-02,7.886516578583482873e-02
-6.048985048025432576e-01,4.480341805249540843e-01,-3.096204727857005956e+00,1.880970171373876412e-02,-1.716407825938509948e-03,7.732425091801657657e-02
-1.101881126244230291e+00,7.950094472560818026e-01,-2.831337351545595737e+00,3.431124896923305051e-02,2.493932540707002182e-02,8.991017770787472496e-02
-8.796328667037618398e-01,1.051439715286152543e+00,-2.804723810346218649e+00,5.481912846079301654e-02,5.495492275719614239e-02,1.077569337837781249e-01
-5.076606925916303803e-01,1.340622771853441642e-01,-2.589512468353007080e+00,7.568126830964860829e-02,1.107421461772976484e-01,1.568359403764991444e-01
-3.485085068269712649e-01,-2.707949454308509196e-01,-2.312903755621970703e+00,6.800393125118155135e-02,1.472389625114195189e-01,1.772724196085459225e-01
-9.098531840560725170e-02,-3.019654720996800545e-01,-1.908496739101633421e+00,5.105524906810209040e-02,1.782727971265005151e-01,1.841852461152124754e-01
-3.567835844357949981e-01,5.465714682175197570e-02,-1.439267146123140106e+00,4.265085992100173251e-02,2.135765814566860654e-01,1.963862141773616288e-01
-4.864989832018201676e-01,-1.577445450995670073e-01,-1.186770152095662612e+00,2.027816438463456161e-02,2.621061515554272137e-01,2.198562105811345813e-01
6.796441332338853947e-02,-9.051325300319323919e-01,-1.471568676455874414e-01,-1.837186682577729782e-02,3.583158431275221822e-01,2.705941592745276236e-01
3.801646294627767375e-01,-9.738218021773306088e-01,6.304381465113657601e-01,-6.171566265096024850e-02,4.038079760958791509e-01,2.863352263826827726e-01
3.195889752170306686e-01,-7.925088409604980066e-01,1.147793028008118776e+00,-1.048956374297624894e-01,4.441323811936025989e-01,2.945101312255226644e-01
-1.153697431105804028e-01,-1.751565574016021309e-01,1.648451975714700257e+00,-1.432476646206983784e-01,4.897981447082642714e-01,3.034094977801311543e-01
-3.525968110747118578e-01,1.588506210533354723e-01,2.123527390391888758e+00,-1.660009859045549208e-01,5.473667516977307468e-01,3.338388765310581485e-01
1.078166504124825620e-01,7.995791322074642660e-02,2.763406325233515481e+00,-1.783602103894918467e-01,6.176042991300174645e-01,3.813234969429485921e-01
2.438791022770454286e-01,-2.350214359572274370e-01,2.922017170459241697e+00,-1.876228859126704285e-01,6.399436880042754794e-01,4.009839696943048870e-01
8.083680639771997911e-02,-4.955612265397870697e-01,2.943750765885958298e+00,-2.184103857811927618e-01,6.657133053608094153e-01,4.246030352411703235e-01
4.298658449813627658e-02,-7.557212479440508224e-01,3.178230930273973520e+00,-2.605091174549548083e-01,6.828963951264530596e-01,4.507681310742431280e-01
-2.441338411818686494e-01,-2.071900873814768451e-01,3.319447486785236379e+00,-2.869138467250240687e-01,7.064872657208138840e-01,4.719603923440655602e-01
1.050229155648694512e-01,1.026531219195584987e-01,3.236543774852189692e+00,-3.133352715811893452e-01,7.184315572987819420e-01,4.805520143680379608e-01
-1.980884956642919859e-01,7.171851744461403833e-01,3.325938766217444886e+00,-3.090672465896963095e-01,7.366047738584809990e-01,4.929696920691564177e-01
3.157942225223602239e-01,2.937407009769317234e-01,3.186227730861812546e+00,-3.029707357388153888e-01,7.511395934630609172e-01,5.192735636452746606e-01
7.389172483107721012e-01,-3.664281184109636214e-01,3.014912221450660290e+00,-3.139067997180595149e-01,7.509713789733536426e-01,5.375107593527190808e-01
5.890368947197407445e-01,1.568148961543929798e-01,3.150260185314257555e+00,-3.267918503942116026e-01,7.383120249114593081e-01,5.414469364624330261e-01
6.804816962357355115e-01,7.938998002303306045e-03,2.772824368318731025e+00,-3.265772209283441807e-01,7.201759776106988475e-01,5.614334549131689833e-01
3.860444777883162981e-01,4.563198903686745966e-01,2.586458345258227709e+00,-3.191581259006586735e-01,7.213087177161409125e-01,5.731273992969586617e-01
5.833559458285408894e-01,-1.794354819535363688e-01,2.295007360488192649e+00,-3.237948534448247817e-01,7.233740929724762347e-01,5.871270866674240807e-01
1.109389544994693999e+00,2.918189007085579267e-01,2.731127978988870719e+00,-3.149370709008283420e-01,7.241524402292258689e-01,5.962691937378563622e-01
1.236794216587074668e+00,-5.143473348402076706e-01,2.437206098797642273e+00,-3.256919459763206182e-01,7.045994549494291048e-01,6.024545603351704193e-01
1.178917263658006975e+00,-1.949670749067169973e-01,2.671990807878449559e+00,-3.187193820171898007e-01,6.999344093377621867e-01,5.976523684434922323e-01
1.121904935169840911e+00,-3.453043007829640909e-01,2.426397928829732820e+00,-3.141000396362186864e-01,6.913602891539424311e-01,5.871494862919163227e-01
7.684105352394436927e-01,9.391249760687817028e-02,2.420376917876398970e+00,-3.061135230175697775e-01,6.847253506697470460e-01,5.798763474840213927e-01
6.223880742520340181e-01,-1.810326291924986841e-01,2.201664709343076343e+00,-2.963369251721335029e-01,6.973247793283056106e-01,5.892821959760322637e-01
1.111772055322587160e+00,-5.306072336258259581e-01,1.982269999357614054e+00,-2.815266560815992136e-01,7.116281098330945465e-01,6.120997097724166780e-01
1.305431200447483064e+00,-1.558496296970759420e-01,2.048917886002652899e+00,-2.904815896378053486e-01,7.036573909607368726e-01,5.992012800126396144e-01
7.000419483134230347e-01,3.525219291009720202e-01,1.998616402132544767e+00,-2.669216299344197574e-01,7.149896510284768913e-01,5.922356217679642931e-01
2.406767635216476575e-01,2.470579342296942704e-01,1.664885336831201545e+00,-2.483271785346332361e-01,7.416825682067649250e-01,6.100856517364577902e-01
7.757451315142649406e-01,-3.313368797198983917e-01,1.620323409417360194e+00,-2.382098847254015273e-01,7.695196168411322368e-01,6.255621990965518631e-01
9.569001994061026029e-01,1.785408677421690127e-01,2.126044206457547325e+00,-2.200998675349871703e-01,7.936546859443726065e-01,6.398671579256954844e-01
5.903472811887857663e-01,5.483736036886986964e-01,1.918858214187671329e+00,-1.969350318452041115e-01,8.052259824925293019e-01,6.482459415020691562e-01
4.709978622269000992e-01,2.474111367828029096e-01,1.738802182768408144e+00,-1.622411031785470636e-01,8.235165160352564406e-01,6.601734882220159362e-01
5.112494922856303248e-01,1.636705569686210671e-01,1.516257591360919532e+00,-1.492859277782690175e-01,8.368735842880392628e-01,6.710687102765320322e-01
6.603267870206270818e-01,-1.613425548937508225e-01,1.544177022345846861e+00,-1.324395440461675899e-01,8.388353143245188548e-01,6.882804455597963944e-01
5.346576277404961886e-01,1.609671241514729623e-01,1.778098806115042896e+00,-1.188005093266750606e-01,8.447278200210430743e-01,6.830529556297539884e-01
-2.064863265098630385e-01,5.821474336104494052e-01,1.751989452064394381e+00,-9.776709270202225965e-02,8.639629415831561188e-01,6.815793659293871709e-01
9.857821626096370526e-02,-6.460051817631719262e-02,1.613052178083329125e+00,-7.327790914781644183e-02,8.862729109320032217e-01,7.027770733576715889e-01
3.031350163981317847e-01,1.407038810384997896e-01,1.620862250051940068e+00,-5.530079780925762495e-02,8.922617016782664612e-01,7.143476117473890330e-01
1.492202158271541124e-01,-1.485182050603728598e-01,1.524582152855727957e+00,-5.421841582375751950e-02,9.001455666143338696e-01,7.165688978296381739e-01
2.770118185767402041e-02,-7.028994585945121110e-02,1.468829847484797391e+00,-4.027360558100292337e-02,9.071373013623456050e-01,7.187147262432718176e-01
-3.804281598873936465e-01,3.314972193534462264e-01,1.495724613969015682e+00,-2.735289579940111682e-02,9.279121459858470367e-01,7.297872902769761971e-01
-8.847826455074506158e-02,1.733043141803153331e-01,1.609633526749014054e+00,-2.265926580168432097e-02,9.259384859205783691e-01,7.384664146172663646e-01
-1.327017539604988250e-02,5.399762322748026533e-02,1.673947410968497973e+00,-2.116735481338734726e-03,9.349807599645476586e-01,7.337662126678289320e-01
-6.900281683662360388e-01,7.521398762307043295e-01,1.591301167782403381e+00,2.959091483724376678e-02,9.487677303829478159e-01,7.234298506130778517e-01
-7.521950088204591989e-01,2.617824056149091749e-01,1.629561545341711826e+00,5.005254427522524974e-02,9.734657666058248449e-01,7.421531192922472542e-01
-9.046314502472031505e-01,4.436527821998363375e-01,1.777669409813657619e+00,6.099330164114429714e-02,9.882217249735186781e-01,7.585917836492392929e-01
-6.547643681398385151e-01,-2.196503021751641249e-01,1.580094271070739520e+00,6.636501628718491363e-02,9.916425260010746090e-01,7.741339080888046675e-01
-1.538694925396552060e+00,8.296746600475777278e-01,1.645369851224129931e+00,9.613225027892696728e-02,1.015323607857409938e+00,7.877433439150862693e-01
-1.990552900559978911e+00,1.411303633903474797e+00,1.686759401340212072e+00,1.282198176842515025e-01,1.069662328928159489e+00,8.100859824512909313e-01
-2.130137970920032320e+00,2.290152769155253676e+00,1.511700176478791402e+00,2.493994081363092308e-01,1.139818826935969032e+00,8.308129264769295030e-01
-2.049301775346409560e+00,1.545569989390636501e+00,1.156636086384506656e+00,2.817635759869404066e-01,1.169329145672883596e+00,8.524782410011428890e-01
-2.097429410510382564e+00,1.093215412159391775e+00,1.143275572439705678e+00,3.025814870845514037e-01,1.186171482605647309e+00,8.700173071073570297e-01
-2.497422037400153449e+00,1.777834093321554843e+00,1.170958966056445671e+00,3.272334922484262387e-01,1.191931012629049880e+00,8.630543505435293028e-01
-3.332152580179158718e+00,1.995325133519796124e+00,9.772622753850281896e-01,3.474818676743949841e-01,1.221676501669838766e+00,8.662327325362124686e-01
-3.067839498266653475e+00,2.702562778491514717e+00,1.054052389016798097e+00,4.199082403728919277e-01,1.286981327547119802e+00,8.714528095883589121e-01
-3.175530961844639677e+00,2.200045804931412441e+00,9.813740402362260973e-01,4.463115322623497638e-01,1.320389792914464122e+00,8.627554964736090515e-01
-3.620637447698618949e+00,1.657634830114215863e+00,1.266415696215153819e+00,4.620032103888786490e-01,1.371766094812904679e+00,8.527241795271884861e-01
-3.278523424514507401e+00,1.669439301230462913e+00,1.297502503920825889e+00,4.726229259750023837e-01,1.395932044974085295e+00,8.408814654584310100e-01
-3.723795264185790987e+00,2.075184989524545998e+00,1.337329271568947098e+00,4.875130701726150262e-01,1.428093017947124954e+00,8.216115117310635041e-01
-3.462514836875821178e+00,2.580794430579041343e+00,1.357383099087823730e+00,4.922762116068847282e-01,1.464842204875258735e+00,7.882596760450917284e-01
-4.670324906946183852e+00,2.599949822936668653e+00,1.320311542376511937e+00,5.162278687929334753e-01,1.524591503990639696e+00,7.591157353733313240e-01
-4.718518415639018748e+00,4.339888315416649434e+00,1.436602805633506064e+00,5.832402875565240175e-01,1.604986572141247736e+00,7.386795386635268690e-01
-4.611251104280464475e+00,4.450744430588684075e+00,1.261646320408909894e+00,6.321656962297654836e-01,1.660669790386697597e+00,7.293600514596538797e-01
-4.648797868313613080e+00,3.118408435814436608e+00,9.268858324381483715e-01,6.365348339857942461e-01,1.714064575160315407e+00,7.333349445627888041e-01
-3.690219235743670723e+00,3.228952680273970532e+00,6.661200730892608002e-01,6.667708315196259061e-01,1.744907560213618369e+00,7.260415877285740782e-01
-4.953622699367304705e+00,3.472321833070036945e+00,9.960060320631358710e-01,6.964748548559838159e-01,1.788067140373314601e+00,7.102993334486652488e-01
-5.352282263370760518e+00,3.927160290561107381e+00,7.392931322106961467e-01,7.301470416812000375e-01,1.787022069986276218e+00,7.025200314817090508e-01
-6.335750722103779431e+00,3.778362890589102907e+00,1.154013324251258021e+00,7.269596739316825929e-01,1.815684219843902492e+00,6.720148617518348910e-01
-5.787514619466540999e+00,3.980433192126346942e+00,1.129400780987229957e+00,7.399903811715884405e-01,1.855075919442379151e+00,6.485099178201175762e-01
-4.167975799744582766e+00,3.624301456592173842e+00,6.376554587821676723e-01,7.766528502217745489e-01,1.883222777392879133e+00,6.481653434875760400e-01
-4.902066769044048478e+00,3.519433317059831978e+00,7.611140029648275629e-01,7.881996835365024934e-01,1.894750840927668323e+00,6.462773430639801031e-01
-5.383677721453598686e+00,2.865392829331228519e+00,1.016726738973543709e+00,7.787691967999317288e-01,1.871506352628521164e+00,6.433448812993619592e-01
-5.150137837750727421e+00,3.691320665272530110e+00,8.363792703237351578e-01,7.835850434856893587e-01,1.851375649917736954e+00,6.262162593447255787e-01
-4.988820069623907116e+00,4.225054372217950771e+00,9.575018642853756479e-01,7.876946496279828569e-01,1.846676613398532174e+00,6.102770188629976778e-01
-4.691982838469211714e+00,4.305918819840623968e+00,6.434725933652969410e-01,8.103192333682623927e-01,1.879893915340050459e+00,5.988197697291810506e-01
-3.897696636508174439e+00,3.869044165161978466e+00,1.911946529878738588e-01,8.235834030049716814e-01,1.869857769326552788e+00,6.030567154422041831e-01
-3.826670791675764516e+00,2.941252776088543186e+00,-1.802426997991135593e-01,7.867681395811695344e-01,1.830871597186021882e+00,5.930319973029016811e-01
-3.986834302625808846e+00,3.782614083306159447e+00,-2.874794533450308887e-01,7.577695591300811495e-01,1.783241723797528433e+00,5.781763728491972065e-01
-4.434412598654739135e+00,4.299078307951428535e+00,-4.334833085062432811e-01,7.639502850423982583e-01,1.751877258775903945e+00,5.801947016648576483e-01
-4.928459764281660327e+00,3.901635680426575714e+00,-7.241033377559722428e-01,7.268499335331314315e-01,1.726173517977653615e+00,5.520064712039827182e-01
-4.285219891618328170e+00,5.115531626668571974e+00,-7.813602340537195712e-01,7.360010813575543764e-01,1.727474050022856478e+00,5.374331843483859394e-01
-4.485936111256015657e+00,4.060834601319644577e+00,-1.348702533521446645e+00,7.381649774704563960e-01,1.752542566282805359e+00,5.502226510559156125e-01
-3.571578970292379029e+00,4.298777212103018996e+00,-2.124451912037041090e+00,7.371917097727570534e-01,1.717879485035848974e+00,5.539559441998357370e-01
-3.048949567079891843e+00,4.172506028488807139e+00,-2.431591060673855331e+00,7.024602677129606620e-01,1.605968677989050519e+00,5.265776643336342877e-01
-3.051580173623918313e+00,3.892490814799344889e+00,-2.776290962049706934e+00,6.567970446835267317e-01,1.500309982935211561e+00,5.009842496003894530e-01
-4.033632997709408308e+00,3.764093925550313191e+00,-2.792133815583998313e+00,6.234097330619227106e-01,1.429818276988728654e+00,4.812779347754502224e-01
-4.039535245575088140e+00,5.222586449596615665e+00,-2.884118752050700785e+00,6.238643141149983196e-01,1.388085018525871739e+00,4.635601613442999480e-01
-3.104157295314009968e+00,4.699999202339699700e+00,-3.234606463091680872e+00,6.298857192584097486e-01,1.345028110106990304e+00,4.574071687879585624e-01
-2.809999505687195587e+00,4.020277385298488326e+00,-3.601533177953458953e+00,5.927931465529734378e-01,1.228911617413724899e+00,4.419749711334922671e-01
-3.547867104756881496e+00,3.330116404159772614e+00,-3.802850454501889743e+00,5.438627221622007735e-01,1.166982428231159608e+00,4.357840068585218662e-01
-3.533335915136555538e+00,3.863809137910752867e+00,-3.659767510689793113e+00,5.235251998796592865e-01,1.120235527904893003e+00,4.198078670888236719e-01
-3.292518737883961322e+00,3.263595642419517606e+00,-3.925717459593458969e+00,5.022255910402584345e-01,1.063621361988928093e+00,4.118676986748411872e-01
-2.351572254995448752e+00,2.964256036658523552e+00,-3.837298312934304789e+00,4.780879147959767317e-01,1.003968368990008742e+00,3.900230028593203446e-01
-1.466443090310253883e+00,3.785857925873213237e+00,-3.829207688900112316e+00,4.478304934569811158e-01,8.368735025940317040e-01,3.399371910185562951e-01
-1.536682499231902588e+00,3.671020488895946343e+00,-3.740578553188748323e+00,4.268196436365320201e-01,7.141808680518035857e-01,3.087219020062900166e-01
-1.804693179187769614e+00,2.717358172336910016e+00,-3.594852484931695180e+00,3.734520986407795506e-01,6.035811745894862357e-01,2.829412496616645067e-01
-1.576388881151935317e+00,2.075619360588154994e+00,-3.403299289521714677e+00,3.071627784610604928e-01,4.916034030671431743e-01,2.548835246998218951e-01
-8.256828269766812722e-01,2.211005258664222595e+00,-2.950152298493284420e+00,2.502310904655224988e-01,3.664041577720647536e-01,2.187968731501347408e-01
-2.480911567429062714e-01,1.032436999522366117e+00,-2.336833120095661798e+00,1.615033145997696318e-01,1.412538325643136750e-01,1.757817755023325101e-01
-5.693570838451424976e-01,5.758347212406197402e-01,-1.887057698992628429e+00,1.001676494260220623e-01,2.401099963240816391e-03,1.440535839768515569e-01
-8.266021913735249749e-01,6.314632805701753115e-01,-1.393955383975155060e+00,4.548714320854113646e-02,-1.028510734948129973e-01,1.083473976096047675e-01
-8.701760678670457105e-01,9.678693925254258090e-01,-9.982550639960161565e-01,1.482361768577764374e-02,-1.832906066117932498e-01,7.854048899788855509e-02
-9.489983406870133864e-01,7.130637561032900917e-01,-4.234186801281889512e-01,-1.139679081005740696e-02,-2.423864484890936033e-01,6.034517404155265163e-02
-2.328462015365797111e+00,2.640299790873101404e+00,-4.937636982784001649e-01,2.931994331032512086e-02,-1.016484820512267850e-01,9.919578463337437937e-03
-6.688746821021913647e-01,7.361489948262731620e-01,-3.086224913606079312e-01,1.276809802281076399e-02,-1.076971211547035623e-01,3.456119992119432299e-02
-4.913399228862562196e-01,1.055802941416304375e+00,-5.064034426127277388e-01,1.602699295340584765e-02,-1.075500253248043298e-01,2.356490943509022967e-02
-1.173157458399062714e+00,5.186984202035366254e-01,-5.556957429317674890e-01,2.173366265973927097e-02,-9.820189495840389582e-02,3.219995646790119875e-02
-1.144641766020771723e+00,5.437751579758642873e-01,-2.104429672546150876e-01,2.606387582313378706e-02,-8.745675728231917800e-02,3.427949953154190571e-02
-1.176473830165215340e+00,1.134575158954117313e+00,6.307841274078819227e-01,6.379115128586189398e-02,-6.033463488684031456e-02,4.797023735394045918e-02
-1.426280667834432414e+00,2.750716632542499762e-01,2.452774535095628705e-01,1.030405271377489163e-01,-1.045714910280118037e-01,8.815249787274698212e-02
-2.779971923612158946e+00,-2.232936069724252182e+00,2.351351689388194721e-01,1.371634204928464523e-02,-6.145010302889514220e-02,6.470092191194200260e-02
-1.194667873518947765e+00,-1.182552447035480903e+00,-5.496747603660145920e-01,-5.113895932528397803e-02,-3.248873155056405254e-02,1.744962959658392931e-02
-9.679439645335101705e-01,5.742870632324262870e-01,-2.635673225283283294e+00,-9.135956763357831745e-02,-2.547646738542212741e-02,-1.557333649769413603e-02
4.568049672423300511e-01,3.123433235431110067e+00,-1.591091895202586981e+00,7.423497566049935825e-02,1.012406611626677361e-01,5.334902958332975176e-02
5.296947835286444084e-01,2.244572778215457032e-01,-1.343138176630455094e+00,1.170657131812207208e-01,1.206648113971307834e-01,1.080755274321843484e-01
-2.292912937939439733e-02,-5.223042505482734521e-01,-1.162961496802777051e+00,1.300210017108192895e-01,1.321854452288472315e-01,1.261421302094607733e-01
-1.121115689643634727e+00,-1.238787562924610786e+00,-1.391713786207491976e+00,1.069655022085232166e-01,1.809681076428476532e-01,1.370847505663109200e-01
-7.490953828773329048e-01,-1.014679329252549334e+00,-1.702722848265933342e+00,8.380497284314614159e-02,2.691369917019478253e-01,1.482718641432023698e-01
-5.559332844169735388e-01,1.223716189206097482e+00,-1.622563778135017509e+00,1.363458949719343338e-01,4.149114115977295403e-01,1.899769074552389303e-01
-1.431577046353480487e+00,1.382418048703978108e+00,-2.029697641816474274e+00,1.496148213663882620e-01,4.755423213986625375e-01,2.271190594885704184e-01
-2.325380616148345680e+00,1.900152220405239456e+00,-2.187732430949382412e+00,1.763244318451873960e-01,6.115695298693816229e-01,2.578319256526376835e-01
-2.120947923897209098e+00,1.374803921044114086e+00,-2.405167305544292589e+00,1.940656164555762397e-01,7.489748781612375339e-01,2.957140689417195323e-01
-1.235036326757375402e+00,2.354183158024100830e+00,-2.521199681994462871e+00,2.365961079095494080e-01,8.472062106648193813e-01,3.288895314836925987e-01
-1.663475977050079990e+00,2.531706982801219752e+00,-2.596993656677506479e+00,2.509424823279668426e-01,9.519574812603956993e-01,3.520377335905793825e-01
-2.243484997032810124e+00,3.596491968077027312e+00,-2.464767581102752736e+00,2.920728600970903255e-01,1.034548682696471156e+00,3.664225743962819526e-01
-2.632722230148538234e+00,3.721878556656101900e+00,-2.693098117274240977e+00,3.458450012344863600e-01,1.143125859356040497e+00,3.999904266235426165e-01
-2.002935740072841142e+00,3.882735167270664256e+00,-3.058613650074699208e+00,3.897935910965301676e-01,1.238166692938343250e+00,4.265751319706074240e-01
-6.302183546809317916e-01,1.722416256561363879e+00,-3.985416331777476451e+00,3.679521488230311221e-01,1.254296376773529786e+00,4.622332046212975221e-01
-2.007874354019116403e+00,4.371160796345716193e+00,-3.270964258138826075e+00,3.961335321609974480e-01,1.349394660845559590e+00,4.631768709365496339e-01
-9.357389820405391800e-01,3.923534064891286643e+00,-3.512449183781497730e+00,4.421426926539146485e-01,1.371757499549865367e+00,4.911165182945753660e-01
-3.426565678989416108e-01,1.858738242839177657e+00,-3.875290436579800435e+00,4.075029390335505597e-01,1.354374318009221589e+00,4.879579819688795173e-01
-9.981641284844479101e-01,3.561939403364610346e+00,-3.507619920930752144e+00,3.879998708092994297e-01,1.362688222595916487e+00,4.627264815632643469e-01
-4.200595003963963903e-01,4.352756153133496397e+00,-3.665742094305842080e+00,4.402979858886153508e-01,1.390622064752083942e+00,4.734029356958760482e-01
9.307944040947970787e-01,1.428350025028032988e+00,-4.400519470622129781e+00,3.874160744142689516e-01,1.345888748005998670e+00,4.669009987725654121e-01
2.336508055130013251e-01,3.218428971602968147e+00,-4.288223237418380407e+00,3.462578342728377390e-01,1.259412891686688463e+00,4.072457736159876829e-01
-1.026423202929647172e+00,3.620078366634118083e+00,-4.266617064769741674e+00,3.613925504697453883e-01,1.239307131940425188e+00,4.091321933564487368e-01
-5.474427306107592095e-01,2.792630087369003089e+00,-4.748855714091190450e+00,3.337230355449553598e-01,1.244630870660544453e+00,4.296315847463373916e-01
-5.716106733963920439e-01,3.851934411188799867e+00,-4.420847675838549762e+00,3.225327884909938714e-01,1.243975545903844626e+00,4.212402918814304176e-01
-5.563744993152653917e-01,4.000473402377659582e+00,-4.562901073684606956e+00,3.328273889753711745e-01,1.255654453678630045e+00,4.127875117018506845e-01
-2.378807329943073423e-01,3.542541088220799939e+00,-4.822648610569986616e+00,3.194401829865596842e-01,1.223929762883906092e+00,4.015301616029229859e-01
-8.029906987773277605e-01,3.306725446772035504e+00,-5.109761428024339303e+00,2.986291170843458076e-01,1.184455980218100279e+00,3.931605726464778572e-01
-1.401296199137690213e+00,4.461842213253278011e+00,-4.918287445208039621e+00,3.036875739287354103e-01,1.192560026269810391e+00,3.856204406562202536e-01
-8.949629274877574092e-01,4.060802612438176418e+00,-5.127277840861777847e+00,3.164448518733522508e-01,1.214638273958033032e+00,4.013467190447628785e-01
-4.941636799727224805e-01,3.666836530577574305e+00,-5.600219927782966067e+00,3.321218168310254293e-01,1.239672093371569916e+00,4.196525595810326470e-01
-6.297916065298299060e-01,3.554302352017904898e+00,-5.730201983702489343e+00,3.535401760202345200e-01,1.252151316318541818e+00,4.266506831864289584e-01
-1.656500196990688956e-01,3.060794409028907648e+00,-5.914091053808228970e+00,3.549706606007285714e-01,1.248762586166665578e+00,4.256566765555095944e-01
-4.610452808778080502e-01,2.657367067486197776e+00,-6.080531619949320898e+00,3.446208828432050231e-01,1.247119937915815102e+00,4.265182424260585137e-01
-7.778610367204704668e-01,3.183431925182559574e+00,-5.822448545118476204e+00,3.398794470548798241e-01,1.271628041232893080e+00,4.211718149285300083e-01
-1.645989270524295112e-01,3.505064979991681540e+00,-5.951756723976147967e+00,3.283461108533131667e-01,1.290090779644623042e+00,4.032754415545842241e-01
-2.608102994517860207e-01,3.841881784738995442e+00,-5.891715329637740695e+00,3.285437502660454312e-01,1.268766414931204345e+00,3.931421761355881617e-01
-2.844624798288750700e-01,3.432920296702211882e+00,-6.007780210650039088e+00,3.209751711070142344e-01,1.231309679111706190e+00,3.959248201085428520e-01
-2.799493026812318597e-01,3.235669012634152519e+00,-6.067963833077437030e+00,3.036248736759594169e-01,1.192672962105852719e+00,3.955951662940200841e-01
-4.480515676119001256e-01,3.456594098192570463e+00,-5.853680698603010768e+00,2.743041282869515540e-01,1.115586231174708676e+00,3.772871760909379812e-01
-3.962201833289609176e-01,3.533112082133673670e+00,-5.652016306440512672e+00,2.540174497995087988e-01,1.060486147078368635e+00,3.611841961741574236e-01
-4.109111869344164170e-01,3.774623828486994181e+00,-5.718056582226127560e+00,2.452817865572721745e-01,9.967337909516283956e-01,3.423970019219220173e-01
1.288834433433183602e-01,3.530277932195072133e+00,-5.659810456682689228e+00,2.357395919640644377e-01,9.227839628327216825e-01,3.255662783231990653e-01
4.000436526038169127e-01,3.327760553066371862e+00,-5.537939495404080148e+00,2.199752730478926888e-01,8.290894695030651684e-01,2.982640943857438609e-01
5.715651807922579319e-01,3.278756748468622639e+00,-5.419584355960993527e+00,1.972301758346979572e-01,6.649999137904796243e-01,2.502475337017785462e-01
2.472810459801015881e-01,2.734409932697181578e+00,-5.303961910984546613e+00,1.805697849438780977e-01,5.644632423870213911e-01,2.256202709760471714e-01
4.474935885532345115e-01,2.872667443125393127e+00,-4.957792242672049099e+00,1.690588424556915270e-01,4.747263324178359611e-01,1.982230192307199157e-01
1.145783576292273009e+00,1.530802883765891576e+00,-4.966199910397504524e+00,1.453960240288575956e-01,3.741116945648318426e-01,1.888838274829092723e-01
4.522067068005850565e-01,9.602007024334368035e-01,-4.575060935110163207e+00,9.142818332842865547e-02,2.861102420477855679e-01,1.641783523222022922e-01
-1.534941676963625934e-01,1.341980267117096393e+00,-4.180886724510279429e+00,4.124257837484428257e-02,1.885791027933836350e-01,1.376929867880672953e-01
-1.277303861191005918e-01,2.250996468006464912e+00,-4.062025841852083374e+00,4.992815413157947885e-02,1.583533871250631664e-01,1.350319861046795633e-01
4.573656902715315109e-01,1.729053833204273971e+00,-4.014466168979016203e+00,6.158898743813958493e-02,1.182897196988670907e-01,1.541084217836652115e-01
1.656203884504922286e+00,1.352908940778179137e+00,-4.482405217372170902e+00,8.330907713761133426e-02,2.065613041078258327e-02,1.836834582953032757e-01
1.153292896788448596e+00,1.986916150335415465e-01,-5.233425101694610504e+00,7.321869320119263336e-02,-9.352223441878858290e-02,2.126308860823577229e-01
6.315195013060563856e-01,-3.400871659022401960e-01,-4.963996406089218105e+00,2.649056355311010802e-02,-1.689477554522240965e-01,2.249739310611622023e-01
1.433006755865041670e+00,-1.832187217905085486e-01,-4.987825568028119605e+00,3.057803810508803039e-02,-2.152754808627323768e-01,2.404910096349223148e-01
2.246571332457745207e+00,4.140748236936421245e-01,-5.134725841806977442e+00,6.375437691805577178e-02,-3.081855798164002125e-01,2.626130639823436308e-01
2.010545763918039519e+00,-9.823375008171213452e-01,-5.872769729950407580e+00,7.460016778771327850e-02,-4.044187460615239482e-01,3.077107082867069909e-01
1.467631101669840010e+00,-3.091233816875998963e-01,-6.949726826839018656e+00,9.161232515514516894e-02,-4.580111794396291569e-01,3.316011503852649422e-01
2.078254879225660989e+00,-1.605417352254493668e+00,-7.419831857511187678e+00,1.422685435409224153e-01,-4.551066555110420686e-01,3.968383807348275782e-01
3.242607066905033086e+00,-2.426639922794162185e+00,-7.580274102231340905e+00,1.195598731076433635e-01,-5.155475802271026753e-01,3.882162427386506853e-01
3.490548939819051455e+00,-2.070684247453822735e+00,-7.942894392809856541e+00,1.032091135474370314e-01,-6.132029543373977987e-01,3.630537035592126816e-01
3.423528172572873896e+00,-2.562170341309573107e+00,-8.748656098911940404e+00,8.879896812918484927e-02,-6.840954990859199336e-01,3.568334856011819989e-01
2.529065164195655413e+00,-2.133781637919732965e+00,-8.782311749683350044e+00,5.344283205132207420e-02,-6.938659341739941144e-01,3.252012743823543550e-01
1.809314359905070724e+00,-1.892325263915266564e+00,-8.123412571384001524e+00,4.783399067844964700e-03,-6.483277975611478894e-01,2.836514260810908961e-01
1.852684396062348249e+00,-1.631584357335381874e+00,-7.827228043748709396e+00,8.378732753552895277e-03,-6.153538508133588047e-01,2.654903416317778153e-01
2.314585566824908014e+00,-6.558996044779380474e-02,-7.801326042430735797e+00,3.892159866905045562e-02,-5.962727329368390228e-01,2.441449137982949769e-01
2.125496771360679382e+00,-1.717489824493528827e+00,-7.639535513026556757e+00,3.541988413104676242e-02,-5.873977830188745752e-01,2.589024017412699941e-01
2.150874713324154808e+00,-1.136662458340809145e+00,-7.489776780731952854e+00,3.481369811028065669e-02,-5.708986380432640173e-01,2.633534951990847972e-01
1.271206154264519439e+00,-6.491349860817703377e-01,-6.349646953843921970e+00,5.392549126164403878e-02,-4.851847050507288595e-01,2.824260717582833813e-01
6.584675089602538556e-01,-1.066505819470691563e+00,-5.780019753747597910e+00,5.957139283834413102e-02,-4.706003086696219917e-01,2.769108498349366343e-01
-1.087811041219886921e+00,-3.484739103754451728e-01,-5.295298858354370530e+00,8.421952777375121824e-02,-4.229120720275460488e-01,2.659900386599878264e-01
-1.925427716939630329e+00,2.296912011610942717e+00,-4.717569466377502962e+00,1.912378294942646273e-01,-3.368948237773716770e-01,2.814393986198172604e-01
-1.156398675904909634e+00,-3.054518110061405500e-01,-4.443976949989829173e+00,2.567888593251768103e-01,-2.559790522683636493e-01,3.625429687387684008e-01
-2.869469595709197574e-01,-9.844757224661710993e-01,-4.261533005718241895e+00,2.529221296690925547e-01,-2.944688806884014354e-01,3.938373930380546506e-01
-8.410841780768999465e-01,-8.083206739886914516e-01,-4.073426220394441799e+00,2.890136377720441407e-01,-3.489655136189633300e-01,4.163468808597389215e-01
-1.355411238498436255e-01,-1.993365920979599970e+00,-4.423184579575349495e+00,2.847854655093619569e-01,-4.189274834575844042e-01,4.249106165196667728e-01
-4.631173388730791540e-01,-2.262894570889944834e+00,-4.966005631460562952e+00,2.341093970299074067e-01,-4.833002773058816537e-01,3.912955174171875439e-01
-8.573921913538046224e-01,-2.048262456007510668e+00,-5.069681621824009277e+00,1.978647631049156863e-01,-5.182790514592964248e-01,3.573221739086412385e-01
-8.043221104039979252e-01,-7.454136147893377640e-01,-5.136975726509700912e+00,2.029069605517905550e-01,-5.396382714155975036e-01,3.301524511472495038e-01
-6.009527507166738669e-01,-1.642318722559594990e+00,-5.696717527437078488e+00,2.107354195754200799e-01,-5.579223531372501377e-01,3.371019866177620838e-01
-2.752752913110310118e-01,-9.116801545165057474e-01,-5.922983487183004492e+00,1.985123707072424803e-01,-5.944801672966752992e-01,3.139657312267900569e-01
-1.503611421441212848e+00,-1.337110162665622104e+00,-5.985773778440804271e+00,1.663675720919329248e-01,-5.912846294738703934e-01,3.087447077993291100e-01
-1.005345172491539429e+00,-9.299637130341799063e-01,-5.795363187261171944e+00,1.529789790259842019e-01,-5.774516292557646535e-01,3.040732501133979748e-01
9.992776196147734602e-02,-3.007003129340548031e-01,-6.023298023013899716e+00,1.671911342202296868e-01,-6.355266331876308072e-01,3.139234426076806250e-01
-5.388144553718767771e-01,-1.538797162778260841e+00,-6.496392119492855777e+00,1.705696373916993080e-01,-6.589825063053272869e-01,3.400480949342223336e-01
-4.447705525374821001e-01,-1.770614140628279376e+00,-6.696483413639747084e+00,1.601016208688839648e-01,-6.414585349157153615e-01,3.439195958886941407e-01
-1.355414867761534525e+00,-7.082694813714437432e-01,-6.561662195918502860e+00,1.688699549203402928e-01,-5.857019901088047487e-01,3.410926323619137279e-01
-1.285162115495279700e+00,-1.407657894479159566e+00,-6.085081145650564238e+00,1.745932928133310524e-01,-5.230125228077192601e-01,3.471736791298977165e-01
-5.040586613601798494e-01,-1.479287777149547178e+00,-5.599733680595583074e+00,1.925696549471763996e-01,-4.925884005838919721e-01,3.457204240777809190e-01
-1.109290551909370981e+00,-1.947261441383576708e+00,-5.625888108461139403e+00,1.903943206275149902e-01,-4.667473151806728060e-01,3.533871630021462318e-01
-1.177109895697521669e+00,-2.283260301766149247e+00,-5.134423914510682252e+00,1.759015618977993467e-01,-4.158492480004969405e-01,3.589748528436741415e-01
-8.242578239586028088e-01,-5.954392514047310847e-01,-4.855171313389805121e+00,1.926077301503405226e-01,-3.943872021618486379e-01,3.461855030765478847e-01
-1.089057436504159426e-01,-7.815988286194307522e-01,-5.044252137252779100e+00,2.108068686835059824e-01,-4.266100448782018106e-01,3.497806210573081165e-01
-1.252211080406180344e-01,-1.865470472704707783e+00,-5.447901236059273344e+00,1.745506736061871456e-01,-4.708672394914824588e-01,3.426882352206174209e-01
-1.564482924488979743e+00,-9.545558707083701133e-01,-5.384553989812028263e+00,1.660147950015574414e-01,-4.468586112760933315e-01,3.380444746041562643e-01
-1.938814930461350894e+00,-9.751181012726888309e-01,-5.079492175602811521e+00,1.622948388827759603e-01,-3.662552076708822102e-01,3.459629688642907319e-01
-7.828747355690306442e-01,-2.106439848355031175e-01,-4.519462936761035721e+00,1.826165965416262915e-01,-3.341024425932409558e-01,3.476172770029277714e-01
-1.575605737436546194e-01,-1.332409876744666599e+00,-4.571920316383297767e+00,1.741626304438620432e-01,-3.478399314380109519e-01,3.575710471902578957e-01
-7.600585350118294059e-02,-1.765614105150005608e+00,-4.741786250929207469e+00,1.562086114852352936e-01,-3.605148722948177675e-01,3.674255804429397698e-01
-1.210473637288296489e+00,-6.817292303657089825e-01,-4.470478743932320143e+00,1.489617687426494641e-01,-3.390445318735770819e-01,3.526343402807827765e-01
-9.111528609048368255e-01,-8.164643280166867800e-01,-4.515569743660651447e+00,1.356908487719704348e-01,-3.187438586491683767e-01,3.451492829076178159e-01
-1.224385048782971275e+00,-1.831521288995163754e+00,-4.444905267614590372e+00,1.146861345015860317e-01,-2.659873673371767611e-01,3.426287069643323968e-01
-7.831565752513997003e-01,-2.241201304669546424e-01,-3.524279151658131326e+00,1.261553066641229737e-01,-2.234419463739211187e-01,3.122301496507922658e-01
-1.647076341168729030e+00,-6.539370654953537976e-01,-3.603817335803172206e+00,1.136191137235090381e-01,-2.135477083192196812e-01,3.099403795899429159e-01
-2.118816748292675634e+00,-1.145979594366087345e-02,-3.219603945687897095e+00,1.129613194835331208e-01,-1.623511379088107831e-01,3.045181076276177734e-01
-2.200913014764035669e+00,-2.894246317869782203e-02,-3.017515136632956896e+00,1.110680746116387979e-01,-1.112575218297195967e-01,2.999025499222934821e-01
-2.564715036001455228e+00,4.307493228516194317e-01,-2.512634709410915157e+00,1.221216364399256293e-01,-7.086073932876062187e-02,2.935302637644922608e-01
-3.082004430919966786e+00,6.187204944550936947e-01,-2.292661793477749121e+00,1.299173959497157971e-01,-1.576155268905445744e-02,2.907276291808823521e-01
-2.688548460620279634e+00,9.576915599111786026e-01,-2.381869132810766843e+00,1.330417031390753180e-01,3.922253444966135663e-03,2.940390366921472043e-01
-3.214620749386122966e+00,7.339665406032176431e-01,-2.435180066383994202e+00,1.085394287487605747e-01,5.453833188607914301e-02,2.850243572020236815e-01
-3.038450830556737703e+00,6.557067589716625289e-01,-2.316367632291249201e+00,8.122290350325719888e-02,9.980708210953787018e-02,2.663135922022920599e-01
-2.649712573547933214e+00,1.692604637088448882e+00,-1.865038886502189852e+00,8.548769189595531448e-02,1.251624805732255430e-01,2.467825705793618152e-01
-2.380597021568152005e+00,1.582419782262035612e+00,-1.690430089812658965e+00,7.394951313741431054e-02,1.346618954613148511e-01,2.242284545248347805e-01
-2.915985096223363549e+00,1.917959351095600340e+00,-1.461849335153016627e+00,7.762183802682423583e-02,1.508506315056440117e-01,2.166336509021233314e-01
-3.207564352744658898e+00,1.225517662025130461e+00,-1.494645572686989832e+00,6.426482365143042219e-02,1.859170949877655687e-01,2.207159268979448918e-01
-3.070597639682937086e+00,1.853414356251109396e+00,-1.156670072547302253e+00,5.932728465193284201e-02,2.304500586651554439e-01,2.107122503071203190e-01
-3.102087568369536807e+00,2.551508413807741071e+00,-8.190174103889604762e-01,6.583116376194672603e-02,2.722325641634371629e-01,2.125351383602264999e-01
-2.853868898784861940e+00,2.785518524173963950e+00,-7.724810660297418696e-01,9.874161306824080775e-02,3.134826832521306339e-01,2.527753615944147159e-01
-3.912642594788789729e+00,2.241984646513488943e+00,-1.128905389850968222e+00,1.062996061404896664e-01,3.548033169937214737e-01,2.859091364405064173e-01
-3.926878394321935417e+00,2.271430824112768754e+00,-1.248878093967115577e+00,9.500788166221504905e-02,4.293076528360774136e-01,3.034783213246085576e-01
-4.154131691733493170e+00,2.153261676524041768e+00,-7.794204835937663667e-01,8.503320993924610993e-02,5.189207663221507838e-01,3.264305135195157415e-01
-3.752389272735932479e+00,2.626012497976610849e+00,-3.768663284037170325e-01,7.126718024540881768e-02,5.776312062876142184e-01,3.322730771577626641e-01
-4.391477898104510835e+00,3.087235359754078257e+00,-5.043702740799549389e-02,5.528430298584809111e-02,6.788830143829792663e-01,3.464868589020921319e-01
-5.115178193895394188e+00,3.918758409599940151e+00,5.068600217161097765e-01,7.928877858906162313e-02,7.809545118502815297e-01,3.749205229556171193e-01
-5.665197383618507665e+00,3.770253880325515894e+00,6.435049271985822106e-01,8.603304790579982542e-02,9.089945927862895791e-01,4.126660218050442475e-01
-5.159422802510611916e+00,4.437391455142472907e+00,1.208247838466487201e+00,1.283449459646031354e-01,1.037808409691024503e+00,4.660750876977270973e-01
-3.802615185298451994e+00,3.394151378677085162e+00,1.309367509532674889e+00,1.380186527790936146e-01,1.115482517074868563e+00,5.197490791779958430e-01
-3.646711868609727958e+00,3.088499119306102436e+00,1.581265571914931556e+00,1.427808841023461561e-01,1.162403356824439848e+00,5.640131525770547549e-01
-4.543160816996780760e+00,3.119749940636648677e+00,1.869333289383331209e+00,1.466119038214380443e-01,1.214032686242433767e+00,5.971775981041471670e-01
-4.355384668954663141e+00,3.478941304176783600e+00,2.276282558235193321e+00,1.632906625957904756e-01,1.277002327899880330e+00,6.272438049077312394e-01
-4.477315495618707786e+00,3.579235947271520057e+00,2.230532378633940382e+00,1.798437706679695547e-01,1.331832397243138955e+00,6.483708084810049233e-01
-3.974199093896264134e+00,3.420456102674187537e+00,2.453989371917475459e+00,2.013039538018092378e-01,1.396039979096810546e+00,6.841804052813050818e-01
-2.747985387782565070e+00,2.377247141489069460e+00,2.109222022008776953e+00,2.232604295114795079e-01,1.406127759521997200e+00,7.547805341791157252e-01
-2.998114206926737690e+00,3.168948628779442167e+00,2.337059605903593962e+00,2.448054164639201224e-01,1.394149109069185100e+00,7.904288300841233461e-01
-3.395749611600420437e+00,2.217131074484424147e+00,2.429115815069444295e+00,2.541799318445336908e-01,1.389848802570030184e+00,8.307414238862991240e-01
-3.904389033660663699e+00,2.381848359976124208e+00,2.433159093158063335e+00,2.459608478227472694e-01,1.370034485049239636e+00,8.210838286744632786e-01
-3.808438267634938867e+00,1.621799223088297381e+00,2.429772390019274031e+00,2.022814730716592513e-01,1.358582449139314585e+00,7.926636133936518780e-01
-3.246948595041276420e+00,2.283635918483467808e+00,2.386419458221115342e+00,1.821633614185483308e-01,1.351520981796279441e+00,7.700097662883480520e-01
-2.895113856591204904e+00,3.071887398909257438e+00,2.227430199250499676e+00,2.007154768058754535e-01,1.314927206215316335e+00,7.872286873345687441e-01
-3.565289674361753480e+00,2.503517934516749754e+00,1.678315144255064117e+00,1.798717730386934499e-01,1.255101088842522250e+00,7.772100176903242730e-01
-4.072344445232680243e+00,2.539561453642013245e+00,1.762236616614366813e+00,1.291411620192254583e-01,1.220843611419831332e+00,7.335070191615462587e-01
-4.325196786672900195e+00,2.858823966130182637e+00,1.998064926175452394e+00,1.196265229390527651e-01,1.211175974666963251e+00,7.135113016309422296e-01
-4.448901866934361848e+00,2.993684942764935464e+00,1.790701079348003599e+00,9.772032763876919992e-02,1.198867577843042875e+00,7.003670334193935476e-01
-4.469270782520898599e+00,4.455162244083630263e+00,1.655906173958255234e+00,1.579561146712360198e-01,1.209576420301253119e+00,7.278008589703365283e-01
-3.449072106440907337e+00,3.519922023918669929e+00,1.230783444340225241e+00,2.245100796484868766e-01,1.223039782004621046e+00,7.803912114474714778e-01
-2.461082462811383209e+00,1.293346699370957253e+00,7.131402081548353644e-01,1.979582691528106730e-01,1.193077555359134401e+00,7.876390725723058095e-01
-3.487232134522640248e+00,2.170575248367309751e+00,1.211914202623884940e+00,1.778403997752112942e-01,1.170131945681219809e+00,7.582022551713888392e-01
-4.283541718644104712e+00,2.106397486846073086e+00,1.539077937642525651e+00,1.982730953699735066e-01,1.206002200915218703e+00,7.583695972439713495e-01
-3.809522409913379981e+00,2.000494910894853096e+00,1.412472938270364908e+00,2.045345406174804981e-01,1.197221058097270641e+00,7.390561100469261735e-01
-4.207674083972830381e+00,2.111876029240844055e+00,1.366018670577656025e+00,1.991918120117695257e-01,1.215293969055484258e+00,7.094674300775296594e-01
-2.586941554792777875e+00,2.871559454710553627e+00,1.664292245701723294e+00,2.072367517483633403e-01,1.190802422280715200e+00,6.916224901528623681e-01
-2.616734103483353113e+00,1.181580724244221114e+00,1.109886153322344526e+00,1.676872413833130626e-01,1.113546047034334796e+00,6.676832503276236563e-01
-4.910654887367826404e+00,2.379568683059835710e+00,1.813977982848412163e+00,1.003185966987480970e-01,1.055094433681879940e+00,5.667461489682720233e-01
-4.722512087654189727e+00,2.283878406450482679e+00,1.863029477018051994e+00,8.851146032230129690e-02,1.042047908700397318e+00,5.397456899475264747e-01
-4.534416678823090407e+00,3.308183923995752895e+00,1.936181835049208821e+00,8.434796902920968509e-02,1.021499111618517697e+00,5.067484473651827637e-01
-4.459414368507434112e+00,3.300230196460351539e+00,1.578767647175425504e+00,8.734350492617373729e-02,9.955597139896633641e-01,4.983621680981065727e-01
-4.011204272643328572e+00,2.645118047599427591e+00,1.588436111789225613e+00,1.217668843968581632e-01,1.006127225574903195e+00,5.248215652543362086e-01
-2.704343915208939464e+00,1.203657630357224617e+00,1.110576784281108953e+00,1.119810387138137353e-01,9.378417814343731340e-01,5.228984250570357650e-01
-3.618309980568219064e+00,2.337776450774762260e+00,1.564337160503788127e+00,1.117750949244384479e-01,8.985733682570091752e-01,4.783882038238588263e-01
-4.100766859884591220e+00,2.207950934515895636e+00,1.782759646693270694e+00,1.244158275616096404e-01,8.802096683480993278e-01,4.552486415007971909e-01
-3.723010252690595490e+00,1.317280557657841689e+00,1.187921359085608364e+00,9.725736626506351068e-02,8.336261449751323216e-01,4.275480482672434634e-01
-4.002345162039413928e+00,1.804467396204172180e+00,1.881104469413726665e+00,8.618439354347676162e-02,8.411678629191128298e-01,3.889537798037802641e-01
-2.963514300301104853e+00,2.138744763794716786e+00,1.777554997333083087e+00,9.023067729521115632e-02,7.976705072494220117e-01,3.665637949760268688e-01
-2.749391333748521404e+00,1.193103012864817902e+00,1.302224521129763612e+00,5.190562714226705510e-02,7.289290378756440036e-01,3.301763098782842798e-01
-3.501984171976548321e+00,2.070975205305270350e+00,1.610935760887109547e+00,2.410674877299833277e-02,6.562953821541961386e-01,2.717947716293649396e-01
-3.910446658975825773e+00,1.866440990618545959e+00,1.502308304388867866e+00,2.298961726955928500e-02,6.136624338957756830e-01,2.571979118684946108e-01
-3.846415364596961428e+00,1.715657704247628645e+00,1.510310569448432005e+00,-1.444192199108228908e-02,5.482527784653316028e-01,2.261028700163499883e-01
-3.970493133597460034e+00,2.078805058102892733e+00,1.524033916314502690e+00,-3.114772865173009997e-02,5.050294920362231599e-01,2.043363083023751747e-01
-4.280337058572862396e+00,2.601864203462892267e+00,1.496988702957234407e+00,-2.967368311541421569e-02,4.799832922574984728e-01,1.870885093214306460e-01
-3.940717493310315511e+00,2.463995331310571579e+00,1.479201633054703757e+00,-1.952245696210453199e-02,4.561244108348307402e-01,1.802626991058108585e-01
-4.634076191694108893e+00,1.859684506635387313e+00,1.100172877464457910e+00,-1.785796099165456313e-02,4.513187388721328075e-01,1.850934985802277499e-01
-4.012032804367700045e+00,1.902174676314493107e+00,9.441002368710981196e-01,-9.738900905626591935e-04,4.475327337414397033e-01,1.924509116352465798e-01
-3.884411107297152999e+00,1.521210616488176459e+00,1.099362162803279030e+00,1.289936480311262845e-02,4.617180121806425674e-01,2.041250194223688252e-01
-4.009626875508058852e+00,1.579758054756436270e+00,1.395100113521662077e+00,3.397794625794096912e-02,4.635011004858932693e-01,2.102837297242774739e-01
-3.596380374393430834e+00,1.300614378058256415e+00,9.976213621608697180e-01,4.070592980852198034e-02,4.306728159078406226e-01,2.046708323887092562e-01
-5.411220571000640689e+00,5.097496236719525342e-01,1.133522623605313973e+00,2.733928026573721054e-02,4.496205051094760985e-01,2.004899014223701925e-01
-4.870115764343148079e+00,1.059573312037015214e+00,1.541350171641288513e+00,3.052978049624109277e-02,5.282140052737642755e-01,1.965122270558724293e-01
-4.338352990380455410e+00,1.015057441201998811e+00,9.968540334200426400e-01,3.947893353459457771e-02,5.559103860739031955e-01,2.081813404581386584e-01
-4.274820644700792371e+00,7.864119677189732593e-01,1.002504426264791526e+00,4.111542712226411850e-02,6.077209254890019174e-01,2.348225608706775436e-01
-3.397019951709970620e+00,5.513928643234689009e-01,1.049177681184385591e+00,4.573750423273804239e-02,6.091400712859071920e-01,2.675063410895331950e-01
-4.060568426170986456e+00,9.996127863030441763e-01,9.718902174810104544e-01,1.594380809701966689e-02,5.411417667098050721e-01,2.439071985068794468e-01
-6.959382847200568101e+00,1.914931526001715900e+00,1.786639690922184442e+00,-2.318156724131947843e-02,5.930564821005529508e-01,2.189004224775480401e-01
-5.522356966609503814e+00,2.222580914798471419e+00,1.755198602823887066e+00,-3.764547357960783009e-03,6.436263606989257591e-01,2.341851037885188946e-01
-4.331581594812289993e+00,2.517491768157482657e+00,1.162083232071603467e+00,3.333661305226125193e-02,6.555542598866656023e-01,2.617686732935122218e-01
-4.656007490131064408e+00,2.249935479298386110e+00,7.981443264707885898e-01,9.006585327590269086e-02,7.107189770180739607e-01,3.186113627317322394e-01
-3.204351227950901215e+00,1.258026195471124042e+00,5.911447444273811858e-01,1.138468934793242099e-01,7.330824069911153762e-01,3.639818403876348141e-01
-3.737301109574311386e+00,3.690835214064707714e-01,8.625752794153388470e-01,1.062841401988362661e-01,6.896894209513678708e-01,3.820447647689119153e-01
-4.928516321269126088e+00,1.263881168738688610e-01,1.086610276578779954e+00,1.014871061003650987e-01,6.805536088277008844e-01,3.785442382985780840e-01
-4.821893511791191855e+00,7.807868605573107246e-01,1.338770175543232854e+00,9.275521329447958263e-02,7.035750147054279369e-01,3.562145124729622636e-01
-4.569074156583146085e+00,1.463867365300005385e+00,1.544261274411194096e+00,1.099351544245024404e-01,7.495320327560807128e-01,3.516786899766771168e-01
-3.243484123687866205e+00,8.683484061449723290e-01,9.703451699532854580e-01,1.345659803455075132e-01,7.544832854115968157e-01,3.684594328679345332e-01
-1.865101470927704064e+00,2.037432047189472462e-01,3.637695423061093614e-02,1.388926700157177008e-01,7.008678181738927648e-01,3.803447374317412977e-01
-2.224673076928453508e+00,3.893589577623082776e-01,1.321115190704207354e-01,1.115735382784680541e-01,6.056337117682683013e-01,3.580680949015015435e-01
-3.758612344752084056e+00,3.939987273882167851e-01,2.356391295739050928e-01,5.660603976367273305e-02,5.183805260105072144e-01,3.119544123923801981e-01
-4.790343498698067748e+00,1.396362156546322231e+00,6.034883675957052329e-01,1.308177318066697237e-02,4.831660953421674232e-01,2.605920188644868518e-01
-4.042933413803520004e+00,2.164105052998746448e+00,7.412927570919455311e-01,2.205581417737280739e-02,4.504914859610533173e-01,2.456174756808927606e-01
-2.622225673522567302e+00,2.319414560336136688e+00,-2.646952369751403022e-01,2.146816395024711555e-02,3.603362078985543615e-01,2.214265879702747575e-01
-3.159268186594531347e+00,1.681383709505043234e+00,-5.765989999849649994e-01,1.832968668920003513e-02,3.240731116696937142e-01,2.142152557639902533e-01
-3.135987362852795002e+00,1.724922579887731899e+00,-4.251078483729069379e-01,2.849642076861170006e-02,2.932731193239592193e-01,2.077026282603331997e-01
-3.396196893462261723e+00,1.319034211990994354e+00,-4.904467880968490512e-01,1.040519773303082672e-02,2.608180329198853675e-01,1.906888766787189216e-01
-3.711343993170658884e+00,1.511789450594832829e+00,-4.067608403380160720e-01,-6.175053003491696307e-03,2.425051575902814616e-01,1.669004866870607562e-01
-3.299352922812289535e+00,2.092279658602178571e+00,-5.903390604664708885e-01,1.176768467368311671e-02,2.281801566309617502e-01,1.525275937094853207e-01
-3.023448965307347969e+00,2.228747805201291676e+00,-8.074259133541126232e-01,3.725692001859912117e-02,2.184779436053860269e-01,1.545710320302794705e-01
-2.457883614309769982e+00,1.291635874432463416e+00,-9.851466444705783143e-01,4.404142723994991515e-02,2.021378365419356504e-01,1.575565516621507400e-01
-2.123868794273210625e+00,9.666770087405008871e-01,-1.205207866049849974e+00,3.606749927141791184e-02,1.807399874628547731e-01,1.502300993489829595e-01
-2.235719810102653415e+00,8.803790556950199520e-01,-1.192814436726789884e+00,2.213999477101134816e-02,1.598421915950679617e-01,1.387476797584406008e-01
-3.063654927861830579e+00,1.199494660691699854e+00,-9.330924434973131287e-01,7.769647431465801640e-03,1.352127029924657386e-01,1.196030161400118974e-01
-3.214153327928080728e+00,1.373247946056023627e+00,-1.016313411153803470e+00,1.487339520496631234e-02,1.306697171581064632e-01,1.182496735638326052e-01
-2.785142670927902131e+00,1.423465982709998690e+00,-1.166203107457399968e+00,2.589561692719420660e-02,1.344419559743113002e-01,1.246743440648926532e-01
-2.391494095015175958e+00,1.471419162453119434e+00,-1.096323150212344499e+00,3.362837869052239664e-02,1.347386402536422112e-01,1.299391290046907343e-01
-2.496787479739604354e+00,1.285618024618631061e+00,-1.062732251575650322e+00,4.209174375976657001e-02,1.280058527928308876e-01,1.369929989802552983e-01
-2.432480283974141066e+00,7.644385539512980055e-01,-1.174899272027837727e+00,3.775812528985396377e-02,1.111287640538064642e-01,1.363054223371073514e-01
-2.328547950531273614e+00,6.949408560661534118e-01,-1.315647499062755577e+00,2.017471292952301848e-02,1.035651751398743853e-01,1.224860414726494651e-01
-2.120159526876774336e+00,1.243297326234047651e+00,-1.231377480334950869e+00,1.622964758020901607e-02,8.642649868473048502e-02,1.073770645735784429e-01
-2.280771927436559210e+00,1.439926539303127528e+00,-1.141932655155749154e+00,1.786531982264769752e-02,6.976683339550211749e-02,9.545487712086155041e-02
-2.225271629604078427e+00,1.353416126096778083e+00,-1.084287434184380450e+00,2.700719903676612049e-02,6.562449385958404879e-02,9.065529090243952537e-02
-1.735886495807397178e+00,1.075852307777560801e+00,-1.183198248054988300e+00,3.499790930331368038e-02,5.860683886015082000e-02,8.404167491756696362e-02
-1.725236509091220949e+00,9.589412891883690726e-01,-1.200126077038116579e+00,3.527395244668497104e-02,5.268445746785827694e-02,7.670593832174470161e-02
-1.526997540953372035e+00,9.529144669667641843e-01,-1.163579017941936078e+00,3.461027625733853474e-02,4.967614162322212673e-02,6.967721930065913505e-02
-1.364719495751957057e+00,1.119555336957398062e+00,-1.162274944183552039e+00,3.770207133771158459e-02,4.419801024734944933e-02,6.368734229492029053e-02
-1.317211221987186320e+00,1.089211362263090344e+00,-1.066382575310168113e+00,4.724152283532496305e-02,3.543485772342638146e-02,6.432981247786014045e-02
-1.048778931219047195e+00,7.435772352740878111e-01,-9.849523008139440261e-01,3.908022587426267930e-02,2.563377791186088883e-02,5.915174142499243087e-02
-1.033495285348842607e+00,6.030667097905446639e-01,-1.079135881149738685e+00,2.550761027770747855e-02,2.707649721721947650e-02,4.947300400319656205e-02
-1.046646403292808669e+00,1.045029458956571622e+00,-9.099239431586807481e-01,3.219709870504004756e-02,3.275448295834260115e-02,4.336073137834553504e-02
-7.096599108792828181e-01,1.073140289308338158e+00,-7.164751324851315051e-01,3.819013673695586392e-02,3.348942341116900590e-02,4.315177042698636195e-02
-7.815417671526295740e-01,9.886666207248602234e-01,-4.721818406527023004e-01,4.049171976409050855e-02,3.083651157707200524e-02,4.780937971469768205e-02
-9.314823759652610669e-01,1.332766257092569573e+00,3.238364623788514418e-01,5.655577653548722605e-02,2.098717974003584674e-02,4.537720114403664268e-02
-1.666823263476368222e+00,-1.641653583165735841e-01,-8.049583188274755940e-03,4.387519037988186349e-02,4.645645190756411864e-03,4.978714902497149986e-02
-1.685795426638900807e+00,2.704434700869812191e-01,1.869127793689041583e-01,3.637094490907865491e-02,2.849144248092215503e-02,4.037259021733922287e-02
-1.462327384162458443e+00,5.721764058675364861e-01,4.676324879953691616e-01,2.527203537409665468e-02,4.525012586295773520e-02,2.722736908123606081e-02
-1.218280306298839433e+00,9.548681284273811132e-01,4.613113097092933490e-01,1.091363794174836366e-02,3.915273151397127144e-02,1.731435972101674770e-02
-1.199886044442053157e+00,1.470749576198775221e+00,3.627683950956097636e-01,1.225419418069528116e-02,3.943215725936269345e-02,1.503820245633454011e-02
-7.718875276367520577e-01,1.411657776239760187e+00,2.402048885778442777e-01,2.013658380458194230e-02,4.563773221762822824e-02,2.309584780282583627e-02
-8.091275697597897221e-01,1.175869208674998223e+00,3.366118523634528126e-01,2.854656686294358356e-02,4.865711051622469835e-02,3.701942159310687985e-02
-8.888534260727625202e-01,9.763537601734416649e-01,2.971900150149784370e-01,2.924694741792253222e-02,4.683572505945106379e-02,4.642540155183897538e-02
-1.358026556804852181e+00,1.013941659686609986e+00,3.912115395300690412e-01,2.329031731304231911e-02,5.738223726854849160e-02,4.856585228736320925e-02
-1.179491127946904694e+00,1.069281701539068763e+00,3.059760639504897073e-01,1.465647375565108136e-02,6.436874013137493244e-02,4.249074169801001638e-02
-1.171629738563250811e+00,1.253672404069044344e+00,2.704824715277425184e-01,1.039856846179226108e-02,6.515930640190419065e-02,3.935906791722247611e-02
-1.128265805606224692e+00,1.413900141137120148e+00,2.248843664575326251e-01,8.347789161859653709e-03,5.452640937267954485e-02,3.851033914993921836e-02
-1.486702578167241606e+00,1.611981611135788306e+00,3.557418444575863870e-01,1.200412957563236696e-02,4.280347295226574061e-02,4.114939316130439978e-02
-1.880423422529017063e+00,1.269709317150550687e+00,4.972629811375081088e-01,2.608421622773168108e-02,3.490627724944057875e-02,5.615826472523846591e-02
-1.986410912470765178e+00,9.759223111299527575e-01,3.693989967162231158e-01,2.121809821504291177e-02,2.943785185186244269e-02,6.255434925514929967e-02
-1.915831853008326924e+00,7.580218744075685189e-01,2.467305254896284827e-01,6.131265573235391772e-03,2.137027145070138565e-02,5.657991614218660370e-02
-2.302005023840950404e+00,1.112988442388871180e+00,4.036503923158009099e-01,-9.586801595905976303e-03,1.271386471340196084e-02,3.808192993325997672e-02
-2.585107203701787704e+00,1.532909755366197002e+00,6.787914595802376772e-01,-1.008718513683824758e-02,1.068966162955115734e-02,3.240262229207254568e-02
-2.356886254457201790e+00,1.605084168328100080e+00,9.808170742396052910e-01,6.360513922547677071e-03,2.442122619024733599e-02,3.133139037884579564e-02
-2.105319126523836903e+00,1.222349362660144934e+00,8.074581213308992256e-01,2.094198806225845352e-02,3.013461832524499950e-02,3.827878884553966021e-02
-2.195795331000779171e+00,1.034615133215582627e+00,9.658577542260291526e-01,4.261596546875377756e-02,5.946667245126303208e-02,5.122619673144304664e-02
-1.597393242633977417e+00,3.163271606558778481e-01,6.298994586760555681e-01,5.048320335978338791e-02,8.831908435697129189e-02,6.893161134365398401e-02
-8.689561392351414781e-01,2.663658038726886557e-01,4.337326395207961038e-01,5.609169306389798215e-02,1.185770427450339587e-01,7.432796750618513026e-02
1.594153953942679947e-01,4.611500565521889361e-01,2.115677419747926669e-01,7.272006740718232887e-02,1.528837242960691400e-01,8.329854664315108903e-02
7.365728645630545968e-01,2.449353274699896388e-01,-2.568901231329492330e-01,8.486940024594508136e-02,1.556079523384661933e-01,9.307875979907788422e-02
7.490542668222588407e-01,1.991778029616982776e-02,-6.423197728640130943e-01,9.205220999322800968e-02,1.593239370946424593e-01,1.010337840227685802e-01
1.004299840113312747e+00,-2.716520224395563843e-01,-8.559162514293261470e-01,8.719675726816004946e-02,1.606909808070657308e-01,1.033709711980634327e-01
9.541850914495693115e-01,-1.000975530029927923e-01,-8.249185212681948709e-01,7.675045573339485394e-02,1.539517528316175499e-01,9.765328199218477334e-02
5.002025154006597418e-01,2.015690998517528087e-01,-5.596424810610209910e-01,5.053737245752967788e-02,1.233625101756024856e-01,8.453246795170298034e-02
-3.335059127268980017e-02,5.012190767129087732e-01,-3.186540647460467390e-01,3.735504007556630229e-02,1.124503188805807685e-01,7.546245061196972526e-02
-4.097915492894840250e-01,7.830614690097866815e-01,-1.650883468889730032e-01,2.618570762451669434e-02,1.031416245835044959e-01,6.721710113601410408e-02
-7.461758612970077476e-01,1.028830200238915804e+00,-4.061067459950384873e-02,1.949754966489803190e-02,9.300923622857114326e-02,5.794025653644178930e-02
-1.065393113580852535e+00,1.251288983955225920e+00,8.284855653054412628e-02,2.015829850281369851e-02,8.157787611163230812e-02,5.031860726760203212e-02
-1.715084647286725383e+00,1.310713418356585613e+00,2.409727493474012050e-02,2.209575053918350421e-02,4.824540050437303024e-02,3.885524388911584109e-02
-2.005499609648966786e+00,1.077794590965010624e+00,1.691440051849069093e-03,1.838493486601684018e-02,3.773595005729987045e-02,3.165627950953098929e-02
-2.226682379885242646e+00,1.051564498281587490e+00,-1.836701494234660448e-01,1.181729987237208589e-02,2.681044126742427799e-02,2.331203416472167958e-02
-2.493308870796343779e+00,9.903842662738211455e-01,-3.111866268581766626e-01,-4.421934305455900785e-05,2.648806129516877161e-02,1.540614022689694787e-02
-2.104499371182070977e+00,1.479971986635852055e+00,-2.504516394087743514e-01,-1.686360770254884860e-03,3.297459919774187870e-02,9.387940588653153132e-03
-2.184876926517550721e+00,1.497900302755656776e+00,4.277793083374008543e-01,7.648317250600543751e-03,7.212912510871427596e-02,1.498929981658867275e-02
-1.660147357909718568e+00,1.419083825448225866e+00,3.444907511732873129e-01,1.730831317456253682e-02,7.224657763993461157e-02,1.795817314029167153e-02
-1.938393388177674481e+00,1.235630308608820283e+00,4.513150720854766096e-01,2.409549820634582923e-02,9.015753990424434094e-02,2.450647939925545277e-02
-1.051194084405626450e+00,1.069025226574046972e+00,2.993956641299015953e-01,2.948659465681694597e-02,9.412660902017534748e-02,2.918022906231883262e-02
-7.328621773645033199e-01,9.826284299582823678e-01,5.182187593442389995e-01,3.085584301589715597e-02,9.639433171653385979e-02,3.024957146140815067e-02
-9.118192723168109248e-01,9.390542893137410196e-01,4.304003837662010445e-01,2.712810347871448882e-02,8.279998281241980618e-02,2.376740743285400345e-02
-7.179550372793199742e-01,9.565577297280800639e-01,5.135231172683845102e-01,2.576125668830578710e-02,7.881001803532253214e-02,2.034282795480481590e-02
-7.298541607193188563e-01,8.669468623022336118e-01,5.803402159897331769e-01,2.296604983398094213e-02,7.203890680406138669e-02,1.784481024145836286e-02
-7.291099638478848455e-01,9.294643368955750606e-01,5.729332413709254945e-01,1.673034242600566698e-02,6.614199346544961944e-02,1.281771883493203548e-02
-9.600316799257023748e-01,1.050775167863018389e+00,6.119688035736048359e-01,7.661973913933412331e-03,6.428120966542325010e-02,8.167194944530324630e-03
-8.739185179925834657e-01,1.361575776226243040e+00,8.689555276255102045e-01,-3.012407791630222244e-04,7.227422502346285416e-02,7.520930213966907450e-04
-6.709521379701650634e-01,1.544464272066576882e+00,8.531868265091799852e-01,2.172729072692319158e-03,7.140175583756770694e-02,-2.433566679745313710e-03
-8.887566342207646741e-01,1.457929912875956635e+00,7.952159772244242752e-01,2.339416709221395566e-04,6.554182176633084611e-02,-3.588754904580073596e-03
-1.124445806449532181e+00,1.596555911271137385e+00,8.579490559988216525e-01,5.412778562505687029e-03,6.505594664833960761e-02,-4.881120735315946230e-03
-1.293703715420734479e+00,1.378849025498895209e+00,8.152831425353695982e-01,7.035612398327537736e-03,6.855573282276489211e-02,-2.449121312699132930e-03
-1.215104004414303773e+00,1.244550457411727429e+00,9.587972466255709758e-01,1.628212191266860745e-02,8.244732340437040119e-02,2.478163175084836627e-03
-1.247433250712744357e+00,1.158275419680310447e+00,1.035988008373272651e+00,1.507960739169131835e-02,9.980779548718343719e-02,3.249082827660973102e-03
-1.031551751007473650e+00,1.088298865399793369e+00,8.673492306142314145e-01,1.132174575370663121e-02,9.485067168730484943e-02,-5.334473886787365927e-04
-9.279681423726447997e-01,1.391280371394149062e+00,6.265548292830530608e-01,1.445589373933586254e-02,9.620623744246406539e-02,-6.970525965562824125e-03
-1.185362455047342278e+00,1.332809079727993451e+00,5.325549448889679294e-01,2.660100791243488749e-02,1.220304411203415873e-01,-8.679447934311327814e-03
-6.811643014696412424e-01,1.374139687357123663e+00,9.365073023614196579e-01,4.516967904040103399e-02,1.402247325673945944e-01,-9.470890103398292570e-03
-2.605865319788225332e-01,6.731851466703281384e-01,1.116858635188711313e+00,4.653912663517864590e-02,1.487177112014372304e-01,-2.696448972048045081e-03
-5.977899773648154280e-01,7.884826542387940451e-01,1.442456389574673148e+00,5.117827315292540480e-02,1.610089384484895414e-01,-4.137769942213037969e-03
-3.896105701032114843e-01,6.276560988130199803e-01,1.095925617262159202e+00,5.582047790336325255e-02,1.550469280445780085e-01,-1.182588525993154976e-02
-1.364896083508634894e-01,-5.017812419301405091e-01,1.026268742651897714e+00,4.333552180899576112e-02,1.460775084482334729e-01,-8.809608477960105544e-03
-2.612664069167960346e-01,1.457685739596233099e-01,1.417711692622795061e+00,5.956805292847392602e-02,1.630174007841750095e-01,-1.620815813567960326e-02
1.006835481858491498e-02,1.943890974460092402e-01,1.223550805134562269e+00,6.025628385454521313e-02,1.482588864305622312e-01,-2.140105557242174411e-02
-2.536075895010830306e-01,-3.198415463216442434e-01,1.138189746825666315e+00,4.225284639702418799e-02,1.394046326738944130e-01,-1.548539823354652158e-02
-3.803330808860723722e-01,3.097387563596552540e-01,1.335890796695300420e+00,5.762961039774189276e-02,1.396340653475829086e-01,-2.166252560457648454e-02
-3.952464090005348152e-01,-2.790598862088340334e-02,1.094504267502896200e+00,6.483551181779577399e-02,1.062833806399853392e-01,-1.464206029602094054e-02
-8.140546372226781235e-01,9.013610330183774444e-01,7.723360831128697201e-01,6.384663193242320900e-02,6.652278167793733432e-02,-1.285046250478697263e-02
-1.287271227717382782e+00,-8.838630051077439598e-01,7.513421256902548251e-01,2.560000808306944764e-02,5.443567262679947782e-02,4.532532671108593751e-03
-1.264674734188980798e+00,5.836719811187683904e-01,1.153905908004505987e+00,4.198835311218788308e-02,6.031173215490490125e-02,1.321731699197201473e-03
-1.222872970260492798e+00,6.372330042937234262e-01,8.684800670250725219e-01,2.591463190187814208e-02,4.818581700785382754e-02,2.135549924606116971e-03
-1.236788376641704712e+00,9.745546045274042779e-01,1.056482294037810910e+00,2.143749691173399419e-02,4.867758345810973414e-02,4.235845659739815097e-04
-1.287272461398896395e+00,1.105819624119547928e+00,9.844306098485089418e-01,1.957155442928327355e-02,4.798965383811978208e-02,2.884432231478706136e-03
-9.781502946546719590e-01,1.161461509685228988e+00,1.006015667153570270e+00,2.278273084241403540e-02,4.603792919329945110e-02,4.815808365875983571e-03
-1.415203917745207818e+00,1.159365965556493849e+00,1.005512735605865959e+00,2.575622543562033559e-02,3.762921133739446922e-02,1.079010987538625913e-02
-1.516538107602755758e+00,1.064379436956951697e+00,8.917919208817970400e-01,2.582076993422409428e-02,3.090036901728537150e-02,1.158070712979245194e-02
-1.779990950365591962e+00,9.693433417069365898e-01,7.855158065720566629e-01,2.348308249752481189e-02,2.959635656177737884e-02,1.206269914520338715e-02
-1.679981081224581674e+00,1.047329472103990744e+00,8.927275979250051119e-01,2.137452757781402313e-02,3.136983731134854181e-02,7.596811048716687123e-03
-1.577725298324897718e+00,9.861345396797087659e-01,8.554566398847958109e-01,2.210730938382591756e-02,2.812744850607201003e-02,5.246033179878682035e-03
-1.669535355071276816e+00,8.930674907211871849e-01,9.171579273133859678e-01,2.469903834321310679e-02,3.038728234299602204e-02,4.959818301054078754e-03
-1.648747722655945047e+00,7.370711860150140904e-01,9.437386510939113071e-01,2.265911189791012040e-02,3.279572041238899144e-02,5.689100921394860469e-03
-1.700717915462347518e+00,8.557798360864107279e-01,9.169048326385842440e-01,1.506225895926222025e-02,3.382063429733166149e-02,4.719134595352620330e-03
-1.850686851259355281e+00,1.214800873419545457e+00,9.819581484915040903e-01,1.566513663744601575e-02,3.171368894217072021e-02,2.460355192002236166e-03
-1.719074469926474391e+00,1.135309829710405394e+00,8.393557776942395243e-01,1.467444773295534417e-02,2.718474480194020548e-02,1.455508819311686526e-03
-1.772251728725034337e+00,1.114888559841033411e+00,8.201417632667316049e-01,1.433231433230509194e-02,2.675562721088066420e-02,1.547155999632012294e-03
-1.724750320416357674e+00,1.133543200086080560e+00,7.916308310399839954e-01,1.617524916251554534e-02,2.645497524823328672e-02,8.693352098279082465e-04
-1.856224957720187252e+00,1.062524046499413677e+00,7.048791644454338590e-01,1.555828917296160976e-02,2.593332271589071647e-02,6.350567834425141500e-04
-1.980621839500919856e+00,1.085953791970197368e+00,6.879250321884291530e-01,1.675030040169566206e-02,2.644518456748996132e-02,8.691689468227816601e-05
-1.995786614499995393e+00,1.064501505129161529e+00,6.892176548716006934e-01,1.560339312202156485e-02,2.573908420510363781e-02,-1.234516278432491211e-03
-1.861654309149597397e+00,1.043423259110174195e+00,6.680016812846152341e-01,1.304281958854167436e-02,2.444316984471333123e-02,-6.167637268614501421e-04
-1.865100156257814890e+00,1.088314108569963690e+00,7.682811611686184428e-01,1.376044064878422131e-02,2.432526037257919452e-02,-2.267513088724162212e-04
-1.959620421791894884e+00,1.056535728067777180e+00,8.165634668463999102e-01,1.581563713528921777e-02,2.382648484096453606e-02,-1.299872055681137312e-03
-2.077663908072692855e+00,1.127595196457472637e+00,9.624777711542780168e-01,1.958482449455928309e-02,2.486880873932783773e-02,-1.189286478111187262e-03
-1.955462675513996329e+00,9.074487882488133650e-01,8.707195578325450658e-01,2.180894659588635334e-02,2.221088189923995163e-02,-7.443732208146083482e-04
-1.945703713095713772e+00,9.252120456982197982e-01,9.054193359721303125e-01,2.162877701165293043e-02,2.361612032917121545e-02,6.276631482577538224e-04
-1.959402269286801390e+00,8.768608402204201013e-01,8.745299010865374978e-01,2.122327683436329299e-02,2.263274856443141594e-02,1.438762021577596160e-03
-1.830150186718860539e+00,9.223079464800443272e-01,8.919813596393348920e-01,1.666077722125895721e-02,2.523949615119114309e-02,1.816893666250576390e-03
-1.873141798307638606e+00,1.044975298203322689e+00,9.587969872654193981e-01,1.430233297424111753e-02,2.479483855220517008e-02,1.863069176252488482e-03
-1.811200532558756127e+00,1.035820091672446042e+00,8.976455968344563274e-01,1.299211664688951218e-02,2.354507352070902421e-02,8.094860516483773014e-04
-1.846185126409940924e+00,1.069713997062474498e+00,8.408997993612803423e-01,1.243854189227291442e-02,2.209461105880469733e-02,-3.553463589284276518e-04
-1.994633797036267975e+00,1.147712301070673346e+00,8.686887252586471542e-01,1.378518207563966466e-02,2.254536655422641894e-02,-2.092238639933860847e-04
-2.038751750220155756e+00,1.083043537775562060e+00,8.180903687825482606e-01,1.143785068775060414e-02,1.909636510292821859e-02,5.103642659261969916e-05
-2.139971069570836271e+00,1.200113018617915639e+00,9.152491559430750989e-01,1.260190849306040174e-02,1.946359140468155446e-02,4.724168360597377422e-04
-2.065411963918106331e+00,1.063195368141364394e+00,9.302821405462279314e-01,1.238693041028012497e-02,2.113079220926004920e-02,2.603065108851544424e-03
-1.815903508655835052e+00,1.208867288505434345e+00,9.240199128813582075e-01,1.702645323575679992e-02,2.403826839096556353e-02,2.110182311254022933e-03
-1.619674633937195019e+00,1.127432151479452305e+00,8.957170090778605598e-01,2.196700127260303378e-02,2.200612031559811416e-02,1.724057019717969638e-03
-1.748677119736651742e+00,8.782797973413071224e-01,9.362265669813316649e-01,2.154900165574025889e-02,2.460567417227901149e-02,5.356005767411225332e-03
-1.802715217910026535e+00,8.793155777778498550e-01,9.753845044169995315e-01,2.335695551253813562e-02,2.590520206011572013e-02,5.648372560395252366e-03
-1.772112642012066530e+00,7.582054278642107459e-01,9.102351277240001703e-01,2.097440707854421327e-02,2.534670891501404622e-02,5.943149738815959801e-03
-1.722076882454401048e+00,8.367540970709708148e-01,8.718114568727892699e-01,1.771600119065745021e-02,2.504684235160865857e-02,4.250609355048249292e-03
-1.641517926408026407e+00,9.378799473574367385e-01,8.344305244257286258e-01,1.637499562750002399e-02,2.509262085819672500e-02,1.982122156753252963e-03
-1.527364836389479619e+00,9.605558749116259731e-01,8.784341570312890202e-01,2.097766454027318039e-02,2.992730188382564105e-02,2.856889527255109841e-03
-1.445009489293539007e+00,9.029212150337639908e-01,8.753048642007219549e-01,2.156022112942684171e-02,2.998263376363637794e-02,3.048467393613082249e-03
-1.612806525732338070e+00,8.783798562060548543e-01,8.869722818475642701e-01,2.055966015839670591e-02,2.816246957798280298e-02,4.385230063140021367e-03
-1.582569145711393732e+00,7.853897074898167352e-01,7.708427762435605679e-01,1.857427806868571299e-02,2.286925683829652695e-02,5.852132879997043458e-03
-1.655001755824461407e+00,9.883072617096367862e-01,7.637951748285414233e-01,1.615961635437873287e-02,2.330140357352523256e-02,3.882651324613159254e-03
-1.598785020303108650e+00,1.021818165809875500e+00,7.612131512601250094e-01,1.782500810311874601e-02,2.544759460330064602e-02,4.541659647530496210e-03
-1.519934721415042045e+00,8.527258890278197612e-01,6.388050249363232957e-01,1.688461705044672079e-02,2.611912997761170821e-02,7.776302121626181910e-03
-1.535463621654770572e+00,1.001574122328545258e+00,5.468943100767686971e-01,1.790074801541658572e-02,2.426962503717574465e-02,8.107426591109766212e-03
-1.502529719265123020e+00,1.245125736158982921e+00,4.815631816842309565e-01,2.471798564231136169e-02,1.395464118865783615e-02,1.114254416189387406e-02
-1.715124121834246562e+00,8.608497741986195217e-01,5.618264158136268005e-01,2.042174961999762908e-02,1.647676729990946859e-02,1.598094592921816409e-02
-1.724460017987863969e+00,9.851402684408284705e-01,4.746146789167329239e-01,2.213354688429122752e-02,2.035055134507679844e-02,1.815373388664484611e-02
-1.517803807582425835e+00,9.042438421602881915e-01,4.498209562990889143e-01,2.240389156993995851e-02,1.704279116783454298e-02,2.176880759430306275e-02
-2.031772064720559712e+00,1.077855546044930612e+00,7.979743833827672717e-01,3.115413057521321943e-02,2.931798915888642054e-02,1.819745946799577671e-02
-1.424381464404939512e+00,9.270966211830867776e-01,6.357410622289432212e-01,3.243294217385570694e-02,2.325394394709344448e-02,1.845396530325162099e-02
-1.510472908830647221e+00,7.135898371112028293e-01,7.367537904561639595e-01,2.707634551193399339e-02,1.330792162025649927e-02,1.750884951083054447e-02
-1.833738410077099701e+00,7.916658540557943713e-01,6.870999020667568624e-01,1.953554524472931458e-02,6.030096472824502188e-03,1.382013404810487553e-02
-2.115877113594523351e+00,1.000530593257047407e+00,8.894672887295433927e-01,1.533556808148843487e-02,3.909828881804751355e-04,1.153040407342075316e-02
-1.912968052177025147e+00,8.329548838994430549e-01,5.439873617362898095e-01,1.626629341888241251e-02,1.013071807117635684e-03,1.241089810312535555e-02
-2.500546055579618621e+00,8.933996788846783055e-01,1.006216973477298549e+00,1.650594253274632189e-02,-6.666033538574388240e-03,1.186981968931299231e-02
-2.495282556215144609e+00,7.619859034766108818e-01,9.320125112982405868e-01,7.171832443094669843e-03,-8.622985584706721954e-03,1.019462251936150213e-02
-2.699414102693853401e+00,1.097723483583881166e+00,6.866663859831496630e-01,2.011592161406046929e-03,-1.248042172685886152e-02,8.284069582776132715e-03
-2.459940641920581594e+00,1.274803676588500023e+00,9.413105239140443503e-01,4.947138433984902932e-03,-4.822383950312149684e-03,5.536930871884662361e-03
-2.884842626936148235e+00,1.491153192362643098e+00,1.043817670812248632e+00,2.595837624123318449e-02,7.461817700504318543e-03,1.544892551281146394e-02
-2.286407100991034724e+00,9.973684690902998584e-01,9.183902116624472756e-01,3.839298276557792655e-02,-1.712231787942259872e-03,2.480408550215895680e-02
-2.384432223822550156e+00,2.709665116927174600e-01,1.109619071250560474e+00,4.317228301968056847e-02,8.647785315442964998e-04,3.840218329864557301e-02
-2.519846088798691319e+00,4.005337733588123506e-01,1.165737243162441317e+00,3.950450486173806564e-02,-7.298483541441851130e-03,3.881828251570833971e-02
-2.936913884628653548e+00,3.539229830568547674e-01,1.043795870876593312e+00,2.380588353492910439e-02,-1.362525198784871917e-02,3.656747027978601849e-02
-3.554897014252803356e+00,1.350170274122922009e+00,1.012955565581052930e+00,3.302185816745496771e-02,-9.354585279294277272e-04,3.289567486390533591e-02
-2.030072800940130762e+00,7.285623486550192318e-01,6.805569652395571101e-01,4.247425327407696599e-02,4.387143351462603411e-03,3.942856258878957992e-02
-2.006010943685113013e+00,6.835407832269392581e-02,4.322785647786859808e-01,5.700530541979695331e-02,2.779422557460948205e-03,4.988182471494872344e-02
-1.766245576482525781e+00,1.410975171167657694e-01,3.922284463900476137e-01,5.297855358339191578e-02,4.610041127224342658e-03,4.055257885174191196e-02
-1.809378546197650817e+00,3.749584771942864048e-02,6.539721479343625354e-01,5.666898352918740139e-02,5.478969159656419362e-03,4.021256233129387458e-02
-2.157930210898411083e+00,-2.868260933277327340e-01,8.268470444873889935e-01,5.722258419880620062e-02,3.800745522733020403e-03,4.288247657559653842e-02
-1.971602017281587349e+00,-2.463172265811447437e-01,7.470360012069752198e-01,4.304963307557559821e-02,1.236616451902155731e-03,3.443078530302414592e-02
-1.748539578844756415e+00,1.827939449209982081e-01,8.021074578115894305e-01,4.315638453297213767e-02,-1.665563022770668450e-02,2.389191367086734852e-02
-1.906747067206364443e+00,2.061311062359937607e-01,5.323633495846356034e-01,3.402042785930660396e-02,-3.759851428152884839e-02,1.737427705864896810e-02
-2.613790272560417627e+00,-2.608178618298395146e-01,6.438381153394112655e-01,3.229336228645126455e-02,-2.686710860474090384e-02,2.880810899724135093e-02
-2.313097584380451543e+00,-2.590939019223908457e-01,7.662455194314516937e-01,2.148841591243863536e-02,-4.521915086311056181e-02,3.011745109127309666e-02
-1.788639266130115590e+00,-9.178630282779294547e-02,5.527663803593588776e-01,1.836575927367161201e-02,-4.058886946938160267e-02,2.807410360575824868e-02
-2.419961913791554675e+00,-5.493474628757624156e-01,7.215906775945735152e-01,2.738709477851358765e-02,-3.392856894449556432e-02,4.417796981594955541e-02
-1.897957148884571232e+00,-2.861138872822986956e-01,5.443413711289279977e-01,1.167866071959480952e-02,-5.449962654367859760e-02,3.526084552275139672e-02
-2.437617392529949800e+00,1.619872703608918052e-01,6.034598340267190997e-01,7.640197554489042836e-03,-7.235818049898157245e-02,2.646503198519756933e-02
-2.878054198300489475e+00,1.223980352511370578e-01,7.955163523856356722e-01,1.236832889155307924e-02,-6.525089227090383193e-02,3.215012790413593335e-02
-2.434746774176995032e+00,-4.026754756493851617e-01,5.884451764037483823e-01,6.740950892424234231e-03,-6.170094381077020212e-02,3.965661879757473307e-02
-2.377551630559732843e+00,-2.830345137963603819e-02,5.508449483895909715e-01,-1.205793828642626447e-03,-4.712299092492643060e-02,3.758664142482743414e-02
-2.256558107254183376e+00,3.255103861207772620e-01,4.372717774337468999e-01,4.386687151924063832e-03,-4.077603046953540145e-02,3.589723239412104250e-02
-2.404264084273273205e+00,3.752278611077581871e-01,4.595434677805256829e-01,1.218670863859448554e-02,-3.084178157142912838e-02,3.750319933911359233e-02
-2.075540506409060626e+00,3.417517649423928439e-01,4.143817787267821684e-01,2.376678312078399705e-02,-1.536153995259534853e-02,4.270047343450740496e-02
-1.747568847242293888e+00,-4.552166365778412271e-02,2.023146948656930899e-01,2.415613734230757231e-02,-7.020639752114324339e-03,4.763192979038150671e-02
-1.669803646955740906e+00,-3.900074906385029433e-02,3.269601511254246473e-01,2.032222034694675800e-02,-9.476592533745527638e-03,4.207748460852677591e-02
-1.819160969726287380e+00,-2.445701141887509644e-01,3.209493729194046185e-01,1.999508015849888951e-02,-1.271133178738347892e-02,4.235753161276700762e-02
-2.112054513810912582e+00,-3.830921933835341742e-01,2.929864250287380623e-01,6.440884332417282955e-03,-1.827278820841873874e-02,3.809078928871693220e-02
-2.527272370898364429e+00,2.988807176664540211e-01,4.355140796059676633e-01,2.480034718686410615e-03,-1.694532458571874553e-02,2.547742543259578704e-02
-2.720725596818983849e+00,5.269029107571728821e-01,4.005248575594353433e-01,3.301049890677582813e-03,-9.702496311518598801e-03,1.991051748768085661e-02
-2.425371057025981436e+00,7.441547325169064475e-01,2.533326462964547998e-01,1.117371638554936000e-02,-3.300192492750290627e-03,1.111382468288583426e-02
-2.404350458019005821e+00,7.958601060691038453e-01,2.718245806227400641e-01,1.440198235948852643e-02,-2.022197182784696984e-04,4.807675137109580603e-03
-2.350597880747018031e+00,8.694344110796305980e-01,3.141870823871640850e-01,1.932648005365985439e-02,-6.765026317018477814e-04,3.202796661729666663e-03
-2.593508266131093976e+00,1.008751758172588886e+00,4.414771057804314225e-01,2.977044086328862679e-02,9.513860561163912932e-03,6.246547045845212039e-03
-2.069759387660087047e+00,5.930014886807716268e-01,1.242981537423490934e-01,3.512490945345630305e-02,1.364227748785553675e-02,1.529132298565531733e-02
-1.640554225938042787e+00,3.649518354731973724e-01,7.381325343246625259e-02,2.563276031843391908e-02,2.108489362860581015e-02,1.506469393458349793e-02
-1.444148594877951775e+00,7.932105010037301396e-01,-5.009569028233173960e-02,1.941532800183538854e-02,1.283617919079742611e-02,4.958050456948038739e-03
-1.815670055296788377e+00,9.155060802358501171e-01,4.270112521339626266e-01,2.079948071097946841e-02,1.962470840189777660e-02,9.909702544898292553e-04
-1.907940136604439063e+00,1.040418183185619405e+00,4.757994387638728728e-01,2.248891207962863334e-02,1.317868788537928174e-02,-3.665301852409739297e-04
-2.044160608457867401e+00,8.692551397612436892e-01,4.584068129882510334e-01,2.395058202092738286e-02,1.266053938232100835e-02,1.410091796431043980e-03
-1.982271851783820482e+00,8.687453507233031669e-01,4.808980920754698518e-01,2.237776273619488526e-02,1.403241801327709606e-02,2.202686054791616263e-03
-1.868907101003304483e+00,6.499238511919352979e-01,3.413491896164737582e-01,1.496751625610690493e-02,1.663482148404707081e-02,1.940928258690841068e-03
-1.872348279472806798e+00,1.017112543448033257e+00,4.743504089248116173e-01,1.300877329768496821e-02,1.988870313691207606e-02,-2.053581079530861567e-03
-1.667699121274193397e+00,8.496699487065265677e-01,5.573181965309845776e-01,9.933029872219858308e-03,1.833737375925056576e-02,-1.403664262446310340e-03
-1.872128031738176768e+00,9.124142607535928873e-01,7.330440636300652457e-01,9.327725679582480819e-03,2.645184627490491241e-02,-5.120822219171275447e-03
-1.463687080522338757e+00,9.276540459201579880e-01,5.526331233073455973e-01,9.118746373151772125e-03,1.805435083637784571e-02,-5.578965118176843277e-03
-1.701174219227042039e+00,1.189251849225749558e+00,5.748754794770932763e-01,8.320455332960349434e-03,1.788000788381858067e-02,-8.150472892070419889e-03
-1.591981843417815234e+00,1.029467090643981564e+00,6.751382070477109920e-01,3.432934190268240298e-03,1.738683501280840343e-02,-8.785170016268172705e-03
-1.463059449759265496e+00,1.137021940367375583e+00,6.687117012446782693e-01,4.054766034717808068e-03,1.272070750260657392e-02,-1.032097762315803413e-02
-1.716131957086239002e+00,1.171166066612641554e+00,6.588048629717588867e-01,4.668593928937970344e-03,7.717910854890274591e-03,-1.092294203739041167e-02
-1.928142297508790959e+00,1.137077823511623453e+00,7.884607968159278446e-01,6.381885620276729620e-03,8.266743685570355701e-03,-8.609875480424840008e-03
-1.785933445447736023e+00,1.072091206887412662e+00,8.094756429010117049e-01,5.387686361942973026e-03,1.170536752975075319e-02,-7.222724900040186288e-03
-1.788402330958150266e+00,1.130866642697027968e+00,9.069971749993195331e-01,6.822980178435841814e-03,1.661198836033009330e-02,-6.375572170427791160e-03
-1.623985828177882063e+00,1.086542004027692521e+00,9.141246129266729081e-01,8.480718484213726344e-03,1.975695645817784202e-02,-5.743240890745446303e-03
-1.533515016643173912e+00,1.129047059844429768e+00,9.120953403443330387e-01,1.301545114439755374e-02,2.252444413450034252e-02,-4.726588392704662508e-03
-1.426880433463538322e+00,9.871795809065209149e-01,7.970745973878317070e-01,1.369044848545656647e-02,2.025208923812903822e-02,-3.849321820247375396e-03
-1.440378213866264412e+00,1.010742455783324001e+00,8.020032389909939052e-01,1.494022304686322758e-02,2.120027560090706475e-02,-2.224365575968599053e-03
-1.274835551111378695e+00,9.360283287706504529e-01,7.840528185030215536e-01,1.180420236892893576e-02,2.434460526643391839e-02,-9.613160636130812023e-04
-1.207325061818798506e+00,1.044643953397027758e+00,8.551037375294828768e-01,1.138682648212121194e-02,2.662887508118009366e-02,-3.737156781486606488e-04
-1.134820808429553241e+00,9.857759159067187582e-01,8.303902002290592943e-01,1.130518858616294357e-02,2.338480017013583323e-02,7.537887583746486972e-04
-1.184809915335910624e+00,1.094690050166599260e+00,7.427795522471112299e-01,1.132687408407436272e-02,2.112221163754363779e-02,4.818550982184192921e-04
-1.183085016965994107e+00,1.006503259899288905e+00,7.588821874660209854e-01,1.167495705149560782e-02,1.819858164082166496e-02,8.127374892822037365e-04
-1.241126795828732865e+00,1.070096640058267434e+00,6.841193428950536060e-01,1.166052106347504128e-02,1.785871316699512434e-02,3.552323965112522478e-04
-1.257731868421203103e+00,1.083358620437871123e+00,7.297260411554510329e-01,1.112261504295969719e-02,1.809387478652426523e-02,4.748623228316112103e-04
-1.215561144492186996e+00,1.045343343784216339e+00,6.911870236919952504e-01,1.138443871048985118e-02,1.764425069608647687e-02,2.277407257882000866e-04
-1.199657191796975830e+00,9.994448456193554264e-01,6.644531937134265931e-01,1.087770882907626753e-02,1.696640840898982344e-02,6.438506876128772920e-04
-1.304456548805344340e+00,1.095711733975814672e+00,7.588495355890478855e-01,1.210553530378661105e-02,1.837452805467763156e-02,9.172855961430245904e-04
-1.190137719710051556e+00,1.023221210274275483e+00,6.539670487084139339e-01,1.054105395736979270e-02,1.688077619382687133e-02,4.265153859435680435e-04
-1.255308485609566427e+00,1.084853988543156733e+00,7.378117176991656478e-01,1.140995877613448610e-02,1.784890860881490487e-02,5.189295731958215412e-04
-1.145970507655837745e+00,9.383899684999306157e-01,6.787162301482589921e-01,9.899351507651386883e-03,1.697747645062194083e-02,6.379662474415882800e-05
-1.218710471129074158e+00,1.051881433887078998e+00,7.120527074258067302e-01,1.083946559198688785e-02,1.778993548570659972e-02,3.952326650607752498e-04
-1.193370248663876421e+00,1.049629077238325214e+00,6.930926486675501597e-01,1.128401868751666842e-02,1.721439252433146216e-02,4.346989222227416044e-04
-1.194263499677749252e+00,1.024440319887716777e+00,6.664228516419854476e-01,1.049603684919957203e-02,1.686905587312136426e-02,4.044475719117983543e-04
-1.254069146220938347e+00,9.946782911214528955e-01,7.296052648642585847e-01,1.112002313676094256e-02,1.813315694294354019e-02,5.078082855698527048e-04
-1.190655539454290368e+00,1.010568299145410354e+00,7.134908211078223594e-01,1.082385182040147831e-02,1.767628948460418792e-02,5.398873774170084155e-04
-1.188784684824442550e+00,9.813298280684802366e-01,6.874243545883673701e-01,1.094905800784917033e-02,1.733348458832099231e-02,5.679768759820598770e-04
-1.219921854330663358e+00,1.030440741431969620e+00,7.037901915986776169e-01,1.178335496082344273e-02,1.731072858437903914e-02,5.464763692791976650e-04
-1.246877531172796871e+00,9.936543770599663983e-01,7.116169741228183243e-01,1.047188587777397178e-02,1.799631988332666549e-02,7.099093589961894338e-04
-1.266702453848969068e+00,1.035043449081143985e+00,6.907621622793814753e-01,1.054767348794417511e-02,1.791777244380315590e-02,4.169942432136483981e-04
-1.230727571519456776e+00,1.050837182723398655e+00,6.925822638640855011e-01,1.093464748528607915e-02,1.768475459635167335e-02,1.867333105781640058e-04
-1.224388270011182112e+00,1.003993406708684422e+00,6.755217557855941468e-01,1.042891868864579373e-02,1.765464633105864878e-02,2.078465737380495032e-04
-1.193250578829625264e+00,9.948152497409010753e-01,6.992707301213412219e-01,1.068354658273952193e-02,1.748108324282435927e-02,4.394772569605714940e-04
-1.180496772528265348e+00,1.025038677626223915e+00,6.835253367515128353e-01,1.061319580863937830e-02,1.718202993974535589e-02,1.155961054278070374e-04
-1.195125923182729366e+00,1.030321359101172618e+00,6.948832471618731077e-01,1.120655955016454375e-02,1.696382603579519796e-02,4.705376495325857417e-04
-1.208983293740668152e+00,1.006935477348370522e+00,7.142591287251930376e-01,1.086027194398322612e-02,1.736047934397784431e-02,3.408419040644592932e-04
-1.178438238145916195e+00,9.726937476734094368e-01,7.073935234605888134e-01,1.060188710201394671e-02,1.727101744605692366e-02,4.872346339039614581e-04
-1.162000430116741256e+00,9.933236472912111426e-01,6.983207248763915187e-01,1.076400074719776473e-02,1.715627261325104388e-02,2.997713249521609911e-04
-1.239556789622676458e+00,1.046786395502950606e+00,7.035290354091094933e-01,1.116680456213338911e-02,1.780890154909209322e-02,2.790535406877420015e-04
-1.227551493712015329e+00,1.048392139393564237e+00,6.910079582646737606e-01,1.111132352971080407e-02,1.740499659708389865e-02,5.722596438781780807e-04
-1.158290911894525710e+00,1.040420393860384207e+00,6.797513992716133213e-01,1.079077937501109891e-02,1.680507788501578795e-02,2.303311102793922406e-04
-1.189749162301188212e+00,1.029835100058209552e+00,7.129185555610773051e-01,1.074168235342655431e-02,1.735741470654853652e-02,1.824131210992094125e-04
-1.192411867616609555e+00,1.008207750092501742e+00,6.810386832321828621e-01,1.068599954775308059e-02,1.716962925479746660e-02,4.125209054534348732e-04
-1.222843787700175877e+00,1.028566920459398348e+00,6.880181101867020033e-01,1.067067727818886078e-02,1.743804720468006622e-02,4.637507557132608191e-04
-1.221167389789609148e+00,1.002048451602823409e+00,7.110819931595293575e-01,1.068626095017742930e-02,1.752447143044671279e-02,4.445472956285888809e-04
-1.332975815927162522e+00,1.102924838140918684e+00,7.674572199663782790e-01,1.154612021797431221e-02,1.868982182940313527e-02,8.572473916551668488e-04
-1.172536149738768518e+00,1.016154510175025782e+00,6.690203657648754465e-01,1.087771569838253891e-02,1.713668771013385911e-02,2.316137846211699901e-04
-1.176350602552001190e+00,1.013388852133620510e+00,6.813873165140372778e-01,1.097959032039400387e-02,1.727955599576533677e-02,2.649990194614291333e-04
-1.248517129731500530e+00,1.030474598047493195e+00,7.233518310568605170e-01,1.127342286138146264e-02,1.798350966414197227e-02,4.443543573813368668e-04
-1.203033495971026934e+00,1.072731745253431734e+00,6.819481259084845259e-01,1.097250148943604287e-02,1.705277588875097478e-02,3.543253955776912156e-04
-1.183260058178144947e+00,1.043855163104751460e+00,6.974499915216312296e-01,1.102426196952367016e-02,1.732873075520641182e-02,4.268604575760116294e-04
-1.158883169686768078e+00,9.911959710443268845e-01,6.785935983851099085e-01,1.057752094264651291e-02,1.667717221328205573e-02,3.847644684051910492e-04
-1.196922107733479734e+00,1.010096485971233804e+00,7.029901428612845837e-01,1.091709598378835279e-02,1.724224471266811234e-02,6.265004945598248373e-04
-1.227677204385390519e+00,1.107451575687219858e+00,7.064514080022165077e-01,1.167889103026668353e-02,1.764270036664715088e-02,1.899802766552982462e-04
-1.270896387307965725e+00,1.055231881515427572e+00,7.420609221210413553e-01,1.122543784985966832e-02,1.791743743737347905e-02,6.700987588418821743e-04
-1.175891557976326274e+00,1.024380285911834942e+00,7.079890323940727370e-01,1.101494747233464425e-02,1.703902647194081160e-02,3.123495830433492375e-04
-1.234362812599101300e+00,9.817224863022286918e-01,5.829893611403200726e-01,7.186209908456262299e-03,7.035124277473860099e-03,-3.192013614846638501e-03
-1.203453479010420324e+00,1.042850062022166124e+00,5.914146879640448384e-01,8.340519063151956985e-03,8.224291239258288422e-03,-3.286290698834833622e-03
-1.273956422247279452e+00,1.001855199300570209e+00,6.156826134041450960e-01,6.638622371762829127e-03,5.975063217044432849e-03,-5.015286524148735575e-03
-1.312457485672068547e+00,1.103762736856110926e+00,5.529473773946977921e-01,4.684073174706298442e-03,-1.618073173377856597e-03,-8.077299642562499327e-03
-1.491644098191464707e+00,1.235048208393234148e+00,5.573270871444366836e-01,9.570352022314571050e-03,-2.953953257949856401e-03,-5.949445150169374585e-03
-1.616961276845429119e+00,1.064945079471025569e+00,3.594679585433363522e-01,7.876840416546189438e-03,-4.361459916370422074e-03,-2.049350729495222172e-03
-1.553425030723305955e+00,1.106571391539161953e+00,5.879425701077003463e-01,9.508571938596796155e-03,1.716683474346877847e-03,-5.121058924676562263e-03
-1.428794893421931000e+00,1.072229918528080139e+00,5.969671961060281085e-01,1.062161510388380525e-02,5.562975513899322787e-03,-4.900995030834926630e-03
-1.269331575958458691e+00,1.001899512470346920e+00,5.430573580421483859e-01,1.027561162712531742e-02,6.621046069836578583e-03,-4.124388091649652810e-03
-1.141818308878901345e+00,9.670898968522252392e-01,5.060042821054153706e-01,1.447937045515856717e-02,9.797448201480875654e-03,-3.306908319254611359e-03
-1.488056385563650608e+00,7.385859691822407314e-01,1.194017128962846730e+00,2.123643482359227272e-02,4.656554182794614416e-02,5.404525700297136553e-03
-7.642006436650312651e-01,1.014729139744497077e+00,1.530748487677782599e+00,2.807799964475433951e-02,6.746220196609059583e-02,8.440282517371494944e-03
-5.598480251611118730e-01,8.436429394478751620e-01,1.275920133776203613e+00,2.152821861049783805e-02,5.043030981511800043e-02,6.526917471452227219e-03
-5.211605916422079599e-01,1.079205905030362622e+00,1.017898970146512649e+00,3.698612869542466930e-02,5.044217923975615608e-02,8.258945090245828347e-03
-4.709972401282992438e-01,3.229178022535771908e-01,5.763121473883312529e-01,4.194525429159389612e-02,3.316910275983581124e-02,1.873528512273980873e-02
-6.987869092027799711e-01,2.738598932661724938e-01,2.991312526110315728e-01,4.375902437153705860e-02,2.772330100272742473e-02,1.979825294206528224e-02
-6.580845138896141977e-01,3.282366464227116087e-01,3.319636707595005065e-01,4.912066863546547119e-02,3.060199112400235552e-02,2.325628576138482131e-02
-7.167055286612908915e-01,1.905265535704623592e-01,4.833766178519002255e-01,5.147089659274798473e-02,2.958814647420015403e-02,3.017805807244040850e-02
-8.619402135890320560e-01,1.051067129775264536e-01,5.193350015308428880e-01,4.082893803386875020e-02,1.435105493018560413e-02,2.846539507313151918e-02
-1.200359543437577559e+00,3.149293427438423776e-01,5.754932003783648220e-01,3.323154956328729787e-02,5.826309121268609739e-03,2.191833294505995261e-02
-1.433209442062718164e+00,3.211337057450424082e-01,5.242965771929803953e-01,2.541490756424732642e-02,-3.530627778786193244e-03,1.705718815375768804e-02
-1.623200833010962407e+00,4.224381125911906287e-01,6.306995617002686405e-01,2.350620210549506442e-02,-4.918770491004146456e-03,1.242815260829920748e-02
-1.728454419000435616e+00,8.350114200373836004e-01,6.534293202429986014e-01,2.587105513573171450e-02,-6.621919013001747664e-03,8.934205822982784970e-03
-1.663608639496592767e+00,6.272419270745476227e-01,6.702783621055246055e-01,2.707199021228883298e-02,-4.963716894890580003e-03,1.509554028252736019e-02
-1.634046747856156001e+00,5.521225706299353053e-01,5.262473338440292192e-01,2.231060772045156265e-02,-1.116123799345140367e-02,1.333992265067390423e-02
-1.903449551641656079e+00,8.385908614471083711e-01,5.950408440069778759e-01,2.234969993370899966e-02,-1.216014210689734566e-02,9.346453423772341229e-03
-1.836535782004919071e+00,7.041223490680860175e-01,4.501216467450692704e-01,1.852773407422381169e-02,-1.905779056455156328e-02,8.381466382889649416e-03
-1.896717312789744092e+00,7.526937825047623765e-01,4.546045007277346173e-01,1.752771163767587181e-02,-2.177010718327795219e-02,7.039069592120190781e-03
-1.877686948325568261e+00,8.498234031415978773e-01,4.212960379751986562e-01,9.527029795547559479e-03,-1.281833060971178384e-02,5.201986978951848861e-03
-1.721686294282402274e+00,7.148215634907248983e-01,4.829511757152026297e-01,6.581060050533080880e-03,-5.157345078996903448e-03,7.992728122108343561e-03
-1.667635450702487976e+00,1.070979914158912472e+00,5.213256245312736237e-01,1.343883614351653807e-02,-2.799149838458258460e-03,1.132472694434153403e-02
-1.487070725437965146e+00,9.565830133922162970e-01,4.131740458796617776e-01,2.221992927137023816e-02,-4.106005310339276224e-03,2.328182750826145869e-02
-1.426542922425941162e+00,7.941106762216425530e-01,2.814277892206256126e-01,2.488037500212363085e-02,-1.707427300784180105e-02,2.886578047537821309e-02
-1.819427709189671116e+00,6.753526318805704864e-01,6.401543415834143325e-02,3.042225280749855099e-02,-2.836962747786475267e-02,3.741855650742857697e-02
-1.880464287570122295e+00,4.856163037842169405e-01,-7.431352255359180425e-02,2.663646992461600818e-02,-2.397326957447961510e-02,4.242165526690899746e-02
-1.782375991209335542e+00,4.640491741578036677e-01,-2.907260441164649656e-02,1.917084373672396300e-02,-1.528315644147072369e-02,4.320603700072556119e-02
-1.774552353376889213e+00,6.716889344597816169e-01,1.156143508668869835e-01,1.707713588079834421e-02,-1.261384241677017751e-02,4.622451253950835004e-02
-1.793389868634929440e+00,7.566793855617574005e-01,2.953604205638188374e-01,1.896070534652269032e-02,-1.792761344271889823e-02,4.813370919014001159e-02
-2.322551272622106477e+00,7.447025390142000267e-01,2.633275922794534596e-01,1.416691992004160718e-02,-1.996311025638972808e-02,5.183991636181433521e-02
-2.195182646445623220e+00,9.217413830446538059e-01,2.130084281791847500e-01,1.238309795777025289e-02,-1.305989930112176275e-02,5.176251601694198401e-02
-2.096296512396965017e+00,1.222937407487757255e+00,2.217655628286621106e-01,2.160198845209009011e-02,-6.948518507950461956e-03,5.419120717751241267e-02
-1.750129077113399489e+00,7.542408915000341496e-01,3.311058445788450655e-02,2.203579827851038370e-02,-7.019504358411744055e-03,6.073804565359608443e-02
-1.722779297304947388e+00,7.307727865538451439e-01,4.978832084336715091e-02,1.957299954706961248e-02,-9.202882571915888682e-03,6.327540883277314732e-02
-1.899554993034827444e+00,9.115194091247932340e-01,2.150797552004951596e-01,1.356359838931481959e-02,-1.457458026518155918e-02,6.095775080204289542e-02
-2.054539042601555732e+00,8.981486233910378481e-01,2.308197828481723946e-01,1.000509791218136615e-02,-1.739163490170910625e-02,6.128486210529511535e-02
-2.019497749428181166e+00,1.145994925620864802e+00,2.101795058829615259e-01,1.117182193739492749e-02,-1.519646572298243882e-02,6.225317604623632067e-02
-2.015395532276362367e+00,1.204543547851499863e+00,1.180609162775831944e-01,2.078998211828513021e-02,-1.213380120396475269e-02,6.885245272531090310e-02
-1.859757216932961033e+00,9.214539276799104117e-01,2.413034515186995854e-02,2.065698495249489175e-02,-6.947541461542704883e-03,7.557939374528066523e-02
-1.713229717680469388e+00,9.237025065332127305e-01,-5.572304617372814128e-02,1.343943999598922433e-02,-1.734197208994178036e-02,7.296753502445266215e-02
-1.970925658171355455e+00,1.104130136928982653e+00,3.735347480250195140e-02,1.254658552807671676e-02,-2.882833388048331932e-02,7.016319939956885965e-02
-2.390919112655883083e+00,1.210185421314756926e+00,2.363452807068422423e-02,1.059621629952589399e-02,-2.843269806151906345e-02,6.996595314722799108e-02
-2.335729321829834948e+00,1.152603739119062887e+00,1.190828371906094141e-02,1.509879894521624563e-02,-1.636377534342790471e-02,7.455314099700038888e-02
-2.155955186340297480e+00,1.297675500294618978e+00,1.831292200120514524e-01,2.867411796687809739e-02,2.781058021991274568e-03,8.578388118583542277e-02
-1.658943082851745077e+00,5.656037214460356566e-01,3.686127586949140555e-01,3.038368337834965530e-02,1.607721023775900496e-02,1.093893665526229769e-01
-1.256414668133560397e+00,1.604886783090939961e-01,4.300328509455195736e-01,1.964604999758004858e-02,1.980970591545468812e-02,1.141840004094347300e-01
-1.318585889534203970e+00,7.977648957816180220e-01,5.470364012191966108e-01,1.471221036371669032e-02,1.710849999759444032e-02,1.113335765802775795e-01
-1.636939919590520987e+00,1.351145548883397440e+00,4.321515700041156371e-01,2.965775897846214051e-02,1.744102269935073404e-02,1.175130442068329090e-01
-1.312116795835761573e+00,9.529686211551133823e-01,-1.221694088515974386e-01,3.812713685039577360e-02,1.665454731887496681e-02,1.330556836962757672e-01
-1.018117109037679047e+00,7.155683311633976862e-01,-4.492650915681741797e-01,3.262012225549640321e-02,6.418575207280110759e-03,1.341530300623439698e-01
-1.443546488203311329e+00,8.318554980106751540e-01,-2.593529414356299245e-01,2.168480494826040619e-02,-8.003574084853044140e-04,1.219122635494592627e-01
-1.823589186287936315e+00,9.836320037426423690e-01,-1.148833110559843718e-02,1.730578757788184610e-02,-2.427353446378368446e-03,1.179865306701119027e-01
-2.123844425981199713e+00,1.145911077161297253e+00,8.740149924541107396e-02,1.554593587742751637e-02,-1.163884412153060391e-03,1.196724715101662451e-01
-2.066602409895946568e+00,1.384266969380608669e+00,2.520291135310170905e-01,1.413922049697123248e-02,9.003982152378780385e-04,1.187250561072044353e-01
-2.039911267711821186e+00,1.451798840557727788e+00,1.655809621144643806e-01,2.157467887887105223e-02,-4.160378696551754810e-03,1.196957488504995781e-01
-2.177178952122454270e+00,1.253704901634320024e+00,1.161800774232597533e-01,2.614790180753761434e-02,-4.939302290137264490e-03,1.197620938530754575e-01
-2.168085530490091006e+00,1.001382539561260554e+00,1.029878528168819418e-01,2.902762847888012629e-02,-4.524427523323760331e-04,1.217974017779624024e-01
-2.084865371199216888e+00,7.763784496049208617e-01,1.891987750396471046e-01,2.751322276104798889e-02,7.621606920278137937e-03,1.251523178248398760e-01
-1.956865886649772124e+00,9.401566539392375299e-01,4.614986884748526474e-01,2.745992882671473984e-02,1.364726789581253638e-02,1.325426040613238432e-01
-1.770879937921400638e+00,8.263738432075872220e-01,4.352489817374356473e-01,2.778552750091500129e-02,1.091255150146246480e-02,1.384585061816372975e-01
-1.968216875001468580e+00,9.562088530785947116e-01,4.078950935030323244e-01,3.244112041297669141e-02,8.703176717441940893e-03,1.418898037968782666e-01
-1.898633776165623788e+00,9.924610202441271900e-01,3.756184963915589758e-01,3.650345174280578142e-02,1.045094788346147968e-02,1.410000267896167614e-01
-1.841005078999001121e+00,7.491542310896033285e-01,3.109148465075990408e-01,3.675333691682489828e-02,7.174117295858674186e-03,1.429137852729389369e-01
-1.955828301874906749e+00,6.200713739475530728e-01,3.934516730301789167e-01,3.215671768612678866e-02,-4.269179372905228947e-03,1.403442162703247009e-01
-2.363767854205237828e+00,6.780558920625100461e-01,5.101990988838465135e-01,2.751050334811324868e-02,-6.325002901708672715e-03,1.460757659052409341e-01
-2.482226462341885487e+00,6.881320638037039528e-01,5.493427085776356744e-01,2.275405377700544587e-02,-1.434799256225792810e-03,1.538856464659946466e-01
-2.401689914395913839e+00,9.591913567138378172e-01,5.524728128475698830e-01,2.182875205297186982e-02,8.418269496584130512e-04,1.537402698150723834e-01
-2.390900516202600468e+00,1.072888391168726807e+00,5.651637775768123539e-01,3.164507923608073786e-02,6.374168280758304994e-03,1.591901565555667586e-01
-2.226445351825075303e+00,7.966046679716040080e-01,5.219371957353878821e-01,3.711188387907295855e-02,1.358265053346219102e-02,1.678339496321832602e-01
-2.144047782387473067e+00,7.506076358367905765e-01,5.729156018586820664e-01,4.064183518047415761e-02,1.574094286855882638e-02,1.749317027304457262e-01
-2.129301174529999230e+00,6.743278869314753843e-01,5.433402816501405885e-01,4.446348820875291319e-02,1.403118568921649101e-02,1.841732166254707870e-01
-2.134440101974745208e+00,3.741237058100082558e-01,5.634122777939770677e-01,3.665016612812772162e-02,1.525616351871059151e-02,1.931310839051131878e-01
-2.170745507817499753e+00,6.044742892138932344e-01,6.830688795795498702e-01,3.402967408831785584e-02,1.657777693986043493e-02,1.969895518942194890e-01
-2.299340908186411792e+00,9.724766699662499292e-01,7.592829049716997014e-01,3.587379663947643654e-02,1.923382998552326806e-02,1.971610307023990427e-01
-2.286606009700782760e+00,8.671994259448218001e-01,7.880625245709244053e-01,4.436891842140926190e-02,2.592319443637978310e-02,2.060309884428405958e-01
-1.874824204086346535e+00,4.781260532775256089e-01,6.927228972221404213e-01,4.441848941710572346e-02,3.098100466200564423e-02,2.123313709091105284e-01
-1.733853341221905042e+00,1.780063007724267121e-01,7.216298069066748866e-01,3.668764809202818000e-02,2.921097050862462782e-02,2.175904758380684811e-01
-1.825559852049500220e+00,4.886448183174187943e-01,8.524960570951004568e-01,3.261665596552459911e-02,2.380171033101479566e-02,2.154038227947405182e-01
-2.154151769790063398e+00,4.727974903377348825e-01,9.181400508026679175e-01,3.302745137560005734e-02,2.190710727887651074e-02,2.190813660361764226e-01
-2.070499240190975865e+00,6.812714463191701375e-01,9.294875611094973733e-01,4.314386230167321923e-02,2.122907021003027361e-02,2.205325933786272952e-01
-2.260878008760786262e+00,5.821935769876951383e-01,8.800005826192198732e-01,4.850547294118517927e-02,2.110185066098636819e-02,2.265180145682383350e-01
-2.108132822400395234e+00,1.981100845355109885e-01,7.558972511604679090e-01,4.487576938210307426e-02,2.331015117744901499e-02,2.330510682991774885e-01
-1.956936274876768689e+00,2.385554204836798642e-01,9.446337622564459080e-01,4.134883037609157069e-02,2.652184231674722253e-02,2.349073801201276845e-01
-2.034284055762466181e+00,4.321601819189334615e-01,1.054730692849062068e+00,5.016780499943633564e-02,2.089755988980165208e-02,2.435003722587088526e-01
-2.140868205324736984e+00,2.222542377494265697e-01,9.717246087223603279e-01,5.554090398190113936e-02,2.096418015959706366e-02,2.525360392669768195e-01
-2.078099285658312478e+00,1.380925774578478371e-01,9.073048474059894897e-01,6.085906163655929735e-02,2.312937472642872389e-02,2.601466331813091504e-01
-2.097282883544576482e+00,1.469859481067719575e-01,8.304939094286173384e-01,6.435332662292760075e-02,2.661763407481394089e-02,2.653105560571138999e-01
-1.863326303429752695e+00,6.771309304773091842e-02,8.626826263943693229e-01,6.810364085880357687e-02,2.770893232393843719e-02,2.686650778078379376e-01
-1.826873365038128361e+00,-1.451347795613803227e-01,1.008794468299301750e+00,7.427454762089477636e-02,3.080406764857265833e-02,2.818271729412910043e-01
-1.626197158214972793e+00,-5.370078465405773160e-01,9.118643060493971664e-01,6.422056965201368428e-02,2.331946451636147249e-02,2.837286943771779590e-01
-2.109657212440649854e+00,7.998168976024119803e-02,1.051508457647979178e+00,6.807149230500407489e-02,2.253653471917381815e-02,2.794512376199994597e-01
-2.083581043814138223e+00,7.287930618940685785e-03,1.100889577744494474e+00,7.050257712849224145e-02,1.983785366884326801e-02,2.880989302965533128e-01
-2.277663636163591576e+00,-2.072081392385179133e-01,1.087278606362403144e+00,6.769651154617792321e-02,1.892197499200002492e-02,2.958125960794015796e-01
-2.327958791097951785e+00,-3.173748737122976393e-02,1.163580513836613317e+00,6.611781851495740492e-02,2.461569319460492344e-02,2.959556318713454370e-01
-2.231260448591921630e+00,-3.099678820121498646e-01,1.188981987606575030e+00,6.696374591851628200e-02,2.714848750231291935e-02,3.027175924478824331e-01
-2.228565954189228204e+00,-8.104237502967469309e-02,1.406700218269569813e+00,6.923882570234558831e-02,3.068319248335514560e-02,3.014770590359250879e-01
-2.245343603053872705e+00,-4.020665502057990115e-01,1.322810993535579183e+00,6.946603974917178737e-02,3.248296378371048898e-02,3.089303901959922216e-01
-2.208340678566327764e+00,1.460181469277622712e-01,1.473055874043014191e+00,7.887293332706926674e-02,3.511509410325348163e-02,3.044499189271782091e-01
-2.059813956029991733e+00,-5.480761599900777492e-01,1.306951396387627362e+00,8.758493420409896313e-02,4.208536703346191926e-02,3.139442403566984896e-01
-1.857325194213585551e+00,-4.326954028677066355e-01,1.401170117667913662e+00,8.999670320570270221e-02,4.385964689878352196e-02,3.184574050316896221e-01
-2.016451559343365840e+00,-8.221522789918642715e-01,1.388851396741219268e+00,8.186263858123228598e-02,4.302161237250061443e-02,3.320288085680445089e-01
-1.978322698416671965e+00,-2.792405865512672114e-01,1.534608852422572278e+00,8.729578769995369192e-02,4.223617309194892255e-02,3.348986560682418734e-01
-1.854609063607171926e+00,-9.294224200733025576e-01,1.311348250281034300e+00,8.437822942512807067e-02,3.902462678445289823e-02,3.480002782247216819e-01
-1.961144098460682050e+00,-3.884794413205748254e-01,1.462967103394254842e+00,9.898324616007171672e-02,4.336052368203795193e-02,3.541293030688653087e-01
-1.787451971740506185e+00,-9.277922428974518798e-01,1.286920136317841967e+00,9.177281729567911273e-02,3.793618265674184031e-02,3.683878568178067803e-01
-2.011333107406984677e+00,-8.166662665842803204e-01,1.269680300612373802e+00,8.197918955354878412e-02,2.629441039389984747e-02,3.859195469360370279e-01
-2.466872887863972519e+00,-3.620938410744743985e-01,1.505899410479503375e+00,8.570858569659171866e-02,2.418452381768208120e-02,4.060610406552613849e-01
-2.516648732576724168e+00,-5.617233090410319596e-01,1.315299952575794906e+00,8.727887621147052688e-02,2.633309287654914815e-02,4.292546703441126321e-01
-2.445533801874351099e+00,-3.034182208636683753e-01,1.444416836291528394e+00,1.032244558774625953e-01,3.155702004710612962e-02,4.502592467632370310e-01
-2.235830966460745639e+00,-1.070862510430991010e+00,1.081678194265582871e+00,1.006478127050238341e-01,2.823212550096580731e-02,4.619561652763101711e-01
-2.446916369628781229e+00,-3.792624867179937298e-01,1.289871325163810312e+00,1.046432224774000858e-01,2.456842967487427032e-02,4.776491547770260193e-01
-2.367609874361789046e+00,-1.075805175156698379e+00,1.027392733980696526e+00,9.262383928474873795e-02,2.520883899609940859e-02,4.996174632558729178e-01
-2.389647606634310861e+00,-1.653368422495200551e-01,1.455100441945376133e+00,1.087685788726086011e-01,2.060107105664643265e-02,5.081528627675012677e-01
-3.134476630696958033e+00,-4.602976003845567488e-01,1.242954804015316439e+00,1.219564088893641957e-01,2.524732010476638672e-02,5.659231789207888053e-01
-3.057013068223977115e+00,-1.677273471449625575e+00,8.403243143432117535e-01,1.212164997082086915e-01,3.568733474605483708e-02,6.160746171784501346e-01
-2.606151205215672118e+00,-4.278075031065071698e-01,1.387244175152712256e+00,1.352804665452353450e-01,4.735650090143484620e-02,6.449743410546859845e-01
-2.128368451264296191e+00,-2.311125185438099638e+00,7.680096196226111616e-01,1.375823708705005144e-01,4.412022059721611850e-02,6.787860015866223895e-01
-2.145176750817452405e+00,-8.194769726728126091e-01,1.307712981104617311e+00,1.544287702497157133e-01,4.038693939053659976e-02,6.651705740642037679e-01
-2.458611254968296578e+00,-1.134428219385252623e+00,1.264690937094081979e+00,1.496588215254701371e-01,3.899218307839530384e-02,6.682821315735009149e-01
-2.887667909331148142e+00,-1.176360351623108480e+00,1.318539063337988093e+00,1.548703767789554320e-01,5.260253302043221141e-02,7.003676855536390411e-01
-2.530272101006429075e+00,-1.859111645941293744e+00,1.143150807157061521e+00,1.642771643159192663e-01,7.180750203836486212e-02,7.392602606309618407e-01
-1.983335138419197952e+00,-1.647112833187247771e+00,1.294978634198233225e+00,1.780375641072806381e-01,7.566580477200289534e-02,7.538260706548181034e-01
-1.950094505252065513e+00,-1.916097797109957979e+00,1.284912490367307702e+00,1.677533326924806611e-01,5.653442620739726476e-02,7.374803442532038567e-01
-2.375844244382672610e+00,-1.625616435074051402e+00,1.359916919446328532e+00,1.717678576756730413e-01,5.945253169683876321e-02,7.254850771478914551e-01
-2.246196442958097172e+00,-1.027305354030373818e+00,1.528858077693479700e+00,1.851033871189222413e-01,6.547264803749580642e-02,7.218432121770239629e-01
-1.953540051800773725e+00,-1.888369335917799097e+00,1.314568046073846919e+00,1.687181622866739672e-01,6.531884614025298963e-02,7.370240070302038760e-01
-2.033848228468589703e+00,-2.105298140347438451e+00,1.236566649772570692e+00,1.724391750854468719e-01,6.681392453193191194e-02,7.507823052236626271e-01
-1.742843834762450417e+00,-1.398151241276475165e+00,1.413199366780774735e+00,1.803430221240718279e-01,5.402784248128524036e-02,7.106422564915017004e-01
-2.487633094794547972e+00,-1.247588984937458179e+00,1.428249843520742468e+00,1.874758214453111638e-01,5.802412675855586621e-02,6.862928340610315869e-01
-2.342450393515611573e+00,-2.455990850174597728e+00,1.035254768849597440e+00,1.774162382345595423e-01,6.456620930268998360e-02,6.972319686033816577e-01
-2.086131599516194424e+00,-1.883112993271918834e+00,1.095703260004089463e+00,1.837644434133136606e-01,5.910640548552023588e-02,6.970362811601970021e-01
-2.548976959476865645e+00,-1.717651950217614409e+00,1.109292108375335983e+00,1.863281692184527161e-01,5.559462930271130698e-02,6.987875750960133026e-01
-2.740069854938651517e+00,-1.629952952941219557e+00,1.050700389811361379e+00,1.923713477627868873e-01,5.531614942921422862e-02,7.051808129063945607e-01
-2.516479289564398147e+00,-1.927448886679259399e+00,8.381210846897589883e-01,1.934063149465597986e-01,6.130240721148468019e-02,7.114697834433330037e-01
-2.227079463750025301e+00,-1.733700653904822309e+00,6.658767931787149541e-01,1.929295113491836244e-01,6.425355069843013966e-02,7.011817027595692586e-01
-2.137725396948108703e+00,-1.360211300013255409e+00,9.114500031163987881e-01,1.735907603930505472e-01,6.284444502724645387e-02,6.855052220197050961e-01
-1.866718204482703092e+00,-1.115210147531493945e+00,1.064315187598912971e+00,1.646175514694719899e-01,5.726533932332490001e-02,6.610746229766228943e-01
-2.389858681992952594e+00,-9.706216143441849242e-01,1.085616963345056085e+00,1.637399558100405272e-01,5.887673025168710383e-02,6.261775009021450789e-01
-2.159118479291128878e+00,-5.698560337163134371e-01,1.095971573172958013e+00,1.575678393535918098e-01,6.038015317305797658e-02,5.989917531932055228e-01
-2.270988386757345268e+00,-1.617917365105890459e+00,8.910411208523832949e-01,1.490242863582098287e-01,6.988788999053899276e-02,5.970100643181004418e-01
-1.951263617580081267e+00,-1.641402459998639207e+00,9.111910260412606766e-01,1.576455125117281475e-01,7.887316286485426819e-02,5.961065753754011265e-01
-1.916791916960122411e+00,-6.482031833535040199e-01,1.122020281239873185e+00,1.869571303370330118e-01,8.582534356345622450e-02,5.979771724573249569e-01
-1.854363095779762327e+00,-9.143610814623567284e-01,9.692118370200546451e-01,1.901337753402125297e-01,8.334322260803067595e-02,5.946164346561080283e-01
-1.872715392597651407e+00,-1.052380798670376594e+00,9.252650839695722995e-01,1.854390259389637752e-01,8.014788701042675767e-02,5.798762714920837613e-01
-1.813402069641361525e+00,-1.006435581171740035e+00,7.221621416982504371e-01,1.786709677828987319e-01,7.430199807230515596e-02,5.618556582309405245e-01
-1.913515613738385746e+00,-1.353638165602379484e+00,6.984048004614774596e-01,1.802255971540697721e-01,7.148467194500715549e-02,5.674059777536418769e-01
-1.917841603858586375e+00,-1.267957522349807853e+00,9.357709762362301786e-01,1.765900321888548286e-01,7.271210966259711306e-02,5.804083626119289629e-01
-1.978889807447622218e+00,-6.188463298585153982e-01,1.289037117214776984e+00,1.787888561945483457e-01,6.674140675963913250e-02,5.757196840469441801e-01
-2.213657229977513019e+00,-1.357492859207575897e+00,1.205072452871319921e+00,1.724176319014311953e-01,6.818535148306559268e-02,5.853308888686832301e-01
-1.960986596888461664e+00,-1.611046922003589899e+00,1.204147227503328921e+00,1.820721297028787267e-01,7.489122401319814326e-02,5.985983800887518802e-01
-1.676635971466304387e+00,-1.619024916389602886e+00,1.331374453482838227e+00,1.955783832623317620e-01,8.239322234641149878e-02,6.142704478398341994e-01
-1.338599635233573615e+00,-1.574742502702231262e+00,1.334252233216067562e+00,1.962043195792234629e-01,7.758515077947215899e-02,6.156384756266969349e-01
-1.441847495013580005e+00,-1.848796088299310636e+00,1.149731404505925703e+00,1.988706268794395160e-01,7.401626170983030550e-02,6.156595370591269045e-01
-1.548060841594645742e+00,-1.847507997580302597e+00,9.796391740699312844e-01,2.089478755177424096e-01,6.860776045265244705e-02,6.173176311199544131e-01
-1.560668315799828010e+00,-1.844785906221443117e+00,9.597994777406654299e-01,1.958948352030745188e-01,6.051506758321936741e-02,6.240662302293001895e-01
-1.861433161469471464e+00,-1.783869970447899744e+00,9.128826713665597614e-01,1.888970971748550054e-01,5.547891614879652683e-02,6.435309632813037695e-01
-1.396450863686457877e+00,-2.525239357403742169e+00,5.743415828645286325e-01,1.810874106108750492e-01,4.914596749633190487e-02,6.557099719490930845e-01
-1.676878840326777809e+00,-2.318090985169716234e+00,4.761342942428168357e-01,1.741896671006680497e-01,3.749303952830008307e-02,6.440590319509417183e-01
-2.087845592724915988e+00,-1.686780225507164221e+00,7.715513641891262875e-01,1.842185368263692946e-01,4.512412138577003018e-02,6.499502075795698941e-01
-1.817242456687934382e+00,-1.103109636792812154e+00,1.060610018288654421e+00,1.920570011583881687e-01,4.903719474264054551e-02,6.619788629238032573e-01
-1.655112882932632479e+00,-1.913366404789321962e+00,8.792278356044931353e-01,1.806718768329211855e-01,4.952142389909922754e-02,6.800763143800921950e-01
-1.371505679643749920e+00,-2.180318178197679924e+00,7.167222259459125056e-01,1.814994394238010622e-01,4.036610292312012294e-02,6.817970429369492047e-01
-1.952268167013997413e+00,-1.899847285253856821e+00,6.515784736379106601e-01,1.981379391652998145e-01,3.616360363734125172e-02,6.954282861780011205e-01
-1.854547621546672964e+00,-2.077477890031749208e+00,6.070529905992445574e-01,1.976063175769720848e-01,3.362932995395896685e-02,7.152672164252671383e-01
-2.017171665894155197e+00,-1.971196242508568286e+00,6.449564311334330391e-01,2.113281855915334351e-01,4.017983201707215485e-02,7.381195959492312664e-01
-1.658053124242888421e+00,-1.317664692449386443e+00,1.019496710562534991e+00,2.296128172007643742e-01,4.715974120953701776e-02,7.506408867097288384e-01
-1.484636389742870932e+00,-2.286582434976800471e+00,7.948604964695265007e-01,2.167180029944451303e-01,3.694706006218795302e-02,7.718819903788211034e-01
-1.769775004834379217e+00,-1.876859213752329225e+00,9.550098746355328849e-01,2.346328665710642469e-01,3.732753886487209793e-02,7.978240791735706772e-01
-1.759465293001803321e+00,-2.259368880879984332e+00,1.031016660051422562e+00,2.389420377487480596e-01,4.929269333302700729e-02,8.209394882728406895e-01
-1.676436406518298616e+00,-2.275327799105207216e+00,1.059838425202865864e+00,2.458585493011674616e-01,5.818169126052452622e-02,8.424378564472214670e-01
-1.662637143491827008e+00,-2.577622470893901951e+00,1.062772778492560022e+00,2.630997239291748557e-01,6.526543711453595964e-02,8.729216724680756156e-01
-1.255608373207733441e+00,-2.839864771264968279e+00,9.792742018200496501e-01,2.667548751827505948e-01,6.860294545070193262e-02,8.885685281190839335e-01
-1.392377082658615928e+00,-2.936879532461993403e+00,1.037738081739301155e+00,2.792141720282372286e-01,7.501838172372567171e-02,8.950845102662394748e-01
-1.598770335463271186e+00,-2.717470160676815905e+00,1.232896020989688424e+00,2.858741382467510639e-01,8.998561425111030465e-02,9.076959936185331479e-01
-1.286116942538664043e+00,-3.347671954059071364e+00,1.038620897305766233e+00,2.806803361161498422e-01,9.364562167370990564e-02,9.321498800031668974e-01
-1.545326889153363137e+00,-3.031177397582642374e+00,1.143118498802979666e+00,2.870791989843151093e-01,9.367020179777012234e-02,9.423078699619926724e-01
-1.528476878826816820e+00,-3.542003587751700877e+00,8.758674400839778773e-01,2.866372489265709977e-01,9.040447262225631553e-02,9.624233886000013172e-01
-1.742041090137744996e+00,-2.926213464817588150e+00,1.126979893789041842e+00,2.852576645843009073e-01,9.533300622426851834e-02,9.803964684206305513e-01
-1.938816349141298412e+00,-2.851664529096187728e+00,1.230307605062968435e+00,2.930221187581206754e-01,9.876405338354259100e-02,1.001835845784196266e+00
-1.754366213053463852e+00,-3.106592908095450856e+00,1.103310233277537300e+00,2.886378927039238707e-01,9.679181351290402913e-02,1.015408803361462331e+00
-1.667348052099757671e+00,-3.150799104807447737e+00,1.128785833211366496e+00,2.921574912669462898e-01,9.120286348940989662e-02,1.021887698299602132e+00
-2.153345438294362424e+00,-3.388671110441664691e+00,1.304303376734115005e+00,3.016830049422094540e-01,9.805926668025399806e-02,1.038938766825997284e+00
-2.225566101556747611e+00,-2.868210182310410694e+00,1.632206389367670596e+00,3.206957185610644911e-01,1.239063535761232709e-01,1.072596711044633944e+00
-1.768738027327866114e+00,-3.864732260208656456e+00,1.195292184473382591e+00,3.218045617029683392e-01,1.243956839797690367e-01,1.100002787362653445e+00
-1.876666100060830900e+00,-3.158951418482265794e+00,1.354090361979054524e+00,3.287781682884705625e-01,1.314524666747037274e-01,1.104116400866342662e+00
-1.960457157345421031e+00,-2.569440941049600191e+00,1.624915132228468062e+00,3.361148042613820719e-01,1.300164226123091682e-01,1.089979376543126488e+00
-2.147583500812471069e+00,-3.480995116261880185e+00,1.434629501755257719e+00,3.216593942100372527e-01,1.263869222654009361e-01,1.098100622258934234e+00
-1.966556916627621998e+00,-3.972462641696716812e+00,1.192197520735746252e+00,3.198389398399066330e-01,1.097162293860833859e-01,1.113138920026060630e+00
-2.537035456002159073e+00,-3.380976989008558142e+00,1.455227417204699059e+00,3.386921291899513964e-01,1.337564297802205926e-01,1.141872190263663045e+00
-2.036430454274610558e+00,-3.680841966990854974e+00,1.460118188845178855e+00,3.463984629756040601e-01,1.436658531058722654e-01,1.151848176705366544e+00
-1.935095429821672042e+00,-4.218443066374929273e+00,1.227575505029377068e+00,3.339869370639671486e-01,1.382193857166565676e-01,1.153400621886700339e+00
-2.214000035146265422e+00,-1.713145475325301259e+00,2.038596675775571576e+00,4.094408170322231810e-01,1.404956158475444972e-01,1.148988541975697331e+00
-1.942593194399604650e+00,-4.246977620100499173e+00,1.651848525722747763e+00,3.195787716387010202e-01,1.294264853359541889e-01,1.139230892027326414e+00
-2.710615172492557789e+00,-3.828391554227752014e+00,2.066544031445676666e+00,3.537666374025967841e-01,1.396124911891168940e-01,1.159259995569000834e+00
-2.035666549907346301e+00,-4.576936952503314338e+00,1.796234772944305336e+00,3.598308588671095265e-01,1.499092428234971297e-01,1.170584714834331352e+00
-1.642988071043661291e+00,-4.120440931158014131e+00,2.204263741063385851e+00,3.795829091138184230e-01,1.688219995348969604e-01,1.149741358084908738e+00
-5.725122788750945935e-01,-6.711443790196388370e+00,1.483217418648379082e+00,3.716257341106032341e-01,1.943012670252338148e-01,1.158287456508110269e+00
-5.746758017180760847e-01,-6.058868503418533891e+00,1.105476015686283731e+00,2.798730710991613746e-01,1.289817108498696463e-01,1.133039897350526459e+00
-2.972916216653273658e+00,-3.276887564522430019e+00,2.085634734604069784e+00,3.146798406180745800e-01,1.018463894920125512e-01,1.122389433200933428e+00
-2.764825981021384216e+00,-3.982995497306355936e+00,2.381130729895519771e+00,3.369599649287451371e-01,1.558694203405209255e-01,1.122968137281732393e+00
-1.172264609234699773e+00,-6.315763868231693223e+00,1.017003715130350816e+00,2.675173446385442078e-01,1.235110115883945314e-01,1.103973380095039314e+00
-3.450901996775287639e+00,-1.517407447173364510e+00,2.472024492042888433e+00,3.140688052045962908e-01,1.197497583369062368e-01,1.077206045275215907e+00
-1.894460675274672212e+00,-3.793023046361145401e+00,1.839757237761542319e+00,3.244362531255581272e-01,1.727434588179042052e-01,1.112661871960135995e+00
-4.959196887209776916e-01,-5.040424086082352595e+00,9.734607307742118021e-01,2.542580498763503671e-01,1.114440986606310552e-01,1.088881128687113176e+00
-2.493191491592181563e+00,-3.997380523901381544e+00,1.343697408698452334e+00,2.153351376328695721e-01,5.268181374650801607e-02,1.045238488493833273e+00
-4.418945637377526658e+00,-1.813507719094461956e+00,2.418312884014088837e+00,2.820891465081884486e-01,1.038913770729710528e-01,1.032727666392206034e+00
-9.688468487692617481e-01,-4.249038159872979392e+00,1.320330928323070641e+00,2.378205287972398052e-01,1.318628761710476660e-01,1.037445611917456878e+00
-1.659337170170268161e+00,-2.508577017165399603e+00,2.219847605190536033e+00,2.827274175020813018e-01,1.391790423742910177e-01,1.034358323389624301e+00
-1.340667089019634606e+00,-4.489839403821940245e+00,1.277098111878896436e+00,2.927583084059786067e-01,1.468530883858937819e-01,1.042863045019557733e+00
-6.436838193859431012e-01,-4.790628714590653203e+00,1.289483685164403592e+00,2.408955464731660223e-01,1.028818516072053935e-01,1.003627841995304859e+00
-2.375175291118014620e+00,-3.796667179455098573e+00,2.026047463251507086e+00,2.009432612367385573e-01,7.764717960898144533e-02,9.651966861865178826e-01
-2.230356864571417574e+00,-4.030170354280471656e+00,2.026871730949899586e+00,2.575594989293138459e-01,1.287104196353386631e-01,9.745151425746999552e-01
-6.529024023961139678e-01,-5.271032721923160302e+00,1.051480472522840603e+00,2.116044520943014262e-01,1.124857216856749720e-01,9.522271279925256238e-01
-1.710734920758170130e+00,-2.615953642774697663e+00,2.125508310498759101e+00,2.244001478162918617e-01,9.755088956120433474e-02,9.096534562815998815e-01
-1.693092264741891784e+00,-3.748404712178222908e+00,1.729004340978117726e+00,2.489614692202863355e-01,1.048145496969647428e-01,9.184098971345120432e-01
-6.243984999196497965e-01,-5.955173323176803812e+00,8.231570963323715517e-01,1.720789588106729218e-01,7.863635491240482389e-02,9.046128302834591794e-01
-3.099034541262712050e+00,-2.717791887117550598e+00,1.876858457728268093e+00,1.426426558484169549e-01,3.855614641240161927e-02,8.364092649299597060e-01
-2.800847919248962814e+00,-1.515750969897748046e+00,2.217685252326493384e+00,2.247021433093284726e-01,7.907989844481223829e-02,8.442248841826532901e-01
-7.412027840114663313e-01,-5.098004308100505533e+00,7.713737681947026026e-01,1.927258224990923974e-01,9.427578623537827274e-02,8.507614160967156280e-01
-1.453514919028312979e+00,-3.834311773522466993e+00,1.021639066671343077e+00,1.658508948426091201e-01,5.360285234727777542e-02,8.164046496953157872e-01
-2.120612623521542339e+00,-2.486435026232043377e+00,2.032154267466772524e+00,2.093858529995004103e-01,6.319166628759430304e-02,8.078596961535514653e-01
-2.320518953268092543e-01,-4.393703158207047821e+00,1.137272785743614456e+00,1.836607840435424688e-01,8.703638350930806289e-02,8.105748179174167012e-01
-1.332615427986628021e+00,-3.268331056008363156e+00,1.529776971904424077e+00,1.693402640027889539e-01,5.850248812942870913e-02,7.856204440794959387e-01
-1.141828147023958184e+00,-3.186358107340435897e+00,1.404859440985187558e+00,2.028971283902654688e-01,5.689977341213083017e-02,7.771012085967612393e-01
-1.197151610404673328e+00,-4.150890717175855116e+00,1.164407518534307462e+00,1.858956006622542179e-01,6.739809485921789689e-02,7.642580942035105407e-01
-1.503897017737866992e+00,-3.513901894614304133e+00,1.533516575849628971e+00,1.730454308779461881e-01,5.387752847629853625e-02,7.356125060324697484e-01
-1.241297497478087042e+00,-3.797789178963212109e+00,1.600287689728127072e+00,1.913768076185690670e-01,5.961739905022529762e-02,7.384765995375724978e-01
-1.097583991571479789e+00,-4.269283505911340981e+00,1.389688262692152287e+00,1.730376660000020328e-01,4.504272301086527375e-02,7.312421159453039721e-01
-1.374944047086125609e+00,-4.170859372316888525e+00,1.302265484115409322e+00,1.717882169325057051e-01,3.696130658946900766e-02,7.188639262247621398e-01
-1.627246973983248690e+00,-3.382117973411802314e+00,1.598114961171306803e+00,1.795783850997089426e-01,4.879415786189660043e-02,7.123530000825204489e-01
-9.751733293996625029e-01,-3.770273957476065974e+00,1.397817866803515052e+00,1.810956508187996916e-01,5.240567582682993664e-02,7.198400968396925226e-01
-9.183230017634963493e-01,-3.797185884386984789e+00,1.125187581754047539e+00,1.705212417834699457e-01,3.864233904426180727e-02,7.032578582733138850e-01
-1.142889356120676103e+00,-3.117654794890781123e+00,1.413930066129827301e+00,1.692426595052015093e-01,4.570206869917582682e-02,6.915104865521303212e-01
-1.127586107999025256e+00,-3.064032106157036139e+00,1.356060217826576597e+00,1.477837438403492576e-01,4.063831095790621656e-02,6.664474217205530460e-01
-1.430937930853495077e+00,-2.715683247309724546e+00,1.407764299597189073e+00,1.421595998991203313e-01,4.360627231129682313e-02,6.295333273459917667e-01
-9.426140773076830959e-01,-2.800388262447897514e+00,1.079787495623983906e+00,1.213380638478710194e-01,3.453783470632539737e-02,5.447972784379472300e-01
-1.109300993803989721e+00,-2.233069500233681115e+00,9.756317368056414141e-01,1.096207340393295093e-01,2.125507218942637028e-02,4.651994525321083152e-01
-1.636032372036273941e+00,-1.779315259848563535e+00,9.616654771678044833e-01,1.067237785634779362e-01,2.990629785123214562e-02,3.904217760056490349e-01
-1.455059145463575954e+00,-1.630777060464359884e+00,6.408184561672345403e-01,9.690240864104682217e-02,3.380182496508850332e-02,3.211722050227934777e-01
-1.736253141042416459e+00,-1.414353648177909761e+00,4.491027000351779375e-01,7.372394661279657591e-02,3.471201478812006858e-02,2.576081979593922711e-01
-1.945724401278349669e+00,-4.935821948875854792e-01,5.924742143104222425e-01,4.533437760666858551e-02,3.748281727447869832e-02,1.702673751363994736e-01
-1.578914799383576151e+00,-5.113012226764830359e-01,5.712841301724982390e-01,1.762229587888730978e-02,3.038205134780645050e-02,1.228017016475971140e-01
-1.826926049406620622e+00,4.307970478192581498e-01,8.402720677608601640e-01,1.406362041389402039e-02,4.147399330046797755e-02,7.349294856775141771e-02
-1.429557460467117291e+00,6.918865544261245670e-01,5.567583386995487160e-01,1.242828690035325048e-02,2.709972588559569212e-02,3.471357012251838348e-02
-1.689449378823245862e+00,1.522083446699152021e-01,3.257475463833352514e-01,-1.265481473352598508e-02,2.038926871030305454e-02,3.035040996952829452e-03
-1.563127956376864303e+00,4.721188863812819658e-01,4.054324477174493513e-01,-3.592062370834039897e-02,1.877511423233388377e-02,-3.651261882857024382e-02
-1.581087854338821819e+00,4.945969539991591502e-01,2.977880022647946268e-01,-8.308796035845418537e-02,-1.071762708895807222e-02,-1.075858197320230664e-01
-1.515988287519209887e+00,1.453911561694213317e+00,9.334275154485716097e-01,-1.101375943230936960e-01,-2.634947729224983853e-02,-1.790542878879685385e-01
-1.935453089092197931e+00,1.710189580234044104e+00,1.140883752824109587e+00,-1.341352900794038350e-01,-4.992809722219809787e-02,-2.394597978017309614e-01
-2.455139615641886319e+00,1.738878996917679221e+00,9.995051441053958152e-01,-1.473520888703260256e-01,-4.617325241700160482e-02,-2.842384463659722860e-01
-1.597651572065005521e+00,2.162412666770785474e+00,9.832642837960838822e-01,-1.519015246513910067e-01,-3.224054019909457225e-02,-3.652587882376214234e-01
-1.293450408078526959e+00,2.103948283617078197e+00,6.214467472476579157e-01,-1.594424512333493804e-01,-4.794546761363578657e-02,-4.316721075379463812e-01
-1.403603132238680384e+00,2.140934483014141687e+00,4.863564235234433264e-01,-1.901505475029863779e-01,-6.214323399420838834e-02,-5.118089207663329976e-01
-1.732197799572487984e+00,2.141023076020006854e+00,5.195111127176437193e-01,-2.275588286076308253e-01,-6.690375583931811032e-02,-5.978967528913157192e-01
-2.055207852689266979e+00,3.278622531620934755e+00,1.176778276504158782e+00,-2.276568834671072739e-01,-4.500156849130517583e-02,-6.711455493465053879e-01
-1.873326041344966164e+00,2.940339152020674973e+00,9.513822102556901417e-01,-2.300191580643298483e-01,-1.761176007078352548e-02,-7.454736949218133679e-01
-1.634072286485140690e+00,2.740255930850565402e+00,6.897756000923304098e-01,-2.265906614241572081e-01,-1.897134115332301668e-02,-7.901180670368140868e-01
-1.970121339946204309e+00,3.252971681649674540e+00,9.264381483562805775e-01,-2.247369307698136309e-01,-1.070866894841246246e-02,-8.505899221750231609e-01
-2.465292907165598457e+00,3.104891299582436925e+00,9.143573682366064048e-01,-2.367753065959118108e-01,2.530829367431994617e-03,-9.022080865369423996e-01
-2.180917158038504500e+00,2.592591677474394896e+00,6.514245622067134089e-01,-2.410873338789727705e-01,9.355390802157390745e-03,-9.342529106225180291e-01
-2.297506226663319495e+00,2.520217628039198132e+00,9.901097441039543590e-01,-2.452406791730256941e-01,3.568722904183779798e-02,-9.774817446438139878e-01
-2.635102839770548933e+00,3.005855316472235916e+00,1.264839332718451281e+00,-2.509682254528867729e-01,3.535155828408995810e-02,-1.003410862291149952e+00
-2.405391214747380602e+00,3.100459066866175561e+00,1.343677791045416292e+00,-2.488846174279364110e-01,4.339636766312657962e-02,-1.014834508811685687e+00
-1.921243124583359885e+00,3.210054090581084818e+00,1.282115392956768130e+00,-2.433744884398293395e-01,4.370069882382409537e-02,-1.012062491775877149e+00
-1.894204103643591264e+00,2.557278798952721033e+00,1.236073597887604514e+00,-2.623143564503953584e-01,3.778336142040990969e-02,-1.022064123761371901e+00
-2.008701205151682601e+00,2.993081973621129599e+00,1.090065751856219123e+00,-2.742183363206949775e-01,1.883332035439536090e-02,-1.056932123031532944e+00
-2.110921617005089956e+00,2.985854623823885667e+00,1.115428664089749944e+00,-2.839834368745421389e-01,1.848310280130208150e-02,-1.085711590434596641e+00
-2.687992675412080423e+00,2.979791634532672262e+00,1.194659634697064821e+00,-2.862835011236360416e-01,2.689076978703041840e-02,-1.095152469691829999e+00
-2.403936438230009465e+00,3.678454578097316130e+00,1.412769591091015631e+00,-2.711423317799129817e-01,2.296074944394855058e-02,-1.101427391479339102e+00
-2.331697096950092085e+00,3.164997232457696263e+00,1.075960454943515332e+00,-2.771659859777684809e-01,1.736050988608102419e-02,-1.106945827926509196e+00
-2.214051242006302544e+00,3.481488381648459196e+00,9.510531372976003261e-01,-3.063357243671248065e-01,-1.579711303328702743e-02,-1.148063614954962564e+00
-1.337323676881272849e+00,3.408395188337977721e+00,1.091130060983154682e+00,-3.105103963263130540e-01,-1.624249576629547068e-02,-1.145892810486069946e+00
-1.746872452091567496e+00,3.290737943751338879e+00,9.241058823248442522e-01,-3.288716833627505221e-01,-3.824229213560702972e-02,-1.162832166606480255e+00
-1.418245073235298470e+00,3.193126520606341501e+00,7.136569982250224875e-01,-3.402006224501938902e-01,-5.372959769267583729e-02,-1.170871770423379088e+00
-1.068221460421977076e+00,3.975953517146750826e+00,7.179313620616837310e-01,-3.180343293449401365e-01,-6.931659227186201533e-02,-1.169994284348840230e+00
-1.658766266603246775e+00,3.294041574449046994e+00,7.285781252660696872e-01,-3.322381063763362730e-01,-5.347346613745514871e-02,-1.158104534095200533e+00
-1.140356818822873208e+00,3.496141699269665004e+00,7.062202287918267762e-01,-3.256126909895031840e-01,-6.551603125800881111e-02,-1.166027258533266053e+00
-1.329205825458109835e+00,3.469348093072702532e+00,9.035552097305195041e-01,-3.293805552847797746e-01,-6.291784004357070526e-02,-1.168333098306983509e+00
-1.498537758747074733e+00,3.713637727130710164e+00,8.511482774514971261e-01,-3.146332300811521820e-01,-5.893240937112639855e-02,-1.158097889848951789e+00
-1.297050448481418039e+00,3.095058642726840503e+00,5.662220313043200282e-01,-3.214910564427917450e-01,-6.494740733716236614e-02,-1.150772240168491889e+00
-1.656199324256619754e+00,3.696566153509413422e+00,5.885807085763010704e-01,-3.146694575500413316e-01,-6.337929588157555083e-02,-1.158138303990253304e+00
-1.938789875866611556e+00,3.054321160678104441e+00,5.377094954935692783e-01,-3.082506153101651769e-01,-5.625070434075213344e-02,-1.147168798396703826e+00
-1.260065065121207084e+00,3.726618136474269871e+00,5.770753766253969852e-01,-3.049214030866855274e-01,-6.859863079081414405e-02,-1.156430402417182757e+00
-1.329285059167008676e+00,3.067299580923706692e+00,4.163225184894865372e-01,-3.125048162466215751e-01,-7.524066050441854947e-02,-1.158906042473545561e+00
-2.251795144274984395e+00,3.700187065385246665e+00,5.648847648412305134e-01,-3.008742543987051876e-01,-7.704659916490355642e-02,-1.177813852458598376e+00
-2.182956314292932021e+00,3.057581527257109855e+00,4.298860976637921549e-01,-3.059879595943493236e-01,-8.189522850090596995e-02,-1.190108159300752311e+00
-6.543369946723252006e-01,3.351498314329144801e+00,2.426919833178549091e-01,-2.868082782775422390e-01,-1.100017905370568178e-01,-1.185906507496821138e+00
-1.158573099894175673e+00,2.945072403069109335e+00,2.298882008060402216e-01,-2.886565654027091754e-01,-1.019166728829367374e-01,-1.192337978300089141e+00
-2.252845774798204026e+00,2.925060999157792274e+00,3.345098147637518560e-01,-2.777609895582329735e-01,-8.466516460000336752e-02,-1.181038281873825202e+00
-1.221174644036131962e+00,2.746172359797650842e+00,1.674888912398856400e-01,-2.645381772004811727e-01,-9.929195276771750345e-02,-1.179453329626871660e+00
-1.146605237429415336e+00,1.841717111979959576e+00,-2.201809005296897492e-01,-2.808951009247350195e-01,-9.971682016195884679e-02,-1.188028041189288952e+00
-1.765196481317282462e+00,3.805783934523440770e+00,5.501639247670278010e-01,-2.656791955199624966e-01,-9.884510551365340014e-02,-1.204878159644307223e+00
-2.660142401540482204e+00,3.138123912617466704e+00,3.881189826397003495e-01,-2.743620578014286937e-01,-8.906825245063015872e-02,-1.190354617927560588e+00
-9.923862172731356956e-01,2.984812719212520893e+00,1.415081182086150857e-01,-2.651180000820469451e-01,-1.120959956018790782e-01,-1.190516522812257616e+00
-2.470292511555986614e+00,2.767504810246727676e+00,1.071777276757106545e-01,-2.783908689404205883e-01,-9.391455357575585750e-02,-1.200909578422324486e+00
-1.422764044044702025e+00,2.029201365772713039e+00,-1.499222874596901622e-01,-2.765563529049619440e-01,-1.282873260956419736e-01,-1.219756200659741552e+00
-1.835697143008005572e+00,2.559785138882316069e+00,4.971023797821105816e-02,-2.795387720029890444e-01,-1.212527386093313897e-01,-1.225223510856681353e+00
-2.112982976904383303e+00,2.810825674105390970e+00,3.210112046755186910e-02,-2.650768513819234951e-01,-1.090021958023467269e-01,-1.192479265289368762e+00
-1.451857489163460357e+00,2.653643660679949612e+00,1.471696203504345712e-01,-2.583100563787340542e-01,-1.171560089913447344e-01,-1.175879277395186939e+00
-1.200615720931778263e+00,2.584279565225546360e+00,-8.494921002691691037e-02,-2.592602030750926767e-01,-1.208491906708790420e-01,-1.175779864208685854e+00
-1.429157804689877409e+00,2.941003257432558637e+00,9.674088963440241606e-02,-2.510402293742657331e-01,-1.208930137942562238e-01,-1.169272778605962015e+00
-1.947776459387275283e+00,2.768343300631568749e+00,3.462889835581224318e-01,-2.502351228577048281e-01,-1.009702472576194943e-01,-1.151644169792177097e+00
-1.139445855175933442e+00,2.611466875627719286e+00,3.038637286553291794e-02,-2.383084938806788733e-01,-1.145531397228662790e-01,-1.157772272671279135e+00
-1.450994099008002358e+00,2.421585038469312057e+00,1.325767074805533907e-01,-2.495009349321067049e-01,-1.070834155842234070e-01,-1.169790307848877386e+00
-1.823441210969610538e+00,2.840016894441632189e+00,3.335359831518561746e-01,-2.479552717443409549e-01,-1.044182341685511578e-01,-1.154912203283622762e+00
-1.315887247843718910e+00,2.847342184139984855e+00,1.555247467953793095e-01,-2.604023117487884176e-01,-1.202937783644553588e-01,-1.152703735541266150e+00
-1.146217729507793992e+00,2.591516634164978683e+00,3.928001708858785967e-02,-2.635711214794863033e-01,-1.216498318147830882e-01,-1.142291526023585968e+00
-1.877837158574400700e+00,3.184449939787962869e+00,4.014238838440359336e-01,-2.503767257818896308e-01,-1.053735539659453879e-01,-1.135062531924637685e+00
-1.404557574697538502e+00,1.694151212441522558e+00,-2.629351043878906946e-01,-2.671468201587163804e-01,-1.104516478067029822e-01,-1.130286210572021055e+00
-1.750538218276803892e+00,2.342529965250489621e+00,3.806571705798122984e-02,-2.604923282023167141e-01,-1.191970853731308261e-01,-1.135251040230612851e+00
-1.464931924797064244e+00,3.099846714850821083e+00,9.307855249498708794e-02,-2.629281373884326811e-01,-1.132138066863900144e-01,-1.138525873275997968e+00
-1.899266915538103451e+00,2.925628392650046372e+00,-4.447775575591950137e-02,-2.635575981974981330e-01,-1.116627668614869340e-01,-1.113594985018233174e+00
-1.089373111684054152e+00,3.085937551433842074e+00,-8.698930417364891809e-02,-2.694267479567759582e-01,-1.096665567249238832e-01,-1.096692509614298316e+00
-1.250806340781736470e+00,3.238937994269557308e+00,-8.328723765413759139e-02,-2.792875990642924022e-01,-1.241004708740975765e-01,-1.101779429051124914e+00
-1.741002280306497285e+00,3.792499519645420758e+00,9.181193118419783694e-02,-2.803914646074465722e-01,-1.188620823880352229e-01,-1.114919081854635952e+00
-1.916864264451514144e+00,3.074175962795015593e+00,-1.703363608943790908e-01,-2.756310573198424985e-01,-1.164029072387859215e-01,-1.093169107962920883e+00
-1.430741287081891855e+00,3.339068720016725944e+00,-1.975452608951282496e-01,-2.739476129730717413e-01,-1.228801490029529098e-01,-1.078687717088912645e+00
-1.452076922651432511e+00,3.853490662688407120e+00,7.644032415480017661e-02,-2.813673827543211603e-01,-1.125564152420780450e-01,-1.055283337688283529e+00
-1.419231451075737782e+00,3.794824237011893864e+00,1.742839437692689231e-02,-2.805248109478149510e-01,-1.151180152707684257e-01,-1.045942377379852628e+00
-1.242378708319104907e+00,3.918113329543456036e+00,-1.211691954793581161e-02,-2.831850442474468932e-01,-1.258667777381835273e-01,-1.061567225358821309e+00
-1.142242213244033744e+00,3.409344924274355204e+00,-1.859783711346387758e-01,-3.045754105359953501e-01,-1.335999197030014740e-01,-1.057694852197191837e+00
-1.369278434088245344e+00,3.988773948102122269e+00,-7.228635289856266688e-02,-2.927885966384876637e-01,-1.302854739257295058e-01,-1.036325556046637564e+00
-1.570760745304231820e+00,3.866731324852508145e+00,-8.305462893887738396e-02,-2.818400894840003001e-01,-1.167788411792716891e-01,-1.004047869306234464e+00
-1.004686362133283328e+00,4.071220286527506005e+00,4.819338681193685581e-02,-2.783510699805653577e-01,-1.225778280592326047e-01,-9.999984925266282021e-01
-1.525422182981909458e+00,3.909152499424517035e+00,9.303027030280741627e-04,-2.900374289247293902e-01,-1.182145649776892848e-01,-1.011850013554028482e+00
-1.130425623112748745e+00,3.626980363870428992e+00,-2.250651046708886938e-01,-2.908935914844602566e-01,-1.219819836303265570e-01,-1.004313055857085413e+00
-1.257899216454710256e+00,4.219263544244697961e+00,6.994091333176943870e-02,-2.751652477390325591e-01,-1.102065137784408316e-01,-9.916314185981808249e-01
-7.276595136985839485e-01,3.356424487647871047e+00,-2.097438563925073662e-01,-2.914414572875727028e-01,-1.242382240157521023e-01,-9.936156271662670569e-01
-1.510117679020775761e+00,3.829582216877417622e+00,-6.206638253551211015e-02,-2.856966368579073601e-01,-1.145272394770392999e-01,-9.926329144223376977e-01
-8.717030854137521878e-01,3.570541204851703121e+00,-1.704250035371059901e-01,-2.697069000326512977e-01,-1.109555211610425696e-01,-9.731206073815824587e-01
-6.700607922690711149e-01,3.539638140573872604e+00,1.605407095931821182e-02,-2.891553515068160940e-01,-1.186658963678105666e-01,-9.891757512314572898e-01
-1.508337051525061145e+00,3.361097375539142451e+00,-4.328673669540417102e-02,-2.865378652218520950e-01,-1.137354292672815431e-01,-9.889754537597017503e-01
-1.046608300234453948e+00,3.194470478970715011e+00,-8.933199766409516407e-02,-2.793956829383361651e-01,-1.150496769534804370e-01,-9.811308539930780892e-01
-7.093596451876789111e-01,3.202052962325884877e+00,-1.547170151437713415e-01,-2.922696055356905909e-01,-1.393301979104255572e-01,-1.015014886220664270e+00
-1.318916504944888102e+00,3.290664123266894503e+00,-3.156074012156295794e-02,-2.926975701970690458e-01,-1.268692123496266144e-01,-1.016039278896160303e+00
-1.699841657919428428e+00,3.598013950175692255e+00,2.307577533666889114e-01,-2.896010003566542035e-01,-1.163387156893903457e-01,-1.004698644731103707e+00
-1.176448522936955676e+00,3.373115670890031836e+00,1.970851852288205697e-01,-2.840451054970680733e-01,-1.204471636681641034e-01,-9.839834560291924603e-01
-8.726367956148131100e-01,3.764049732683593330e+00,1.538982868428314665e-01,-2.729019276099218794e-01,-1.324151724213109838e-01,-9.948021875722637963e-01
-1.179810756211557177e+00,2.578925793679027745e+00,6.614067753134622585e-02,-2.860302381627962687e-01,-1.207902936953646755e-01,-9.905590879053809417e-01
-9.384041563467137026e-01,3.121166159431782106e+00,2.091033218014068940e-01,-2.843646859606344668e-01,-1.278794083650658941e-01,-1.011588018496560881e+00
-1.320984602238925110e+00,3.372679233697361667e+00,3.151243548883844170e-01,-2.801500947860059432e-01,-1.196473361033801308e-01,-1.008136163260108686e+00
-1.197939824909079576e+00,2.016374377171082255e+00,-9.422825598520634394e-02,-2.928170226990499114e-01,-1.174265251063893317e-01,-9.819596173122913108e-01
-1.374463442783426581e+00,2.962506877547859574e+00,1.354795906925114757e-01,-2.784237368584389083e-01,-1.144760217289937099e-01,-9.786719017367684348e-01
-1.438506924255034569e+00,3.334132470742441345e+00,2.668337413983532524e-01,-2.745477706546632923e-01,-1.125088747568155773e-01,-9.720792906775849174e-01
-1.696668943782200456e+00,3.270555034564593733e+00,3.072265817958548251e-01,-2.626129341267804396e-01,-1.023291181694286900e-01,-9.368797149869109164e-01
-9.959142301146015619e-01,2.167498134258498688e+00,-1.525085365871023946e-01,-2.729804562523787670e-01,-1.158524326248391162e-01,-9.405176682206433103e-01
-1.316668370144708167e+00,3.037292255630637428e+00,9.803860461284941152e-02,-2.668609542320699579e-01,-1.226968835633065746e-01,-9.643019781003583368e-01
-1.271241089765327903e+00,2.846011676657128397e+00,1.684948384080677819e-01,-2.789913446661850815e-01,-1.220230141421825842e-01,-9.761457772565280688e-01
-1.293322374149181275e+00,3.473479349230228941e+00,3.238061668895610978e-01,-2.778602856840744484e-01,-1.315286707716354919e-01,-9.908019635220157717e-01
-1.572120880694850564e+00,3.273810170427708055e+00,1.371359579243933702e-01,-2.789956926057809983e-01,-1.303776567765776717e-01,-9.816795961573041573e-01
-1.348646286753826029e+00,3.103814880227129702e+00,1.199125913588219294e-01,-2.905397366493239764e-01,-1.307281438159727249e-01,-9.801008789101975927e-01
-1.561181146267880404e+00,3.140331676019390894e+00,2.323985497919744958e-02,-2.987125213464081885e-01,-1.314549914150125731e-01,-9.785690263445678827e-01
-1.123263781063628564e+00,2.947510121279113271e+00,-2.483552130821498061e-02,-2.966564079997586201e-01,-1.306114319336201812e-01,-9.704893631881040816e-01
-1.274003300643868908e+00,3.391921388583313490e+00,2.703025811824333324e-02,-2.826553125300211300e-01,-1.279539572068084385e-01,-9.645952884278838901e-01
-1.442043227885647205e+00,3.499100779666137750e+00,3.309493512934191806e-02,-2.833868550668104391e-01,-1.316070575867730741e-01,-9.774873760347045915e-01
-1.378204612782733207e+00,3.224328174587741014e+00,1.195028320630269203e-01,-2.824559479884916069e-01,-1.305170436664714884e-01,-9.850131312302451425e-01
-1.227799618651468805e+00,3.026347411078388117e+00,3.863662218882502053e-02,-2.997937492378061064e-01,-1.344953976594234490e-01,-9.943532501557041936e-01
-1.430101356136693536e+00,3.142058927930087453e+00,1.090305866734422313e-01,-2.949203174289134477e-01,-1.338905131839214779e-01,-9.862964264026928829e-01
-1.419648172190034030e+00,2.745146584532248912e+00,-6.541140540740575382e-02,-3.041636504596632040e-01,-1.408213617951842855e-01,-9.837765520611305714e-01
-1.508283355463931219e+00,3.556859360258356695e+00,1.514289838161581025e-01,-2.940299034456630989e-01,-1.332991693210122397e-01,-9.664192426248600087e-01
-1.330541141045230136e+00,3.515825132309018386e+00,2.441949909607606939e-01,-2.958802342969490407e-01,-1.290623649269144468e-01,-9.457346401714417095e-01
-1.418317028608424346e+00,2.748473334078846975e+00,-1.585288845581651618e-01,-3.052323640612496503e-01,-1.338442295928686521e-01,-9.368147168259757240e-01
-1.403137753677454747e+00,3.109979297046231661e+00,-3.226625383350945064e-02,-2.947470988252805513e-01,-1.352901945087808810e-01,-9.325418827449188930e-01
-1.519066544166770338e+00,3.405536571093469078e+00,4.061639601366917596e-02,-3.072232168703994404e-01,-1.390616241341638137e-01,-9.457844362630660751e-01
-1.594622297404031608e+00,3.574779515138795993e+00,8.198742219994126224e-02,-2.967392862982229929e-01,-1.377323078823730618e-01,-9.338386838777790189e-01
-1.551043939773575797e+00,3.827115004833784528e+00,2.038676135258489230e-01,-2.949796757200315311e-01,-1.341753181850661725e-01,-9.263026498666468989e-01
-1.435393894716846086e+00,3.345354136689566271e+00,6.891674879624587469e-02,-2.924986756437849555e-01,-1.373742862143756682e-01,-9.100992721589250545e-01
-1.495415478863532099e+00,3.318239075053602161e+00,-1.028549685416644266e-01,-2.939302704597907545e-01,-1.444983848844248742e-01,-9.025397588747928745e-01
-1.365379527861334985e+00,3.092217074912304131e+00,-1.951270311972221894e-01,-3.002395581103399769e-01,-1.456189841506808358e-01,-9.045800527806842073e-01
-1.564944541052325055e+00,3.222830478840114310e+00,-9.285195564450199335e-02,-2.834384151337505653e-01,-1.383106066537824752e-01,-8.955639887279230882e-01
-1.126608513007177903e+00,3.242226805050997474e+00,7.178145575596595052e-03,-2.832416526636841181e-01,-1.414654720353554773e-01,-9.001534533825510387e-01
-1.376983194751190576e+00,3.469353423743925191e+00,1.563133079340468523e-01,-2.820121668560648387e-01,-1.353898955106752067e-01,-9.066668809575755272e-01
-1.396390047021604630e+00,3.420183362589912957e+00,7.713264768800409676e-02,-2.801421410351819796e-01,-1.383606049034254437e-01,-9.002823316186235880e-01
-1.313977826754107125e+00,3.454836908472125323e+00,7.417165756586663328e-02,-2.751444327648622790e-01,-1.263502399537728693e-01,-8.723214990341137121e-01
-1.405592401938164482e+00,2.922881522814571476e+00,-1.495657521677760116e-01,-2.844629373559801055e-01,-1.291089047780067944e-01,-8.599617454696308894e-01
-8.342999037935358020e-01,3.738450958025985038e+00,9.335623482451604893e-02,-2.801420462848993598e-01,-1.364552487053843910e-01,-8.750166374275945014e-01
-1.228484775619293146e+00,3.247253574683441002e+00,-5.079499296090350668e-02,-2.868061968467739975e-01,-1.334777549026145982e-01,-8.773850192279695204e-01
-9.308729234984118861e-01,3.962265864048120978e+00,2.094411502438864314e-01,-2.691886175519788704e-01,-1.353140992197462977e-01,-8.841951893187012246e-01
-1.298317437644862515e+00,3.928438998560856987e+00,1.807268567397031234e-01,-2.661007426897304962e-01,-1.273597955737332810e-01,-8.773039214581617173e-01
-1.443724454463544804e+00,3.348422356627379415e+00,-6.608697673584873478e-02,-2.745690320962588249e-01,-1.278913254197335259e-01,-8.790694197461700332e-01
-1.060255542446582711e+00,3.721263579313873748e+00,1.797591742433102269e-01,-2.759909051583908091e-01,-1.246869565828738619e-01,-8.837846200185555112e-01
-1.471912217659415489e+00,3.925526762318023444e+00,1.310095591597362219e-01,-2.756603472082688744e-01,-1.214962342205881535e-01,-8.850825134783218973e-01
-1.184556630914895159e+00,3.552945024514511108e+00,-2.598405876297338324e-03,-2.699376444411955567e-01,-1.253146893191913192e-01,-8.777034325520838287e-01
-1.131406856980221143e+00,2.912879369583584399e+00,-2.142446447231587392e-01,-2.789606602347945996e-01,-1.241946755159302612e-01,-8.694538631050267030e-01
-1.350891087634497723e+00,3.669481811284593942e+00,1.185357552319676877e-02,-2.792580214117252879e-01,-1.255206991174368236e-01,-8.785723002242288304e-01
-8.892251479360016031e-01,2.702072223618394275e+00,-3.702066524304565842e-01,-2.892316189151574735e-01,-1.370492590842277703e-01,-8.672297269134817688e-01
-1.361026860392319238e+00,4.475396485939761249e+00,2.707498262121770249e-01,-2.746041450268308926e-01,-1.336063819483697124e-01,-8.856994441576619970e-01
-1.215807902943970120e+00,3.800842119422519705e+00,9.554999476541703451e-02,-2.775841212253752910e-01,-1.383257926386303738e-01,-8.908757681150551999e-01
-1.345646680681591212e+00,3.195415650832519106e+00,-6.175652458508973375e-02,-2.769146807057179527e-01,-1.320031042973419111e-01,-8.845387259202330821e-01
-1.284404085783023231e+00,3.563530958821802486e+00,3.206207898709978465e-02,-2.754243696180135870e-01,-1.313088201938084065e-01,-8.913806678547656626e-01
-1.274226700384072153e+00,3.158713502578442078e+00,-9.952802454551767930e-02,-2.785823308320319880e-01,-1.307733828634308204e-01,-8.847891390463238359e-01
-1.169391845012982545e+00,3.538696162253212485e+00,1.138129479479501605e-01,-2.712045998865585950e-01,-1.278884407462247408e-01,-8.916913823841579045e-01
-1.440609180322530491e+00,3.795656817483704426e+00,1.158326237588398477e-01,-2.598028750555865796e-01,-1.242357982293023494e-01,-8.949640135740821734e-01
-1.341266013716465810e+00,3.373034338650252817e+00,8.747944125271245319e-02,-2.788580853030591666e-01,-1.308403671932120704e-01,-9.140177451166794365e-01
-1.152498650909624445e+00,3.896873323635310804e+00,3.123796514144646652e-01,-2.732170413519943164e-01,-1.340752536185662036e-01,-9.225175935928594528e-01
-1.572296842197771438e+00,3.373235848831722450e+00,1.820961923078725508e-01,-2.741226278915135928e-01,-1.228051529656063456e-01,-9.124697705393541858e-01
-1.496981020200448320e+00,3.363522718333824546e+00,5.798037733309802100e-02,-2.675124682420025324e-01,-1.283240117805723168e-01,-8.978525508330216232e-01
-1.167878222405803079e+00,3.571714329792842424e+00,2.525585326387483898e-01,-2.575375485521114727e-01,-1.227444530644864612e-01,-8.858350388220557203e-01
-1.029109807278702826e+00,3.984045907528318775e+00,3.919473253642763444e-01,-2.616246882662328632e-01,-1.316628763853431305e-01,-9.076478661676223858e-01
-1.545290224931057832e+00,3.879175976323254282e+00,5.562275293932876785e-01,-2.646126750473207778e-01,-1.118610110638178085e-01,-9.073394247513197897e-01
-1.042942381046198630e+00,2.966576178543109954e+00,1.165481284932188277e-01,-2.699009613420310649e-01,-1.257013683506488511e-01,-8.995519436574654915e-01
-9.730143707571257128e-01,3.515672415321270172e+00,2.734282698631916864e-01,-2.635161851754060924e-01,-1.273905064652369190e-01,-9.008748181317315362e-01
-1.476520858291796134e+00,3.332977168452267325e+00,2.578534422995879538e-01,-2.787206027085826765e-01,-1.168980448485222590e-01,-8.941989991972346674e-01
-1.435818292750733249e+00,3.599672208459363087e+00,4.383400702012067995e-01,-2.657735553137098861e-01,-1.145184794748466545e-01,-8.763682811535870032e-01
-1.187292209005059718e+00,3.280365234666648977e+00,1.638583435163936119e-01,-2.592410306813174858e-01,-1.256528437382299357e-01,-8.722900009250050823e-01
-8.461537415114372962e-01,4.233780990615236384e+00,6.313561860799780101e-01,-2.429219466001943661e-01,-1.224988598734617629e-01,-8.810399345060109244e-01
-1.505925417018943779e+00,3.087196659879482219e+00,2.513131625457412088e-01,-2.543536770403679870e-01,-1.186042979811397363e-01,-8.768681896908313567e-01
-1.307180404230501969e+00,3.380964636739757889e+00,2.769045586729905750e-01,-2.652329796210634028e-01,-1.265311338273939767e-01,-8.806319045654831257e-01
-1.447939952623099602e+00,4.086310408253932103e+00,5.784259921898440293e-01,-2.451090680866356286e-01,-1.249786375539077843e-01,-8.723303799021769889e-01
-1.139893119907363417e+00,3.507659940384575403e+00,4.077465438406967513e-01,-2.468000721241069562e-01,-1.204243265906251581e-01,-8.455262390063773559e-01
-1.376657086099808858e+00,3.513201055239971726e+00,4.223161234219690030e-01,-2.426429079603184824e-01,-1.125316810008765989e-01,-8.337351806801766019e-01
-1.124697015026942193e+00,3.083456345704116419e+00,1.902204092981888417e-01,-2.484352704107956611e-01,-1.250088018117706257e-01,-8.370606176973838242e-01
-1.074162234178614561e+00,3.200525846000071617e+00,2.936386147844185501e-01,-2.424439397095509430e-01,-1.227820455001543132e-01,-8.437968720104113141e-01
-1.350008255288461800e+00,3.616437001060433865e+00,5.543450711394140029e-01,-2.309482613373275706e-01,-1.136961022937789945e-01,-8.399294437648519018e-01
-1.452608231795806448e+00,3.420105475309163534e+00,4.300910243655691190e-01,-2.367823409938925594e-01,-1.134608421763565744e-01,-8.514519697830778000e-01
-1.538400574940602006e+00,3.490889333219020951e+00,3.487802650049690589e-01,-2.259184958259707887e-01,-1.220866973598493666e-01,-8.487195152486348704e-01
-1.068011965576242561e+00,2.644281146137877236e+00,2.453621814440729576e-01,-2.307821515072653873e-01,-1.169043446640690570e-01,-8.386943426366740839e-01
-1.661264152896355650e+00,2.948373128058277004e+00,4.475282491754386527e-01,-2.293845610255002554e-01,-1.107542213760718403e-01,-8.480591896086100423e-01
-1.653047281512924904e+00,3.342572830819464880e+00,6.700935987338658695e-01,-2.294707615549310964e-01,-1.020552477094070487e-01,-8.450214470349390883e-01
-1.722590903502485782e+00,3.027899716723098766e+00,3.980688127056712933e-01,-2.202393703744822961e-01,-1.066331947886095394e-01,-8.320853679615548559e-01
-9.665657419409323658e-01,3.402943994070993128e+00,4.467141315461723439e-01,-2.081367327348614127e-01,-1.142156307811129784e-01,-8.268060013721920676e-01
-1.121326800437034255e+00,3.213011780653832083e+00,6.967980105907831678e-01,-2.113740705188267288e-01,-1.045117963216138368e-01,-8.274554766964934416e-01
-1.721069207527736733e+00,2.405161851904563441e+00,3.805361176274923984e-01,-2.234528165032759472e-01,-1.068137452889270367e-01,-8.221631268323641439e-01
-1.276303858708402128e+00,2.796469072424474955e+00,5.360918721332070813e-01,-2.155741168827402243e-01,-1.142132450662077664e-01,-8.351599027348590720e-01
-1.449779125846522465e+00,2.832886046511850164e+00,4.876110868326302139e-01,-2.112688788959222463e-01,-1.199713252382036688e-01,-8.411306691745754627e-01
-1.146137287289678230e+00,2.980826605685579000e+00,5.828996295154771357e-01,-2.016331448204726484e-01,-1.119298913569124893e-01,-8.367381052912974404e-01
-1.833504814214878653e+00,2.645042303574245413e+00,5.963730883755260503e-01,-2.088767448019557826e-01,-9.985205821625323108e-02,-8.268193986243846938e-01
-1.413623670017091660e+00,1.774389591622207440e+00,3.372947045160266111e-01,-2.200619755840099445e-01,-1.097454991615120778e-01,-8.076589827800422228e-01
-1.544220030917392572e+00,2.769076857293345295e+00,5.505985125054850826e-01,-2.035830158161942016e-01,-1.139951695207524207e-01,-8.069858838625387776e-01
-1.093509159443222467e+00,2.729193112647186670e+00,6.058767103158565481e-01,-1.974785101791257380e-01,-1.108843218959914001e-01,-8.002250171077519569e-01
-1.317459791509287603e+00,2.351896164393011635e+00,5.493043858830566339e-01,-1.988097477627514820e-01,-1.082132763225496508e-01,-7.979326158006824210e-01
-1.647568515213219342e+00,2.865959052097272863e+00,6.125494337390329225e-01,-1.999141792343500923e-01,-1.121731864247936528e-01,-8.034334639094230512e-01
-1.557960122105500833e+00,1.978156564211901003e+00,4.773249311426830399e-01,-2.043228522820827731e-01,-1.101873798385400866e-01,-7.780903360487485543e-01
-1.012960477901980294e+00,2.598304568428080330e+00,6.831211300745611004e-01,-1.814426495051240373e-01,-1.101608383895975735e-01,-7.695618621209102672e-01
-1.424008137224757498e+00,1.867570230545929411e+00,6.808708117735371435e-01,-1.952204332733716574e-01,-9.498039092799587246e-02,-7.648493188433963530e-01
-1.604449497798190905e+00,1.884482640976882006e+00,3.756451572106936920e-01,-1.899199762217008702e-01,-1.108449978798604629e-01,-7.708813039913180454e-01
-1.305341171210707252e+00,1.796636536751024860e+00,2.917789983787453245e-01,-1.926465281552942055e-01,-1.180147303841396350e-01,-7.736992093798790160e-01
-1.494810848153331762e+00,1.511501886183115095e+00,3.486438009214436473e-01,-1.945509313212464286e-01,-1.125530910623956660e-01,-7.496698409416080455e-01
-1.418477105403304517e+00,1.956440979489687093e+00,4.752084373016366436e-01,-1.828124999675804774e-01,-1.094786285967851852e-01,-7.365684912284986563e-01
-1.873603530157168073e+00,1.797619391196177308e+00,3.895264859536264890e-01,-1.922693281835681778e-01,-1.109343163875398108e-01,-7.460756210689442058e-01
-1.354702892245414958e+00,2.556819710086390529e+00,5.075407420342654685e-01,-1.917889249007504182e-01,-1.249247715202013304e-01,-7.587872062079353830e-01
-1.241481820875123043e+00,2.697694146387695113e+00,6.875207171507967674e-01,-1.855077460858646221e-01,-1.135992391756044939e-01,-7.501753407434370580e-01
-1.172274016057522683e+00,2.426212854708025723e+00,4.523413915889866743e-01,-1.689774564320641881e-01,-1.178034133354170787e-01,-7.252016472243294487e-01
-1.231209863386987902e+00,3.075419167540227150e+00,9.226390292546388094e-01,-1.742942754917181092e-01,-1.084157465867781889e-01,-7.388936811027655427e-01
-1.753706142225092801e+00,1.240429809059644173e+00,3.317482806483051938e-01,-1.968763172698694275e-01,-1.108340647746209606e-01,-7.312970418324291622e-01
-1.533569277651808616e+00,1.719914027183701677e+00,4.061790847502271262e-01,-1.873911178189781035e-01,-1.061590062756671837e-01,-7.270925090577134986e-01
-1.246775830869379043e+00,1.940734256102949029e+00,5.316161346257453069e-01,-1.742347344349556570e-01,-1.025775429610609885e-01,-7.244104155670230138e-01
-1.689489076347719498e+00,1.691545663631652596e+00,4.806857156484574123e-01,-1.695713631844657787e-01,-9.236639492080800373e-02,-7.156491284231968342e-01
-1.974702528056866857e+00,2.075691012583514627e+00,6.643582252408382072e-01,-1.526140358482253323e-01,-8.005161345911449011e-02,-6.951984123492942480e-01
-1.166268705833487740e+00,2.006174278062998084e+00,6.259177404842379833e-01,-1.591219719873187000e-01,-8.860659798241043994e-02,-6.904195304735243344e-01
-9.976666384513526165e-01,1.941475198657208079e+00,6.717839078613980774e-01,-1.643653446043558397e-01,-9.925110744776605154e-02,-7.016790964961635568e-01
-1.553764170192979410e+00,1.172973928974911706e+00,5.741510007130905535e-01,-1.748353303504276146e-01,-8.050551072440795264e-02,-6.968169861956188260e-01
-1.417612562062250392e+00,1.313298839408801211e+00,6.222169225686320360e-01,-1.672743587353861527e-01,-7.432750210206576225e-02,-6.754134098057475999e-01
-1.636545905411251889e+00,1.930162646675685378e+00,6.393681634305350414e-01,-1.561688536851579268e-01,-7.968487348340509702e-02,-6.709560767767576150e-01
-1.198552299567956947e+00,2.268962468124820830e+00,6.632144425238942764e-01,-1.381328800379653110e-01,-8.664382141268006654e-02,-6.616982034020448822e-01
-1.200358408766950324e+00,1.729683730912714879e+00,7.590471054118408389e-01,-1.599234838659004954e-01,-7.467546113434173072e-02,-6.584838320196215733e-01
-1.366677443223631716e+00,9.093840456993804722e-01,3.623487245878771468e-01,-1.581948687208757087e-01,-8.246564643819506712e-02,-6.430239318392321213e-01
-1.329734886751392509e+00,1.158910818995397163e+00,4.395436514140500517e-01,-1.535680783859855458e-01,-8.410641825628542567e-02,-6.423187170039951210e-01
-1.405889658974310397e+00,1.787576099619570424e+00,6.956219864809947140e-01,-1.433158783030115957e-01,-7.421779133700595610e-02,-6.390887239288430832e-01
-1.138297771983479922e+00,1.537608900913983279e+00,5.200790624299600484e-01,-1.472695001574686746e-01,-9.481803192503529543e-02,-6.411428900000779585e-01
-1.269744174886446642e+00,1.222145706015104416e+00,4.824156766622581527e-01,-1.572032492638851253e-01,-8.545784069854930887e-02,-6.350213396493067375e-01
-1.578067011006984766e+00,2.065503927147870566e+00,5.908454453432980813e-01,-1.460490820666657807e-01,-8.204430179129341971e-02,-6.311349623230542161e-01
-1.442404957784200636e+00,2.018380495541096664e+00,5.683083446433812025e-01,-1.389438024299269880e-01,-7.442315319109379934e-02,-6.099199024667286695e-01
-9.430464936289645328e-01,1.645416463917522609e+00,4.232728393815642365e-01,-1.370981901532340452e-01,-8.667297575545478139e-02,-5.960958204654331904e-01
-1.197084622648858732e+00,1.322689024126294299e+00,3.593222062527668959e-01,-1.470946038796980271e-01,-8.258651197187263926e-02,-5.956004639053913419e-01
-1.307046573166257275e+00,1.537921956684035862e+00,3.835208243922942906e-01,-1.494959295983055436e-01,-9.085163827129109915e-02,-6.000987587531908529e-01
-1.127894970956691667e+00,1.583298788198902463e+00,4.447892206863872655e-01,-1.522534789049260484e-01,-9.048483954414210384e-02,-5.984486628316816326e-01
-1.391681481450615543e+00,1.880409271973821461e+00,4.076584144546949728e-01,-1.528860352699366321e-01,-9.404355439295132568e-02,-5.893778762061518961e-01
-1.437386968178640423e+00,1.757651875809350450e+00,2.483975263709901071e-01,-1.365024707731422593e-01,-9.833828646018479003e-02,-5.685482810137025833e-01
-9.999852057702394159e-01,1.415097429833817477e+00,2.966867163214106373e-01,-1.503662992195156922e-01,-9.484801909915029083e-02,-5.657603545116414168e-01
-1.270063287519620943e+00,1.179117311520277100e+00,1.248733193208420023e-01,-1.492223752243268253e-01,-1.016525655519752158e-01,-5.615283598321617609e-01
-1.224456425554843797e+00,1.840163173859787227e+00,2.729662369683545364e-01,-1.430220832370920347e-01,-9.821484977832346808e-02,-5.667432737153695887e-01
-1.206320687630977329e+00,1.702265839074237341e+00,3.953225842571488347e-01,-1.259586893845605071e-01,-8.988047073709676260e-02,-5.452363499767125532e-01
-1.144326979921860055e+00,1.529285078745682203e+00,2.202649933960946216e-01,-1.143626627335556228e-01,-9.006220447881314872e-02,-5.279099083380672797e-01
-1.010371165902401724e+00,1.163520450378125126e+00,1.449872123137065927e-01,-1.239961294878108855e-01,-9.526835106258124686e-02,-5.193242932826155345e-01
-1.019352981708074424e+00,1.017090131623002325e+00,1.339787925171366245e-01,-1.175885680297133057e-01,-8.698948452387564312e-02,-5.040745103352743950e-01
-1.181088456257230579e+00,1.508334041870534437e+00,3.503625825554119722e-01,-1.103480221820873630e-01,-8.233426824251383058e-02,-4.979655067782876032e-01
-1.292037738109444778e+00,1.201680948045338537e+00,2.135305668786360300e-01,-1.112220756181167280e-01,-8.736465205772422915e-02,-4.670596338081275944e-01
-1.054750708649230928e+00,1.143999998746536351e+00,2.339503178554229734e-01,-9.017584074405290973e-02,-8.535238665455824325e-02,-4.298698932410021101e-01
-1.312861748357026404e+00,1.494424144441939273e+00,2.021523124784150305e-01,-7.989736454360947537e-02,-8.455804065811009518e-02,-3.986534057143080734e-01
-1.046270950412329093e+00,7.693769398607485099e-01,-2.712037130599620482e-02,-7.217089936797395355e-02,-9.545102937224143880e-02,-3.451637540159230300e-01
-9.952150518176074989e-01,7.689198336280591572e-01,6.790087420842971788e-02,-7.146834967820510365e-02,-8.827545269076120249e-02,-3.130956272635277426e-01
-1.141686524040550488e+00,6.824972998398970425e-01,1.213589871114253427e-01,-5.787549337449487963e-02,-8.999123618702271898e-02,-2.536973831057263706e-01
-1.164849444144382185e+00,7.923827222926607128e-01,2.423628645954430949e-01,-4.353263860077881409e-02,-8.765486636177087509e-02,-2.026585795137470503e-01
-1.329197771429470709e+00,5.708615580598878081e-01,1.596459411955535312e-01,-3.249664740928587953e-02,-8.332516245559110080e-02,-1.486927486085898309e-01
-1.150487117251366209e+00,8.400917308229997049e-01,2.151497545154764657e-01,-1.052639058291275284e-02,-7.633831149243251735e-02,-1.007570674604766486e-01
-1.134543089762718227e+00,5.041350696197848258e-01,2.319058327676826181e-01,1.988904751957151166e-03,-7.198946267138811583e-02,-5.555148037064184391e-02
-1.009276319130766097e+00,4.806769723575756714e-01,2.785509197864577402e-04,2.054510886504886183e-02,-7.902534455106113853e-02,-6.858917561572165471e-03
-1.140575077149011740e+00,4.930234038874755087e-01,-2.593127247020521331e-02,2.941723640180612248e-02,-8.515864332070915976e-02,1.789715464479009130e-02
-1.143426024037711208e+00,4.018767996396870323e-01,-2.015375652510977833e-01,3.565253666707454000e-02,-9.221347804920765334e-02,3.655692745919651709e-02
-1.134176061678398462e+00,2.138082250020526265e-01,-3.160856556181650401e-01,3.789145808723066999e-02,-9.805682873272712763e-02,5.169422304509302402e-02
-1.234378996281564111e+00,1.428922431958777328e-01,-3.868120370809420283e-01,3.661814108389966488e-02,-9.862500851968981908e-02,6.076326839881419223e-02
-1.315694819226340684e+00,4.154625673138855890e-01,-3.422691559536239492e-01,4.294544150401240212e-02,-9.528865515381620965e-02,6.552196414525969514e-02
-9.267294382068381742e-01,1.843419219793430708e-01,-3.842040290698141014e-01,4.830170920053924316e-02,-9.210177955638768066e-02,7.280281092631274431e-02
-9.938146133192107268e-01,1.937458819680480115e-01,-3.437194727859764765e-01,5.618133141553459386e-02,-9.583989266027279075e-02,8.077727948363369603e-02
-1.081783830175331307e+00,3.325044407897781440e-01,-3.598978744448995126e-01,6.091255731108016075e-02,-1.065317809718850095e-01,8.486544184207481245e-02
-1.183069270577390864e+00,2.027238901766037493e-03,-3.516882187530838699e-01,6.288892650142392793e-02,-1.061673687731896493e-01,9.051659502876747976e-02
-1.226695024435375370e+00,-4.315059531997730846e-02,-3.755040581930866317e-01,7.370984346613067284e-02,-1.005774410497853044e-01,1.051636491223186254e-01
-1.247421101368962892e+00,-2.014414806790813806e-02,-2.678881672136226300e-01,9.645556550938663709e-02,-8.588203814561860827e-02,1.288992812542045507e-01
-1.157571217342107550e+00,-3.633415107984114267e-01,-1.045588536489281406e-01,1.176491040391894893e-01,-7.434552908033725815e-02,1.620120642526715338e-01
-1.362237519697497845e+00,-1.141908220266259821e+00,1.062914836084694059e-01,1.445833710950727435e-01,-5.133232520090251494e-02,2.151142645256895747e-01
-1.194854087333749870e+00,-1.562920053366152029e+00,2.499378294497125452e-01,1.415996328896935441e-01,-3.537541218008909832e-02,2.676501009287152177e-01
-1.357227561710242059e+00,-1.092815115768384082e+00,2.909338140726644983e-01,1.559786477722892861e-01,-3.112032867050702062e-02,2.914926596081918730e-01
-1.371909708885397539e+00,-1.117590896035376424e+00,5.572249843927479240e-02,1.817577318799034614e-01,-3.642882679230476789e-02,3.290359777016608755e-01
-1.886383366188229216e+00,-1.666325192524818810e+00,-2.225489813360814750e-02,1.988543116942075861e-01,-2.878540176617037233e-02,3.753131046493276002e-01
-1.783629047401418255e+00,-2.171803554819829785e+00,-1.374991184409486422e-01,1.937788127363878066e-01,-1.777627605643993663e-02,4.056756777394378011e-01
-1.930884568077148256e+00,-1.592702720244213888e+00,1.128256865825307820e-01,2.221197218350228764e-01,-1.572736891538575182e-02,4.478755721793329370e-01
-2.282147101545718204e+00,-1.995029478673845169e+00,5.518403134272853450e-02,2.282851655565709126e-01,-8.699429526713240574e-03,4.922939027907215492e-01
-2.213545063357805986e+00,-1.718785290847062441e+00,-1.493040943326695569e-03,2.426808419368925163e-01,3.720871079785671720e-03,5.266194012109791656e-01
-2.232491715939061372e+00,-1.686018384873831710e+00,-8.227251614941755165e-03,2.610807206972364236e-01,1.734377588425401601e-02,5.611378320753562798e-01
-2.046611743240218217e+00,-1.719779247622769569e+00,-1.009375983799447596e-01,2.770107357125661807e-01,2.727177917484091552e-02,5.957350297608114964e-01
-2.282123983926612087e+00,-1.691144395923195098e+00,-1.315006933737530304e-01,2.885416679893025305e-01,3.510532464720086954e-02,6.530884130496319440e-01
-2.293193922741475266e+00,-2.191996331607707127e+00,-3.060011429549496231e-01,2.877616635875058226e-01,5.051843680520431284e-02,6.894065752353299992e-01
-2.201200770535939988e+00,-1.415541543317021311e+00,-3.878760627730581945e-02,3.030853532347086987e-01,6.449944483304471954e-02,7.109284931783356187e-01
-1.913260065112541763e+00,-1.739812742225478326e+00,-1.173111632878212074e-01,3.052603969022212316e-01,6.425256396543700677e-02,7.288334488779019127e-01
-1.978167189804422410e+00,-2.094438182520381719e+00,-4.413541901711328652e-01,3.067717313100801202e-01,6.043664769215523203e-02,7.463865236383689927e-01
-1.979733108856159829e+00,-2.734448585324401826e+00,-4.232427932164992690e-01,2.905168918614259854e-01,6.148471517795640884e-02,7.652981013397115451e-01
-2.293800297473628902e+00,-1.593349795948570957e+00,-1.213760300792698921e-01,3.051923866689890685e-01,6.990911235409325020e-02,7.658870815277740718e-01
-2.033317094811541548e+00,-1.372546418552835545e+00,-9.088123439751605304e-02,3.161101823373583253e-01,7.550275999788849668e-02,7.721495754302555303e-01
-2.000707358759706622e+00,-1.725537873807041933e+00,-1.824022017562250131e-01,3.308320429238967852e-01,8.510629937498631614e-02,7.836236524770509027e-01
-1.919877011518268839e+00,-3.049905183081035531e+00,-4.208672902761414480e-01,3.347918092797963485e-01,8.621283727308928779e-02,8.001050193687866408e-01
-1.608554865937175116e+00,-2.750901800865108715e+00,-1.762259877454563917e-01,3.320779260482051853e-01,7.937917453720123862e-02,7.890885033598084020e-01
-1.842276984044230570e+00,-2.832397221871248316e+00,-7.311990572236504171e-02,3.337535427345517114e-01,7.929449107015569542e-02,7.848950051075727075e-01
-2.345914004464515479e+00,-2.739056800838654215e+00,-1.753351931661040197e-02,3.404492151689885171e-01,8.621668908089406835e-02,7.944940039674542875e-01
-2.068154321235545545e+00,-2.697956890225283733e+00,-1.223555551850978862e-01,3.495314903282227825e-01,8.146051835994330692e-02,8.118436579221469662e-01
-1.668597577591275805e+00,-2.797868363544318893e+00,-1.660719409357516163e-01,3.549116924120350736e-01,8.257582220006641494e-02,8.243929520201680461e-01
-1.600182478766905003e+00,-2.880791208826558591e+00,-8.286157710155128697e-02,3.509998331302016661e-01,7.835426177050271168e-02,8.269606394527334592e-01
-1.759340660003767987e+00,-2.856787781669338777e+00,6.337759807907050735e-02,3.516557965341762237e-01,7.872440858070051117e-02,8.246240805662126139e-01
-2.424008630528548203e+00,-3.199610044515751817e+00,-7.819303611050743008e-02,3.481658118413150094e-01,7.674029304399311580e-02,8.396615279453586433e-01
-2.406659484646744396e+00,-3.059768004180607903e+00,-1.374170050579219815e-01,3.541024824732874055e-01,7.966556214031315919e-02,8.648389422182427566e-01
-2.012504647214122144e+00,-2.886129702437025824e+00,-2.678722659376320259e-02,3.817092428517350200e-01,9.565333688706319226e-02,8.953355132940613581e-01
-1.597727078375444254e+00,-3.729036044399867578e+00,-6.693298046973383819e-03,3.722092990305324034e-01,1.046856243602691527e-01,9.179012601894012136e-01
-1.619893217910446825e+00,-3.803436327438314279e+00,-2.153576837873538707e-03,3.765421639997088010e-01,1.127785648927331907e-01,9.229749164953596763e-01
-1.829498044760802244e+00,-3.601720832758705804e+00,1.579217533055314870e-01,3.840088058649175351e-01,1.146250803140970720e-01,9.253151410340324512e-01
-1.956001460150857074e+00,-3.802992864900972325e+00,3.067923657146587324e-02,3.847338234328733231e-01,1.141178157384866443e-01,9.292402941104425107e-01
-1.426095298877650741e+00,-4.136569388925949831e+00,-8.384921687185120653e-02,3.693443250124305299e-01,1.024556103578339317e-01,9.282854141556564631e-01
-1.791585104344054269e+00,-4.008468753332151913e+00,2.065849826983767734e-02,3.588297202595812085e-01,9.666021495170021294e-02,9.316881904664885417e-01
-1.497375658899916306e+00,-3.893671616828231041e+00,5.539044674978743643e-02,3.571524631509777059e-01,8.453347325992149885e-02,9.264022165552966426e-01
-2.051003454138458970e+00,-3.708145127609359992e+00,1.389290955102642222e-01,3.525338886700858376e-01,9.046967857908679023e-02,9.259277715450658919e-01
-1.981557356864906971e+00,-3.955400373821958304e+00,-1.809923083528608423e-02,3.581071752127395480e-01,9.322139493914774477e-02,9.348014390317254119e-01
-1.381947727488373356e+00,-4.493426714776482811e+00,-2.052125225527219321e-01,3.366088210644104239e-01,8.185099852511873442e-02,9.347045866346997967e-01
-1.915448484454952638e+00,-4.088289106083727198e+00,9.201221272597681633e-02,3.278865460252518016e-01,8.063001855119765471e-02,9.326617663144129988e-01
-2.122703773975950003e+00,-3.849666643717252867e+00,8.168449579222003543e-02,3.226037993036235951e-01,7.712238648275583641e-02,9.410930538189373751e-01
-1.827082574527655989e+00,-3.884540749136878190e+00,-8.856244347048725096e-02,3.210349811083213489e-01,7.438302777275088151e-02,9.507843718583439685e-01
-2.046442992796688287e+00,-4.261313980065357221e+00,-1.146059624545479050e-01,2.979554047329844857e-01,7.574413891652287401e-02,9.474440182983593361e-01
-2.114633842504996419e+00,-3.438227092137271068e+00,1.963881818428112602e-01,3.067358447867511995e-01,7.006515867693396959e-02,9.352847607895914406e-01
-1.991372182600294360e+00,-4.502254531534578774e+00,-2.069380447730140293e-01,2.916050444166889410e-01,6.896472453095013611e-02,9.385031931097863600e-01
-1.811124616657863395e+00,-3.544876707234580593e+00,2.052392353421739202e-02,2.872131584598279774e-01,5.137156989391142986e-02,9.279600578661220123e-01
-1.961868756459427710e+00,-4.188127837428957001e+00,-1.494584806084100492e-01,2.678631985899230239e-01,4.713872216790784830e-02,9.264004200888183993e-01
-1.954714127451738559e+00,-4.209580783639998103e+00,-1.310046232928558929e-01,2.564410040480693542e-01,3.004183051799724780e-02,9.138259098341691145e-01
-2.209267753778376253e+00,-4.174691098268281664e+00,-1.581747804748925290e-01,2.427325256141789622e-01,2.062037833401168807e-02,9.010242477805646688e-01
-2.219067983752101014e+00,-3.710648154593310988e+00,-1.325725894141611683e-01,2.487822805055764086e-01,2.090700469871890205e-02,9.013835662324020115e-01
-2.223177111087712543e+00,-4.187860765912182259e+00,-2.131361794971018409e-01,2.359628366145777034e-01,1.324179907495649268e-02,9.069106973073993716e-01
-2.360696714997793322e+00,-4.465555938662972402e+00,-1.373813820158071852e-01,2.284139674732824921e-01,1.292782383887496230e-02,9.172560456891915015e-01
-2.217404212641116423e+00,-5.100969034211177977e+00,-4.749410702083174396e-01,2.328531038781069540e-01,1.168765092260513720e-02,9.237595053998378658e-01
-1.983412446674015506e+00,-4.000838662469919704e+00,1.990862526446814940e-01,2.625552527712941009e-01,2.995328952201894990e-02,9.266399793478193869e-01
-1.313972263556631326e+00,-5.507196847373358572e+00,-4.326321958897916264e-01,2.417868669536593629e-01,3.504921468880183022e-02,9.272729102040205840e-01
-1.381759392624158700e+00,-5.686486764867669130e+00,-7.509031556560754606e-01,1.650789275135104150e-01,-1.137865783652606405e-03,9.003628592529157038e-01
-2.734748335257064067e+00,-2.861736186707533935e+00,3.662361728553250595e-01,1.904265277535777401e-01,-3.157660303131598623e-02,8.801509352050513879e-01
-3.430840343984807639e+00,-5.113281238488811553e+00,-2.033856774595246275e-01,1.804398061086330551e-01,-1.128420328145227775e-02,9.134741236144346965e-01
-1.920876230453736566e+00,-3.929941511925689301e+00,-9.028299911658810295e-02,1.640475810312684857e-01,-2.721036617752964348e-02,9.002741390780635289e-01
-3.127798687359179208e+00,-2.312431020047710728e+00,4.345371394245263197e-01,1.720349282054980666e-01,-1.580804663668070736e-02,9.019454197306037146e-01
-2.556550842924540934e+00,-5.375472833976323805e+00,-7.272155750559747833e-01,1.565482766844613627e-01,-7.134546743999993848e-03,9.514400584509695724e-01
-1.587932156850163423e+00,-2.734419502406041147e+00,3.938680304089808848e-01,1.864573997892003399e-01,-2.641370663403620062e-02,9.370581612242743219e-01
-3.090257630729457805e+00,-4.205846107148940582e+00,3.381113797017423206e-01,1.652457461050681753e-01,-1.618664686511664397e-02,9.438160129612546134e-01
-1.776848741327275105e+00,-5.838715344368169191e+00,-1.839061301159159445e-01,1.492312055565905571e-01,1.875526085082507982e-02,9.445266219510349837e-01
-1.983262259301317609e+00,-3.353342588951031544e+00,8.201386720433410105e-01,1.874229929075899859e-01,2.709461426906801390e-02,9.356326332568365434e-01
-1.674931418340246836e+00,-5.575892081401168987e+00,2.463261635992803900e-01,1.924986333807965355e-01,3.837969828859523480e-02,9.559750212820199433e-01
-8.457929688480330110e-01,-6.123447024511887271e+00,-2.413361351376577257e-01,1.292917837067137088e-01,5.131108152377336987e-03,9.329327323192261323e-01
-2.314328525795775526e+00,-3.091080260067402996e+00,1.055555768015175255e+00,1.533228645895947373e-01,-9.414023823818937209e-03,8.901921316885266222e-01
-2.140365986178640600e+00,-6.617714428550698358e+00,-3.125489812239459209e-01,1.264401035083148883e-01,1.341394706014904792e-02,8.993417077802536852e-01
-1.610517880899166698e+00,-5.663165641140078144e+00,-2.781762466010575530e-01,4.600014867819194470e-02,-1.752446926276469974e-02,8.589988786679907395e-01
-3.425318413133047191e+00,-2.103544099458564354e+00,1.197412766898740877e+00,1.243149673705210290e-01,-1.352831948366694896e-02,8.562784874095731302e-01
-2.444274110462401950e+00,-5.203248294687239373e+00,5.184043592783527110e-02,1.161828567218430308e-01,1.578968861446798655e-02,8.832038089028459993e-01
-1.311567415555532801e+00,-6.013630103214745226e+00,-7.840800508276053460e-01,5.847079366582727533e-02,-1.585241810666671719e-02,8.636990603588047266e-01
-3.174574264112306921e+00,-3.495029233264791646e+00,5.231196653375430605e-01,9.170363852507758262e-02,-3.388139844883998608e-02,8.524773859840318879e-01
-2.214221771253214843e+00,-4.852142639227771781e+00,8.296397772395880388e-02,7.803575733459840180e-02,-1.074231721411439064e-02,8.732879379115141560e-01
-1.241009450594650509e+00,-6.100431998896254093e+00,-8.493076183479788543e-01,1.513468451808652401e-02,-4.469465476028397499e-02,8.445509189831085228e-01
-2.489540552949382590e+00,-1.217553451976715051e+00,1.367609055407121188e+00,8.909387567070342628e-02,-3.925506210230289561e-02,8.047830679328061843e-01
-2.537037468833950538e+00,-3.621750710149501451e+00,4.774125100037156511e-01,1.306435540252612881e-01,9.240338965786319692e-03,8.559217260507245850e-01
-6.902813399790943549e-01,-5.389564627647328798e+00,-3.354606909140047666e-01,2.132186184286906372e-02,-2.825734859537248206e-02,8.287655392954619282e-01
-2.963829325875254828e+00,-2.408398545301521754e+00,7.605327706432492008e-01,4.886455122508873150e-02,-4.520157991522712193e-02,8.133130987746579610e-01
-3.024938430156322244e+00,-3.135655344212451734e+00,1.023397390799254403e+00,1.041717794726063767e-01,6.263464553326477356e-03,8.511108066280447249e-01
-1.200978753078392636e+00,-5.050521564293038779e+00,-6.837885729775661225e-02,8.036494614611316978e-02,1.841972579499956061e-02,8.669887037952732634e-01
-8.688538492129420643e-01,-4.122281983790214710e+00,-4.175003957514356046e-03,5.760423793694172123e-02,-2.436097006536184356e-02,8.550103168946839860e-01
-1.825814829413234142e+00,-3.820354681179300105e+00,7.174470578590396164e-01,1.123531181229958514e-01,-3.282126026190513093e-03,8.739437647011090160e-01
-7.272433232528574543e-01,-5.724536144570843810e+00,-2.441541412392904675e-01,3.837082864153398137e-02,-6.842176025859493527e-03,8.670744391846139099e-01
-1.201046288141361718e+00,-1.537913295405857639e+00,1.066437969239539818e+00,8.976707234495627519e-02,-2.869420105199989302e-02,8.165588439049423775e-01
-2.515737745346035670e+00,-3.018683767140796004e+00,8.420547853807662797e-01,7.496446974299111887e-02,-2.740055321127056465e-02,8.300763009450802254e-01
-1.742247662602850466e+00,-4.157959678047670415e+00,6.348309165768961648e-02,8.425289870371041601e-02,-8.544211455670542438e-04,8.568524380484099368e-01
-1.491605746566497137e+00,-2.054387290539860800e+00,6.997273360950123644e-01,6.868617426916218127e-02,-3.557518696627653965e-02,8.287932461649200055e-01
-1.934494501428040802e+00,-3.339524758502611324e+00,4.549551053625806585e-01,7.908031749345585670e-02,-2.974764220636033976e-02,8.295646154420852625e-01
-1.599873612893260688e+00,-2.959473064142707610e+00,4.600185735225976735e-01,1.234436235094579087e-01,-1.714386424632378947e-02,8.201721804056357756e-01
-1.208989560414608810e+00,-3.813157645215486280e+00,5.626493430433843201e-02,1.331128365133736335e-01,-1.392056198301863147e-02,8.128922879173379190e-01
-1.628082339929993738e+00,-4.044907545817994610e+00,-3.905667284904024150e-02,1.429316225211844371e-01,-2.084462165022789998e-02,8.136110359992470009e-01
-1.372225706133642475e+00,-4.133271979122824291e+00,1.451432100829725957e-01,1.389578008180114288e-01,-1.070972115740404310e-02,8.364918148411296661e-01
-1.041155353072176437e+00,-4.384391520710815726e+00,4.573001679023525057e-03,1.351859638346412928e-01,-1.768289597554448950e-02,8.439387668708331347e-01
-1.378998209019493881e+00,-4.034600348924739954e+00,2.392620644989755796e-01,1.354884607602040159e-01,-1.742071280350940277e-02,8.375298783230756827e-01
-1.408221221280762991e+00,-4.560626381535870522e+00,-5.942022135725655296e-02,1.201251373663746597e-01,-7.753182294908966127e-03,8.351820817039684597e-01
-1.216622392303748690e+00,-3.587615683023980040e+00,3.052042791560324320e-01,1.102379919763994826e-01,-1.370000353888331870e-02,8.259851324973289666e-01
-1.137833062153163599e+00,-3.509688922332739214e+00,3.751364910182198864e-01,1.564268434668504293e-01,-4.687858209296499878e-03,8.542195667770290379e-01
-1.199187884351501809e+00,-3.462280161772300247e+00,2.503839399158438450e-01,1.626934066256122691e-01,-4.675469305380017954e-03,8.667501195442061102e-01
-1.419001663519969814e+00,-3.878403165466992153e+00,-8.389040076564291404e-02,1.559182706427580944e-01,-7.040206716962541661e-03,8.773691871373916484e-01
-1.577227523062278536e+00,-3.829637528367976884e+00,-8.925153456949153075e-02,1.621941236837380895e-01,6.713106725709599987e-03,8.988445950308842081e-01
-1.093549832321140114e+00,-4.090106286151428350e+00,-1.878905035506333032e-01,1.594531480779501631e-01,8.373984802291971688e-03,9.205960123358677416e-01
-1.037566340756217009e+00,-3.808070670446922712e+00,-1.474412702427470023e-01,1.455771495282833783e-01,-3.910647041967448348e-03,9.146058880139037450e-01
-1.450212903789149799e+00,-3.171861845602934604e+00,1.220744282420247462e-01,1.601209552900258459e-01,6.970175068923868678e-03,9.081825800400722404e-01
-1.471358096621647071e+00,-3.408917910569513765e+00,1.428903081504853123e-01,1.659534260787972892e-01,2.128792742950344138e-02,9.177198663957466529e-01
-1.160505370546978998e+00,-3.116025075895707541e+00,2.407601447245112380e-01,1.712105398221991925e-01,1.986197199882255501e-02,9.215874708271220017e-01
-1.281009673632074852e+00,-3.029902703852631163e+00,1.690819839998410901e-01,1.787907430318654012e-01,2.061768702765463118e-02,9.285483987295628516e-01
-1.076154132442098454e+00,-3.477771518034761034e+00,-1.786154297583519845e-01,1.919156143414158522e-01,2.292765357760893907e-02,9.228502640331208706e-01
-1.172285404297370048e+00,-2.833401987252144760e+00,1.061858766075258753e-01,1.965231737971134263e-01,3.625382679026130373e-02,9.069729269539135164e-01
-9.435506648681158959e-01,-3.522602608919783940e+00,-1.857176602494121642e-01,1.910414355614200588e-01,3.833734374949381712e-02,9.162079296694438657e-01
-8.652046359524265817e-01,-3.239254260254193607e+00,-2.866290312050212563e-02,1.767702027444143231e-01,2.882129455175173882e-02,9.019923177942498205e-01
-1.381592060743866979e+00,-2.343583398623331426e+00,2.383723684967602452e-01,1.888093624586067443e-01,3.091865755482245404e-02,8.848029866200312066e-01
-1.451186138793563618e+00,-2.727722034259951744e+00,3.628535125070309064e-02,1.856399513069544593e-01,4.403699552187959054e-02,8.865426972799623773e-01
-1.192424959482512925e+00,-2.576496936073990440e+00,1.460142040195688828e-02,1.900833229512258471e-01,4.610850501941494289e-02,8.856746476048442673e-01
-1.262481946105733055e+00,-2.473598405856209048e+00,1.066317711267306123e-03,1.974366363332991647e-01,4.507171285987369297e-02,8.865281083268105045e-01
-1.194820341584347023e+00,-2.603807271651515709e+00,3.311381620943865123e-02,2.009718988054306765e-01,5.086645997296655730e-02,8.939986594786748508e-01
-8.632563170372007377e-01,-2.589416410483807329e+00,3.323882839952929658e-02,2.119233730708048602e-01,5.571625380834027697e-02,8.851423473841814049e-01
-1.140500443873256886e+00,-2.549215188712085745e+00,8.688652155943943356e-02,2.220263914793976223e-01,6.501734489368796166e-02,8.756555228372924216e-01
-1.046822720166948217e+00,-3.189261502157033856e+00,-9.253457649884366809e-02,2.308912002954709441e-01,6.940139000782007128e-02,8.923024108911832286e-01
-9.078803651239708561e-01,-3.009150816490456570e+00,7.261935202322655769e-03,2.175979179828644583e-01,6.072525411317138827e-02,8.854880639100976003e-01
-1.222915925776278501e+00,-2.881199554882424074e+00,-2.651680670348666169e-02,2.123103643920424000e-01,5.867258766730620162e-02,8.766605187866869375e-01
-1.265014788478524999e+00,-2.383573890017562036e+00,1.814594961143947138e-01,2.123591283212663550e-01,7.102276937463487816e-02,8.635132982189226425e-01
-1.173665321318525745e+00,-2.562702469455155896e+00,3.064165963263176806e-02,2.110628554176290084e-01,7.679667271287188290e-02,8.556212554695553640e-01
-1.105222826306983430e+00,-2.136777829040691135e+00,7.117943962661965607e-02,2.225162973823903156e-01,8.239944718192658557e-02,8.436649936207254452e-01
-1.058543646817532879e+00,-2.624709825012161435e+00,-1.208203845268571719e-01,2.106346614275514117e-01,7.755225768864418279e-02,8.437140625784326220e-01
-1.160867057843641970e+00,-1.994106533800792169e+00,1.368131153164880986e-01,2.237942487684059789e-01,7.846308795548509463e-02,8.377672250528411801e-01
-9.568343683082034534e-01,-2.171658518331585519e+00,-2.997473183197207902e-05,2.193755525164423625e-01,7.891341013507606472e-02,8.303170878746293226e-01
-1.179556321585564893e+00,-1.728252640036537668e+00,2.141069033308700131e-01,2.334100124332285642e-01,8.588418654422090570e-02,8.263722522298443396e-01
-6.168692809379777708e-01,-2.805126057010297380e+00,-2.471056197281202849e-01,2.240781541562592571e-01,7.775502368700260014e-02,8.247582777120570086e-01
-9.173596862959183529e-01,-2.785186399898659015e+00,-2.129567489718695583e-01,2.129803243998290574e-01,7.081556926376535166e-02,8.138210423066332133e-01
-1.022706577970379449e+00,-2.340536677660219222e+00,-1.002043808769441657e-01,2.104940487728132748e-01,7.167044005259615158e-02,7.970776429785485506e-01
-1.002588052126355267e+00,-2.582785567816762384e+00,-2.044167472319491363e-01,1.965300124455471587e-01,8.369955136573532795e-02,7.777098170235026142e-01
-1.129999108991152967e+00,-2.070265744647010742e+00,-5.587574049753141203e-02,2.059400156033734108e-01,8.535958793393103039e-02,7.621402869551168191e-01
-9.843660413925250374e-01,-2.415488435779279186e+00,-1.830492901342875012e-01,1.992200791473914545e-01,8.704904766720497622e-02,7.678427832829707311e-01
-9.872661696503066686e-01,-1.584452990230623026e+00,-5.695229539903312599e-02,2.007102541993898426e-01,7.247027041660895896e-02,7.543118454918659177e-01
-1.108506082917246838e+00,-1.634523097508327361e+00,-1.568513093435914829e-01,1.920728954900216001e-01,6.200274793920232397e-02,7.389760101624811561e-01
-1.057074422370182232e+00,-1.739941165171043025e+00,-2.446712555493415486e-01,1.517963716863855728e-01,6.570849742470953603e-02,7.000447997376986198e-01
-4.227455060808398279e-01,-1.245365890755794958e+00,-3.349736178103013273e-02,1.352302955539259610e-01,6.015269543234971761e-02,6.466243944953324885e-01
-2.891732927249268670e-01,-1.161233882134778739e+00,-1.224345178874599593e-01,1.108961344141315281e-01,4.421702946716544319e-02,5.779721050618562561e-01
-7.860381408127843361e-01,-4.782595617464044935e-01,1.814462592206074198e-01,1.033393523491096255e-01,3.814912356807488580e-02,4.936832147014472705e-01
-6.099402160090138247e-01,-1.230066506849911478e+00,-1.863337837678142872e-01,9.208366749972089760e-02,2.440773596614261021e-02,4.473180623000355682e-01
-9.626342692807512424e-01,-8.599212197183412343e-01,-2.891413308556023409e-02,6.546317391504001548e-02,6.370200089540551530e-03,3.663170487949334309e-01
-9.911860203219022836e-01,-4.489800635186541600e-01,1.105432993926818153e-01,5.617400769638467017e-02,2.388075281189156948e-03,3.148438819033993474e-01
-9.101481343456900852e-01,-5.003781406911242957e-01,7.036539237243077949e-02,3.294429037242936620e-02,-4.374791775161051069e-03,2.598131837694317436e-01
-1.075022677971991358e+00,1.224629199347736785e-01,2.710109681063485043e-01,2.120110955529329669e-02,-1.440821388513164984e-02,1.981848702771485116e-01
-1.196257260998670802e+00,3.859373713031020725e-01,4.531411260649715889e-01,1.350467754257968396e-02,-1.965026513313185980e-02,1.413301732626096874e-01
-1.484818862905228576e+00,4.708667402608794905e-01,4.468894966845307071e-01,7.684112749303771694e-03,-2.559018852050588821e-02,9.146616922641616354e-02
-1.640693252332475538e+00,5.544536555296600833e-01,4.655259567613756477e-01,8.543603633759713420e-03,-2.050524102768234991e-02,7.554515237035198949e-02
-1.475305284567729913e+00,5.726857214889203851e-01,4.624677387870788081e-01,6.374090652372123994e-03,-8.709689659308808563e-03,6.231037148088949124e-02
-1.317089980791146475e+00,6.657316494494864845e-01,5.507961133679843968e-01,6.160805483765061097e-03,-2.127344398366542641e-03,4.995813557950406353e-02
-1.145202798999688021e+00,6.161013015001377546e-01,5.219338703882017150e-01,1.109164123856828162e-03,-1.320688983836394714e-03,3.658234185132590299e-02
-1.230944808337236074e+00,9.109273306551673999e-01,7.032878101401883741e-01,-1.101574103711074580e-03,-1.355012005318755042e-04,1.953244415164616388e-02
-1.167596178293146547e+00,7.939297171095587302e-01,8.422279258163689608e-01,1.290191963405474315e-03,3.962240622975080062e-03,1.816910175468904043e-02
-1.211337469757789442e+00,8.283463375093752523e-01,8.718956243401558837e-01,3.111603240583134689e-03,1.516953310103454772e-03,1.559315006567531421e-02
-1.298889732102933126e+00,7.677736166611117685e-01,8.419777037981943657e-01,2.012127803172910397e-03,1.510430413357650298e-03,1.366231933014309605e-02
-1.299089417057980533e+00,7.305852349487191866e-01,7.583874216090511489e-01,-1.970675489511526657e-03,2.680079536953167835e-03,1.059592267411228923e-02
-1.293716960949943262e+00,1.203861221146571125e+00,8.876839812872534541e-01,-3.061335400339737153e-03,6.099535404424007851e-04,-1.311304285834337868e-03
-1.096949895637973960e+00,9.546940807238135651e-01,6.686471258548856156e-01,-1.020255189848353478e-02,-9.288615396666850474e-03,-2.752114098932166228e-03
-1.449434802007186551e+00,1.245017074672449153e+00,8.569557408268186904e-01,-4.658251127628045690e-03,-6.321717174269936290e-03,-3.695633184405881441e-03
-1.163816916826722947e+00,1.086313423826404501e+00,7.356880980674574966e-01,-3.106730809948058530e-03,-1.380517162564549177e-02,-1.586883096579724773e-03
-1.246790926122654630e+00,8.011229751770223562e-01,5.756285837242205439e-01,-9.060596760993484128e-03,-1.350372643099316018e-02,3.482280518292968363e-04
-1.036354161382133432e+00,9.741639842019871320e-01,8.009438483042519152e-01,6.500255199884048471e-03,9.089580760708046783e-03,7.176933336584994175e-04
-5.988616649093253530e-01,7.949272009563673747e-01,4.018978918123291555e-01,6.188827359047897360e-03,3.953776273969001123e-03,1.862488329827789463e-03
-6.701444097644240205e-01,6.586450020888219292e-01,6.014206334562155476e-01,5.500433372057082076e-03,5.819851421446054288e-03,1.838059891034361272e-03
-7.978940046972606837e-01,7.597996441013880053e-01,6.147258573471550136e-01,8.421379859732808920e-03,8.766025039156390142e-03,3.145064477107242535e-03
-6.759451955981440330e-01,7.037930842314754631e-01,6.039663781388008301e-01,1.044620756260026748e-02,7.087744054914009960e-03,5.583805679030374308e-03
-6.844426185992775746e-01,6.560233518656778395e-01,5.929169458420806560e-01,1.368060999728170149e-02,5.928827194315858772e-03,9.696394787372884447e-03
-7.959428170584744722e-01,5.636639374253223922e-01,6.254532088397429801e-01,1.231206109889944333e-02,5.964173971051941678e-03,1.016735538887396026e-02
-7.635432626146368973e-01,5.547312566341791040e-01,5.703947334375113476e-01,1.034103549743234374e-02,3.877470717592911356e-03,6.645880345933027726e-03
-7.455009637314375937e-01,6.727839518333563751e-01,4.315655589559743710e-01,1.055416936615091554e-02,-8.188470655464599041e-04,1.612682179865829093e-03
-7.941199617037117964e-01,6.951195022664115042e-01,4.009321392316158583e-01,1.182168445273819833e-02,-2.941243371721056349e-03,1.389585813911854185e-04
-8.016418935706659532e-01,6.297769947587763539e-01,3.446562383007154562e-01,1.018022978394508837e-02,1.183874245440157472e-03,1.636084191017005921e-03
-6.457183355365487820e-01,6.214976695436544851e-01,2.911371941443886557e-01,9.002676952357272291e-03,4.075773942265145666e-03,1.408513799071944156e-03
-6.822842565523278280e-01,6.894202764338719369e-01,3.695052489366408288e-01,8.594168431423961779e-03,7.907772737524351031e-03,2.551840098048503876e-03
-4.505620954764792963e-01,7.176761901897695806e-01,3.961023288047518243e-01,8.488281613486888325e-03,7.232583441753074119e-03,1.710605126420798767e-03
-6.362657484943565755e-01,8.076311335345566222e-01,4.437690531416318418e-01,9.438689487996716060e-03,7.841311855362721739e-03,3.216957253059778317e-03
-5.580616635158301975e-01,7.570980375309238619e-01,4.020392568474819850e-01,9.836568250390675602e-03,6.933220673408221034e-03,2.933266573569392847e-03
-5.739588239884657606e-01,7.672278934242828807e-01,3.799034179803432165e-01,1.227122485240429023e-02,5.924481948477965977e-03,3.416338214117343314e-03
-6.225354294493375962e-01,7.759795286664876723e-01,3.441475869764788476e-01,1.791275126010075103e-02,6.399729693924211330e-03,7.130035980366293200e-03
-7.086906432397622746e-01,6.671161912513567938e-01,2.815787236017099904e-01,2.268951688322989185e-02,1.367846503455658058e-02,1.209033328499813098e-02
-5.392651117933539018e-01,3.726198635154374661e-01,8.259931689221300388e-02,1.774220888183307074e-02,2.407477936862537776e-02,1.601396008865184351e-02
1.347766109171039117e-02,6.400471774660528856e-01,2.274610726930236249e-01,1.559615570330533454e-02,2.315681171443061820e-02,8.385972001412557789e-03
-2.489965886815871110e-01,6.080470407609859240e-01,2.667831177940784837e-01,1.381064787467371248e-02,2.905785136199236923e-02,9.157560730565440094e-03
-1.257395974494512070e-01,5.954131347272487718e-01,3.089441641637857838e-01,1.283185237710368284e-02,2.665723605454959830e-02,9.017937363222282288e-03
-1.204435669641982232e-01,7.515691939097665086e-01,2.426640794998962125e-01,1.542312608968861819e-02,2.149348698477741848e-02,1.141123489422779178e-02
-4.436687647772974974e-01,7.180124682836100947e-01,2.496080293378906134e-01,2.136660984009660855e-02,1.521765759224549125e-02,2.155513818437652593e-02
-3.186037564260882915e-01,5.421218578616324724e-01,1.482934898013803515e-01,2.144639954438018470e-02,1.248222222915135876e-02,2.442659354267303490e-02
-4.239912584066726220e-01,6.339713878371278089e-01,2.282357981116034384e-01,2.381425527411556650e-02,1.117938067445616197e-02,2.574592850238948197e-02
-4.504078566420453011e-01,5.466779870185549672e-01,1.492607364134348469e-01,2.294604438389388421e-02,1.436253828671123049e-02,2.662002724168989476e-02
-1.637964724051876875e-01,6.862960486421061379e-01,2.231088890285790605e-01,2.332825517618189112e-02,1.926652300337414539e-02,2.018357842106061409e-02
1.583566807120824760e-01,3.533173995818524316e-01,3.476132779022811370e-02,2.191062594644290276e-02,1.637644216570424693e-02,1.864407669397674661e-02
-9.889995047668626027e-02,3.609036336109848198e-01,1.587409844213349963e-02,1.578706995171058614e-02,1.030732802314040727e-02,3.207507001055948798e-03
-1.703703864917019695e-01,4.815245007973573133e-01,1.365484868640072236e-01,-3.775013710301520532e-04,1.171266259116543473e-02,-2.473879584531020817e-02
-5.394115982655778296e-02,4.062355978259327705e-01,2.529756561876830290e-01,-1.142555441710166493e-02,3.016393241718767423e-03,-4.477443060936441011e-02
-1.113057391900425630e+00,6.433229738902631611e-01,3.563919049709640685e-01,-7.234758514070120661e-03,2.745474437380433438e-03,-5.536176583717876409e-02
-5.714924722581720129e-01,5.845852664090039896e-01,3.538939447308747654e-01,-4.315421920741707718e-02,2.162165414141268421e-02,-9.928436164628109961e-02
-4.825756909074986334e-01,4.878548896357917664e-01,2.018798046822195547e-01,-6.664760223715039678e-02,1.612106738813908272e-02,-1.370625476809792243e-01
-8.759362616379615663e-01,1.057575175677830215e+00,3.843971605518002876e-01,-8.162620550236204808e-02,1.717091007588524010e-02,-1.879634278971089034e-01
-1.210428742182095618e+00,1.184869973255826325e+00,5.282333259444150775e-01,-9.368404163787323602e-02,2.846431177479943897e-02,-2.263177331361826139e-01
-1.385958916491873527e+00,1.209836096216689416e+00,4.758351316378277573e-01,-1.092085252463513984e-01,4.321778717449766688e-02,-2.588651126719207496e-01
-1.260355573422786479e+00,1.880378381379623098e+00,5.450892412756969119e-01,-1.372195505808254945e-01,4.689298599568843956e-02,-3.248762340080293409e-01
-1.566408270468905517e+00,2.390248062785470307e+00,5.674643746744083561e-01,-1.431584193813598416e-01,4.435581577144429022e-02,-3.659584221485558397e-01
-1.754004680101724611e+00,2.234898297888100238e+00,3.380052201251569910e-01,-1.645859257544367293e-01,3.964701554063951305e-02,-4.013641425135881513e-01
-1.907557995358538427e+00,3.061606793575633922e+00,5.789048967017305092e-01,-1.729849114529281862e-01,4.009425299751957772e-02,-4.527330820482619589e-01
-2.340631129256789844e+00,2.752367686787462020e+00,5.083600577715516877e-01,-1.661760098165253052e-01,4.711251059280367054e-02,-4.646696779863860871e-01
-1.997672502011306639e+00,2.614534953793635541e+00,4.458878087874731388e-01,-1.657750081401357378e-01,5.085895513541174862e-02,-4.915020065066385002e-01
-1.865859689436496938e+00,2.415055527354518894e+00,3.097909939807679258e-01,-1.791209288247778419e-01,3.431390994606870609e-02,-5.272198691297790285e-01
-2.178259383675276606e+00,2.888090497868125883e+00,5.046455582153447361e-01,-1.945890086965751942e-01,2.700425598387727610e-02,-5.835591376889274207e-01
-2.589320483335595835e+00,3.254817214682216520e+00,7.780073072313129501e-01,-1.839332750577545861e-01,3.212141167723275847e-02,-6.097601460481972824e-01
-2.555395081755011066e+00,2.673216727374573054e+00,6.392167470423181230e-01,-1.896814158343994028e-01,4.884384233776843665e-02,-6.255223593460854659e-01
-2.285465963947838297e+00,3.106781191501761352e+00,6.000328695150628500e-01,-1.666557632219429208e-01,6.665606214143897368e-02,-6.402953037326604147e-01
-2.034251901721673139e+00,2.389134245401630885e+00,4.251381229393369487e-01,-1.779700915753603674e-01,8.408744269773604785e-02,-6.499764752022524350e-01
-1.681582235413882742e+00,2.795549983015193973e+00,6.076494875126932094e-01,-1.819750295123603312e-01,7.999025277755351937e-02,-6.790721657751604967e-01
-2.159763409030347248e+00,3.034515754729488535e+00,8.744292034950900128e-01,-1.814917298308275362e-01,7.445682869535652504e-02,-7.058689434991035627e-01
-2.650420483030987207e+00,2.540548629884893828e+00,7.165041367123452520e-01,-1.949744264991532527e-01,7.845339553349398032e-02,-7.267871629578508408e-01
-2.602089308384229138e+00,3.196066049014548049e+00,1.124866849184092077e+00,-1.863670415345017595e-01,9.043275631269005743e-02,-7.558999572993382321e-01
-2.519160101213018699e+00,2.833398182819343081e+00,9.458501511882704271e-01,-1.727789225284147578e-01,9.067077722540364815e-02,-7.507911247821347223e-01
-2.518564798173941632e+00,2.881413926115290014e+00,8.733499806605213855e-01,-1.719001881534537590e-01,9.505390277830176593e-02,-7.477886922865435437e-01
-2.318883217861240187e+00,3.176799477276307293e+00,8.853808385864673225e-01,-1.656774945834152690e-01,9.385363222261002003e-02,-7.515698265464072492e-01
-2.648056700142141118e+00,2.078635729654684461e+00,5.105483701473754188e-01,-1.824237338644398299e-01,9.427643854584505378e-02,-7.487282549551864674e-01
-2.483722767797364117e+00,2.434331680736234738e+00,9.141078820605810229e-01,-1.842007621003038942e-01,7.955234844984628018e-02,-7.789005991898998449e-01
-2.662906077223762047e+00,2.634940196279659030e+00,9.150275998945941458e-01,-1.868754377455128513e-01,7.346648300687093347e-02,-7.988243157501816460e-01
-2.555829348153300984e+00,3.243915026515719280e+00,9.866432832773491812e-01,-1.829089740950221032e-01,8.111579480128976172e-02,-8.092050678917833695e-01
-2.518034733714932472e+00,2.764028702807045157e+00,6.004526919586981037e-01,-1.815969480029763494e-01,7.423083464154567324e-02,-8.176057745876376126e-01
-2.533134358080606496e+00,3.363008211354663324e+00,7.287108959261515695e-01,-1.879753252567431809e-01,6.878877620175971597e-02,-8.405319027907935947e-01
-2.958826534889913873e+00,3.652209556709399951e+00,7.544718223677590041e-01,-1.781740966165710482e-01,6.862358180070410318e-02,-8.541613248753512355e-01
-2.523064373434514618e+00,3.325762204257638466e+00,7.942759129263987639e-01,-1.843201510847123914e-01,6.108485637763023945e-02,-8.513667483605763531e-01
-2.297543289181219084e+00,3.291600537678256444e+00,7.758679117476419140e-01,-1.887734152780473629e-01,5.650107933930877124e-02,-8.411505683298164948e-01
-2.546835227678302616e+00,2.907984185069966365e+00,4.514042850788864136e-01,-1.851895573611365975e-01,5.811316933994488398e-02,-8.429463991746453111e-01
-2.422319984471938525e+00,2.794602606544265289e+00,2.922184204803668361e-01,-1.839014584828829180e-01,5.994760343734825692e-02,-8.461922803690146155e-01
-2.704517083381752229e+00,3.112613713787603764e+00,5.746071031632558057e-01,-1.792117465253905417e-01,6.107135898533497254e-02,-8.472651938343552791e-01
-2.919671941434080598e+00,3.054746517647599635e+00,5.213812110478460715e-01,-1.829138781314238182e-01,6.836246133843267014e-02,-8.466249479187972771e-01
-2.484624157689757862e+00,2.950433156158079218e+00,4.343743644944653148e-01,-1.829371974929789590e-01,6.383347011820905692e-02,-8.602265461096046950e-01
-2.659348143267362907e+00,3.161526937539008930e+00,4.142998881015842461e-01,-1.855893932954778003e-01,6.026920773028155570e-02,-8.681545027754947741e-01
-2.676131504609751577e+00,3.057575954860564771e+00,4.012823742245681391e-01,-1.784297721200939768e-01,6.935343528584078654e-02,-8.535167545400614841e-01
-2.630932932820714498e+00,3.284125714147229758e+00,4.793568720783296655e-01,-1.707819700502044846e-01,6.326853098798172759e-02,-8.524381412523769352e-01
-2.831425424017642634e+00,3.039907322664313849e+00,3.671333469378106340e-01,-1.640543702590608888e-01,6.726088330472081156e-02,-8.560082624627095571e-01
-2.407380265155689703e+00,3.653266913990783848e+00,6.287067711013467619e-01,-1.428614664723945049e-01,6.543656720203647192e-02,-8.358182805304767982e-01
-2.448381348693703607e+00,2.921376948242392135e+00,5.064849199454172224e-01,-1.382310727835788788e-01,7.748504384216103880e-02,-8.177629126334166054e-01
-2.220880753056393875e+00,2.428931492698757744e+00,3.096197723114024747e-01,-1.473230846741080402e-01,7.308771450244469503e-02,-8.150919413769530664e-01
-2.451935137286797239e+00,2.437085245031682668e+00,3.714898316557572189e-01,-1.407673505519718982e-01,7.483611866842579396e-02,-8.116399993993371753e-01
-2.360007598113079030e+00,2.371413565945072133e+00,4.794948837111046025e-01,-1.495051538960970039e-01,7.438843754818222354e-02,-8.103048763860918324e-01
-2.370427835665085858e+00,2.819199650267387280e+00,6.810534841727174937e-01,-1.412965481589141259e-01,7.661505926749526130e-02,-8.069662345561816608e-01
-2.437881800305754965e+00,2.716566522678863116e+00,6.306285531922760645e-01,-1.351726836085372363e-01,7.976485953259837558e-02,-8.062172665579657727e-01
-2.299288378299600755e+00,2.265221632405569174e+00,5.584977578509707774e-01,-1.357381773041138051e-01,7.715542624708765507e-02,-7.910634799033515741e-01
-2.542047601905432774e+00,2.949187595368214065e+00,7.972815673689920279e-01,-1.257848749532664845e-01,7.491352546279174407e-02,-7.821606366261094623e-01
-2.367675544652170672e+00,2.350895255970407494e+00,7.657770982869526177e-01,-1.180940692617402088e-01,6.920881377100246423e-02,-7.514151984314780819e-01
-2.288653199503912994e+00,2.496736139067601723e+00,8.950098890078337366e-01,-9.875480771965391980e-02,6.124240355905990335e-02,-7.304053777447629958e-01
-2.308686031917383641e+00,1.820817820828749323e+00,6.765398138844601617e-01,-9.326284807091433926e-02,5.694290470116359498e-02,-6.979070392552974011e-01
-2.093753484524929487e+00,1.734713735506371091e+00,5.647006665881875165e-01,-8.923575628092574041e-02,5.816282173205879896e-02,-6.961436561269893630e-01
-1.804291177982946248e+00,1.077936177123451689e+00,4.041113544054892870e-01,-1.099096443069740442e-01,5.081493095745885646e-02,-7.130251743400990438e-01
-2.308515254140828699e+00,1.670358897987636260e+00,5.693460266943520809e-01,-1.070784531867424588e-01,4.801995943125113991e-02,-7.423264331509291658e-01
-2.592030507015083973e+00,1.976721398189930978e+00,6.027284367633838347e-01,-1.048734582545076122e-01,5.513569196417686391e-02,-7.479723765497775512e-01
-2.698588137271948018e+00,2.111234939735895377e+00,7.025548011250395408e-01,-1.084407902704837556e-01,5.867405283975981461e-02,-7.379318394644522883e-01
-2.534051833068095227e+00,2.542733407099179388e+00,6.825974919199065960e-01,-8.291624222933216548e-02,6.770780753854988010e-02,-6.996307900691195458e-01
-2.210280086162740520e+00,1.532735613244148531e+00,3.515874783744706855e-01,-9.590944792442544775e-02,5.948342807927060882e-02,-6.762080711457263416e-01
-2.179546500352306460e+00,1.765331980997174588e+00,4.551376554425927701e-01,-9.044760742594479264e-02,4.971630041701448344e-02,-6.566021624397433420e-01
-2.484618642728668725e+00,1.928781050358006288e+00,5.062840982128237188e-01,-7.872665132511849628e-02,4.853142678892161110e-02,-6.211646999974429484e-01
-2.691707901411926507e+00,2.188400339239803483e+00,6.096355534957995648e-01,-6.579967172184818247e-02,4.734307387696522207e-02,-5.764670764062815866e-01
-2.451982054540308820e+00,2.060122536379497049e+00,4.625479237845913083e-01,-4.871992001000643308e-02,4.605611402377977892e-02,-4.832089238352910709e-01
-2.264823311493573854e+00,1.711701977829258814e+00,2.157264743537092855e-01,-3.790590456228705440e-02,3.451970031840420616e-02,-4.089679155740414962e-01
-2.000788256680989363e+00,1.762074474544199409e+00,9.501667832806059977e-02,-2.861944322761556317e-02,1.732725967619958701e-02,-3.448084287719179186e-01
-2.098802443774324900e+00,1.823218978480207753e+00,-7.651494819132187430e-03,-2.230624761552173554e-02,5.747213894053378354e-03,-2.854808718602265261e-01
-1.941798797599518789e+00,1.406122390320731608e+00,-1.986190172639668017e-01,-2.328786615425365580e-02,-5.760572087167063760e-03,-2.324397852284267596e-01
-1.728532413154445058e+00,1.581527025776899631e+00,-1.837468215475877020e-01,-1.933344987319816563e-02,-1.488588210636505003e-02,-1.836038675209664683e-01
-1.822159032219179853e+00,1.896843239743523313e+00,-6.879737958471565662e-02,-8.964034792727889472e-03,-1.609251189538249069e-02,-1.569189552085362704e-01
-1.759154022295473130e+00,1.878400366290907675e+00,-4.151092545610635121e-02,9.942342211199151764e-03,-9.749347677188026362e-03,-1.154927131193168172e-01
-1.356860688850983099e+00,1.543522023153562239e+00,7.312847224414453784e-02,1.876385891439309381e-02,1.536499059464268777e-03,-7.880212656576932040e-02
-1.106567603173608250e+00,1.489630235426485649e+00,-3.576629223852867412e-02,2.025701090211034713e-02,6.675808759956256000e-03,-5.414654676308176817e-02
-5.780923954374059814e-01,1.375845122663438502e+00,1.979574249014943721e-01,2.601250615655572446e-02,2.519574813935513205e-02,-1.800067151766427884e-02
1.617657532566728618e-01,1.180018448458329594e+00,2.973015483989639440e-01,2.170490958758483982e-02,1.667363118063062977e-02,-5.422839431388696077e-03
1.133289821770050443e-02,1.216750947899108537e+00,4.580954785039731414e-01,2.539526174526731545e-02,1.499756961961229082e-02,-3.370574496256354899e-03
-2.435439345891999563e-01,1.050559708451802132e+00,6.921585714677622736e-01,1.542126864361831502e-02,5.312934208953830860e-03,-2.454677025218619454e-03
-7.731049913494184023e-02,1.287735255866506945e+00,4.094411104807329504e-01,1.439657485515906388e-02,-1.716465310881246445e-03,-3.296729605681837996e-03
2.859681759681143021e-02,1.177834987021549429e+00,4.168566401870905658e-01,1.242298392374421162e-02,-2.843761633066634043e-03,-3.747110654982646356e-03
-1.691378229459103710e-01,1.191664951916876047e+00,6.217322071764467273e-01,1.230150990403731243e-02,-2.033076502742786618e-04,-3.648231092665146866e-03
-1.423768475594033578e-01,1.232667397011404375e+00,5.631010448037296889e-01,1.343817530393342542e-02,-4.810823432831561053e-04,-3.450096902712798761e-03
-4.247520141984026387e-02,1.187056203629013762e+00,5.106770212354824201e-01,1.227786916087745574e-02,-2.025409849138596827e-03,-3.881516494392524101e-03
-2.384925478378190911e-01,1.206738903266144636e+00,6.326245125312421891e-01,1.283763134959228606e-02,3.692257298821034761e-04,-2.921954700651938422e-03
-1.719662901065935334e-01,1.222936875041972682e+00,5.674379218330679597e-01,1.253089969968417677e-02,-2.885905929142212195e-04,-3.699130399618941363e-03
-6.835012815828402089e-02,1.166139476897597227e+00,5.064967504207079640e-01,1.228686126332523103e-02,-1.367352219543135905e-03,-3.421274009920158201e-03
-1.858191618145703106e-01,1.266248305962161869e+00,5.578414639296367383e-01,1.291213218329898514e-02,-7.642912707490588653e-04,-3.223976151038532734e-03
-1.151271754075025994e-01,1.196165340838539759e+00,5.560644734241273479e-01,1.254006121363040321e-02,-8.371456695083750316e-04,-3.593710449605377194e-03
-6.083203507590323467e-02,1.202093305547727864e+00,4.918612614690789364e-01,1.205415825499836502e-02,-1.419055468307617307e-03,-3.793229609834314949e-03
-8.692832711812928381e-02,1.236455743075230762e+00,5.328499964113819765e-01,1.259731769335386067e-02,-1.570675386094903120e-03,-3.476059075658077986e-03
-1.233910569789047618e-01,1.219942488733883668e+00,5.885326352603643674e-01,1.312755376485275072e-02,-4.445850001673426477e-04,-3.457227190003207395e-03
-2.295077152078330851e-01,1.292212575773991068e+00,5.723335394925177511e-01,1.351311775235942633e-02,-3.573173452886858892e-04,-2.610539723944219504e-03
-3.914956155623822154e-02,1.112566909303302598e+00,5.252069062854369808e-01,1.185087820069374506e-02,-1.418472983595073927e-03,-3.772934446456979816e-03
-1.124888451909746706e-01,1.191432738318282336e+00,5.250863138899540816e-01,1.262681737698151396e-02,-1.291170430743083034e-03,-3.203347306491475047e-03
-1.264481117295442603e-01,1.212331597055471777e+00,5.365896244914319935e-01,1.246291109282878472e-02,-1.024720294832272977e-03,-3.392292822373872870e-03
-1.391218204653842383e-01,1.195981455348449130e+00,5.458720067572290224e-01,1.260810104204014570e-02,-7.909996939937397747e-04,-3.379381995114019710e-03
-1.620803677840522705e-01,1.272655839813968459e+00,5.474544662073951296e-01,1.294589979480883189e-02,-6.471184808686490653e-04,-3.462954996921322696e-03
-1.662061009561467406e-01,1.216774047513725199e+00,5.639690834489889948e-01,1.244830954864305575e-02,-4.829775608695564132e-04,-3.108434739559445131e-03
-1.081662301064742898e-01,1.186433464212230726e+00,5.393223485931351036e-01,1.212749110847066020e-02,-1.021904712406689758e-03,-3.337473177693414325e-03
-1.310669316308823995e-01,1.235295428965169862e+00,5.467176002862175199e-01,1.290154094682208902e-02,-1.020809356469903201e-03,-3.306818155997833138e-03
-1.784638739601783763e-01,1.283468295406939408e+00,5.821081109738973636e-01,1.348116662683548558e-02,-2.403653747563311988e-04,-2.923845897366343996e-03
-1.855808022249237077e-01,1.212110544975291360e+00,5.495096082194647069e-01,1.275186977754641342e-02,-3.095012703847842273e-04,-3.281951991330543227e-03
-1.408904522749354071e-01,1.161017429632619891e+00,5.695208401794806807e-01,1.230176297675662257e-02,-6.463389607021096522e-04,-3.075005036617605662e-03
-1.321123737620450711e-01,1.197891119743450972e+00,5.472637351398337291e-01,1.272812052914712444e-02,-8.667364260576283091e-04,-3.360676806227357819e-03
-1.068327369883127487e-01,1.191777010945805904e+00,5.432126251912312576e-01,1.228504000106656925e-02,-1.058554335611748207e-03,-3.287533846196997057e-03
-1.242822123565031356e-01,1.191679317443501640e+00,5.458513763134615893e-01,1.224784010465204860e-02,-7.543546322018711975e-04,-3.180367747933546176e-03
-2.594610784742734655e-01,1.248615939606426473e+00,5.830029621449536181e-01,1.323197336280637626e-02,1.712107072515105938e-04,-2.330928404528396797e-03
-1.196714712692685395e-01,1.271405703497157091e+00,5.199011365449192068e-01,1.279162406864937061e-02,-1.120961811648871556e-03,-3.396807615472663237e-03
-8.807603696283296257e-02,1.203900625029526772e+00,5.182536713598422384e-01,1.267045218647347427e-02,-1.323119139435188427e-03,-3.605771890343085952e-03
-8.734528847571276788e-02,1.193372079184487955e+00,5.231905407700458976e-01,1.213323029846827966e-02,-1.262737130997660523e-03,-3.552478462167705554e-03
-1.509775397577079181e-01,1.233617452089019295e+00,5.353388496660663742e-01,1.255352060286312778e-02,-5.279799732716590477e-04,-3.145350127271903835e-03
-2.031525998035635938e-01,1.253552091920188127e+00,5.988200702344512738e-01,1.317445904137574085e-02,-1.389457964762527004e-04,-2.827097848949928355e-03
-1.049846974271253092e-01,1.230220564433279096e+00,5.483157691802570399e-01,1.252993053737108675e-02,-1.264880979765001245e-03,-3.391979062582341914e-03
-7.291326130311696907e-02,1.183320119896006606e+00,5.407789158791421746e-01,1.264975536834635726e-02,-1.302290647414199726e-03,-3.365910756076576950e-03
-1.063508499481580355e-01,1.186976128036526523e+00,5.114402783318647838e-01,1.250187366545939607e-02,-1.028412946479288423e-03,-3.567136569437765435e-03
-1.056211238814981773e-01,1.201055722192802655e+00,5.549103871166199964e-01,1.247091250931440728e-02,-6.478382458531811022e-04,-3.273430377902081939e-03
-1.118226860355994723e-01,1.206262390220884662e+00,5.771517909287099402e-01,1.269580174405917847e-02,-9.921874150146461901e-04,-3.211001989011989279e-03
-1.522996656865348852e-01,1.217720301365463165e+00,5.720689199408249825e-01,1.270426420125368022e-02,-5.430941106058205514e-04,-3.313310071759558231e-03
-9.278040707420430466e-02,1.205351995734586401e+00,5.170770788535649087e-01,1.244041100066900149e-02,-1.114035825615483297e-03,-3.533791787154427679e-03
-2.122654588371124529e-01,1.272775631998046553e+00,5.517261112310850590e-01,1.308489884152881991e-02,-8.226162756222107908e-05,-2.927064896471479136e-03
-8.769504583390426433e-02,1.195596837588799977e+00,5.355338690320853301e-01,1.230239632797388086e-02,-1.257365176632272916e-03,-3.301632635821733896e-03
-1.567544966903765824e-01,1.220134896668405133e+00,5.511773594541690136e-01,1.263205532346364443e-02,-4.980773788588674367e-04,-3.158640546552518406e-03
-1.545606322590363235e-01,1.206990274635678206e+00,5.614249015491761252e-01,1.261494926404102025e-02,-6.680400328891306083e-04,-2.803424734086905085e-03
-1.034119209273746398e-01,1.180636073313824141e+00,5.486020050949229621e-01,1.246501122178140207e-02,-1.098416893558950419e-03,-3.406770135818577242e-03
-1.349775801566652222e-01,1.230000357907898856e+00,5.561329232724369076e-01,1.310532394038684337e-02,-8.045463381689994808e-04,-3.278079211149484765e-03
-4.370473245566736109e-02,1.227036273115197140e+00,5.246523755290236624e-01,1.268368173045242991e-02,-1.612816669571930442e-03,-3.696500385503592723e-03
-1.929922762947356152e-01,1.211512446153103939e+00,5.625201968011861453e-01,1.268599583579083090e-02,-3.685381542784145481e-04,-2.760233294936967601e-03
-1.331937111480239744e-01,1.197241601162103652e+00,5.733226569606009182e-01,1.259073744792118046e-02,-5.845753475744921296e-04,-3.292127737221693141e-03
-7.029912935983562150e-02,1.199953046689818281e+00,5.291934816755180515e-01,1.246380379125859236e-02,-1.280360451437151034e-03,-3.507470070420419007e-03
-1.222920134348432220e-01,1.200539500600634524e+00,5.471183093030055344e-01,1.252693009913039696e-02,-1.016612386007942695e-03,-3.599890128688261557e-03
-8.185651531249582558e-02,1.173917072537118189e+00,4.911385185512244789e-01,1.206310153320176368e-02,-1.541728681923754465e-03,-3.310578787044139281e-03
-9.370886830750066454e-02,1.230956210282166952e+00,5.522238298667679901e-01,1.288421075053138021e-02,-1.117007949689909768e-03,-3.544149530055859792e-03
-1.300433027824317578e-01,1.274049301652477206e+00,5.581518962884989277e-01,1.316703819656490741e-02,-1.109408293971117510e-03,-3.260085010273929950e-03
-5.075159231428072459e-02,1.186716217268215523e+00,5.218790905621690790e-01,1.227507511666474545e-02,-1.841030821151940292e-03,-3.583221266658819740e-03
-1.239132314146330072e-01,1.219706277856760668e+00,5.213751758109977930e-01,1.252122941359143198e-02,-7.358067296083688202e-04,-3.635101863551020145e-03
-1.404359883904272854e-01,1.210388759687934135e+00,5.349452585402068028e-01,1.232357853877320483e-02,-6.909318780070547450e-04,-2.993973266009909446e-03
-1.048192294914041256e-01,1.185583424358859217e+00,5.263852707276164278e-01,1.222638781308682358e-02,-1.313221196883559636e-03,-3.234754901162258372e-03
-1.526382798842907118e-01,1.220902694326114757e+00,5.463191161562819254e-01,1.253634029547706988e-02,-8.348560006146508311e-04,-3.047414098327423052e-03
-1.047509332756035166e-01,1.194850285050786720e+00,5.379791312198839437e-01,1.252595664204913910e-02,-1.139551874358518679e-03,-3.399532428693448610e-03
-1.218096781431420861e-01,1.154948787086760742e+00,5.222325248660484309e-01,1.209223796216146729e-02,-8.901847040743583045e-04,-3.403117267307131065e-03
-4.769216603870352067e-02,1.208725988543101204e+00,5.182339924981772539e-01,1.255875978080459900e-02,-1.764119261992458734e-03,-3.604251978523822456e-03
-1.340429432153595057e-01,1.238400384161182144e+00,5.367459959343932052e-01,1.281034864782859550e-02,-1.000570423684395832e-03,-3.312908223237412755e-03
-1.760305554748121670e-01,1.206603708505882278e+00,5.704018785934796831e-01,1.246188831717642310e-02,-3.879717462161279273e-04,-2.801172342402580024e-03
-5.785173088224662696e-02,1.223562943595374763e+00,5.403048139499131430e-01,1.265242516252548279e-02,-1.121303064926817972e-03,-3.547214375091356335e-03
-4.502621724515296076e-02,1.194563229572898733e+00,5.173393938269515990e-01,1.245413449546792922e-02,-1.631661214609248303e-03,-3.581288968337760416e-03
-5.633910202498601527e-02,1.164958290661700424e+00,4.991552802225353025e-01,1.220116976240095963e-02,-1.654152068232730977e-03,-3.560695138461879555e-03
-1.455128440841317317e-01,1.162064313726032916e+00,5.334783152281684648e-01,1.219705449748113152e-02,-8.549075335637975476e-04,-3.035386441060212818e-03
-1.238105619839249827e-01,1.218462951460331567e+00,5.523481647282266760e-01,1.254701027925319429e-02,-7.179010074153668874e-04,-3.342570454763051004e-03
-1.321812991935741866e-01,1.165735910395014896e+00,5.433258997591249306e-01,1.235120801335486650e-02,-4.810851395643800377e-04,-2.858433524756362129e-03
-1.319355048112373918e-01,1.194696488811642254e+00,5.322014697144706874e-01,1.270718135417349924e-02,-9.448590763251121794e-04,-3.019136979174810633e-03
-2.298345410648690856e-01,1.265409464477829315e+00,5.750112734116759050e-01,1.318230623549301352e-02,-4.815395935409139128e-05,-2.847495614376275783e-03
-2.558500494830168726e-01,1.258018162442175347e+00,5.773980584020990126e-01,1.319628620831239663e-02,-1.732026261621749663e-04,-2.592030417003508922e-03
-1.292555927684395922e-01,1.185077679769218406e+00,5.299065219145114858e-01,1.243505289537435131e-02,-5.044912204867323113e-04,-3.014095380033132189e-03
-1.179186762262877802e-01,1.220237788710136329e+00,5.718500297893521767e-01,1.262479104457276888e-02,-4.243385003973622338e-04,-3.455136230839018618e-03
1.600134061480834036e-01,1.082356942147934875e+00,4.327493717534779405e-01,1.104930545398834577e-02,-2.987036948312794815e-03,-4.774694737026268475e-03
-1.154889744374523602e-01,1.228499365548954225e+00,5.526264686444608554e-01,1.284100793123252662e-02,-8.366144626360764308e-04,-3.377061819430927404e-03
-1.154982714508537428e-01,1.224666503041053511e+00,5.457754957108824634e-01,1.275811446957797642e-02,-9.162677917006964434e-04,-3.180801890134669126e-03
-1.002167306939096419e-01,1.180618021128429174e+00,5.135844928574517798e-01,1.238854557589883117e-02,-1.127116734354177349e-03,-3.235984403683494961e-03
-9.961217197086963404e-02,1.214719820455717914e+00,5.556692149576165640e-01,1.270920973195850158e-02,-1.073009743370224520e-03,-3.394375680862614375e-03
-9.940589412821634885e-02,1.209572452941620968e+00,5.252144323408763915e-01,1.260435948441151685e-02,-1.364263320898291554e-03,-3.339778881360981871e-03
-9.320782048143358423e-02,1.195205240086731902e+00,5.413510078996724983e-01,1.248315141088740879e-02,-8.103834585187520700e-04,-3.345491426811778978e-03
-1.068916914533710183e-02,1.138948100070843683e+00,5.085123872657310029e-01,1.191687880897771695e-02,-1.685270599777268646e-03,-3.844677631253222341e-03
-1.083744766290653111e-01,1.194358203853851386e+00,5.739284489718793347e-01,1.277618139358881189e-02,-9.505014530158222008e-04,-3.028913395285213681e-03
-9.954436480427431011e-02,1.187818822142592268e+00,5.371930270581246614e-01,1.242088263580612070e-02,-1.320575636591426322e-03,-3.121709637963843501e-03
-1.122439215677308727e-01,1.189604092170542859e+00,5.475978601548947555e-01,1.233250948699487169e-02,-8.788692024927578089e-04,-3.421838453217376785e-03
-1.236571020947731109e-01,1.206042993228334304e+00,5.582757886359976940e-01,1.270553308639949842e-02,-8.051826840899736770e-04,-2.917301594600324455e-03
-1.433292806603446157e-01,1.240346150413670578e+00,5.217159710141640039e-01,1.267697582122151445e-02,-1.282532379926955637e-03,-3.183114177687210774e-03
-1.313025634356628224e-01,1.235879649662749546e+00,5.387269187959826677e-01,1.268438060516499655e-02,-7.070048680639512417e-04,-3.473681131725878200e-03
-9.612981305988069214e-02,1.209100958206348331e+00,5.225279353881386868e-01,1.264271830729209005e-02,-9.615157535001299383e-04,-3.389163978526906363e-03
-1.001278863875962738e-01,1.253408691007905640e+00,5.365876756323391117e-01,1.284638229567055742e-02,-9.688219523502263758e-04,-3.502649519342195157e-03
-1.966272072330223497e-01,1.250434795239675712e+00,5.786068295368054226e-01,1.323783899427422375e-02,-4.823901872968439086e-04,-2.986242071972420708e-03
-1.100223870047881414e-01,1.224215519759545900e+00,5.200201197001471654e-01,1.258060087422557122e-02,-1.341954086274495597e-03,-3.329886313522721891e-03
-1.028261150997381440e-01,1.163342850167267573e+00,5.355766424824693894e-01,1.219493762229253639e-02,-1.103895098572211728e-03,-3.244996018377449293e-03
-9.931391772374631444e-02,1.174525686524195978e+00,5.314008198942381522e-01,1.229255611568290732e-02,-1.180945874266382464e-03,-3.415585143831895241e-03
-1.050949959786511012e-01,1.187404229836334535e+00,5.420332126972006170e-01,1.234360101997920151e-02,-1.014321761548725442e-03,-3.292878715730473537e-03
-1.272344181341650837e-01,1.231651631727096019e+00,5.277530212752943317e-01,1.294031510390666710e-02,-1.149569151972174019e-03,-2.829892282544623633e-03
-8.980763845329112205e-02,1.207438560376257852e+00,5.388895668576444420e-01,1.242083085528355654e-02,-1.288517114760912019e-03,-3.337628698645545965e-03
-1.054954457121501932e-01,1.182048077075068315e+00,5.350627334527660039e-01,1.213212062582178126e-02,-9.283621713766943701e-04,-3.285879199330363210e-03
-1.381171005065968405e-01,1.212764978202587995e+00,5.875073685821033953e-01,1.284690552940206607e-02,-4.557698559551383310e-04,-3.100002607504501271e-03
-5.200805866082042206e-02,1.229002008360589926e+00,5.075282212247629321e-01,1.275415135098071327e-02,-1.704553102745927362e-03,-3.382436346529770974e-03
-1.406025148723266394e-01,1.233761170831465526e+00,5.401351665995386409e-01,1.295308848858741160e-02,-1.230600044528790474e-03,-2.916160279866787403e-03
-1.013841016228905073e-01,1.168377210946298428e+00,5.077371740678340295e-01,1.210579137487409994e-02,-1.143736115777420001e-03,-3.072349606168727019e-03
-1.101229189474092346e-01,1.183653577458694928e+00,5.630530075007667001e-01,1.240728721697367636e-02,-8.281074009071735798e-04,-3.071950110260389735e-03
-8.678543169988398032e-02,1.176531247050995654e+00,5.394543641872336925e-01,1.239392706560834070e-02,-1.397174739481643613e-03,-3.162847872328636289e-03
-9.797615644024401660e-02,1.182131122908706811e+00,5.382256783506956799e-01,1.237157009672974241e-02,-1.310926559572966540e-03,-3.268839493957932663e-03
-7.763237820012020007e-02,1.138757575436924574e+00,5.025061068311885704e-01,1.208390144260461894e-02,-1.394956644934913781e-03,-3.251564835287873347e-03
-7.744426766706226373e-02,1.184028239264447446e+00,5.184118427771127191e-01,1.213187455844569849e-02,-1.298306451250733767e-03,-3.268860821324346810e-03
-6.685522702348636881e-02,1.142830589344693504e+00,5.296271504289603582e-01,1.210307950473989320e-02,-1.069747061667633906e-03,-3.340285752043442840e-03
-8.439882731623504775e-02,1.223935388806120184e+00,5.367575230475348791e-01,1.260045615116533665e-02,-8.994721876777050928e-04,-3.586204143709520367e-03
-6.947226050974565636e-02,1.192796130676440747e+00,5.351309069670823204e-01,1.230172320634894019e-02,-1.420113104407524918e-03,-3.593948392716212002e-03
-1.494073890774111624e-01,1.247382042654956669e+00,5.413104038286171704e-01,1.296486816257830244e-02,-6.768290365990557028e-04,-3.119596662965649480e-03
-1.269277688300221030e-01,1.185509296627790476e+00,5.136883393342869253e-01,1.249741388383924373e-02,-1.138978004495447977e-03,-3.075910231486093157e-03
-2.506756516574074611e-01,1.288428455010866447e+00,6.160729666975444108e-01,1.371711480700278131e-02,2.471436559676569444e-04,-2.461287574232021678e-03
-4.098981240121465919e-02,1.195676505447470950e+00,5.299720516290244987e-01,1.230869827087476519e-02,-1.769453211048212585e-03,-3.410647800419412765e-03
-1.137264998739158650e-01,1.238643094976030534e+00,5.458633698215273888e-01,1.292139303268586073e-02,-9.110502190628252256e-04,-3.446337002894582415e-03
-1.525563724132293908e-01,1.301696423476459863e+00,5.780769377707865031e-01,1.341631512946866132e-02,-5.554432334346996042e-04,-2.972421280369436699e-03
-1.515302504011437623e-01,1.264354641199727070e+00,5.855198562059320544e-01,1.313950753932107904e-02,-7.240718128977106927e-04,-2.876521765277786392e-03
-1.992368143976029071e-01,1.246667745876402611e+00,5.698607046427066614e-01,1.296164016436180018e-02,-3.276178032833258064e-04,-2.656843215090364235e-03
-1.054065843553672610e-01,1.181702497981214739e+00,5.175758541168912208e-01,1.218186407965746350e-02,-1.127139580152310833e-03,-3.345142237846911604e-03
-7.699329440740736163e-02,1.183573786919970283e+00,5.249181978756776168e-01,1.233266900790108353e-02,-1.044041810804918757e-03,-3.489054085600194581e-03
-7.364919379036506675e-02,1.184137372776109975e+00,5.413568742431185132e-01,1.244785269081224652e-02,-1.050372846284685496e-03,-3.420069411900211395e-03
-5.373509590405683989e-02,1.207748997724036766e+00,5.372886277591847337e-01,1.269340344528023870e-02,-1.633639838945996972e-03,-3.543391832592052062e-03
-2.025314159007922943e-01,1.218355984664431180e+00,5.683961529991468087e-01,1.293837047782715050e-02,1.090963142813625858e-04,-2.977244318924276295e-03
-7.297130333974723160e-02,1.217923423757193868e+00,5.053098322214164551e-01,1.243060165613891002e-02,-1.356699793687722588e-03,-3.518057226551152186e-03
-1.112172499698868555e-01,1.219334396380042929e+00,5.403408536804871209e-01,1.262589380736751227e-02,-8.927272443469240482e-04,-3.368780905844143223e-03
-1.151799523801757541e-01,1.204093777556572542e+00,5.321634283409979460e-01,1.248421529065576671e-02,-8.828113124447287824e-04,-3.171548681827885113e-03
-2.499384874449708804e-02,1.164972114746265275e+00,5.248848460374050395e-01,1.222325684037146171e-02,-1.551946422932720324e-03,-3.535287906719550809e-03
-3.130894989505826342e-01,1.282531622220759671e+00,6.347493681866530624e-01,1.331745153461198761e-02,6.252298345844412020e-04,-2.185836206123901396e-03
-8.084691672614763291e-02,1.235226506462189011e+00,5.291583544124840444e-01,1.272437861936780504e-02,-1.249631981432479735e-03,-3.533534785183198475e-03
-1.372599215030903541e-01,1.223816052915911445e+00,5.747342681821580035e-01,1.281126827833604931e-02,-7.388689889625682516e-04,-3.122135988884321492e-03
-7.483029989785021374e-02,1.172576360765486880e+00,5.415086137425150214e-01,1.221096916905281722e-02,-1.034216255284105615e-03,-3.260098026487941517e-03
-2.325955071278335007e-02,1.110110183187887456e+00,5.365603161156285994e-01,1.157496274350084016e-02,-1.487036875659427521e-03,-3.390465337267882951e-03
-1.039242466039816265e-01,1.213233222051257387e+00,5.197457255871007487e-01,1.259772094032236313e-02,-9.803438692180966446e-04,-3.415471504595657577e-03
-9.971036651793858951e-02,1.248923868967937834e+00,5.759371116864284712e-01,1.311567192780605656e-02,-8.780403489386991861e-04,-3.449253752138818022e-03
-1.220376038396873836e-01,1.189276506277028744e+00,5.680486676435356763e-01,1.237962531780328022e-02,-6.036492528333596563e-04,-3.112675455393411859e-03
-7.965257465431728467e-02,1.203742189438139931e+00,5.329786910862903682e-01,1.238804256009120273e-02,-1.075893585526888768e-03,-3.313861092912131091e-03
-2.312948072037568359e-02,1.149257977373824291e+00,5.105507776402986586e-01,1.182335369813922697e-02,-1.928703855694399380e-03,-3.552373630539364807e-03
-9.465228199827943611e-02,1.213629393832626135e+00,5.333009623028016621e-01,1.242098758474053516e-02,-1.205857530904266145e-03,-3.352698643002809294e-03
-9.698312936937644735e-02,1.164364169174757047e+00,5.307412170294047993e-01,1.204412224617917339e-02,-1.202985127493444786e-03,-3.454764879774858358e-03
-1.100440779128283308e-01,1.214181518301410412e+00,5.532136581181570367e-01,1.255831358133802610e-02,-7.775304153154714848e-04,-3.195042437990971984e-03
-4.382457178423090904e-02,1.173002131770741752e+00,5.377832641841620021e-01,1.220518099368784679e-02,-1.392104040359708542e-03,-3.657388916256164389e-03
-5.578772249969593533e-02,1.215473462453002806e+00,5.254527727755448074e-01,1.243441596091035550e-02,-1.370149109551721187e-03,-3.808038966573128528e-03
-9.987256783058733045e-02,1.205999218033389164e+00,5.660742570754900838e-01,1.261750728844492596e-02,-6.538817489369162100e-04,-3.180005763411721930e-03
-8.274873307617369722e-02,1.230615822633039924e+00,5.258606570416666237e-01,1.267766204254841197e-02,-1.187879798676893042e-03,-3.670583274325913813e-03
-1.424205541950603338e-01,1.228614986700750089e+00,5.665641879065248521e-01,1.296728626867937363e-02,-6.231507141205589601e-04,-2.975924911339643958e-03
-4.203900204593793988e-02,1.166512779175144399e+00,5.159959605213428890e-01,1.207223469501415673e-02,-1.332393303666091697e-03,-3.354515550680417253e-03
-1.532373106198449408e-01,1.219164236428933012e+00,5.520759234633226820e-01,1.265589592750763527e-02,-8.234141442246666748e-04,-2.945410399321993743e-03
-1.723808627240694114e-01,1.223635062537822060e+00,5.550810235839689355e-01,1.264017112534531612e-02,-9.509166834383245975e-04,-2.907227833766375894e-03
-8.292353152570110242e-02,1.140665309365897606e+00,5.460276065142068980e-01,1.234756704615677138e-02,-8.304261186746209056e-04,-3.285199865188655026e-03
-1.140094234604392825e-01,1.176338663865946543e+00,5.392532541826794423e-01,1.191887095168668587e-02,-6.559713095068229333e-04,-2.978000612179537709e-03
-8.215651275888839755e-02,1.211833516959865298e+00,5.579127683903144508e-01,1.239137297616157811e-02,-1.124191815435030342e-03,-3.451374899934758766e-03
-1.434477518010187358e-01,1.221547755621080755e+00,5.505873374013419141e-01,1.300462317967866419e-02,-8.590904847506526665e-04,-3.137850386031231040e-03
-1.404196231690416630e-01,1.227404921480266475e+00,5.776097866444198647e-01,1.327225108567416274e-02,-6.989010462943624769e-04,-2.713000552174511110e-03
-1.684500593954174064e-01,1.158495608293705237e+00,5.518921237090487208e-01,1.262645427409174112e-02,-6.192042712772783536e-04,-2.737886212415132931e-03
-1.589202637285254127e-01,1.205792052786184509e+00,5.719970657708512984e-01,1.262079678517641530e-02,-2.388701081691979589e-04,-2.676173813827307200e-03
1.967632827232224102e-03,1.142950094272368045e+00,5.051185518016141351e-01,1.161784601754907442e-02,-1.779856389998160301e-03,-3.399315577918162520e-03
-1.550098032230185774e-01,1.218045052408927242e+00,5.456612841621736321e-01,1.260167248004090412e-02,-5.261105930508096218e-05,-3.278736333657392057e-03
-1.359687364420562594e-01,1.246393406397699355e+00,5.436496485116706356e-01,1.279726584427918340e-02,-1.418742295764613068e-03,-2.818985911296197772e-03
-1.282449278983227858e-01,1.203440788219865443e+00,5.679564967209018711e-01,1.297509457245619308e-02,-8.244825983209410486e-04,-3.087058160205503107e-03
-1.119549543329869529e-01,1.218667665251400356e+00,5.401162331623448054e-01,1.189080479925938919e-02,-3.993408740721772487e-04,-2.974716894139441386e-03
-7.797401330700666489e-02,1.209360161494120733e+00,5.583093409578493427e-01,1.259806446410074651e-02,-1.574700214028503312e-03,-3.701479546639075725e-03
-1.193168855024323294e-01,1.179336991860878037e+00,5.417394377708719677e-01,1.255500873781520942e-02,-1.048933997156886733e-03,-3.099057582805184001e-03
-8.058930751738303810e-02,1.214657113284999701e+00,5.391924585135962067e-01,1.212768252099828345e-02,-1.632636260809701770e-03,-3.466855286520186073e-03
-2.046835047569602328e-01,1.183562931546040531e+00,5.696779970822198891e-01,1.227677263680029308e-02,-4.543347862439456319e-04,-2.936657763554114103e-03
-1.116674650576675587e-01,1.166885653981118098e+00,5.460106956892806229e-01,1.265833514092096386e-02,-8.921429376027786851e-04,-3.218660205767447709e-03
-1.050133059324442897e-02,1.187692756352934476e+00,4.891441652966784792e-01,1.272135662651628987e-02,-1.991778965959598371e-03,-3.437169468717715583e-03
-5.421725749004319139e-02,1.173447254840844334e+00,5.218431395380558335e-01,1.165246801615210832e-02,-1.670366950437115680e-03,-3.258352126561927988e-03
-1.105571385403865819e-01,1.218020883785258190e+00,5.766803688180399678e-01,1.258735158869210211e-02,-8.673935338796897460e-04,-2.992510829290637771e-03
-1.994025528607665521e-01,1.255100245079411092e+00,5.440841041508338582e-01,1.302790330125420774e-02,-1.250003881102385028e-04,-2.954641521207460042e-03
-7.188000502738164932e-02,1.191063559024484686e+00,5.238675532798271473e-01,1.242703704844871568e-02,-5.622675122483444116e-04,-3.210309343083331008e-03
-2.939702870049892836e-02,1.225619572035793858e+00,5.468135561053930616e-01,1.288361498697049648e-02,-1.426050386539748013e-03,-3.765471995993004053e-03
-1.225733292188134899e-01,1.193344812580235503e+00,5.218344838679122022e-01,1.183234115689410504e-02,-8.884461566706254587e-04,-3.203794763945672606e-03
-9.370272350094678571e-02,1.242033317637617484e+00,5.828595972083132626e-01,1.296684854400365246e-02,-1.251500798541938311e-03,-3.039953056898065005e-03
-1.836774357804404623e-01,1.223314876105774385e+00,5.558285488152138187e-01,1.288176232672699414e-02,-9.519024991515474821e-04,-2.711811325937384890e-03
-8.802749915661993441e-02,1.172290074217754885e+00,5.336243708654316853e-01,1.269022470700159611e-02,-1.467529168311398208e-03,-3.449368054274212260e-03
-3.326398922928011648e-02,1.177813788275839491e+00,4.862849984786248303e-01,1.204412787078829386e-02,-1.875394159394824442e-03,-3.502015422335665387e-03
-1.091262550134094039e-01,1.232442813506165802e+00,5.330643015349131320e-01,1.242641435395344489e-02,-1.126688403817311876e-03,-3.498827611458480563e-03
-8.651822877374594489e-02,1.199565004517210598e+00,5.006327772656606889e-01,1.275028949655218104e-02,-1.130341725192022737e-03,-3.424039744374874489e-03
-4.345925396938912777e-02,1.230199705922167430e+00,5.368783374090346783e-01,1.293006269836029926e-02,-1.732535729552125633e-03,-3.428214581495003799e-03
-1.911255473697162643e-02,1.147408126662209149e+00,4.896416369873471952e-01,1.177513434431340725e-02,-1.730017978626043409e-03,-3.659981760603650460e-03
-1.069936133366456849e-01,1.241607851419569419e+00,5.463428086358417257e-01,1.251491652897375115e-02,-1.046838326898228561e-03,-2.918730110837261266e-03
-9.834420005260685604e-02,1.194051419162684979e+00,5.516208227978841583e-01,1.288152990701503520e-02,-9.300217925005994923e-04,-3.085227588491898723e-03
-9.598717297172741636e-02,1.196685940439962126e+00,5.284636763360042178e-01,1.280103765417059739e-02,-1.048737961825103177e-03,-2.964042778444126499e-03
-1.722986302010924842e-01,1.241198795190502802e+00,5.695207657562803005e-01,1.280122847373398390e-02,-2.754441176691605625e-04,-2.988803416177857747e-03
-9.422717550644470197e-02,1.135251350123965830e+00,5.153216761179362226e-01,1.191377116355258128e-02,-1.036671798423866378e-03,-3.129508927505476532e-03
-1.069472040407210001e-02,1.158927775798168636e+00,4.994508278393212652e-01,1.244543968677045039e-02,-1.915768374540860117e-03,-3.350876181979667908e-03
-7.959171797817375660e-02,1.150250908049909482e+00,5.277473833129077141e-01,1.205809439453453362e-02,-1.568186993256901265e-03,-2.891190292398507396e-03
-1.120804252229942455e-01,1.216488919425073645e+00,5.764662527691543081e-01,1.257234171415138983e-02,-9.391198738965770426e-04,-3.360822772969630431e-03
-1.442733305902496044e-01,1.249272092671058321e+00,5.474106030306955528e-01,1.225131264053886532e-02,-6.048427363791915312e-04,-3.016748413471087749e-03
-6.452726246439280389e-02,1.231623613226937808e+00,5.400723352482202921e-01,1.234495303249875942e-02,-1.237146806842863087e-03,-3.495042642364830018e-03
-1.485249576317515530e-01,1.249056286737357135e+00,5.689805572798142252e-01,1.237672254253386651e-02,-4.558804305231749232e-04,-3.143463729183879063e-03
-1.097905985539229523e-01,1.240523746629503155e+00,5.049014036791439342e-01,1.269095955796402733e-02,-1.035474959473784914e-03,-3.032976258296669371e-03
-9.450604399992190707e-02,1.228806907481309052e+00,5.195606993576376009e-01,1.250391634969245935e-02,-1.321820307228771529e-03,-3.271659923154824831e-03
-1.770795300914428660e-01,1.229619147393545386e+00,5.677257756969802394e-01,1.279694638481033292e-02,-4.880780955111626435e-04,-2.907661453666099231e-03
-1.217106872657562067e-01,1.255307128575361642e+00,5.472724634287490231e-01,1.319053157183368123e-02,-6.885434497151121658e-04,-3.270926685964946259e-03
-1.971050579719210716e-02,1.154736230617200654e+00,5.138227100592762664e-01,1.270068631686263258e-02,-1.559176774008536742e-03,-3.303778281025251517e-03
-1.003153815651256220e-01,1.194667445213100088e+00,5.136334177322366967e-01,1.232178729818670347e-02,-1.154663874921340455e-03,-3.060561201280051925e-03
-5.988359989433993114e-02,1.191540061739197576e+00,5.383965264485577329e-01,1.252534435965393239e-02,-1.411259309048612867e-03,-3.354233800139974978e-03
-1.635515864745191728e-01,1.204472146979572278e+00,5.610126932480429263e-01,1.250448468881987414e-02,-3.572385856270652443e-04,-2.771282072826054127e-03
-1.664262190138953712e-01,1.223424352788685221e+00,5.739391813819407773e-01,1.250499406774180366e-02,-5.373855061727873111e-04,-3.035775416254414723e-03
-8.974106389325416100e-02,1.222460072422108190e+00,5.275572581609060396e-01,1.222015040102911176e-02,-1.272444184725088703e-03,-3.606887918526664044e-03
-8.010263959628223518e-02,1.220600580216971709e+00,5.424353761077266300e-01,1.263149150621400117e-02,-1.301990445011193959e-03,-3.425318727006662015e-03
-1.110231734643577217e-01,1.241000342575559356e+00,5.107066806334787934e-01,1.251147458721290316e-02,-9.926823056496756476e-04,-3.268931084614154318e-03
-9.193955346654063276e-02,1.181988853401332973e+00,5.446168849038043325e-01,1.204640983292520375e-02,-1.182687633234265345e-03,-3.674415020509264745e-03
-1.591342027422810723e-01,1.227237342104465112e+00,5.536213768965608795e-01,1.289680883650778237e-02,-6.368489470460845375e-04,-3.224617992570165750e-03
-1.171243453107412846e-01,1.170273085708294580e+00,5.495290958585578034e-01,1.326609981095839760e-02,-9.387180801639031374e-04,-3.093075086976389450e-03
-8.572746632805673672e-02,1.193959041046524838e+00,5.160449638686661622e-01,1.265246677602891931e-02,-1.111007398682662198e-03,-3.133678741515984016e-03
-5.471855479494211472e-02,1.222338945129352039e+00,5.203974671940737595e-01,1.216199784841313740e-02,-1.380614800045606647e-03,-3.448336020798590910e-03
-1.115746227277039093e-01,1.247537509993362992e+00,5.740932995251908366e-01,1.322793328131101342e-02,-6.397349943513680470e-04,-2.972614213910654106e-03
-1.325035751052198729e-01,1.196759827004236776e+00,5.377304104763032111e-01,1.262532096772572485e-02,-1.153642571139597284e-03,-2.719240099917643975e-03
-1.064738750164975351e-01,1.227880371064941745e+00,5.542185079567919503e-01,1.228661829246737065e-02,-9.215331969484302083e-04,-3.187711654208377765e-03
-7.285145406115223210e-02,1.196054873456070089e+00,5.185197832222481207e-01,1.198427065917347448e-02,-1.633460083557322293e-03,-3.465660755447648629e-03
-1.269236871461785210e-01,1.179639947793016175e+00,5.422514471182201534e-01,1.265353444094974647e-02,-6.602299051525206686e-04,-3.200280878107386508e-03
-1.909943773514480858e-01,1.254288951615276204e+00,5.462861136451343524e-01,1.309733938235645677e-02,-5.977759289302209816e-04,-2.591312848727126035e-03
-1.531524616766277991e-01,1.235321350892389702e+00,5.760470977695804073e-01,1.303170325057149796e-02,-9.039197511000740537e-04,-2.990444360504152660e-03
-1.157992370135427773e-01,1.161403358621031279e+00,5.461108214844447861e-01,1.255534434793584286e-02,-7.753151261882598733e-04,-2.844322716176903628e-03
-8.250040126035307342e-02,1.216401442889316398e+00,4.987491650807717170e-01,1.248174155244563197e-02,-1.566452862549456634e-03,-3.127587310196053554e-03
-7.503709939373047477e-02,1.201272301763822714e+00,5.387009404753098085e-01,1.221799906660681403e-02,-1.292955015082678308e-03,-3.447156557271360399e-03
-1.777428607852108988e-01,1.238248042429548779e+00,5.643386280589477444e-01,1.249070141433734384e-02,-1.549364345248844393e-04,-2.949443488796088184e-03
-1.190926258755355405e-01,1.275299114649952381e+00,5.287409289712767801e-01,1.283573980105867998e-02,-1.306625771605876909e-03,-3.286517299780141767e-03
-8.393487396996821004e-02,1.205241283616820036e+00,5.468063559409418461e-01,1.299135596579309090e-02,-1.233412483181867483e-03,-2.984331589603872459e-03
-6.173329473302610615e-02,1.198957179273165918e+00,5.348430222694822156e-01,1.281954328536589159e-02,-1.706920753983924566e-03,-3.400363306694143169e-03
-1.010844371032863925e-01,1.177746311094543863e+00,5.333325944103890492e-01,1.266821494808765408e-02,-1.251092499207054690e-03,-3.073983711500494122e-03
-1.415356601789759527e-01,1.199521292099522851e+00,5.572911606205289692e-01,1.294500881779397580e-02,-5.557679886111915879e-04,-2.764576460804978736e-03
-1.287617289137822363e-01,1.187102446734554340e+00,5.167458877869720579e-01,1.248136860928574648e-02,-1.364936957095649883e-03,-3.089523935001428547e-03
-1.009024557856591370e-01,1.155128197240917975e+00,5.297182946059721953e-01,1.185327665135471435e-02,-1.092956398969703591e-03,-3.059344933816732139e-03
-1.288981636845353274e-01,1.217536428897458167e+00,5.393122783905305306e-01,1.246065858699851869e-02,-6.761251383108225071e-04,-3.313652003870775492e-03
-8.077427870036316127e-02,1.240187038174578760e+00,5.118652915191927999e-01,1.242085064343794940e-02,-1.521584419673245245e-03,-3.518491213994374631e-03
-1.389106251942935910e-01,1.201527277480524347e+00,5.805617255022473833e-01,1.207041317331481768e-02,-5.114576585335400827e-04,-3.013509600056007206e-03
-2.128630614928738729e-01,1.299844630790410349e+00,5.696382128837785830e-01,1.373257077963680947e-02,-4.691267875946598942e-04,-2.721459021586165004e-03
7.004485371153079676e-02,1.013490931593370226e+00,4.822752787648318940e-01,1.144454317808973193e-02,-2.102336711384052148e-03,-3.948022787231691977e-03
-4.568145528062225735e-02,1.209974528735808796e+00,4.925181267845346600e-01,1.263381268266034092e-02,-1.849449971639081231e-03,-3.322000252317388203e-03
-1.763102952667151835e-01,1.161421698647153722e+00,5.706559104341309974e-01,1.291391297663591585e-02,-1.719142197030478630e-04,-2.677945045366102519e-03
-1.378980513537466368e-01,1.164455666272242951e+00,5.262676267093316929e-01,1.232012121461437647e-02,-9.952112951642517330e-04,-2.612045758539141560e-03
-2.181071606692283060e-01,1.267231809643362128e+00,5.809075067748937782e-01,1.267154288796727528e-02,4.741405074887572457e-04,-2.921545227242808556e-03
-5.234268226518806744e-02,1.227675862610171365e+00,5.377506851964924950e-01,1.224285558891283036e-02,-1.515372488058568459e-03,-3.529339187474240386e-03
-1.517976346255867082e-01,1.198530482679476927e+00,5.281670663043985803e-01,1.262981750510812178e-02,-4.722422929655020057e-04,-3.123658821873669458e-03
-1.167836107037226595e-01,1.112481605621229441e+00,5.125357392626047615e-01,1.168746241914000832e-02,-1.287081247859282393e-03,-2.712563159377762156e-03
-6.692759152290952973e-02,1.242386750003499518e+00,5.283922851514419872e-01,1.245668282870443858e-02,-1.541906764562074247e-03,-3.560118372982961493e-03
-2.150203444683982668e-01,1.284179033222039079e+00,5.948556312802655288e-01,1.329598559567945343e-02,-1.975192282229198959e-04,-2.385889800770851082e-03
-7.493800602825720358e-02,1.210605740746500070e+00,5.304504594923394878e-01,1.287774651754124144e-02,-1.470597357754203569e-03,-3.234593776310462545e-03
-1.169990744313858799e-01,1.177741211355963102e+00,5.592309745509586039e-01,1.274872010350247206e-02,-6.444966782894901575e-04,-3.023212940315734079e-03
-1.066523000400491777e-01,1.232275145207021083e+00,5.449349347295843193e-01,1.275403080843881196e-02,-9.603346074610989713e-04,-3.058212832455609476e-03
-4.885267566722448218e-02,1.234294056341554535e+00,5.033618806359625442e-01,1.228706474559530804e-02,-1.923770332215109582e-03,-3.473412329972092559e-03
-1.265388119791864829e-01,1.211314455284524083e+00,5.420733554559595824e-01,1.232150083941142837e-02,-8.917097070113236962e-04,-3.325966837326199774e-03
-7.906522241487258518e-02,1.237166777877835910e+00,5.226723087031558412e-01,1.257138421787425304e-02,-1.411693711646847676e-03,-3.530974477972787743e-03
-1.877542281641471633e-01,1.203382864810830899e+00,5.650794012235212938e-01,1.251029975069801493e-02,-1.301815978464442719e-04,-3.308882974622924002e-03
-1.190391838044549400e-01,1.208075862950038770e+00,5.461834726832166531e-01,1.270176515011722275e-02,-7.923712203629987294e-04,-2.914394893829027125e-03
-5.405937148712791629e-02,1.186060865826253696e+00,5.180622950265979521e-01,1.266040878062006311e-02,-1.774745714597191631e-03,-3.409058794834964306e-03
-1.218973329841460118e-01,1.235953537769400201e+00,5.357662404646020837e-01,1.281541851554902911e-02,-9.905844735114896493e-04,-3.342805830046865784e-03
-1.187660460419298486e-01,1.313329536589810997e+00,5.375207907259358375e-01,1.327142290522440038e-02,-3.811303170049070571e-04,-3.478112370741969894e-03
-1.399078648629570321e-02,1.167844695746274031e+00,5.486239743830871873e-01,1.192393184481155971e-02,-2.128494539806506658e-03,-3.485136461199154611e-03
-1.533437402200735211e-01,1.263232426901258698e+00,5.715834800723675890e-01,1.322538311625363894e-02,-7.816533479246857985e-04,-3.269271220836662134e-03
-1.852000151068350364e-02,1.212393661103084774e+00,5.241566501284842250e-01,1.164270582723228413e-02,-1.372043142880976022e-03,-3.827615170654380308e-03
-2.008176082397827300e-01,1.217029236253315272e+00,5.644820610082912360e-01,1.272214553981340125e-02,1.735777657101717636e-04,-3.005121320236864291e-03
-1.466018609219298108e-01,1.162051477336253580e+00,5.491199215937325739e-01,1.243936685092819454e-02,-6.177956832240320134e-04,-2.816123489271088291e-03
-4.645545644262397134e-02,1.205453575245425180e+00,4.919137723303772525e-01,1.252740123162299039e-02,-1.665136084097166083e-03,-3.577729570112991083e-03
-1.648841111093050649e-01,1.258396215641258031e+00,5.481254625505811440e-01,1.312854451695113188e-02,-7.284146875735277721e-04,-3.335146824531759913e-03
-4.873042815150496754e-02,1.232332540621417394e+00,5.189365962473040383e-01,1.288614264640548963e-02,-1.717271242676659398e-03,-3.416620765424444733e-03
-1.139133094189100359e-01,1.221236351585552216e+00,5.497364699165472324e-01,1.263040394426666498e-02,-1.000233284488749944e-03,-3.231093164499301319e-03
-8.992809910867842482e-02,1.202202089281031894e+00,5.468750595284389560e-01,1.273046853956708892e-02,-1.342916100303218410e-03,-3.039958861319543622e-03
-4.893231497469413549e-02,1.186370454022043441e+00,5.272360874460658708e-01,1.207121766433828271e-02,-1.576158090461774602e-03,-3.406411798651692770e-03
-1.514103606834414084e-01,1.135845337338821759e+00,5.493186959834311933e-01,1.210160316445371351e-02,-7.387983814784639808e-04,-2.500855063920821939e-03
-1.633692329586740322e-01,1.198952946034457012e+00,4.875438134725730288e-01,1.225498269041332133e-02,-7.111048149264307533e-04,-3.088610459209553075e-03
-1.659659254708077403e-01,1.240372352656671007e+00,5.427971519725502958e-01,1.309295954641432821e-02,-2.640322166408970439e-04,-3.257477583060070653e-03
-1.666782992616832326e-01,1.174196944051497216e+00,5.230105171422533283e-01,1.212661226083153708e-02,-4.637330671789959002e-04,-2.836926662059957669e-03
-8.560557112168548644e-02,1.211404247879622975e+00,5.438370045164718780e-01,1.316365846912967083e-02,-9.973107403413866701e-04,-3.557852220526253311e-03
3.576083848555092204e-02,1.140109104754332581e+00,5.034529646664204217e-01,1.233870020604890642e-02,-2.504698169559692322e-03,-3.642828120172211456e-03
-1.103221925203656112e-01,1.188878748040094413e+00,5.190609719404686295e-01,1.251195018012564789e-02,-8.910475590852926647e-04,-3.150272478739119496e-03
-6.523886931749177387e-02,1.289607883193255367e+00,5.798192757459613711e-01,1.307819905795175493e-02,-1.344313671869585766e-03,-3.501918214810566168e-03
3.078846321751516069e-02,1.178225416895322342e+00,5.072269999334144686e-01,1.228015832118989348e-02,-2.574110212188651312e-03,-3.543513287965050114e-03
-1.226773355370992385e-01,1.243219241293605615e+00,5.263969194239674909e-01,1.300387821999856794e-02,-1.124014847598239428e-03,-3.033030910602690835e-03
-1.400073867655629301e-01,1.144107864518112860e+00,5.727898159759613472e-01,1.200290753672070623e-02,-9.061766159745143073e-04,-2.669288814119537105e-03
-2.521634338925918262e-02,1.239589526751919912e+00,5.101475854072260452e-01,1.242126641609966539e-02,-1.751437702868813284e-03,-3.529102390304969441e-03
-8.195480396357573971e-02,1.245849012422444391e+00,5.067833563952474085e-01,1.271225847934715110e-02,-1.075464100140159987e-03,-3.494004101980503676e-03
-9.666064508715296877e-02,1.323794960121739361e+00,5.507103274280527039e-01,1.378537418015309858e-02,-8.344366151007195226e-04,-3.639479096285986714e-03
-6.158519529631303890e-02,1.230357173896840184e+00,5.306789265345930318e-01,1.267117512870706564e-02,-1.482597134181395590e-03,-3.148551173512639453e-03
-1.872718654145489325e-01,1.258513947711041636e+00,5.831820598659724908e-01,1.380780876474274610e-02,8.840594310322719140e-06,-3.246110422156053138e-03
-4.023998431419165134e-02,1.219084934687912014e+00,5.096320725343806979e-01,1.231882672282345013e-02,-1.710256013749343953e-03,-3.433101976617614071e-03
7.364968315399039733e-03,1.093791069612332301e+00,5.018854122613608526e-01,1.113529803797713366e-02,-2.271256653513504739e-03,-2.968803148659398053e-03
-1.076878632594116675e-01,1.130850085711333053e+00,5.727034231704639655e-01,1.228951833170634222e-02,-9.950332181955894029e-04,-3.146383272697291823e-03
-2.251651606281524221e-01,1.267464471993151376e+00,5.638871515962236014e-01,1.343664655908253375e-02,1.055155658605203689e-04,-2.717038317992974145e-03
-1.553136822820493090e-01,1.157278988766391237e+00,5.190638338005487684e-01,1.223400362252971552e-02,-5.306328565556593657e-04,-3.008735892524365407e-03
-1.122640868879061227e-01,1.165152983528694675e+00,5.517704733630484082e-01,1.277775823076632289e-02,-8.806209697193329716e-04,-3.116679918773653749e-03
-2.918693895798576965e-02,1.176843142682130861e+00,5.169611751948602896e-01,1.221309055406923950e-02,-1.674378639379895187e-03,-3.625443641579292192e-03
-9.177050204616843398e-02,1.224315127820492233e+00,5.196485563718760137e-01,1.274106896738164303e-02,-8.152068936522500336e-04,-3.315501621359376490e-03
-5.008736512214112535e-02,1.180894541863679148e+00,5.453825466939330457e-01,1.210756310848039655e-02,-1.928016229872035747e-03,-3.007103301271232907e-03
-1.229603370373846399e-01,1.213522970565609871e+00,5.447974116413768497e-01,1.264031893885849030e-02,-1.029306858277536513e-03,-3.177984540215758862e-03
-2.138578700904323060e-01,1.263266357546666496e+00,5.502699982348978613e-01,1.306656179751940899e-02,-6.223755648697773535e-06,-2.712505291356324521e-03
-8.090013713394265948e-02,1.113606021171886562e+00,4.948939747328003902e-01,1.181198763966636277e-02,-1.211101000870407063e-03,-3.371294504491815884e-03
-8.335771448446910314e-03,1.117332206655967219e+00,5.587756878812227823e-01,1.213006757956577343e-02,-2.253191842133748027e-03,-3.373385860614507188e-03
-1.585188022153993792e-02,1.185254223307067090e+00,5.482404741546899052e-01,1.195703608753561492e-02,-1.797040407941279463e-03,-3.483464621140510906e-03
-1.501153227248938904e-01,1.299527265581882807e+00,5.559792035290896939e-01,1.375216227180644027e-02,-1.673368231495178660e-04,-3.524477397255445371e-03
-1.951808469436461246e-03,1.174050967220395369e+00,5.150220946309488346e-01,1.204778883027297562e-02,-2.462192345580848860e-03,-3.366549991936306895e-03
-9.758083124483206416e-02,1.106688148440842401e+00,5.291746947634333731e-01,1.183183919166799943e-02,-1.202092455416718317e-03,-2.952414015016125055e-03
-1.360152881711951811e-01,1.292323349189361092e+00,5.375275330669765372e-01,1.329025203366033733e-02,-4.062235755804138870e-04,-3.751681019852269768e-03
-5.208771819247946799e-02,1.142632082695924201e+00,5.438297647036185456e-01,1.186204200750947020e-02,-1.468590063722822678e-03,-3.039949886777703475e-03
-1.197819945664606173e-01,1.240774551692354066e+00,5.331718799418541099e-01,1.261418857597589385e-02,-8.982067259958453898e-04,-3.496885011896718343e-03
-9.444771252528808003e-02,1.176561963295307267e+00,5.306721869178010476e-01,1.249836071699355830e-02,-1.334758005469701206e-03,-2.951503181592645287e-03
-5.272660557988220753e-02,1.187641051894575028e+00,5.172607349884096317e-01,1.210512119682841461e-02,-1.617199534226888141e-03,-3.134866007425459161e-03
-1.298016585708222370e-01,1.177687948045111455e+00,5.486355730489058669e-01,1.292028748777093207e-02,-7.359481634844986658e-04,-3.381812522247361341e-03
-2.496432106719387312e-02,1.154561613856906144e+00,5.014406779510915957e-01,1.217008046373909726e-02,-2.038266803556966142e-03,-3.310399541514163265e-03
-7.639823054973068905e-02,1.170984571433719035e+00,5.239191799496852875e-01,1.227153285400120648e-02,-1.324567463617745341e-03,-3.601631626560709669e-03
-2.319787508668475773e-01,1.258224636104778194e+00,5.710980595616230726e-01,1.315010771534810136e-02,-7.336404246519566408e-05,-2.619879125614244138e-03
-3.333537702031921790e-02,1.180615599184489106e+00,4.740176063072715218e-01,1.205003818483109217e-02,-1.386714567745975929e-03,-3.816857537703312753e-03
-1.220550320869885630e-01,1.185615078968791147e+00,5.275451229297238864e-01,1.217281180653955082e-02,-4.407908605838870703e-04,-3.514594288400707187e-03
-1.461589980661399391e-01,1.232390283413606014e+00,5.760643437802401845e-01,1.292744057686433592e-02,-9.265864782476099931e-04,-2.708790782280765322e-03
-7.619543534636248616e-02,1.229051352601344016e+00,5.173385167214894498e-01,1.248737692548118269e-02,-1.324540347876129731e-03,-3.458658187760386537e-03
-8.354667625453782165e-02,1.225088384862647484e+00,5.389879180182324259e-01,1.269813903284643802e-02,-1.224756264883256410e-03,-3.521210167202852136e-03
-2.290855692066711136e-01,1.284922850351305046e+00,6.157146073671180275e-01,1.350798508403605949e-02,-4.018481894137119342e-04,-2.581757651071738251e-03
-8.153014732262302278e-02,1.214271392057162169e+00,5.591189238362138658e-01,1.257590542080844372e-02,-9.617890376882008707e-04,-3.429405753376709928e-03
-5.329168636204603682e-02,1.170253549506756974e+00,5.085390992060082604e-01,1.218033343642893965e-02,-1.445845300217645304e-03,-3.248004835072355097e-03
-1.602118034071895458e-01,1.262179365101017137e+00,5.386792477601758389e-01,1.268256469151497930e-02,-5.422283712994864502e-04,-3.374229785866344079e-03
-1.132768345198557347e-01,1.172529614212584725e+00,5.123850675614114447e-01,1.222872207447872964e-02,-1.066130346444992688e-03,-2.990306958508099147e-03
-1.104798887939089785e-01,1.203356848395968015e+00,5.250938856951895550e-01,1.246374647017504424e-02,-8.637570344899175856e-04,-3.065356410114593311e-03
-4.780480752553026291e-02,1.193874712695693230e+00,5.353008384798730868e-01,1.244139230254374083e-02,-1.479641680999243397e-03,-3.477541545598203561e-03
-1.566565925287044525e-01,1.208284918214173720e+00,5.665285286748804605e-01,1.281013326992428564e-02,-2.792752409077389059e-04,-2.960181620539843999e-03
-9.341209695946608993e-02,1.195984843194511704e+00,5.255364843692017507e-01,1.206055236376754949e-02,-1.183522515097106681e-03,-3.193256109368678396e-03
-9.042788854244662722e-02,1.173840046856084340e+00,5.434605261765336204e-01,1.255552992932322184e-02,-1.252690827901459941e-03,-2.978121918816684869e-03
-1.290168364534387269e-01,1.230621783623488286e+00,5.169402642280556126e-01,1.265429725658261118e-02,-7.926702126405758136e-04,-3.067441267401618387e-03
-7.903377250980299362e-02,1.198536599285241699e+00,5.521034928186652202e-01,1.262759888382287629e-02,-1.049355078369668473e-03,-3.108010494521978948e-03
-9.890605412018189935e-02,1.179680773744997690e+00,5.474072133755311098e-01,1.269278078683064477e-02,-1.233419720471692210e-03,-3.009132162259739365e-03
-1.085982304994051045e-01,1.214675336518139970e+00,5.267812651086466458e-01,1.263656148674906221e-02,-1.125399684641122458e-03,-3.004498998571273390e-03
-1.217431285911288186e-01,1.222212271029470054e+00,5.460973754915134926e-01,1.254848062183271627e-02,-1.065693524632996270e-03,-3.064676690140182968e-03
-7.244270470598282441e-02,1.187412237363899781e+00,5.388726918751913786e-01,1.239754730317638338e-02,-1.039838114121390683e-03,-3.210622745629348410e-03
-9.035486185574988227e-02,1.218751600393998435e+00,4.998378818142098501e-01,1.248129360476567251e-02,-1.070921928331422870e-03,-3.179498974146248262e-03
-1.334626773644329856e-01,1.271491559564350560e+00,5.536749871093181730e-01,1.302667198829871725e-02,-6.962026717174316093e-04,-3.068870847253556394e-03
-3.488884941849623722e-02,1.204287733754230816e+00,5.476041061612380023e-01,1.247925022217544894e-02,-1.761554368281476740e-03,-3.254391895577715427e-03
-3.238870385595260526e-02,1.226475286899537220e+00,5.269314013637855787e-01,1.258503614008902628e-02,-1.611389721295951316e-03,-3.474908012269722641e-03
-5.352279471188867155e-02,1.197897904848286066e+00,5.411936518975860588e-01,1.247105079702701472e-02,-1.292931131802585107e-03,-3.152288185602368162e-03
2.658702919123429043e-03,1.081778586632079264e+00,4.857753830118615168e-01,1.142945773925326848e-02,-1.615362317486355309e-03,-3.775076546815469246e-03
-1.398112996422183341e-01,1.162947903659464544e+00,5.528580228186255052e-01,1.247699545594589156e-02,-7.484717581210959675e-04,-2.853151086327431266e-03
-9.190991787330253515e-02,1.226045137413977359e+00,5.273574024713155728e-01,1.262699565297963414e-02,-1.183637755883083093e-03,-3.140840768083307238e-03
-7.114031853965389895e-02,1.212303069634219632e+00,5.350913150676774865e-01,1.251512085900371302e-02,-1.294689562678173061e-03,-3.230883408145059782e-03
-9.703796633164556151e-02,1.183562049349283107e+00,5.191109231339953167e-01,1.250036691265876687e-02,-1.192834476975506222e-03,-3.180637408386995275e-03
-7.519697674492081818e-02,1.245306806335949368e+00,4.801770755402832158e-01,1.247560659390044811e-02,-1.631651898758062352e-03,-3.624525128738931377e-03
-1.168456359750365825e-01,1.207162813462983042e+00,5.539524438910419235e-01,1.281242133967916245e-02,-8.285054957173961648e-04,-3.240458628974938853e-03
-5.660465844071249641e-02,1.226973639117929782e+00,5.660262388585765025e-01,1.284911810963484946e-02,-1.360374937769264284e-03,-3.323274790428280747e-03
-1.619841158143255633e-01,1.218541309623225155e+00,5.763532946742713214e-01,1.290852310777335261e-02,-1.789430700523866186e-04,-3.058744073670826777e-03
-7.948313732928000142e-02,1.164396489288639591e+00,5.264613616828099918e-01,1.228566204941231033e-02,-1.252083290743322835e-03,-3.136886398682302204e-03
-1.268054604721249312e-01,1.235747359509299370e+00,5.565103067310778195e-01,1.265071761231036096e-02,-1.004273286360707687e-03,-3.010725373184172920e-03
-4.861272016275289265e-02,1.178625573533363724e+00,5.227697904345612878e-01,1.218571686275621985e-02,-1.615683527815244339e-03,-3.445742746525091646e-03
-8.124914481718403803e-02,1.192060412663809910e+00,5.312053983655403711e-01,1.250186581513389183e-02,-1.020884339497631077e-03,-3.493790628407890050e-03
-3.488810842549111557e-02,1.202030093966069746e+00,5.446803951396443910e-01,1.255764829307840988e-02,-1.668002768700115740e-03,-3.351161546133310520e-03
-3.508140490886632601e-02,1.168971887210475957e+00,4.876807773243190258e-01,1.213098215417314323e-02,-1.954000568219193060e-03,-3.413216012755425788e-03
-8.857871285412170781e-02,1.185164832998184981e+00,5.369340156196618086e-01,1.245951623564596489e-02,-1.160166949158105212e-03,-3.256200417867349556e-03
-7.033136842887588447e-02,1.214782768942977764e+00,5.246967251382214092e-01,1.276945485584514775e-02,-1.278123168787892450e-03,-3.357816468649211031e-03
-8.629171094046761414e-02,1.173928887448439040e+00,5.396144432394091028e-01,1.269938133881509841e-02,-1.322680132334795589e-03,-3.256694727735828278e-03
-6.934716193439327547e-03,1.166720562003291883e+00,5.138794351373822122e-01,1.208714536946082357e-02,-1.753246172337552186e-03,-3.446806424785571477e-03
-1.263967474471749397e-01,1.190750104930252240e+00,5.262741783560357378e-01,1.236505940045406343e-02,-9.049304441444156605e-04,-3.311427356802242733e-03
-5.540111869602035166e-02,1.232617260202818921e+00,5.618254160806568365e-01,1.276351339559669666e-02,-1.062818818423882580e-03,-3.526196254979927901e-03
-4.819740213521273020e-03,1.198431231274377673e+00,5.462112350110970294e-01,1.271176026960142529e-02,-2.121687614910581360e-03,-3.195790184078422646e-03
-5.997549205498442504e-02,1.165317041878394244e+00,5.004397030249240208e-01,1.208787129768120958e-02,-1.489227870062346040e-03,-3.398298273430641094e-03
4.105096639229199873e-04,1.148948104143614257e+00,4.986349647510841532e-01,1.179021163433672560e-02,-1.796396211466658871e-03,-3.835937630347735147e-03
-3.680134803022808154e-02,1.140110972099864117e+00,5.211091193875944105e-01,1.182893343302410770e-02,-1.823461942297406949e-03,-3.208331523831125642e-03
-8.378643568227364669e-02,1.194597365341705020e+00,5.323846012880613099e-01,1.256839523665892119e-02,-1.126723319683140684e-03,-3.210880918157430885e-03
-1.512003744323756615e-01,1.197095219352433793e+00,5.752211760988551470e-01,1.257506767656623933e-02,-6.683956506136259218e-04,-2.759395442472260210e-03
-8.165636794643447993e-02,1.198152939990206889e+00,5.204175441104345046e-01,1.232889864746444623e-02,-1.214475051950263118e-03,-3.655613614279932307e-03
-1.121659415382094405e-01,1.208511265007276236e+00,5.440797668140743282e-01,1.303159718333426163e-02,-1.202707348579964280e-03,-2.894920103570815164e-03
-7.203591709508823382e-02,1.207906025259816163e+00,5.288888620310951971e-01,1.275225569616526659e-02,-1.430355989706054431e-03,-3.258234336742112103e-03
-1.194240473419034831e-01,1.206494991117792459e+00,5.286831254894546195e-01,1.264877957947699132e-02,-8.459855577449201802e-04,-3.076862184899541511e-03
-3.324086184407282207e-02,1.203414670587952928e+00,5.183678861802986093e-01,1.243373027536651132e-02,-1.828960388870027459e-03,-3.455458650602555130e-03
-7.538033920638607943e-02,1.188572966278883314e+00,5.135284834119957509e-01,1.222216466602526683e-02,-1.232683372168299693e-03,-3.503751955648162861e-03
-3.642660211192652597e-02,1.230872269133260311e+00,5.054654574062310557e-01,1.218840507456315538e-02,-1.580118535375912153e-03,-3.984554993163651540e-03
-7.540733179490806404e-02,1.168164747373152901e+00,5.396874351631717470e-01,1.181307179972633514e-02,-1.076169348287797992e-03,-3.298122427796501468e-03
-1.376370028986075578e-01,1.217074583844072411e+00,5.393810414230859607e-01,1.284127616154661158e-02,-7.966048839568029560e-04,-2.954055000885363966e-03
-9.071679110646432842e-02,1.227818888936051067e+00,5.387905196588165246e-01,1.302346666176416520e-02,-1.514780024940690431e-03,-2.990468011413739777e-03
-7.736989881434699901e-02,1.179785039824539972e+00,5.300917003155903862e-01,1.255128615996150589e-02,-1.138954954978297143e-03,-3.436214384148613896e-03
-5.059458143468908986e-02,1.214273202540415264e+00,5.331079415809564237e-01,1.288359844632463135e-02,-1.451043399414413820e-03,-3.583075935052220350e-03
-7.061221555545346695e-02,1.196270630655666523e+00,5.309270249947908304e-01,1.270890230629365646e-02,-1.648875417530171195e-03,-3.231370616486968581e-03
-1.226796317849865731e-01,1.201664210299795643e+00,5.623332452632695544e-01,1.250099689290849053e-02,-7.639701325469327314e-04,-2.984845754400721005e-03
-3.773420111505246255e-02,1.160581889727003713e+00,5.001512360698198156e-01,1.166256652819167711e-02,-1.755887734769694120e-03,-3.442968845214137204e-03
-1.694467933178557262e-01,1.191722948974658358e+00,5.529128785861261441e-01,1.220299588153835740e-02,-5.725503042330725573e-04,-3.004966312142544425e-03
-2.101435715730963494e-01,1.280321177640644681e+00,5.823121226674469186e-01,1.359431076062436392e-02,-7.157232700674698300e-05,-2.629054063341017353e-03
-8.414240164030444002e-02,1.194817179169538335e+00,4.967339780165164198e-01,1.217500546208005914e-02,-1.498867979329382427e-03,-3.165574488530075760e-03
-1.025814602824276361e-01,1.158135352325712297e+00,5.805266395458587025e-01,1.234853151106166461e-02,-9.002018659661284450e-04,-3.039147045656487994e-03
-7.164673819990394210e-02,1.198294417531651668e+00,5.121486793586392805e-01,1.241116679829223392e-02,-1.268807400551073480e-03,-3.429279880877838908e-03
-2.322817164011656554e-01,1.270474500288448771e+00,5.966293496387464756e-01,1.343321276185878779e-02,-2.754677652737121812e-04,-2.441542013624961073e-03
-2.093096803326516264e-01,1.273987650714164532e+00,6.072320848477482658e-01,1.317075120606067858e-02,-3.735997507080413699e-04,-2.650124340262207095e-03
-1.817667223356774220e-01,1.234663761308110397e+00,5.966658940440372483e-01,1.313516126008169513e-02,-3.616185633922054665e-04,-2.800327975644802386e-03
-8.063035876225697896e-02,1.180851082988842560e+00,5.361668868849989167e-01,1.250512402889542365e-02,-1.394545118498841454e-03,-3.092667288200510230e-03
-8.748756814639301049e-02,1.247712711911318273e+00,5.391562094483337564e-01,1.249203078804938041e-02,-1.138792012357029912e-03,-3.383441250191605767e-03
-8.553894863315432417e-02,1.263908055519921136e+00,5.279558886686334107e-01,1.259295033005378150e-02,-1.258451276942832223e-03,-3.403485028122653008e-03
-2.216053424971382857e-01,1.269734476407325952e+00,6.076365456129987352e-01,1.335707147991129981e-02,-2.301379211875082681e-04,-2.538554503421653914e-03
-1.047607199233221154e-01,1.238407549562190679e+00,5.347895031976418467e-01,1.303749318272648047e-02,-1.067637413565915641e-03,-3.187410262706790679e-03
-1.510228022945516169e-01,1.212254318725064506e+00,5.532014939847138546e-01,1.239011367689964518e-02,-4.311481027573210029e-04,-3.016818659266544238e-03
-6.706285258592514786e-03,1.203778787411553752e+00,5.452894323335992777e-01,1.245603751736077541e-02,-1.798799312140494239e-03,-3.446836282228348761e-03
-1.926768812808050124e-01,1.245329501097276248e+00,5.450429298747834217e-01,1.257206595050133595e-02,-2.639745910804069950e-06,-3.069662356990886850e-03
-5.487031166078867872e-02,1.194688495237372639e+00,5.588619730233723715e-01,1.276332885402184716e-02,-1.131345254579783216e-03,-3.383128922558667484e-03
-4.921409034783008618e-02,1.150495722132611753e+00,5.020937091367870808e-01,1.211216868569080750e-02,-1.764687577830357373e-03,-3.271058537149663156e-03
-8.130807525256932011e-02,1.204754395875391459e+00,5.357984322711695224e-01,1.232050261329011714e-02,-1.261208525077049322e-03,-3.499450543482339297e-03
-1.451965297472635197e-01,1.204866358097469003e+00,5.182877568133636981e-01,1.238885880764807948e-02,-6.418687160191453162e-04,-3.197055555981155074e-03
-1.700032086217392324e-01,1.334982525862582925e+00,5.614506668406396006e-01,1.331517757677105028e-02,-6.209601869587438872e-04,-2.995741217694553038e-03
-1.455652729776746312e-01,1.244024018805871767e+00,5.623129008717689947e-01,1.296003218334545494e-02,-5.963016702645387856e-04,-3.291456475269436983e-03
-1.664532467146103423e-01,1.217827248812207941e+00,5.792345386980003452e-01,1.273454865308284653e-02,-4.568825185689989743e-04,-2.526713103366297168e-03
-7.495255220305586941e-02,1.186537508662796503e+00,5.161000883234236891e-01,1.226183815039571211e-02,-1.151490231422211061e-03,-3.430827974420714698e-03
-3.895202890731422340e-02,1.170731334018578762e+00,5.151791175146488433e-01,1.209334049622689394e-02,-1.691968161322608341e-03,-3.406954206256975273e-03
-1.241819965483679927e-01,1.191136534258466328e+00,5.374079690295413547e-01,1.248619320559146706e-02,-9.195094194060747517e-04,-2.826152456593771217e-03
-8.495678966671155186e-02,1.250333868374790436e+00,5.334234634368922867e-01,1.264822555589105793e-02,-1.265238131131269164e-03,-3.322301164910983467e-03
-8.273742644243907429e-02,1.174625324515798708e+00,5.475682044858938280e-01,1.251258051495039193e-02,-1.060594220417900718e-03,-3.181466763798028712e-03
-8.217668334243527495e-02,1.175404612089377077e+00,5.264977718320975608e-01,1.235337513020770203e-02,-1.431147086226033927e-03,-2.967061036211064533e-03
-1.215183012398760865e-01,1.247317538541115267e+00,5.416760484535876330e-01,1.270893808884378598e-02,-6.219176559767725099e-04,-3.490541392898532068e-03
-1.604903634432272574e-01,1.235243234051456085e+00,5.296194873171683470e-01,1.264190095460898319e-02,-6.907595807102671903e-04,-2.947362445258764566e-03
-8.569120665057997077e-02,1.222328172947918734e+00,5.453078893531781990e-01,1.274105393562526174e-02,-1.023036144139165618e-03,-3.195768655077513808e-03
-1.096428807164689517e-01,1.189455526951598729e+00,5.468820138908385697e-01,1.247201304913611586e-02,-9.989851491677744638e-04,-3.257445186876034918e-03
-3.757742300875799302e-02,1.204806115341615413e+00,5.203829028304931548e-01,1.245666448705316960e-02,-1.658834900233847193e-03,-3.294452348338794672e-03
-9.559971105489581400e-02,1.175799624528255372e+00,5.137621583749004683e-01,1.224336285052063378e-02,-1.136041234059234628e-03,-3.168189324790838830e-03
-9.276363885835020584e-02,1.209133383097303449e+00,5.459479609289507041e-01,1.240457943667014167e-02,-1.195955447686488857e-03,-3.247754458506798333e-03
-1.404480453983660282e-01,1.280501423008948203e+00,5.634010740026834663e-01,1.313590434049138542e-02,-6.874347642133824682e-04,-3.449720499711969590e-03
-1.152768715187733189e-01,1.184024710389831592e+00,5.446415603590157861e-01,1.248829968834218318e-02,-9.391404931069196466e-04,-3.023352650836082494e-03
-9.343192594799903938e-02,1.174726320394875456e+00,5.469782990774341158e-01,1.220899314095590105e-02,-1.060465712531894616e-03,-3.235077109676963089e-03
-6.985669268101457607e-02,1.246834901407351870e+00,5.149808826253089444e-01,1.304903848183905889e-02,-1.393240081953671730e-03,-3.291689428754640719e-03
-1.458566009863522250e-01,1.274411104597539923e+00,5.583127801408571678e-01,1.304685100792477709e-02,-4.732269034408726621e-04,-3.090128948359998316e-03
-1.075233167593661471e-01,1.262142810226700940e+00,5.169429428716618702e-01,1.235888713156613541e-02,-9.374701308503541330e-04,-3.180117473233112085e-03
-1.889967978209452226e-01,1.158247213910276407e+00,5.778011148802972841e-01,1.239723765254773652e-02,-1.850419222389678570e-04,-3.003379434778232979e-03
-9.114438782308890985e-02,1.222321046053841842e+00,5.106100709518124336e-01,1.285064753645548050e-02,-8.799120024148149311e-04,-3.391346700387376945e-03
-4.739412034644391314e-02,1.075521996258158808e+00,5.120292792399763204e-01,1.148410040583053987e-02,-1.787392756082703885e-03,-2.829181948376893567e-03
-1.174801597723905272e-01,1.267318359436300668e+00,5.415995508196744801e-01,1.273579216838393452e-02,-8.702693394299892277e-04,-3.259334901525512678e-03
-1.143095725265953072e-01,1.250668350140648144e+00,5.680963434395968070e-01,1.292555400161306614e-02,-1.053595955756689989e-03,-3.442982971063097367e-03
-5.412626128104333634e-02,1.225114764667728728e+00,5.244585234739865820e-01,1.273708237103258339e-02,-1.578391904080591809e-03,-3.671987903089786367e-03
-5.414871020161422799e-02,1.141186156608905211e+00,5.392088976125407607e-01,1.216963597409470230e-02,-1.406807875155527410e-03,-3.364539597135119721e-03
-1.067143895810947762e-01,1.222418831172785936e+00,5.299613280777125679e-01,1.246219788001543677e-02,-1.281086070569984608e-03,-3.187499594612045253e-03
-6.895804959225058928e-02,1.191805196636010367e+00,5.179665243989690637e-01,1.218658129305807275e-02,-1.276552560431127095e-03,-3.405509880624168345e-03
-8.122519796776989098e-02,1.159582261895012234e+00,5.414018585057364108e-01,1.239550244066380848e-02,-8.104177341650108113e-04,-3.259406375630082876e-03
-7.434886592543674122e-02,1.193994901289792576e+00,5.234232398664167007e-01,1.265350410290721692e-02,-1.443380482433519532e-03,-3.076425951037732760e-03
-8.063124665084686615e-03,1.189383783282432550e+00,5.217214256989683996e-01,1.206852138076524444e-02,-1.828827730321221784e-03,-3.617947552439408718e-03
-1.549538511872202706e-01,1.219739487638366704e+00,5.391670770551952874e-01,1.250351636743411710e-02,-4.522905765112356091e-04,-2.955274519081141707e-03
-1.056754481524984079e-01,1.192514234602609857e+00,5.355128727757347828e-01,1.260472044868378265e-02,-9.811029526595078931e-04,-3.255542293038392321e-03
-1.140388733410923339e-01,1.160903062003106001e+00,5.309549885739611730e-01,1.279909455494187415e-02,-1.143764504558476836e-03,-2.795852878978146057e-03
-9.250296559184482958e-02,1.195407987486185597e+00,5.335920996567196095e-01,1.271869141335883746e-02,-7.135613195331305669e-04,-2.899376060017663532e-03
-1.981933027806989656e-02,1.133555836861068311e+00,5.221894099304094095e-01,1.166493095701815960e-02,-1.107477781593089669e-03,-3.263392990901422489e-03
-1.230289229756767327e-01,1.247481758365602822e+00,5.197293020287585552e-01,1.204169553255069434e-02,-1.038494598312265232e-03,-3.480718259107013456e-03
-1.056763981343575853e-01,1.216435556649342331e+00,5.383298618678070691e-01,1.180609792483614494e-02,-1.206786683709314481e-03,-3.488229650190899193e-03
-1.151256708057418615e-01,1.252138496468004458e+00,5.583119961225343486e-01,1.310257505012463013e-02,-8.460561914237219039e-04,-3.346995437121179275e-03
-2.237568695994234247e-01,1.243852794775388348e+00,5.920031985889698811e-01,1.355495286021067038e-02,-1.150067198173610611e-04,-2.503768142282928027e-03
-6.339093143541994768e-02,1.179568967567616644e+00,5.249496803661390931e-01,1.211134369182740277e-02,-1.264179629221902704e-03,-3.383012766493547797e-03
-1.672063615439352835e-01,1.214203998175905408e+00,5.383981935819290854e-01,1.292067880015591516e-02,-8.432290616367243974e-04,-2.795335269266700437e-03
-1.315617535276609740e-01,1.227737976580607349e+00,5.602189007558799894e-01,1.327935379273516292e-02,-1.023621089046196364e-03,-3.079031168417037129e-03
-1.446919432962132657e-01,1.208011261528795233e+00,5.479104072692113636e-01,1.287228837406735778e-02,-7.701126234533426512e-04,-2.988474017582207036e-03
-1.622720498175876658e-01,1.248830182761931473e+00,5.539604913730226121e-01,1.281362256988080942e-02,-4.164813354113131028e-04,-2.957711697325655139e-03
-9.648697271974995826e-02,1.211287322780717268e+00,5.650126136777033903e-01,1.209180739234665819e-02,-6.859300103416315908e-04,-3.148506911318952727e-03
-1.356194361471413645e-01,1.258160986529977654e+00,5.541888540074755287e-01,1.328708931260775411e-02,-9.030337916493616501e-04,-2.923202059460918139e-03
-4.917966078900062876e-02,1.222313552541896442e+00,5.097612386176464394e-01,1.253072981944047121e-02,-1.965617826872377225e-03,-3.221187182341972606e-03
-1.563334357676968156e-01,1.316712262391535493e+00,5.915520888759662199e-01,1.362088193946804464e-02,-4.514272705930157809e-04,-3.192915985478562632e-03
-1.367850821761654734e-01,1.254420510093081864e+00,5.810472760447256135e-01,1.290825523187699025e-02,-9.226369106551720461e-04,-3.087090192074627704e-03
-3.026883448596529025e-03,1.160759610229587624e+00,4.992337024914879073e-01,1.165637955254958565e-02,-1.723463271530117566e-03,-3.720034786801429665e-03
-9.947907969385275107e-02,1.194117799960866089e+00,5.471082701813463345e-01,1.276374781285277357e-02,-1.581259166853929768e-03,-3.168182073591155161e-03
-1.942452484838210480e-01,1.244241958824936489e+00,5.671065426566831436e-01,1.280250579459670836e-02,-5.026773845229863535e-04,-2.816572969645906796e-03
-2.778823293284152784e-01,1.304269979525550349e+00,6.287187104577944829e-01,1.344657034809362307e-02,5.329813320871165661e-05,-2.210204643842235937e-03
-8.569495734444196322e-02,1.230315537678159155e+00,5.313347028374686420e-01,1.218993113432667412e-02,-1.115702157224422383e-03,-3.724197843170578767e-03
-1.606266838682600673e-01,1.261219642440480682e+00,5.644455187328654144e-01,1.311080212249062654e-02,-7.784573399024913298e-04,-3.112653753711169813e-03
-9.747704437221775542e-02,1.238405506131904588e+00,5.169815432849652614e-01,1.272802429181288733e-02,-1.468554043010930274e-03,-2.940354515353247548e-03
-1.466540245795383002e-01,1.221547670320385803e+00,5.539970729615887324e-01,1.286006691238002902e-02,-8.538753249257412942e-04,-3.100152926506594651e-03
-1.658766615994447802e-01,1.233806190005237502e+00,5.656059810552434008e-01,1.292828951903305344e-02,-6.135304843786527906e-04,-2.773328828557242599e-03
-7.066010919039240890e-02,1.202858649973810534e+00,5.475413955501563512e-01,1.267878270818098216e-02,-1.242043155114809852e-03,-3.260204740744837917e-03
-1.262592652431166751e-01,1.211436649370245533e+00,5.570435525882719840e-01,1.284248108027409227e-02,-1.031908683201175972e-03,-3.035315291397412511e-03
-1.939157478540304291e-01,1.257479344596446724e+00,5.853054589528408069e-01,1.315146204930204080e-02,-3.352735063508454488e-04,-2.832689328293527559e-03
-1.504916764920109784e-01,1.226314240965718838e+00,5.623518514833576454e-01,1.288140170615630596e-02,-6.498119917071974033e-04,-2.962017066860455922e-03
-1.545668642200891396e-01,1.249991948447193302e+00,5.712514098130567763e-01,1.280068219266100593e-02,-6.654440500188131546e-04,-3.039541011238234940e-03
-9.490015692376621570e-02,1.243562468240551944e+00,5.152395087338854651e-01,1.253113625201714848e-02,-1.008406381015715392e-03,-3.433926458599760503e-03
-8.902210526432123572e-02,1.204508469898096568e+00,5.177148078968129008e-01,1.243102969031838895e-02,-1.524851700683902203e-03,-2.975300398307106214e-03
-6.608758548386300946e-02,1.269641499013815400e+00,5.310957957459242484e-01,1.336213214320904237e-02,-1.317016568518115244e-03,-3.705965575184500156e-03
-3.686461531944990044e-02,1.185162668881172277e+00,5.035019831710441096e-01,1.231921902559253434e-02,-1.938319712161401878e-03,-3.390051048952682448e-03
-1.643307096429641456e-01,1.250695595859448561e+00,5.325617183994831860e-01,1.288744152960455414e-02,-3.850655121581704476e-04,-3.070383132612276942e-03
-8.226349657814739647e-02,1.201522461384711526e+00,5.354046975103056161e-01,1.228383970811912883e-02,-1.242906619205612351e-03,-3.065996257688554175e-03
-1.654649527656294472e-01,1.252886244922805092e+00,5.644117731881425071e-01,1.308956229232816071e-02,-5.776722781520911981e-04,-3.063620884405573053e-03
-1.312790108749219697e-01,1.194345702551872224e+00,5.374721962874803305e-01,1.261673723527523445e-02,-9.171611658639854114e-04,-3.021570277039438597e-03
-1.734210948829589538e-01,1.281841409538680976e+00,5.749333320908478484e-01,1.310849579655129320e-02,-9.556198236123081280e-04,-2.470669577178451724e-03
-1.367626471601536275e-01,1.240982079794975323e+00,5.521427267602591060e-01,1.286070175136455260e-02,-1.075068109124796209e-03,-3.178828602634372821e-03
-1.286317723769075938e-01,1.186052610089951553e+00,5.544226786945424257e-01,1.244717160149888882e-02,-9.058723639134153016e-04,-2.812066818019153501e-03
-5.917806566738365026e-02,1.173131968288904758e+00,5.218677558729318822e-01,1.220963469649146566e-02,-1.522358835843591954e-03,-3.659677947149590164e-03
-1.242554162035322679e-01,1.227995271951063616e+00,5.118646534979558460e-01,1.247421665596511187e-02,-7.677295781554488441e-04,-3.274938345552241142e-03
-7.663638639787137552e-02,1.234209775220114880e+00,5.228616337801665903e-01,1.249549398333705749e-02,-1.853771089726742247e-03,-3.512772272515529183e-03
-1.188981241797258254e-01,1.225493137302873681e+00,5.577396336053718207e-01,1.240115445714237534e-02,-7.658406769909011091e-04,-3.411029111353172660e-03
-1.326151859671387268e-01,1.182850989486839755e+00,5.528169964482970711e-01,1.262174150074196755e-02,-7.287046775173375290e-04,-2.883045203176443430e-03
-1.012192319103705634e-01,1.227826185764012923e+00,5.447788494812091376e-01,1.263416562807431233e-02,-1.054356223921538646e-03,-3.145289099035798123e-03
-7.951463978621721440e-02,1.190053248678007103e+00,4.831264406196408290e-01,1.241701572483071975e-02,-1.700470238946930751e-03,-3.241503668766476838e-03
-5.307425148037098195e-02,1.195331328404485305e+00,5.113650288707818348e-01,1.235151673142287701e-02,-1.497069057920418639e-03,-3.462382351794205705e-03
-4.697187289533416577e-02,1.177554415297324297e+00,5.025734675848584354e-01,1.232885296954351617e-02,-1.649478892380797090e-03,-3.233432953690177671e-03
-1.270728768933260533e-01,1.128937103003565312e+00,5.609774279735791902e-01,1.219490176516896743e-02,-7.942490717073348583e-04,-2.758684172619179330e-03
-1.317832933012680341e-01,1.105656762701097362e+00,5.399061825857286445e-01,1.198680329253062372e-02,-6.867544380522450087e-04,-3.204709753427121503e-03
-8.682339045237555397e-02,1.165083303395715308e+00,4.968792583947185815e-01,1.226400198364610214e-02,-1.474484075817001846e-03,-3.056324696339677346e-03
-7.578566862701213713e-02,1.156765771183079439e+00,5.091417824442509010e-01,1.198453556332291364e-02,-1.168955945373665803e-03,-3.335036850524572202e-03
-1.514835077392402696e-01,1.248735872080547926e+00,5.956649634649612279e-01,1.303033106168017229e-02,-8.401126590752601431e-04,-2.906859984106902224e-03
-1.367085346193082085e-01,1.231277938979777220e+00,5.738379312751896721e-01,1.293419762225225290e-02,-6.764649144346095155e-04,-3.106684195547065701e-03
-1.279182999322342751e-01,1.264493435558957657e+00,5.504698093815706406e-01,1.295951001115499233e-02,-6.767260606931283645e-04,-3.338720085140370764e-03
-8.545921988397620073e-02,1.179066510558208325e+00,5.145746504958254031e-01,1.207246028912500532e-02,-9.379761463019740952e-04,-3.660828943924207979e-03
-2.647969265527774785e-02,1.239842009965286262e+00,5.555850833619727647e-01,1.239409470940467176e-02,-1.792529752510946955e-03,-3.687203480964104489e-03
-6.697458723012629511e-02,1.179142986655076664e+00,5.717003200968281407e-01,1.268450415336553130e-02,-1.544066620740053297e-03,-2.970973452255249760e-03
-1.369046953721189119e-01,1.245503448267463842e+00,5.633147636158039040e-01,1.288146748232633920e-02,-4.805346780740928775e-04,-2.920523947333092570e-03
-3.845223338310807537e-02,1.138779301648751074e+00,5.254063265433636110e-01,1.207148636821775249e-02,-1.501136835506809708e-03,-3.586462398899051274e-03
-1.740401064974480827e-01,1.222060567062683401e+00,5.822162501007560609e-01,1.268392258928376266e-02,-4.025860555755648995e-04,-2.728544103090810042e-03
-9.717155118968168193e-02,1.207960828882768567e+00,5.417599144324738436e-01,1.253965487315585742e-02,-1.099890634284747190e-03,-3.391445374036379870e-03
-1.475782119762747702e-01,1.235868384929507569e+00,5.522814756872095332e-01,1.285623595731985244e-02,-6.344299862685934266e-04,-3.146258623772276320e-03
-1.314721688363291174e-01,1.200334297492655411e+00,5.414769387758113783e-01,1.262696004693981966e-02,-1.004243299244768003e-03,-2.945473606532688325e-03
-1.506807736474609083e-01,1.191758186333506941e+00,5.504130701900362688e-01,1.243883419077532020e-02,-8.663576621822776519e-04,-2.966317616105447041e-03
-8.557563397769585301e-02,1.198892751981951665e+00,5.152253621170720388e-01,1.232721578052860950e-02,-1.530606221870839737e-03,-3.306157657468275675e-03
-7.926912366940451482e-02,1.167857370425433583e+00,5.170458423479036281e-01,1.184262324567032267e-02,-1.465245256653251171e-03,-3.525263556900926683e-03
-1.748333632348084421e-01,1.263440593553033287e+00,5.839629533451121679e-01,1.306433101258003444e-02,-3.541502654513042914e-04,-2.973036278617634254e-03
-1.520447441619534601e-01,1.209528552458006834e+00,5.837323893262270635e-01,1.268014023410299514e-02,-7.970872781497689852e-04,-2.780435661572233999e-03
-9.691680498076789274e-02,1.197624675996182164e+00,5.388509447410622100e-01,1.235150166781402714e-02,-1.179538058385059748e-03,-3.071158490143566407e-03
-1.122019977740290886e-01,1.260616077266445645e+00,5.363169933195880423e-01,1.301198842273338166e-02,-9.176475571344207965e-04,-3.437734254493086776e-03
-7.545411883739445991e-02,1.167874319581179821e+00,4.991989687080193860e-01,1.228228375950124809e-02,-1.814060037567634051e-03,-3.102051628663705495e-03
-1.461733588686335572e-01,1.233181405745916726e+00,5.774247836047564642e-01,1.301639365530476641e-02,-5.132324557311322699e-04,-3.221604296545029292e-03
-1.883131011743144623e-01,1.237784006639545797e+00,5.704990358706099052e-01,1.298025660631689157e-02,-3.749991298810494839e-04,-2.703364340673567248e-03
-9.226624930974353100e-02,1.213412813275457802e+00,5.502310092078409598e-01,1.251805201008746732e-02,-1.021434108079628464e-03,-3.560272249802319631e-03
-4.634256015643828386e-02,1.192171136750705074e+00,5.233256041274002568e-01,1.252239825748553692e-02,-1.515023001575894687e-03,-3.410604746799898637e-03
-5.906810955131922003e-02,1.234556877896083149e+00,5.136398972549299780e-01,1.243449002538854486e-02,-1.381285173316312148e-03,-3.325800757872424823e-03
-8.459534136109148061e-02,1.194376897360461598e+00,5.457067391730243688e-01,1.223560768674479202e-02,-1.236747474124201551e-03,-2.987158036237718729e-03
-2.014586749487042305e-01,1.233285117269719677e+00,5.902535570047247049e-01,1.286133361173553459e-02,-1.828756226744301244e-04,-2.888919466454972079e-03
-7.895439497308914811e-02,1.258554093700728904e+00,5.521761232337065728e-01,1.308421775686518726e-02,-1.010685905824766639e-03,-3.469873911112301545e-03
-4.070478967859064712e-02,1.187619667690613889e+00,5.379637609924896591e-01,1.258565796389531956e-02,-1.502473481435076530e-03,-3.259806303274745236e-03
-1.196307324390980670e-01,1.230642170559675952e+00,5.347821247946301648e-01,1.268347684590303073e-02,-5.841847839368977807e-04,-3.186545766705413396e-03
-1.504445660057930623e-01,1.225741428548123846e+00,5.529213980688142405e-01,1.286192741109368556e-02,-9.558129976269084949e-04,-2.735153115844699868e-03
-1.599117569073140732e-01,1.256205612383303416e+00,5.902537062084277641e-01,1.329066474615747326e-02,-3.116363738738265471e-04,-2.921751101586446062e-03
-9.662675228125335025e-02,1.197997698614478246e+00,5.621477899698384961e-01,1.260843569866255953e-02,-1.134276070232313055e-03,-3.220559163097212827e-03
-4.134801895383305448e-02,1.239511298017595964e+00,5.155186515041834117e-01,1.263669650483563618e-02,-1.551362686730594839e-03,-3.573649556808703668e-03
-1.523976016123532173e-02,1.174858117421017312e+00,5.091365814712258686e-01,1.221599213184793899e-02,-1.973259352101528266e-03,-3.529848245309170473e-03
-1.300543498643537965e-01,1.238467634173585852e+00,5.384611076528922347e-01,1.285699489095728024e-02,-1.083539075455195594e-03,-2.921748162396280938e-03
-1.323382655982401623e-01,1.199861169384655701e+00,5.452490172191076789e-01,1.257513202001694572e-02,-6.458539124833753697e-04,-3.013966655167323039e-03
-1.089619661923445504e-01,1.207197151414455716e+00,5.450886983879916770e-01,1.275047232937868633e-02,-1.195522789967023297e-03,-3.079802932729005984e-03
-5.335502781411886886e-02,1.176768125772354123e+00,5.466321262621732791e-01,1.245765621686015755e-02,-1.729536825620024004e-03,-3.247033755892177274e-03
-9.952937479464625536e-02,1.199095029137349888e+00,5.351570671428960146e-01,1.263744073848592324e-02,-1.071721028359827813e-03,-3.088548666589201359e-03
-1.970196208919294534e-01,1.214829451501655333e+00,5.601312019204844894e-01,1.290641314608833093e-02,-3.502502793300762973e-06,-2.832902800149327428e-03
-1.459202096879014532e-01,1.213151361247859272e+00,5.804870765723136872e-01,1.277273589837891674e-02,-6.684722734433996838e-04,-3.227565930714091248e-03
-6.694412977672299647e-02,1.256281566848325593e+00,5.866019635527351950e-01,1.303481388002615364e-02,-1.518698919809545120e-03,-3.240588755484407214e-03
-2.802560057555131268e-02,1.255392355983096175e+00,5.301561764569903135e-01,1.292910990444614584e-02,-1.538659630297901926e-03,-3.866624069245914487e-03
-2.767637072829134959e-02,1.244709385544659153e+00,5.097555779356923722e-01,1.279071658273772671e-02,-1.817234936162412384e-03,-3.605624828542517996e-03
-1.129000945042544085e-01,1.170919289328721025e+00,5.502822961198133855e-01,1.282664683738237929e-02,-9.553086327362125818e-04,-3.210355335996933207e-03
-7.134972821928077524e-02,1.216799485681656190e+00,5.377744680445020187e-01,1.241787880802748024e-02,-1.669335263384568585e-03,-3.159353793056029428e-03
-9.494506638672065013e-02,1.219115070033711001e+00,5.430641346204991837e-01,1.265355548584646064e-02,-1.426993759752498425e-03,-3.071335163538838411e-03
-1.225134539706269204e-01,1.244898348972777402e+00,5.667490279050551027e-01,1.312213286905606138e-02,-9.949067372303690288e-04,-3.837813055263383094e-03
-1.444255513740327901e-02,1.204610750666242458e+00,4.762495669690500755e-01,1.200372615194989986e-02,-1.625231154100676215e-03,-3.755912885115090302e-03
-3.196149009826959597e-02,1.139191044941535669e+00,5.175015231515255332e-01,1.209454334787993593e-02,-1.757800235669586611e-03,-3.358355987666699228e-03
-1.062109981531521863e-01,1.243108722992492643e+00,5.660613620576705474e-01,1.256286591112505679e-02,-1.173646904485075790e-03,-2.794534315310208492e-03
-8.481643762795589014e-02,1.335349932301991949e+00,5.315234166472168065e-01,1.353978967090310563e-02,-1.210155341196785320e-03,-3.595523361749349434e-03
-6.898133807096616665e-02,1.124476061873746824e+00,5.243223033025743440e-01,1.188067012543450596e-02,-1.616991125495228707e-03,-2.922645660823796048e-03
-6.692144207532134403e-02,1.168998456718156609e+00,5.177330242631291712e-01,1.213546011629429086e-02,-1.373542804025913722e-03,-3.189187110455261268e-03
-2.299178693400871776e-01,1.205440078239311319e+00,5.611409737947979925e-01,1.311310796574755716e-02,-2.793480580157835930e-04,-2.629201791159462877e-03
-1.193023229856737671e-01,1.193634244980005921e+00,5.359842726037240546e-01,1.223894153393400436e-02,-9.213213929548536713e-04,-3.215674701818643094e-03
-5.186488867440131045e-02,1.135896885801725986e+00,5.316755955392216126e-01,1.243585271853067491e-02,-1.687835174319208750e-03,-3.140129846065551570e-03
-3.143857513870401688e-02,1.243777960005501670e+00,5.142284159346204309e-01,1.282750995707404411e-02,-1.546061052976405864e-03,-3.457620208966768593e-03
-1.029980319458766724e-01,1.191938065572367700e+00,5.453609408070697606e-01,1.270286989223721151e-02,-1.302830822908598515e-03,-3.188719119593330480e-03
1.106060606247830091e-02,1.157024257654518884e+00,4.979674330645169622e-01,1.206924918235142107e-02,-1.849596434890658433e-03,-3.981324898536772391e-03
-5.961676568380480656e-03,1.218922534978226224e+00,5.148587329588574235e-01,1.259388617720561508e-02,-1.746586523345484629e-03,-3.764150872391448539e-03
-6.923811105595686910e-02,1.147559893940417686e+00,5.185371226394827060e-01,1.184928845649726135e-02,-1.441301464142549782e-03,-2.939118472212231235e-03
-2.090094905959125060e-02,1.166472963426147702e+00,4.970056875785875405e-01,1.200656502400486436e-02,-1.993758316104928680e-03,-3.516537684829489693e-03
-5.256506618814643650e-02,1.244208610247017566e+00,5.233684360994489415e-01,1.278457091466302445e-02,-1.305527374762898568e-03,-3.783401021197319112e-03
-8.828854481387597708e-02,1.200086429684700695e+00,4.940004982547715473e-01,1.235062383332941396e-02,-1.394830948822011960e-03,-3.349713597919857979e-03
-8.664674179667762599e-02,1.200458789173306950e+00,5.277954802685784763e-01,1.244523956652519338e-02,-1.419814264625418945e-03,-2.986464336408259194e-03
-1.499521294425496531e-01,1.265491394573934558e+00,5.426556877959922698e-01,1.301096273257906777e-02,-7.161862060934675450e-04,-2.879705448632284732e-03
-1.652692034596437154e-01,1.258935424789942914e+00,5.599694024065631215e-01,1.311016329485713977e-02,-6.228601934732368173e-04,-3.014261388102217314e-03
-6.641725266480132117e-02,1.245730067180548239e+00,5.183316067075994793e-01,1.278853013490300478e-02,-1.586150336909571135e-03,-3.429000298648220060e-03
1.179978484693020024e-02,1.147277288851318300e+00,5.124727760300300528e-01,1.188989241802240228e-02,-1.729931103173225695e-03,-4.101832390295274099e-03
-5.336909095743988529e-02,1.181251213278282641e+00,5.278464562692333217e-01,1.236580313067174759e-02,-1.640681496237941100e-03,-3.238241934005973034e-03
-1.586144705638337093e-03,1.181446003507723441e+00,5.011182645695850812e-01,1.216550486141685511e-02,-1.978026051403306007e-03,-3.387121838133343860e-03
-9.631248708093331778e-02,1.098932717420097571e+00,5.216358407986690926e-01,1.189235986119169426e-02,-1.192154062695606476e-03,-2.934680286165623157e-03
-1.471609076999357002e-01,1.236236024374887110e+00,5.313711029568071176e-01,1.270426258150490761e-02,-8.991093647235451347e-04,-3.363165284690731050e-03
-5.935690578587454747e-02,1.204128331982052380e+00,5.086802573569507713e-01,1.210041333631404342e-02,-1.538412718129759937e-03,-3.440529859973623893e-03
-1.498166542478421293e-01,1.205881195475229539e+00,5.428946553368733108e-01,1.267175319771326157e-02,-6.888168297222753422e-04,-3.277207757361773419e-03
-8.903186224403496218e-02,1.193059880671673900e+00,5.285431638663248277e-01,1.267797434379094174e-02,-9.455202824466459738e-04,-3.199943894751674893e-03
-8.472497134501046079e-02,1.162263997909920743e+00,5.192273706877593709e-01,1.240313983697300532e-02,-1.218173756503721991e-03,-3.420008261953020896e-03
-8.769788531930758357e-02,1.206699289464688407e+00,5.277674392202025277e-01,1.283700787857264616e-02,-1.308412093417714653e-03,-3.125943838388529558e-03
-3.625542974297948917e-02,1.164959453295730807e+00,5.131798145343681172e-01,1.230239029656010619e-02,-1.859580548371451980e-03,-3.530114537199658450e-03
-8.333685501694172715e-02,1.153497159435773689e+00,5.193770316537736909e-01,1.200439783081245354e-02,-1.028555266010814512e-03,-3.341294226081099449e-03
-5.903123962536038771e-02,1.242389355397328421e+00,5.019077096253319326e-01,1.274509534488258398e-02,-1.333767407797186236e-03,-3.977717001814814329e-03
-4.215992638608204168e-02,1.140359354896541166e+00,5.423549380156456046e-01,1.174889682073719868e-02,-1.791713124780040800e-03,-3.049431210685226660e-03
-7.514339368952549503e-02,1.234757875316359499e+00,5.672021505743074510e-01,1.287513064677657526e-02,-1.326170197032842946e-03,-3.680177943373296769e-03
-5.339400016328652021e-02,1.215899880070405947e+00,5.249719087939013207e-01,1.262552876462617706e-02,-1.530533445215562921e-03,-3.471580842570685683e-03
-9.922340604974635991e-02,1.222393092609666665e+00,4.976692830274392909e-01,1.244394484785479524e-02,-9.190917633480986254e-04,-3.396411841904780054e-03
3.810321473292993533e-03,1.089315310198210485e+00,5.114586382187601421e-01,1.144927766692590936e-02,-2.094427096327811447e-03,-3.267927502526355929e-03
-4.451301164280346834e-02,1.259879083859813509e+00,5.463940951071147856e-01,1.300370255750827285e-02,-1.840494833814725409e-03,-3.467566228792156712e-03
-5.896662394858115386e-02,1.194057298234511899e+00,5.385208407679386022e-01,1.272921316467036205e-02,-1.700626982465116427e-03,-3.148515413457157568e-03
-9.349483326487044443e-02,1.159975538000606265e+00,5.294513673825312905e-01,1.258086403272669698e-02,-1.461005248562180850e-03,-3.002022292617993662e-03
-4.966588526175191864e-02,1.221801971972209744e+00,5.015258647677728332e-01,1.217717575013062443e-02,-1.591933558404179036e-03,-3.146336378932188590e-03
-5.345746799541786776e-02,1.131274835044261184e+00,4.863640188101242545e-01,1.166263247394646110e-02,-1.889570164710821509e-03,-3.350138675058959153e-03
-2.903320672281428649e-02,1.224871025968588434e+00,5.360510955455104476e-01,1.254678805685246513e-02,-1.938283155414633266e-03,-3.406916445482070788e-03
-1.222793401740529390e-01,1.135376639254286779e+00,5.301376417707887034e-01,1.241173419241811335e-02,-9.192338056565208665e-04,-2.779899428089401773e-03
-7.137450908576407904e-02,1.130834770230288777e+00,4.951430588835458169e-01,1.190681904773606241e-02,-1.653704080051615274e-03,-3.296878971762768826e-03
-1.164620639429671811e-01,1.221007555887222651e+00,5.083307853047913660e-01,1.260554103014431548e-02,-8.027258722782086575e-04,-3.639538728877164241e-03
-3.960044277896321296e-02,1.192962943739746873e+00,5.234891197069004853e-01,1.224811686938129425e-02,-1.671848420225066634e-03,-3.277396667430666419e-03
-3.606763556863118447e-02,1.156600587331726215e+00,5.108906855188585228e-01,1.232749935352047549e-02,-2.059478821207912438e-03,-3.193822971287332054e-03
-1.191616777905692148e-01,1.147296461825094038e+00,5.287701146561677445e-01,1.230228855439597681e-02,-9.241688906616619958e-04,-3.043028918894266372e-03
-6.750721233917722497e-02,1.159057101004986823e+00,5.307746950620093607e-01,1.230708184159552514e-02,-1.150252516954960655e-03,-3.408900438969958771e-03
-1.520378849003713728e-01,1.226949412707591947e+00,5.624436669942776135e-01,1.273439288843061443e-02,-7.003241767698353132e-04,-2.935807751377487052e-03
-9.130111329749557303e-04,1.178158326297181757e+00,4.974656991711470244e-01,1.210757082890665665e-02,-1.889593003902345636e-03,-3.482675728681137745e-03
-2.039047410889741063e-02,1.165985820487046576e+00,5.264950635833691717e-01,1.234682517662880584e-02,-1.760364205233056617e-03,-3.126939156703270172e-03
-1.739564095376011643e-04,1.124482673133313071e+00,5.184728886154872374e-01,1.192333929793975081e-02,-2.108192555337722041e-03,-3.259375154839882355e-03
-8.288540595892733565e-02,1.291080788806604707e+00,5.373507639616611486e-01,1.274464349869991811e-02,-8.824427163718236156e-04,-3.419256875603187903e-03
5.817478761231648088e-03,1.178210371243622268e+00,4.812594443652685738e-01,1.214850780410386098e-02,-1.998743062235512624e-03,-3.712605383014688006e-03
-9.900803017583634236e-02,1.165167459643325465e+00,5.372524746482657543e-01,1.254224332864450203e-02,-1.588961489116960321e-03,-3.343598220759912663e-03
-7.809048097421718293e-02,1.253845250925600840e+00,5.213416940080011219e-01,1.269248879116383066e-02,-1.160268667468326159e-03,-3.536813850731395249e-03
-6.480985102712401302e-02,1.228090415449338169e+00,5.617952208116532287e-01,1.256810685495744588e-02,-1.501179783807541496e-03,-3.543376865909174216e-03
-2.433922546309716384e-02,1.134505116003559744e+00,5.241032842691210059e-01,1.184583524508443786e-02,-2.154726912255058857e-03,-3.381550320968256407e-03
-4.562310008346262546e-02,1.192824502334358217e+00,5.230944838702897837e-01,1.257370919094986592e-02,-1.620243504233698575e-03,-3.479256798604266933e-03
-1.134516322217184736e-01,1.221425481663809043e+00,5.388282229292404857e-01,1.292524593501570909e-02,-1.090914923320486160e-03,-2.907304130319172432e-03
-6.552728762950364716e-02,1.233498715640771959e+00,5.401719390811207111e-01,1.230063469122061499e-02,-1.433515429753640449e-03,-3.365558165683448129e-03
-8.626232931971197782e-02,1.220291606952427443e+00,5.347618015473012409e-01,1.202225658831048566e-02,-1.077643011239326834e-03,-3.252786774340706705e-03
-3.011038063588000746e-02,1.197256779447929187e+00,5.332599988335546826e-01,1.248225777762861088e-02,-1.822533521951240354e-03,-3.432307928835175333e-03
-9.931924505883288345e-03,1.193869708443378252e+00,4.936430561263205341e-01,1.267655444489413849e-02,-1.775836080544828874e-03,-3.441523631450032605e-03
-6.672196809348825142e-02,1.127486658171451550e+00,5.502953107423471657e-01,1.197099604870417375e-02,-1.513026280219239086e-03,-2.950908450345453987e-03
-6.630853905342570798e-02,1.170061563113288017e+00,5.059806545992505677e-01,1.196993032346857500e-02,-1.417811415326502081e-03,-3.287626742628863875e-03
-2.805744314740982182e-02,1.150457295596792218e+00,5.294992872866125522e-01,1.213787088284283729e-02,-2.068996083272184316e-03,-3.370890034342337652e-03
-6.133660538706420251e-02,1.214736555589353673e+00,5.128029995382028527e-01,1.296573911783904624e-02,-1.822466783411835420e-03,-3.173376511906596427e-03
5.969638590285764046e-03,1.199207781673695461e+00,4.913365112232945808e-01,1.219487059883074195e-02,-2.078204771382681851e-03,-3.965455169588238092e-03
-1.471877529905397108e-01,1.242698104607070420e+00,5.525998709267296860e-01,1.263158127279211812e-02,-8.731225220911555118e-04,-2.882556556307334927e-03
-8.285750937310014386e-02,1.199898264505784740e+00,5.365264755651597550e-01,1.244641530132709756e-02,-8.509528782048997320e-04,-3.473182779258554825e-03
-5.172382106551282055e-02,1.223282924079845291e+00,5.210507317179137177e-01,1.300662810850661266e-02,-1.645512297841336680e-03,-3.432363496586355710e-03
-4.064529661914043079e-02,1.197765624987165101e+00,5.395105835788580606e-01,1.245695665825296075e-02,-1.629110825823449141e-03,-3.448130102867085281e-03
-4.592428388607322498e-03,1.164200497491825859e+00,4.952963258387388379e-01,1.178367716504792259e-02,-1.639827143129603607e-03,-3.670053990002238118e-03
-5.943855997397208546e-02,1.122059207167346306e+00,5.356879412395724183e-01,1.198885783806568142e-02,-1.567971515901841681e-03,-3.001166299826976604e-03
-1.574472953139625653e-01,1.233122523807381299e+00,5.024699240852507076e-01,1.265393550936006785e-02,-8.678013857998049391e-04,-2.799045614154799071e-03
-7.326989831432241529e-02,1.150166071515316135e+00,5.244060929897804701e-01,1.232003490512050686e-02,-1.304661984464801708e-03,-3.190252678890641812e-03
-1.292204250798620890e-01,1.182932183960258676e+00,5.235601913090738302e-01,1.253964649778533877e-02,-6.842040693805454682e-04,-2.887769262846269155e-03
-1.242855494857426912e-01,1.180228418709618587e+00,5.185119611518994587e-01,1.267210864032181951e-02,-8.860194242309750445e-04,-3.128304831266356684e-03
-6.446902999680070856e-02,1.227898701222547295e+00,5.367982755453268862e-01,1.257392859157336479e-02,-1.290613754780957703e-03,-3.468932149434293156e-03
-3.903974336348384200e-02,1.223908919651605087e+00,5.183342086710877039e-01,1.244038181613336957e-02,-2.021551281646782189e-03,-3.305344018013192057e-03
-8.746704034051915044e-02,1.173105427024103031e+00,5.053235215303183425e-01,1.252002120815305306e-02,-1.343031649206179873e-03,-3.446660441984248074e-03
-9.996338139347574203e-02,1.155115910012413316e+00,5.418858671796140669e-01,1.235331209092699160e-02,-1.097675787420780702e-03,-3.057001387493409484e-03
-5.259131011478351825e-02,1.245627234777226588e+00,4.993387908614288495e-01,1.242389836124803415e-02,-1.677482086115743981e-03,-3.486124903804324084e-03
-1.142028088828780930e-01,1.172477851535427940e+00,5.444669326822669797e-01,1.244981693247069685e-02,-9.777284188707408008e-04,-2.958289824503616654e-03
-3.732214549081031008e-02,1.160552816206253057e+00,5.043309218739782107e-01,1.217335535372608343e-02,-1.654074936613946292e-03,-3.226709752966466435e-03
-3.839956947642245155e-02,1.152419594230702948e+00,5.228582092966862493e-01,1.223608849423165300e-02,-1.619047808949183875e-03,-3.233268795792438102e-03
-3.254410800230073120e-02,1.265142129589478692e+00,5.274437218211133205e-01,1.264153232376575078e-02,-1.468310979413904593e-03,-3.648399948468411102e-03
-4.116571340993879780e-02,1.141389147689138461e+00,5.265433332494230401e-01,1.182570507160077451e-02,-1.380208683559884866e-03,-3.270419560851643877e-03
-1.079245138185647157e-01,1.247558021789852312e+00,5.461996018584680535e-01,1.288095963476400437e-02,-9.153050923594308053e-04,-3.144105120485454416e-03
-1.166722743932464140e-01,1.154317479849620520e+00,5.322969668401772436e-01,1.227558013448068301e-02,-9.644076649719147964e-04,-3.011372534928390219e-03
-1.215866457340531170e-01,1.141336912038130924e+00,5.371174435982826179e-01,1.239518208686099347e-02,-7.979645190117554132e-04,-3.167792153243171628e-03
-9.148679742193202569e-02,1.107038321008481541e+00,5.367239425599259484e-01,1.212999159652231387e-02,-1.201086337305585020e-03,-3.091057100630430557e-03
-7.889051662695731326e-02,1.214315333796917473e+00,5.187136523752473583e-01,1.256407834477466998e-02,-9.981564933490907898e-04,-3.342280991354223962e-03
-6.673698232971420063e-02,1.193849688341727777e+00,5.286128624461405856e-01,1.223745354966143499e-02,-1.532086477328669857e-03,-3.117431757983344862e-03
-1.326576352081826338e-02,1.235487898060036782e+00,5.310905151521861933e-01,1.249160996794536176e-02,-1.964285673774815097e-03,-3.298921983833185290e-03
-2.175634177440818329e-01,1.250480812858928870e+00,5.625745498826001390e-01,1.342154663833324164e-02,-3.444607935345154331e-04,-2.425399370712416885e-03
-6.155347601128342838e-02,1.273514359527170736e+00,5.614478710311262555e-01,1.309343002113769194e-02,-1.234588177555532781e-03,-3.581560583803065478e-03
-3.698092595485491518e-02,1.104765348433754291e+00,4.829494569317696051e-01,1.163690702467309532e-02,-1.383034561366930371e-03,-3.489744473906817353e-03
-6.495033186605932152e-02,1.119496597875884181e+00,5.341882103894809442e-01,1.201624535033475605e-02,-1.441364755266237238e-03,-3.045947848658401604e-03
-1.194730565430602853e-01,1.209483190313874745e+00,5.085806864521477122e-01,1.244949513645065772e-02,-1.044450531088135861e-03,-3.072599932424235555e-03
-1.777221441924486944e-02,1.193266310662822294e+00,5.237352205305688679e-01,1.268166581471561090e-02,-1.832345794398114111e-03,-3.711370315916273470e-03
-2.174475093490632616e-02,1.164608105168026153e+00,5.030266776901384240e-01,1.215929504977359896e-02,-1.896747234637698870e-03,-3.759797678876636816e-03
-4.571317383594081241e-02,1.129288142742673084e+00,4.954901885587408294e-01,1.160303410062366904e-02,-1.691033615595093770e-03,-3.450244486530363620e-03
-1.183420742439080797e-01,1.242619944253150477e+00,5.651248593765577644e-01,1.287578201388567961e-02,-8.232898370680100109e-04,-3.251196306615297855e-03
-3.974473401639214143e-02,1.216509983454169053e+00,5.344070769076576521e-01,1.255954518215820354e-02,-1.911739565200687441e-03,-3.342155590822900452e-03
-6.769566834437881764e-02,1.162080813574750460e+00,5.331088289150217596e-01,1.236050198913495393e-02,-1.671535861400584577e-03,-3.214436170812220040e-03
7.120541274982628011e-03,1.202992725059015555e+00,5.272949932429158437e-01,1.233116299833789641e-02,-1.623404507383616191e-03,-3.893774130619580276e-03
-1.531243915522034760e-02,1.206274173794189108e+00,5.334637797714488761e-01,1.234751388203249312e-02,-1.912826008807301525e-03,-3.609026632530250387e-03
-1.223133781267302100e-01,1.193380195879419903e+00,5.412028154415817749e-01,1.258505417839070155e-02,-6.144644596644613377e-04,-3.008989944508358785e-03
-1.062287242798205661e-01,1.098442327893493387e+00,5.124060748725801639e-01,1.185994243395546190e-02,-1.336804731222929893e-03,-3.220263896179484473e-03
-7.170584792219451831e-02,1.224378184297087557e+00,5.046575067839380591e-01,1.267521588919402406e-02,-1.158652545821715549e-03,-3.374029686146940658e-03
-1.727804320088989487e-01,1.237900703935274516e+00,5.657778388711599549e-01,1.285686300556002429e-02,-4.240547768532918621e-04,-3.263407482111162043e-03
-2.277683242767218341e-01,1.244355089696842720e+00,5.844418349755846620e-01,1.297433111466925193e-02,3.280111980236838365e-04,-3.066756694366801813e-03
-2.010345301193011691e-02,1.150687991357891349e+00,5.273330586963326239e-01,1.201591155964368968e-02,-1.995512123767948648e-03,-3.225366650984294158e-03
-9.957465865188454279e-02,1.140228726447040319e+00,5.031813435604083340e-01,1.220926075021518120e-02,-1.495898636735049081e-03,-3.179786685723706968e-03
-8.182450739605560963e-02,1.140002409081388279e+00,5.173840135473946056e-01,1.177380018446778920e-02,-1.399872437823471844e-03,-3.107428747789883587e-03
-1.121491758854987197e-01,1.205865368638024737e+00,5.598953352432136654e-01,1.246629778663679161e-02,-8.785185938166503727e-04,-3.582351025427609349e-03
-2.182433472957417964e-02,1.176437129938444404e+00,5.024497217063618182e-01,1.185173178746182915e-02,-1.782054920778474230e-03,-3.687432509242768216e-03
-9.108795955634917119e-02,1.292665789558121059e+00,5.633891262564660884e-01,1.325249797921308065e-02,-1.011372388061981820e-03,-3.284147835155480210e-03
-5.493089845777701652e-02,1.122094586569782226e+00,5.280360472112610726e-01,1.210002756990047855e-02,-1.976611315978591896e-03,-2.797430353921875369e-03
-8.777351550676382175e-03,1.272538271832979406e+00,5.188427794794413517e-01,1.282726831747348431e-02,-1.976053839406799462e-03,-3.740968933841762496e-03
-7.316378413455948415e-03,1.140213636105573913e+00,5.249133898313095292e-01,1.205051036892696575e-02,-1.817564223008136942e-03,-3.258440346163107761e-03
-2.827806366348598055e-02,1.187851963802809996e+00,5.341704914227585199e-01,1.260257973583353737e-02,-1.679042620786703674e-03,-3.431293628202818514e-03
-9.599914945528144339e-02,1.138699382782989433e+00,4.939568966645262460e-01,1.180458582269834633e-02,-9.449432596650673977e-04,-3.019390385588056544e-03
-8.980397294980137224e-02,1.096502678994628166e+00,5.385885778857312234e-01,1.153871278461274415e-02,-1.091346735912157584e-03,-2.980782101897793551e-03
-4.783061403535399103e-02,1.125679787300362777e+00,5.364859171782601077e-01,1.200931811829051253e-02,-1.465243389027913803e-03,-2.916612337774614986e-03
-7.747717978835298724e-02,1.201962161894436720e+00,5.355724593316184556e-01,1.237259981138864352e-02,-7.571796015120417500e-04,-3.561917268500052868e-03
-4.556770764663381490e-02,1.235461067546592240e+00,5.149773747087483811e-01,1.212552718617098541e-02,-1.428193620724082721e-03,-3.449207558060975610e-03
-1.398705221816436972e-01,1.255649812492003914e+00,5.402557350058516672e-01,1.301185122408277973e-02,-8.255567181052018977e-04,-3.065695327327218941e-03
-3.948997278083360429e-02,1.221866961132406448e+00,5.155500415476118592e-01,1.341134549994342159e-02,-1.627644352610984821e-03,-3.401300482190785894e-03
-9.860693906540322906e-02,1.175486695318091357e+00,5.404787490663491845e-01,1.289644479950787306e-02,-1.520002160385293052e-03,-2.932000331644274253e-03
-6.460023586339079527e-02,1.212966784290731681e+00,5.355159571399190632e-01,1.227406317462277283e-02,-1.366385733337938460e-03,-3.442891257927711748e-03
-4.339725728557117246e-02,1.239618343719755211e+00,5.068394158957884033e-01,1.256208708151189402e-02,-1.757195565245879207e-03,-3.925138982933111531e-03
-4.203019665702714680e-02,1.214685773462625740e+00,5.528772810921983583e-01,1.270172961719255068e-02,-1.538734195360573140e-03,-3.455051450518385400e-03
-7.266517102925251770e-02,1.092355442041644364e+00,5.200488743880136155e-01,1.153247473847864024e-02,-1.715912231710739130e-03,-2.924134700139578800e-03
-9.260278484888688488e-02,1.219082969595986832e+00,5.505121172848729261e-01,1.187810803659965220e-02,-8.876402816652400468e-04,-3.366962980677828694e-03
-1.233549133572282297e-01,1.278070875556662989e+00,5.765989914821068041e-01,1.285330430375630772e-02,-9.994173900513825259e-04,-3.346811246905438252e-03
-8.090510100755984868e-02,1.141600818766770997e+00,5.344784468956115253e-01,1.269272147082476168e-02,-1.089774064134458112e-03,-3.271039930032494918e-03
-1.249621590352091027e-01,1.209339048581943743e+00,5.309493762841922537e-01,1.263486175237465287e-02,-7.656659118671846342e-04,-3.217520063859545879e-03
-4.001955698641612713e-02,1.178237639334783537e+00,5.245275357143192041e-01,1.252339477364921433e-02,-1.400294642622236518e-03,-3.255730297935069059e-03
-9.621402202440099138e-02,1.197645073680476457e+00,5.323554507009506942e-01,1.319083250052879332e-02,-1.083585274936795309e-03,-2.875975212067373877e-03
-1.147886056195840526e-01,1.139512317358404525e+00,5.387610351632042827e-01,1.181943381671917911e-02,-9.963592990192178533e-04,-2.674274525439875559e-03
-1.008370499739542486e-01,1.237969305698382261e+00,5.503533740480957004e-01,1.270571744153323537e-02,-8.535097478332923787e-04,-3.083188593311773137e-03
-6.417191847398566462e-02,1.153386567414709685e+00,5.337846239137754578e-01,1.210719555957157599e-02,-1.169542000420078012e-03,-3.069406458440232608e-03
-2.954362674483659856e-02,1.141602913857610480e+00,4.815761279009900253e-01,1.148844026835942056e-02,-1.916459676709144147e-03,-3.566001369803570211e-03
-1.840290393447549244e-01,1.267376730025271181e+00,5.644810848987078522e-01,1.281616582039241461e-02,-2.144888191856157006e-04,-3.044007103161011467e-03
-9.173099419799982113e-02,1.180979979232459565e+00,5.159946871444643923e-01,1.228199514058860194e-02,-1.433101906584018786e-03,-3.081387371276323589e-03
-1.564025607092751624e-01,1.266858615016375866e+00,5.930824667307776910e-01,1.303471141417338053e-02,-6.163116857370171120e-04,-3.019949135934054882e-03
-1.290473013380056544e-01,1.160960048791777943e+00,5.566744261806579885e-01,1.260393704667489220e-02,-1.396165710573056551e-03,-2.381050237310958217e-03
-2.771934791683816623e-02,1.214555632828939302e+00,5.245233263241920740e-01,1.240150868156106832e-02,-1.955229812178336038e-03,-3.699592585572539921e-03
-7.912458779867875824e-02,1.228584309765507365e+00,5.634853702615912896e-01,1.240884634621665719e-02,-1.195337866583472824e-03,-3.307631287711960272e-03
-4.035475595428858475e-02,1.128150655850662210e+00,5.227291109747402853e-01,1.165877020745217929e-02,-1.505930619403468562e-03,-3.257586090748885218e-03
-9.704509029392580088e-02,1.270325931701758115e+00,5.631268041030719207e-01,1.310003080272868596e-02,-7.947379185827222609e-04,-3.556032978007319430e-03
-8.140418675854564634e-02,1.228368456033690048e+00,5.334615088465957111e-01,1.259330248542954445e-02,-1.164572329558079614e-03,-3.255007366863604899e-03
3.376074518716867812e-02,1.109463511865668162e+00,4.912334134258965479e-01,1.204876767680124541e-02,-2.404582028702572163e-03,-3.648206339025190925e-03
-1.069872539018353608e-01,1.220181257094758775e+00,5.620562437709935022e-01,1.298132866916510038e-02,-1.224070023554513220e-03,-2.818017035053216757e-03
-7.715793007481042132e-02,1.229430607926335739e+00,5.388673746472398829e-01,1.274975457106073892e-02,-1.034669342908724199e-03,-3.328958140643831134e-03
-8.978847082831754867e-02,1.143975800995435721e+00,5.448539788548768525e-01,1.218696240852429336e-02,-1.054634176523988609e-03,-3.262629979706571908e-03
-6.962478786432786670e-02,1.215413370070297816e+00,5.234961165036668973e-01,1.256268917241001870e-02,-1.524628699762031400e-03,-3.553985178452729113e-03
-7.136201528492873425e-02,1.154185968831540787e+00,5.090768210035289121e-01,1.182051664977320886e-02,-1.459370602294196920e-03,-3.292574219990542211e-03
-1.333784170450140749e-01,1.219104366864369293e+00,5.767347491511771729e-01,1.242910407774515044e-02,-1.023896845674452175e-03,-2.893467453481467916e-03
-2.798039391542476162e-01,1.305841804777707837e+00,5.989474400917694785e-01,1.322635274807353739e-02,4.583281313647498412e-04,-2.747461316045606006e-03
-3.735403760258465544e-02,1.201392239284682528e+00,5.532562702410399602e-01,1.229674974577379953e-02,-1.614526823506367073e-03,-3.401907079346049717e-03
-3.169000482514783279e-03,1.193461965009255055e+00,5.018227033713913432e-01,1.228821404490951577e-02,-1.893749472524184838e-03,-3.625904837366119692e-03
-8.311806819899665577e-02,1.198171364636176239e+00,5.164848417159249028e-01,1.265154903528502642e-02,-1.016057459955348879e-03,-3.371305777432373474e-03
-1.341989251833165253e-01,1.184909385278964722e+00,5.359101360061919728e-01,1.239925863200974990e-02,-8.512848779081306355e-04,-2.953073576763044945e-03
-3.534958794731424270e-04,1.128355482983336655e+00,4.695014586261192502e-01,1.222147337468469305e-02,-1.937473085581700033e-03,-3.724239622419110024e-03
-5.878197967276815872e-03,1.161089302520907918e+00,5.095139225498351854e-01,1.210261750654633393e-02,-1.751789713209958230e-03,-3.677492431808837905e-03
-6.981546811519276363e-02,1.153165964945119137e+00,5.504248989912907675e-01,1.229752640252462781e-02,-9.645061193624404616e-04,-3.039221166553837498e-03
-9.078884740480200333e-02,1.170841696446657476e+00,5.277306914163294449e-01,1.202378502021469835e-02,-1.179664774875579039e-03,-2.989670601703225700e-03
-1.481366516761591368e-01,1.223921143685498425e+00,5.567047276696446279e-01,1.227131182421825964e-02,-7.312116949507105335e-04,-3.115712814630320314e-03
-7.655017255578870639e-02,1.191456774448925726e+00,5.370983189850541129e-01,1.217443326869919323e-02,-1.196740113331812641e-03,-3.318391822451799335e-03
-3.663997368211857619e-02,1.203670363944395527e+00,5.279128607260248351e-01,1.234273347713419136e-02,-1.684810410422789631e-03,-3.852524978568055546e-03
2.717690243507489556e-02,1.191691686439943609e+00,5.269650030576139565e-01,1.254920791679757855e-02,-2.155468200618090510e-03,-3.742374002488593667e-03
2.409896320921339763e-03,1.190987649627719636e+00,4.590146440653717352e-01,1.223139631094867508e-02,-2.277691592280476490e-03,-3.636686477050653839e-03
-7.823161186856643357e-02,1.190531599808618113e+00,5.463266425058804776e-01,1.273745504905499960e-02,-1.521820424582102232e-03,-3.048593788415129239e-03
-1.316803823265477735e-01,1.172527281836557300e+00,5.207041340395553997e-01,1.229934024030551049e-02,-9.258110368458270789e-04,-3.237828327383794873e-03
-8.103394787607015592e-02,1.168003781534492802e+00,5.282383989048671236e-01,1.209522288842244421e-02,-8.683069971493571210e-04,-3.229132709289435355e-03
-2.872853660677021637e-02,1.194011684927732242e+00,4.861463153089106148e-01,1.199381982642958727e-02,-1.656395226456152184e-03,-4.021006100367938499e-03
-3.360000077064279056e-02,1.199804472859158588e+00,5.292769864222031106e-01,1.233418129611139197e-02,-1.623960166271082653e-03,-3.545220158473023301e-03
-7.714375096460578118e-02,1.244702343115092313e+00,5.501120228486723329e-01,1.314003457499326143e-02,-1.588524526716535851e-03,-3.355075244923217022e-03
-1.233144130839651520e-01,1.193190407572900735e+00,5.375693024689387478e-01,1.269916307948529451e-02,-1.104631808478768323e-03,-3.050802511092829978e-03
-6.488460836451859226e-02,1.215716150683658014e+00,4.966832068526337851e-01,1.238755671749739579e-02,-1.442667989201344009e-03,-3.332181171324503661e-03
-4.158700546156929301e-02,1.217455070763509672e+00,5.242261940266883524e-01,1.248678424528903118e-02,-1.675130951476090993e-03,-3.563704653579751521e-03
-1.583295887367354715e-01,1.277841072065102335e+00,5.550120979811392630e-01,1.316205737950929336e-02,-1.629340190509413755e-04,-3.311437461140163789e-03
-4.685812378895115593e-02,1.202220899174370139e+00,5.449391762457793664e-01,1.231322122857217427e-02,-1.537572229287725162e-03,-3.423411346448808346e-03
-7.141946677530329468e-02,1.144794634576677517e+00,5.243528903105999506e-01,1.231774049808476504e-02,-1.768221558485315661e-03,-3.066484422856933460e-03
-6.962293518914947077e-02,1.212513174132684668e+00,5.003291186929237355e-01,1.229878749459785425e-02,-1.268164910710967153e-03,-3.465260672894228573e-03
-6.601537149270558791e-03,1.223895115641353559e+00,5.190141553887208659e-01,1.283941909938735547e-02,-1.934993385880103348e-03,-3.738505043057642127e-03
-5.915312773886034770e-02,1.182816898620923318e+00,5.311196037657291980e-01,1.281941682365773418e-02,-1.501347188925156867e-03,-3.387970950232764566e-03
-1.547829924431906590e-02,1.148880391413900970e+00,5.153855036555403668e-01,1.221497474049550169e-02,-1.762749593760170458e-03,-3.419389292137036459e-03
-8.426067685985325073e-02,1.219807456785486410e+00,5.380090258522659541e-01,1.276055090685893068e-02,-1.313217731861085827e-03,-3.137005532750865994e-03
-1.161458584676431510e-01,1.205454141070780194e+00,5.472203203757326495e-01,1.263025967007157246e-02,-8.665475623254870197e-04,-3.235572443879773576e-03
-4.308130074561408729e-02,1.180507801509125043e+00,5.182733099777230290e-01,1.211244814522363135e-02,-1.775182657285458848e-03,-3.397335345923491266e-03
-8.326849099372099494e-02,1.236855222819430278e+00,4.952036995619190085e-01,1.255223715399719775e-02,-1.506417376056185670e-03,-3.422102230099660029e-03
-6.238563648200541600e-02,1.212870149486878324e+00,5.468459182281729669e-01,1.271479258283687158e-02,-1.501541302728571711e-03,-3.422086715897252468e-03
-1.110425094086479603e-01,1.155797570241199779e+00,5.393343571724891206e-01,1.241895976086671710e-02,-1.184715994596529515e-03,-2.933288312101285829e-03
-4.609031613327529975e-02,1.184291177689229091e+00,5.143015629934145627e-01,1.206717832465645755e-02,-1.721706037846324963e-03,-3.406922349714900863e-03
-7.769284413122144739e-02,1.155792171476903274e+00,5.217389744422902265e-01,1.220929935100322460e-02,-9.941030697807554800e-04,-3.255149618217569301e-03
-1.059113627885140546e-01,1.214997191866905579e+00,5.345643586118175028e-01,1.284998204571163524e-02,-1.306792700797820145e-03,-3.227272078917316472e-03
-2.077661590450075035e-02,1.209911807099448122e+00,4.994278395946131210e-01,1.217435636052287273e-02,-1.601888414422387996e-03,-3.532892698196021981e-03
-1.899155127357303741e-01,1.257184906518605372e+00,5.603488408952514988e-01,1.272090931754256068e-02,-4.035613017142197778e-04,-2.967144397524194236e-03
-5.150310096618734845e-02,1.185953257615417256e+00,5.255339569619066342e-01,1.219750064497976752e-02,-1.462489248342841927e-03,-3.737644217769006422e-03
-8.290927044534046608e-03,1.174812011084198859e+00,5.077367278020213925e-01,1.243988801249789819e-02,-1.975962760398573478e-03,-3.522016669369270291e-03
-6.442643217967032598e-02,1.139815566419810189e+00,5.124345123822608983e-01,1.210275742325197038e-02,-1.730996811469301747e-03,-3.295313729667950428e-03
-8.836124273225089143e-02,1.253241895919822602e+00,5.425682260778793564e-01,1.253108374497929889e-02,-1.508493550251255658e-03,-3.313182732624225194e-03
-1.958845415231929565e-01,1.253319219901034121e+00,5.960622566686478718e-01,1.308143001184852369e-02,-3.479511696649686958e-04,-2.687324167490953881e-03
-5.925563663098681877e-02,1.199891721487191365e+00,5.133557143256836097e-01,1.223423850144444471e-02,-1.678840252038139511e-03,-3.214464149220755320e-03
-5.655848011291608746e-02,1.185110781290755311e+00,5.238471320170370316e-01,1.200800905482148594e-02,-1.360301745991226649e-03,-3.214745983047771847e-03
-1.670163034174629302e-02,1.211245509515404661e+00,5.192323569525684190e-01,1.265235533367891144e-02,-1.686881645016685347e-03,-3.703058361907985742e-03
-1.765470903287197357e-01,1.236936885430722333e+00,5.538580058625909297e-01,1.322709713761546779e-02,-2.307368368057848701e-04,-2.961372311667390556e-03
-1.609320215349644700e-01,1.251451473959896088e+00,5.564128691274782268e-01,1.335130079205996100e-02,-1.133090218480823502e-03,-2.737047515799762108e-03
-7.763031818704968501e-02,1.180155193428977123e+00,5.301821134096383892e-01,1.226450369286926495e-02,-9.325241328376390054e-04,-3.317208928917521338e-03
4.656372491112464873e-02,1.209311859465072470e+00,4.852611700768962866e-01,1.228976440444290094e-02,-2.183472622276635272e-03,-4.006807836537402967e-03
-1.050215412060416104e-01,1.258387511310678830e+00,4.991213944232317790e-01,1.280245660414936967e-02,-1.077141231717705996e-03,-3.100080509828965353e-03
-1.837693001820113192e-01,1.237877437543630998e+00,5.719755734424358806e-01,1.274753434287471780e-02,-2.110848819463009840e-04,-2.865034363762093174e-03
-1.644141086240075988e-01,1.226031309073432940e+00,5.602183653470512725e-01,1.267189020602145499e-02,-5.571948691688970168e-04,-2.760627524511904268e-03
-8.107828705495506716e-03,1.246606262013594923e+00,5.236397046136550548e-01,1.256817236869692961e-02,-1.971411447046935231e-03,-3.998378545768499319e-03
-1.022225065986485937e-01,1.230475867445254945e+00,5.544410529794455700e-01,1.294792090327070641e-02,-1.191111020137308393e-03,-3.189375638076829157e-03
-7.060356023221563138e-02,1.120408453714832886e+00,5.036497960987744715e-01,1.168158768936902736e-02,-1.567072194044453332e-03,-3.413778637634044648e-03
-1.132382737025417613e-01,1.216563166802883789e+00,5.413354674259854837e-01,1.249135939161174179e-02,-1.472422072764828158e-03,-3.108033755624067720e-03
-1.671247520785976715e-01,1.297745293016288048e+00,5.581389739699690322e-01,1.297287194698611319e-02,-3.099450795897244065e-04,-3.295398036050197713e-03
-1.134071974433123881e-01,1.225095980467235446e+00,5.645957884961817497e-01,1.270218828484193964e-02,-1.026852696803613046e-03,-3.641556954214600784e-03
-1.269731301150448521e-01,1.244187259500622922e+00,5.389859373417823507e-01,1.298523932586453239e-02,-1.155346632169672316e-03,-2.969872387853003757e-03
-4.023593360016680665e-02,1.219909074480148181e+00,5.049780292388008629e-01,1.238001181960283331e-02,-1.455364765014842063e-03,-3.425245327964279371e-03
-1.484875174029613998e-01,1.233649503259383273e+00,5.464088268239762902e-01,1.296098645741939476e-02,-7.488453909843262313e-04,-2.779219888956665531e-03
-1.018979918243973215e-01,1.256659191414561283e+00,5.631476405468709423e-01,1.315716226598846045e-02,-1.314990600652449909e-03,-2.976373421393758035e-03
-8.979954624659608475e-02,1.198306630675100681e+00,5.318539179339066836e-01,1.269098221712729006e-02,-1.294964240490267468e-03,-3.215776509974429924e-03
-8.209858024358231143e-02,1.302415084050230654e+00,5.399264940078127850e-01,1.328897932816337779e-02,-1.240596379730117202e-03,-3.410123197337842828e-03
-3.352032543688965305e-02,1.262611932458068020e+00,5.182796373468604445e-01,1.278021026634778602e-02,-1.750672415484239020e-03,-3.489351678726696718e-03
-1.221460703935415559e-01,1.212876764784854622e+00,5.581721257375926726e-01,1.279290187099521234e-02,-1.335724625006728603e-03,-2.927426607717146037e-03
-1.160830063909969734e-01,1.209428020245514102e+00,5.363924358380072199e-01,1.244320686655901211e-02,-8.648183522655863292e-04,-3.026747665032238684e-03
-1.100169500144994594e-01,1.193939564746922422e+00,5.539301914025366314e-01,1.229412862012047719e-02,-7.329017180122670422e-04,-3.248590505167919633e-03
-1.441782988471883853e-01,1.190559178430357301e+00,5.992234908278789574e-01,1.268834249588635457e-02,-1.134691535511399285e-03,-2.564794184117607026e-03
-5.741488255681251318e-02,1.183191268019210929e+00,5.124949610683795509e-01,1.223625414209162515e-02,-1.482270434582931215e-03,-3.431279048863457738e-03
-1.043030640400249287e-01,1.219289855176545423e+00,4.855397523311708596e-01,1.247292149732491182e-02,-1.551800720911634957e-03,-3.029678537399944048e-03
-9.173349275678135961e-02,1.180753408304928032e+00,5.310560559836746686e-01,1.249829115297034811e-02,-1.241093096873372575e-03,-3.188643321243433450e-03
-5.417493897825406690e-02,1.171270251163872400e+00,5.061139323188110772e-01,1.237603512820490900e-02,-1.628373677406522169e-03,-3.371384620870210985e-03
9.009132386968432549e-04,1.188436122355502667e+00,5.189011189213008635e-01,1.243503735646969179e-02,-2.213699451631275308e-03,-3.537373899291969791e-03
1.145271610906190007e-03,1.207395131783036257e+00,5.267161817631336174e-01,1.247241783324644013e-02,-1.917751432476653972e-03,-3.381317814956609578e-03
-7.350474961788475148e-02,1.229233131431034964e+00,5.051298839626175985e-01,1.272256379736315564e-02,-1.610678866437462511e-03,-3.357030779917927980e-03
-7.359467615427606191e-02,1.216105129111137551e+00,5.391114126542018159e-01,1.245903922762645229e-02,-1.348161146422693912e-03,-3.454482136354637689e-03
-2.018550296912437758e-01,1.273148213634963000e+00,5.796201734652162152e-01,1.309093412462916835e-02,-2.659840066462602903e-04,-2.867074507115419807e-03
-8.861513956456712471e-02,1.228221708435530024e+00,5.177414428284825565e-01,1.247836014722289270e-02,-1.295478111287157522e-03,-3.581336446919894390e-03
-6.137852576474471522e-02,1.210096643000175165e+00,5.488037048105723903e-01,1.264388333817557594e-02,-1.445515109535906034e-03,-3.261856792401213265e-03
-1.122004001555218095e-01,1.222216708829268139e+00,5.349494063931615750e-01,1.272319271099377896e-02,-1.221539617697003574e-03,-3.305637500637869427e-03
-1.485119816446669461e-01,1.184617049002922196e+00,5.284344912143450479e-01,1.256662527398583369e-02,-9.929018517879553002e-04,-2.868503305170825787e-03
-1.363677048178797147e-01,1.268272707940703903e+00,5.436719839110913943e-01,1.296968363073562613e-02,-1.251074987547491288e-03,-3.147537584603891068e-03
-6.494704058105094102e-04,1.171767413975119299e+00,5.356498417691020197e-01,1.227670363414183272e-02,-1.980631514965200748e-03,-3.865141122554445214e-03
-7.253158875961951413e-02,1.155392181885681158e+00,5.473968738073610174e-01,1.213902351198253848e-02,-1.377929252258661835e-03,-3.092053280921453189e-03
-1.063260391321101256e-01,1.137871783259455594e+00,5.302605687714946336e-01,1.185928283728289977e-02,-1.100611726837719823e-03,-2.903173145602909282e-03
-5.881830960864389835e-02,1.278577998401681848e+00,5.211212837646715945e-01,1.270254080515788656e-02,-1.323992971121771070e-03,-3.506125028187421274e-03
-1.364824599461537669e-01,1.262445262538729018e+00,5.794319126304686707e-01,1.282440398962122335e-02,-1.041139308521576295e-03,-3.027072927812655707e-03
-3.492729099854377517e-02,1.189969051847800330e+00,5.441481758034305560e-01,1.226876482401816418e-02,-1.676512211318289050e-03,-3.603978885793686533e-03
-7.143567273548158403e-02,1.237579643923520489e+00,5.607415368412791423e-01,1.299788366785789920e-02,-1.603122990033994250e-03,-3.514436723560230950e-03
-4.911444667254771801e-02,1.127429299118097195e+00,5.368635091655532543e-01,1.199804437280716819e-02,-1.575481834884260787e-03,-3.132411353983768389e-03
-1.434882780430560278e-01,1.257669768098547136e+00,5.410597221082726893e-01,1.282818847989380950e-02,-9.018061472038686743e-04,-3.100599647745352905e-03
-3.688673035495045882e-01,1.451594355275435344e+00,6.917631964467032546e-01,1.497631941051733723e-02,9.796707177404297834e-04,-1.967582573295371950e-03
-8.219290516433223892e-02,1.255301954433435840e+00,5.127198406677403453e-01,1.304339356147113035e-02,-9.952091566715927373e-04,-3.397192902641212476e-03
-8.254256280024753478e-02,1.195808744719560002e+00,5.261623456654781483e-01,1.267654809183433803e-02,-1.410327835953989473e-03,-3.172673695855817398e-03
-5.372656402592082547e-02,1.213018257256807120e+00,5.210753846147444523e-01,1.267379326684553789e-02,-1.785082746285478195e-03,-3.314959366835456243e-03
-3.222018076952112287e-01,1.319706589655934126e+00,6.376455409975215760e-01,1.367272618292097314e-02,5.927871691583028180e-04,-2.055177892526407427e-03
-1.099449366170670572e-01,1.229507893993218248e+00,5.511726167367358986e-01,1.291041511217235621e-02,-9.955235148282476354e-04,-2.911773760915318480e-03
-8.411676033816585518e-02,1.181932456528741904e+00,5.318440232311016924e-01,1.250757463553581889e-02,-1.342374044332654212e-03,-3.082748591037821721e-03
-6.425741510324264882e-02,1.220610512596675967e+00,4.917775731436874187e-01,1.230497928335815699e-02,-1.407360734218335296e-03,-3.626868154561192076e-03
-1.024306529059394455e-01,1.164981208229939336e+00,5.240501142752339581e-01,1.208106456900143004e-02,-1.188438580558684454e-03,-3.171408655469054160e-03
-1.492841781034272841e-01,1.224482222485799854e+00,5.436326085456579804e-01,1.271014460593805975e-02,-8.989754087692196360e-04,-2.846808774582472099e-03
-1.580417960099522456e-01,1.173332765912364906e+00,5.179709791667500562e-01,1.249817610665144088e-02,-6.688397542645267702e-04,-2.717986055134968132e-03
-2.162725131411638579e-02,1.124202595766918611e+00,5.310341867646735103e-01,1.208204750832934070e-02,-1.801862769357214650e-03,-3.427583739302844743e-03
-1.015322905495957828e-01,1.212227490750234171e+00,5.353199391928777917e-01,1.260577224131182242e-02,-1.209295979945890914e-03,-3.110332740460909975e-03
-6.663071941824379174e-02,1.201089316123032713e+00,5.222229869358864240e-01,1.239906782728043139e-02,-1.457268168885451909e-03,-3.271747144244492849e-03
-1.817684810368727089e-01,1.247637228507518348e+00,5.335286104462978463e-01,1.289340322917813600e-02,-5.152404894915776218e-04,-2.844930425366841431e-03
-5.223568012123513959e-02,1.185970158051457890e+00,5.317512691161763172e-01,1.219233756014200844e-02,-1.324411376069102239e-03,-3.672409445986457577e-03
-4.582092798156586766e-02,1.193770234657427487e+00,4.818509797995539357e-01,1.229589101103114972e-02,-2.105219765591002240e-03,-3.586537926820794475e-03
-9.391056537284800387e-02,1.225385160577756594e+00,5.716960127675774217e-01,1.309830808968979673e-02,-1.005271774918591390e-03,-3.183514854544463538e-03
-7.072437270827690303e-02,1.182357991583659063e+00,4.852982740938748263e-01,1.231889461776180215e-02,-1.385612083701321523e-03,-3.274680245385493040e-03
-1.397822643096736650e-01,1.227310682412340093e+00,5.448210628797620636e-01,1.282620675614295006e-02,-8.425633267927119807e-04,-3.217752962440560780e-03
-1.033020861399067403e-01,1.237694547639353493e+00,5.011211097467493936e-01,1.244784572989819302e-02,-1.322248378944542238e-03,-3.259623350034162367e-03
-2.030777343927861467e-02,1.165838320192513988e+00,4.999690130037718339e-01,1.220789229289520605e-02,-1.992709287898178014e-03,-3.599650819041743093e-03
-9.619197566213158468e-02,1.223054886299160815e+00,5.517273931292534517e-01,1.305378082772004969e-02,-1.076168877102814600e-03,-3.158842289476874576e-03
-1.065791210255361832e-01,1.224377490168842897e+00,5.091105638777845277e-01,1.268099653394031030e-02,-9.376673159351596454e-04,-3.234018736170051096e-03
-1.433471456708064473e-01,1.210636278852497805e+00,5.732752807433615372e-01,1.267877512593845561e-02,-7.214524459658571559e-04,-2.989694495751280944e-03
-6.524087243939373504e-02,1.144893462178618204e+00,5.093116068910491512e-01,1.202506776898508087e-02,-1.197598315409926714e-03,-3.448164812905142162e-03
-1.067484084627587371e-02,1.231583589022870129e+00,5.331413220497989158e-01,1.288757789506478693e-02,-1.978952593478605637e-03,-3.629308052330561685e-03
-9.358386190282726169e-02,1.203398951288120244e+00,5.287105565471270641e-01,1.280810969773454877e-02,-1.256633962502026053e-03,-3.140417373467616589e-03
-7.098122937216785888e-02,1.180854409820701223e+00,4.725977725284005171e-01,1.200212079456754177e-02,-1.506566293263348483e-03,-3.740194241464991735e-03
-5.478011397375492919e-02,1.198969549687754599e+00,5.355665173425334658e-01,1.241391719205115797e-02,-1.436191730022419108e-03,-3.364477220807501456e-03
-1.077866860460543197e-01,1.243008039114680496e+00,5.033980008269990369e-01,1.263955497654320470e-02,-1.533455780108517255e-03,-3.193725080669689367e-03
-4.675616484830541486e-02,1.181543874620847534e+00,5.325612155714213314e-01,1.233058026318201161e-02,-1.277732385633206097e-03,-3.632079896995176350e-03
-6.248303806159583029e-02,1.173934232859192628e+00,5.266106067762923448e-01,1.271328930149858046e-02,-1.663492331636111723e-03,-3.269362009527313449e-03
-6.410565746168790657e-02,1.199959241554895639e+00,5.122430545526762691e-01,1.252623076822969445e-02,-1.777673726912998992e-03,-3.311819203619066187e-03
-7.641038432504444755e-02,1.135290775496089699e+00,5.158821958040870070e-01,1.220385994592779015e-02,-1.379782336819575239e-03,-3.147693076293405206e-03
-1.080796958704928479e-01,1.225947218678139494e+00,5.317675075471864909e-01,1.258429010483799737e-02,-1.124101187026913667e-03,-3.312702779626937061e-03
-3.170598511572506051e-02,1.143264616614556362e+00,5.124405915074067286e-01,1.190179837915623928e-02,-1.682939329280343926e-03,-3.325172142592010618e-03
-1.129607824789400083e-01,1.191848050186094188e+00,5.403391537598956074e-01,1.258245996983804564e-02,-9.124276872287898771e-04,-3.105775160589789152e-03
-1.979128079719874589e-02,1.232704528127632981e+00,5.013276718212399397e-01,1.269797852486296598e-02,-2.051938330978919298e-03,-3.570336341551546503e-03
-1.058626288544879390e-01,1.203181749961622637e+00,5.199225984785029731e-01,1.260308597558435634e-02,-1.366823032402602819e-03,-3.245167962760943207e-03
-1.254010845062044355e-01,1.199955899463772013e+00,5.104264123628183825e-01,1.240047548838042919e-02,-1.200358522005671655e-03,-2.999116480794473700e-03
-1.421777270722469344e-01,1.153637174487507133e+00,5.476221539443284492e-01,1.200658240188251166e-02,-7.087236305363085742e-04,-3.114301976889146707e-03
-4.649553902793554516e-02,1.185608082111336614e+00,4.893210894675231737e-01,1.231532579916294959e-02,-1.913921491274572090e-03,-3.322102145141891515e-03
-7.554035448551080223e-02,1.224273046017902100e+00,5.123695347394474631e-01,1.232190500413382628e-02,-1.523721335417105999e-03,-3.558858770547759093e-03
-1.430646226754281602e-01,1.224596172654704551e+00,5.684285325823392743e-01,1.290710948998467951e-02,-6.589291333559746389e-04,-3.098122673554888108e-03
-1.291618535909556942e-01,1.200631797001906920e+00,5.434561337345819032e-01,1.253361116623092492e-02,-1.032021750924531911e-03,-2.959582209723805694e-03
-1.197767341660603418e-01,1.199918581120408501e+00,5.379200629957350266e-01,1.259245143326834238e-02,-1.075276876351553834e-03,-3.048282534397038588e-03
-2.363328708376430387e-01,1.181240887644025017e+00,5.652296065054758234e-01,1.245104294369494755e-02,-3.087677035982713813e-05,-2.633971498197597468e-03
-1.726124449151167639e-01,1.242228249648069882e+00,5.444287202068196496e-01,1.302351927261112194e-02,-4.473542369343268266e-04,-2.990034326858297294e-03
-3.819163230227901051e-02,1.150180822144611481e+00,5.231018992561772274e-01,1.225492794544382098e-02,-1.337996554275638558e-03,-3.208089280812529386e-03
-1.635427869636242593e-01,1.211571124411063405e+00,5.337324704636358108e-01,1.242870380817482842e-02,-5.268807174321956527e-04,-2.729010515994867957e-03
3.472142742273198746e-04,1.141847677884202383e+00,4.943521658922737094e-01,1.164410866657194718e-02,-1.649642580768977823e-03,-3.670079253141978002e-03
-6.579650991295502016e-02,1.233199990698950144e+00,5.347074740321294817e-01,1.265181939602247688e-02,-1.647760016553721785e-03,-3.568316627658758063e-03
-8.140931892965455607e-02,1.212369098734454642e+00,5.386676188453947134e-01,1.272250132584458807e-02,-1.193064496039269312e-03,-3.068209452441307637e-03
-7.093174873493074406e-02,1.231289467879198352e+00,5.281458012642050726e-01,1.268178234223683171e-02,-1.332029204438764727e-03,-3.345798948982258315e-03
-1.201999140438306940e-01,1.183878217540819122e+00,5.433751806250437522e-01,1.244208054983117311e-02,-7.912040499603104071e-04,-3.173726846627555800e-03
-1.301642816677361925e-02,1.176939430424035482e+00,5.125493843896555823e-01,1.225585989712790237e-02,-1.733841593856264365e-03,-3.453499425301210114e-03
9.446362752845965938e-03,1.122034770355418543e+00,4.916699293263161463e-01,1.165008320505145530e-02,-2.210488403952869454e-03,-3.926378904247281552e-03
-1.505374721138398320e-01,1.203646439142780356e+00,5.391878574190762663e-01,1.245937207896803331e-02,-7.568467144565670796e-04,-2.915365947136609216e-03
-6.449783231476538536e-02,1.204328271406930551e+00,5.309334325995824777e-01,1.259079682183426516e-02,-1.592550498466892631e-03,-3.187312724538309428e-03
-1.117013576552087356e-01,1.237105173465345986e+00,5.159819856971114005e-01,1.245288916160918954e-02,-7.768203758099796047e-04,-3.527141859048192520e-03
-1.644904854786876647e-01,1.264834880037261522e+00,6.046901814080607451e-01,1.310382490358380850e-02,-1.891758882691229465e-04,-2.521439150512276139e-03
-1.697231050461894819e-02,1.214670422127956728e+00,5.100229647167963121e-01,1.248923599480800811e-02,-2.147723919972636952e-03,-3.538296821275785028e-03
-1.228514695767985998e-01,1.206351297560303459e+00,5.405591208775470946e-01,1.280654695506669438e-02,-1.109148041582625269e-03,-3.045226028477840581e-03
-1.161467021356478446e-01,1.187326354518363658e+00,5.308816988457858432e-01,1.230945487495349773e-02,-1.019826264835262813e-03,-2.867963714275118068e-03
-7.358926667513566999e-02,1.129293080835187535e+00,5.241421169429231197e-01,1.202594292886734369e-02,-1.607865351381965180e-03,-2.990223023508780612e-03
-1.025921038690257303e-01,1.172512663553260781e+00,5.155818688456261789e-01,1.258610606934709199e-02,-1.180570003566533063e-03,-3.234280800427080053e-03
-7.262999182068796689e-02,1.195907792943859960e+00,5.229718985084284011e-01,1.252800881215050503e-02,-1.446512254587481797e-03,-3.594711272477404788e-03
-1.121194509705467079e-01,1.251786493960307389e+00,5.561976164841486714e-01,1.292585268392650727e-02,-1.173497254908157858e-03,-3.050265794445259498e-03
-7.528645805607703245e-02,1.244721760044525949e+00,5.603748285864673662e-01,1.269827595906689553e-02,-1.411487941722570916e-03,-3.395310648278967308e-03
-3.729229739018097289e-02,1.255224749439106002e+00,5.251793439751276660e-01,1.256685014807946456e-02,-1.922116775555248250e-03,-3.764515161699738630e-03
-1.417999171720564777e-01,1.243290215637211427e+00,5.583053253030850760e-01,1.299380248219357895e-02,-6.266326383786244986e-04,-3.242069438615973170e-03
-8.312664660255857096e-02,1.188267276059550293e+00,5.551118520762544639e-01,1.246245337202766222e-02,-1.475495614147129264e-03,-3.226602230836117004e-03
-8.638320463833817908e-02,1.173655057396495671e+00,5.220861621635281002e-01,1.243680604396026242e-02,-1.294732258332445540e-03,-3.282844391662338452e-03
-7.328328230716785185e-02,1.194004409019775448e+00,5.077725990025813152e-01,1.241131155723582818e-02,-1.680271344156278671e-03,-3.295632494995972325e-03
-9.803174626585502149e-02,1.201529116571917521e+00,5.175600249496815630e-01,1.263909670010105422e-02,-1.334138697548420405e-03,-3.408044448107601637e-03
-6.124833784093598743e-02,1.166809641198734981e+00,5.388679951443874350e-01,1.243225917346232542e-02,-1.428190069960730973e-03,-3.111818930555970957e-03
-6.835227677849824157e-02,1.242373463876334405e+00,5.698505580257064995e-01,1.261309216285569357e-02,-1.127889152806130571e-03,-3.340712177971970516e-03
-1.055345504057021017e-01,1.257969548038343710e+00,5.333277299697111173e-01,1.299245069798150853e-02,-1.148058203817008821e-03,-3.192555879649998374e-03
-8.926009353482787512e-02,1.211907807138674187e+00,5.116968481008632441e-01,1.265173469249919989e-02,-1.384427497212178254e-03,-3.388662102823980851e-03
-1.069542484582215042e-01,1.213944471328186170e+00,5.105195342561757998e-01,1.228378454905795780e-02,-1.387701524589403032e-03,-3.136510349858644565e-03
-2.129900439544059054e-01,1.240170001550067180e+00,5.870291279026215170e-01,1.322658858745143044e-02,-3.094225658830628001e-04,-2.300095086891450029e-03
-1.167849491789170330e-01,1.189315384434327605e+00,5.469169322236753228e-01,1.248549232936131854e-02,-6.555694246829935762e-04,-3.185561088052736925e-03
-7.694933336699238957e-02,1.225208263334489178e+00,5.309636430978128541e-01,1.269547349706555590e-02,-1.461418181587684911e-03,-3.379124970018396613e-03
-5.786384698306915042e-02,1.204669168677101609e+00,5.148418140082197114e-01,1.265751497658981414e-02,-1.721888485575608779e-03,-3.331216693250968041e-03
-3.179952182078699119e-02,1.128549726143206255e+00,5.113186131644891219e-01,1.194002197227427356e-02,-2.005096525117973025e-03,-3.246220237249765588e-03
-7.580771466627417299e-02,1.241883009968400176e+00,5.318200660506540167e-01,1.249899571824464144e-02,-1.163142223138950715e-03,-3.390300971250638246e-03
-7.857671816128866671e-02,1.121338333012707356e+00,5.268562199713485716e-01,1.208393161956241788e-02,-1.541272429032484667e-03,-3.153077899851229344e-03
-1.086816543231776816e-01,1.228017074040900880e+00,5.127492965723097207e-01,1.256596839105540882e-02,-1.056602292610704999e-03,-3.198368140355336772e-03
-1.011533537024323359e-01,1.231931475354406835e+00,5.227575693034787196e-01,1.288835483344721519e-02,-1.359488330488314509e-03,-3.377530482826990310e-03
-9.918908687380806333e-02,1.199013349920242222e+00,5.373773772581182939e-01,1.263236174595155220e-02,-1.251737024027107723e-03,-3.126985530848385743e-03
-8.595922512072610988e-02,1.195956298252939254e+00,4.857330308598798441e-01,1.218232091100255633e-02,-1.649787247467553175e-03,-3.461580735186542846e-03
-5.006509167106479308e-02,1.225578209959753417e+00,5.238404668596725600e-01,1.253501435009505421e-02,-1.254379960632684421e-03,-3.709405018067362964e-03
-3.524978752711330210e-02,1.231515750428918921e+00,5.033665534822546750e-01,1.272321832539960451e-02,-1.742532611281334340e-03,-3.316094942645294186e-03
-7.882195390517951483e-02,1.215355346730905284e+00,5.378435081705572607e-01,1.264080327509968169e-02,-1.407198329816387872e-03,-3.223945649312433877e-03
-6.334748958937122532e-02,1.231451467445930703e+00,5.496527952605400058e-01,1.310378059938732340e-02,-1.354775034766241004e-03,-3.227992569067699054e-03
-7.089421895987131628e-02,1.167314453457350742e+00,4.956698564225682224e-01,1.226140874422526963e-02,-1.541773082467447556e-03,-3.132889824330004243e-03
-1.193327837442632738e-01,1.166338298799539874e+00,5.186238501045011828e-01,1.221613272095205260e-02,-9.223866379187359299e-04,-3.246850289395370424e-03
-4.505816640271920193e-02,1.192083547396552978e+00,5.224807893944409809e-01,1.246317240558016820e-02,-1.645488691059342201e-03,-3.392049914389271611e-03
-2.622275937400403434e-02,1.160059171670096534e+00,5.060563576502772332e-01,1.218799089595522418e-02,-1.954695594689101132e-03,-3.424858438550218084e-03
-4.576498688744479182e-02,1.252661622346348258e+00,5.454506314669382849e-01,1.294484415188695489e-02,-1.657503556607124381e-03,-3.703922435108906487e-03
-1.883891792729630588e-02,1.190519966149806264e+00,5.144176043876744764e-01,1.248220289504792767e-02,-1.867657701670145595e-03,-3.605249288392517806e-03
-1.190669080708930405e-01,1.223922337072682165e+00,5.516216192755063474e-01,1.255746847559907793e-02,-9.858657076532249125e-04,-3.112607773933765039e-03
-5.850352619617507632e-02,1.215714314150238451e+00,5.353216897869265134e-01,1.250932568969373784e-02,-1.236689643948372941e-03,-3.473146870935491133e-03
-9.155420065221853143e-03,1.148093718291589127e+00,4.980575217024457713e-01,1.188758092357545051e-02,-1.973017218746552642e-03,-3.448858158257512088e-03
-3.379389085299638884e-02,1.189017608848720320e+00,5.052853895236472104e-01,1.243826803274201628e-02,-1.381844728807202216e-03,-3.166123865533864486e-03
-2.370037890496468069e-02,1.177087915544440033e+00,4.981653024623305948e-01,1.233967502685257706e-02,-1.926441395920002603e-03,-3.650737692932915727e-03
-8.940451432898265105e-02,1.178709400139228869e+00,5.275009984603997726e-01,1.242955771471570062e-02,-1.061161160771387224e-03,-3.001927405404510030e-03
-1.124507688416056805e-01,1.231424055047565913e+00,5.707303569630530760e-01,1.314099333494057539e-02,-6.158838475560993175e-04,-3.045556425801506945e-03
-4.029610726750837424e-02,1.181194085483444844e+00,5.003080215989360591e-01,1.212527917524391756e-02,-1.927154750534570624e-03,-3.500953763545889500e-03
-4.119630088113890309e-02,1.163829890354374452e+00,5.183805494759359256e-01,1.237253773579602076e-02,-1.437886301183431692e-03,-3.486754846493968132e-03
-1.049827128017684075e-01,1.193905133183166933e+00,5.122670679274047290e-01,1.253496329880922702e-02,-1.191435552052044072e-03,-3.416807318105554922e-03
-1.304319873225818771e-01,1.216791608344340414e+00,5.346679155697370289e-01,1.223235015473991480e-02,-1.287367566504616853e-03,-3.068935894234413146e-03
-3.259368865870945764e-02,1.222651924580264060e+00,5.485482961608928454e-01,1.278236604482038859e-02,-1.855001798688705669e-03,-3.609303365199884994e-03
1.865352795691976873e-02,1.188259589271221550e+00,5.193062420538845370e-01,1.238699956697342924e-02,-2.310127938475238854e-03,-3.608507386653800504e-03
-6.694921666111655623e-02,1.190653053777321668e+00,5.463792522372236116e-01,1.241602473464488085e-02,-1.133446036709156307e-03,-3.169411512938682431e-03
-6.727053007660768746e-02,1.209849298635842230e+00,5.470270259719941519e-01,1.233996997983852206e-02,-1.373516745007540008e-03,-3.298919851418669492e-03
-4.769328618546353482e-02,1.210188389211932947e+00,5.268008461342368332e-01,1.267698180946234300e-02,-1.971443520987986933e-03,-3.388158667113950074e-03
-4.865649182202119727e-02,1.220519792671344028e+00,5.506998949932411236e-01,1.273052322813257239e-02,-1.420149552172178531e-03,-3.372291443377797501e-03
-6.348071905664656733e-02,1.216077893304536861e+00,5.190960761311605998e-01,1.227285278931566394e-02,-1.301028040995466650e-03,-3.429868861031871215e-03
-8.555487081197912791e-02,1.220685032593725960e+00,5.332019572491106807e-01,1.262332284174919397e-02,-1.068774908475135163e-03,-3.274743970621460040e-03
-5.611953123921312181e-02,1.164889193660980649e+00,4.997064955314930446e-01,1.208795713070621482e-02,-1.352175712288728598e-03,-3.140924174197596685e-03
-1.154758907473116131e-01,1.183924576752461988e+00,5.388738814489598683e-01,1.249394941865413292e-02,-1.012544660958493437e-03,-2.847908044021034771e-03
-1.616305732662576267e-02,1.180871312070654433e+00,5.193669826112325971e-01,1.222082501974527252e-02,-1.922357693412380872e-03,-3.388690895950645897e-03
-1.175414928182463292e-01,1.245780347635679464e+00,5.537223376282137677e-01,1.289051466657364226e-02,-1.073516018390891294e-03,-2.988292207243128506e-03
-1.353209954355055755e-01,1.172568878528958303e+00,5.426591560843565532e-01,1.261732286653136949e-02,-8.084164891290837596e-04,-2.546271040099451662e-03
-9.476225234227145244e-02,1.182172691885673865e+00,5.205813858492840396e-01,1.221952098377111773e-02,-1.120621663738035484e-03,-3.124779564687181401e-03
-9.414942302641049476e-02,1.214860713944788451e+00,5.333002754091636932e-01,1.252388389757747196e-02,-1.351311894876612921e-03,-3.249333967958341601e-03
-1.290835146925995436e-01,1.217454412521445706e+00,5.733951429683138423e-01,1.295583863489549979e-02,-1.079688120926082170e-03,-3.007865685187149831e-03
-1.861943480259434791e-01,1.239645946675524524e+00,5.662394419738848717e-01,1.282208796813796500e-02,-7.168632507311388513e-04,-2.739192232945326759e-03
-7.529517139135219472e-02,1.167862523964434462e+00,5.083927038756218542e-01,1.225037732648278331e-02,-1.467592845089463888e-03,-3.500762539388012698e-03
-1.123415326382213447e-01,1.165724086158985484e+00,5.078002257837249678e-01,1.242040891451531848e-02,-1.231080371688465444e-03,-3.012270794142596787e-03
-8.622841918518354964e-02,1.171134836692447667e+00,5.130119471212570836e-01,1.246188674423142490e-02,-1.339962350317582332e-03,-2.944855793082745872e-03
-3.208937390019334090e-02,1.184109896545625595e+00,4.953378344972214631e-01,1.201504723186426309e-02,-2.039815437463260439e-03,-3.497068466597678775e-03
2.748614861215015193e-02,1.128888241583927199e+00,4.969028427470904008e-01,1.163493467688484981e-02,-2.151925983297249892e-03,-3.743673308557321933e-03
-6.641859470123301357e-03,1.168646427789125086e+00,5.024676784493475878e-01,1.199912623564320518e-02,-1.857998551424277361e-03,-3.287191775094442259e-03
-7.483737897398611005e-02,1.161941871497059520e+00,5.331383148579339482e-01,1.237395144318440519e-02,-1.328131866551925458e-03,-3.142553872708269119e-03
-8.334968108495308114e-02,1.216105431031817341e+00,5.016765947236038192e-01,1.251050643459202666e-02,-1.595639486083473210e-03,-3.270279480610802526e-03
-1.045194027481079896e-01,1.227284488570010268e+00,5.293092353419216467e-01,1.277709043401170121e-02,-9.071489618319439341e-04,-3.086787309750798486e-03
-1.081670733038299498e-01,1.203531806978643814e+00,5.775856902178333474e-01,1.284448730180944714e-02,-1.444027552243355716e-03,-2.960820621038689083e-03
-1.070187665772794477e-01,1.211270871167233976e+00,5.234870751803928357e-01,1.249822545795395076e-02,-7.143508433548224901e-04,-3.266309071979633851e-03
-9.526796030088233169e-02,1.196696623399605031e+00,5.386341090151537392e-01,1.247284551269194769e-02,-1.108945451395873874e-03,-3.183347671116540812e-03
-1.010235213100655199e-01,1.233138650946439263e+00,5.169606750563257025e-01,1.268442404869863163e-02,-1.351459235268154951e-03,-3.065598644707040032e-03
-8.564638477671129846e-02,1.170768214745848024e+00,5.090972915665917808e-01,1.184452440299865565e-02,-1.098814584521006291e-03,-3.413611415571782704e-03
-1.194811468545768085e-01,1.137903441500005108e+00,5.174434705425046133e-01,1.203587947695046456e-02,-1.012048280675317824e-03,-3.223447425932847964e-03
-2.317966574247487532e-03,1.168953190414438570e+00,4.927490175219518820e-01,1.189473596645978029e-02,-1.773836728103529714e-03,-3.857225689696799388e-03
-6.913020870947628183e-02,1.178222326743839865e+00,5.439132486258226873e-01,1.253278867352704620e-02,-1.340564199771148227e-03,-3.441139475097770763e-03
-2.616036334178867273e-02,1.161722329128810349e+00,5.213335138952366332e-01,1.224608654798496100e-02,-1.721233795802848063e-03,-3.223917085703545578e-03
-1.014745292813153260e-01,1.177796910369429462e+00,5.301226206072598979e-01,1.241552215453919396e-02,-1.212005636986349458e-03,-3.162889581275716254e-03
-4.289661105479758429e-02,1.160899009204116483e+00,5.177756852283577071e-01,1.219583264699990871e-02,-1.429338228956703039e-03,-3.699091451681262976e-03
9.709480304525508476e-03,1.166705845250491258e+00,5.199192258557258084e-01,1.183468053690085731e-02,-1.787144212907928326e-03,-3.839479279538638139e-03
-7.580741833143034292e-02,1.205621130618522274e+00,5.520249657359816986e-01,1.265989203447219491e-02,-1.342218408149353781e-03,-3.439191059526264856e-03
-5.787971379930750837e-02,1.206254499974072525e+00,5.035487313046985713e-01,1.226443381718651804e-02,-1.494175517901994224e-03,-3.569765986535516824e-03
-6.995347864312312369e-02,1.128065205151349337e+00,5.176807387855084652e-01,1.201315629601711760e-02,-1.418059039933630347e-03,-3.074533844222774540e-03
-6.560608423681660306e-02,1.169112908159634978e+00,5.542466741268192720e-01,1.197886555651840428e-02,-1.180481931392201797e-03,-3.521783325487700279e-03
3.785364365394530695e-02,1.179616332795379030e+00,4.837431054373552142e-01,1.210075210523384528e-02,-2.106907662198967413e-03,-3.848557629470472120e-03
-3.965401390360681622e-02,1.224424124143105752e+00,5.340178897926053381e-01,1.276713201624727310e-02,-1.803990235783259344e-03,-3.500009537115737410e-03
-1.006792075513459894e-01,1.175802234321585038e+00,5.232826080654761070e-01,1.220742143934866290e-02,-1.229948931258205772e-03,-3.244184517820600418e-03
-5.331369212663630841e-02,1.174823057039360519e+00,4.923694381733404457e-01,1.214220113380821975e-02,-1.471315016736689241e-03,-3.536863581057113782e-03
-7.320066704762287491e-02,1.173843323097641722e+00,5.268386936958844302e-01,1.232958041161368382e-02,-1.275933534623572771e-03,-3.248606396678313697e-03
7.155746651745997777e-02,1.114009574006409986e+00,4.553696525340035217e-01,1.125626454098380136e-02,-2.101622150138279452e-03,-4.250453302702390454e-03
-6.499349508415085130e-02,1.226491410427854589e+00,5.310609848267601185e-01,1.278918237430059883e-02,-1.445075799766094155e-03,-3.429726298987031009e-03
-5.591411291263578831e-02,1.198989731904282596e+00,5.212218796957996947e-01,1.223127922260074107e-02,-1.477899899706317660e-03,-3.361544867233416320e-03
-4.401173150650355970e-02,1.173659258925055182e+00,5.099650058375964079e-01,1.234791388388863966e-02,-1.429671622714389148e-03,-3.447008088194329547e-03
-6.397408553081426752e-02,1.138576206501577426e+00,5.557612077338517365e-01,1.203716769529207357e-02,-1.178941617363054098e-03,-3.279487415313507744e-03
7.752277332476825711e-03,1.173093308060459972e+00,5.052829382170791472e-01,1.201063307619919598e-02,-1.802800136983796070e-03,-3.630764690350399108e-03
-2.106520817942628132e-02,1.162784702305733386e+00,5.079464071666808245e-01,1.221950460280128714e-02,-2.015713513792349518e-03,-3.639316095252600591e-03
-7.809890724306597920e-02,1.195738831048541506e+00,5.137111345567524356e-01,1.249269325107631515e-02,-1.191686859133418014e-03,-3.530988548499543623e-03
-5.121244613839948112e-02,1.159848230229072907e+00,5.197844606145064494e-01,1.220762287913916555e-02,-1.463233617570626130e-03,-3.516676350627754525e-03
-6.574319971115333283e-02,1.211548503441370883e+00,5.135765590979364248e-01,1.223119720257608185e-02,-1.059508936950991423e-03,-3.528733459427272311e-03
1.252032766775790229e-02,1.155463576614209176e+00,4.989663464412703586e-01,1.184302884596021531e-02,-2.079933162607508143e-03,-3.845355158555031037e-03
-8.755448567832826989e-02,1.247433794818151087e+00,5.368578814843412150e-01,1.278366847149041072e-02,-1.165455805046794122e-03,-3.464233099518920170e-03
-1.726995104711834261e-02,1.191516260257136084e+00,5.286141959302773641e-01,1.242952716915215854e-02,-1.724534009431828371e-03,-3.557750530810000270e-03
-1.490766326772034744e-01,1.246342537606983658e+00,5.746154903810980485e-01,1.301144556409153039e-02,-8.589601524167274349e-04,-2.779404583661171119e-03
-6.397824817108198336e-02,1.201900110113280018e+00,5.298137351779599324e-01,1.229274806868527366e-02,-1.517775359777453342e-03,-3.030182178182145008e-03
-1.789883561813795931e-02,1.195869855716221064e+00,4.977531287465375431e-01,1.246213267013927470e-02,-2.084002623812876084e-03,-3.617591917990230568e-03
-6.721149460714534452e-02,1.227425934349238190e+00,5.085149325963207456e-01,1.280797422989293603e-02,-1.742473554383472747e-03,-3.374537672573619564e-03
-1.138823545524239034e-01,1.161093585696863162e+00,5.241055872350570688e-01,1.229292839329744480e-02,-1.130370432905597119e-03,-3.214553468876496425e-03
-1.948458304329601376e-01,1.249391784333897526e+00,5.769998562218939808e-01,1.272984706180116908e-02,-3.913433290593272551e-04,-2.933486422795855524e-03
-7.266901041118145610e-02,1.212151311034872947e+00,5.408380488270815301e-01,1.256449628067699692e-02,-1.459125605455753594e-03,-3.085469924812321747e-03
-1.645007199692735678e-02,1.150442271806717542e+00,5.144028083191977130e-01,1.188679684609852960e-02,-2.079479142548985166e-03,-3.503396303696251941e-03
1.961976453231162321e-02,1.135590444029143997e+00,4.981312635563994728e-01,1.179536603987173943e-02,-2.143622543266313421e-03,-3.459824412852985538e-03
-9.978510293525928720e-02,1.235085106466183857e+00,5.341126628402856902e-01,1.276294260981456624e-02,-1.383068386554740792e-03,-3.057695429188401429e-03
-8.448811156881920470e-02,1.204711343365071130e+00,5.227885232563767026e-01,1.250979575712432915e-02,-1.334195850578250020e-03,-3.307456650033641782e-03
-7.679244827355301284e-02,1.264949718504856602e+00,5.547327151810187429e-01,1.302739762169700423e-02,-1.398883854963898360e-03,-3.184714713872750791e-03
-2.773077031612978804e-01,1.268936824439691691e+00,6.089668360530023916e-01,1.319490212704923712e-02,7.957086268747630420e-05,-2.372025477954698217e-03
-1.606050878724081810e-01,1.221916816293977082e+00,5.262417118990243559e-01,1.247567246133379944e-02,-7.517123084203724409e-04,-2.693631756679911587e-03
-2.338377473969921461e-03,1.084287814945686712e+00,4.841209884752397663e-01,1.135696888013216360e-02,-1.854290119771850182e-03,-3.519473524998211096e-03
-1.107947381440776424e-01,1.221732738138381791e+00,4.997571856013562908e-01,1.236358288290513932e-02,-1.241227997789258464e-03,-2.866848276842527167e-03
-1.544441997388962817e-01,1.196919113620492192e+00,5.646612403216852982e-01,1.248007505655219715e-02,-6.091193041177309780e-04,-2.917923675975425592e-03
-2.111218402565106511e-01,1.244135336728507735e+00,5.613414067080984005e-01,1.308798076450815029e-02,-3.833846260716186616e-04,-2.769277838390452225e-03
-8.408135710883414549e-02,1.193468202190347771e+00,5.311396299759227890e-01,1.217434433435299508e-02,-1.207769561471255804e-03,-3.096359923536867124e-03
-4.638682723064713187e-02,1.203362728042635554e+00,5.029383236645129651e-01,1.255656892532124383e-02,-1.625902349721181084e-03,-3.478005873437179079e-03
-1.583664450279955171e-01,1.242398747048921059e+00,5.477882806732480292e-01,1.297029284342694593e-02,-8.608799990841280864e-04,-3.356943537682276994e-03
-2.853663250030169518e-03,1.197653164109006463e+00,4.785359255547486645e-01,1.225167222486183739e-02,-2.425790783846880350e-03,-3.639960652733811690e-03
-1.664577646003971567e-01,1.227806657701790316e+00,5.668341326141184133e-01,1.265506363439683653e-02,-5.291112673852585435e-04,-2.911455390090480610e-03
-4.507268328291672010e-02,1.162794523382271628e+00,5.035396560517300113e-01,1.196879012146654514e-02,-1.667032483034448093e-03,-3.566779600393395113e-03
-2.319565419976352127e-02,1.207876515150685615e+00,5.102316008420172411e-01,1.211827349449613733e-02,-1.810102179862228475e-03,-3.758238652244058793e-03
-7.640748105408622093e-02,1.192689257733573038e+00,5.317699816885914643e-01,1.265396128545092508e-02,-1.576641607720388055e-03,-3.331954445294092217e-03
-8.192990453017506836e-02,1.132086030139614952e+00,5.247837599700958533e-01,1.185168679521258171e-02,-1.208127734905087985e-03,-3.343159871154089031e-03
-3.864265913243689066e-02,1.194531239785633359e+00,5.243492543140831907e-01,1.235526594900632040e-02,-1.449274780835877255e-03,-3.513493170061882456e-03
-4.684797904864684837e-02,1.193193390696285050e+00,5.262409652348016831e-01,1.234122550461872261e-02,-1.463152049709095029e-03,-3.417135617049582835e-03
-3.409901805892401327e-02,1.141783854758128713e+00,5.102236856158880451e-01,1.217161148382073406e-02,-1.821937569816696467e-03,-3.102113090912315529e-03
-1.152444907924789347e-01,1.234062626013134212e+00,5.413650793695540253e-01,1.289581597898689300e-02,-1.302576462337863908e-03,-3.398677404935824143e-03
-1.049887922230473003e-01,1.203781375955703448e+00,5.426860847792714937e-01,1.223490866014895380e-02,-9.331511610175952098e-04,-3.569153030386203792e-03
-7.696123545307638480e-02,1.177567878108222832e+00,5.571360819004267384e-01,1.218789034438838396e-02,-1.087194442343526052e-03,-3.231411438441474104e-03
-7.496942879390065817e-02,1.234049517331490931e+00,5.317705072592155968e-01,1.229088068668018029e-02,-1.335877492675361516e-03,-3.473339713483313863e-03
-1.251143364271711800e-02,1.186039417703715237e+00,5.172264697927471122e-01,1.233570363166733644e-02,-1.753323393567448804e-03,-4.156171625670163419e-03
-5.830708202145452879e-02,1.216543817347770728e+00,5.262875909781128403e-01,1.265145663855816484e-02,-1.622661133745083653e-03,-3.402352313995858375e-03
-1.237674216171538999e-01,1.238193400888703222e+00,5.595864560794765463e-01,1.271600647546681888e-02,-8.496207538603202380e-04,-3.088996017439469676e-03
-3.307964399745394468e-02,1.198842067482951856e+00,5.437402871388304915e-01,1.243974408858729286e-02,-1.456766908961125082e-03,-3.565440109524618990e-03
-4.542190921763511469e-02,1.156077447486023146e+00,4.997990699707393070e-01,1.221969014287012725e-02,-1.701529186833618257e-03,-3.607308281618187579e-03
-9.455486570175562766e-02,1.149735371642895743e+00,5.191687688098132192e-01,1.218309603709440136e-02,-1.056010439450453045e-03,-3.039216782842037255e-03
-4.414655500057332316e-02,1.113676293433772058e+00,4.869099797079814440e-01,1.175176635233763506e-02,-1.447763061326988107e-03,-3.695092240036854624e-03
-9.275083142363371724e-02,1.265545224327796481e+00,5.682906346329461567e-01,1.297123736831475027e-02,-1.119231021654778710e-03,-3.238087379975251520e-03
2.195452351042131989e-02,1.208285489099983678e+00,5.172246004795011398e-01,1.213985560474874215e-02,-2.066410980411322734e-03,-3.650918076564900645e-03
-1.299997061706054113e-01,1.229025225074541039e+00,5.221108389316788667e-01,1.257470610226411878e-02,-8.566487408715097590e-04,-3.352100920162350613e-03
-8.711500819919255900e-02,1.180360752859150208e+00,5.414694604585285065e-01,1.242815084384814653e-02,-1.023372322166893680e-03,-3.023184721099418833e-03
-9.424311507451574310e-02,1.205483954477394315e+00,5.251324454475745362e-01,1.219802924403191532e-02,-1.251742123628059311e-03,-3.307641458741081633e-03
-1.453938780273814901e-01,1.213851697762343029e+00,5.485966342149841690e-01,1.229090739829519045e-02,-5.704454570896622806e-04,-3.054519761534576616e-03
-1.017794454082977529e-01,1.271795604851493344e+00,5.401599383204100935e-01,1.271412327673102256e-02,-1.218371360970360584e-03,-3.361225608464616602e-03
-4.063356791103381327e-02,1.168644351845979701e+00,5.033703867032310875e-01,1.237599862766370143e-02,-2.116060543457814677e-03,-3.543367081093829959e-03
-9.820825780835368279e-02,1.167564620871727410e+00,5.242525049552773098e-01,1.274274556598423494e-02,-1.457881403023195827e-03,-3.172957361860026873e-03
-1.400528670733458825e-01,1.166542985545807154e+00,5.646228821668112241e-01,1.254991032629034983e-02,-9.636524765120890734e-04,-2.885528644278676901e-03
-7.329813344687460819e-02,1.193841700052278521e+00,5.332171605268288817e-01,1.226633455225585936e-02,-1.568825381291539395e-03,-3.036491199003450540e-03
-6.248146398551827907e-02,1.182261986873097470e+00,5.458505168744747227e-01,1.224130649388150555e-02,-1.083583573162173047e-03,-3.340183397151881301e-03
-1.232271630629664938e-01,1.210064532429451889e+00,5.384719284082318813e-01,1.295470775039324687e-02,-1.290623709751944140e-03,-3.187939920735986029e-03
1.653384046237799110e-03,1.127077705205975056e+00,4.943033298979604417e-01,1.213960233983103071e-02,-1.821043698185356371e-03,-3.317487351106925258e-03
-9.776259294714718939e-02,1.221891448015694603e+00,5.477124308765400906e-01,1.240771413775907175e-02,-1.053566780081800075e-03,-2.892229089278584592e-03
-2.873811517686593042e-01,1.328586913857384921e+00,6.236518797877318443e-01,1.339247373202641367e-02,5.468216845768269357e-04,-2.215781526139640537e-03
4.146575798434279370e-02,1.137255001235440766e+00,4.427220097451927128e-01,1.108889418937092017e-02,-2.139225395004561853e-03,-4.252721367625242853e-03
1.098494086260645708e-02,1.182406967008934329e+00,5.381207722373978486e-01,1.238945517284874807e-02,-1.909826180096970208e-03,-3.648829653656382194e-03
-4.586594001370716822e-02,1.263099615407199838e+00,4.700824500401464823e-01,1.278767309504363382e-02,-2.043378953894649241e-03,-3.532597298723239455e-03
-1.865110567429888178e-01,1.220244859346546917e+00,5.890973890289190606e-01,1.279112146831974488e-02,-9.912608399127893766e-05,-2.657418416171949266e-03
-2.264051509819738073e-01,1.274561549907855307e+00,6.052863180648753172e-01,1.381956092557034242e-02,-2.677387153749259674e-04,-2.601095434363229295e-03
-1.004155283265084908e-01,1.196960424161088943e+00,5.318840830226451155e-01,1.279607486386405250e-02,-1.301045224661200039e-03,-3.019183634399523735e-03
-1.902623171452781647e-01,1.196249452033288918e+00,5.879506207153835096e-01,1.320912916419633709e-02,-3.978276461531014135e-04,-2.088708584225553670e-03
-2.959990078974239491e-02,1.239883431089386034e+00,4.992940699135729465e-01,1.212031164208102890e-02,-1.808779427360516709e-03,-3.402163586947554944e-03
-1.250974255691141013e-01,1.255901030360558002e+00,5.754997327587348943e-01,1.303327546129730632e-02,-9.998938474674763655e-04,-2.876120370121016973e-03
-1.364402565845765358e-01,1.233760834222636715e+00,5.336655301342357882e-01,1.304336072235135792e-02,-1.186552241948669872e-03,-2.897027815727579170e-03
-4.681658552034495546e-02,1.154816091244595944e+00,5.176081261263860700e-01,1.204198503891764672e-02,-1.272465722373300467e-03,-3.496452896538809925e-03
-1.213217567265236496e-01,1.216059294305432470e+00,5.859003665878220746e-01,1.288849415257481770e-02,-7.341484697683826194e-04,-2.813828788495705783e-03
-1.114501170938587693e-01,1.196451319840028393e+00,5.230511228921769229e-01,1.245207736333060061e-02,-1.154020839803052145e-03,-3.030751870575130145e-03
-9.574050025249666862e-02,1.280059525700369960e+00,5.380952665273466273e-01,1.325224764808645775e-02,-1.456139043397490854e-03,-3.258669170437141025e-03
-1.249405940587086372e-01,1.200400505700112364e+00,5.467422272875198663e-01,1.266242288130378299e-02,-1.576783602305925625e-03,-3.112686931173223957e-03
-4.646139797711379416e-02,1.248514771813180158e+00,5.121137577787158168e-01,1.235204454858069949e-02,-1.742944004680302764e-03,-3.447194596894194874e-03
-7.723993581660568153e-02,1.240913302299029297e+00,5.514609144125947049e-01,1.245458071900298197e-02,-1.235504445179124583e-03,-3.651984638252729360e-03
-4.861295893431807902e-02,1.220419541788412499e+00,5.099551295535112994e-01,1.229482358606675228e-02,-1.456425464365791386e-03,-3.663345874183987928e-03
-1.695110628902635475e-01,1.282845699842589227e+00,5.668826629570095088e-01,1.368444324953572121e-02,-9.313097219763831480e-04,-3.033941168626440137e-03
-1.213558361279345188e-01,1.180740709626627138e+00,5.434205431352620019e-01,1.277650063907928915e-02,-9.338456842448994433e-04,-3.032755126912835969e-03
-1.022153057912609658e-01,1.203158456331794968e+00,5.207008200766297668e-01,1.325828199839780043e-02,-1.270586754982663824e-03,-3.066686356301856400e-03
-5.835182840230052070e-02,1.166152553603585940e+00,5.016216056426627823e-01,1.234307491911208407e-02,-1.151984240513704433e-03,-3.419539784143790784e-03
-5.360205749714445911e-02,1.185190027795752110e+00,5.497717981418748234e-01,1.237946827888847419e-02,-1.163314667146022816e-03,-3.422204515384520522e-03
-1.072519907313493476e-01,1.229363300547837268e+00,5.365638512968697871e-01,1.343895089691126039e-02,-1.309294285229547355e-03,-2.889939994119490509e-03
-1.656853072072750066e-01,1.243482496811056714e+00,5.469604346312235688e-01,1.279710519429151996e-02,-8.250269799714299301e-04,-2.722383738626888913e-03
-8.623472000885258615e-02,1.234031865676323392e+00,5.511921447812587749e-01,1.190765357359413641e-02,-1.231968319434197795e-03,-3.351045730266188211e-03
-1.355277485478298405e-02,1.224405638744601177e+00,5.284691251286599556e-01,1.200554975039724165e-02,-1.604852766004308956e-03,-3.808333641555372313e-03
-8.217696749846782611e-02,1.213005593754214573e+00,5.106582293994763599e-01,1.301028804019589008e-02,-1.445271494451984273e-03,-3.623535431708237511e-03
-2.963893065496536749e-02,1.225706354552281940e+00,5.159530632841695663e-01,1.275781143072915458e-02,-2.404414659705700341e-03,-3.245127406812354631e-03
-7.524404562226059967e-02,1.141728930768561856e+00,5.133456233004338731e-01,1.193137573412862522e-02,-1.462947201459011831e-03,-3.259003016716434126e-03
-1.735059089435232182e-01,1.228685821052402094e+00,5.696281866955764661e-01,1.307835710919585254e-02,-6.726347599370786218e-04,-2.567241590647685329e-03
-4.562751418254343272e-02,1.178660531660221222e+00,4.555922207941138780e-01,1.200142678060995421e-02,-1.970062435955318575e-03,-3.486224863182222321e-03
-1.822400540318788176e-01,1.274032973051631101e+00,5.918165849141130419e-01,1.358680109934138312e-02,-5.789751992275830178e-04,-2.573384112623971955e-03
-7.597384460999516420e-02,1.172479144982145449e+00,4.924081445467373142e-01,1.217949738776261288e-02,-1.514126208510187602e-03,-3.203610200717492505e-03
-6.441475223329418132e-02,1.177736165481909181e+00,4.917619591626638531e-01,1.187144806872302352e-02,-1.792897883324965150e-03,-3.443703292888518341e-03
-1.749774913390609588e-01,1.262039359777212155e+00,5.835659341193470961e-01,1.290273478367649773e-02,-2.743471199364716506e-04,-2.817038511176035535e-03
3.912733028662129797e-02,1.149392157001299930e+00,4.903972215388409106e-01,1.164195700521036478e-02,-1.880663870146560140e-03,-4.135238915812239693e-03
-8.151217514748412829e-02,1.187104990483367262e+00,4.929056554109101373e-01,1.274615120231961662e-02,-1.452194606954450642e-03,-3.172151546477445117e-03
-7.481615308126572661e-02,1.186915928436145462e+00,5.301903016382368827e-01,1.255092364432780494e-02,-1.452750776266305624e-03,-3.181369185880460627e-03
-3.881953944919272481e-02,1.176429673020488620e+00,4.910435839617498521e-01,1.248149095729821946e-02,-1.983057865712806872e-03,-3.411398664221431277e-03
-1.114782114912969829e-01,1.276913751687282161e+00,5.505483838975908650e-01,1.310785275001753042e-02,-1.183433366044055537e-03,-3.291223495239213159e-03
-3.992351571581131964e-02,1.153064016903621480e+00,5.081577947268620665e-01,1.221889198545834075e-02,-2.003641099898102393e-03,-3.477684605207772769e-03
-1.382633416532765835e-01,1.206978202731781025e+00,5.478145132980435372e-01,1.244397843510652163e-02,-7.410090775052894513e-04,-3.130390039765387419e-03
-4.632258688591534002e-02,1.206783322043647244e+00,4.990536025430716283e-01,1.201687496090601132e-02,-1.852158007586273206e-03,-3.196369925870023998e-03
1.277489554607885713e-02,1.183889506567701977e+00,5.023321185412948919e-01,1.170589871737808679e-02,-1.942844273472408775e-03,-3.874017778575885619e-03
-1.975453991450490665e-01,1.322590926728004934e+00,5.774634979152846181e-01,1.312146540663664852e-02,-5.096608853222116958e-04,-2.731264943923330298e-03
-2.074100471973214788e-01,1.271268364537123441e+00,5.923830311922479996e-01,1.343226519230936861e-02,-4.598618832201382955e-04,-2.576873361208455431e-03
-7.971049657413195599e-02,1.214892635641509067e+00,5.034825369705743237e-01,1.276577668730646299e-02,-1.759651274390221579e-03,-3.016157244169250136e-03
-6.257108679011037788e-02,1.168093225106009658e+00,5.460057390981509773e-01,1.290088776062796663e-02,-1.531799228528822956e-03,-2.995226132585971854e-03
-1.442146976018305882e-01,1.221228554138737321e+00,5.366975496523548328e-01,1.268252158306186136e-02,-5.790571033339724644e-04,-2.801394158378218112e-03
-1.461136203635672037e-01,1.245228225945349765e+00,5.699819540519021066e-01,1.276163408238248365e-02,-9.456591777053432318e-04,-2.702714493418423031e-03
-1.091043611114558692e-01,1.240481454932726546e+00,5.582135133895068657e-01,1.251507426052073969e-02,-9.277709138792895882e-04,-3.311139251260384296e-03
-1.278543044110108107e-01,1.198166058006141066e+00,5.513173944012423888e-01,1.279551211154999688e-02,-1.150176220949155823e-03,-2.921893709195401249e-03
-8.856299262044244058e-02,1.183018384280545954e+00,5.153441951107456953e-01,1.201016566480898884e-02,-1.285291758838996018e-03,-3.075080262869347818e-03
-1.629671290422981256e-01,1.232253354575894466e+00,5.632893535736480661e-01,1.236870637825074684e-02,-5.468139377778433868e-04,-3.133023640201755729e-03
-1.746422219510703755e-01,1.283297624151668925e+00,5.822078060542137390e-01,1.335686369751170992e-02,-7.458516765171119278e-04,-3.166057233039152544e-03
-2.411379555805987507e-01,1.246433599218682797e+00,5.734320160411791045e-01,1.303490129745615844e-02,-1.305062363064959235e-04,-2.605611303403850953e-03
-1.047957719901573270e-01,1.189298657689972005e+00,5.531159907728665504e-01,1.282033466982883049e-02,-1.668574386571763241e-03,-2.976533207883525021e-03
-3.103279902516034583e-02,1.177558748912160835e+00,5.230605391698830431e-01,1.233979335243361002e-02,-1.899270822112351931e-03,-3.222033196687861326e-03
-1.558879666172921508e-01,1.215821410538460157e+00,5.786504107942379571e-01,1.293805025165090626e-02,-6.389777344975536982e-04,-2.908829505774204998e-03
-1.696376705716740596e-01,1.203549613949717045e+00,5.583624983212666093e-01,1.248182534787238042e-02,-8.592396581483356666e-04,-2.588383865064130662e-03
-7.387919734469432231e-02,1.215731749135520179e+00,5.158159968032908216e-01,1.220210904220863507e-02,-1.393459684697393938e-03,-3.305074632773691377e-03
-5.527426323216901027e-02,1.285742561806980877e+00,5.659872399986387581e-01,1.368105363022842531e-02,-1.478192687158817395e-03,-3.330183604280156744e-03
-6.454795876865582205e-02,1.192540740891865791e+00,5.614696467556092863e-01,1.301087984199254463e-02,-1.201528651699979022e-03,-3.010216284141625179e-03
-1.079634306819100137e-01,1.154584555414712277e+00,5.412838937160192598e-01,1.208341933146396714e-02,-8.099404723867810463e-04,-2.957659270950454417e-03
-1.160148948541585429e-01,1.227163441732992410e+00,5.420384568839327066e-01,1.214079082140201958e-02,-1.017087657997994485e-03,-2.916628081721587065e-03
-6.192071839608408179e-02,1.186808600089712895e+00,5.294924966129199717e-01,1.279476435415396497e-02,-1.647818803723832826e-03,-3.349890930613103404e-03
-8.179161509994838097e-02,1.215226544590839675e+00,5.400948295120803211e-01,1.369691731491449321e-02,-1.761518572495079232e-03,-3.119465295008245348e-03
-9.102369303557557301e-02,1.188707684762956962e+00,5.326005351185569836e-01,1.266786511745599843e-02,-1.399286772114252328e-03,-3.039466869696908456e-03
-1.227834656603386948e-01,1.184696287922265112e+00,5.430511645017223055e-01,1.206346965916769987e-02,-9.382353993692867100e-04,-2.948020987857491101e-03
-1.847198796130817000e-01,1.285612769326699212e+00,5.756263473434377609e-01,1.261468826128498040e-02,-6.369147669010987584e-04,-2.856964897596536192e-03
-7.009904592743182450e-02,1.117427104075741751e+00,5.534939452499174628e-01,1.258541376590877406e-02,-1.402229685299113959e-03,-2.889441586570378612e-03
-5.012745241276717056e-02,1.207736994745720160e+00,5.162604806362334209e-01,1.319289299834949282e-02,-2.170427191850610865e-03,-3.242186471181260441e-03
-7.109880623591599558e-02,1.202617407479974032e+00,5.420076376006167651e-01,1.271815712595680652e-02,-1.229796126429040862e-03,-3.429604927917152563e-03
-1.594118608691381667e-01,1.307508885193744419e+00,5.574936271990682535e-01,1.295061662257882343e-02,-5.701608575342659302e-04,-2.957092367133175130e-03
-1.266185736676032347e-01,1.242281465774759841e+00,5.453540169446554620e-01,1.219062865390000902e-02,-1.055425414037372556e-03,-3.294157105465962167e-03
-9.717280783900593411e-02,1.196070316237136000e+00,5.397882028646057151e-01,1.279252962035391100e-02,-1.098969307128508377e-03,-3.166648947362894935e-03
-7.259416175664251680e-02,1.221861067777163301e+00,5.366049243975431482e-01,1.272709995740019251e-02,-1.864554642674688678e-03,-3.217860015035677902e-03
-4.118006664578161002e-02,1.264495983054508832e+00,5.300417798912384626e-01,1.304961120627685586e-02,-1.682799015875563464e-03,-3.672679029931767876e-03
-1.473174811146052421e-01,1.227679151296886539e+00,5.791985013715407193e-01,1.338593645842790086e-02,-9.428502286279727418e-04,-2.668259131202616562e-03
-1.028751500728432577e-01,1.194498109982468526e+00,5.203981033673439338e-01,1.305356689797545870e-02,-1.640662471324185606e-03,-3.000683151594769806e-03
-1.231229239973873624e-01,1.172276034559738278e+00,5.414402603479500087e-01,1.291647155076895703e-02,-1.307446873612314736e-03,-2.634234561568331388e-03
-6.613797634060344932e-02,1.208610591192146977e+00,5.528217767529470805e-01,1.243180401343965680e-02,-1.146236695599510413e-03,-3.431137126721973529e-03
-5.608829859230113346e-02,1.214455980977056315e+00,5.204393701651979232e-01,1.290191887268149831e-02,-1.490435010198746385e-03,-3.209343156837475217e-03
-5.214371698647554676e-02,1.231549127353053885e+00,4.805136030479550957e-01,1.227761702266805949e-02,-2.097406778841903741e-03,-3.415360512149335625e-03
-6.325843965626617993e-02,1.177143861159365867e+00,5.348433029887866841e-01,1.185739154216970508e-02,-1.346054887557983012e-03,-3.496466215107440264e-03
-7.752281202381040848e-02,1.208844806946290040e+00,5.479369472351444115e-01,1.244905924205940220e-02,-1.010761418685968485e-03,-3.442088536151000598e-03
-4.361578466587009983e-02,1.234531035872924454e+00,5.114886088098700156e-01,1.289676889346622404e-02,-2.083120971523856960e-03,-3.405154905083796184e-03
-8.185125610252405592e-02,1.194485732623597363e+00,4.928073928404522741e-01,1.203417976899830329e-02,-1.559038957494141703e-03,-3.177059240799677380e-03
-9.540589658296670661e-02,1.222753229948957854e+00,5.444860357522987027e-01,1.277412772856273068e-02,-1.334414089238858403e-03,-3.437912158374715251e-03
-6.936818172075809308e-02,1.227145013592744194e+00,5.087740976131347459e-01,1.258302424717003092e-02,-1.667526048351655049e-03,-3.366169158915921673e-03
-4.461338131738681878e-02,1.183205164635708906e+00,5.061886528412117281e-01,1.282372823684697384e-02,-1.997908283828444750e-03,-3.371456000062087160e-03
-8.338779018553012234e-02,1.215671828899562268e+00,5.629949090099763964e-01,1.247975186407326853e-02,-7.999576148263153053e-04,-3.368463724393695128e-03
-1.135766566245323267e-01,1.194568610093053707e+00,5.263341559172415307e-01,1.235222383702551212e-02,-9.532979181305686195e-04,-3.122274125305226668e-03
-5.592378164746042435e-02,1.218372999480232366e+00,5.087582260044036797e-01,1.276782756401700220e-02,-1.855649036538238594e-03,-3.161780099883790360e-03
-1.122909246458257404e-01,1.218080143648428315e+00,5.559797310139095172e-01,1.221127430605497069e-02,-1.057399454849144993e-03,-3.200581083283321297e-03
-4.387431456605850322e-02,1.193860435625241356e+00,5.186693393984036504e-01,1.230556849521793374e-02,-1.922237950587681737e-03,-3.186946613098069672e-03
-8.373601824860262000e-02,1.251456443289367559e+00,5.315987340707936104e-01,1.298815303373571269e-02,-1.134562462464549712e-03,-3.379877525043291711e-03
-1.992893374047871591e-03,1.171593553556359524e+00,4.817522936701501557e-01,1.250896804907308639e-02,-2.392420624181990085e-03,-3.505668132806285479e-03
-1.170380171691459276e-01,1.214699420561306420e+00,5.691343387958028854e-01,1.299464118958605641e-02,-1.237315827372180432e-03,-3.245890887718197535e-03
-1.091191129881937116e-01,1.223865555148995199e+00,5.436607876095654879e-01,1.298524786771169427e-02,-1.181365676024526482e-03,-3.264623109861118384e-03
-8.547402954065076719e-02,1.193861307348276446e+00,5.173152439833484939e-01,1.238904300152555288e-02,-1.431168662379828094e-03,-3.299636873407721036e-03
-7.831742740340547071e-02,1.224255360012749483e+00,5.363071196826117992e-01,1.235537460462306225e-02,-1.339062101551768968e-03,-3.458540719190601569e-03
-6.453023103645563752e-02,1.227606870398455952e+00,5.344777152853616986e-01,1.286593673491972720e-02,-1.317346630156762330e-03,-3.549469520643072033e-03
-9.792824951473280692e-02,1.245672572154511881e+00,5.506013290970137586e-01,1.278800266510123421e-02,-1.185414459961285291e-03,-3.243272589194003217e-03
-9.742617360349255240e-02,1.224270107782321038e+00,5.284311977968932927e-01,1.272658801378717675e-02,-1.296966081556029382e-03,-2.965998846371897986e-03
-5.845055948244365362e-02,1.196687782286389723e+00,5.145152323597893540e-01,1.191236110557203874e-02,-1.657686501970356135e-03,-3.613122099715377743e-03
-7.896309960088607194e-02,1.228304617725524350e+00,5.795593619610899250e-01,1.319556850700335376e-02,-1.088819367566317212e-03,-3.320690478174972548e-03
-5.057698121103271216e-02,1.214242416337619535e+00,5.167151436768673278e-01,1.321706849551171695e-02,-1.529070667596521896e-03,-3.428982262961177262e-03
-8.135943451083252342e-02,1.162688992597132875e+00,5.156820855354972144e-01,1.254004149317753704e-02,-1.329328244173573134e-03,-3.026593362945808122e-03
-5.065302954594289031e-02,1.218390387006667908e+00,5.330456335792150835e-01,1.270700930616174701e-02,-1.691688839979957337e-03,-3.299792539328987463e-03
-7.290413396251393952e-02,1.208857871311014520e+00,5.402232958393319295e-01,1.256111776288297739e-02,-1.420692654812396455e-03,-3.237770238960773102e-03
-6.273300665079872829e-02,1.217390919801048632e+00,5.330526472537928662e-01,1.263931174673705270e-02,-1.727885431139372652e-03,-3.163015039064107775e-03
-3.381912278944632089e-02,1.198992101976804836e+00,5.165188884088450783e-01,1.203627523266948690e-02,-1.870801289812455345e-03,-3.493155083308073939e-03
-9.807326413742130378e-02,1.208915825290291179e+00,5.613459541702046085e-01,1.261689154921244969e-02,-1.443581076692375745e-03,-3.032312824305963446e-03
-1.167600312565651721e-01,1.221928942044465227e+00,5.342814245131897177e-01,1.287600099926026163e-02,-9.980584498962465773e-04,-3.069462584129607763e-03
-8.640015940124556870e-02,1.206726284386223202e+00,5.235126775486523831e-01,1.280386178314032661e-02,-1.711832833336538601e-03,-2.884370477612610301e-03
-9.345297319860640384e-02,1.174588275502819634e+00,5.270046626058177974e-01,1.223060101859399680e-02,-1.164948352317798919e-03,-2.910815935894702205e-03
-6.417869689499314245e-02,1.179269178390925710e+00,5.431080533856050829e-01,1.269425935816403256e-02,-1.348570098089980906e-03,-3.580455774824525036e-03
-9.004255205372657667e-02,1.224305362254214824e+00,5.501971746857129419e-01,1.318180848998830659e-02,-1.234715189940288269e-03,-3.193462697988862231e-03
-5.953020777738265989e-02,1.168587134746832179e+00,5.032006559846770033e-01,1.177432050092540664e-02,-1.481659362368846489e-03,-3.251082217395882303e-03
-6.637700748578301280e-02,1.201469322136174522e+00,5.302918462760144447e-01,1.210173580846780721e-02,-1.357391834543225650e-03,-3.366606076933563538e-03
-8.394084727001897839e-02,1.237214017359920204e+00,5.363458817569166648e-01,1.273376294167014727e-02,-1.176642129763167538e-03,-3.357635888974171926e-03
-6.102189498747542795e-02,1.177827630831336236e+00,5.241648198695600946e-01,1.243445523331636673e-02,-1.445234739599409596e-03,-3.441105062742886699e-03
-1.171558717987495196e-01,1.205859977505071345e+00,5.622308534131468249e-01,1.329037885750068010e-02,-1.263566553226186037e-03,-3.038096212571923718e-03
-4.280216382253887453e-02,1.180869151938380712e+00,5.099642657476678442e-01,1.214827293824439006e-02,-1.753372619590012546e-03,-3.338301027070693025e-03
-6.725244825625235900e-02,1.190081616177430135e+00,5.316229655804798337e-01,1.277313798627435250e-02,-1.674087669485424881e-03,-3.059528281120590509e-03
-6.707302461348210731e-02,1.189335953300963755e+00,5.104263434127634946e-01,1.248539346156093272e-02,-1.879486817914742536e-03,-3.034510003132800254e-03
-5.489810437174430513e-02,1.174135385607702364e+00,5.492795010849492732e-01,1.224752786300894666e-02,-1.554347270901094286e-03,-3.251182604617211362e-03
-8.005630793210137541e-02,1.215421257476814842e+00,5.386381272401955522e-01,1.270080469916158757e-02,-1.277527677144472962e-03,-3.242114069399665201e-03
-9.047214407143504278e-02,1.200110680470142688e+00,5.580526728083922139e-01,1.216874495071090453e-02,-7.648100227488682096e-04,-3.219093150401846487e-03
-7.206836824233948946e-02,1.204844943014591996e+00,5.163543730921205110e-01,1.247348009991755199e-02,-1.396161084279631814e-03,-3.180935456624063833e-03
-3.087710678062347003e-02,1.190361210366565725e+00,5.343656080695716737e-01,1.241131115351324504e-02,-1.925243221977230093e-03,-3.275528564466878394e-03
-1.139632281604764513e-01,1.195465091148869785e+00,5.583273281745384509e-01,1.265005304857911954e-02,-9.891576419545182464e-04,-3.072999032622284084e-03
-4.900257926449402834e-02,1.177074319459294305e+00,4.992499228696191116e-01,1.210508309907791340e-02,-1.827499181537557346e-03,-3.087490558764594082e-03
-3.890063773137436565e-02,1.146205033536269458e+00,4.949909576165408831e-01,1.176956845632528420e-02,-1.652332327219795810e-03,-3.546755632520135187e-03
-1.036147552003887640e-01,1.214312907794649510e+00,5.430098553349028689e-01,1.287298558507267605e-02,-1.060893831252081310e-03,-3.047686194035877181e-03
-4.605884255544492878e-02,1.190234215649818017e+00,5.193260431402022537e-01,1.264763211033105399e-02,-1.894715211976845740e-03,-3.236588607944918677e-03
-8.891520440543460024e-02,1.208735736503659508e+00,5.304531593677861423e-01,1.253388857196634926e-02,-1.392262584388537575e-03,-3.261240135496215262e-03
-1.074999505249423920e-01,1.214634206654494397e+00,5.401624200976067325e-01,1.256107669514661129e-02,-1.224380152525855400e-03,-3.134778296486142018e-03
-6.981405588584815858e-02,1.149939299064173470e+00,4.940688204439422915e-01,1.195402634894165636e-02,-1.380743943406254406e-03,-3.408448505009127084e-03
-5.410418614184411834e-02,1.181277253800054217e+00,5.340790720185083496e-01,1.236036454081980950e-02,-1.502361745708478274e-03,-3.173080524668497014e-03
-4.858928910678655955e-02,1.181583268045551138e+00,5.326645173766165753e-01,1.241131413555044208e-02,-1.535389805841252953e-03,-3.225081610936366468e-03
-9.885963833363684006e-02,1.233503755895094534e+00,5.341311012542349079e-01,1.283295738421842171e-02,-1.207098562443735881e-03,-3.101177690184025483e-03
-9.777649070545697818e-02,1.199514274469485331e+00,5.027326252380956984e-01,1.244178646262642483e-02,-1.245271383053839567e-03,-3.275318526735020771e-03
-6.527260788430996885e-02,1.153745295489272626e+00,5.222783101494117286e-01,1.231514236522842157e-02,-1.572009931110824807e-03,-3.311959145296019310e-03
-3.506521503023160569e-02,1.175600522615910970e+00,5.298636335001324360e-01,1.229450250681447809e-02,-1.682685071998453810e-03,-3.129708224463362103e-03
-1.172859998362736911e-01,1.178248267358304346e+00,5.258929938180713082e-01,1.206346634379087956e-02,-9.899993753041073236e-04,-2.897286344164608923e-03
-1.097673217929135830e-01,1.219011662099819704e+00,5.649739155281519043e-01,1.273407703984992534e-02,-1.138301381177386079e-03,-3.124050684912025710e-03
-3.047542439978312423e-02,1.214590341016129615e+00,5.276660336996638057e-01,1.253676516832628700e-02,-2.262727511923547791e-03,-3.349352174746733028e-03
-8.700114051886659317e-02,1.248918073655044036e+00,5.534191243946086081e-01,1.289102969630536930e-02,-1.479598048878785072e-03,-3.462138234351805344e-03
1.471477719042454946e-02,1.156729483542564108e+00,5.070620486276196104e-01,1.182136857545234600e-02,-2.094952651494928070e-03,-3.777017479210104459e-03
-1.608368794764908349e-02,1.164072889025308921e+00,5.232550133327004138e-01,1.170167002396990501e-02,-1.804087763772685080e-03,-3.554464756871979388e-03
-1.244811743710989710e-01,1.222539440617108841e+00,5.585813712115714758e-01,1.267706628145395462e-02,-1.046375004376530818e-03,-3.027438336998013180e-03
-4.624616418564625464e-02,1.220438725036483429e+00,5.187943771628111822e-01,1.302046603346920968e-02,-1.724814898172329775e-03,-3.291606593045962471e-03
-1.026505495549272229e-01,1.183464327784995440e+00,5.180403104433686234e-01,1.242130340528221910e-02,-1.065475686355940588e-03,-2.745018238340999825e-03
-4.786339780526358001e-02,1.150492977000951100e+00,5.196026316817931034e-01,1.223526873474245144e-02,-1.535477953368204196e-03,-3.151943530316223159e-03
-4.542272243083497751e-02,1.197294011617491272e+00,5.217287624074014030e-01,1.271857178012493830e-02,-1.539353971712634217e-03,-3.530345859748383434e-03
-1.051407529350681103e-01,1.216418190217120943e+00,5.434427167436886030e-01,1.257546887580638685e-02,-9.652208526288869050e-04,-3.144285639936541393e-03
-7.317481635610542656e-02,1.194329763521087662e+00,4.962683067057497288e-01,1.250715896809307184e-02,-1.846661387839286170e-03,-3.358376652946966183e-03
-5.603639895217324418e-02,1.176494514482290477e+00,5.098132223108187144e-01,1.207760239604825300e-02,-1.686241567157721610e-03,-3.112993462528160834e-03
-7.040221144948999310e-02,1.178502254656086157e+00,5.286896948629415949e-01,1.211816658050468044e-02,-1.543420058387109592e-03,-3.479464679460989463e-03
-7.162489325633843162e-02,1.171199702490690164e+00,5.333706215159192965e-01,1.227412084315059743e-02,-1.599873989139960831e-03,-3.079293844176741839e-03
-1.056174447429927554e-01,1.195162919134857837e+00,5.443289108285049860e-01,1.254632111561377120e-02,-1.021183589211173068e-03,-3.248410678683648096e-03
-7.539678269604832561e-03,1.183284219990171859e+00,5.035477090992690474e-01,1.238667567177794901e-02,-1.999314348432708333e-03,-3.578339014734686820e-03
1.102377002491047864e-02,1.224809641818144668e+00,5.139017347965936233e-01,1.262036310478268850e-02,-1.937557334201315401e-03,-3.843096439431795911e-03
-6.142604068964985231e-02,1.186587377080807304e+00,5.139310031213054630e-01,1.249367242723142986e-02,-1.885400891938617332e-03,-3.069330257144004329e-03
-5.789802475138140780e-02,1.172849239903858365e+00,5.300726397007753388e-01,1.233890230206268618e-02,-1.619274450429333129e-03,-3.227856553811458799e-03
-7.682859562564750555e-02,1.158498366466929941e+00,4.962747757852857822e-01,1.224741283601892688e-02,-1.169967648715556155e-03,-3.274664091816761272e-03
-5.584773873179502135e-02,1.206569570982138684e+00,5.405367168499504160e-01,1.261193995564331531e-02,-1.558420514513682992e-03,-3.117563292444367178e-03
-6.645097003807644287e-02,1.142974763163116192e+00,5.167791633782692351e-01,1.188179270802294275e-02,-1.442115787926620540e-03,-3.271202963955881227e-03
-9.672555290649199888e-02,1.159017161432794207e+00,5.557063070399473892e-01,1.221948693355174795e-02,-1.103908562518612219e-03,-2.924429256655491222e-03
2.627793757368462879e-03,1.159312112721728516e+00,4.973625216628392298e-01,1.183194546187820578e-02,-1.883323869345282509e-03,-3.735388921168048600e-03
-1.994292980633791124e-02,1.187634736546193004e+00,5.157711404021781965e-01,1.226714788443494797e-02,-2.124910706024187718e-03,-3.510833646404891949e-03
-8.890256565229208430e-02,1.190658552196558917e+00,5.384845409316723064e-01,1.242320233221566941e-02,-1.027043917200267178e-03,-3.313745498206709713e-03
-1.037732889551483961e-01,1.205471159790372226e+00,5.515018271358052004e-01,1.257764379850903613e-02,-1.150124682408484519e-03,-3.121111577471521754e-03
-7.947789750658953989e-02,1.196258963041866963e+00,5.276526758841084686e-01,1.227041615453026979e-02,-1.276317587348373833e-03,-3.394478944444217095e-03
-6.361615356058099302e-02,1.174810713350211255e+00,5.239974906552167244e-01,1.225839773828225551e-02,-1.372385605633947778e-03,-3.412612907235409825e-03
-9.291481824025230041e-02,1.188783349186722349e+00,5.561257646794499632e-01,1.270033759523277184e-02,-1.278989271388898674e-03,-3.180269775398780665e-03
-3.678153307486303758e-02,1.173350803916708651e+00,5.352626847041030977e-01,1.216360364802914797e-02,-1.641276288333689062e-03,-3.345712221515743934e-03
-5.557346549044242523e-02,1.207872711759005568e+00,5.011186029705788636e-01,1.259653748494668837e-02,-1.534423011465819650e-03,-3.436896015184846050e-03
-9.465794806054038391e-02,1.248224795360956874e+00,5.524392149383027251e-01,1.256206140374325694e-02,-1.257456887092124262e-03,-3.103702799316626192e-03
-1.023730502559776906e-01,1.168160017621919566e+00,5.258774411182048913e-01,1.237603017262589068e-02,-1.000949262988036839e-03,-3.236807651262747689e-03
-8.922954289729122246e-02,1.239937265742755201e+00,5.524296816573013302e-01,1.264497103274804871e-02,-1.131517598201946598e-03,-3.387799457708669075e-03
-4.376349906778978505e-02,1.149792875004665094e+00,5.061737225103235538e-01,1.202150140006419225e-02,-1.664572760218974157e-03,-3.256627658420333665e-03
-1.311506854919891607e-01,1.221087582777979685e+00,5.533797971188817444e-01,1.316370158677485254e-02,-7.819667334205988168e-04,-3.029616199250240172e-03
-6.140731510268823690e-02,1.166144977066229549e+00,5.154552827762252099e-01,1.214958239795323192e-02,-1.453565653289976348e-03,-3.048379236715779723e-03
-6.362750602535874322e-02,1.193554537975159313e+00,5.219461055171795705e-01,1.241534149796789249e-02,-1.704936854507661456e-03,-3.363485722561592849e-03
-5.572941948033979798e-02,1.189014962376861551e+00,5.362569484683098464e-01,1.267711836018017325e-02,-1.746838768803547423e-03,-3.307344355960025167e-03
-1.847054521625787760e-02,1.192868792960115387e+00,5.252897893146487585e-01,1.208070393000312652e-02,-1.841275599508617952e-03,-3.689329270349095413e-03
9.895326872389337280e-03,1.165280326326735505e+00,5.079653757013385951e-01,1.205515834363632237e-02,-2.079436387057081309e-03,-3.865483658233796749e-03
-2.901474298138564945e-02,1.238010150047988089e+00,4.938633266601512029e-01,1.254138672299968255e-02,-1.846173354957840462e-03,-3.648471963718582286e-03
-1.081186669698860903e-02,1.170788206964115785e+00,5.305141936051016582e-01,1.235845730973372976e-02,-1.776976151657942704e-03,-3.487276985507036312e-03
-7.010108108818520478e-02,1.206793622810736322e+00,5.273272908707029583e-01,1.255652859384678507e-02,-1.565690238185327154e-03,-3.238595656362529360e-03
-8.153552195892117826e-02,1.190781273183742384e+00,5.252096670774392129e-01,1.268385190582934849e-02,-1.260899822272414442e-03,-3.109414515488070213e-03
-7.080404931598661966e-02,1.188709841629631558e+00,5.488274032693353233e-01,1.245128688274056705e-02,-1.557624028573007316e-03,-3.014416373351742982e-03
-8.083340090624270557e-02,1.207317618816607041e+00,5.161700629731028611e-01,1.229445780252947859e-02,-1.364351690846385065e-03,-3.194516365322740484e-03
-3.400721728587316472e-02,1.152888628938680382e+00,5.270807125907567281e-01,1.208258656236047869e-02,-1.589286356176130774e-03,-3.606771256758702776e-03
-8.481692924019897106e-02,1.208510326600832574e+00,5.320507455927605545e-01,1.255484158724463895e-02,-1.455208011340136665e-03,-2.956082463244664484e-03
-1.989061424621338392e-02,1.178132719727711164e+00,5.284379363371626281e-01,1.215184548693082518e-02,-1.759754999700949285e-03,-3.852124032799299474e-03
-5.292296049278097381e-02,1.189116839174507279e+00,5.154215492841895951e-01,1.227202838442281382e-02,-1.517419978045308690e-03,-3.252507334810243299e-03
-5.426800909851980936e-03,1.162888565132395913e+00,5.271759397669160130e-01,1.249374755581126803e-02,-1.944737115156252791e-03,-3.462010707825028365e-03
-1.969712666978423732e-02,1.165116108474359091e+00,5.003219492915236266e-01,1.235554033602912806e-02,-1.877056871798107873e-03,-3.384872930676796621e-03
-6.745050294310613037e-02,1.182622007110637918e+00,5.378491107719213238e-01,1.227350864164501038e-02,-1.502088366995823002e-03,-2.958180707061848231e-03
1.441523700059871294e-03,1.166722835572701955e+00,4.874138320952652315e-01,1.182115841031456185e-02,-2.091862845824719180e-03,-3.812335813619840801e-03
-9.886300750471085919e-02,1.235756297038295592e+00,5.370436460593693839e-01,1.275475821275340142e-02,-1.300693593653111380e-03,-3.004341843979818540e-03
4.244927664924463828e-02,1.110653038370262857e+00,4.374935549525519329e-01,1.158445445936028342e-02,-2.271553767603127702e-03,-3.764407382476330551e-03
-1.451622924271195325e-02,1.209518149543174603e+00,4.857884105826341115e-01,1.218466324662487166e-02,-1.806035031560720289e-03,-3.646543857043456089e-03
-9.884112325654019482e-02,1.244887518237198343e+00,5.593168863417313785e-01,1.303866723644990511e-02,-1.348807851903215116e-03,-3.180859172287706527e-03
-5.902024202208400183e-02,1.207621066190636805e+00,5.164209883689269143e-01,1.272798328960536400e-02,-1.524622451160738759e-03,-3.628479184525811724e-03
-2.611997723369918756e-02,1.206518436421855300e+00,5.200075409526573322e-01,1.237708512607505786e-02,-1.737837315527688067e-03,-3.645621149426018365e-03
5.038545230874308389e-02,1.130309739328331231e+00,4.856782960446488495e-01,1.175661048568379247e-02,-2.140308228905594620e-03,-3.511081585181868338e-03
-1.206126480957189773e-02,1.180144444012278582e+00,4.813183699280503269e-01,1.207179210646020656e-02,-1.775573381774061058e-03,-3.678197293479255892e-03
-1.061622722376511646e-01,1.232753741973029893e+00,5.669945518729295753e-01,1.271971918802371551e-02,-1.141390490967763779e-03,-2.989761277233675754e-03
-4.735671780250164109e-02,1.199569677227317888e+00,5.155579344452201340e-01,1.219422857815709998e-02,-1.676885125831651877e-03,-3.492809073459779857e-03
-4.203401688939939485e-02,1.199720144649740305e+00,5.373939299930772240e-01,1.241773223253383324e-02,-1.645002550972987296e-03,-3.280254095414028050e-03
-1.685352688539276944e-01,1.226925453208467243e+00,5.728490148343186039e-01,1.296555365509387617e-02,-8.151528492347775295e-04,-2.730528171985742783e-03
1.212222881429880772e-02,1.166623666215297117e+00,4.880031329739911161e-01,1.212468013787753630e-02,-2.091930563203460089e-03,-3.758787625579847018e-03
-9.667250608927162314e-02,1.199412589500579385e+00,5.451239110908053798e-01,1.253331290768297003e-02,-1.206471965892873255e-03,-3.316715290699820580e-03
-1.157912022547582798e-01,1.201599860594971148e+00,5.599733043202791416e-01,1.246663732041350739e-02,-9.070436449830163866e-04,-3.104406237420322210e-03
-6.167341568011902586e-02,1.180937707247943003e+00,5.532264887177320567e-01,1.234794033978713762e-02,-1.422586139518865200e-03,-3.086022387685456985e-03
-2.024791279123935861e-02,1.197720243312190957e+00,5.021268158377639734e-01,1.245078715425183488e-02,-1.876363713139558506e-03,-3.729810679578294316e-03
1.757899827785042168e-02,1.179393151666883854e+00,4.755890071973724043e-01,1.224787963654890184e-02,-2.055660723915078009e-03,-3.587645029939931594e-03
-3.720920662796459166e-02,1.178420398817862536e+00,5.451807525493359563e-01,1.240354798812783044e-02,-1.756623417741569326e-03,-3.495576074858606098e-03
-6.876511684189105800e-02,1.168387955303817671e+00,5.352335919247722673e-01,1.212237767926402018e-02,-1.286530949583076372e-03,-3.326168624542420824e-03
-2.788003168819488953e-02,1.245429129469611373e+00,5.299685648189628173e-01,1.282054034995148105e-02,-1.752920958370115731e-03,-3.757974995153803843e-03
-4.934367175728190946e-02,1.204299378115388786e+00,5.320465395523998886e-01,1.240329639734255238e-02,-1.569055098531519504e-03,-3.422895516177740325e-03
-2.907871397988776030e-02,1.152244754009162486e+00,5.339995048931851507e-01,1.232525305174725014e-02,-1.851160416633156058e-03,-3.337247905231390931e-03
-5.904171310136054063e-02,1.177376571836661334e+00,5.285638863719891445e-01,1.228523590371131610e-02,-1.548494118070505715e-03,-3.424712301791331404e-03
-1.359200196036822461e-01,1.199794821379229770e+00,5.570912974314499166e-01,1.242043646493190892e-02,-6.824991671109219282e-04,-2.949273126462341552e-03
-7.542124221272356044e-02,1.204976181999645179e+00,5.059501901713271410e-01,1.240367518155613587e-02,-1.356699597391796894e-03,-3.253700004232807676e-03
-6.646055767484448928e-03,1.162582521159912341e+00,5.243232523691494507e-01,1.221531102351505402e-02,-1.820530017885674604e-03,-3.396389167798989205e-03
-6.737090623231412057e-04,1.149861006106766448e+00,4.904375896427669579e-01,1.199167743176063339e-02,-2.052080996274985650e-03,-3.783674927235780670e-03
-9.398337341001067324e-02,1.216912569613532558e+00,5.544564681613430857e-01,1.260211088801375251e-02,-1.065087327031056033e-03,-3.138024945813647128e-03
-7.999604325490844436e-02,1.223498611387303869e+00,5.512648895434009155e-01,1.260045681745214884e-02,-1.364061041570045762e-03,-3.331202911254898917e-03
-3.633246389053190750e-02,1.186453086763066267e+00,5.208791382532960146e-01,1.234653729690806008e-02,-1.864777664211100805e-03,-3.313374632612096395e-03
-2.572977363780196147e-02,1.110776134102301249e+00,4.943008327922878697e-01,1.164866959254634918e-02,-1.803305965275617956e-03,-3.356095193154757725e-03
-8.143899427160865290e-02,1.207949906357531411e+00,5.202158274175540109e-01,1.237862415631924354e-02,-1.065864155568007829e-03,-3.504961816690561113e-03
-1.219079948434349664e-01,1.214892978141644209e+00,5.411534401645764492e-01,1.248979227823218165e-02,-1.200609903356703728e-03,-3.404448460749704038e-03
-1.574151143253154084e-01,1.178873874687444978e+00,5.727027651232668992e-01,1.256365270520372682e-02,-7.387585137689119119e-04,-2.742565342108952472e-03
-6.163792637691774268e-02,1.224125516889529530e+00,5.315737653519015948e-01,1.265120097940073199e-02,-1.690455266194604983e-03,-3.060649216187872213e-03
-1.062303758287105881e-02,1.145227425888123651e+00,4.868176096281303655e-01,1.203882122619070322e-02,-1.969530983477569067e-03,-3.682608770885475221e-03
-1.992189849761921705e-02,1.192256171468427661e+00,5.251971976753327942e-01,1.242226442799523357e-02,-2.285464827422192466e-03,-3.487505951765750532e-03
-1.535319839689927024e-01,1.276045763961358492e+00,5.316927541362259646e-01,1.315630498415287265e-02,-8.704622541076140890e-04,-3.049270223269369764e-03
-9.946650731179020044e-02,1.193313271942189280e+00,5.593114513323106385e-01,1.256196032940182748e-02,-1.007734089492772281e-03,-3.117075590282659091e-03
-8.827911344075019262e-02,1.233246513984635362e+00,5.361995326805759632e-01,1.259421649699679450e-02,-1.215614093246311991e-03,-3.525464224840580470e-03
-9.344461721429636603e-02,1.136156982788504521e+00,5.780486000287682335e-01,1.206095290395516224e-02,-9.533820727930433087e-04,-3.237159553082473353e-03
-6.826585059873463424e-03,1.162004302009452372e+00,5.035222457255670303e-01,1.198637347841169203e-02,-1.960092374349398786e-03,-3.630598671138986037e-03
-1.307540959508276535e-01,1.243228140085988587e+00,5.424697068389069399e-01,1.276423993975353034e-02,-1.025195508887964332e-03,-2.949087377838591987e-03
-6.512579257313011460e-02,1.219932761162551893e+00,5.434530449173661237e-01,1.267339703906257727e-02,-1.486955110934547880e-03,-3.279084979523008963e-03
-1.220116101248315682e-01,1.233140567854017489e+00,5.523979196964967642e-01,1.272880758736994432e-02,-8.385581104250108136e-04,-3.090812521154355421e-03
-5.989942305635737041e-02,1.175371661439803983e+00,5.146052958352600459e-01,1.245966393303487955e-02,-1.555959513700862218e-03,-3.343595912301307402e-03
-8.916257567945265472e-02,1.188814557352739110e+00,5.148359590503652772e-01,1.231691737786961248e-02,-1.219047204357800659e-03,-3.041441594390293258e-03
-1.379289937899882967e-01,1.216501374219300491e+00,5.557657489620771996e-01,1.273591766068407627e-02,-9.259435478224335020e-04,-2.727186265178342759e-03
-8.846285046204517555e-02,1.170469726591870874e+00,5.389675421671948907e-01,1.243825405501049197e-02,-1.294726097959714509e-03,-3.055154290393872606e-03
-6.320549344586658125e-02,1.150816809552466902e+00,5.410405840695173829e-01,1.214253394124881376e-02,-1.342059262536762776e-03,-3.505309214172635211e-03
-7.598440295291022939e-02,1.186039823686860117e+00,5.249267163164385019e-01,1.253834456077607303e-02,-1.334966432985319404e-03,-3.282419945934498661e-03
-2.519538284693931263e-02,1.196590262256360448e+00,5.003200560165086408e-01,1.223549973075559530e-02,-1.754130686324281707e-03,-3.292967243550709491e-03
-8.909074306963794820e-02,1.149902657193073940e+00,5.284234329543096020e-01,1.221849540538502525e-02,-1.310728912678478519e-03,-3.102858272510953044e-03
-5.944222156952544411e-02,1.129901257864951658e+00,5.087337397599351885e-01,1.174509911132987604e-02,-1.465703494664264903e-03,-3.598572510555320646e-03
-3.098556498056412312e-02,1.141663244579840919e+00,5.092907956063777997e-01,1.203143335283459597e-02,-1.694566984168139126e-03,-3.490627696881063759e-03
-7.869252356508815716e-04,1.196279409216203238e+00,4.696062319858871348e-01,1.201943440745638185e-02,-2.046417967375384686e-03,-3.917907586459644723e-03
-3.608522365199787196e-02,1.166534117491500488e+00,5.193017649202035235e-01,1.214598610429547601e-02,-1.639578251024315092e-03,-3.828601313638447298e-03
-1.128566460500373819e-01,1.140977699509735155e+00,5.193049164268812579e-01,1.225891358035158252e-02,-1.168576176744774361e-03,-2.860689967191450654e-03
-1.068836956808848770e-01,1.183151274667356034e+00,5.212164395672589379e-01,1.236503370778677113e-02,-1.277268071239335417e-03,-2.971993432760128111e-03
-5.383454246067317928e-02,1.190109740571554164e+00,5.120245136733269087e-01,1.220971537957145706e-02,-1.840573659265114584e-03,-3.503098344180388245e-03
-5.623347895854022283e-02,1.208930579485731016e+00,5.264651900970941378e-01,1.266809612105139829e-02,-1.805405568500192612e-03,-3.253329062474937666e-03
-5.770389618095345119e-02,1.206889421635766180e+00,4.953302543584424678e-01,1.232647449770111689e-02,-1.492672840715096941e-03,-3.424511566367713887e-03
-2.071329108156755305e-02,1.168769915321585140e+00,4.883154924379978779e-01,1.199815716035012268e-02,-2.233112623475336234e-03,-3.568512684138493932e-03
-6.872666296647009232e-02,1.190431411844132370e+00,5.233712385239911447e-01,1.233168444296063419e-02,-1.350286747730052375e-03,-3.458161290766299020e-03
-2.822333346848016067e-02,1.177736601711076192e+00,5.048190579439153503e-01,1.198877835694155819e-02,-1.784347203301072521e-03,-3.464640919668589281e-03
-4.035671634825727105e-02,1.171045508024510351e+00,4.987530741973089654e-01,1.225409848239760423e-02,-1.800543005585106965e-03,-3.312591449908554135e-03
-1.853712101140633783e-02,1.164057560392303792e+00,4.819950840069937570e-01,1.201505596311260721e-02,-1.853812202270242043e-03,-3.909972154532400171e-03
-2.365859193584709530e-01,1.281113922277659523e+00,6.092779858186606612e-01,1.349749018083388347e-02,-7.254948173130576494e-05,-2.572812736318779662e-03
-2.410051594561976596e-02,1.138552540824399495e+00,4.944202589792335845e-01,1.171789568829955872e-02,-1.803665856457598721e-03,-3.533118703753927985e-03
-3.667863983348645940e-02,1.137002861352967908e+00,5.004298233750897884e-01,1.159308238688035522e-02,-1.661776250665793903e-03,-3.503358861354508372e-03
-6.827099915903726834e-02,1.208751393202734059e+00,5.218047501183137316e-01,1.266172792201008743e-02,-1.587080680762355603e-03,-3.108559042034346812e-03
-9.259426264750975077e-02,1.251236878387228746e+00,5.298268639861974938e-01,1.287864449217583120e-02,-1.557402201225691757e-03,-3.188874115762655066e-03
-1.017922107612103388e-01,1.214940548328320435e+00,5.107268606153760881e-01,1.301569661085004437e-02,-1.481445703886558052e-03,-3.181468151723766159e-03
-9.405571937848503095e-02,1.183505788597581043e+00,5.263527310747267984e-01,1.231671091202961484e-02,-1.192961927522735027e-03,-3.197034685809054151e-03
-8.040495809166151031e-02,1.150225304044602437e+00,5.083925263706061681e-01,1.185937441802493997e-02,-1.294434551339956885e-03,-3.138285210558185677e-03
-1.406540368299015187e-01,1.286852984263764821e+00,5.940805224752225833e-01,1.362325803730849230e-02,-7.892566057794616480e-04,-2.848105875261856997e-03
-3.928175276017459305e-02,1.257554353095533761e+00,5.187557677894314434e-01,1.287612167689483438e-02,-1.825365941821997795e-03,-3.466953427561760784e-03
-9.280588179177330643e-02,1.272111798665523485e+00,5.467059111274535921e-01,1.311899978948877915e-02,-1.423507280000237477e-03,-2.989998144088160028e-03
-4.756490319879666528e-02,1.185011340099785482e+00,5.327460291748300492e-01,1.210252436977367341e-02,-1.412632575482661995e-03,-3.280155124648693153e-03
-4.807901444217627107e-02,1.206525077643755495e+00,5.121144789360350114e-01,1.238425587403773481e-02,-1.631399780752395418e-03,-3.789996207203768803e-03
-1.138140640329875081e-01,1.214064239478063412e+00,5.454922509729936975e-01,1.279665249527874547e-02,-1.079894659048397099e-03,-3.098293747875618866e-03
-5.725722029139210245e-02,1.229720414340071066e+00,5.066121566116494890e-01,1.278533850701904506e-02,-1.616797315922681791e-03,-3.274693272409631272e-03
-1.996602794681053561e-01,1.282665289406759168e+00,5.666296988728423134e-01,1.340464806653583578e-02,-6.855783566135208867e-04,-2.620580812759095660e-03
-2.445270354233179122e-01,1.267383574264295154e+00,5.963001325112866624e-01,1.318498421902368142e-02,-1.060084687085436489e-04,-2.666272730692752311e-03
-1.126312761774990734e-01,1.208911220207799841e+00,5.583638171593456878e-01,1.272906723489567252e-02,-9.647631384085541412e-04,-2.924511409369814387e-03
-6.427377470170783647e-02,1.196980980148875107e+00,5.149275352791663485e-01,1.248881179823279827e-02,-1.571408613402007839e-03,-3.256283094762020720e-03
-9.700294365817829778e-02,1.156550695230052161e+00,5.040551475723098473e-01,1.218576190772884503e-02,-1.167191599226001866e-03,-3.131105770411592073e-03
-1.488717766529739639e-01,1.229109841510985568e+00,5.583940331417999170e-01,1.248840506347247831e-02,-8.252956288907122712e-04,-2.706615758665665335e-03
-1.505813624094223258e-01,1.279719147279470004e+00,5.422110534903261669e-01,1.274360780441319112e-02,-8.173395587206845614e-04,-3.091789566812063600e-03
-1.120928477587754130e-01,1.190918399232333336e+00,5.453759916944204145e-01,1.244043041622119872e-02,-8.443779153942589794e-04,-3.280179533190633826e-03
-8.898137077110572501e-02,1.201038063656461707e+00,5.227759102057009111e-01,1.239579915384875393e-02,-1.392585473360524392e-03,-3.389347929022591514e-03
-3.197784065928291342e-02,1.169328788049415868e+00,5.017778006900046606e-01,1.222546696899874143e-02,-1.760326818120541356e-03,-3.391907546035665463e-03
-1.442787499079869196e-01,1.235476151799535183e+00,5.534134032505808598e-01,1.293164089115255919e-02,-9.997657810496760056e-04,-2.760906081806822638e-03
-8.288507942129164086e-02,1.201979743965476022e+00,5.337129548746822882e-01,1.268615915510426170e-02,-1.244253408186762888e-03,-3.233802437745194290e-03
-6.175929084403472547e-02,1.191288140936415996e+00,5.129009159558162168e-01,1.238531699072666428e-02,-1.512209535828869592e-03,-3.346439579046598962e-03
8.584879503233139308e-03,1.159870565413420929e+00,5.330774368287375387e-01,1.206477849676727658e-02,-1.905042391605498917e-03,-3.826347405533558465e-03
-1.112960851928449790e-01,1.203944498200641977e+00,5.332200628771960327e-01,1.261816300174862550e-02,-1.247839826722253742e-03,-3.286301501555631381e-03
-1.533102605513029792e-01,1.254155806795611339e+00,5.749117245929592501e-01,1.313460272990769548e-02,-8.686594715599429278e-04,-2.780570635365624266e-03
-7.755611891401371916e-02,1.169991519529974378e+00,5.232876516115617660e-01,1.221603158588263800e-02,-1.587551452226661913e-03,-3.193470024611661569e-03
-7.305826524813249789e-02,1.219618810763964944e+00,5.430074164520931612e-01,1.274155869711121256e-02,-1.446158753445130410e-03,-3.126919212674668814e-03
3.639267958230968381e-03,1.161723188963384557e+00,5.263936321665124707e-01,1.220447486393273773e-02,-2.036089276406395643e-03,-3.439787650634871206e-03
-3.513700663787289180e-02,1.197452956641259947e+00,5.030863169969274074e-01,1.229495283097032689e-02,-1.832948670944243783e-03,-3.585615588394226467e-03
-1.572451026046968459e-01,1.261693255695494509e+00,5.782495008124022284e-01,1.317254083451841265e-02,-6.707091424625853671e-04,-2.745782770334354462e-03
-2.445418745146199502e-02,1.223884133300511490e+00,4.966860274948557974e-01,1.239311620637357711e-02,-2.224512056963345169e-03,-3.597711637391568743e-03
-1.037265664454963127e-01,1.193657460315044938e+00,5.368704999541854539e-01,1.233067944395951736e-02,-1.210173418067861731e-03,-3.139093110477291729e-03
-7.327107852788738995e-02,1.175177040957496200e+00,5.378645102500240194e-01,1.216333894322092768e-02,-1.350863751935308180e-03,-3.383115488973546890e-03
-1.652111438725270554e-02,1.178661852212870231e+00,5.284738714900967249e-01,1.260061056975701754e-02,-1.844213444654910911e-03,-3.628977756709118787e-03
-1.090745573190089607e-01,1.249663688818273277e+00,5.290438604148602897e-01,1.293797031422584155e-02,-1.350527956988988726e-03,-2.901896979923958980e-03
-3.983030623192881925e-02,1.137826673259569432e+00,4.925913321440789083e-01,1.190857094871888323e-02,-2.089589571005341304e-03,-3.389256856275391951e-03
-1.510959411281209697e-01,1.284317266286091996e+00,5.436392852799226683e-01,1.290955957502425491e-02,-8.713231329688271576e-04,-2.854499694415069642e-03
-1.185577044955958559e-01,1.201786492438089660e+00,5.442406177105483245e-01,1.234842588033640241e-02,-6.384758079045534801e-04,-3.081676652281326815e-03
-6.491328933620114927e-02,1.217157465767374713e+00,5.042771355237524178e-01,1.224771754817450403e-02,-1.790759504456767431e-03,-3.243396651428753774e-03
-9.182580687057696756e-02,1.212108354730376591e+00,5.380025690463963173e-01,1.270547076015168808e-02,-1.399590705493796230e-03,-3.241007344727050467e-03
-5.028227020677697445e-02,1.195251310684626089e+00,5.236655897382823666e-01,1.249613838176508174e-02,-2.038884233238587654e-03,-3.261961332617472915e-03
-1.489955401086383024e-01,1.251217732089060508e+00,5.617196459382858276e-01,1.293964057824085502e-02,-7.168202284324621393e-04,-2.860082639788994255e-03
-1.328481979419475212e-01,1.190985570707186803e+00,5.631687318396380038e-01,1.252730376596553931e-02,-6.361020872022223743e-04,-2.933326182817757883e-03
-1.236633947880883128e-01,1.172969071560240772e+00,5.186843187958337653e-01,1.251567589038727994e-02,-1.099104920925375942e-03,-3.039309492597939890e-03
-7.040882494431062455e-02,1.123889145851300952e+00,5.169720032007384392e-01,1.221162387379824688e-02,-1.566252927800193193e-03,-2.932179014387297378e-03
-1.879972365298615555e-02,1.226974032458360009e+00,4.933970931276742133e-01,1.240138801280799875e-02,-2.076460041292809908e-03,-3.630899751060963354e-03
-8.342699241236659069e-02,1.239037312402019531e+00,5.703714401494269781e-01,1.279171811963333502e-02,-1.292525572163718411e-03,-3.296043051939063096e-03
-6.567887631902163958e-02,1.188337568683217160e+00,5.208428706469871994e-01,1.227893962854155127e-02,-1.803327871437325480e-03,-3.125087354132771202e-03
-1.003637131322479420e-01,1.229934646433696876e+00,5.159186571327006865e-01,1.268025539259694245e-02,-1.377445268259233982e-03,-3.458866549205903956e-03
-6.968407318332268952e-02,1.170732514686839254e+00,5.131742870993833971e-01,1.218926561010404662e-02,-1.426661497024249090e-03,-3.247907125828244489e-03
-1.015208575435131988e-01,1.227421476877620821e+00,5.357350299696809204e-01,1.267351237928907894e-02,-1.294890562084696425e-03,-3.177730649234063350e-03
-2.349931598330759486e-01,1.256621469927573953e+00,5.879740309967269596e-01,1.308143802617833806e-02,-2.491135556618121610e-04,-2.348726836983888646e-03
-2.213659696431989343e-01,1.250264828544236817e+00,5.894563006454459630e-01,1.317056986880474866e-02,3.780412350591969006e-05,-2.435180953674291777e-03
-1.366535910862631265e-01,1.217933752129021885e+00,5.414794684015729054e-01,1.291344154789737797e-02,-1.102163717431180190e-03,-2.974987267795119964e-03
-4.097420508855328936e-02,1.232603648446922051e+00,5.309883003187432227e-01,1.274813599144457819e-02,-1.612239439251910572e-03,-3.419878673063063076e-03
4.815608992425232660e-02,1.148614704791308005e+00,5.015301429682081924e-01,1.195912040941582606e-02,-2.319983156189149576e-03,-3.858323900256855482e-03
-1.180357494566651733e-01,1.205323945032301003e+00,5.333694213336044321e-01,1.276033413529284455e-02,-1.070032704390483716e-03,-3.025011629353753766e-03
-7.773159997378431552e-02,1.176853762662186886e+00,4.935975474546234754e-01,1.212080531153317958e-02,-1.558001377082311387e-03,-3.198275192192462889e-03
-1.564121733594344421e-01,1.269700310635392571e+00,5.599820751026837184e-01,1.314302786109282709e-02,-6.202153520882131010e-04,-3.084494389910878882e-03
-1.220902925534785577e-01,1.205682076307895256e+00,5.140845813821764976e-01,1.246965159848560656e-02,-1.084835706973668115e-03,-2.924915863443906805e-03
-1.243118191776655390e-01,1.267601502479124287e+00,5.441186968062954321e-01,1.310817420345551654e-02,-9.737793692832733689e-04,-3.086847295019040649e-03
-1.110385319386620606e-01,1.247907224737206500e+00,5.697294113485646960e-01,1.305308347694613021e-02,-1.052522720474883058e-03,-3.377698271732005111e-03
-5.855339231196533822e-02,1.192063166871306645e+00,5.575000492398557439e-01,1.243511943309907539e-02,-1.541414538076647106e-03,-3.229860677161956479e-03
-1.050760730135932713e-01,1.228054519662036936e+00,5.545478638496202928e-01,1.282279159598597069e-02,-1.157861153166421866e-03,-2.989223036637083612e-03
-8.975539569660351269e-02,1.218230210251513901e+00,5.300373430881332171e-01,1.267156824464665821e-02,-1.460226932582809820e-03,-3.375447140113326926e-03
-1.217501004103491574e-01,1.216122198377673991e+00,5.363273243236558185e-01,1.254395693703008394e-02,-1.051662722395927882e-03,-2.965117141886510540e-03
-1.059887356869037428e-01,1.198678252861392624e+00,5.512827386103519300e-01,1.288315040379066356e-02,-1.169209481482025303e-03,-2.977761573074031148e-03
-1.035174718223829671e-01,1.220962196690313473e+00,5.179953934046432895e-01,1.248833109943464810e-02,-1.078845249475390150e-03,-3.441391647596345280e-03
-1.213672007429246469e-01,1.185021601106848177e+00,5.643119259268605248e-01,1.283631775347093308e-02,-9.290488934282793015e-04,-2.946403368362751976e-03
-3.433171981318924870e-02,1.227677107611494955e+00,5.241008194226010053e-01,1.254894544010508838e-02,-1.889938816484611553e-03,-3.398788758879623013e-03
-1.159063863346868201e-01,1.189789871785380093e+00,5.431460335176956367e-01,1.253728737507098061e-02,-1.014061562966329932e-03,-3.117068118390069632e-03
-1.282053005703184811e-01,1.218754276048002572e+00,5.497227253347252152e-01,1.251483270537520100e-02,-1.128838890463832942e-03,-2.876709445159771755e-03
-6.332658912919822414e-02,1.185052699072177695e+00,5.006542032105943951e-01,1.216137122570083023e-02,-1.308763943701799978e-03,-3.440536673803405113e-03
-1.245252920254736884e-01,1.234406506946519766e+00,5.441826929989721506e-01,1.275730078324891284e-02,-1.124612966332060038e-03,-3.098383106807563788e-03
-8.507084001028862585e-02,1.188822152028164103e+00,5.390388997540508376e-01,1.236963189879892837e-02,-1.291813814233848043e-03,-3.358518972718048910e-03
-9.325551352816308093e-02,1.213102728754912318e+00,5.275858571129814489e-01,1.291202294349758084e-02,-1.475180818155251428e-03,-3.150310496044083763e-03
-1.081042029717054764e-01,1.196343446009699774e+00,5.335047754583349677e-01,1.252108995914180678e-02,-1.193166849294255427e-03,-2.958360702530565128e-03
-5.082270917614878369e-02,1.218630459668563315e+00,5.158120459914687927e-01,1.280803156831391426e-02,-1.930077112572134435e-03,-3.187170424376663171e-03
-1.249731022813379000e-01,1.250649361920942226e+00,5.484941543682554377e-01,1.290182594336841682e-02,-1.017550325350658619e-03,-3.044974427096162027e-03
-6.673604759122730989e-02,1.214260365870263758e+00,5.024606686708188441e-01,1.264644865856250425e-02,-1.688393625076852964e-03,-3.323164176297490040e-03
-1.972941585335727943e-01,1.297535138040462055e+00,5.874055057501049726e-01,1.354309810292877309e-02,-3.136244706341845961e-04,-3.118786447470163047e-03
-1.024886331801739686e-01,1.227206809117121766e+00,5.468696981121480283e-01,1.265824628638342539e-02,-1.451797974535403227e-03,-2.948700789538515575e-03
-1.150004107885852500e-01,1.202585121905441534e+00,5.482509828646559003e-01,1.261361354996229193e-02,-1.178174909119618710e-03,-3.235923768994340786e-03
-8.385850310728545920e-02,1.211662565421692150e+00,5.298426638100146580e-01,1.253757354593697596e-02,-1.358978515911636598e-03,-3.091946469636892240e-03
-7.561958017548908728e-02,1.230615208608050626e+00,5.058506577502892565e-01,1.268586515710857024e-02,-1.635963569237093920e-03,-3.418201887341928719e-03
-5.478432295005952746e-02,1.186195663192574523e+00,5.126345675821067926e-01,1.241272634327957557e-02,-1.555759817589786112e-03,-3.459601535407083334e-03
-1.100952572120057343e-01,1.241812858004247566e+00,5.498839739300356300e-01,1.270891615771415142e-02,-1.288801442641429595e-03,-2.827834654777946263e-03
-1.372938451389197068e-01,1.228243054168361104e+00,5.385829532175975265e-01,1.279490795465600822e-02,-8.689006309664671496e-04,-3.086623720810215913e-03
-3.619871538519342513e-02,1.205109776025839352e+00,5.254239536359759377e-01,1.241754273238462533e-02,-1.736105662581737680e-03,-3.365404533605991216e-03
-7.092348427887026907e-02,1.177017953328976185e+00,5.203637619689828187e-01,1.227934720841806007e-02,-1.583363549314119323e-03,-3.142764973326635583e-03
-9.716113222802066907e-02,1.201306939113629069e+00,5.143464024564259329e-01,1.224674819871452575e-02,-1.037820226671783835e-03,-3.404061727199737819e-03
-8.801330005985767702e-02,1.263645630271678089e+00,5.484129989229272750e-01,1.293897402595275622e-02,-1.553291413740619936e-03,-3.199244591022970541e-03
-9.628811487991105478e-02,1.219033508957294787e+00,5.299566912395206053e-01,1.276208552632528484e-02,-1.242147369819248878e-03,-3.286242012348965583e-03
-3.624609319861810119e-02,1.204884294796076505e+00,5.404963427990029379e-01,1.263370041314471059e-02,-1.543878001539824088e-03,-3.472898918577222837e-03
-5.988604658127766323e-02,1.179209542603330441e+00,5.144520132970077375e-01,1.225696929507378609e-02,-1.775830270734470376e-03,-3.146412698330585105e-03
-1.336711171683866994e-01,1.203586637890244448e+00,5.392340014834301476e-01,1.249176303243719477e-02,-1.176088245909038404e-03,-2.820227591336081901e-03
-6.864227113098630984e-02,1.179989968950636570e+00,5.299252448590837661e-01,1.270338080609164505e-02,-1.557898400914352333e-03,-3.017001040245314517e-03
-4.670120385466036694e-02,1.166736140920273002e+00,4.916274951506882651e-01,1.219165308301906753e-02,-1.496145967819094771e-03,-3.716444223390639491e-03
-1.477824669063301788e-01,1.213785440732795262e+00,5.757475511066362239e-01,1.257706371665330905e-02,-4.248614021319513379e-04,-2.865325969786760608e-03
-4.581897254835476385e-02,1.240399037802908611e+00,5.075531341406867014e-01,1.275337713023393625e-02,-1.989574899653378734e-03,-3.605480503323627885e-03
-1.324973655768841851e-01,1.238381478890771437e+00,5.646516104589244245e-01,1.288493049445481320e-02,-1.078685673377145077e-03,-2.860084606306136958e-03
-1.758422750267384094e-01,1.257752388918188302e+00,5.739361990398709201e-01,1.316616276610642171e-02,-6.832659457590949115e-04,-2.621263106532270397e-03
-5.682585302531198423e-02,1.195385893359012908e+00,5.093746534389950176e-01,1.227185959779380706e-02,-1.499709337038808432e-03,-3.508235408259122428e-03
-4.413354574846964362e-02,1.146943206005018867e+00,5.256845577501640943e-01,1.202169944246284441e-02,-1.541279038134618293e-03,-3.647597809982265106e-03
-2.986952990780317174e-02,1.191547587593960733e+00,4.851582372763110218e-01,1.208901201678744958e-02,-2.065870683034013930e-03,-3.489851915938430114e-03
-1.376937778674651447e-01,1.237968720632949049e+00,5.436793404488228232e-01,1.289351231400618671e-02,-9.493637464606363013e-04,-3.031328043926486814e-03
-1.492159934663429000e-01,1.245112174273798056e+00,5.487965335641314946e-01,1.299450427105984171e-02,-8.905724713821651373e-04,-2.882789072111973695e-03
-1.712210389735268345e-01,1.214648366310757233e+00,5.681105031461343158e-01,1.277516410946897066e-02,-6.156941787473120542e-04,-2.930647398906900333e-03
-1.330393132205358597e-01,1.209856975581013350e+00,5.472954776685942102e-01,1.275910170956157802e-02,-9.341507220067216816e-04,-2.994650607796317792e-03
-9.096037337663286093e-02,1.222232084683692044e+00,5.490686075312082304e-01,1.271069246804888524e-02,-1.190221657060073004e-03,-3.096227580815241395e-03
-6.783598695887906038e-02,1.217261351535620539e+00,5.296283998445004970e-01,1.291022794376350639e-02,-1.626423037690772483e-03,-3.308239822441258905e-03
-1.127635344681140878e-01,1.211481312213155137e+00,5.466344701086851554e-01,1.280587702405937972e-02,-1.411919781742005525e-03,-3.012636698007377118e-03
-3.946839830509218938e-02,1.217647891399046500e+00,5.204272667767343430e-01,1.239925755880659682e-02,-1.776318376934267473e-03,-3.402205102541383096e-03
-8.043024224857027449e-02,1.206722633402999678e+00,5.333530355055086103e-01,1.247970410132299285e-02,-1.331819065508313762e-03,-3.426379978431801521e-03
-1.058480665626762574e-01,1.264951227755722662e+00,5.750729895805929415e-01,1.329509784641398629e-02,-1.198599645822272242e-03,-3.242613909138539283e-03
-9.645391115614107558e-02,1.229642810618291948e+00,5.433875489555647365e-01,1.292739750922942618e-02,-1.489886581846674302e-03,-3.186841984274331897e-03
-1.663566301072721965e-01,1.197322020282647337e+00,5.650681918328015474e-01,1.257389770287228523e-02,-7.254080276238878550e-04,-2.937196951766029695e-03
-6.399824963308739512e-02,1.199783225045596646e+00,5.004835689872124682e-01,1.225799586726003358e-02,-1.676594369629476333e-03,-3.513573310939582545e-03
-8.075309150204652842e-02,1.180384920244801572e+00,5.583378906840975597e-01,1.239379369272752829e-02,-1.450230414696638409e-03,-3.041489166334720821e-03
-2.254577869572541027e-01,1.273034679952808279e+00,5.692536145758354538e-01,1.343751242565241477e-02,-5.296274978629535168e-04,-2.339849900792791669e-03
-1.370012051271488063e-01,1.221205748740705310e+00,5.565142691905616834e-01,1.262185590053616080e-02,-7.974313174641967789e-04,-3.283553957796745814e-03
-1.535430693541825209e-01,1.239737790667643225e+00,5.656904753987798129e-01,1.292977145044588508e-02,-8.568372912442900197e-04,-2.954584314199243996e-03
-1.163296184929105137e-02,1.190855900753301500e+00,5.210835964082893845e-01,1.240876543981296772e-02,-1.770327916786600120e-03,-3.692188765291002771e-03
-3.884620095906765602e-02,1.192145440856640537e+00,5.229064392961505492e-01,1.245005572487229567e-02,-1.923858621364864588e-03,-3.223147992525164911e-03
-9.244582041525711835e-02,1.230699365131456613e+00,5.067762229346615133e-01,1.291155574241535306e-02,-1.075861857407810554e-03,-3.385916219437115713e-03
-1.166058531907402246e-01,1.196013374790536821e+00,5.557210864050365906e-01,1.256274705700553308e-02,-1.162893883418178800e-03,-2.928244815414995927e-03
-6.595438255303126551e-02,1.177502065539035359e+00,5.019174467322561339e-01,1.215245722556428272e-02,-1.543185496405837312e-03,-3.394186623430161653e-03
-9.610285795644715745e-02,1.248317463098767677e+00,5.510913183041389329e-01,1.293888118801368725e-02,-1.173877710690407819e-03,-3.116893362728437918e-03
-7.253325428007408038e-02,1.195562319997481859e+00,4.984756453202573434e-01,1.229227327105116875e-02,-1.944887054097328358e-03,-3.260472277177774592e-03
-6.638993493487023445e-02,1.209558424800927234e+00,5.416549207827731083e-01,1.257761738377148955e-02,-1.350698517487071426e-03,-3.322636048018143187e-03
-3.718641884908843731e-02,1.186227963280552133e+00,4.948106121292583648e-01,1.220792974369396336e-02,-2.032057358950126874e-03,-3.545328203183476055e-03
-4.805484492937586727e-02,1.159840350874696391e+00,5.084208952292397221e-01,1.180818230366890466e-02,-1.908698858091813222e-03,-3.288585319395416484e-03
-1.037845757320314533e-01,1.201638043247386545e+00,5.446533928815017189e-01,1.249474116718900588e-02,-1.229747124625337612e-03,-2.924854471967238030e-03
-3.943309818750007079e-02,1.191308219705644822e+00,5.266011761296292004e-01,1.268483613789052507e-02,-1.772130851856021719e-03,-3.410782969819873070e-03
-3.523251278359121330e-02,1.153164680391851826e+00,4.964498284861843524e-01,1.225931155971362284e-02,-1.729219503512889958e-03,-3.363735135893131892e-03
-8.471905589078322640e-02,1.166580949523599253e+00,5.341090153801403284e-01,1.243504846850686935e-02,-1.371783369582272455e-03,-2.813046555806033612e-03
-1.372583433984428392e-02,1.207292214047186230e+00,5.022362408558258551e-01,1.246157384427518978e-02,-1.985813010650538946e-03,-3.496285039602815402e-03
-8.952511385849147574e-02,1.239413377956916751e+00,5.550333691504409916e-01,1.292684207352635430e-02,-1.453192999686233819e-03,-3.304533740659173439e-03
-9.718041913707989310e-02,1.191972572754761206e+00,5.469939150811523598e-01,1.266846644460674007e-02,-1.128152351759300828e-03,-3.204795679036286701e-03
-1.570892597925499512e-02,1.165386770529913241e+00,4.930105207902198972e-01,1.221331183211213714e-02,-1.993779833092956810e-03,-3.407360795321339505e-03
-4.464964856833517071e-02,1.162234597971632422e+00,5.064691950794812936e-01,1.185767926572288064e-02,-1.439315548936755465e-03,-3.616818310018921501e-03
-5.199311977070750213e-02,1.183723928622529398e+00,5.402056828339520944e-01,1.248005228838489251e-02,-1.397331365021450486e-03,-3.308133885531105468e-03
-7.342456344052122885e-02,1.182033143530872410e+00,5.163927246452227893e-01,1.233692897396274427e-02,-1.675352890890290103e-03,-3.049001255706350593e-03
-5.854013207093394788e-02,1.216217179683372285e+00,5.355884339324411547e-01,1.287334009414223615e-02,-1.503664618331344502e-03,-3.334180938177866513e-03
-3.873647250785536289e-02,1.185090770859183573e+00,5.070252950425432337e-01,1.237372338065699170e-02,-1.922838813620280154e-03,-3.206235103841778480e-03
-1.500175643784862622e-01,1.208628525709379620e+00,5.434372610678180893e-01,1.259127820929583329e-02,-7.082655912803818843e-04,-2.710695797549345087e-03
-6.777326569642229404e-02,1.153402150464171161e+00,5.319003953982816002e-01,1.233870389348661750e-02,-1.398260309198755269e-03,-3.148907833666707550e-03
-4.703892795920089354e-02,1.208344367298194610e+00,4.918725519687708880e-01,1.224773013856647608e-02,-1.759794919138590180e-03,-3.397807133013160466e-03
-1.102811791021057891e-01,1.225100906088417929e+00,5.747324641737542317e-01,1.329300389428177132e-02,-6.050783020798908285e-04,-3.275700092423365715e-03
-1.011014911466177474e-01,1.198096462533286610e+00,5.209538381642465632e-01,1.269019376311720897e-02,-1.214903519456715306e-03,-3.136041080488138726e-03
-1.029674579137194734e-01,1.252326781931206501e+00,5.568855787425681658e-01,1.308226196035303796e-02,-1.224125307535066376e-03,-2.970506229815247055e-03
-4.161072294400419702e-02,1.146404753917015462e+00,5.190954783998187327e-01,1.214104114937074319e-02,-1.714542561251645308e-03,-3.393632564928225452e-03
-8.120857045635895832e-02,1.220195573202851769e+00,5.221161864391421492e-01,1.243012677774149241e-02,-1.398165624469347584e-03,-3.331925158703912763e-03
1.577152477409915488e-03,1.201754921481502647e+00,5.450346267315936410e-01,1.246117203225615561e-02,-1.925999999970144302e-03,-3.734116844978114819e-03
-7.329731190366878257e-02,1.187892137234572099e+00,5.434220514024006299e-01,1.224010043506772519e-02,-1.450281112796542385e-03,-3.261321871726906123e-03
-7.089752537860251336e-02,1.189160213905946950e+00,5.235010082883291282e-01,1.262205871385668580e-02,-1.689334463509977596e-03,-3.187628342831442998e-03
5.003901896159512752e-03,1.164369385778313948e+00,4.980899141810229969e-01,1.190927808265149559e-02,-1.850089593991847969e-03,-3.714601408563711175e-03
-4.286801417778871026e-02,1.203128923342073664e+00,5.272124625748260129e-01,1.255074384094040374e-02,-1.699307261555300583e-03,-3.295093071667154656e-03
-3.320133612068970619e-02,1.199068527605629209e+00,5.264724065061027192e-01,1.254120401319079939e-02,-1.696023179197784711e-03,-3.452659190718237060e-03
-7.121959869274338550e-02,1.194655133617507747e+00,5.250510235181884422e-01,1.258574557726859985e-02,-1.556186417865250415e-03,-3.245165054796027033e-03
-8.021094494958479204e-02,1.196163905785823545e+00,5.455134995762934702e-01,1.250768312495144016e-02,-1.219201897321867470e-03,-3.213514203749946816e-03
7.187848949121861120e-03,1.133236132256697726e+00,4.725852897847604428e-01,1.174382717380103094e-02,-2.126130056703312565e-03,-3.771693618699173498e-03
-4.320213850411969148e-02,1.136895311636790584e+00,5.176342722222492254e-01,1.212272652030241607e-02,-1.638596984425704992e-03,-3.179088881585284861e-03
8.615769004895662553e-03,1.233196515539731308e+00,4.957004160123457126e-01,1.249892162499416717e-02,-2.175481065398277014e-03,-3.834482167241086165e-03
-1.287327846870671144e-01,1.225725580032866580e+00,5.494395637675838495e-01,1.264534900525828010e-02,-8.957722199318361722e-04,-3.051915754992043373e-03
-6.278944828773375120e-02,1.206777011793014553e+00,5.164965242039968318e-01,1.253301036150044311e-02,-1.667429973284983644e-03,-3.384726654278113252e-03
1.688407880165262998e-02,1.154096578220581204e+00,4.979224516016488300e-01,1.207808600513939588e-02,-2.109218662039896372e-03,-3.879059588950563037e-03
-5.377138148726298694e-02,1.201551472914354601e+00,5.239358918164584988e-01,1.237705812433454594e-02,-1.646100326055702570e-03,-3.273586336420248200e-03
-4.523635443178708471e-02,1.209693808352553690e+00,5.283955451148731886e-01,1.219387855518017268e-02,-1.712275040598893253e-03,-3.627283074591619583e-03
-9.048005582961234083e-02,1.215201067102803290e+00,5.389874041124527171e-01,1.294118966238724279e-02,-1.342427048763462222e-03,-3.287787359667664923e-03
-6.362069960153046710e-02,1.203419842665246042e+00,4.905485958062975049e-01,1.261549536699442357e-02,-1.740698975751547861e-03,-3.296555579347990213e-03
-1.941194967428283569e-02,1.153513207301085197e+00,4.880294065192447572e-01,1.212917866945641826e-02,-2.137182300472752206e-03,-3.355281398917463187e-03
-4.312239561585395897e-02,1.166584459973032839e+00,5.272455436810496998e-01,1.208278226572701529e-02,-1.509387026853140426e-03,-3.039468287728398430e-03
-7.990382549633004428e-02,1.215626893686332144e+00,5.400545634234723558e-01,1.246271719238256290e-02,-1.617574481341012282e-03,-3.322194363221986444e-03
-1.100723993818746999e-01,1.245705490374138691e+00,5.741114738507171467e-01,1.271620503969426649e-02,-9.902185029817527767e-04,-3.050894625584502345e-03
-2.140058466902283740e-02,1.138792008398030520e+00,4.995902861814716100e-01,1.187753418239353986e-02,-1.870689215933574873e-03,-3.458213779920732509e-03
-1.552928143779442050e-01,1.234186004206778930e+00,5.502512422774503698e-01,1.278377689783261571e-02,-9.666393034364721693e-04,-2.653376780162389811e-03
-8.804392062686082487e-02,1.230999477670772668e+00,5.446551560620641608e-01,1.288189302375226594e-02,-1.288619401371600415e-03,-3.161285821399179800e-03
-6.628881474027668863e-02,1.206277101027487308e+00,5.152461085507166194e-01,1.265978481932902161e-02,-1.488993181388427803e-03,-3.475215190675231929e-03
-9.008020415409817572e-02,1.193323193098874579e+00,5.389658975892626103e-01,1.276872425040467308e-02,-1.510271036506921280e-03,-2.959335146948848059e-03
-4.933942016989473212e-02,1.198092997445256991e+00,5.339137554813955244e-01,1.264130719646863396e-02,-1.636261020867963573e-03,-3.207617052074130878e-03
-2.722287737252176987e-02,1.198977365546818996e+00,4.955330230296906002e-01,1.234055940758167769e-02,-1.912682546485768714e-03,-3.420392445242455282e-03
-5.645950257509108061e-02,1.180198682029786728e+00,5.142969358366977772e-01,1.182725352948445913e-02,-1.179806432492973983e-03,-3.324032257307930806e-03
1.310832940112380274e-02,1.167657417291842359e+00,4.958416620543891762e-01,1.187865546019517896e-02,-2.097319722517551263e-03,-3.922260927754526311e-03
-9.418794220196978484e-02,1.233501555014536955e+00,5.810800937750666417e-01,1.274570578626549149e-02,-1.053280862451549602e-03,-3.361187976100881401e-03
-8.393685578041164275e-02,1.194866632731129252e+00,5.315312974205458341e-01,1.233606877142849785e-02,-1.287518373550644926e-03,-3.252264609424331248e-03
-7.439552826365339322e-02,1.239247678065076519e+00,5.361701151453512892e-01,1.276097730775098589e-02,-1.533916379781983391e-03,-3.215718187932369108e-03
-6.948532130569935739e-02,1.174468967797961616e+00,5.348354773716401667e-01,1.245505696089395896e-02,-1.240302759829007423e-03,-3.206471979789068689e-03
6.581407400333000313e-03,1.131502073570443523e+00,4.783478122780128183e-01,1.186325672646402346e-02,-2.114586092352422481e-03,-3.669762449858610890e-03
-5.302662848783915028e-02,1.182607036023886060e+00,5.140216743833829760e-01,1.254363508726563312e-02,-1.751849473310659530e-03,-3.245283823505850165e-03
-3.843855096788889592e-02,1.174219898262314654e+00,5.181021154717148081e-01,1.211785685387428528e-02,-1.931009871960631327e-03,-3.206779659517528143e-03
-1.605591710027990116e-01,1.254502782548029272e+00,5.660247149417593215e-01,1.298518053503186845e-02,-5.790886735651638861e-04,-3.036176710269440290e-03
-1.908352587616451990e-02,1.212189337356083696e+00,4.792625878817513563e-01,1.243453499861077276e-02,-1.976792278010784318e-03,-3.587875877109482185e-03
1.686377616241596655e-02,1.137523178344089114e+00,4.845385309983377686e-01,1.166044997072265485e-02,-2.230265872667279090e-03,-3.931929467813474396e-03
-6.505829640436497363e-02,1.205803021183733614e+00,5.549143927181447999e-01,1.267176128746962983e-02,-1.315507806872139029e-03,-3.304819204804398339e-03
-2.516589630245286147e-02,1.200482859462869145e+00,5.245478558783682743e-01,1.224278608806796120e-02,-1.455570464445814921e-03,-3.516024711595347289e-03
-5.933590445384478995e-02,1.244863007892815565e+00,5.237988079861258806e-01,1.263338787054035101e-02,-1.796447415689782570e-03,-3.434504275803045015e-03
-4.960058860458180230e-02,1.176944702869971326e+00,5.253301754416677127e-01,1.205235810762220194e-02,-1.565001289870930970e-03,-3.432700899569849067e-03
-5.156962341069473710e-02,1.151553408250177712e+00,5.121123554545237155e-01,1.229735018823873219e-02,-1.670753080527399501e-03,-3.263999376492608857e-03
-6.078721683087609517e-02,1.231456054418571533e+00,5.073141877656608401e-01,1.257568947732094766e-02,-1.672622262928490089e-03,-3.395691635921003516e-03
-5.360981357027130856e-02,1.173518433426256946e+00,5.317882583197409696e-01,1.215758683338936420e-02,-1.495245722645019426e-03,-3.217620552192635396e-03
-6.719751773776237724e-02,1.194306582086985591e+00,5.291212797695715730e-01,1.232202112643250753e-02,-1.486739765653716586e-03,-3.290782716224945146e-03
-3.096677522020699347e-02,1.205882036899966092e+00,4.812692992880384102e-01,1.240242482524704648e-02,-1.893172594512430862e-03,-3.530795871597014815e-03
-6.582155611635925885e-02,1.134951760918120556e+00,5.153515151692100726e-01,1.191119005808049386e-02,-1.273765808678660114e-03,-3.274340280700219728e-03
-9.407988289020056960e-02,1.206824485654186541e+00,5.545383689907944502e-01,1.252667638914121452e-02,-1.193759378216268166e-03,-3.374654673175020436e-03
-9.055900904499984694e-02,1.132015190214377798e+00,5.224967643938959183e-01,1.198396340192362658e-02,-9.217729976090504457e-04,-3.411773325412980305e-03
-3.126114649082456509e-01,1.334144416171697545e+00,6.183102753117001305e-01,1.381541090338734949e-02,4.326175705244295067e-04,-2.062395687994809414e-03
-6.386205346688837714e-02,1.240998388556212362e+00,5.246070239240855360e-01,1.243924353494267263e-02,-1.467242794194051347e-03,-3.441992680039569416e-03
-4.047348279509213609e-02,1.239929191957700683e+00,5.407690583112916283e-01,1.285540227723098311e-02,-1.771552049311645935e-03,-3.416138039340181273e-03
-2.068731569305052587e-01,1.302685113616148804e+00,5.475970926939891514e-01,1.349984577260006542e-02,-7.466085779894264529e-04,-2.595714817260181238e-03
-6.285103148583892629e-02,1.158294087165222530e+00,5.227302611804627297e-01,1.202865796936758956e-02,-1.271806040572016558e-03,-3.429969594016040076e-03
-4.355002681324432467e-02,1.174870869867281176e+00,5.089975450646668786e-01,1.219269247160732240e-02,-1.715819794616824101e-03,-3.471038001121360891e-03
-1.056903858962657677e-01,1.188564734288678482e+00,5.403086471210651887e-01,1.276433806346661225e-02,-1.141661321998102205e-03,-2.943512225291091029e-03
-8.042410635891002191e-02,1.240499296707156418e+00,5.265123969592723219e-01,1.259661189701524048e-02,-1.520780490188484643e-03,-2.849347047139834475e-03
-2.707949646033686042e-02,1.143005670553940867e+00,5.046598815348278810e-01,1.198737652038188960e-02,-2.071565547971701907e-03,-3.207299052106352914e-03
-7.607221133900603227e-02,1.224192933922248372e+00,5.333893519604382405e-01,1.249973040502937519e-02,-1.278903922905290022e-03,-3.255807305741180522e-03
-4.397349816792511801e-02,1.161729372072732414e+00,5.069742427241993310e-01,1.234346321606807906e-02,-1.570599192019619603e-03,-3.349214908786643258e-03
-4.283207615370812626e-02,1.176235116053359286e+00,5.005167112188272371e-01,1.199358456877811126e-02,-1.592730609976868161e-03,-3.361373397535094218e-03
8.633440055376140343e-04,1.140853244689092216e+00,5.160567561324164165e-01,1.176050540836002557e-02,-1.977476283540415686e-03,-3.478724386702618156e-03
-5.640628647378714833e-02,1.228003366705174848e+00,5.090761525281847222e-01,1.257113994318601220e-02,-1.308557080600600969e-03,-3.668718893657593738e-03
-1.494349272557958519e-01,1.180846953899318930e+00,5.420204285242745668e-01,1.246239194320336585e-02,-9.031922945776128808e-04,-2.755876073474165539e-03
-3.786955106569955820e-02,1.172798061730813357e+00,5.184923674601610299e-01,1.224697363415109576e-02,-1.689533796599427054e-03,-3.509436677057829398e-03
-8.528879970755755269e-02,1.168763172899316638e+00,5.568473187668823154e-01,1.255117777177566611e-02,-5.668283809972946008e-04,-3.145667559042001054e-03
-1.118713009648580337e-01,1.226447063724382502e+00,5.056585851934300990e-01,1.265871104444275114e-02,-1.912246097054265057e-03,-2.799265353251025219e-03
-3.006366634969859231e-02,1.179182012219045506e+00,5.412842000545829979e-01,1.237152212683710270e-02,-1.457825354658040182e-03,-3.484886328410278546e-03
-4.161192918074305136e-02,1.275450101720177143e+00,5.352748534612444820e-01,1.266034945259702192e-02,-1.370568884186093225e-03,-3.792663238576427214e-03
-4.074272762234479317e-02,1.218469867978566601e+00,5.446396057353599662e-01,1.242893618876446567e-02,-1.393994186793321224e-03,-3.450991423589726704e-03
2.845794617428895612e-02,1.172034761364528777e+00,4.864352370873012976e-01,1.218037129645968206e-02,-2.565640029391141538e-03,-3.843180082390228614e-03
-3.947958411995769468e-02,1.240439495533230074e+00,5.167228997223626275e-01,1.202449715389620859e-02,-1.533288315970257609e-03,-3.510028592190009376e-03
-6.448373396655410206e-02,1.194096563427182733e+00,5.202448459237466460e-01,1.250487374695727870e-02,-1.478822334938675181e-03,-3.498445574804684086e-03
-1.071054330979334251e-01,1.207917206034240687e+00,5.311757416968068135e-01,1.307528725458773598e-02,-1.255855052906753797e-03,-3.113105265326725560e-03
-6.019337431808294281e-02,1.146135812652165020e+00,5.164295601498116728e-01,1.210973817724869152e-02,-1.418431329152997772e-03,-2.870177917390218710e-03
-2.891149327240102873e-02,1.217842938237336803e+00,5.129147410904180138e-01,1.245981707690021340e-02,-1.442251694630494047e-03,-3.601417673950030752e-03
-5.831652607786193265e-02,1.184598157438288668e+00,5.531373180212026952e-01,1.257568388737983350e-02,-1.601336384078611008e-03,-3.183010463698535304e-03
-8.113534490571837343e-02,1.187083993464973508e+00,5.125056534175654877e-01,1.266541043909636018e-02,-1.413465768881252971e-03,-3.237391158297572152e-03
-6.048287759105350214e-02,1.172988755941973604e+00,5.307606667563078418e-01,1.219977865160872844e-02,-1.499412204479405944e-03,-3.392045164243772445e-03
-5.773526675021187216e-02,1.181239778671356211e+00,4.770398851009270969e-01,1.154949794180562886e-02,-1.346566356004295917e-03,-3.327523276615051810e-03
-3.483255550913755272e-02,1.169379985716042514e+00,5.273748195779849324e-01,1.205436549724128899e-02,-1.830550509815372442e-03,-3.716820471010184434e-03
1.923922624944868209e-03,1.189692646263233122e+00,4.880225705246298284e-01,1.229563007070058958e-02,-1.994227711643224710e-03,-3.650891668349540500e-03
-1.111929829914107271e-02,1.172490236114329676e+00,5.114058420876836930e-01,1.262688892953090121e-02,-1.916290576899739098e-03,-3.491970914707933152e-03
-9.552331784354294031e-02,1.236404340129066082e+00,5.560927171375176226e-01,1.292369308717594353e-02,-1.421402457908935157e-03,-3.232972823334356177e-03
-6.350871674334125638e-02,1.206006069067699471e+00,5.283640676734173702e-01,1.272427347276028700e-02,-1.643298967221529933e-03,-3.200301060778940922e-03
-2.056204606101544319e-02,1.179020462956810400e+00,5.091817309402583147e-01,1.230997559342267289e-02,-1.859272029204092624e-03,-3.528901055468254642e-03
-6.799720472202494537e-02,1.185844449979800874e+00,5.250946072883352356e-01,1.210637903636109861e-02,-1.108855080024633358e-03,-3.573341580233254083e-03
-1.373488033858267787e-01,1.241528564504897458e+00,5.465587337534757451e-01,1.260576891898388015e-02,-9.618193070436587694e-04,-2.798017548004919954e-03
-2.100709181977119810e-01,1.313897029678195993e+00,6.086248102955973405e-01,1.370184006669550314e-02,-4.720629967327610865e-04,-2.771758628949255558e-03
4.964796157819917344e-03,1.144780307890989279e+00,5.038295908555063818e-01,1.143303235922204890e-02,-1.913234370513971702e-03,-3.899055725734899055e-03
-9.390257035140882336e-02,1.165975760162301533e+00,5.230463332252900388e-01,1.263984964563459601e-02,-1.240542342088946440e-03,-3.259496089260169316e-03
-5.809851929085163569e-02,1.172001252121627868e+00,5.079193766529870313e-01,1.266006617872365500e-02,-1.644787858389130594e-03,-3.415192512463448033e-03
-2.188464926593086668e-01,1.226529299661692329e+00,5.736920692548006517e-01,1.280007534415336656e-02,-1.711173890421371913e-04,-2.455490512094165093e-03
-4.269642913171864396e-02,1.177550762940422269e+00,5.289532406275115894e-01,1.206422219222201032e-02,-1.675602903756538350e-03,-3.555702283717343884e-03
-1.272460069355997314e-01,1.215956361812028153e+00,5.577198174701456512e-01,1.247130964886581338e-02,-9.142302899913766490e-04,-3.237495778954515430e-03
-6.709883982305761552e-02,1.171458611725032517e+00,5.094228067542307947e-01,1.218602355678369970e-02,-1.547295755675094295e-03,-3.500415825833293020e-03
-4.234501633704157442e-02,1.203914727087854519e+00,4.979329899323321484e-01,1.212265947547031333e-02,-1.715669041035601528e-03,-3.419681377596799250e-03
-1.853862801084914247e-01,1.251122315491514980e+00,5.893049616903662802e-01,1.291913393858795320e-02,-4.413252263225902333e-04,-2.601529972794146446e-03
-5.167087934491584877e-02,1.197202662908727344e+00,5.285559124125160935e-01,1.274244013902263439e-02,-1.755328499745295937e-03,-3.487594931151680178e-03
-3.867020629484199667e-02,1.136364550873780299e+00,4.993430191832044507e-01,1.223108306896414539e-02,-1.699679598681027443e-03,-3.480909662680310278e-03
-5.011903663410427479e-02,1.163352736419477340e+00,5.000398838949405844e-01,1.225871294983544267e-02,-1.691851974789776100e-03,-3.194398390398388732e-03
-3.388112806126580834e-02,1.173714537508582456e+00,4.855462781170046815e-01,1.193010034263708961e-02,-1.796920376555138227e-03,-3.326595194936404591e-03
-1.280072457001067421e-01,1.187108679109056819e+00,5.426551166532277426e-01,1.228191681299153210e-02,-9.504665784486384522e-04,-2.910448894446064031e-03
-8.301874089473430807e-02,1.172276360499476811e+00,5.079084481826228181e-01,1.191372304218549921e-02,-1.459845535812319406e-03,-3.446303354747740685e-03
-9.620111266632716540e-02,1.174993133586408778e+00,5.338478995702098384e-01,1.214467588954111846e-02,-9.063479805263372630e-04,-3.509918224253884018e-03
-7.339099923992940810e-02,1.188939047470418675e+00,5.214876930416302292e-01,1.240296464884240585e-02,-1.434624608669927623e-03,-3.140416302204511456e-03
-2.380478863819854296e-02,1.190264649000341013e+00,5.095711106945172153e-01,1.212420435661559596e-02,-1.745978432181513260e-03,-3.585329403547128820e-03
-1.204911464336720223e-01,1.215775228958535514e+00,5.341510292425932782e-01,1.303446634656756607e-02,-1.068024032706098997e-03,-2.899923554297963429e-03
-2.146718695778943031e-02,1.197497308331793242e+00,4.948765708752055348e-01,1.194065806436099206e-02,-2.166096480580761985e-03,-3.568303637477039571e-03
-6.670697018075283369e-02,1.160895293780727533e+00,5.237789183475597410e-01,1.189639112336291112e-02,-1.388001877048863908e-03,-3.292962695783027954e-03
-6.583406381191397871e-02,1.245774932300397486e+00,5.202861281491812928e-01,1.275029734161247860e-02,-1.851616885184438274e-03,-3.122105352216485163e-03
-6.131542929799574382e-02,1.169690675542709224e+00,5.221892292235891242e-01,1.220664544656890546e-02,-1.353525454240951664e-03,-3.330684151749298445e-03
-7.887154853582564740e-02,1.204610918866798386e+00,5.328991354928794832e-01,1.277750938682670548e-02,-1.428008371632294091e-03,-3.329677393363936547e-03
-8.101106151251823151e-02,1.242852876900469195e+00,5.474577441672139333e-01,1.253475283266698020e-02,-1.244231445064331032e-03,-3.383862818327607134e-03
-6.481709962260147340e-02,1.147315922432973867e+00,5.003563667434619555e-01,1.198350132866753646e-02,-1.522585604552194674e-03,-3.154943175474561427e-03
-1.178466891474330563e-01,1.256590436986998016e+00,5.252684300952190632e-01,1.322201697714182542e-02,-1.284315654728912862e-03,-2.960896505364671739e-03
-3.521369790634021335e-02,1.181947925645970177e+00,4.687352164500017127e-01,1.229830056982436984e-02,-1.797692959286808015e-03,-3.390231649834165271e-03
-1.003457435421669514e-01,1.198133704849347447e+00,5.321053358315184223e-01,1.261990953050266817e-02,-1.134136520229551276e-03,-3.227970325136134307e-03
-1.790572704227643697e-01,1.304433570743673609e+00,5.740230524568916692e-01,1.331234160996410190e-02,-7.003663879914679563e-04,-2.691347376027077715e-03
-7.259228129987503608e-02,1.220099659713613560e+00,5.568452283834653960e-01,1.243853517067240733e-02,-1.273188312568987804e-03,-3.397347351133200421e-03
-3.338477944022469335e-02,1.173456802645901131e+00,5.306221621024300727e-01,1.201686621286151765e-02,-1.872650726061547699e-03,-3.165549974876607966e-03
-1.790180302670799084e-02,1.228323138465027276e+00,5.023295794215842935e-01,1.243913554190587654e-02,-1.960844929793870151e-03,-3.581005826039725289e-03
-7.464499640552792192e-02,1.155244004121127599e+00,5.303815524754347255e-01,1.232862303230375378e-02,-1.768885739891685668e-03,-3.003554206588077233e-03
-1.524597277865294698e-01,1.253397047196925351e+00,5.392867175035932492e-01,1.258320437577285442e-02,-8.576343695907706621e-04,-3.159737169994494312e-03
-1.626399553777619078e-01,1.196957398369400183e+00,5.795175975426188897e-01,1.281602155889173013e-02,-4.160582910287952130e-04,-2.701099934648625630e-03
-4.566113799565771347e-02,1.203934980221656792e+00,5.001063710796469497e-01,1.255398567297383652e-02,-1.616720870444319363e-03,-3.249111884472075280e-03
-7.338236920875119973e-02,1.176164216197441714e+00,4.985530716280265340e-01,1.240179961170597041e-02,-1.554342067678510589e-03,-3.235520599364083948e-03
-4.612833054541143341e-02,1.215668519632251643e+00,5.222172144719153808e-01,1.253244721642529994e-02,-1.739428924060178530e-03,-3.331802115155881820e-03
-1.159212779827957646e-01,1.220664734723314604e+00,5.507962570732356511e-01,1.263855462522836537e-02,-7.646013922536810947e-04,-3.180906250728712803e-03
-1.762059590059603664e-01,1.217908708503803394e+00,5.444007416610457950e-01,1.283991746280964234e-02,-8.189742653490032775e-04,-2.640138650449076752e-03
3.698487856824972386e-04,1.140376298731827776e+00,4.940009883175721095e-01,1.179476319982523773e-02,-1.796332259317769825e-03,-3.547193443755787025e-03
-3.315684720041137123e-02,1.160023050319331839e+00,5.048539310855152396e-01,1.191023594605394170e-02,-1.837631971807394266e-03,-3.135073555348125499e-03
-1.565481445546679784e-01,1.221702219872870199e+00,5.585092286254694782e-01,1.245901095342127202e-02,-9.318184490635997297e-04,-2.724711395275855336e-03
-1.457967928925090473e-01,1.268563320839838360e+00,5.733165639242597811e-01,1.331567625517606802e-02,-9.819948663580633369e-04,-2.752908541309171623e-03
-1.276422021713455590e-01,1.245771783474392658e+00,5.573425317304525617e-01,1.341024345877400714e-02,-1.198573284021347760e-03,-2.858756906890062670e-03
-7.209868475300637569e-02,1.145096182106008387e+00,5.398835893351456861e-01,1.230627189425037050e-02,-1.303890082432918388e-03,-3.314096687688145894e-03
7.578304853415651632e-03,1.162737916032520857e+00,4.808354885692718295e-01,1.138693944191681781e-02,-2.203134150139274966e-03,-3.500135327822505825e-03
-6.714204946907013916e-02,1.232167450334410663e+00,5.456876337128312437e-01,1.252636377270486059e-02,-1.764792632323434335e-03,-3.011323478943055132e-03
-1.426172518681383949e-01,1.203587208888108551e+00,5.499474456559009239e-01,1.318343817526784582e-02,-7.645272535301960576e-04,-2.905053196475403110e-03
-9.978899271481872502e-02,1.174675492770835827e+00,5.303489253882207599e-01,1.196861069882944502e-02,-1.428057243690524294e-03,-2.611660568602745206e-03
-8.449940416822183942e-02,1.215263606382249284e+00,5.592065236108086923e-01,1.225576468150578295e-02,-1.042929181416470119e-03,-3.463232896739065932e-03
-9.634524679104028433e-03,1.175553426866517315e+00,5.136059824069083568e-01,1.228703216504633058e-02,-1.953308466445289465e-03,-3.671477309373883963e-03
-1.176245314484437032e-01,1.214630027270904522e+00,5.285441925142514430e-01,1.252668487077583659e-02,-1.294873248986900746e-03,-2.950582663887793902e-03
-1.038583271128671603e-01,1.232408744426081837e+00,5.793813142846621078e-01,1.224680385108878680e-02,-1.123930542483886352e-03,-3.154453629412161918e-03
-1.610888307665907515e-01,1.217803593837440967e+00,5.735681676008467234e-01,1.256114470792247216e-02,-7.979842645785013150e-04,-2.914104522497874654e-03
-4.890275075095049107e-02,1.178802195663768870e+00,5.393479900201574306e-01,1.305704357816446677e-02,-1.463987351679546522e-03,-3.632168963010168426e-03
-1.233375585659811230e-01,1.146190309679676389e+00,5.069363669195046107e-01,1.247984411184696781e-02,-1.133039855431200449e-03,-2.814817797366407984e-03
-9.442101219715130778e-02,1.218095012077779593e+00,5.249081663997424707e-01,1.228062900099947605e-02,-1.424808533636768085e-03,-3.010112189418227314e-03
-1.219514568212077266e-01,1.229502388049560802e+00,5.758750243994341655e-01,1.226343716797810568e-02,-8.946397381714987773e-04,-2.851993770232408819e-03
-1.403046842479188372e-01,1.271821341083359647e+00,5.660342880255927467e-01,1.346386249234313506e-02,-1.409161704931815098e-03,-2.982328479555276801e-03
-9.957815395697303118e-02,1.232983842062806756e+00,5.543284170254232368e-01,1.276015733274127317e-02,-9.974011956541423835e-04,-3.356839919398035919e-03
-1.090172410139634007e-01,1.195257256195616513e+00,5.259165231485910530e-01,1.193346313347084554e-02,-1.422274152823560511e-03,-3.054933613245929425e-03
-9.256687515540809597e-02,1.247862936701651826e+00,5.532779322952815493e-01,1.302525176282423244e-02,-1.064533933863427012e-03,-3.502684729769837274e-03
-1.422810273467172704e-01,1.211393468815744834e+00,5.192322804697252492e-01,1.290628995121483220e-02,-1.000171170864611742e-03,-3.020382235096487258e-03
-6.121639549728527530e-02,1.178473255240553907e+00,4.953900967731607041e-01,1.231883754844751572e-02,-1.623818950289915297e-03,-3.358216744420433088e-03
-2.054496392085988776e-02,1.207002968966528922e+00,5.325643308478706928e-01,1.237837333879241580e-02,-1.825115132796518991e-03,-3.501433649382130076e-03
-5.995178105332890639e-02,1.186350813480495869e+00,5.022984260290718206e-01,1.242417561488648979e-02,-1.774336465364336965e-03,-3.125104333723430911e-03
-1.279465027021787216e-01,1.212755920008774968e+00,5.609357914565660241e-01,1.305904247945635817e-02,-1.096788747986835247e-03,-3.007266189634395185e-03
-8.209166947489705823e-02,1.199893522317514005e+00,5.014893028479103787e-01,1.201048848056553847e-02,-1.922152398153973221e-03,-3.021980482212616691e-03
-5.160598499977003817e-02,1.214670935554497788e+00,5.176015937512191689e-01,1.243605239353931871e-02,-1.739655071541593503e-03,-3.275966324405370569e-03
-7.624070882090515366e-02,1.234119020194709426e+00,5.325765530332927655e-01,1.235072928807650489e-02,-1.205685174763574882e-03,-3.491565964383679544e-03
-5.462616487377044971e-02,1.182950092625451477e+00,5.117893447992548639e-01,1.268866785704729494e-02,-1.829255598148810114e-03,-3.299608142362482795e-03
-1.058554005657982022e-01,1.234948019390650353e+00,5.184842169691016300e-01,1.253440439350214826e-02,-1.276725342191208784e-03,-3.204943855776613230e-03
-1.091470619676248033e-01,1.261700586733172313e+00,5.592594255441453166e-01,1.293152431474938607e-02,-1.599703020493956421e-03,-3.112531140578704471e-03
-1.107811400410003283e-01,1.166043818089462558e+00,5.160047855913653114e-01,1.232175160951409429e-02,-1.120631093472679654e-03,-2.961273879096240191e-03
-1.422682442000788028e-01,1.294737863862234661e+00,5.785961168920155107e-01,1.366976216207742116e-02,-1.111128416030251337e-03,-2.577468157335006862e-03
-6.319091198967433098e-02,1.174975125853441549e+00,5.121207734248824917e-01,1.229522580294717914e-02,-1.603832280005230287e-03,-3.216159593916738824e-03
-1.337537458694614267e-01,1.270292111288158887e+00,5.502766603714761562e-01,1.326262267010799682e-02,-1.050680914455646639e-03,-2.982038364730907158e-03
-4.105208883380292995e-02,1.212902248127979421e+00,5.019905160048219184e-01,1.242281651247925667e-02,-2.113424190274926923e-03,-3.551034878157710399e-03
-8.170268131715328896e-02,1.225578967155739107e+00,5.331163186558535161e-01,1.295389218477621673e-02,-1.392896045879485345e-03,-3.268417604999212644e-03
-8.191211204314841066e-02,1.230783460908894122e+00,5.275439496811272777e-01,1.260632392829451331e-02,-1.539301476107859598e-03,-3.018532599825397671e-03
-2.423467137692583706e-02,1.210423770067155402e+00,5.163231730116069063e-01,1.212001519618208234e-02,-1.973325006913367180e-03,-3.632242383118053277e-03
-8.224429198757234050e-02,1.240229455973963502e+00,5.243072376220290209e-01,1.241031935183398160e-02,-1.245385290641913209e-03,-3.388182541869892272e-03
-9.815235994115022178e-02,1.215635402880517635e+00,5.051372330532684085e-01,1.238259936507261211e-02,-1.646203983131254087e-03,-3.509738848449198579e-03
-9.395856910840799658e-02,1.238079126543430108e+00,5.456432736615716150e-01,1.295408743073948703e-02,-1.127860903739437079e-03,-2.853091131702330339e-03
-1.875990040913689261e-01,1.263189512636738066e+00,5.906305124567694520e-01,1.369315754648400656e-02,-7.662919087791757178e-04,-2.579448784059481213e-03
-6.859187114241781236e-02,1.174977754798251617e+00,5.168140886031070691e-01,1.221052375036960416e-02,-1.403358098394969639e-03,-2.956057862865727436e-03
-3.933987699309637875e-03,1.211208338885163549e+00,5.114726674931516781e-01,1.229850587628427729e-02,-1.955485257394104157e-03,-3.444981696871250113e-03
-5.472604656018514868e-02,1.207648043939453686e+00,4.903815996329221605e-01,1.234431832249488666e-02,-2.066510770364021407e-03,-3.492251562748710080e-03
-1.741365160890074038e-01,1.204943301347442208e+00,5.651895662284091015e-01,1.310788706559408781e-02,-4.362397820894172579e-04,-2.815333196142639615e-03
-1.000722106145947865e-01,1.224952194894488366e+00,4.993992834383144119e-01,1.252634550139039571e-02,-1.723232465542332004e-03,-3.207687556503788229e-03
-4.942945339163662410e-02,1.158572019324562774e+00,5.414604319690833334e-01,1.218470309710575385e-02,-1.534215810525495910e-03,-3.232350960941309751e-03
-5.061381367643935647e-02,1.182667061975532397e+00,4.868531555336383931e-01,1.225776583287753289e-02,-1.897706488168626054e-03,-3.434307581572354669e-03
-6.816824562318914149e-02,1.234791475953779916e+00,5.307355682965355648e-01,1.290476346989608523e-02,-1.625683702045967530e-03,-3.240441742182437624e-03
-1.325256439329152991e-01,1.248099777386437959e+00,5.509228653549748111e-01,1.335521680670060350e-02,-1.036868090664905956e-03,-3.198205655194258628e-03
-2.171672621814085269e-01,1.299771793562998212e+00,5.867017047823355202e-01,1.331501695897045062e-02,-5.090573175643708925e-04,-2.718752669384221724e-03
-4.101506525698891958e-02,1.264231979206122070e+00,5.090713291094375315e-01,1.312653835819062483e-02,-2.155371897554356903e-03,-3.508237398457546459e-03
-1.062555636386108282e-01,1.193341737979985107e+00,5.317291197920861467e-01,1.248351079976471080e-02,-1.369723925996263816e-03,-3.246962422196440507e-03
-2.554221043968205040e-02,1.175659877749880122e+00,4.896922746053188336e-01,1.230237035430134865e-02,-1.976620947289349506e-03,-3.459692521461311954e-03
-1.210679990246954774e-01,1.197833232354929889e+00,5.314411547743723707e-01,1.249835512344813979e-02,-1.265288431295689964e-03,-3.067822143374000603e-03
-1.092457116836691028e-01,1.226647419375896719e+00,5.234230360139832117e-01,1.244748527890246481e-02,-1.132720815192108516e-03,-3.313377978186966052e-03
-4.101090463483708648e-02,1.212251594885500383e+00,4.969711804400277488e-01,1.263485604026294215e-02,-2.005185537541715607e-03,-3.420059984953942658e-03
-6.694558491073383799e-02,1.160622078225679088e+00,5.192922796020291720e-01,1.250554043586278932e-02,-1.461334104765413255e-03,-3.368387130621144573e-03
-1.235011815193989004e-01,1.230842937291600769e+00,5.518018978414729325e-01,1.288279676367160356e-02,-1.182620172954585228e-03,-2.819002944022253303e-03
-1.961692866326129880e-01,1.278602737314202820e+00,5.828415790754526427e-01,1.333263938956538025e-02,-1.850293161079780840e-04,-2.973737152344143979e-03
-8.006077320401706887e-02,1.209658671842551936e+00,5.164444780475436758e-01,1.253324866205126308e-02,-1.569730855908205505e-03,-3.333127665820409622e-03
-6.854355356312993863e-02,1.222078283901130380e+00,5.046124623777525908e-01,1.265057708117978998e-02,-1.706171524200239889e-03,-3.424547826629301909e-03
-8.029962564365503153e-02,1.195857969465077719e+00,5.422393142990157289e-01,1.254136276461064251e-02,-1.386798042871143985e-03,-3.421592036506364981e-03
-1.674242525822659533e-01,1.226971019889756542e+00,5.429488011657583879e-01,1.242700095385936704e-02,-8.569321339245029173e-04,-2.767823555674348967e-03
-1.307709725451275395e-01,1.155014986430887625e+00,5.669633381702172681e-01,1.209999009397268871e-02,-9.760052560649837283e-04,-3.063862692011564900e-03
-8.337636590628531852e-02,1.269004455040558588e+00,4.965045627309180309e-01,1.256284305668189417e-02,-1.550793156771725773e-03,-3.593690398517922734e-03
-2.426297392761234128e-02,1.166414019681859093e+00,5.272338012253912076e-01,1.234670858584515848e-02,-1.897413699727359959e-03,-3.384434802733837268e-03
-3.764752608472551887e-02,1.165979142623009723e+00,5.037320500620838803e-01,1.276692956447399510e-02,-1.794496442799258656e-03,-3.312113572156973919e-03
-1.207211340258421139e-01,1.193893277158629918e+00,4.951816274275600005e-01,1.218970283162985370e-02,-1.548579061150886019e-03,-2.701208426007520140e-03
-1.015221032086570524e-01,1.238616732702449763e+00,5.617488063408323518e-01,1.279893132705853254e-02,-1.049051314586579506e-03,-3.183047470927088170e-03
-3.621208653258817245e-02,1.179392804284365104e+00,5.119954297087893069e-01,1.255586026708226804e-02,-1.564304527367672837e-03,-3.689812823335366677e-03
-1.015932877221070729e-02,1.137536184181640708e+00,5.088801662180090224e-01,1.260517338996563000e-02,-2.004305348951605087e-03,-3.282069822031808380e-03
-5.511511057029108707e-02,1.139992482755522341e+00,5.267535602638572234e-01,1.184684311445063573e-02,-1.569686801967333512e-03,-3.157484574889426326e-03
-1.238547010188979502e-01,1.243373272034201893e+00,5.404092560165477677e-01,1.192303154062926591e-02,-1.423748340595231560e-03,-3.242244237679928719e-03
-6.195712047999611671e-02,1.205983933035565947e+00,5.345017446310709186e-01,1.208394951010008551e-02,-1.793922356395657655e-03,-3.489973357403768853e-03
-7.425154369289549416e-02,1.238071644706092211e+00,5.473694889374196570e-01,1.258708243610363181e-02,-1.306482691584823566e-03,-3.411475938506125863e-03
-1.234035501991803119e-01,1.189658243309033470e+00,5.321547763823559762e-01,1.206485460144536559e-02,-1.296976398641314435e-03,-2.902127218572093589e-03
-5.669014071440525715e-02,1.251573523828118484e+00,5.191342672988247253e-01,1.262294025572877065e-02,-1.687736283802638085e-03,-3.861761465076008967e-03
-1.052552333051322009e-01,1.264636441030409397e+00,5.197150893408627459e-01,1.281678297792911321e-02,-1.331634346912148256e-03,-3.125318588812006724e-03
-6.340986294235853582e-02,1.146762424758864363e+00,5.400546264508442329e-01,1.230804799781966274e-02,-1.575645310064779925e-03,-3.017424824783212969e-03
-2.079820646250467864e-01,1.247780464756005570e+00,6.180012132000417546e-01,1.391336181241223727e-02,3.383552593714915513e-05,-2.522239769442729922e-03
-1.935244809466366012e-02,1.161317080742753749e+00,4.991129358969301766e-01,1.226892245444174620e-02,-1.885680083299005536e-03,-3.362997692786496087e-03
-5.220543926187359851e-02,1.169554291436463389e+00,5.091862256997468084e-01,1.214703616907469343e-02,-2.040690392789775917e-03,-3.272224553349663626e-03
-1.240964972975702602e-01,1.251272348466956785e+00,5.634130885136418021e-01,1.350853903746412898e-02,-1.179066836271471658e-03,-3.167572691275649579e-03
-4.149166654082936390e-02,1.200885351171082860e+00,5.200035327295144949e-01,1.259636556704302364e-02,-2.010388888328872373e-03,-3.150154914342519295e-03
-8.448126745922762693e-02,1.257073938844347039e+00,5.245887697977780206e-01,1.220901637993660784e-02,-1.517522643796676007e-03,-3.558270443091843260e-03
-1.023169214966517110e-01,1.255807295968900617e+00,5.309207340670620834e-01,1.269201984981753809e-02,-1.266958243460699837e-03,-3.758426027994192942e-03
-7.660710511887668106e-02,1.175942107046121787e+00,5.019888404428436424e-01,1.222918531909868156e-02,-1.527233024351017099e-03,-3.285162683487821787e-03
-9.737613769770445127e-02,1.213195366510296136e+00,5.063857323413412104e-01,1.207711230826103224e-02,-1.750191812833886904e-03,-3.392438682279535177e-03
-1.084566834654925871e-01,1.222585443247016679e+00,5.276692471912216575e-01,1.226761621523477820e-02,-1.110422193337151642e-03,-3.295464166567445286e-03
-5.755248287699211984e-02,1.140227069312838903e+00,5.715000490618382667e-01,1.239458450264092904e-02,-1.450096698972058729e-03,-2.942637742623848817e-03
-3.886724681160508288e-02,1.139385063415080390e+00,4.627853786632527555e-01,1.205328148584183107e-02,-1.749412314295165083e-03,-3.289139368856788381e-03
-1.467360575023244906e-01,1.281218172973174418e+00,6.026990325492392886e-01,1.334540707084607564e-02,-6.389868628660574923e-04,-2.937432656480018587e-03
-9.978313247662602692e-02,1.174709361135940044e+00,4.934766656043273469e-01,1.221810938973889003e-02,-1.600459027027937436e-03,-3.364001109551788792e-03
-7.909706359280659071e-02,1.263690399956187260e+00,5.153066156340395665e-01,1.320161610547999215e-02,-1.569428662957773196e-03,-3.335404642291841821e-03
-1.314327007076648846e-03,1.194879823703995703e+00,5.265620317875543410e-01,1.255291814996907160e-02,-2.326433242946943092e-03,-3.104396116461371515e-03
-6.948120547801507618e-02,1.075999156421368008e+00,5.475954612911289043e-01,1.200672392662662305e-02,-1.779711719910122628e-03,-2.894029602870085236e-03
-1.077004516308207455e-01,1.316085008723172356e+00,5.028604482373547624e-01,1.344608839422999254e-02,-9.794054812432301943e-04,-3.431792025032745757e-03
-1.312614678220433428e-02,1.078444562925936268e+00,4.927689759077512610e-01,1.132776540144046773e-02,-2.436840735689034879e-03,-3.060448317757148186e-03
-1.042624261143970249e-01,1.190908753146404653e+00,5.109398892425609517e-01,1.218494777297066643e-02,-1.076354417915099948e-03,-3.431983901726452617e-03
-8.393457664284731390e-03,1.158104551833579299e+00,5.198472755038272552e-01,1.187643069290941766e-02,-1.984646000434533986e-03,-3.316253774302356950e-03
-6.023994586124661876e-02,1.207812202173286664e+00,4.905391520720824294e-01,1.230105250222263136e-02,-1.484158049928470391e-03,-3.742378221088514447e-03
-2.039706119034775944e-02,1.194605622590460436e+00,5.004278266494505134e-01,1.215381651562930966e-02,-2.062494796301659813e-03,-3.665645394718404157e-03
-5.860763554615644466e-02,1.249662609147047299e+00,5.410245748402777721e-01,1.274342331507381278e-02,-2.148311696597285034e-03,-3.280623617479656688e-03
-6.997075763610431653e-02,1.205205646705073796e+00,5.325957053441191524e-01,1.236336261271268888e-02,-1.391938083043752980e-03,-3.344122054357431470e-03
-4.024654046665976370e-02,1.154752439940345710e+00,5.190796552695461363e-01,1.291172163714950430e-02,-1.862991142683964943e-03,-3.266250306870962291e-03
-1.032356992513707161e-01,1.156103275998890956e+00,5.375544998983552425e-01,1.266890831929253468e-02,-1.272722591966826688e-03,-3.079708756943898632e-03
-6.630971056154884302e-02,1.209564045191187764e+00,5.125293027774705523e-01,1.241243034701239832e-02,-1.489887747372971305e-03,-3.410556318707539877e-03
-5.719802026578363341e-02,1.235113083933898626e+00,5.266713600565993136e-01,1.241221047185943338e-02,-1.586418718258356467e-03,-3.523676615889803892e-03
-1.240164548000064065e-01,1.203644742639937926e+00,5.463677943072704490e-01,1.284999280050237551e-02,-9.732040150176798909e-04,-2.960119405564675798e-03
-4.980205337035037427e-02,1.168349429606620804e+00,5.175211483453655559e-01,1.211662651905585746e-02,-1.753012717662016592e-03,-3.265827700280711683e-03
-8.705043003542253799e-02,1.188456224889812951e+00,5.240665422017586339e-01,1.190339293016190111e-02,-1.389561005367785304e-03,-3.328359271418584574e-03
-5.778648712197362314e-02,1.215783978411773880e+00,5.247135122088284476e-01,1.228271580225794371e-02,-1.788524551891166117e-03,-3.442551695023168649e-03
-7.597352077986406493e-02,1.248158683124893420e+00,5.222351952274879583e-01,1.323398451027836369e-02,-1.689090980803706343e-03,-3.405380265215314506e-03
-8.334816494899102701e-02,1.179229765771893312e+00,5.016881214388130283e-01,1.232815264788827969e-02,-1.611834494433373940e-03,-3.134303961131717792e-03
-3.286684661817856901e-02,1.154473078165683120e+00,5.384071613793117717e-01,1.214002686303503921e-02,-1.673796663733429294e-03,-3.509897779523292807e-03
-7.026784957313059188e-02,1.221905629732652709e+00,5.290250347835382394e-01,1.291476264270670533e-02,-1.424981295733691519e-03,-3.524220806549361804e-03
-6.864445953461993655e-02,1.205022476279814958e+00,5.434276989071515906e-01,1.254594646010909892e-02,-1.603976176454968705e-03,-3.210285460007772981e-03
-5.927764307677252376e-02,1.178704243438418287e+00,5.058016854070824797e-01,1.221530755156280748e-02,-1.693780165182861078e-03,-3.345490836049800146e-03
-1.140343162564746854e-01,1.224608552437598696e+00,5.017257177022386161e-01,1.254757868346891188e-02,-1.216054549638904969e-03,-3.102656577417990669e-03
-1.153542576605293135e-02,1.183952158335307647e+00,4.718026734416658208e-01,1.193355142018144750e-02,-2.321231452692461630e-03,-3.668575487636578994e-03
-1.534098671006690617e-01,1.208667167385849339e+00,5.610587371140085544e-01,1.243069910473583624e-02,-6.717083071589302623e-04,-2.821758029457559387e-03
-1.198690050624687947e-01,1.216021440123065345e+00,5.734723878363624516e-01,1.289881215091355157e-02,-1.009998964188933354e-03,-2.944183765330632158e-03
-5.175665059841469406e-02,1.190724194554665161e+00,5.128994433740832193e-01,1.271778032077279692e-02,-1.794625883249911791e-03,-3.298522873888569493e-03
-8.389753892656609535e-02,1.228827551688041586e+00,5.308685036108367061e-01,1.281880168072650587e-02,-1.564778867852065561e-03,-3.143102303272527365e-03
-4.392108079367407214e-03,1.106072645011249023e+00,4.980576866938517533e-01,1.153544732914507653e-02,-1.978660673856266067e-03,-3.330412030228063151e-03
-7.655544589159490876e-02,1.147562501960071257e+00,4.899611019548459900e-01,1.206732176633988109e-02,-1.397148140663863336e-03,-3.248372625748328826e-03
-8.320752343470740053e-02,1.229289079652956085e+00,5.314553078463535307e-01,1.278996117138006365e-02,-1.282372370012080376e-03,-3.137313508094761658e-03
-6.801080211432852796e-02,1.203122716935947745e+00,5.227038386523165103e-01,1.241378681608996254e-02,-1.587871189542377701e-03,-3.401474248435147271e-03
-1.349230069443523028e-01,1.124048711994962035e+00,5.237692777458509141e-01,1.204908096541183922e-02,-1.212695569663139322e-03,-3.177009601482220537e-03
2.968490575104376639e-02,1.131613945277103905e+00,5.135563170053676352e-01,1.173162778537683443e-02,-2.374362129499268600e-03,-3.459167467297457645e-03
-5.898245256281561821e-02,1.231662211766575199e+00,5.455332621460486919e-01,1.321458899363118361e-02,-1.510413972921008027e-03,-3.161359351126843183e-03
-5.279315606269929795e-02,1.212188912618835435e+00,4.990336791332965483e-01,1.288106666713140745e-02,-1.573316959797742970e-03,-3.323453186401518437e-03
-8.962162810545733216e-02,1.217799037484767588e+00,5.563314880020046038e-01,1.275892783891177835e-02,-1.187796269089380630e-03,-3.074815782137094947e-03
-1.000835067679425733e-01,1.213453640104517950e+00,5.322577961552884540e-01,1.265447164085025701e-02,-1.305330642074614342e-03,-2.950083640028389707e-03
-1.063325331304011134e-01,1.245705576579257068e+00,5.470772165725389380e-01,1.262902766996378684e-02,-1.125760023899483042e-03,-3.094069237783332593e-03
-2.127589354441564162e-02,1.139152868923254402e+00,5.591185051368583458e-01,1.199970760421598462e-02,-1.955766009228200944e-03,-3.274067700092791328e-03
-8.578761300078685537e-02,1.280132520864620815e+00,5.496718909203365255e-01,1.297439483953943297e-02,-1.159052111109967406e-03,-3.409761278589435677e-03
6.595026814071261456e-02,1.142685231165581961e+00,5.043214057585642118e-01,1.167939615049326529e-02,-2.985270383190293669e-03,-3.835386040712345478e-03
-5.433572720926063693e-02,1.148019760189660898e+00,5.167618196840924050e-01,1.208520245549304928e-02,-1.872198394609080052e-03,-3.157804835845318906e-03
3.084368271547935358e-02,1.224461606356371579e+00,5.292420248661054982e-01,1.239995397622621620e-02,-2.464499632678860894e-03,-3.478266076072228201e-03
-2.535732003623158426e-01,1.271598419261114277e+00,5.707105274368379222e-01,1.352211568137934999e-02,4.223552072662329487e-04,-2.768518853028704291e-03
-1.255258646247754406e-01,1.153333155943360167e+00,5.289195260453669611e-01,1.235195536365732427e-02,-1.006086596791638463e-03,-2.912600918965087184e-03
-3.012193400256010789e-02,1.368416500212054521e+00,5.229123321101806221e-01,1.352431857523848924e-02,-1.533150943003542058e-03,-4.106237192860708735e-03
-2.745243496564321317e-01,1.260347571802628241e+00,6.021427480976504487e-01,1.332252473158868078e-02,5.275611400697467757e-04,-2.306004532701825312e-03
-9.512561349565407109e-02,1.178473055185772056e+00,4.824784738695194752e-01,1.197499085594265315e-02,-1.158439013261628597e-03,-2.979040121440938108e-03
-6.665159159927366850e-02,1.233592929953593265e+00,5.436575854756292570e-01,1.272611993832173036e-02,-1.644176589540457048e-03,-3.714832532508430089e-03
-3.882070856328886932e-02,1.299479810571602334e+00,5.394631540358822974e-01,1.285568976286655639e-02,-1.681934650515842095e-03,-3.553054445653230399e-03
-4.570634970894121851e-02,1.201652160828753590e+00,5.350858835069570718e-01,1.260578291110421231e-02,-2.135243708615647273e-03,-3.470377520196086044e-03
-1.024689618644611250e-01,1.203408198950169927e+00,5.106599862304572746e-01,1.249909796033027432e-02,-1.217706918107226352e-03,-3.574430134295664835e-03
-7.994857592747932340e-02,1.131559180237774687e+00,5.348223862121533889e-01,1.191699675393512702e-02,-1.550399018387330768e-03,-2.690367394615731950e-03
-1.126628615278332662e-01,1.176372738817970331e+00,5.047890940576670316e-01,1.260694834684881679e-02,-1.330275299149563314e-03,-2.725655199717370684e-03
-8.014093733431473798e-02,1.173097379800503104e+00,5.338869837730858547e-01,1.230218058286843344e-02,-1.387279461247926948e-03,-3.137275515401096500e-03
-6.328062860267882894e-02,1.134491111116053608e+00,5.195818044167301863e-01,1.235314675248521364e-02,-1.915460076681333931e-03,-2.979024942045624055e-03
7.821814586948361292e-02,1.155732058043471788e+00,5.070213708982241885e-01,1.171866468747722635e-02,-2.893615259683757560e-03,-3.724562545992246045e-03
1.030667961735207139e-02,1.283697570533093080e+00,5.293507348871081541e-01,1.262912073823558787e-02,-2.149432376580552931e-03,-3.691479114368310509e-03
-5.617123295203718669e-02,1.197174875497606372e+00,5.292086751010447454e-01,1.234558054808215961e-02,-1.646320137758762459e-03,-3.297988575050608655e-03
-3.901234190627839160e-02,1.171965565188799019e+00,4.924197488208532647e-01,1.233642965987033317e-02,-2.064045679841766678e-03,-3.360456270309312640e-03
-1.226637146192908062e-01,1.198984199654513194e+00,5.235871193156746983e-01,1.244641596724738696e-02,-1.228757499758497199e-03,-3.241603937525084928e-03
-3.443694800572430492e-02,1.182292604934026770e+00,4.674218652548711717e-01,1.206566664667470604e-02,-2.023490415649744842e-03,-3.672369954622551995e-03
-7.769892068983424993e-02,1.177697332688499188e+00,5.205501527387603744e-01,1.240299796552885719e-02,-1.279683101413381374e-03,-3.398842299857756256e-03
-1.458425345327820644e-01,1.242741476898067354e+00,5.563086427770116416e-01,1.314216253244421956e-02,-8.364322860683805899e-04,-2.906997572805368815e-03
-7.312780252932893355e-02,1.205718928946699409e+00,5.372121734986750052e-01,1.284126650462232011e-02,-1.513802680437206435e-03,-3.039984425040869170e-03
-5.530527777806037992e-02,1.149354881190634670e+00,5.001964347647871456e-01,1.201048263693282360e-02,-1.879408968535013422e-03,-3.013125922234771367e-03
1.674157876295984115e-02,1.161891326139715686e+00,4.837865233317204527e-01,1.174774123520274868e-02,-2.514988066354502741e-03,-3.595247500634054811e-03
1.202389523964964013e-02,1.163102922174434228e+00,5.128946354691240606e-01,1.228842713150364412e-02,-2.167957187965698432e-03,-3.684953693265541688e-03
-5.464867505632342581e-02,1.229046199102809656e+00,5.046656825159135940e-01,1.230275121550232498e-02,-1.610853746367804998e-03,-3.376685552739591874e-03
-4.783457846591709917e-02,1.214176812907409531e+00,5.055713320287511525e-01,1.253854362700753192e-02,-1.662379745069136883e-03,-3.513044343638254026e-03
-7.531396434143373952e-02,1.199189341090293848e+00,5.383258186029633574e-01,1.259692495868176831e-02,-1.646862847094941740e-03,-2.943234217885282167e-03
3.724548628634416492e-04,1.229463959358423786e+00,5.053451161814338510e-01,1.254767623220918310e-02,-2.317451014833072157e-03,-3.846478078585154840e-03
-6.592338988331573890e-02,1.234139985683710306e+00,5.091961029919451764e-01,1.250279459727285207e-02,-1.658559765919097664e-03,-3.277215913764849799e-03
-8.158078563846697662e-02,1.188449587867308477e+00,5.351058409361483248e-01,1.211687721690223735e-02,-1.115705694479229154e-03,-3.190021387428546192e-03
8.805724199382108930e-03,1.225656629986088930e+00,5.193946254623945658e-01,1.254821479473176675e-02,-2.237989948450293254e-03,-3.826161442738407366e-03
-5.223760582312186873e-02,1.179968416208753146e+00,5.175864648681564040e-01,1.195603701784679791e-02,-1.724516742573232661e-03,-3.477126232460846234e-03
-6.727527116703047039e-02,1.184917758365794827e+00,5.361728311206449549e-01,1.255056636509252130e-02,-1.441673971768664755e-03,-3.403605546976907863e-03
-4.552572532918944259e-02,1.158619502464989459e+00,5.028308256176717839e-01,1.216726130862939501e-02,-1.815112383194634679e-03,-3.424353807727500976e-03
-4.859778018372440389e-02,1.137059475118695984e+00,4.968866078282345722e-01,1.218302925792520697e-02,-1.549612564817422558e-03,-3.178206260478115899e-03
-7.175962936522926883e-02,1.179613892308043921e+00,5.223748619320509601e-01,1.221076767844157807e-02,-1.063981434367993265e-03,-3.106356829778608025e-03
-2.329871246886244807e-02,1.189123563761825153e+00,5.182975872985129406e-01,1.254791145117247278e-02,-1.878915412836386703e-03,-3.463042455999098667e-03
1.613574544340776185e-02,1.099566268360266719e+00,5.334498293050109474e-01,1.176789636679971551e-02,-2.191800628839571385e-03,-3.235922018494070442e-03
-6.210185396124481838e-02,1.171183680953653994e+00,4.823758695860986823e-01,1.195930531545770503e-02,-1.425653240455614437e-03,-3.450663688099125069e-03
-1.175491261001659904e-01,1.217838010380811742e+00,5.549879061100735367e-01,1.275689221792391040e-02,-1.383390107890616547e-03,-2.831114911227715705e-03
-1.257934920308366178e-01,1.236071796162137915e+00,5.419518385977036834e-01,1.269226113182752615e-02,-1.120659490551770623e-03,-3.016590724810744393e-03
-1.501755008410621262e-02,1.159874967292678027e+00,5.110630142999749159e-01,1.216884560365790249e-02,-2.087758983040302260e-03,-3.414917616284671251e-03
-7.396902866749738292e-03,1.204865874389744684e+00,5.169989632161929860e-01,1.242544083622374937e-02,-1.931806763575877328e-03,-3.537125908351556203e-03
-6.184926428061973680e-02,1.200796473041956247e+00,4.920123239345324251e-01,1.223185627911365682e-02,-1.523112095604498353e-03,-3.344036015155114894e-03
-3.708738355205337678e-02,1.098961394538029213e+00,5.121710187189137953e-01,1.188964599941137734e-02,-1.860641386902390018e-03,-3.301333807920674417e-03
-3.825814324571516489e-02,1.194675146237520025e+00,5.115032524882189291e-01,1.213397699047482660e-02,-1.821493152637200172e-03,-3.444480350073951796e-03
-6.523779683366745519e-02,1.172803620673092961e+00,5.152894052129934899e-01,1.216954647567994319e-02,-1.382531532243283512e-03,-3.393646413666063805e-03
-4.057555379129862416e-02,1.201906267598852551e+00,5.032489005714670949e-01,1.241470681140811015e-02,-1.738884896031836838e-03,-3.498644278181381982e-03
-8.259069820408240781e-02,1.179915451901117240e+00,5.187799252015732332e-01,1.230478033938943276e-02,-1.498398472378750443e-03,-3.229190054736445249e-03
-2.676811531339606254e-01,1.292361032388431141e+00,6.383064153980942956e-01,1.373476592374591257e-02,1.236950815281211147e-04,-2.169107818417819172e-03
-6.878879107849365793e-02,1.244453795062431478e+00,5.534840333001456170e-01,1.296086070469289545e-02,-1.401549116083228297e-03,-3.557194171578054349e-03
-1.598561204625754961e-01,1.187241034548651264e+00,5.298952763337696492e-01,1.250682789351797650e-02,-7.002421210322105211e-04,-2.918806617712065444e-03
-2.051544129721666332e-03,1.155415859185916494e+00,5.184559471880085813e-01,1.252036678791576020e-02,-2.150385826809170925e-03,-3.580563877486700203e-03
-5.860856796353830500e-02,1.138506352936679233e+00,4.868527114982927895e-01,1.142212820940593024e-02,-1.567400305110136852e-03,-3.249712598995488713e-03
-9.674827528081302030e-02,1.300119443598365621e+00,5.719211267176027569e-01,1.345312914841109014e-02,-1.280011435848372320e-03,-3.523611902398597097e-03
-1.089696540999337687e-01,1.118978862319953693e+00,4.995428749122495793e-01,1.231771457276844423e-02,-1.086478803602746943e-03,-3.314141013945668453e-03
-1.578656960329470338e-01,1.220943556923822282e+00,5.394034513548561227e-01,1.252161839954014921e-02,-7.801996264458349595e-04,-2.936155246970419998e-03
-1.236490171806615551e-01,1.179290904665782458e+00,5.051708525184008813e-01,1.203521278842111138e-02,-9.510247460779528567e-04,-3.370273513566416843e-03
-1.360640196955566483e-01,1.252809317189359284e+00,5.074270812545630394e-01,1.258519753657668869e-02,-4.864277517860268740e-04,-3.046996514569148742e-03
-6.042797023020410330e-02,1.241240747631040975e+00,5.551780566499506797e-01,1.282491265374745282e-02,-1.648997965859270304e-03,-3.641039412342030306e-03
-6.677203746721900590e-02,1.219398742542522562e+00,5.351024900011823737e-01,1.243382559281320902e-02,-1.350252077085438429e-03,-3.382983534056360330e-03
-8.776744959986473860e-02,1.224614894489167272e+00,5.369583008145139003e-01,1.253404550053734655e-02,-1.207746858664895256e-03,-3.153065274759412305e-03
-1.370847536477615147e-02,1.246819726159172692e+00,5.171237874755479913e-01,1.261210778385883288e-02,-1.851026601536995969e-03,-4.146570336735152379e-03
-1.054530293188200019e-01,1.175274955439727043e+00,5.275120308496193955e-01,1.235046570174278338e-02,-1.301527791069387319e-03,-2.843886082073687586e-03
-6.176037058734885898e-02,1.233525800790065796e+00,5.141198750663802386e-01,1.247134040119517520e-02,-1.428205251808856852e-03,-3.281490911189498608e-03
-4.764852207557701558e-02,1.138103224671338731e+00,5.283818605322809780e-01,1.161399922792024156e-02,-1.971856158751048027e-03,-3.284445113678442080e-03
-1.087964060596160881e-01,1.185954419101030277e+00,5.232904657548467231e-01,1.274815877292632266e-02,-1.241788941268676463e-03,-3.061670230921047318e-03
-2.126839211267530505e-01,1.103495545564574520e+00,5.465054803545306150e-01,1.231073269868667754e-02,-2.579981006239073782e-04,-2.394933895159584176e-03
1.034417416187056182e-01,1.114236175532623330e+00,4.029986185024642120e-01,1.102493078135182054e-02,-2.379331987365848958e-03,-4.578558856454972847e-03
-1.146540102241414422e-01,1.232388612392343985e+00,5.728180006458788442e-01,1.309489487324951018e-02,-1.189182930490041354e-03,-2.805576551490217806e-03
