9.269324035101671466e-01,-1.753978779712549521e-02,2.369196524073163002e-01,4.896148391759471696e-01,4.865886636517089969e-01,5.128440831817603351e-01,5.103917397546861023e-01
9.269324035101671466e-01,-1.753978779712549521e-02,2.369196524073163002e-01,4.896148391759471696e-01,4.865886636517089969e-01,5.128440831817603351e-01,5.103917397546861023e-01
9.269324035101671466e-01,-1.753978779712549521e-02,2.369196524073163002e-01,4.896148391759471696e-01,4.865886636517089969e-01,5.128440831817603351e-01,5.103917397546861023e-01
9.269324035101671466e-01,-1.753978779712549521e-02,2.369196524073163002e-01,4.896148391759471696e-01,4.865886636517089969e-01,5.128440831817603351e-01,5.103917397546861023e-01
9.269324035101671466e-01,-1.753978779712549521e-02,2.369196524073163002e-01,4.896148391759471696e-01,4.865886636517089969e-01,5.128440831817603351e-01,5.103917397546861023e-01
9.269324035101671466e-01,-1.753978779712549521e-02,2.369196524073163002e-01,4.896148391759471696e-01,4.865886636517089969e-01,5.128440831817603351e-01,5.103917397546861023e-01
9.269324035101671466e-01,-1.753978779712549521e-02,2.369196524073163002e-01,4.896148391759471696e-01,4.865886636517089969e-01,5.128440831817603351e-01,5.103917397546861023e-01
9.269324035101671466e-01,-1.753978779712549521e-02,2.369196524073163002e-01,4.896148391759471696e-01,4.865886636517089969e-01,5.128440831817603351e-01,5.103917397546861023e-01
9.269324035101671466e-01,-1.753978779712549521e-02,2.369196524073163002e-01,4.896148391759471696e-01,4.865886636517089969e-01,5.128440831817603351e-01,5.103917397546861023e-01
9.269324035101671466e-01,-1.753978779712549521e-02,2.369196524073163002e-01,4.896148391759471696e-01,4.865886636517089969e-01,5.128440831817603351e-01,5.103917397546861023e-01
9.269324035101671466e-01,-1.753978779712549521e-02,2.369196524073163002e-01,4.896148391759471696e-01,4.865886636517089969e-01,5.128440831817603351e-01,5.103917397546861023e-01
9.269324035101671466e-01,-1.753978779712549521e-02,2.369196524073163002e-01,4.896148391759471696e-01,4.865886636517089969e-01,5.128440831817603351e-01,5.103917397546861023e-01
9.269324035101671466e-01,-1.753978779712549521e-02,2.369196524073163002e-01,4.896148391759471696e-01,4.865886636517089969e-01,5.128440831817603351e-01,5.103917397546861023e-01
9.269324035101671466e-01,-1.753978779712549521e-02,2.369196524073163002e-01,4.896148391759471696e-01,4.865886636517089969e-01,5.128440831817603351e-01,5.103917397546861023e-01
9.269324035101671466e-01,-1.753978779712549521e-02,2.369196524073163002e-01,4.896148391759471696e-01,4.865886636517089969e-01,5.128440831817603351e-01,5.103917397546861023e-01
9.269324035101671466e-01,-1.753978779712549521e-02,2.369196524073163002e-01,4.896148391759471696e-01,4.865886636517089969e-01,5.128440831817603351e-01,5.103917397546861023e-01
9.269324035101671466e-01,-1.753978779712549521e-02,2.369196524073163002e-01,4.896148391759471696e-01,4.865886636517089969e-01,5.128440831817603351e-01,5.103917397546861023e-01
9.269324035101671466e-01,-1.753978779712549521e-02,2.369196524073163002e-01,4.896148391759471696e-01,4.865886636517089969e-01,5.128440831817603351e-01,5.103917397546861023e-01
9.269324035101671466e-01,-1.753978779712549521e-02,2.369196524073163002e-01,4.896148391759471696e-01,4.865886636517089969e-01,5.128440831817603351e-01,5.103917397546861023e-01
9.269324035101671466e-01,-1.753978779712549521e-02,2.369196524073163002e-01,4.896148391759471696e-01,4.865886636517089969e-01,5.128440831817603351e-01,5.103917397546861023e-01
9.269324035101671466e-01,-1.753978779712549521e-02,2.369196524073163002e-01,4.896148391759471696e-01,4.865886636517089969e-01,5.128440831817603351e-01,5.103917397546861023e-01
9.269324035101671466e-01,-1.753978779712549521e-02,2.369196524073163002e-01,4.896148391759471696e-01,4.865886636517089969e-01,5.128440831817603351e-01,5.103917397546861023e-01
9.269324035101671466e-01,-1.753978779712549521e-02,2.369196524073163002e-01,4.896148391759471696e-01,4.865886636517089969e-01,5.128440831817603351e-01,5.103917397546861023e-01
9.269324035101671466e-01,-1.753978779712549521e-02,2.369196524073163002e-01,4.896148391759471696e-01,4.865886636517089969e-01,5.128440831817603351e-01,5.103917397546861023e-01
9.269324035101671466e-01,-1.753978779712549521e-02,2.369196524073163002e-01,4.896148391759471696e-01,4.865886636517089969e-01,5.128440831817603351e-01,5.103917397546861023e-01
9.269324035101671466e-01,-1.753978779712549521e-02,2.369196524073163002e-01,4.896148391759471696e-01,4.865886636517089969e-01,5.128440831817603351e-01,5.103917397546861023e-01
9.269324035101671466e-01,-1.753978779712549521e-02,2.369196524073163002e-01,4.896148391759471696e-01,4.865886636517089969e-01,5.128440831817603351e-01,5.103917397546861023e-01
9.269324035101671466e-01,-1.753978779712549521e-02,2.369196524073163002e-01,4.896148391759471696e-01,4.865886636517089969e-01,5.128440831817603351e-01,5.103917397546861023e-01
9.269324035101671466e-01,-1.753978779712549521e-02,2.369196524073163002e-01,4.896148391759471696e-01,4.865886636517089969e-01,5.128440831817603351e-01,5.103917397546861023e-01
9.269324035101671466e-01,-1.753978779712549521e-02,2.369196524073163002e-01,4.896148391759471696e-01,4.865886636517089969e-01,5.128440831817603351e-01,5.103917397546861023e-01
9.269324035101671466e-01,-1.753978779712549521e-02,2.369196524073163002e-01,4.896148391759471696e-01,4.865886636517089969e-01,5.128440831817603351e-01,5.103917397546861023e-01
9.269324035101671466e-01,-1.753978779712549521e-02,2.369196524073163002e-01,4.896148391759471696e-01,4.865886636517089969e-01,5.128440831817603351e-01,5.103917397546861023e-01
9.269324035101671466e-01,-1.753978779712549521e-02,2.369196524073163002e-01,4.896148391759471696e-01,4.865886636517089969e-01,5.128440831817603351e-01,5.103917397546861023e-01
9.269324035101671466e-01,-1.753978779712549521e-02,2.369196524073163002e-01,4.896148391759471696e-01,4.865886636517089969e-01,5.128440831817603351e-01,5.103917397546861023e-01
9.269324035101671466e-01,-1.753978779712549521e-02,2.369196524073163002e-01,4.896148391759471696e-01,4.865886636517089969e-01,5.128440831817603351e-01,5.103917397546861023e-01
9.269324035101671466e-01,-1.753978779712549521e-02,2.369196524073163002e-01,4.896148391759471696e-01,4.865886636517089969e-01,5.128440831817603351e-01,5.103917397546861023e-01
9.269324035101671466e-01,-1.753978779712549521e-02,2.369196524073163002e-01,4.896148391759471696e-01,4.865886636517089969e-01,5.128440831817603351e-01,5.103917397546861023e-01
9.269324035101671466e-01,-1.753978779712549521e-02,2.369196524073163002e-01,4.896148391759471696e-01,4.865886636517089969e-01,5.128440831817603351e-01,5.103917397546861023e-01
9.269324035101671466e-01,-1.753978779712549521e-02,2.369196524073163002e-01,4.896148391759471696e-01,4.865886636517089969e-01,5.128440831817603351e-01,5.103917397546861023e-01
9.269324035101671466e-01,-1.753978779712549521e-02,2.369196524073163002e-01,4.896148391759471696e-01,4.865886636517089969e-01,5.128440831817603351e-01,5.103917397546861023e-01
9.269324035101671466e-01,-1.753978779712549521e-02,2.369196524073163002e-01,4.896148391759471696e-01,4.865886636517089969e-01,5.128440831817603351e-01,5.103917397546861023e-01
9.269324035101671466e-01,-1.753978779712549521e-02,2.369196524073163002e-01,4.896148391759471696e-01,4.865886636517089969e-01,5.128440831817603351e-01,5.103917397546861023e-01
9.269324035101671466e-01,-1.753978779712549521e-02,2.369196524073163002e-01,4.896148391759471696e-01,4.865886636517089969e-01,5.128440831817603351e-01,5.103917397546861023e-01
9.269324035101671466e-01,-1.753978779712549521e-02,2.369196524073163002e-01,4.896148391759471696e-01,4.865886636517089969e-01,5.128440831817603351e-01,5.103917397546861023e-01
9.269324035101671466e-01,-1.753978779712549521e-02,2.369196524073163002e-01,4.896148391759471696e-01,4.865886636517089969e-01,5.128440831817603351e-01,5.103917397546861023e-01
9.269324035101671466e-01,-1.753978779712549521e-02,2.369196524073163002e-01,4.896148391759471696e-01,4.865886636517089969e-01,5.128440831817603351e-01,5.103917397546861023e-01
9.269324035101671466e-01,-1.753978779712549521e-02,2.369196524073163002e-01,4.896148391759471696e-01,4.865886636517089969e-01,5.128440831817603351e-01,5.103917397546861023e-01
9.269324035101671466e-01,-1.753978779712549521e-02,2.369196524073163002e-01,4.896148391759471696e-01,4.865886636517089969e-01,5.128440831817603351e-01,5.103917397546861023e-01
9.269324035101671466e-01,-1.753978779712549521e-02,2.369196524073163002e-01,4.896148391759471696e-01,4.865886636517089969e-01,5.128440831817603351e-01,5.103917397546861023e-01
9.269324035101671466e-01,-1.753978779712549521e-02,2.369196524073163002e-01,4.896148391759471696e-01,4.865886636517089969e-01,5.128440831817603351e-01,5.103917397546861023e-01
9.269324035101671466e-01,-1.753978779712549521e-02,2.369196524073163002e-01,4.896148391759471696e-01,4.865886636517089969e-01,5.128440831817603351e-01,5.103917397546861023e-01
9.269324035101671466e-01,-1.753978779712549521e-02,2.369196524073163002e-01,4.896148391759471696e-01,4.865886636517089969e-01,5.128440831817603351e-01,5.103917397546861023e-01
9.269324035101671466e-01,-1.753978779712549521e-02,2.369196524073163002e-01,4.896148391759471696e-01,4.865886636517089969e-01,5.128440831817603351e-01,5.103917397546861023e-01
9.269324035101671466e-01,-1.753978779712549521e-02,2.369196524073163002e-01,4.896148391759471696e-01,4.865886636517089969e-01,5.128440831817603351e-01,5.103917397546861023e-01
9.269324035101671466e-01,-1.753978779712549521e-02,2.369196524073163002e-01,4.896148391759471696e-01,4.865886636517089969e-01,5.128440831817603351e-01,5.103917397546861023e-01
9.269324035101671466e-01,-1.753978779712549521e-02,2.369196524073163002e-01,4.896148391759471696e-01,4.865886636517089969e-01,5.128440831817603351e-01,5.103917397546861023e-01
9.269324035101671466e-01,-1.753978779712549521e-02,2.369196524073163002e-01,4.896148391759471696e-01,4.865886636517089969e-01,5.128440831817603351e-01,5.103917397546861023e-01
9.269324035101671466e-01,-1.753978779712549521e-02,2.369196524073163002e-01,4.896148391759471696e-01,4.865886636517089969e-01,5.128440831817603351e-01,5.103917397546861023e-01
9.269324035101671466e-01,-1.753978779712549521e-02,2.369196524073163002e-01,4.896148391759471696e-01,4.865886636517089969e-01,5.128440831817603351e-01,5.103917397546861023e-01
9.269324035101671466e-01,-1.753978779712549521e-02,2.369196524073163002e-01,4.896148391759471696e-01,4.865886636517089969e-01,5.128440831817603351e-01,5.103917397546861023e-01
9.269324035101671466e-01,-1.753978779712549521e-02,2.369196524073163002e-01,4.896148391759471696e-01,4.865886636517089969e-01,5.128440831817603351e-01,5.103917397546861023e-01
9.269324035101671466e-01,-1.753978779712549521e-02,2.369196524073163002e-01,4.896148391759471696e-01,4.865886636517089969e-01,5.128440831817603351e-01,5.103917397546861023e-01
9.269324035101671466e-01,-1.753978779712549521e-02,2.369196524073163002e-01,4.896148391759471696e-01,4.865886636517089969e-01,5.128440831817603351e-01,5.103917397546861023e-01
9.269324035101671466e-01,-1.753978779712549521e-02,2.369196524073163002e-01,4.896148391759471696e-01,4.865886636517089969e-01,5.128440831817603351e-01,5.103917397546861023e-01
9.269324035101671466e-01,-1.753978779712549521e-02,2.369196524073163002e-01,4.896148391759471696e-01,4.865886636517089969e-01,5.128440831817603351e-01,5.103917397546861023e-01
9.269324035101671466e-01,-1.753978779712549521e-02,2.369196524073163002e-01,4.896148391759471696e-01,4.865886636517089969e-01,5.128440831817603351e-01,5.103917397546861023e-01
9.269324035101671466e-01,-1.753978779712549521e-02,2.369196524073163002e-01,4.896148391759471696e-01,4.865886636517089969e-01,5.128440831817603351e-01,5.103917397546861023e-01
9.269324035101671466e-01,-1.753978779712549521e-02,2.369196524073163002e-01,4.896148391759471696e-01,4.865886636517089969e-01,5.128440831817603351e-01,5.103917397546861023e-01
9.269324035101671466e-01,-1.753978779712549521e-02,2.369196524073163002e-01,4.896148391759471696e-01,4.865886636517089969e-01,5.128440831817603351e-01,5.103917397546861023e-01
9.269324035101671466e-01,-1.753978779712549521e-02,2.369196524073163002e-01,4.896148391759471696e-01,4.865886636517089969e-01,5.128440831817603351e-01,5.103917397546861023e-01
9.269324035101671466e-01,-1.753978779712549521e-02,2.369196524073163002e-01,4.896148391759471696e-01,4.865886636517089969e-01,5.128440831817603351e-01,5.103917397546861023e-01
9.269324035101671466e-01,-1.753978779712549521e-02,2.369196524073163002e-01,4.896148391759471696e-01,4.865886636517089969e-01,5.128440831817603351e-01,5.103917397546861023e-01
9.269324035101671466e-01,-1.753978779712549521e-02,2.369196524073163002e-01,4.896148391759471696e-01,4.865886636517089969e-01,5.128440831817603351e-01,5.103917397546861023e-01
9.269324035101671466e-01,-1.753978779712549521e-02,2.369196524073163002e-01,4.896148391759471696e-01,4.865886636517089969e-01,5.128440831817603351e-01,5.103917397546861023e-01
9.269324035101671466e-01,-1.753978779712549521e-02,2.369196524073163002e-01,4.896148391759471696e-01,4.865886636517089969e-01,5.128440831817603351e-01,5.103917397546861023e-01
9.269324035101671466e-01,-1.753978779712549521e-02,2.369196524073163002e-01,4.896148391759471696e-01,4.865886636517089969e-01,5.128440831817603351e-01,5.103917397546861023e-01
9.269324035101671466e-01,-1.753978779712549521e-02,2.369196524073163002e-01,4.896148391759471696e-01,4.865886636517089969e-01,5.128440831817603351e-01,5.103917397546861023e-01
9.269324035101671466e-01,-1.753978779712549521e-02,2.369196524073163002e-01,4.896148391759471696e-01,4.865886636517089969e-01,5.128440831817603351e-01,5.103917397546861023e-01
9.269324035101671466e-01,-1.753978779712549521e-02,2.369196524073163002e-01,4.896148391759471696e-01,4.865886636517089969e-01,5.128440831817603351e-01,5.103917397546861023e-01
9.269324035101671466e-01,-1.753978779712549521e-02,2.369196524073163002e-01,4.896148391759471696e-01,4.865886636517089969e-01,5.128440831817603351e-01,5.103917397546861023e-01
9.269324035101671466e-01,-1.753978779712549521e-02,2.369196524073163002e-01,4.896148391759471696e-01,4.865886636517089969e-01,5.128440831817603351e-01,5.103917397546861023e-01
9.269324035101671466e-01,-1.753978779712549521e-02,2.369196524073163002e-01,4.896148391759471696e-01,4.865886636517089969e-01,5.128440831817603351e-01,5.103917397546861023e-01
9.269324035101671466e-01,-1.753978779712549521e-02,2.369196524073163002e-01,4.896148391759471696e-01,4.865886636517089969e-01,5.128440831817603351e-01,5.103917397546861023e-01
9.269324035101671466e-01,-1.753978779712549521e-02,2.369196524073163002e-01,4.896148391759471696e-01,4.865886636517089969e-01,5.128440831817603351e-01,5.103917397546861023e-01
9.269324035101671466e-01,-1.753978779712549521e-02,2.369196524073163002e-01,4.896148391759471696e-01,4.865886636517089969e-01,5.128440831817603351e-01,5.103917397546861023e-01
9.269324035101671466e-01,-1.753978779712549521e-02,2.369196524073163002e-01,4.896148391759471696e-01,4.865886636517089969e-01,5.128440831817603351e-01,5.103917397546861023e-01
9.269324035101671466e-01,-1.753978779712549521e-02,2.369196524073163002e-01,4.896148391759471696e-01,4.865886636517089969e-01,5.128440831817603351e-01,5.103917397546861023e-01
9.269324035101671466e-01,-1.753978779712549521e-02,2.369196524073163002e-01,4.896148391759471696e-01,4.865886636517089969e-01,5.128440831817603351e-01,5.103917397546861023e-01
9.269324035101671466e-01,-1.753978779712549521e-02,2.369196524073163002e-01,4.896148391759471696e-01,4.865886636517089969e-01,5.128440831817603351e-01,5.103917397546861023e-01
9.269324035101671466e-01,-1.753978779712549521e-02,2.369196524073163002e-01,4.896148391759471696e-01,4.865886636517089969e-01,5.128440831817603351e-01,5.103917397546861023e-01
9.269324035101671466e-01,-1.753978779712549521e-02,2.369196524073163002e-01,4.896148391759471696e-01,4.865886636517089969e-01,5.128440831817603351e-01,5.103917397546861023e-01
9.269324035101671466e-01,-1.753978779712549521e-02,2.369196524073163002e-01,4.896148391759471696e-01,4.865886636517089969e-01,5.128440831817603351e-01,5.103917397546861023e-01
9.269324035101671466e-01,-1.753978779712549521e-02,2.369196524073163002e-01,4.896148391759471696e-01,4.865886636517089969e-01,5.128440831817603351e-01,5.103917397546861023e-01
9.269324035101671466e-01,-1.753978779712549521e-02,2.369196524073163002e-01,4.896148391759471696e-01,4.865886636517089969e-01,5.128440831817603351e-01,5.103917397546861023e-01
9.269713171761843062e-01,-1.752593480420099395e-02,2.368102080404334009e-01,4.897752280585881968e-01,4.863907822019154503e-01,5.126702497969830574e-01,5.106010653555923540e-01
9.269713171761843062e-01,-1.752593480420099395e-02,2.368102080404334009e-01,4.897752280585881968e-01,4.863907822019154503e-01,5.126702497969830574e-01,5.106010653555923540e-01
9.269191343625311497e-01,-1.752452038126417824e-02,2.365839651147720046e-01,4.896982599103102962e-01,4.864686045344344678e-01,5.127399420695198939e-01,5.105307658209047306e-01
9.269191343625311497e-01,-1.752452038126417824e-02,2.365839651147720046e-01,4.896982599103102962e-01,4.864686045344344678e-01,5.127399420695198939e-01,5.105307658209047306e-01
9.269191343625311497e-01,-1.752452038126417824e-02,2.365839651147720046e-01,4.896982599103102962e-01,4.864686045344344678e-01,5.127399420695198939e-01,5.105307658209047306e-01
9.269191343625311497e-01,-1.752452038126417824e-02,2.365839651147720046e-01,4.896982599103102962e-01,4.864686045344344678e-01,5.127399420695198939e-01,5.105307658209047306e-01
9.269191343625311497e-01,-1.752452038126417824e-02,2.365839651147720046e-01,4.896982599103102962e-01,4.864686045344344678e-01,5.127399420695198939e-01,5.105307658209047306e-01
9.269191343625311497e-01,-1.752452038126417824e-02,2.365839651147720046e-01,4.896982599103102962e-01,4.864686045344344678e-01,5.127399420695198939e-01,5.105307658209047306e-01
9.269191343625311497e-01,-1.752452038126417824e-02,2.365839651147720046e-01,4.896982599103102962e-01,4.864686045344344678e-01,5.127399420695198939e-01,5.105307658209047306e-01
9.269191343625311497e-01,-1.752452038126417824e-02,2.365839651147720046e-01,4.896982599103102962e-01,4.864686045344344678e-01,5.127399420695198939e-01,5.105307658209047306e-01
9.269191343625311497e-01,-1.752452038126417824e-02,2.365839651147720046e-01,4.896982599103102962e-01,4.864686045344344678e-01,5.127399420695198939e-01,5.105307658209047306e-01
9.269191343625311497e-01,-1.752452038126417824e-02,2.365839651147720046e-01,4.896982599103102962e-01,4.864686045344344678e-01,5.127399420695198939e-01,5.105307658209047306e-01
9.269191343625311497e-01,-1.752452038126417824e-02,2.365839651147720046e-01,4.896982599103102962e-01,4.864686045344344678e-01,5.127399420695198939e-01,5.105307658209047306e-01
9.269191343625311497e-01,-1.752452038126417824e-02,2.365839651147720046e-01,4.896982599103102962e-01,4.864686045344344678e-01,5.127399420695198939e-01,5.105307658209047306e-01
9.269191343625311497e-01,-1.752452038126417824e-02,2.365839651147720046e-01,4.896982599103102962e-01,4.864686045344344678e-01,5.127399420695198939e-01,5.105307658209047306e-01
9.269191343625311497e-01,-1.752452038126417824e-02,2.365839651147720046e-01,4.896982599103102962e-01,4.864686045344344678e-01,5.127399420695198939e-01,5.105307658209047306e-01
9.269191343625311497e-01,-1.752452038126417824e-02,2.365839651147720046e-01,4.896982599103102962e-01,4.864686045344344678e-01,5.127399420695198939e-01,5.105307658209047306e-01
9.269191343625311497e-01,-1.752452038126417824e-02,2.365839651147720046e-01,4.896982599103102962e-01,4.864686045344344678e-01,5.127399420695198939e-01,5.105307658209047306e-01
9.269191343625311497e-01,-1.752452038126417824e-02,2.365839651147720046e-01,4.896982599103102962e-01,4.864686045344344678e-01,5.127399420695198939e-01,5.105307658209047306e-01
9.269191343625311497e-01,-1.752452038126417824e-02,2.365839651147720046e-01,4.896982599103102962e-01,4.864686045344344678e-01,5.127399420695198939e-01,5.105307658209047306e-01
9.269191343625311497e-01,-1.752452038126417824e-02,2.365839651147720046e-01,4.896982599103102962e-01,4.864686045344344678e-01,5.127399420695198939e-01,5.105307658209047306e-01
9.269191343625311497e-01,-1.752452038126417824e-02,2.365839651147720046e-01,4.896982599103102962e-01,4.864686045344344678e-01,5.127399420695198939e-01,5.105307658209047306e-01
9.269191343625311497e-01,-1.752452038126417824e-02,2.365839651147720046e-01,4.896982599103102962e-01,4.864686045344344678e-01,5.127399420695198939e-01,5.105307658209047306e-01
9.269191343625311497e-01,-1.752452038126417824e-02,2.365839651147720046e-01,4.896982599103102962e-01,4.864686045344344678e-01,5.127399420695198939e-01,5.105307658209047306e-01
9.269191343625311497e-01,-1.752452038126417824e-02,2.365839651147720046e-01,4.896982599103102962e-01,4.864686045344344678e-01,5.127399420695198939e-01,5.105307658209047306e-01
9.269191343625311497e-01,-1.752452038126417824e-02,2.365839651147720046e-01,4.896982599103102962e-01,4.864686045344344678e-01,5.127399420695198939e-01,5.105307658209047306e-01
9.269191343625311497e-01,-1.752452038126417824e-02,2.365839651147720046e-01,4.896982599103102962e-01,4.864686045344344678e-01,5.127399420695198939e-01,5.105307658209047306e-01
9.269191343625311497e-01,-1.752452038126417824e-02,2.365839651147720046e-01,4.896982599103102962e-01,4.864686045344344678e-01,5.127399420695198939e-01,5.105307658209047306e-01
9.269191343625311497e-01,-1.752452038126417824e-02,2.365839651147720046e-01,4.896982599103102962e-01,4.864686045344344678e-01,5.127399420695198939e-01,5.105307658209047306e-01
9.269191343625311497e-01,-1.752452038126417824e-02,2.365839651147720046e-01,4.896982599103102962e-01,4.864686045344344678e-01,5.127399420695198939e-01,5.105307658209047306e-01
9.269191343625311497e-01,-1.752452038126417824e-02,2.365839651147720046e-01,4.896982599103102962e-01,4.864686045344344678e-01,5.127399420695198939e-01,5.105307658209047306e-01
9.269191343625311497e-01,-1.752452038126417824e-02,2.365839651147720046e-01,4.896982599103102962e-01,4.864686045344344678e-01,5.127399420695198939e-01,5.105307658209047306e-01
9.269191343625311497e-01,-1.752452038126417824e-02,2.365839651147720046e-01,4.896982599103102962e-01,4.864686045344344678e-01,5.127399420695198939e-01,5.105307658209047306e-01
9.269191343625311497e-01,-1.752452038126417824e-02,2.365839651147720046e-01,4.896982599103102962e-01,4.864686045344344678e-01,5.127399420695198939e-01,5.105307658209047306e-01
9.269191343625311497e-01,-1.752452038126417824e-02,2.365839651147720046e-01,4.896982599103102962e-01,4.864686045344344678e-01,5.127399420695198939e-01,5.105307658209047306e-01
9.269191343625311497e-01,-1.752452038126417824e-02,2.365839651147720046e-01,4.896982599103102962e-01,4.864686045344344678e-01,5.127399420695198939e-01,5.105307658209047306e-01
9.269191343625311497e-01,-1.752452038126417824e-02,2.365839651147720046e-01,4.896982599103102962e-01,4.864686045344344678e-01,5.127399420695198939e-01,5.105307658209047306e-01
9.269191343625311497e-01,-1.752452038126417824e-02,2.365839651147720046e-01,4.896982599103102962e-01,4.864686045344344678e-01,5.127399420695198939e-01,5.105307658209047306e-01
9.269191343625311497e-01,-1.752452038126417824e-02,2.365839651147720046e-01,4.896982599103102962e-01,4.864686045344344678e-01,5.127399420695198939e-01,5.105307658209047306e-01
9.269191343625311497e-01,-1.752452038126417824e-02,2.365839651147720046e-01,4.896982599103102962e-01,4.864686045344344678e-01,5.127399420695198939e-01,5.105307658209047306e-01
9.269191343625311497e-01,-1.752452038126417824e-02,2.365839651147720046e-01,4.896982599103102962e-01,4.864686045344344678e-01,5.127399420695198939e-01,5.105307658209047306e-01
9.269191343625311497e-01,-1.752452038126417824e-02,2.365839651147720046e-01,4.896982599103102962e-01,4.864686045344344678e-01,5.127399420695198939e-01,5.105307658209047306e-01
9.269191343625311497e-01,-1.752452038126417824e-02,2.365839651147720046e-01,4.896982599103102962e-01,4.864686045344344678e-01,5.127399420695198939e-01,5.105307658209047306e-01
9.269191343625311497e-01,-1.752452038126417824e-02,2.365839651147720046e-01,4.896982599103102962e-01,4.864686045344344678e-01,5.127399420695198939e-01,5.105307658209047306e-01
9.269191343625311497e-01,-1.752452038126417824e-02,2.365839651147720046e-01,4.896982599103102962e-01,4.864686045344344678e-01,5.127399420695198939e-01,5.105307658209047306e-01
9.269594229865487645e-01,-1.752925428203550712e-02,2.367696668402752835e-01,4.897559291287701400e-01,4.864133203845743547e-01,5.126892271761264164e-01,5.105790516396210288e-01
9.269598747300200614e-01,-1.752944874982309900e-02,2.367714699206101558e-01,4.897571805320634075e-01,4.864118694804410170e-01,5.126884579746793236e-01,5.105800058809313313e-01
9.269600315075737784e-01,-1.752835508964670566e-02,2.367728323427154002e-01,4.897575506729874295e-01,4.864110712383722945e-01,5.126872490251059844e-01,5.105816252300944269e-01
9.269616069563028082e-01,-1.752751650596365285e-02,2.367772218757092373e-01,4.897597309787822817e-01,4.864081280868638446e-01,5.126851928542210945e-01,5.105844022986344433e-01
9.269616069563028082e-01,-1.752751650596365285e-02,2.367772218757092373e-01,4.897597309787822817e-01,4.864081280868638446e-01,5.126851928542210945e-01,5.105844022986344433e-01
9.269616069563028082e-01,-1.752751650596365285e-02,2.367772218757092373e-01,4.897597309787822817e-01,4.864081280868638446e-01,5.126851928542210945e-01,5.105844022986344433e-01
9.269616069563028082e-01,-1.752751650596365285e-02,2.367772218757092373e-01,4.897597309787822817e-01,4.864081280868638446e-01,5.126851928542210945e-01,5.105844022986344433e-01
9.269616069563028082e-01,-1.752751650596365285e-02,2.367772218757092373e-01,4.897597309787822817e-01,4.864081280868638446e-01,5.126851928542210945e-01,5.105844022986344433e-01
9.269616069563028082e-01,-1.752751650596365285e-02,2.367772218757092373e-01,4.897597309787822817e-01,4.864081280868638446e-01,5.126851928542210945e-01,5.105844022986344433e-01
9.269616069563028082e-01,-1.752751650596365285e-02,2.367772218757092373e-01,4.897597309787822817e-01,4.864081280868638446e-01,5.126851928542210945e-01,5.105844022986344433e-01
9.269616069563028082e-01,-1.752751650596365285e-02,2.367772218757092373e-01,4.897597309787822817e-01,4.864081280868638446e-01,5.126851928542210945e-01,5.105844022986344433e-01
9.269616069563028082e-01,-1.752751650596365285e-02,2.367772218757092373e-01,4.897597309787822817e-01,4.864081280868638446e-01,5.126851928542210945e-01,5.105844022986344433e-01
9.269616069563028082e-01,-1.752751650596365285e-02,2.367772218757092373e-01,4.897597309787822817e-01,4.864081280868638446e-01,5.126851928542210945e-01,5.105844022986344433e-01
9.269616069563028082e-01,-1.752751650596365285e-02,2.367772218757092373e-01,4.897597309787822817e-01,4.864081280868638446e-01,5.126851928542210945e-01,5.105844022986344433e-01
9.269616069563028082e-01,-1.752751650596365285e-02,2.367772218757092373e-01,4.897597309787822817e-01,4.864081280868638446e-01,5.126851928542210945e-01,5.105844022986344433e-01
9.269616069563028082e-01,-1.752751650596365285e-02,2.367772218757092373e-01,4.897597309787822817e-01,4.864081280868638446e-01,5.126851928542210945e-01,5.105844022986344433e-01
9.269616069563028082e-01,-1.752751650596365285e-02,2.367772218757092373e-01,4.897597309787822817e-01,4.864081280868638446e-01,5.126851928542210945e-01,5.105844022986344433e-01
9.269616069563028082e-01,-1.752751650596365285e-02,2.367772218757092373e-01,4.897597309787822817e-01,4.864081280868638446e-01,5.126851928542210945e-01,5.105844022986344433e-01
9.269616069563028082e-01,-1.752751650596365285e-02,2.367772218757092373e-01,4.897597309787822817e-01,4.864081280868638446e-01,5.126851928542210945e-01,5.105844022986344433e-01
9.269616069563028082e-01,-1.752751650596365285e-02,2.367772218757092373e-01,4.897597309787822817e-01,4.864081280868638446e-01,5.126851928542210945e-01,5.105844022986344433e-01
9.269616069563028082e-01,-1.752751650596365285e-02,2.367772218757092373e-01,4.897597309787822817e-01,4.864081280868638446e-01,5.126851928542210945e-01,5.105844022986344433e-01
9.269616069563028082e-01,-1.752751650596365285e-02,2.367772218757092373e-01,4.897597309787822817e-01,4.864081280868638446e-01,5.126851928542210945e-01,5.105844022986344433e-01
9.269708646883926262e-01,-1.752667558209911741e-02,2.368072498804612291e-01,4.897748311378606334e-01,4.863917253112183259e-01,5.126710724321796864e-01,5.105997217232840502e-01
9.269715366969033532e-01,-1.752760377519146928e-02,2.368095742441812257e-01,4.897761596028719633e-01,4.863911836657666132e-01,5.126694875072210777e-01,5.106005547548492229e-01
9.269709651158204444e-01,-1.752611374208548622e-02,2.368079301975684614e-01,4.897748382140743595e-01,4.863912072242735918e-01,5.126710509153531437e-01,5.106002300632447310e-01
9.269712171825681413e-01,-1.752598941823048026e-02,2.368088541160960903e-01,4.897752370387044030e-01,4.863905620952950759e-01,5.126709297853148106e-01,5.106005836672777853e-01
9.269713880535088713e-01,-1.752419777250332003e-02,2.368097455497671089e-01,4.897750493888826107e-01,4.863899375886804877e-01,5.126703914213337487e-01,5.106018991038844268e-01
9.269708634995758034e-01,-1.752389622744946265e-02,2.368085809925455365e-01,4.897741718529607380e-01,4.863901147709505657e-01,5.126719001663793129e-01,5.106010572047831042e-01
9.269713496614795378e-01,-1.752408189566344310e-02,2.368098540455272905e-01,4.897747673384607037e-01,4.863900009578702721e-01,5.126707941789422351e-01,5.106017048959905491e-01
9.269716622678036977e-01,-1.752540750074798453e-02,2.368109321137776280e-01,4.897760801355078297e-01,4.863893330277482274e-01,5.126701156533963744e-01,5.106017631773827059e-01
9.269711241483442610e-01,-1.752526637332587831e-02,2.368092038903057417e-01,4.897747381809370304e-01,4.863907913240564374e-01,5.126706389689357213e-01,5.106011358135975620e-01
9.269710572875609067e-01,-1.752610956464896799e-02,2.368089322395735552e-01,4.897749772707662430e-01,4.863910569939542405e-01,5.126709415858239360e-01,5.106003495584671148e-01
9.269711302789500618e-01,-1.752675485123163582e-02,2.368090599350750614e-01,4.897752012215855766e-01,4.863913051899803608e-01,5.126705856072365508e-01,5.106002557354197835e-01
9.269713388434148715e-01,-1.752659902181204904e-02,2.368101850168224110e-01,4.897758195959318606e-01,4.863905616751177940e-01,5.126698539210372552e-01,5.106011054953555339e-01
9.269714437560694353e-01,-1.752577865246531322e-02,2.368108349354714759e-01,4.897758784448224545e-01,4.863893332768014499e-01,5.126707349332193520e-01,5.106013346155527932e-01
9.269719252968792178e-01,-1.752494296662816808e-02,2.368111477949149113e-01,4.897754877506959037e-01,4.863895733254589571e-01,5.126704044579798447e-01,5.106018125229652149e-01
9.269716614438126001e-01,-1.752487946742187219e-02,2.368104744231420422e-01,4.897749482817211897e-01,4.863905420191453333e-01,5.126700129151517960e-01,5.106018003567333041e-01
9.269718070514354480e-01,-1.752520271510926708e-02,2.368116650283400015e-01,4.897757958792228750e-01,4.863893938226878655e-01,5.126702104544339500e-01,5.106018827425908846e-01
9.269716229722391176e-01,-1.752533008651611240e-02,2.368111093195679473e-01,4.897754990899453875e-01,4.863902991405887888e-01,5.126697781050866265e-01,5.106017391380532899e-01
9.269715384226506760e-01,-1.752559085449849341e-02,2.368109135993151093e-01,4.897754940796880674e-01,4.863904353439359451e-01,5.126698916083777258e-01,5.106015002359353128e-01
9.269721995140250970e-01,-1.752658966604100574e-02,2.368128647056660929e-01,4.897768466756436401e-01,4.863896361425688042e-01,5.126687972949184324e-01,5.106020628569222231e-01
9.269717487033349856e-01,-1.752538191710611981e-02,2.368112831857627498e-01,4.897756714439024939e-01,4.863900276269618184e-01,5.126697632607272181e-01,5.106018473575155703e-01
9.269721277943668847e-01,-1.752666312313319943e-02,2.368123912591013625e-01,4.897767141411675795e-01,4.863899066757177425e-01,5.126688587056426050e-01,5.106018706218393710e-01
9.269720914809843615e-01,-1.752670027839272823e-02,2.368124703887445892e-01,4.897766822913077744e-01,4.863898276130048104e-01,5.126690350620812797e-01,5.106017994159691709e-01
9.269717172045306430e-01,-1.752598596446551527e-02,2.368108687258106970e-01,4.897756232048800507e-01,4.863904897784813719e-01,5.126698890228997829e-01,5.106013271198652781e-01
9.269716670712747630e-01,-1.752668922679630203e-02,2.368112659975235568e-01,4.897761768724942510e-01,4.863901689350854651e-01,5.126697343661299477e-01,5.106012569475559815e-01
9.269719580424092831e-01,-1.752602807090187023e-02,2.368121190621643446e-01,4.897763609571793575e-01,4.863894489793758602e-01,5.126695646045107413e-01,5.106019366368513834e-01
9.269712768532547553e-01,-1.752561529550131919e-02,2.368103636959484060e-01,4.897752961945959771e-01,4.863901657454062222e-01,5.126708105216262190e-01,5.106010242280665246e-01
9.269715296534166704e-01,-1.752559522318537788e-02,2.368110324278060730e-01,4.897755216285539781e-01,4.863902389115214997e-01,5.126698685485657769e-01,5.106016840820908342e-01
9.269716617982193263e-01,-1.752508718506129437e-02,2.368111039557682929e-01,4.897752211604112782e-01,4.863901201317132883e-01,5.126703034526458591e-01,5.106016487765192569e-01
9.269719468021924147e-01,-1.752573085638064326e-02,2.368117905188549255e-01,4.897760155976058072e-01,4.863897880095189863e-01,5.126696514746083011e-01,5.106018577348623300e-01
9.269717126599360535e-01,-1.752579392339172551e-02,2.368114249083940193e-01,4.897757433630387514e-01,4.863901916482871735e-01,5.126696009225737427e-01,5.106017851236070992e-01
9.269720311029464588e-01,-1.752666419627276276e-02,2.368121100377022781e-01,4.897765131560869456e-01,4.863897552090101772e-01,5.126693964731032782e-01,5.106016677492234423e-01
9.269715422616185974e-01,-1.752647857059889264e-02,2.368111640858933942e-01,4.897760541617198204e-01,4.863902689807779733e-01,5.126697827132671303e-01,5.106012308086557150e-01
9.269715210571074504e-01,-1.752579624505225253e-02,2.368110893339772927e-01,4.897757332212107628e-01,4.863900416825724382e-01,5.126699558487719521e-01,5.106015813427029482e-01
9.269718220147520338e-01,-1.752633075378868047e-02,2.368118045460669563e-01,4.897762766096867004e-01,4.863897499149277825e-01,5.126698013970580892e-01,5.106014931270244084e-01
9.269717019089037668e-01,-1.752582345792227589e-02,2.368116976183666789e-01,4.897759299701031632e-01,4.863898900132729297e-01,5.126698215302630812e-01,5.106016719586069508e-01
9.269716419889728609e-01,-1.752517835182726760e-02,2.368110935542104001e-01,4.897754460204126192e-01,4.863900791425455061e-01,5.126701904621538963e-01,5.106015855818633042e-01
9.269717390399520029e-01,-1.752542166201967802e-02,2.368116156452011734e-01,4.897758780505426235e-01,4.863897335595717131e-01,5.126698727438551151e-01,5.106018193744203959e-01
9.269714444151357924e-01,-1.752524283271988254e-02,2.368108148859938700e-01,4.897754868430884145e-01,4.863898164270481494e-01,5.126705525394863461e-01,5.106014331379574722e-01
9.269715086865166764e-01,-1.752537453210967211e-02,2.368111233467945498e-01,4.897755459313389848e-01,4.863901688866637540e-01,5.126700154626098183e-01,5.106015799658566445e-01
9.269716124678821778e-01,-1.752527297058613029e-02,2.368108190735851160e-01,4.897752590798570282e-01,4.863902619047343334e-01,5.126703298968420253e-01,5.106014508018615894e-01
9.269716717240761295e-01,-1.752584227111583445e-02,2.368109786095127234e-01,4.897755992204574915e-01,4.863906210361030324e-01,5.126700546261858671e-01,5.106010588178794274e-01
9.269716119207591642e-01,-1.752525405696112731e-02,2.368108140575081177e-01,4.897752952155912110e-01,4.863901944382396092e-01,5.126704036905038731e-01,5.106014063147767956e-01
9.269713824500707133e-01,-1.752541807600594553e-02,2.368105221589527909e-01,4.897752316437105069e-01,4.863905771916450238e-01,5.126702424812515924e-01,5.106012645516487813e-01
9.269717865318723993e-01,-1.752603779122627325e-02,2.368114627581013876e-01,4.897760876386138551e-01,4.863899506777339399e-01,5.126698716937385658e-01,5.106014125662501346e-01
9.269715590742476641e-01,-1.752546824435377223e-02,2.368109625998632006e-01,4.897755472576071911e-01,4.863901675012407000e-01,5.126702356271066741e-01,5.106013589569395883e-01
9.269714501848690391e-01,-1.752555506671162402e-02,2.368106291192800528e-01,4.897754117606044066e-01,4.863902901938131351e-01,5.126704318711282626e-01,5.106011750133164773e-01
9.269717401378314570e-01,-1.752563294384932441e-02,2.368113561667227474e-01,4.897756554967602760e-01,4.863901667720963995e-01,5.126699210228666814e-01,5.106015717059032566e-01
9.269715683904943271e-01,-1.752548278923254585e-02,2.368108487873642476e-01,4.897753611896299986e-01,4.863905542791752135e-01,5.126700683130548386e-01,5.106013369894871756e-01
9.269716086790289467e-01,-1.752538316754019554e-02,2.368109457616518754e-01,4.897755025394325279e-01,4.863900458978642760e-01,5.126703114964256125e-01,5.106014415117506866e-01
9.269714631071576116e-01,-1.752506169037156003e-02,2.368107697692713176e-01,4.897753467012793682e-01,4.863901609329575604e-01,5.126703046444275325e-01,5.106014882930159926e-01
9.269718048845159153e-01,-1.752549095926361419e-02,2.368114917679718656e-01,4.897756707124376607e-01,4.863902398234319358e-01,5.126695414862521005e-01,5.106018685972096849e-01
9.269715073976361186e-01,-1.752573871412812026e-02,2.368109347364387995e-01,4.897753794300791497e-01,4.863906452148876736e-01,5.126698964900576749e-01,5.106014053882349524e-01
9.269716254188451465e-01,-1.752637617012160753e-02,2.368110963977528016e-01,4.897758204500696766e-01,4.863904836177879165e-01,5.126698025943451364e-01,5.106012305668590212e-01
9.269716185418552801e-01,-1.752617503158111767e-02,2.368109074181244944e-01,4.897756765053036254e-01,4.863908004515612449e-01,5.126696634904752692e-01,5.106012064972277331e-01
9.269714263320121272e-01,-1.752636867197980564e-02,2.368103843197085223e-01,4.897754093137718923e-01,4.863910735087618176e-01,5.126699471869815561e-01,5.106009178348770439e-01
9.269712678148853691e-01,-1.752573001686922455e-02,2.368099517383125407e-01,4.897749348116623436e-01,4.863914559444676988e-01,5.126699659868424463e-01,5.106009898046640627e-01
9.269716063444558563e-01,-1.752626078039187796e-02,2.368108551584775234e-01,4.897756808018113306e-01,4.863911360505433490e-01,5.126692636773578782e-01,5.106012841220628484e-01
9.269714818755143693e-01,-1.752520981166712233e-02,2.368105138646775520e-01,4.897751724620539870e-01,4.863907771507542388e-01,5.126697549266887588e-01,5.106016203713610313e-01
9.269714573159085758e-01,-1.752534811902536904e-02,2.368107150356740520e-01,4.897752446718998676e-01,4.863904205100513245e-01,5.126701525326753384e-01,5.106014916201863096e-01
9.269712493245320095e-01,-1.752553676669681496e-02,2.368101257161201179e-01,4.897750378805642013e-01,4.863908118612975118e-01,5.126702691091420405e-01,5.106012001332933536e-01
9.269714104777569963e-01,-1.752588857770406502e-02,2.368107486790779759e-01,4.897753782475132156e-01,4.863909334953817609e-01,5.126696746905899937e-01,5.106013546090936162e-01
9.269713116558432331e-01,-1.752580791936771132e-02,2.368101657522321268e-01,4.897748943817332168e-01,4.863914476942595710e-01,5.126699392100508845e-01,5.106010633298831980e-01
9.269710523440496397e-01,-1.752620966167336286e-02,2.368094748437198360e-01,4.897747937030352827e-01,4.863914079898310483e-01,5.126704724585248174e-01,5.106006623144665468e-01
9.269715001225113937e-01,-1.752689798724528167e-02,2.368109526137500420e-01,4.897760286190274148e-01,4.863903454747883215e-01,5.126699105349640240e-01,5.106010541030655547e-01
9.269711336512127531e-01,-1.752652560151755565e-02,2.368098970703027828e-01,4.897751498975772000e-01,4.863914601219815892e-01,5.126701964897436570e-01,5.106005480748924130e-01
9.269711204815800354e-01,-1.752635627270555246e-02,2.368099099778674388e-01,4.897752958429113512e-01,4.863908221467715398e-01,5.126703654049784564e-01,5.106008462085643851e-01
9.269709493834552561e-01,-1.752612003689230091e-02,2.368095067628302464e-01,4.897747241192216272e-01,4.863915006134483243e-01,5.126704648803648290e-01,5.106006484370041454e-01
9.269712803742977680e-01,-1.752650121961487478e-02,2.368105351135190995e-01,4.897754933580941716e-01,4.863908755698205799e-01,5.126698300414104237e-01,5.106011433923450804e-01
9.269712672457659508e-01,-1.752555135907979053e-02,2.368096357694596532e-01,4.897743976645854702e-01,4.863918215114979571e-01,5.126701738981453982e-01,5.106009480546086499e-01
9.269711590493050490e-01,-1.752590134713838399e-02,2.368100080531888030e-01,4.897749481798473470e-01,4.863910288357641276e-01,5.126701641904660711e-01,5.106011848325807678e-01
9.269710770731087734e-01,-1.752578374391215027e-02,2.368095056111139129e-01,4.897745587435656800e-01,4.863917478785214632e-01,5.126700928124493517e-01,5.106009451018446166e-01
9.269713380976252193e-01,-1.752618704602185162e-02,2.368103196328768811e-01,4.897752626226810624e-01,4.863908803234610612e-01,5.126701385408560796e-01,5.106010504391387261e-01
9.269708668278828778e-01,-1.752638111132761092e-02,2.368090780322096578e-01,4.897745586432176168e-01,4.863923370096333021e-01,5.126701516921805535e-01,5.106003248804932282e-01
9.269716317705719577e-01,-1.752616388812283654e-02,2.368110567126048283e-01,4.897755182262097939e-01,4.863907305557794158e-01,5.126696331167825971e-01,5.106014553989894900e-01
9.269714461596760824e-01,-1.752633964400898692e-02,2.368099269289697661e-01,4.897750800213468425e-01,4.863916957655895490e-01,5.126697483751373463e-01,5.106008405607366241e-01
9.269711452891106207e-01,-1.752536385851660022e-02,2.368094143448042643e-01,4.897743504076084164e-01,4.863913454035253547e-01,5.126707399066685600e-01,5.106008786154824231e-01
9.269714801993380604e-01,-1.752647561555270572e-02,2.368107468430322160e-01,4.897755120863823697e-01,4.863911545013724358e-01,5.126695719687256458e-01,5.106011188400860767e-01
9.269716694105246679e-01,-1.752615098135488700e-02,2.368111082005704693e-01,4.897756490757386727e-01,4.863907604632560777e-01,5.126692731055462193e-01,5.106016628663142543e-01
9.269710110651201429e-01,-1.752571886441600668e-02,2.368093721828251619e-01,4.897744618669951366e-01,4.863915451763573539e-01,5.126705896939631746e-01,5.106007322230308176e-01
9.269710436264707587e-01,-1.752586952791815311e-02,2.368093860981734522e-01,4.897744785568939885e-01,4.863918105320195751e-01,5.126704872263473378e-01,5.106005663224498781e-01
9.269710963352735256e-01,-1.752567366286253078e-02,2.368095109969451384e-01,4.897743700188585958e-01,4.863917214009142453e-01,5.126702795965407677e-01,5.106009638099896497e-01
9.269714738331303883e-01,-1.752545736375146074e-02,2.368105260699373549e-01,4.897751944561388737e-01,4.863908361928825919e-01,5.126696736801860110e-01,5.106016246073757925e-01
9.269709779539143657e-01,-1.752537583293072021e-02,2.368096227624257866e-01,4.897745704040182835e-01,4.863909755146432756e-01,5.126705117988055171e-01,5.106012489755816786e-01
9.269708855035494466e-01,-1.752569023236253895e-02,2.368094059054218770e-01,4.897745014561599164e-01,4.863916404929187753e-01,5.126704024519131986e-01,5.106007914523543745e-01
9.269713891005961770e-01,-1.752641881501265306e-02,2.368106112882129577e-01,4.897754470236926339e-01,4.863909335600059558e-01,5.126699160015424361e-01,5.106010462879401191e-01
9.269713954257895461e-01,-1.752661103117343633e-02,2.368102819730880659e-01,4.897755351189445605e-01,4.863915689768997241e-01,5.126693086236477903e-01,5.106009663352510941e-01
9.269709652642280640e-01,-1.752558242835088043e-02,2.368090640515672640e-01,4.897743089759526991e-01,4.863921657746550498e-01,5.126700245570268155e-01,5.106008551313503396e-01
9.269712148949958985e-01,-1.752612896287349814e-02,2.368099969018001016e-01,4.897752622244173071e-01,4.863909558688804258e-01,5.126701856644888533e-01,5.106009315431166984e-01
9.269707624643932498e-01,-1.752562773227629017e-02,2.368093404802419921e-01,4.897746216983886458e-01,4.863915967956203290e-01,5.126701090813352568e-01,5.106010122995633393e-01
9.269713575325502219e-01,-1.752627361853396903e-02,2.368102630960868538e-01,4.897751355585646671e-01,4.863909759285480194e-01,5.126703191047055075e-01,5.106008999531275183e-01
9.269708151452472622e-01,-1.752586555821619013e-02,2.368090294342352631e-01,4.897742704918833789e-01,4.863922027295499717e-01,5.126704307866920551e-01,5.106004489667310686e-01
9.269710298435489548e-01,-1.752599220562642279e-02,2.368098453060663300e-01,4.897749342617169210e-01,4.863912130178509874e-01,5.126702394882532987e-01,5.106009471309386205e-01
9.269711882004711967e-01,-1.752571032572359036e-02,2.368098512821660562e-01,4.897750611570870771e-01,4.863907392141053054e-01,5.126704750474690986e-01,5.106010402358482914e-01
9.269712950119255446e-01,-1.752578128023827425e-02,2.368101897787942001e-01,4.897751375718148448e-01,4.863907838273981987e-01,5.126701102882849082e-01,5.106012906772531279e-01
9.269711524270676239e-01,-1.752586708242237501e-02,2.368105692521568217e-01,4.897752540222434781e-01,4.863906522531926124e-01,5.126699407356599680e-01,5.106014745515878861e-01
9.269711535053472007e-01,-1.752575207307843080e-02,2.368098999741409250e-01,4.897749333464164190e-01,4.863913009999497050e-01,5.126699215497801942e-01,5.106011834252172088e-01
9.269713614125911771e-01,-1.752599471094592326e-02,2.368107999451835588e-01,4.897755407315682041e-01,4.863904091810311026e-01,5.126699047487142114e-01,5.106014672156292677e-01
9.269716704570960530e-01,-1.752669771508245586e-02,2.368113952418565982e-01,4.897759023530443567e-01,4.863906129092918640e-01,5.126694924534294096e-01,5.106013402406299750e-01
9.269713985751564245e-01,-1.752519532363156982e-02,2.368106392444044028e-01,4.897753009869797447e-01,4.863900679071486710e-01,5.126702715657672771e-01,5.106016539701717649e-01
9.269712504223892591e-01,-1.752454204557794826e-02,2.368097009835048727e-01,4.897745200630047591e-01,4.863903621291444934e-01,5.126710277174008068e-01,5.106013635548938279e-01
9.269714593031490590e-01,-1.752579816612422070e-02,2.368106062394972344e-01,4.897753207771989858e-01,4.863908056347975850e-01,5.126699770013140034e-01,5.106012279979325053e-01
9.269717196401909831e-01,-1.752620087658481735e-02,2.368116886859903958e-01,4.897762042951440131e-01,4.863897545442265602e-01,5.126697208296431274e-01,5.106016389761242058e-01
9.269710286716008607e-01,-1.752460255832709313e-02,2.368090980172250504e-01,4.897742583327007737e-01,4.863914871840884224e-01,5.126705416597949760e-01,5.106010309270401226e-01
9.269716468632072104e-01,-1.752662493633318566e-02,2.368111472150229713e-01,4.897761989132049520e-01,4.863901944379280806e-01,5.126697437806986279e-01,5.106012020594939971e-01
9.269716954737214909e-01,-1.752622358406186881e-02,2.368114890034028475e-01,4.897760742774625586e-01,4.863899245555238782e-01,5.126697390601578919e-01,5.106015834368504702e-01
9.269716682039861322e-01,-1.752635707929754705e-02,2.368111475843199254e-01,4.897759468881940914e-01,4.863901235341469564e-01,5.126699824997696942e-01,5.106012716610641711e-01
9.269714293008500805e-01,-1.752569125542521866e-02,2.368104595333908879e-01,4.897751873115292476e-01,4.863907421246504992e-01,5.126701239197565263e-01,5.106012690049738234e-01
9.269713541359865250e-01,-1.752595740650634420e-02,2.368100132804442648e-01,4.897749856722678485e-01,4.863912617000126226e-01,5.126703162455134022e-01,5.106007743749759742e-01
9.269715696812158567e-01,-1.752608022669059629e-02,2.368108180335123658e-01,4.897757128247282599e-01,4.863902133996843014e-01,5.126702029322912635e-01,5.106011892479318526e-01
9.269717326743720509e-01,-1.752581262687203170e-02,2.368112703100329064e-01,4.897758894145259334e-01,4.863898875755536810e-01,5.126699198302503424e-01,5.106016144840271886e-01
9.269717145401236147e-01,-1.752586470227896279e-02,2.368115108250821166e-01,4.897759587224584377e-01,4.863900915664722824e-01,5.126695401715686273e-01,5.106017348812358359e-01
9.269715757181399285e-01,-1.752583545198285048e-02,2.368108939179580652e-01,4.897756180076994759e-01,4.863902087829411469e-01,5.126700711809920596e-01,5.106014168806619624e-01
9.269716574035076206e-01,-1.752569950947251154e-02,2.368110187700103730e-01,4.897756434547637650e-01,4.863901062630576755e-01,5.126700520665525840e-01,5.106015093220562795e-01
9.269715441502088815e-01,-1.752569025552698154e-02,2.368105457257327906e-01,4.897753677342414069e-01,4.863901897118181883e-01,5.126705325743914354e-01,5.106012118500895536e-01
9.269714602566556660e-01,-1.752555255740680454e-02,2.368105751166502682e-01,4.897753125215599246e-01,4.863905356593660190e-01,5.126698729011280875e-01,5.106015976129963940e-01
9.269714453213734329e-01,-1.752571028551006688e-02,2.368105966233381432e-01,4.897752059112122636e-01,4.863905671068670666e-01,5.126702185097234965e-01,5.106013229098436135e-01
9.269714949291607553e-01,-1.752579866327653307e-02,2.368103102743578936e-01,4.897750109103880534e-01,4.863907437828106639e-01,5.126704902451663104e-01,5.106010688217509363e-01
9.269714952653920204e-01,-1.752599089895742063e-02,2.368105056576178813e-01,4.897753155937503711e-01,4.863906237432998880e-01,5.126702601110874058e-01,5.106011219800402623e-01
9.269716983835267765e-01,-1.752638650086912886e-02,2.368108680550421730e-01,4.897757866801025206e-01,4.863903319699557359e-01,5.126700372086726576e-01,5.106011718518683740e-01
9.269716243355672347e-01,-1.752609181697855484e-02,2.368106723347376263e-01,4.897756286906173040e-01,4.863903145744855050e-01,5.126702964371991911e-01,5.106010796892600512e-01
9.269717046207062161e-01,-1.752621493007039746e-02,2.368111676025735635e-01,4.897757986495432925e-01,4.863903646513952905e-01,5.126698904129358692e-01,5.106012766293022143e-01
9.269715306222197082e-01,-1.752602589833283236e-02,2.368107271618011822e-01,4.897754447906788600e-01,4.863907359419925025e-01,5.126699336983377986e-01,5.106012189092788978e-01
9.269716056861191378e-01,-1.752496898126965075e-02,2.368107586534641540e-01,4.897752113314901568e-01,4.863899045290148715e-01,5.126707713637095321e-01,5.106013937767788224e-01
9.269716035384792940e-01,-1.752589432468401251e-02,2.368109708423145610e-01,4.897756813617485383e-01,4.863902526712479135e-01,5.126700663944125935e-01,5.106013191093254910e-01
9.269716529043837694e-01,-1.752579521053648087e-02,2.368108831360857813e-01,4.897755576440603886e-01,4.863901877911624982e-01,5.126702147936437193e-01,5.106013505841583422e-01
9.269716804857721648e-01,-1.752584004570708828e-02,2.368108891921907044e-01,4.897755419983585989e-01,4.863902884027954121e-01,5.126702825371286520e-01,5.106012017327811181e-01
9.269717231443141969e-01,-1.752556299187804992e-02,2.368108200948827735e-01,4.897754250873966320e-01,4.863904255993575787e-01,5.126700314560007632e-01,5.106014352825879454e-01
9.269714663847026248e-01,-1.752579836629981902e-02,2.368106545691296971e-01,4.897753385575648322e-01,4.863904260630989573e-01,5.126704254883068801e-01,5.106011222124546833e-01
9.269714350015272331e-01,-1.752525424473935778e-02,2.368103400348934573e-01,4.897749101941828442e-01,4.863907346681482502e-01,5.126703388829818575e-01,5.106013260880428728e-01
9.269714626497185250e-01,-1.752542727333018802e-02,2.368104545316397636e-01,4.897751030058176136e-01,4.863906813477723023e-01,5.126699453996622635e-01,5.106015870104576582e-01
9.269717031872483082e-01,-1.752581141294977038e-02,2.368112316977614706e-01,4.897756553288910020e-01,4.863901129183564875e-01,5.126700139779939436e-01,5.106015298353768772e-01
9.269715192936447412e-01,-1.752598651443443983e-02,2.368109787808848621e-01,4.897756503071122869e-01,4.863902762245114197e-01,5.126699244774757247e-01,5.106014689527909045e-01
9.269715991053369963e-01,-1.752580741003904180e-02,2.368109679990144656e-01,4.897755516986950775e-01,4.863902168330362930e-01,5.126701045214546726e-01,5.106014393412063868e-01
9.269714079984651134e-01,-1.752558913720192804e-02,2.368103307192260254e-01,4.897751592402011522e-01,4.863907555731799559e-01,5.126701643416460286e-01,5.106012425348145367e-01
9.269712369179283762e-01,-1.752568824215496035e-02,2.368099983577412471e-01,4.897749808424983753e-01,4.863907702198394523e-01,5.126705304166834232e-01,5.106010321454105272e-01
9.269715402096225798e-01,-1.752596769788856285e-02,2.368105811401728655e-01,4.897754633985681449e-01,4.863907831706417162e-01,5.126697311212861097e-01,5.106013594688090240e-01
9.269715253338152161e-01,-1.752591519396036468e-02,2.368107851544023201e-01,4.897755275903995509e-01,4.863904470080743225e-01,5.126701051729143366e-01,5.106012425511949893e-01
9.269715468716868134e-01,-1.752585789540405184e-02,2.368112543479556353e-01,4.897757237526214058e-01,4.863901399962101690e-01,5.126697380643137070e-01,5.106017154398631019e-01
9.269714764773944182e-01,-1.752564479146082044e-02,2.368109358694211186e-01,4.897754990993542501e-01,4.863903365002912316e-01,5.126700107369008830e-01,5.106014699666832080e-01
9.269715754437944932e-01,-1.752573474316296287e-02,2.368111956383834593e-01,4.897755636147830827e-01,4.863902500527517159e-01,5.126699105774344956e-01,5.106015909963151911e-01
9.269714156926830428e-01,-1.752618404079402115e-02,2.368105873078077128e-01,4.897755543935217171e-01,4.863905649719081903e-01,5.126700658272154154e-01,5.106011439759460258e-01
9.269715079835243454e-01,-1.752569846126513300e-02,2.368107869578745250e-01,4.897754990824229604e-01,4.863904343412506770e-01,5.126699400811352003e-01,5.106014477232689863e-01
9.269711891045544494e-01,-1.752521615820715542e-02,2.368098523837325886e-01,4.897745338987830599e-01,4.863914158841055602e-01,5.126700670812381899e-01,5.106013110220182227e-01
9.269712775632695800e-01,-1.752583394581469153e-02,2.368101618692145804e-01,4.897750272397715654e-01,4.863911713524838309e-01,5.126700325294519800e-01,5.106011054324995913e-01
9.269713426034810189e-01,-1.752611896116127929e-02,2.368104055496988158e-01,4.897753173536535942e-01,4.863908647205726354e-01,5.126699976413832127e-01,5.106011542739457010e-01
9.269714983688017718e-01,-1.752588011099553283e-02,2.368106473942450108e-01,4.897754965400953342e-01,4.863904104573507636e-01,5.126702097724412655e-01,5.106012021293274694e-01
9.269713349977862782e-01,-1.752615199578053118e-02,2.368103976902345698e-01,4.897753232626137487e-01,4.863907383761376657e-01,5.126701314209346494e-01,5.106011346381434945e-01
9.269711454594522504e-01,-1.752538705711662731e-02,2.368096219336719432e-01,4.897745623509038859e-01,4.863911692067149350e-01,5.126705378203751939e-01,5.106010460650004523e-01
9.269713728858181012e-01,-1.752604338802254622e-02,2.368102251684517379e-01,4.897749770563421534e-01,4.863912352100590586e-01,5.126701366198129772e-01,5.106009882271234090e-01
9.269713464936090164e-01,-1.752591281983726865e-02,2.368100390637349895e-01,4.897752502012386877e-01,4.863907330563221887e-01,5.126703577358939778e-01,5.106009825550653636e-01
9.269712451404881204e-01,-1.752597576849223432e-02,2.368098501631988595e-01,4.897751805470654807e-01,4.863909240592576011e-01,5.126702323536423966e-01,5.106009933121297140e-01
9.269711040587738093e-01,-1.752569752089672139e-02,2.368099583688289267e-01,4.897749112051767439e-01,4.863908633817773941e-01,5.126704756902344950e-01,5.106010651460093364e-01
9.269711637970343698e-01,-1.752602075381126667e-02,2.368098953275191987e-01,4.897749928190883728e-01,4.863911933491481543e-01,5.126702049174206577e-01,5.106009444090201521e-01
9.269712465703832116e-01,-1.752589502259961976e-02,2.368100799287380931e-01,4.897752218410922342e-01,4.863909140789227648e-01,5.126702495488746347e-01,5.106009459445541854e-01
9.269713986506298298e-01,-1.752597218418660077e-02,2.368105232592151443e-01,4.897754719417565794e-01,4.863906150552874674e-01,5.126699577619245884e-01,5.106012838592901559e-01
9.269712725139734877e-01,-1.752573727895657615e-02,2.368102907302523374e-01,4.897751890392977314e-01,4.863908256952843567e-01,5.126701314740349513e-01,5.106011801547030160e-01
9.269711848576056568e-01,-1.752593538047315588e-02,2.368102227843792429e-01,4.897752145569981841e-01,4.863908154656871874e-01,5.126701577395823550e-01,5.106011390503765179e-01
9.269715019532250855e-01,-1.752597085236922911e-02,2.368106613565401086e-01,4.897753792450187382e-01,4.863906892018138861e-01,5.126699187893608567e-01,5.106013412748666713e-01
9.269713120380278504e-01,-1.752521019904157429e-02,2.368100881726206697e-01,4.897747440292598009e-01,4.863909992484768408e-01,5.126700803156806208e-01,5.106014930552543740e-01
9.269714491448413085e-01,-1.752581506432602382e-02,2.368106814541405258e-01,4.897752288075132854e-01,4.863907276883644992e-01,5.126699132866658903e-01,5.106014544397360355e-01
9.269713541678807900e-01,-1.752599892827802139e-02,2.368104943099871573e-01,4.897752799282529268e-01,4.863910308747860789e-01,5.126696801756104316e-01,5.106013506488226161e-01
9.269715090499497379e-01,-1.752554892871189401e-02,2.368105357553458856e-01,4.897751293754132873e-01,4.863906906241965422e-01,5.126701379444316142e-01,5.106013595550367157e-01
9.269715597064979162e-01,-1.752614579731638297e-02,2.368110217073280677e-01,4.897755866250251833e-01,4.863908000057148850e-01,5.126695209475314874e-01,5.106014362566382303e-01
9.269711246313545594e-01,-1.752558715601860995e-02,2.368099991692938222e-01,4.897747416553805411e-01,4.863913535632192198e-01,5.126699338840721154e-01,5.106013048422867184e-01
9.269712618394283510e-01,-1.752609607746152820e-02,2.368103526526308122e-01,4.897752803579541458e-01,4.863908572116707463e-01,5.126699919687409679e-01,5.106012026091935052e-01
9.269714449816008894e-01,-1.752610300110313268e-02,2.368107412032503800e-01,4.897755088717173910e-01,4.863906277374016596e-01,5.126699041697447834e-01,5.106012901641078239e-01
9.269712481080703004e-01,-1.752574594860483240e-02,2.368100201794680892e-01,4.897750412131184894e-01,4.863909909900808182e-01,5.126702805246600159e-01,5.106010148395140336e-01
9.269710727818480933e-01,-1.752553266753874295e-02,2.368094491217326014e-01,4.897745883538594525e-01,4.863914114350426643e-01,5.126705074648955085e-01,5.106008208578606267e-01
9.269712573552006951e-01,-1.752576965443617546e-02,2.368100430877718432e-01,4.897749880884377793e-01,4.863912582941878338e-01,5.126699836541195321e-01,5.106011092409142860e-01
9.269713091045768127e-01,-1.752534418595595722e-02,2.368101540247072312e-01,4.897748974095653685e-01,4.863909134585201466e-01,5.126700451479837550e-01,5.106014629634352264e-01
9.269713554666426658e-01,-1.752583581678177765e-02,2.368103636924596411e-01,4.897751426837129718e-01,4.863910416302366646e-01,5.126699002618261281e-01,5.106012510722349740e-01
9.269714544993754579e-01,-1.752574315312559888e-02,2.368107562522878684e-01,4.897752857304275564e-01,4.863907149374440131e-01,5.126697920824426769e-01,5.106015336800948656e-01
9.269709767833302916e-01,-1.752552370458350037e-02,2.368093350194780122e-01,4.897745144308828236e-01,4.863916511265758968e-01,5.126702025883573821e-01,5.106009695509485802e-01
9.269712074146823078e-01,-1.752597330409868745e-02,2.368098401926272412e-01,4.897749804325305933e-01,4.863914633712186908e-01,5.126698012922894510e-01,5.106011043317896236e-01
9.269712636635732972e-01,-1.752469372925874458e-02,2.368100163126427016e-01,4.897747017786085455e-01,4.863906138184558858e-01,5.126702235366661364e-01,5.106017569357215180e-01
9.269714622086803191e-01,-1.752591593325211056e-02,2.368108389097341449e-01,4.897754132337801547e-01,4.863909053304486529e-01,5.126694642359893583e-01,5.106015591863091174e-01
9.269711275173084797e-01,-1.752506782216083081e-02,2.368098463911604556e-01,4.897743612965977933e-01,4.863918282379335323e-01,5.126695737006540243e-01,5.106015791607582122e-01
9.269711038471465381e-01,-1.752607499640770200e-02,2.368096845880702517e-01,4.897747761811319656e-01,4.863918561378177130e-01,5.126698390652240089e-01,5.106008881821181289e-01
9.269708296741223652e-01,-1.752600210990463286e-02,2.368090237632233808e-01,4.897744108521321360e-01,4.863919227036224147e-01,5.126704587431942794e-01,5.106005530110233614e-01
9.269709197779554266e-01,-1.752499328074142923e-02,2.368091085467204371e-01,4.897743562251928862e-01,4.863911853320673218e-01,5.126706984432235492e-01,5.106010671485146091e-01
9.269705300463009223e-01,-1.752520865340374476e-02,2.368084138047792109e-01,4.897736218805804898e-01,4.863923292438583346e-01,5.126707297040943301e-01,5.106006504768516585e-01
9.269709407844779481e-01,-1.752559335042392849e-02,2.368092985815223039e-01,4.897742139818102025e-01,4.863918850562268248e-01,5.126702829279319307e-01,5.106009542417095926e-01
9.269711814275294337e-01,-1.752649411559427731e-02,2.368101261948089009e-01,4.897752132198360253e-01,4.863912826714120174e-01,5.126698791027266555e-01,5.106009750456008689e-01
9.269710893541631691e-01,-1.752711503797938636e-02,2.368096824145384249e-01,4.897750873096812785e-01,4.863922161865978921e-01,5.126695031314529860e-01,5.106005840604114221e-01
9.269704585274842756e-01,-1.752583957720196123e-02,2.368078701593215596e-01,4.897736981575591675e-01,4.863928987883637811e-01,5.126706353094849788e-01,5.106001295462914147e-01
9.269708381728110069e-01,-1.752562288810212421e-02,2.368088423433670486e-01,4.897739735748800616e-01,4.863921832473426798e-01,5.126705290471267329e-01,5.106006536728043832e-01
9.269713699561978881e-01,-1.752603153681538822e-02,2.368105108157370076e-01,4.897752496402057454e-01,4.863909170655777991e-01,5.126699274131021333e-01,5.106012398753305703e-01
9.269712352306598291e-01,-1.752620777396767318e-02,2.368096770191484846e-01,4.897749862141023702e-01,4.863911535935970254e-01,5.126703138022862261e-01,5.106008792890306403e-01
9.269708720992232420e-01,-1.752649703980359297e-02,2.368089045323438502e-01,4.897746412216694156e-01,4.863924214189485618e-01,5.126699534120272572e-01,5.106003643466258124e-01
9.269705256359679346e-01,-1.752593229287208176e-02,2.368085268997582593e-01,4.897741207067290992e-01,4.863919095077660626e-01,5.126711025663640564e-01,5.106001974585675507e-01
9.269709664152757655e-01,-1.752636473385835170e-02,2.368094055891878380e-01,4.897747572959508799e-01,4.863914962482190352e-01,5.126703930956477695e-01,5.106006928474199347e-01
9.269713704605053728e-01,-1.752659602344538298e-02,2.368104041782263802e-01,4.897754972203206547e-01,4.863906268824823020e-01,5.126701500650798771e-01,5.106010552630126931e-01
9.269707084001922448e-01,-1.752335653668687931e-02,2.368091053530540779e-01,4.897735436740101589e-01,4.863891039937915939e-01,5.126734631973153267e-01,5.106010532366631605e-01
9.269707685657393448e-01,-1.751534671046832414e-02,2.368094831267037736e-01,4.897712178290314355e-01,4.863815336530861178e-01,5.126799299744004834e-01,5.106040024412100697e-01
9.269704421466161692e-01,-1.749688203670193842e-02,2.368086669059596971e-01,4.897623712029626208e-01,4.863733211598793016e-01,5.126886677880884147e-01,5.106115374129688300e-01
9.269696629669519350e-01,-1.747214867743193331e-02,2.368072013764040973e-01,4.897496969778055154e-01,4.863662955071423877e-01,5.126958699065753411e-01,5.106231544745566397e-01
9.269696722846698655e-01,-1.744661342620024494e-02,2.368077171712657247e-01,4.897404337560805065e-01,4.863569479547844021e-01,5.127034810919133268e-01,5.106333001251949222e-01
9.269699657025546324e-01,-1.743541337247327822e-02,2.368096100616829958e-01,4.897423371077883614e-01,4.863448869747611925e-01,5.127122076520789218e-01,5.106342000710877294e-01
9.269702930509895467e-01,-1.742631564021999285e-02,2.368113485367368265e-01,4.897426746113628937e-01,4.863376787373715482e-01,5.127163746676688394e-01,5.106365576929413619e-01
9.269706704298285027e-01,-1.742175116616515029e-02,2.368134775001335957e-01,4.897441060087732168e-01,4.863336821924115760e-01,5.127166729051620964e-01,5.106386917575859163e-01
9.269703807852561761e-01,-1.741628614151634336e-02,2.368162311070670378e-01,4.897451666568911621e-01,4.863334211834060006e-01,5.127137747145105173e-01,5.106408330659194528e-01
9.269581078222386417e-01,-1.738427903693432267e-02,2.368385698441846932e-01,4.897542459180467267e-01,4.863325443224042477e-01,5.127160439859306251e-01,5.106306817824007860e-01
9.268919220978842910e-01,-1.733666848974796393e-02,2.368869609369523288e-01,4.897940011932452320e-01,4.864082769368191506e-01,5.127037845333742849e-01,5.105327157466221788e-01
9.268017918396551647e-01,-1.722196391027300960e-02,2.369875054686521321e-01,4.898454750477958530e-01,4.865949330217555491e-01,5.126602782819051907e-01,5.103491165904687765e-01
9.266971981148910409e-01,-1.703417587786779444e-02,2.370943671744489833e-01,4.898895112034363231e-01,4.868672980867701505e-01,5.126171108326785797e-01,5.100903827245752975e-01
9.265956687285090698e-01,-1.677412414117148559e-02,2.372852951875221994e-01,4.899769909721969352e-01,4.871855299569020081e-01,5.125452466916258221e-01,5.097746343358648957e-01
9.264910994838914116e-01,-1.645206223560161801e-02,2.375424699899243708e-01,4.901224125690154532e-01,4.875603772473379172e-01,5.124390651914942918e-01,5.093830618519118447e-01
9.263879192913513361e-01,-1.607948016370564642e-02,2.378342255332430988e-01,4.902579523612884405e-01,4.880017829091557457e-01,5.122772878602944724e-01,5.089925150397622833e-01
9.262637543964085118e-01,-1.566297123156629167e-02,2.381004365063825456e-01,4.903985235920187424e-01,4.884948749407804214e-01,5.121300866104309124e-01,5.085320241673596531e-01
9.261362540986812775e-01,-1.519803807058521528e-02,2.383790089592821571e-01,4.905318759327658706e-01,4.889748449917266093e-01,5.120026617432779092e-01,5.080702254875768542e-01
9.259961071880541406e-01,-1.464815152114519459e-02,2.386796150948490292e-01,4.906917901864633058e-01,4.895000533580025071e-01,5.118724688490046137e-01,5.075409741494193439e-01
9.258678299251421606e-01,-1.406548966018811297e-02,2.389965474968778203e-01,4.908440632509038504e-01,4.900625447244164046e-01,5.117096830042070499e-01,5.070148007201625839e-01
9.257275245922145235e-01,-1.346313156701631382e-02,2.393097482375788621e-01,4.910100536874402732e-01,4.907031926315547632e-01,5.115410129255306693e-01,5.064042811965342450e-01
9.255954611322102510e-01,-1.292092371326092511e-02,2.396175168168969971e-01,4.911869929337524532e-01,4.912918799028928585e-01,5.113814285176999652e-01,5.058227567848009310e-01
9.254333235642593358e-01,-1.236071678979852595e-02,2.399227282954471407e-01,4.913636920079643144e-01,4.919531634333273451e-01,5.112124545716897339e-01,5.051788133473456011e-01
9.252735053056005965e-01,-1.176217197407153532e-02,2.402587115373020776e-01,4.915614178369793752e-01,4.926125171829025540e-01,5.110413091253678264e-01,5.045166605536960391e-01
9.251106956077423948e-01,-1.112349048033294853e-02,2.405697932089165270e-01,4.917334608728726741e-01,4.933110174844190787e-01,5.108448007479087227e-01,5.038650940830330383e-01
9.249635082825180543e-01,-1.046124995847029851e-02,2.408948734816974413e-01,4.918965415389502382e-01,4.940370555513168838e-01,5.106296539817755109e-01,5.032122182922998954e-01
9.248172095349086463e-01,-9.734910271219046618e-03,2.412367112564550720e-01,4.920438067798822979e-01,4.948402433009470580e-01,5.103680485103239128e-01,5.025440088979121755e-01
9.246737155906382677e-01,-9.037225721213473784e-03,2.415735809745038487e-01,4.921454265278999984e-01,4.956593212055290243e-01,5.100720535789340371e-01,5.019374628452381026e-01
9.245327368898365039e-01,-8.383825489833936564e-03,2.418942860470008616e-01,4.922428841209997574e-01,4.964563607997693473e-01,5.097800358480583105e-01,5.013505160109458236e-01
9.243651808548331017e-01,-7.663280332322322183e-03,2.422614773264898658e-01,4.923432695629241240e-01,4.973516530060133611e-01,5.094173248784439334e-01,5.007328901539876975e-01
9.242066720320238904e-01,-6.964430528874089241e-03,2.426109232766768264e-01,4.924409405284277952e-01,4.981947457755733777e-01,5.090866268271850847e-01,5.001347036137442359e-01
9.240533378164952349e-01,-6.218518443039587791e-03,2.429659373948485357e-01,4.925199441694259606e-01,4.990117459492383056e-01,5.087737729922989782e-01,4.995604366993234291e-01
9.239117461703547640e-01,-5.513160154426020171e-03,2.433010947252100264e-01,4.925891492710947617e-01,4.997879048698385951e-01,5.084897805533162840e-01,4.990051334796433702e-01
9.237686149766455301e-01,-4.732698781361496798e-03,2.436933983122449854e-01,4.926884135987208424e-01,5.006510051326926725e-01,5.081375170911276440e-01,4.984004031796767653e-01
9.236424839129985243e-01,-4.000036387938740376e-03,2.440991413849932512e-01,4.928130533324022733e-01,5.014635378864403803e-01,5.077630513289992376e-01,4.978416398220156247e-01
9.235137602410026236e-01,-3.296278128353599159e-03,2.445262884582453111e-01,4.929728469325876938e-01,5.022882964776306247e-01,5.073528865676625310e-01,4.972698340943677575e-01
9.233672698497751297e-01,-2.579177936065345667e-03,2.449230072381203827e-01,4.931255396856626949e-01,5.031410778899616520e-01,5.069261656844123998e-01,4.966911720515586048e-01
9.232132340062050302e-01,-1.883384288716272994e-03,2.452890685380983982e-01,4.932890441254105807e-01,5.040390707476521959e-01,5.064772960357554199e-01,4.960758840197653230e-01
9.230567121421517918e-01,-1.151075577303209245e-03,2.456250161232399198e-01,4.934348298031644986e-01,5.049499984286600629e-01,5.060283869848721805e-01,4.954622481980909265e-01
9.229045327944718213e-01,-4.016289706544950511e-04,2.459717036631692555e-01,4.935913605703854401e-01,5.058416555876243947e-01,5.055765445090846244e-01,4.948577026629981668e-01
9.227471132981956981e-01,3.857146233121263061e-04,2.462784256059324106e-01,4.937055395426436788e-01,5.067578534140840807e-01,5.051314749448635455e-01,4.942605701935804396e-01
9.225880719011623210e-01,1.166175158812947799e-03,2.466087321689510725e-01,4.938526740122463066e-01,5.076517919983739580e-01,5.046813566698832298e-01,4.936556721862313535e-01
9.224241968913959866e-01,1.921962366851660310e-03,2.468906271562922861e-01,4.939646462814970551e-01,5.085369341009697841e-01,5.042400105921079900e-01,4.930832856599908220e-01
9.222418982867712778e-01,2.770466065214128443e-03,2.472167039878802597e-01,4.941175988076504377e-01,5.094955041624065206e-01,5.037700200007313445e-01,4.924204471133582506e-01
9.220735283914626157e-01,3.624009414396068326e-03,2.475228697832775049e-01,4.942578264411361388e-01,5.104148546736378966e-01,5.033019829995257766e-01,4.918058468937900329e-01
9.219151868452958309e-01,4.481643309892566901e-03,2.478125130600392079e-01,4.944341995039584492e-01,5.113240600827343441e-01,5.028539863085247363e-01,4.911419310087606349e-01
9.217783517686014561e-01,5.353751627460685315e-03,2.481312591453176120e-01,4.946405401091859000e-01,5.122591005227096206e-01,5.023582835992707052e-01,4.904666195689083574e-01
9.216453981645841287e-01,6.235567975084170544e-03,2.484707407444673999e-01,4.949224315180983380e-01,5.131654390099362750e-01,5.018722035485791988e-01,4.897318759191053861e-01
9.215026711590378339e-01,7.114305679235889343e-03,2.488355414227024220e-01,4.952632070860630287e-01,5.140507227388222411e-01,5.013810451556098835e-01,4.889614071858741640e-01
9.213474810456133701e-01,8.027923934008791493e-03,2.492043495522537899e-01,4.956602201558811815e-01,5.148732604361297982e-01,5.009263891662503188e-01,4.881590155674222498e-01
9.211891537874108415e-01,8.945802733199633913e-03,2.495738899137155409e-01,4.961162761246151742e-01,5.156368373261613902e-01,5.004886098528921190e-01,4.873381207786212643e-01
9.210343920621658631e-01,9.851580881530021261e-03,2.499204337340879267e-01,4.966162061011242246e-01,5.163847921342428204e-01,5.000644078018536831e-01,4.864716624223672237e-01
9.208945475531606917e-01,1.069768957510169871e-02,2.502073372132997964e-01,4.971249234087555258e-01,5.170786715507521558e-01,4.997006148352099997e-01,4.855880491594302129e-01
9.207483407845202805e-01,1.164398034608409710e-02,2.505189531809129400e-01,4.977361048181601633e-01,5.177877940580878358e-01,4.993420812941569142e-01,4.845740976710624093e-01
9.206055436611976228e-01,1.261533643173576476e-02,2.507899075179779169e-01,4.983209404957459343e-01,5.184032714290284227e-01,4.990677577156947264e-01,4.835965897767939836e-01
9.204559383109325310e-01,1.361444931416338523e-02,2.510402736736795370e-01,4.989101044170250465e-01,5.189905970934767243e-01,4.988425952570831878e-01,4.825904402247598313e-01
9.203151407143834728e-01,1.454586798993676502e-02,2.512626771597218367e-01,4.994977440024507276e-01,5.195449518253895116e-01,4.986413753857996123e-01,4.815930081745100622e-01
9.201629692008617134e-01,1.553281312146411949e-02,2.515066279786146719e-01,5.002142009369794362e-01,5.201131001690421085e-01,4.984485734227940834e-01,4.804343200337676256e-01
9.200365017840941295e-01,1.641191704038378121e-02,2.517761734114172256e-01,5.009200293894928713e-01,5.205693999272749117e-01,4.982804173822349414e-01,4.793779820446201767e-01
9.198885008235930805e-01,1.741627520371965415e-02,2.520634496519219558e-01,5.017139637565700694e-01,5.210332863788371682e-01,4.981387237039508475e-01,4.781895283290283905e-01
9.197394105233782646e-01,1.835793605094392100e-02,2.523455584226397264e-01,5.025080898724268996e-01,5.214352245700272226e-01,4.980279636452233372e-01,4.770315226667543596e-01
9.195800640713114316e-01,1.922994348070686255e-02,2.526067237407103594e-01,5.032865988988066697e-01,5.218087322855722299e-01,4.979391584340881471e-01,4.758937284492700814e-01
9.194064549333009762e-01,2.013064817897643882e-02,2.528590428523559419e-01,5.041345828302558063e-01,5.221769617560120258e-01,4.978737321347787570e-01,4.746591301723910306e-01
9.192378529249765062e-01,2.106373306007346125e-02,2.531162455160208546e-01,5.049946549826848097e-01,5.225079868717704690e-01,4.978424556753239250e-01,4.734117567417311379e-01
9.190708388489268188e-01,2.201739799801330846e-02,2.533662642770582729e-01,5.058554945076358944e-01,5.228124558034251690e-01,4.978432407170970686e-01,4.721540663867305754e-01
9.189012048601156168e-01,2.298044168577568006e-02,2.536042428009072647e-01,5.067056181380273916e-01,5.230896464506017418e-01,4.978786740295091384e-01,4.708964475021677476e-01
9.187084718066889089e-01,2.396507524274345269e-02,2.538781001858582131e-01,5.075937028072708967e-01,5.233716166576625195e-01,4.979044296067066111e-01,4.695976604771034957e-01
9.185070400476622599e-01,2.487466823301805185e-02,2.541315722441938041e-01,5.084150660748838479e-01,5.236452646219738050e-01,4.979258737851195438e-01,4.683797408539140950e-01
9.183114130303184908e-01,2.574521254940940335e-02,2.543676627736708995e-01,5.091766479829913372e-01,5.238750370811210422e-01,4.979693368849308910e-01,4.672479279723361079e-01
9.181182584746744313e-01,2.665883394889306118e-02,2.546548187704542054e-01,5.099612287142510914e-01,5.240956112617901619e-01,4.980027727991768183e-01,4.661078992558624901e-01
9.179213186594112894e-01,2.759283201757245507e-02,2.549154193927555268e-01,5.107059224124673724e-01,5.243151793771931857e-01,4.980516417564437304e-01,4.649920597507055109e-01
9.177231282849005467e-01,2.849934441202731789e-02,2.551513466767718619e-01,5.114202970648434876e-01,5.245802630348358475e-01,4.980684922810125759e-01,4.638885689272029267e-01
9.175226909483495952e-01,2.934272508827437398e-02,2.553983645980610895e-01,5.121411396794701698e-01,5.248645164150659292e-01,4.980617614727151921e-01,4.627776725544225367e-01
9.173098571498545795e-01,3.019285505996460034e-02,2.556524322696981932e-01,5.128915625692374025e-01,5.251688990353892139e-01,4.980535743866396636e-01,4.616086108078304440e-01
9.171080596108706073e-01,3.097768758744030154e-02,2.558671544149128119e-01,5.135531507005102192e-01,5.254516342491815095e-01,4.980480717932690427e-01,4.605560331310951661e-01
9.168801762353695484e-01,3.181409912453128652e-02,2.560996292879148539e-01,5.142837595330564948e-01,5.257834759955455350e-01,4.980297444706708876e-01,4.593803703610606082e-01
9.166770347632290372e-01,3.258454948995354039e-02,2.563017936867046931e-01,5.149266045737947994e-01,5.261054982212409747e-01,4.979995221109381198e-01,4.583231094116460014e-01
9.164613515521881082e-01,3.337581312007092960e-02,2.565146349652908109e-01,5.156073260079704346e-01,5.264556624443162969e-01,4.979452361436423335e-01,4.572133666561806198e-01
9.162448918250564178e-01,3.419825153219006181e-02,2.567443609161415008e-01,5.162665877263651337e-01,5.268162505915575666e-01,4.978676462229221777e-01,4.561373207209380443e-01
9.160240239370837090e-01,3.505548094312483515e-02,2.569904266744942323e-01,5.169165471568212267e-01,5.271571176168193817e-01,4.977927573407075479e-01,4.550879336573671052e-01
9.157924144788242016e-01,3.592260104324496162e-02,2.572226397769489803e-01,5.175587136885492212e-01,5.274803991044227924e-01,4.977378869496850711e-01,4.540422913568247787e-01
9.155517243837851815e-01,3.680152468561112555e-02,2.574637261695431611e-01,5.181975067552467840e-01,5.277832656357002161e-01,4.976699783970958690e-01,4.530350550562238232e-01
9.152952730531270786e-01,3.766258135405286395e-02,2.576949774859361719e-01,5.188215964391532653e-01,5.280986697166955013e-01,4.975878950235946285e-01,4.520422909836787628e-01
9.150206316157214470e-01,3.854800852579957915e-02,2.579185354917060691e-01,5.194553965625067216e-01,5.284457888160822847e-01,4.974828866239222047e-01,4.510231887397446737e-01
9.147682329246574762e-01,3.934060858766013496e-02,2.580939365792421780e-01,5.200183968177217730e-01,5.287518836791922361e-01,4.974027516714402686e-01,4.501031160817620114e-01
9.144962627554570345e-01,4.020749066787859122e-02,2.582999063910417781e-01,5.206407156738094288e-01,5.290848133972082534e-01,4.972940473615575230e-01,4.491114960384178789e-01
9.142452386126775910e-01,4.100042682991271448e-02,2.584704755491700201e-01,5.212096568062286606e-01,5.293843442049369630e-01,4.971771862657158869e-01,4.482271245914820623e-01
9.139687481507525746e-01,4.183230279209576574e-02,2.586165583759483799e-01,5.218099208176917303e-01,5.297377817714212789e-01,4.970039340582388387e-01,4.473023347030082308e-01
9.136797149104399773e-01,4.267299737950303040e-02,2.587526947669729349e-01,5.224696367597563285e-01,5.301377669234669243e-01,4.967607132275589366e-01,4.463274812726359397e-01
9.134218439183677818e-01,4.347904661230417994e-02,2.588882329994005582e-01,5.230898308719176271e-01,5.305487350528298451e-01,4.964688337401465534e-01,4.454366012093413096e-01
9.131745540330922228e-01,4.429340132178047340e-02,2.590005053305818872e-01,5.236409978226133077e-01,5.309547701354776494e-01,4.961635227612256061e-01,4.446446852835315711e-01
9.129051277121612573e-01,4.516841273997904138e-02,2.591161432921415542e-01,5.242197813085042180e-01,5.313640810064240716e-01,4.958294685345810415e-01,4.438456628534037107e-01
9.126191441111975999e-01,4.604964482447938823e-02,2.591956897594377418e-01,5.247647816090227346e-01,5.317995865048531501e-01,4.954745800922533694e-01,4.430756868284547179e-01
9.123278711272398978e-01,4.694274821401039216e-02,2.592920666704165433e-01,5.253191074716149211e-01,5.322950860328602429e-01,4.950218047285471212e-01,4.423292772966628261e-01
9.120537344392294354e-01,4.778126949652753558e-02,2.593625066498999598e-01,5.258272167900733818e-01,5.327772619896233852e-01,4.945707223953423326e-01,4.416491002356902063e-01
9.117966121538030322e-01,4.860315166116825625e-02,2.594480754238477904e-01,5.262736578114026731e-01,5.332372716379085720e-01,4.940908720075192218e-01,4.410989224979080525e-01
9.115065086467215583e-01,4.952014163606051345e-02,2.595423575061385213e-01,5.267326130538555473e-01,5.337405348312307396e-01,4.935470729761231024e-01,4.405508853472329123e-01
9.112410835694206845e-01,5.033311901742267003e-02,2.596068057283899000e-01,5.270972632769499455e-01,5.342251591998059546e-01,4.930267987059964163e-01,4.401096796045373960e-01
9.109418413307686091e-01,5.118630138365506260e-02,2.596432682278066451e-01,5.274480226454844045e-01,5.348139949432293427e-01,4.924195454047094467e-01,4.396539156241546231e-01
9.106730641576454843e-01,5.191177943452477545e-02,2.596890228464344141e-01,5.277213058277541169e-01,5.353843078626961960e-01,4.918010380521937730e-01,4.393240321683033467e-01
9.103799550376536764e-01,5.267690257314099067e-02,2.597582447764315572e-01,5.279979461733765866e-01,5.360351470141405672e-01,4.910652185202568076e-01,4.390210030988009327e-01
9.100999996594046904e-01,5.340143016151964461e-02,2.598170675998456858e-01,5.281925788401063970e-01,5.366885643029113417e-01,4.903212300165357695e-01,4.388200952552072653e-01
9.098437665729470769e-01,5.404936463161631732e-02,2.598751687316696590e-01,5.283485593989299955e-01,5.373396221187413113e-01,4.895621457470638593e-01,4.386830698054051125e-01
9.095936170786179664e-01,5.468299525604933264e-02,2.599349110573422328e-01,5.284823790710833080e-01,5.380535124405979586e-01,4.887171339913219392e-01,4.385890510546422982e-01
9.093719151918077115e-01,5.528729799487200336e-02,2.599844439468161350e-01,5.285704255023424558e-01,5.387740795864864873e-01,4.878747491295352678e-01,4.385362306717655589e-01
9.092325730100435655e-01,5.588388583785974112e-02,2.600229310493122892e-01,5.285367550155146699e-01,5.395267811400291658e-01,4.870364754753171987e-01,4.385831991617207826e-01
9.092069719286954843e-01,5.635591360965382796e-02,2.600024573576812381e-01,5.283853270222222953e-01,5.402040642809239346e-01,4.863224407782012482e-01,4.387242855342333714e-01
9.092309280773426261e-01,5.677620233400337141e-02,2.599803503473938071e-01,5.281139277633764006e-01,5.407927267020686823e-01,4.856818336123790436e-01,4.390353773301171048e-01
9.092678243846001873e-01,5.709584225371151789e-02,2.599719183952717838e-01,5.277596751515662987e-01,5.414158150296508598e-01,4.849897750863819690e-01,4.394582557892759977e-01
9.092820229246816321e-01,5.727262930213609243e-02,2.599508114490430843e-01,5.275431115320056152e-01,5.417151985645041190e-01,4.846657448956958603e-01,4.397067486905904543e-01
9.092892632218800841e-01,5.738184998269517390e-02,2.599296416568183665e-01,5.274165490102250553e-01,5.418379118025150598e-01,4.845441001062243402e-01,4.398414216690874068e-01
9.092946602069067463e-01,5.742425542029478552e-02,2.599166890693159204e-01,5.273695271912925975e-01,5.418690380160930964e-01,4.845162800867336417e-01,4.398901019123528378e-01
9.093020938974247791e-01,5.739079276879184566e-02,2.599082405170254351e-01,5.273608654128311146e-01,5.418861360917976988e-01,4.844977559188465288e-01,4.398998268380351906e-01
9.093105663431597652e-01,5.733257419714722636e-02,2.599021335748438744e-01,5.273801992147392204e-01,5.418833054236237290e-01,4.844975090342967250e-01,4.398804070641830766e-01
9.093154168523398528e-01,5.727795487878861030e-02,2.598910049852430904e-01,5.274059651603139054e-01,5.418820218446637194e-01,4.844976566649533689e-01,4.398509327045084238e-01
9.093199630180375248e-01,5.716563705315288318e-02,2.598795385795574231e-01,5.274699340920054880e-01,5.418712734956668831e-01,4.845037574334339903e-01,4.397807415315541091e-01
9.093231215427731717e-01,5.709232585166164331e-02,2.598722350676875847e-01,5.275208749648074846e-01,5.418532337306777302e-01,4.845205884671412999e-01,4.397233208773748681e-01
9.093230561380010180e-01,5.708436782798313736e-02,2.598668443280310325e-01,5.275144579551237500e-01,5.418627268571217792e-01,4.845145681534482884e-01,4.397259545880295994e-01
9.093217718760543411e-01,5.711229323457826801e-02,2.598635093782861727e-01,5.274891796298545321e-01,5.418723334263441105e-01,4.845088471541106889e-01,4.397507437968767863e-01
9.093196755346538707e-01,5.715514093338331519e-02,2.598590877533940580e-01,5.274570330367465143e-01,5.418796494981510392e-01,4.845082583420495803e-01,4.397809356465866015e-01
9.093170140702815374e-01,5.721871858060681437e-02,2.598533237401373652e-01,5.274182243152392147e-01,5.418814397625749679e-01,4.845188376725429458e-01,4.398136171623691637e-01
9.093142537972347395e-01,5.725309601908187829e-02,2.598427767116732179e-01,5.273923768502672971e-01,5.418852658190732585e-01,4.845329444284831033e-01,4.398243573199220324e-01
9.093128386586757372e-01,5.729440191322618392e-02,2.598369009690699727e-01,5.273654470493932545e-01,5.418846730967200598e-01,4.845463474694344796e-01,4.398426121640379716e-01
9.093089267927330077e-01,5.735442007116665908e-02,2.598285623371648922e-01,5.273231240347080462e-01,5.418939130881947897e-01,4.845529963801594175e-01,4.398746452288984643e-01
9.093091273931932506e-01,5.735115652836575428e-02,2.598229192553273559e-01,5.273155077408681057e-01,5.419007019910331291e-01,4.845579411077135523e-01,4.398699650886266355e-01
9.093101750313092868e-01,5.733334138394404617e-02,2.598207651596355916e-01,5.273289099376571309e-01,5.418939388451980976e-01,4.845715872685773529e-01,4.398471968750176098e-01
9.093121889660233936e-01,5.728997296848752779e-02,2.598193457322138245e-01,5.273555311998922024e-01,5.418882598388593541e-01,4.845799476590750277e-01,4.398130647086560541e-01
9.093122729916133240e-01,5.725226362733280144e-02,2.598174907103472653e-01,5.273723172213556909e-01,5.418924795883007794e-01,4.845761162338483863e-01,4.397919589646228644e-01
9.093134616224584077e-01,5.720478038022243361e-02,2.598194732201342672e-01,5.273987718352406429e-01,5.418946363140759725e-01,4.845673406453618881e-01,4.397672463708465762e-01
9.093173322482096532e-01,5.714083100391680048e-02,2.598279711754822863e-01,5.274458237661544535e-01,5.418798199600525223e-01,4.845670599556287095e-01,4.397293805486069962e-01
9.093160344404461748e-01,5.715742852041601207e-02,2.598332268327083194e-01,5.274522644934147575e-01,5.418645370276815587e-01,4.845732129331945526e-01,4.397337074868673534e-01
9.093137903623867979e-01,5.717772310525978674e-02,2.598364048980876251e-01,5.274370809907283908e-01,5.418740347190359463e-01,4.845559595102610917e-01,4.397592275284094576e-01
9.093090507335256367e-01,5.720863020303786073e-02,2.598335596938110559e-01,5.274140803554711043e-01,5.418862832001889451e-01,4.845456760273111896e-01,4.397830507938128020e-01
9.093065069155021884e-01,5.721996911030272082e-02,2.598311962869658265e-01,5.274047493286719845e-01,5.418897018457482506e-01,4.845457321034857268e-01,4.397899668243733240e-01
9.093048412602077191e-01,5.722860893540684946e-02,2.598298388015606308e-01,5.273985288265430338e-01,5.418906491654537083e-01,4.845478771836193577e-01,4.397938958824793576e-01
9.093018560664163363e-01,5.723833324219823604e-02,2.598249055424046716e-01,5.273906800679136753e-01,5.418900788186830075e-01,4.845550964518025583e-01,4.397960567785586528e-01
9.093010275615673876e-01,5.725382930751562321e-02,2.598202376898604005e-01,5.273785274105371457e-01,5.418887667019425258e-01,4.845652891981384047e-01,4.398010162026291803e-01
9.092997715406315740e-01,5.728860746224367917e-02,2.598148877345723418e-01,5.273550237185911094e-01,5.418881274684539395e-01,4.845768551462525942e-01,4.398172435501643829e-01
9.093008234514966537e-01,5.730607803451401999e-02,2.598150699638268057e-01,5.273430569263081180e-01,5.418829798963543665e-01,4.845847509586595492e-01,4.398292345315369944e-01
9.093039127443900416e-01,5.732059157665311822e-02,2.598206889451639690e-01,5.273432514692247830e-01,5.418621682843326459e-01,4.846032581485201218e-01,4.398342504897796434e-01
9.093054581609405496e-01,5.736059288497259712e-02,2.598223505500670272e-01,5.273366802439346523e-01,5.418321794301271810e-01,4.846377157734472196e-01,4.398411070525353739e-01
9.092960662058509058e-01,5.741534634433997919e-02,2.598128766457007410e-01,5.273174554646140599e-01,5.418111848661134600e-01,4.846803112582737105e-01,4.398430822405713370e-01
9.091782122804146216e-01,5.748685228974786954e-02,2.597977630708649954e-01,5.272833224547511799e-01,5.418322405435543887e-01,4.847385436097676470e-01,4.397938895752332433e-01
9.089478824563879122e-01,5.758887185322754398e-02,2.598713961060140076e-01,5.272714232148276725e-01,5.419399473052395333e-01,4.847329214589058966e-01,4.396816287152766067e-01
9.086321680217562813e-01,5.773245061832228686e-02,2.599644439347630342e-01,5.272637077623749668e-01,5.421951846855259660e-01,4.846666056983748305e-01,4.394492524755475582e-01
9.083104848025229661e-01,5.790595995100736304e-02,2.601166130392979503e-01,5.273101748294510838e-01,5.425139542191390607e-01,4.845669130645431366e-01,4.391098903030394851e-01
9.080221408141859740e-01,5.812969261050876524e-02,2.603836200610865070e-01,5.274272753548908677e-01,5.429053527984623040e-01,4.843612635602044247e-01,4.387122217090100307e-01
9.077632269417703625e-01,5.836986473254790475e-02,2.607050935620650600e-01,5.275868060073065635e-01,5.433209519619626171e-01,4.841406531790982681e-01,4.382491679689440867e-01
9.075325464695456201e-01,5.863629308523171657e-02,2.610305593635557919e-01,5.277748289755432864e-01,5.436892302002971356e-01,4.839733929965878145e-01,4.377505062651723677e-01
9.073159533895578388e-01,5.902492984136681331e-02,2.613932051011501612e-01,5.279544348899124495e-01,5.439911395256145088e-01,4.838707138915392392e-01,4.372720972527160965e-01
9.071783669338093770e-01,5.931838628527454776e-02,2.616312218234040365e-01,5.280740223659533550e-01,5.441571747488309629e-01,4.838355817432395956e-01,4.369598676203498844e-01
9.071386606740805547e-01,5.951743581896051793e-02,2.617856745889518555e-01,5.281214272679006783e-01,5.441657907817927242e-01,4.838276461129329409e-01,4.369006283586235884e-01
9.071515108544631056e-01,5.966383812267297970e-02,2.619288807294598009e-01,5.281663269855033649e-01,5.440630748431783958e-01,4.838482934062418583e-01,4.369514053057794722e-01
9.071633989696969991e-01,5.977358886796957371e-02,2.619807536788990032e-01,5.281469524511471780e-01,5.440035036012652592e-01,4.838690345793025260e-01,4.370260198905868698e-01
9.071622796965770341e-01,5.986164859713589970e-02,2.619537121512589550e-01,5.280713973812892759e-01,5.439858066447578189e-01,4.839281801616189260e-01,4.370738586123499858e-01
9.071456924273156863e-01,5.990576317823670394e-02,2.618687236273001817e-01,5.279772740699119060e-01,5.439838240989125495e-01,4.840237722267191622e-01,4.370841853737623683e-01
9.071031399263576045e-01,5.990330851692136221e-02,2.617247602333194756e-01,5.278505343499119151e-01,5.440293420614349396e-01,4.841161746504403229e-01,4.370782742307597335e-01
9.070704953266389703e-01,5.985804531366247655e-02,2.616279511708514138e-01,5.277197575437714283e-01,5.440989023482543097e-01,4.841400083211430116e-01,4.371232026604989218e-01
9.070440120504205117e-01,5.975268158758829939e-02,2.615590394048687983e-01,5.276103421266030713e-01,5.441866736876718180e-01,4.841066862374539537e-01,4.371829221298418888e-01
9.070236276528939046e-01,5.962904724716105997e-02,2.615029918814700816e-01,5.275014064995818819e-01,5.442554589984798241e-01,4.840726810732864926e-01,4.372663958387809080e-01
9.070036549916267177e-01,5.951607736958523104e-02,2.614519867653969931e-01,5.273672934851774130e-01,5.443171512436082438e-01,4.840463140475385062e-01,4.373805465280243832e-01
9.069888322689247939e-01,5.940077183480788059e-02,2.614215033898373841e-01,5.272110055691301422e-01,5.444024215948879419e-01,4.839839407417744210e-01,4.375318320676463979e-01
9.069779878710741983e-01,5.926935725154852674e-02,2.614081260595723100e-01,5.270694830463261704e-01,5.444892712021350833e-01,4.839010366990915690e-01,4.376859379379129944e-01
9.069691508162356364e-01,5.914227311217442468e-02,2.614199101125542213e-01,5.269130712210343681e-01,5.445757132876060114e-01,4.837811651826940396e-01,4.378991802780491938e-01
9.069612288696011770e-01,5.905864118896277798e-02,2.614363951218293680e-01,5.267338834638254363e-01,5.446775401324305266e-01,4.836346997207929266e-01,4.381498265575146656e-01
9.069532626229146466e-01,5.899443311914151500e-02,2.614554055002007993e-01,5.265383265554144376e-01,5.447710667990672828e-01,4.834906426989850625e-01,4.384275012694255347e-01
9.069416617762386945e-01,5.896859098893912632e-02,2.614640782700086152e-01,5.262951851158830241e-01,5.448750114398064337e-01,4.833404030401196594e-01,4.387558031768059030e-01
9.069295630409295317e-01,5.897455296270012748e-02,2.614664013274265453e-01,5.260001057643816091e-01,5.450000512359792770e-01,4.831653870093496894e-01,4.391469477119755993e-01
9.069172105303698883e-01,5.893285229677559800e-02,2.614492169541468569e-01,5.256786425925793482e-01,5.451947151491322030e-01,4.829271336582458551e-01,4.395521253186138178e-01
9.069016116735431066e-01,5.886333094863752113e-02,2.614155980793913536e-01,5.253628741519893453e-01,5.454081867106999049e-01,4.826799452873520857e-01,4.399361666754690314e-01
9.068893674847129382e-01,5.876168283802410408e-02,2.613909055867120745e-01,5.249889605307513918e-01,5.456900585541378801e-01,4.823313994530077919e-01,4.404150002188002566e-01
9.068812027249611996e-01,5.867499949998673803e-02,2.613809702957856085e-01,5.246147209080948004e-01,5.459852225976620232e-01,4.819473530058022148e-01,4.409152755827404069e-01
9.068746878444717829e-01,5.858938803871120704e-02,2.613738798803634245e-01,5.241805298976156546e-01,5.463402515363854350e-01,4.814793424289723900e-01,4.415028249531119386e-01
9.068674557528513258e-01,5.850574427877106021e-02,2.613637777138324569e-01,5.236867629762849141e-01,5.467606071276007729e-01,4.809182184630376167e-01,4.421794657457714384e-01
9.068582963467047842e-01,5.843692787998834570e-02,2.613434649056186609e-01,5.231461801765014963e-01,5.472406153586608646e-01,4.802913647606492642e-01,4.429062970933719812e-01
9.068494594330230862e-01,5.838627035800704468e-02,2.613115113235922604e-01,5.225872473653300210e-01,5.477321209129870638e-01,4.796718931781437378e-01,4.436293131728152872e-01
9.068356061698724657e-01,5.833190873187210634e-02,2.612628136276918256e-01,5.219418843249143958e-01,5.483016555918611701e-01,4.789710857709963410e-01,4.444419679304987825e-01
9.068145933617502985e-01,5.826662603203049823e-02,2.612027447121451074e-01,5.212450007085828174e-01,5.489154031845058235e-01,4.782139689192018150e-01,4.453166618414873823e-01
9.067905697714806479e-01,5.821461259857196868e-02,2.611308922662423093e-01,5.205164041498904215e-01,5.495609148283576717e-01,4.774399461833554459e-01,4.462023887120295518e-01
9.067716131963846626e-01,5.814353627704833827e-02,2.610725087161356317e-01,5.198130813135835027e-01,5.502189619131547804e-01,4.766475071512203954e-01,4.470577237594886566e-01
9.067552218778200945e-01,5.805163217621147481e-02,2.610249087618716213e-01,5.190683118442422916e-01,5.509213645543625804e-01,4.757691275568562972e-01,4.479927175529923034e-01
9.067398954142631418e-01,5.795424321180960014e-02,2.609694564518436621e-01,5.183124709543501796e-01,5.516208660912921280e-01,4.749009165242970565e-01,4.489273014979949794e-01
9.067251312865234336e-01,5.782760236163574097e-02,2.609236565962550491e-01,5.175210418508287002e-01,5.523767029962669550e-01,4.739437503452851863e-01,4.499214050667658116e-01
9.067098411614997744e-01,5.768898162536678642e-02,2.608769556093389341e-01,5.167615433378054401e-01,5.531246626418871992e-01,4.730050713363068704e-01,4.508623042510463974e-01
9.066982026672679718e-01,5.755925230567834894e-02,2.608418313194121874e-01,5.160101082007411133e-01,5.538657563517910276e-01,4.720583380625746894e-01,4.518044019718245319e-01
9.066847785873721755e-01,5.743301039127106378e-02,2.608084958630966232e-01,5.152566065555356234e-01,5.545947534558114400e-01,4.711104927883190685e-01,4.527584261224842921e-01
9.066715820596467079e-01,5.730876155337894656e-02,2.607741564061977768e-01,5.145631176995624223e-01,5.552448650646082395e-01,4.702573805933566997e-01,4.536363452372018101e-01
9.066570397015079052e-01,5.717793456110718819e-02,2.607440199835143746e-01,5.138117805292199414e-01,5.559383651296556650e-01,4.693291067927782279e-01,4.545989198001370024e-01
9.066461194721513461e-01,5.707104576307107241e-02,2.607144004733898401e-01,5.131299827326560870e-01,5.565628149204981945e-01,4.685030613108367992e-01,4.554561838540890917e-01
9.066346882749871661e-01,5.693848656677140407e-02,2.606919016001354450e-01,5.124256846887692562e-01,5.572112817033192389e-01,4.676190126510828549e-01,4.563638506948339280e-01
9.066210825156442166e-01,5.684560309331281036e-02,2.606521743351301046e-01,5.117763652928988272e-01,5.577683556109189755e-01,4.668779852536965591e-01,4.571699468382956488e-01
9.066046119995085917e-01,5.676852468864664047e-02,2.606104660135611928e-01,5.110895775765563753e-01,5.583195326835216354e-01,4.661276938470053088e-01,4.580302568013862596e-01
9.065860669429408603e-01,5.668420836615883918e-02,2.605631233038900318e-01,5.104417395598698226e-01,5.588483395472721993e-01,4.654201276723480829e-01,4.588266215661487846e-01
9.065709272509305805e-01,5.658560848041300356e-02,2.605122038039310306e-01,5.098512405092675559e-01,5.593372673197837264e-01,4.647813837004226567e-01,4.595343287545752831e-01
9.065502159156892947e-01,5.647734163715345534e-02,2.604566074081059446e-01,5.092134070665902401e-01,5.598528592434378615e-01,4.640979039072772871e-01,4.603038318865642076e-01
9.065283059904399865e-01,5.637504529107151968e-02,2.604012997083033354e-01,5.086678063877946299e-01,5.602817188935951265e-01,4.635276627306652575e-01,4.609593952852185095e-01
9.065088103176068834e-01,5.625376639007606538e-02,2.603423532631093940e-01,5.080968108530170557e-01,5.607290109955548330e-01,4.629386375052499392e-01,4.616366806631846953e-01
9.064892288840711299e-01,5.611348548877916759e-02,2.602900253698502420e-01,5.075739373410845801e-01,5.611435294816768948e-01,4.623774353765352507e-01,4.622702074626193203e-01
9.064371999361614529e-01,5.597158925911063787e-02,2.602146189744125593e-01,5.070280348132525372e-01,5.615687906163052689e-01,4.618385884468926283e-01,4.628911141300218746e-01
9.063235048346065525e-01,5.579565471929209819e-02,2.601375593026706845e-01,5.064470879426300476e-01,5.619421039428328379e-01,4.614266042165410808e-01,4.634845281688742546e-01
9.061522023592391006e-01,5.555852115786438783e-02,2.602301169807668124e-01,5.057738311597237413e-01,5.622754033576031762e-01,4.610648900756846302e-01,4.641749343001587147e-01
9.059256862976400315e-01,5.528087029113292611e-02,2.602910728393759698e-01,5.050097882918855863e-01,5.626032632878501527e-01,4.608778077350576541e-01,4.647949313456139486e-01
9.056850317294466990e-01,5.495343881767912608e-02,2.603692069147579002e-01,5.041495029285993912e-01,5.629139710321621193e-01,4.608112777019559014e-01,4.654182057637401004e-01
9.054679582465345877e-01,5.455908647233641967e-02,2.605464700883172169e-01,5.033467231353128124e-01,5.631604754663871448e-01,4.607755239340320941e-01,4.660238960876721959e-01
9.052552385761368781e-01,5.408728663412325222e-02,2.608440315459937819e-01,5.025116792844177560e-01,5.633518908538597270e-01,4.607587578388545047e-01,4.667097881220528821e-01
9.050393019099055580e-01,5.355302953365324858e-02,2.612146996830894130e-01,5.016868388790982625e-01,5.635061033029303834e-01,4.607646245714868694e-01,4.674046940065339495e-01
9.048169424228883484e-01,5.298371941121252787e-02,2.615842334922278689e-01,5.008418983781236511e-01,5.636280364935802867e-01,4.608442772515575214e-01,4.680848015390781103e-01
9.045851981549826171e-01,5.235564783438983322e-02,2.619336544433642500e-01,4.999699046786475476e-01,5.637577957937418560e-01,4.609750966899645586e-01,4.687314821185831759e-01
9.043242051057773789e-01,5.172030385237006561e-02,2.622286035620851052e-01,4.990658077428334893e-01,5.638706552720863519e-01,4.612137843098709777e-01,4.693240339334742717e-01
9.040535615320026697e-01,5.102140102266260885e-02,2.625200319302773977e-01,4.981205380737900867e-01,5.639675932633689825e-01,4.615256437730698158e-01,4.699048450885077166e-01
9.038187293082451390e-01,5.036711455697921724e-02,2.627673732096799109e-01,4.972735250915876204e-01,5.640502409961850594e-01,4.618436257361114849e-01,4.703900851868100808e-01
9.035725501376805635e-01,4.967073598635079329e-02,2.629925932006735856e-01,4.964000648123103598e-01,5.641003272117994793e-01,4.622830441832282977e-01,4.708207552291660547e-01
9.033495716149786414e-01,4.896205984719317894e-02,2.632360216692400390e-01,4.955651998977696482e-01,5.640874649402866092e-01,4.627836872625653020e-01,4.712236447284758323e-01
9.031402686258971357e-01,4.825442693932323335e-02,2.635103782658529958e-01,4.947772230727171539e-01,5.640199471038890300e-01,4.633445745552158823e-01,4.715811743778824949e-01
9.029298670772123447e-01,4.755418148372410336e-02,2.638209092532504130e-01,4.940530038241991440e-01,5.638670882657855765e-01,4.639590445259658136e-01,4.719189985426562317e-01
9.027213183365359050e-01,4.688401246701932867e-02,2.641699421186320951e-01,4.934013632072591915e-01,5.636256741651215485e-01,4.646243887159541286e-01,4.722344456066887575e-01
9.025075458323896793e-01,4.620138957838449550e-02,2.644974652317642616e-01,4.927867354803568967e-01,5.633654878361304963e-01,4.653199643220018444e-01,4.725017367726201400e-01
9.022917486092720818e-01,4.551455684878075170e-02,2.648019316420107128e-01,4.922388348356851462e-01,5.630529509682994371e-01,4.660728471075375468e-01,4.727032949690224140e-01
9.020665720673317622e-01,4.481183129868827886e-02,2.650986887561874172e-01,4.917282749419176757e-01,5.627328681396273069e-01,4.668328589510766236e-01,4.728658420118318495e-01
9.018252234586298099e-01,4.410610037553390483e-02,2.653836273142775593e-01,4.912882379746200123e-01,5.623461051315590264e-01,4.676639251776854023e-01,4.729621320555791320e-01
9.015771601376083577e-01,4.338840853454892926e-02,2.656857541955804924e-01,4.909218438713039423e-01,5.619268430118982138e-01,4.684897465839709119e-01,4.730235973589133613e-01
9.013102417730177729e-01,4.270615338216001561e-02,2.659503136042467575e-01,4.905622745750706781e-01,5.614883102154177852e-01,4.693551543846865570e-01,4.730594796721601103e-01
9.010395072796926197e-01,4.204810882313771842e-02,2.661744999144959878e-01,4.902371057674680954e-01,5.610146005020534288e-01,4.702862953865468709e-01,4.730338238687115671e-01
9.007919006176139387e-01,4.136730385809975902e-02,2.664161330340382716e-01,4.899666334852402771e-01,5.605228170244747066e-01,4.712008852893624367e-01,4.729868871000639241e-01
9.005324827586246306e-01,4.073964056289938740e-02,2.666231831826834098e-01,4.897072756159461249e-01,5.599937379120434322e-01,4.721708110133346348e-01,4.729149214553449165e-01
9.002633864759511662e-01,4.010031046144213462e-02,2.668466569538751054e-01,4.894635577712319052e-01,5.594569702839401470e-01,4.731315362001087821e-01,4.728423346820455619e-01
8.999804764907124444e-01,3.944659839751336189e-02,2.670601713749924944e-01,4.892710701959899766e-01,5.588838952574572971e-01,4.741281363955167083e-01,4.727209766545550917e-01
8.996863025013507320e-01,3.882980055135700631e-02,2.672964334139146803e-01,4.891057204962696026e-01,5.582662437863513683e-01,4.751289386538586901e-01,4.726170615627001692e-01
8.993882233490848588e-01,3.819739963471451005e-02,2.675543715773061604e-01,4.890028392827373560e-01,5.575938604927791475e-01,4.761313341987712389e-01,4.725084787686654741e-01
8.990857032695398487e-01,3.758321754577789719e-02,2.678017183234336906e-01,4.889185337770482476e-01,5.569114578563701956e-01,4.771262317898019578e-01,4.723969246043607240e-01
8.987995848043854874e-01,3.696181798158465481e-02,2.680463429772585449e-01,4.888470373170093475e-01,5.562140538103045317e-01,4.781053552680976648e-01,4.723026251401281073e-01
8.985168101989722267e-01,3.637480893640539226e-02,2.682507769242217233e-01,4.887687979462900234e-01,5.554890348892850271e-01,4.791264423165015329e-01,4.722021246723075993e-01
8.982291882042248155e-01,3.574409372349266617e-02,2.684246001271841098e-01,4.887119443855377776e-01,5.547711453604782239e-01,4.801337545387319161e-01,4.720817613961281189e-01
8.979523027906318733e-01,3.508552107143424886e-02,2.685696840045629918e-01,4.886367811708329234e-01,5.540545150823643628e-01,4.811540921390231040e-01,4.719623184341373290e-01
8.976983533492313150e-01,3.441555963598073170e-02,2.686907919406043566e-01,4.885592667272529166e-01,5.533194843436682886e-01,4.821933778446113594e-01,4.718441877393319550e-01
8.974605873516477983e-01,3.372472120325508554e-02,2.688303598357548729e-01,4.884906365444806609e-01,5.525734278910227060e-01,4.832167376530595027e-01,4.717426091091064810e-01
8.972103983996033705e-01,3.303546314218363394e-02,2.689395237958339679e-01,4.883821456797784455e-01,5.518472566638664700e-01,4.842447863082695592e-01,4.716507945790388012e-01
8.969632493274057872e-01,3.234892052120472150e-02,2.690700573251266770e-01,4.882987546628651532e-01,5.510763715689368514e-01,4.852947354856229634e-01,4.715593054993711952e-01
8.967230845575604459e-01,3.166061587228585772e-02,2.692216956017464691e-01,4.882004997949936365e-01,5.502941209612660645e-01,4.863326347392798454e-01,4.715052712567868731e-01
8.964647517249876296e-01,3.090966936338626625e-02,2.693275362198089828e-01,4.880671564454646116e-01,5.495062001274808594e-01,4.874260074406163712e-01,4.714332127578576004e-01
8.962391107001027590e-01,3.020415329428314394e-02,2.694509719761188360e-01,4.879287187973480044e-01,5.488007571406210428e-01,4.883733888676139445e-01,4.714177843278952174e-01
8.960025127074833229e-01,2.946329678151071718e-02,2.695761708688111380e-01,4.877887721957329115e-01,5.480142050231021633e-01,4.894166837523546421e-01,4.713956453739516772e-01
8.957664340638640255e-01,2.872242902728337072e-02,2.696963635187609176e-01,4.876283484561562687e-01,5.472182208297313721e-01,4.904575371590076394e-01,4.714045150587609645e-01
8.955406460820829473e-01,2.799612110411979493e-02,2.698503003314334237e-01,4.874467697082939255e-01,5.464022590979076277e-01,4.914935036645673994e-01,4.714598114465117229e-01
8.953035588278959178e-01,2.724980403598380868e-02,2.699723403381021347e-01,4.872282818626183509e-01,5.456123748707412124e-01,4.925244979765390774e-01,4.715245026868369327e-01
8.950646040493397404e-01,2.647946603198099783e-02,2.700935414635989851e-01,4.869975655651427870e-01,5.448344051278207756e-01,4.935362262749179441e-01,4.716045329266365105e-01
8.948315317014361447e-01,2.565867837237611332e-02,2.702417464677820957e-01,4.867839279157064047e-01,5.440477007905374363e-01,4.945168898593932938e-01,4.717060021149602766e-01
8.945939296250804418e-01,2.482721596769185690e-02,2.703775419326360230e-01,4.865413592081014316e-01,5.432776118339015525e-01,4.954821332593795646e-01,4.718308996671582989e-01
8.943540049572664685e-01,2.402769016585668341e-02,2.705366896757527284e-01,4.863008907941389070e-01,5.424900609149382325e-01,4.964374437024883790e-01,4.719807643447687662e-01
8.940949048110315989e-01,2.323774598898122393e-02,2.706649334712847299e-01,4.860260042956602855e-01,5.417437239679615546e-01,4.973726235167058585e-01,4.721365629410931852e-01
8.938296228831440482e-01,2.243845009858048273e-02,2.707698172464898523e-01,4.857299631964138165e-01,5.410362579742228339e-01,4.982813227723498772e-01,4.722942872687514448e-01
8.935708053980004895e-01,2.163185924329391954e-02,2.708767156782512786e-01,4.854304437128532657e-01,5.403523032410040283e-01,4.991669950179984938e-01,4.724499801921738240e-01
8.933159248942448283e-01,2.081925613593658270e-02,2.709778930505933325e-01,4.851087234528211889e-01,5.396964073316437016e-01,5.000289936154693748e-01,4.726185775942281508e-01
8.930610780642773694e-01,2.002492344538358768e-02,2.710675012427407604e-01,4.847827102488320716e-01,5.390498224446560460e-01,5.008844019380931378e-01,4.727851823622443717e-01
8.928179469368491272e-01,1.926376566285200459e-02,2.711691971078231678e-01,4.844612594900160052e-01,5.383956208296420964e-01,5.017318764855505098e-01,4.729614864268547048e-01
8.925911144659304242e-01,1.851102173179885318e-02,2.712805463393854755e-01,4.841210720079624497e-01,5.377864704402286478e-01,5.025293087795196234e-01,4.731562042992572548e-01
8.923880358356857112e-01,1.775221066355290450e-02,2.713968058331430178e-01,4.838094981088663649e-01,5.371924391662619147e-01,5.032962700375449572e-01,4.733344667447571541e-01
8.922000596289054730e-01,1.700810185291924681e-02,2.715269860731381879e-01,4.835212986410491465e-01,5.366039325675031613e-01,5.040257383630745158e-01,4.735202512893421645e-01
8.920135213931926765e-01,1.627960887229238512e-02,2.716582326860186858e-01,4.832181598413919366e-01,5.360411082580488484e-01,5.047182884657449575e-01,4.737294476229978457e-01
8.918129476477751894e-01,1.558145363117589485e-02,2.717707562337866589e-01,4.829165015417803408e-01,5.354823929577661179e-01,5.054131221092629245e-01,4.739280909279799947e-01
8.915997670397395325e-01,1.491173805415437099e-02,2.718681214681934466e-01,4.826104510197652964e-01,5.349305719611217036e-01,5.060990153964672889e-01,4.741310181401047208e-01
8.913901671478201560e-01,1.425059945829386041e-02,2.719719742488722058e-01,4.823024018561169468e-01,5.343969771004679625e-01,5.067520764208000017e-01,4.743486028997137005e-01
8.911905735676837192e-01,1.358818104464265715e-02,2.720572765393318160e-01,4.820045295950219910e-01,5.338837513517032951e-01,5.073861283990129811e-01,4.745514621205739747e-01
8.910055536757381933e-01,1.293494872505300888e-02,2.721222698929357531e-01,4.817024848531536452e-01,5.333876463838286286e-01,5.080026419044534336e-01,4.747564118466573446e-01
8.908308755042811944e-01,1.229304279175820816e-02,2.721789888638553867e-01,4.813870886901176482e-01,5.329230435114755693e-01,5.085796731400038517e-01,4.749802275945025909e-01
8.906532091918856198e-01,1.162286427503698288e-02,2.722593271299937889e-01,4.810740903632891863e-01,5.324217272076120500e-01,5.091829449654047268e-01,4.752131653634552588e-01
8.905057556917870265e-01,1.100857059337576396e-02,2.723271118662964896e-01,4.807977365267792069e-01,5.320039153993172398e-01,5.096853160123285820e-01,4.754221799537063364e-01
8.904054497874485108e-01,1.039002466954675949e-02,2.723822671027074094e-01,4.805392530783688665e-01,5.315924332508589201e-01,5.101592087750148607e-01,4.756354621591678544e-01
8.903589341595093964e-01,9.849242285202621308e-03,2.723981421328440788e-01,4.803548510851481379e-01,5.312274539935574191e-01,5.105742984737832169e-01,4.757840843286921251e-01
8.903319946314902644e-01,9.376688434183237317e-03,2.724174151156820711e-01,4.802478114086072281e-01,5.308997130198500614e-01,5.109129471591355998e-01,4.758944155774998963e-01
8.902390530434234339e-01,8.951141249097568225e-03,2.724315632978879242e-01,4.801071368729766808e-01,5.306089388358988801e-01,5.112129657078077205e-01,4.760384384094439314e-01
8.900688155105603849e-01,8.505570879163787401e-03,2.724355006350275277e-01,4.799228291277767289e-01,5.302826916475307240e-01,5.115466651079269012e-01,4.762293086717773738e-01
8.898306928742244493e-01,8.022748709510351198e-03,2.723715195963802294e-01,4.796500245868727252e-01,5.299724302000637932e-01,5.119253472428394458e-01,4.764425631615517576e-01
8.895745306052007528e-01,7.498872219519772328e-03,2.723126074627812421e-01,4.793000833339544631e-01,5.296009716050327221e-01,5.123688694567684054e-01,4.767309331296459840e-01
8.893591317775993987e-01,6.982266019119050954e-03,2.722801029832805364e-01,4.789519852673950751e-01,5.292344321518721584e-01,5.127743361747386652e-01,4.770517705594043423e-01
8.891521699582358718e-01,6.429273971541234721e-03,2.722654237391649024e-01,4.785679083486201746e-01,5.287817279411914928e-01,5.132252988031454910e-01,4.774541171283125940e-01
8.889659771163606061e-01,5.843497303714664109e-03,2.722799136027757028e-01,4.781476386092889941e-01,5.283027591010837076e-01,5.136416705765143309e-01,4.779573879185366470e-01
8.887960864696983210e-01,5.183644135228229061e-03,2.722761118800393065e-01,4.777286123251845984e-01,5.277869027038157856e-01,5.140726146294337662e-01,4.784827114831050054e-01
8.886504843139835241e-01,4.474738340382009710e-03,2.722680700350562089e-01,4.772761071398620158e-01,5.272952318183904419e-01,5.144304213048012109e-01,4.790914293651823974e-01
8.885170262051975687e-01,3.706289997690646876e-03,2.722440340769397560e-01,4.768126617953663549e-01,5.268251972843914777e-01,5.147535892022635506e-01,4.797224608680178970e-01
8.883857914740481698e-01,2.860883909836835909e-03,2.722291461261142076e-01,4.763451921716009285e-01,5.264006785630472862e-01,5.149953795843628113e-01,4.803929043086729855e-01
8.882294508504475772e-01,2.010937409371645924e-03,2.721436056874252385e-01,4.758458234540535181e-01,5.260034047889439179e-01,5.152283297093888104e-01,4.810726958752131188e-01
8.880490899707492725e-01,1.154217482605906977e-03,2.720317939730035328e-01,4.753397022923761539e-01,5.256161928013530771e-01,5.154426472664591641e-01,4.817661908732807641e-01
8.878461342187523586e-01,3.127084039757647071e-04,2.719225698013880699e-01,4.748406065201821735e-01,5.252150744317125586e-01,5.156517644657342414e-01,4.824715346967227703e-01
8.876185633811738418e-01,-5.291589871497318076e-04,2.717787352952508728e-01,4.743401502197108210e-01,5.248257409436520859e-01,5.158613783723497992e-01,4.831629143842353646e-01
8.873768909093426860e-01,-1.342784358519501925e-03,2.715999692777638086e-01,4.737914645595628915e-01,5.244625033126369962e-01,5.160751260278529928e-01,4.838669187130715255e-01
8.871286834722775794e-01,-2.136638546758844528e-03,2.714267362623946633e-01,4.732381779442821346e-01,5.240816877023385389e-01,5.162846160828923336e-01,4.845969528868137588e-01
8.868946800149559717e-01,-2.900498233985293866e-03,2.712535158537671132e-01,4.726765554232176814e-01,5.236688567887274326e-01,5.165159156657211925e-01,4.853443223597352918e-01
8.866828392960341976e-01,-3.625457481365872842e-03,2.710897627548187749e-01,4.720921802086670560e-01,5.232438691506303696e-01,5.167349642378683550e-01,4.861376384484072388e-01
8.864960677602954364e-01,-4.338420146120159325e-03,2.709388084773661776e-01,4.715076958606047031e-01,5.228093342046528091e-01,5.169386055262626956e-01,4.869552042326627528e-01
8.863184889125909072e-01,-5.079437702837617981e-03,2.707621711946066601e-01,4.709142534491391197e-01,5.224141228074985488e-01,5.171327852151753612e-01,4.877467915274351085e-01
8.861414917590283435e-01,-5.848787940259706289e-03,2.706076512625630315e-01,4.703166712380895120e-01,5.220455128102485798e-01,5.172806810205231587e-01,4.885605472744922739e-01
8.859374172943959014e-01,-6.647918227761596965e-03,2.704439320843212702e-01,4.697194588633678558e-01,5.216854936320377556e-01,5.174304434433479871e-01,4.893604110438666832e-01
8.857228206381975166e-01,-7.449936757993690269e-03,2.702967474809523374e-01,4.691335785723123042e-01,5.213157110975257247e-01,5.175725526286288902e-01,4.901655512011245941e-01
8.854933932625954629e-01,-8.244765883483752555e-03,2.701402886717260143e-01,4.685195732328484297e-01,5.209810991578412986e-01,5.177047094574963593e-01,4.909683672330901194e-01
8.852630356960837776e-01,-9.048196534012030445e-03,2.699745543114855373e-01,4.679062975306937378e-01,5.206660344051553535e-01,5.178502244610595495e-01,4.917333854575641761e-01
8.850330837731048561e-01,-9.863288913501007046e-03,2.698098770407546532e-01,4.672984356063927258e-01,5.203910760673777780e-01,5.179629209335754325e-01,4.924832104419535894e-01
8.848017319489902555e-01,-1.070103751175868756e-02,2.696553951205285515e-01,4.667142606770511848e-01,5.201201649684693562e-01,5.180742148123118618e-01,4.932057591111970729e-01
8.845819681921022193e-01,-1.153195687337661701e-02,2.695360539429371705e-01,4.661703433277076258e-01,5.198141285983360893e-01,5.181875982179782181e-01,4.939231678756960675e-01
8.843562968446319061e-01,-1.234134292098509195e-02,2.694097052568547590e-01,4.656176221120776337e-01,5.195002330928718548e-01,5.183217737093329669e-01,4.946334771262022589e-01
8.841374326073879741e-01,-1.311823646032433260e-02,2.692966916669086164e-01,4.650659725809699885e-01,5.191632878813997598e-01,5.184790869002909863e-01,4.953408504358709497e-01
8.839281301106507449e-01,-1.384986016489008626e-02,2.691929539134471638e-01,4.645115726073774098e-01,5.187810172551252652e-01,5.186743536338196403e-01,4.960566196837796205e-01
8.837327834444547170e-01,-1.456607900888765711e-02,2.690756384481936547e-01,4.639325873994503135e-01,5.183811534103746066e-01,5.189072636769910263e-01,4.967723682342231051e-01
8.835668185035766564e-01,-1.527339995108368056e-02,2.689716871221337069e-01,4.633620846834006768e-01,5.179357156826255304e-01,5.191715866388252332e-01,4.974927502236634047e-01
8.834180530535529208e-01,-1.600993097250524508e-02,2.688609188488922941e-01,4.627894800195952452e-01,5.174858610149792870e-01,5.194504658887332260e-01,4.982022624604949268e-01
8.832854645437455687e-01,-1.679689962774823936e-02,2.687545824553977392e-01,4.622477583231260900e-01,5.170097543694509579e-01,5.197732017723335485e-01,4.988624485080250248e-01
8.831505498452415504e-01,-1.757449395165068193e-02,2.686452712354512884e-01,4.617015374141524298e-01,5.165350556367193091e-01,5.201097950154908167e-01,4.995087864860070503e-01
8.830079185975823197e-01,-1.839188316403010323e-02,2.685440032728851900e-01,4.611932832959922401e-01,5.160474156328197504e-01,5.204676634181576445e-01,5.001092196684578939e-01
8.828593235530730610e-01,-1.925238849419063508e-02,2.684353121879897719e-01,4.607102691158135865e-01,5.155736963807098228e-01,5.208487228718102768e-01,5.006460020956629009e-01
8.827110150191036508e-01,-2.012970393556948873e-02,2.683372742345283002e-01,4.602575344298798776e-01,5.151047086976592304e-01,5.212324990211096853e-01,5.011455108471354336e-01
8.825602705431063733e-01,-2.101037056285508242e-02,2.682550357248363326e-01,4.598363037075640647e-01,5.146268710837120786e-01,5.216281924924790481e-01,5.016111902142759149e-01
8.824037708124154999e-01,-2.190059635851378250e-02,2.681925553942939855e-01,4.594645836707453301e-01,5.141042670374451617e-01,5.220701167785031238e-01,5.020277802403366740e-01
8.822372451818893957e-01,-2.274983148215718037e-02,2.681414826543087604e-01,4.591001531379097500e-01,5.135473663448508752e-01,5.225588882782931099e-01,5.024224917242153809e-01
8.820504321848988694e-01,-2.354860877443912606e-02,2.680860579343038452e-01,4.587535382354681057e-01,5.129225907729025868e-01,5.231337349141595983e-01,5.027789796978529013e-01
8.818489472703832099e-01,-2.432159852457652094e-02,2.680475893294606005e-01,4.584128208686318873e-01,5.122664507653628130e-01,5.237295596507410833e-01,5.031382687011221044e-01
8.816409207062269049e-01,-2.507371007880265096e-02,2.680103837171832204e-01,4.580983797494798671e-01,5.115416415086037061e-01,5.243979959045145245e-01,5.034657539147161520e-01
8.814467260160818718e-01,-2.583404211311977894e-02,2.679867710669522896e-01,4.577952130387910601e-01,5.107933099997769011e-01,5.250828957020028387e-01,5.037873460294923778e-01
8.812832052330943355e-01,-2.661530755229622389e-02,2.679811587935887474e-01,4.575259773765049109e-01,5.099912883202603053e-01,5.257995390789007573e-01,5.040969257667918813e-01
8.811279560104270381e-01,-2.743352650910486912e-02,2.679565382424919928e-01,4.572887146431303118e-01,5.091504319226478614e-01,5.265601756623320417e-01,5.043681696335216014e-01
8.809750217621733492e-01,-2.827100745469265930e-02,2.679456566082788482e-01,4.570667213189190115e-01,5.082835410895889527e-01,5.273320448927477644e-01,5.046372643289778193e-01
8.808190883937350169e-01,-2.911052921498157031e-02,2.679362089921494272e-01,4.568701982656493410e-01,5.074009193684498875e-01,5.281196455628914821e-01,5.048797569038433464e-01
8.806565808686537267e-01,-2.998807558592731654e-02,2.678955660590228716e-01,4.566898988066467879e-01,5.065454328323686362e-01,5.289136065037853829e-01,5.050707452028891931e-01
8.804970213594818240e-01,-3.088072651109775163e-02,2.678358660309028139e-01,4.565342353424215460e-01,5.057006608196521480e-01,5.297114175983037576e-01,5.052218796458375349e-01
8.803561089515593574e-01,-3.175433859314968216e-02,2.677927059929306464e-01,4.563840354877398142e-01,5.048532951912846345e-01,5.304858574452372411e-01,5.053924391371705793e-01
8.802108750909132251e-01,-3.263288395569768907e-02,2.677350492632594725e-01,4.562786447155630087e-01,5.039863086440209416e-01,5.312936716541138971e-01,5.055043358233370920e-01
8.800452399284954819e-01,-3.348137192296576914e-02,2.676829011169717387e-01,4.561742914244869551e-01,5.030963742531029403e-01,5.321168584629855092e-01,5.056191283923425761e-01
8.798668595630352307e-01,-3.430680213394371458e-02,2.676463909134345620e-01,4.560826363869571742e-01,5.021863664756029966e-01,5.329480711582127439e-01,5.057309912998159129e-01
8.796716862955172855e-01,-3.513578573155200224e-02,2.676273449392977399e-01,4.559940274242911817e-01,5.012711483466969486e-01,5.337556911151775108e-01,5.058671218716608298e-01
8.794832724349868069e-01,-3.592292991970032906e-02,2.676257278523993532e-01,4.559246581584778801e-01,5.003164263173199844e-01,5.345689494876242343e-01,5.060160253231502647e-01
8.793059473501303458e-01,-3.670773009914878038e-02,2.676115929870895305e-01,4.558456015367143288e-01,4.993819563895419700e-01,5.353622064012495407e-01,5.061716676675716009e-01
8.791540287851532520e-01,-3.747362651928001775e-02,2.675876259454429973e-01,4.557647264725751546e-01,4.984394873265746151e-01,5.361545843532578015e-01,5.063347245192509893e-01
8.790331096735173322e-01,-3.822511921283756886e-02,2.675643731793712066e-01,4.556685953063278061e-01,4.975114806614120977e-01,5.369124710407260359e-01,5.065308048900767357e-01
8.788963350870725444e-01,-3.899207531566772217e-02,2.674901702003149029e-01,4.555676095295271844e-01,4.966168579283050111e-01,5.376688476427812224e-01,5.066972072583918463e-01
8.787238215133372776e-01,-3.978501437229585436e-02,2.673775755346622374e-01,4.554326724336708598e-01,4.957236820042892345e-01,5.384444920251066913e-01,5.068694516222690405e-01
8.785479562411395715e-01,-4.052689230469344595e-02,2.673001791396497073e-01,4.553156573911451566e-01,4.949737846130246588e-01,5.390620497204063888e-01,5.070509947052291855e-01
8.783493743371475482e-01,-4.130421160499118255e-02,2.672522261486642292e-01,4.551933104219293424e-01,4.941955871642614295e-01,5.396717972594029522e-01,5.072712519129207731e-01
8.781487886253465103e-01,-4.206777950821379009e-02,2.672189835185064255e-01,4.550452246646626842e-01,4.934666921202265355e-01,5.402292823329427618e-01,5.075202358407414627e-01
8.779350846925797480e-01,-4.281292105164852257e-02,2.671675722640362571e-01,4.548850193667492992e-01,4.927754941239386177e-01,5.407759437714302342e-01,5.077531981039006270e-01
8.777091559385705732e-01,-4.351625227126066503e-02,2.671164130888829535e-01,4.546891191045434599e-01,4.921106944338721756e-01,5.412954393991987745e-01,5.080197994934592121e-01
8.774911566421046416e-01,-4.418013476573310477e-02,2.670791556877075701e-01,4.544584299789821702e-01,4.914839814765725179e-01,5.417665306763379540e-01,5.083306577532966664e-01
8.772846262400586514e-01,-4.484143183188885745e-02,2.670537552426262007e-01,4.542074073225226827e-01,4.909008275735550209e-01,5.421935143439330362e-01,5.086631514315994584e-01
8.770894098418484663e-01,-4.546408127750779099e-02,2.670382176747287950e-01,4.539470517289274087e-01,4.903316899821414943e-01,5.425904022646692582e-01,5.090211816772818310e-01
8.769076512412257163e-01,-4.603845140929889446e-02,2.669934454300387783e-01,4.536474828719907482e-01,4.898249829330105221e-01,5.429555968696957446e-01,5.093865597033898629e-01
8.767976439399114419e-01,-4.657209823187735687e-02,2.668953508449690148e-01,4.533063627799912565e-01,4.894413585551834478e-01,5.432518983088808762e-01,5.097429479479130832e-01
8.767822881872290308e-01,-4.693746777753510235e-02,2.668266150853316754e-01,4.530761627334680131e-01,4.891412721504279082e-01,5.434677743890338197e-01,5.100054753063020252e-01
8.767992285080321579e-01,-4.726898025493499189e-02,2.667621347954805544e-01,4.529048980610037578e-01,4.889795367316348562e-01,5.435552710022504286e-01,5.102193972554723844e-01
8.768245031672088352e-01,-4.747473280520801697e-02,2.667076369825511217e-01,4.527600237026165875e-01,4.888875621746792688e-01,5.435722301106717946e-01,5.104180082444349509e-01
8.768395964137138954e-01,-4.762911532977652518e-02,2.666488296414288306e-01,4.526261238946088783e-01,4.888970043221385620e-01,5.435209444305653115e-01,5.105823088379457531e-01
8.768559768567765200e-01,-4.770457176335275024e-02,2.666186871747761034e-01,4.524879889183344717e-01,4.889338219704452149e-01,5.434243550375732479e-01,5.107722662498541677e-01
8.768826114006545991e-01,-4.775896947728267006e-02,2.666184530601012903e-01,4.523708396107498642e-01,4.890058753410246872e-01,5.432779959229541156e-01,5.109627153694897839e-01
8.769007069450710512e-01,-4.777831282786844380e-02,2.666193521357297924e-01,4.522960509289254416e-01,4.890749739004491836e-01,5.431696103293314204e-01,5.110780044504518171e-01
8.769131148232495176e-01,-4.778172737676516374e-02,2.666376967388376928e-01,4.522490644289570705e-01,4.891316724540255012e-01,5.430764377704034862e-01,5.111643311735181161e-01
8.769207062384392071e-01,-4.777969986612456282e-02,2.666554220861102609e-01,4.522539887678392878e-01,4.891388068007951340e-01,5.430377443479907917e-01,5.111942542111753696e-01
8.769259012296685141e-01,-4.778182335879768705e-02,2.666604715210948995e-01,4.522687078787334669e-01,4.891383564232205661e-01,5.430302596242587709e-01,5.111896138241674992e-01
8.769318493617579424e-01,-4.778389247254849481e-02,2.666611309336553437e-01,4.522727727197050074e-01,4.891492671231568168e-01,5.430221413360468707e-01,5.111842011918238393e-01
8.769336551320280337e-01,-4.779742633254160933e-02,2.666593010240898010e-01,4.522835685375291570e-01,4.891587719713232363e-01,5.430160776195992467e-01,5.111719953998759003e-01
8.769337544153419373e-01,-4.780645265346879225e-02,2.666546540374091778e-01,4.522939323308263204e-01,4.891632171366647741e-01,5.430171826515614031e-01,5.111573976011566378e-01
8.769296593454199984e-01,-4.783996568296635526e-02,2.666382806344415046e-01,4.523115159592350776e-01,4.891718170671497945e-01,5.430312952111792102e-01,5.111186147452962958e-01
8.769235540857394096e-01,-4.787701694050443268e-02,2.666130851818789838e-01,4.523210049129950949e-01,4.891906736628915398e-01,5.430502386742901422e-01,5.110720414888111351e-01
8.769161845393299570e-01,-4.792289816218486126e-02,2.665936809228144355e-01,4.523316556206830596e-01,4.892144087907678851e-01,5.430539263032979624e-01,5.110359759170808314e-01
8.769085700836135588e-01,-4.796945659455377486e-02,2.665802329930064829e-01,4.523439507712205265e-01,4.892379031335358230e-01,5.430485004832446005e-01,5.110083663317891434e-01
8.769014814249735945e-01,-4.799755302895987452e-02,2.665653474341817541e-01,4.523447633367051468e-01,4.892609678311297672e-01,5.430453638701060459e-01,5.109888973529566059e-01
8.768951965413406269e-01,-4.800887932160494143e-02,2.665503932921973185e-01,4.523421818241271097e-01,4.892761495216376155e-01,5.430505924361392900e-01,5.109710893060649406e-01
8.768910379960150880e-01,-4.800564837098796056e-02,2.665385987114445299e-01,4.523357585592725494e-01,4.892829776991942103e-01,5.430598219396229887e-01,5.109604280737622961e-01
8.768886509365967363e-01,-4.798692416514850623e-02,2.665317305256505453e-01,4.523220742143828077e-01,4.892853364271815275e-01,5.430679006015703969e-01,5.109616972650110611e-01
8.768869514844235269e-01,-4.796855347253807522e-02,2.665258947475155349e-01,4.523070471975493834e-01,4.892886853336544939e-01,5.430735653593040668e-01,5.109657719141581511e-01
8.768834062888404279e-01,-4.794743447258954794e-02,2.665184167418380157e-01,4.522889409823604989e-01,4.892932892271741885e-01,5.430782060892357377e-01,5.109724582139483218e-01
8.768789970991590632e-01,-4.793408775033522473e-02,2.665135257642235467e-01,4.522789525894117535e-01,4.892939900375496420e-01,5.430812371317682574e-01,5.109774067737112846e-01
8.768758529241973410e-01,-4.792764336714495227e-02,2.665136915742898904e-01,4.522804129248893523e-01,4.892861130069683373e-01,5.430863325434061029e-01,5.109782413249872590e-01
8.768759068405733714e-01,-4.791308956848482764e-02,2.665192567438219307e-01,4.522802140721017827e-01,4.892748464357782878e-01,5.430893870566496640e-01,5.109859589759507825e-01
8.768761971883860529e-01,-4.790987804760059310e-02,2.665274131406565328e-01,4.522848952585672433e-01,4.892603434868182388e-01,5.430933234928358999e-01,5.109915183147496487e-01
8.768777368158664487e-01,-4.788072992890744090e-02,2.665363882128914952e-01,4.522833951082939064e-01,4.892310996945259949e-01,5.431092145628340084e-01,5.110039556186831700e-01
8.768819493792210373e-01,-4.784881378182026523e-02,2.665532271893132910e-01,4.522860752500482695e-01,4.891967742236992267e-01,5.431203124716932340e-01,5.110226496004700580e-01
8.768901133824482663e-01,-4.782403324912438969e-02,2.665823491403329637e-01,4.522892605646554598e-01,4.891717782819256510e-01,5.431117983016581219e-01,5.110528061325120275e-01
8.769006394339972088e-01,-4.780989748562560621e-02,2.666415152939733968e-01,4.523200607206463442e-01,4.891439330298649746e-01,5.430970000548769328e-01,5.110679250169578580e-01
8.768805645309862840e-01,-4.776603471207080398e-02,2.667435504749983144e-01,4.523609063596388813e-01,4.891480919808725569e-01,5.430882650768614761e-01,5.110370738456874173e-01
8.767824340663584737e-01,-4.769894676025086822e-02,2.668814969109102320e-01,4.524042748379430434e-01,4.892965590884942317e-01,5.430789348430864472e-01,5.108664403757727790e-01
8.766687215578983228e-01,-4.757597056168012123e-02,2.670809204411024318e-01,4.524451452023146025e-01,4.895593201203321532e-01,5.430606272658972111e-01,5.105979022476928586e-01
8.765871682853945135e-01,-4.735649271721389941e-02,2.673575496366589199e-01,4.524852088750251911e-01,4.898550414300849032e-01,5.430618042213873897e-01,5.102774254566490031e-01
8.765612040294576968e-01,-4.708514062398742872e-02,2.677522134067285564e-01,4.525473923926663922e-01,4.901985416208482493e-01,5.430606393084685957e-01,5.098935079654073332e-01
8.766060406819646822e-01,-4.676215444999957949e-02,2.682202865967171501e-01,4.526017991957360653e-01,4.905775560230807297e-01,5.430771689736360042e-01,5.094629146766077588e-01
8.767390819829752324e-01,-4.637411613728338600e-02,2.687695790135112839e-01,4.526566011071179174e-01,4.909824990753539620e-01,5.431782553298548644e-01,5.089160736434709120e-01
8.769372949247142834e-01,-4.596012383085570918e-02,2.693405424778282931e-01,4.527067187741374843e-01,4.913783318245139031e-01,5.433635917144510330e-01,5.082912245841780807e-01
8.771582713430605693e-01,-4.553245937568823482e-02,2.698887605392634170e-01,4.527161665284337166e-01,4.917810907245589447e-01,5.436351154475020930e-01,5.076024946963360041e-01
8.773989731558647920e-01,-4.509197699682754995e-02,2.704766354306082365e-01,4.527118625293905518e-01,4.921975667290637846e-01,5.440713739441070951e-01,5.067345112440345689e-01
8.776784839747993061e-01,-4.465043748285749819e-02,2.711746261639897959e-01,4.527400336039059114e-01,4.926338512723970608e-01,5.446124396868504691e-01,5.057031155640596687e-01
8.779739203496901290e-01,-4.423696209338202900e-02,2.718984625670354260e-01,4.528076877973637449e-01,4.929811787665943079e-01,5.452611697897529197e-01,5.046038168434862081e-01
8.782932005394864516e-01,-4.384047431863587196e-02,2.726543901067510767e-01,4.528653268473321614e-01,4.933183431892778081e-01,5.459563500371318323e-01,5.034696335098844955e-01
8.786643666855379342e-01,-4.346054313927386753e-02,2.735018816088382598e-01,4.529598692073948385e-01,4.935731972163429626e-01,5.466766393670613455e-01,5.023519760562237257e-01
8.790127344728457803e-01,-4.312595717403493178e-02,2.743158439885434730e-01,4.530653158709476158e-01,4.938028089432576762e-01,5.473756701641157019e-01,5.012688711129905661e-01
8.793681141846632077e-01,-4.277690078013721142e-02,2.752265186441880118e-01,4.531570233637311484e-01,4.940384185294940389e-01,5.481852826277983093e-01,5.000676445274984117e-01
8.796603098288180433e-01,-4.244961210511379035e-02,2.760407604075640342e-01,4.531942236085778619e-01,4.943008018295880768e-01,5.489897785127810792e-01,4.988907055527615486e-01
8.799244675969052354e-01,-4.211955773721370172e-02,2.768401822217492758e-01,4.532060398161233961e-01,4.945603071235875614e-01,5.498289307929921099e-01,4.976972322155751027e-01
8.801690425197612466e-01,-4.180048936853117403e-02,2.776062943916287606e-01,4.531972339041696607e-01,4.948000467006223868e-01,5.506339568058052913e-01,4.965757007537255907e-01
8.804278277626873539e-01,-4.144213956984141300e-02,2.784305415358630520e-01,4.531567707832767078e-01,4.950727872298761323e-01,5.514472282592195462e-01,4.954370100052466475e-01
8.807152731954654978e-01,-4.104912482603154111e-02,2.793644950684386341e-01,4.531225625739122576e-01,4.953790816661994278e-01,5.522206519227484955e-01,4.942993630625255874e-01
8.809893377239457202e-01,-4.062817912594102188e-02,2.803238985002967087e-01,4.531212395312522179e-01,4.956178330911774621e-01,5.529425116937075613e-01,4.932531647840907585e-01
8.812501880949388244e-01,-4.021898275697356057e-02,2.812694407566005417e-01,4.531192019680133076e-01,4.959109137584465921e-01,5.536172521093980503e-01,4.922024914503911885e-01
8.814712529718706779e-01,-3.981422814153438156e-02,2.821866980262554003e-01,4.531215858922230666e-01,4.962524514869914305e-01,5.542678222134072019e-01,4.911227077324716861e-01
8.816355948802085951e-01,-3.936958288133473455e-02,2.830730308247318971e-01,4.531245084343148988e-01,4.966151377079416895e-01,5.549036713864814452e-01,4.900341828253274024e-01
8.817734379105457432e-01,-3.889980595996263973e-02,2.839415134657656825e-01,4.531484407704967632e-01,4.970372345657501634e-01,5.554757144823933013e-01,4.889347693739663492e-01
8.818626065337953346e-01,-3.843987729257176966e-02,2.847613973188778402e-01,4.531860051599653771e-01,4.975349820044474569e-01,5.559859291541177084e-01,4.878124977812875462e-01
8.818993130522922996e-01,-3.795914222860388709e-02,2.855400660314891814e-01,4.532668911337454642e-01,4.980030287703580139e-01,5.564375368350276130e-01,4.867436454012177838e-01
8.818724508033206622e-01,-3.742168890940131276e-02,2.863259017422300490e-01,4.533536359858227338e-01,4.985783203182942436e-01,5.568090884884184799e-01,4.856477923595649004e-01
8.817796104860540218e-01,-3.675189782213923728e-02,2.871767989451845526e-01,4.534803169986181270e-01,4.992197781361316089e-01,5.571403545888673481e-01,4.844892573640156019e-01
8.816646013272438909e-01,-3.614567706117970125e-02,2.878879815108315032e-01,4.536123099155008331e-01,4.998273090906769078e-01,5.573059268337334782e-01,4.835479679372975403e-01
8.815223998149450679e-01,-3.546749858870127531e-02,2.885988089499007536e-01,4.537751529314809629e-01,5.005133530355665439e-01,5.573904953344721580e-01,4.825871213842088947e-01
8.813559891496294263e-01,-3.476137656002976917e-02,2.892511344781776295e-01,4.539381796491302468e-01,5.012683833722707538e-01,5.573564321821119494e-01,4.816886384308966540e-01
8.811699029910970982e-01,-3.404229822247828441e-02,2.897951510269189956e-01,4.541004315554811321e-01,5.020181935082026481e-01,5.572601783754564941e-01,4.808654957936169816e-01
8.809556781265288627e-01,-3.316527604786389388e-02,2.903299036135646438e-01,4.542524869781059405e-01,5.029124171903928131e-01,5.570238922520237557e-01,4.800605817710175138e-01
8.807702319366265131e-01,-3.232677181257424814e-02,2.907763779164365125e-01,4.544068803472927076e-01,5.037430234055569889e-01,5.567166508327126007e-01,4.793995454199733719e-01
8.805635511879148503e-01,-3.133340774831113590e-02,2.912120243938089992e-01,4.545411706130786933e-01,5.047223408769901942e-01,5.562553380920778334e-01,4.787772777413437097e-01
8.803648101562461248e-01,-3.042930929983304195e-02,2.915857489149330517e-01,4.546931161973670754e-01,5.056413747345828158e-01,5.556938224596638110e-01,4.783151115315264490e-01
8.801279285481593551e-01,-2.950646531509986542e-02,2.919675481997542343e-01,4.548618626339472337e-01,5.066525469025137118e-01,5.549693948157339296e-01,4.779255731348034386e-01
8.798283218877815948e-01,-2.858938605817869932e-02,2.922678195371466447e-01,4.550168657070648437e-01,5.076787237558177956e-01,5.541949267221892850e-01,4.775876344328548462e-01
8.794767439815081023e-01,-2.767913966969880180e-02,2.924997415388302935e-01,4.551424265392849944e-01,5.087266492279117758e-01,5.533676286967570412e-01,4.773120943783016878e-01
8.790480066691350736e-01,-2.671915087434649505e-02,2.926548487408088262e-01,4.552460337820137259e-01,5.098312876779971248e-01,5.525020305930655740e-01,4.770373287499418691e-01
8.785972934041523796e-01,-2.584442744894115823e-02,2.927434070257665111e-01,4.553250303559925327e-01,5.109375976582615220e-01,5.516313768071509083e-01,4.767858137071256941e-01
8.781488248132430785e-01,-2.502195598670300253e-02,2.928118970379950947e-01,4.554407514915841393e-01,5.120414381425570927e-01,5.507353085744922661e-01,4.765269220044567877e-01
8.776994995940636812e-01,-2.418651343004872556e-02,2.928812353335882301e-01,4.555752022502950749e-01,5.131200241063400558e-01,5.498089726634770580e-01,4.763078516405579999e-01
8.772519676375110098e-01,-2.330927770932269757e-02,2.929076386174658264e-01,4.557177375782345830e-01,5.141614389369874027e-01,5.488935238020010710e-01,4.761042510785257753e-01
8.768543300149960196e-01,-2.243566798169605025e-02,2.929603588039351170e-01,4.558675821615207346e-01,5.151239884414614556e-01,5.479893159041535622e-01,4.759619036448904383e-01
8.764263668831948628e-01,-2.156144942028143455e-02,2.929855238010672380e-01,4.560642031355481851e-01,5.161321335599741156e-01,5.470363037640822990e-01,4.757776220980732274e-01
8.759901428602263618e-01,-2.069776334810744314e-02,2.930046746631060905e-01,4.562748169979276569e-01,5.171263170624769145e-01,5.460598653701654870e-01,4.756177950905779994e-01
8.755745702516599671e-01,-1.980171642512879027e-02,2.930578745340363112e-01,4.565352817401371333e-01,5.180386832397150254e-01,5.451099985245941859e-01,4.754645609319720911e-01
8.751656885002012665e-01,-1.881001462278925757e-02,2.930945011850514259e-01,4.568052930694496694e-01,5.189710474846298549e-01,5.441218332355500786e-01,4.753203200924872585e-01
8.747885072669454587e-01,-1.781978583767909394e-02,2.931339942497097062e-01,4.570895953522854382e-01,5.198060515904313617e-01,5.431959560235140039e-01,4.751935646769117061e-01
8.743943313322787292e-01,-1.687179197114051232e-02,2.931626546286961732e-01,4.573802830951521070e-01,5.206561607425729266e-01,5.422652760129405003e-01,4.750461128640168229e-01
8.739899451638012406e-01,-1.592440086959872117e-02,2.931935613414667907e-01,4.576845523158996065e-01,5.214737588743239005e-01,5.413818833446003564e-01,4.748637970651494733e-01
8.735761513483412122e-01,-1.497161666495527496e-02,2.931997372431598969e-01,4.579759193159262942e-01,5.222894755296598746e-01,5.405239769581107190e-01,4.746636613551461492e-01
8.731723841574485778e-01,-1.400522947559078128e-02,2.931878697972482573e-01,4.582839753912134606e-01,5.230807212610917301e-01,5.397109613257436989e-01,4.744201040949290737e-01
8.728127449131564131e-01,-1.306327835536965146e-02,2.931941655824548132e-01,4.586218763629386630e-01,5.239025472943534822e-01,5.388624366251262288e-01,4.741512099048750262e-01
8.724949002416622079e-01,-1.216825906201216174e-02,2.932243045683154969e-01,4.590257315277766481e-01,5.247043573679622819e-01,5.380261323626396308e-01,4.738233806486996658e-01
8.721831680454527058e-01,-1.129328959261792498e-02,2.932389284114273464e-01,4.594397972863581980e-01,5.255135394908874158e-01,5.372046910649799223e-01,4.734571917069263502e-01
8.718696513468654485e-01,-1.041331390924236239e-02,2.932437895725186205e-01,4.598624010777512261e-01,5.262992307172599249e-01,5.364239926957781179e-01,4.730591843329391977e-01
8.715466970364402766e-01,-9.496822090095315139e-03,2.932252499667513113e-01,4.602771964968962459e-01,5.270498272556360941e-01,5.357162685210513642e-01,4.726219013298502136e-01
8.712179389285524822e-01,-8.574485868349336626e-03,2.932426897225945961e-01,4.606983468644517687e-01,5.277906696529818253e-01,5.350092468241420818e-01,4.721855017218154482e-01
8.708866011781923877e-01,-7.670752733101323002e-03,2.932683176854401497e-01,4.611407890131767329e-01,5.285139334528395905e-01,5.343300940557140777e-01,4.717134145229751607e-01
8.705640067734641274e-01,-6.809768059253026862e-03,2.932945931998454658e-01,4.615679422560633460e-01,5.291768014885943616e-01,5.337137401253290170e-01,4.712500302909664596e-01
8.702138680051811903e-01,-5.799783303091610165e-03,2.933424986299279502e-01,4.620374175557304675e-01,5.298599202585697610e-01,5.330583773915013035e-01,4.707639068309646957e-01
8.699122262456727706e-01,-4.870463709649462680e-03,2.934084683441269270e-01,4.624895790520383576e-01,5.304515347568542483e-01,5.324651741008245009e-01,4.703247781184241583e-01
8.695885630895816565e-01,-3.885714819007308769e-03,2.934683723906325592e-01,4.630017106560592732e-01,5.311363893258133073e-01,5.317811977001229984e-01,4.698215721272528400e-01
8.692865724912963721e-01,-2.988062846541279446e-03,2.935234760472829607e-01,4.635083381838233652e-01,5.317979217022504868e-01,5.311087460957019113e-01,4.693340928676382195e-01
8.689974960786175373e-01,-2.064754572993803688e-03,2.935562124805672357e-01,4.640041161495396249e-01,5.324511850906622490e-01,5.304501148647691178e-01,4.688481538107909796e-01
8.687144726675499751e-01,-1.052610433217654939e-03,2.935718167956885560e-01,4.644962749867539986e-01,5.331421160680386295e-01,5.297413901727016095e-01,4.683767224530029361e-01
8.684708565712199180e-01,-1.134692282490118616e-04,2.935776090389270454e-01,4.649457811170807919e-01,5.337605947956374219e-01,5.290915103298340361e-01,4.679607053607491296e-01
8.682155318853042036e-01,8.017911477397124398e-04,2.935622474226309286e-01,4.653684991951121952e-01,5.344237383435677113e-01,5.283989899253246358e-01,4.675659689259600849e-01
8.679166079486612118e-01,1.743525261850512303e-03,2.935378521501494364e-01,4.658032531142489718e-01,5.351268640002869725e-01,5.276587794972417145e-01,4.671646189865865662e-01
8.675721326446437232e-01,2.746211469568005277e-03,2.935074179281238482e-01,4.662283846020382483e-01,5.358525821999339245e-01,5.268787605877843783e-01,4.667888978783847898e-01
8.672294114849649072e-01,3.709276001274018283e-03,2.934713017541099589e-01,4.666151496656456010e-01,5.365371146918390677e-01,5.261041862446200756e-01,4.664896696354052241e-01
8.668755837116555174e-01,4.644366474348739574e-03,2.934360151034726139e-01,4.669868662548177229e-01,5.372659578835702332e-01,5.252543091983025159e-01,4.662364935454631487e-01
8.665143365792915553e-01,5.499790874195365463e-03,2.933786987624636411e-01,4.673130843938042012e-01,5.379985928321783240e-01,5.244043067612548237e-01,4.660215856751626085e-01
8.660967289090062415e-01,6.389803850054376171e-03,2.932933801318297617e-01,4.676243895329837974e-01,5.387885973457926525e-01,5.234745707152660410e-01,4.658418739213184834e-01
8.656519107740306973e-01,7.296610801283087873e-03,2.932070176355305313e-01,4.679067966363397169e-01,5.395489576404225440e-01,5.225700244214793733e-01,4.656938066442231627e-01
8.651414223355186062e-01,8.231864190282758495e-03,2.931391674484525867e-01,4.681659421216812778e-01,5.403372160776512834e-01,5.216028875275380283e-01,4.656036633035725014e-01
8.646199326919701278e-01,9.045395716623480520e-03,2.930547472025301636e-01,4.683567933169205388e-01,5.410579995722738511e-01,5.207358519179633438e-01,4.655451941326576581e-01
8.639841541602852892e-01,9.892088342671100099e-03,2.929702911412722655e-01,4.685735428961683158e-01,5.418260623267623366e-01,5.197808322124526370e-01,4.655010628835753450e-01
8.633828517988795248e-01,1.063005873717563256e-02,2.928929905116972598e-01,4.687416097969046569e-01,5.425187401120115105e-01,5.189002549436405598e-01,4.655075136791102519e-01
8.627392793758228429e-01,1.138174532883741777e-02,2.928341743930779062e-01,4.689215463079065005e-01,5.432241232391241681e-01,5.179582859111826476e-01,4.655527353536182966e-01
8.620763766600867406e-01,1.210438656720825082e-02,2.927683987309577240e-01,4.690998736484253695e-01,5.439022218519866669e-01,5.170203256450023321e-01,4.656239517866745947e-01
8.613471961196271787e-01,1.285059502770282552e-02,2.926946330491439485e-01,4.692822025504290173e-01,5.445619989464994815e-01,5.160883040077409722e-01,4.657030235452895295e-01
8.606181217487618440e-01,1.356032199583031075e-02,2.925982001932764809e-01,4.694091838581665455e-01,5.451750584490588913e-01,5.152387741652212361e-01,4.657984321049128962e-01
8.599004569741818260e-01,1.418544396784471653e-02,2.924956182487987721e-01,4.695267390307487076e-01,5.457613212695880955e-01,5.144133037717051327e-01,4.659057570409533278e-01
8.590753209275288071e-01,1.483687484294138846e-02,2.923445958156824509e-01,4.696571672255983043e-01,5.463792392275392817e-01,5.135518396200807745e-01,4.660004079800713073e-01
8.582978449766269780e-01,1.543503022892023582e-02,2.922325107589583970e-01,4.698076274669421015e-01,5.469329862308349721e-01,5.127216643481588010e-01,4.661132873610857041e-01
8.575410928285669421e-01,1.601148396514941175e-02,2.921070912758869653e-01,4.699328510673919101e-01,5.474524483215894577e-01,5.119515828702250193e-01,4.662236685444455242e-01
8.567378996266385993e-01,1.660748412009097064e-02,2.919866766506881706e-01,4.700729918016235409e-01,5.479623794581943708e-01,5.111640878302596835e-01,4.663473902466307441e-01
8.558855700186742688e-01,1.717469343761783215e-02,2.918562552652969599e-01,4.702471383852804832e-01,5.484750753321515626e-01,5.103527643152598881e-01,4.664576899737193361e-01
8.550814717023370592e-01,1.767187872480434699e-02,2.917241078723463721e-01,4.703962405703677740e-01,5.488929255331457258e-01,5.096950788551740663e-01,4.665349501888869654e-01
8.542370513978184698e-01,1.818405612046439246e-02,2.916274095297830549e-01,4.705622377671188072e-01,5.492932039283178192e-01,5.090162815353878045e-01,4.666375270353337879e-01
8.533359284677274337e-01,1.873116672605293007e-02,2.915191415746639647e-01,4.707213313761305917e-01,5.496814620593563072e-01,5.083402598660249350e-01,4.667567874762117985e-01
8.524705582842572182e-01,1.924004565772707148e-02,2.914003026746201930e-01,4.708806671208786154e-01,5.500581414065567332e-01,5.076802936857527371e-01,4.668706007099917565e-01
8.516384519252322427e-01,1.971459358580110108e-02,2.913283839796254604e-01,4.710967954995088358e-01,5.503913599203991147e-01,5.069967480162010931e-01,4.670026313588226397e-01
8.507827437815118632e-01,2.015563596261852816e-02,2.912064471666393484e-01,4.713065652789062976e-01,5.507597924613952811e-01,5.063143098300515454e-01,4.670969837134459901e-01
8.499421554273340895e-01,2.060607065213525615e-02,2.911298134146118044e-01,4.715350854713823980e-01,5.510824091481152376e-01,5.056282336517694542e-01,4.672289918564526134e-01
8.490751146423475282e-01,2.105889916917635593e-02,2.909974395080502929e-01,4.717148995010307377e-01,5.514220330583444740e-01,5.049910562829585947e-01,4.673358836220009582e-01
8.481817613135120837e-01,2.149625017450912043e-02,2.908536856134802395e-01,4.718761176343143626e-01,5.517305737324349479e-01,5.044056421830481751e-01,4.674411746403514534e-01
8.473182939938579405e-01,2.189750363462350524e-02,2.907118830659303210e-01,4.719992024358223848e-01,5.519990309942411910e-01,5.039141845490356930e-01,4.675300175300478589e-01
8.463347574696242770e-01,2.230344490160718340e-02,2.905590962588993631e-01,4.721283648640817732e-01,5.522702877715107705e-01,5.034242791213856538e-01,4.676070268148830311e-01
8.454374993594755416e-01,2.264939485811194933e-02,2.904507056508313090e-01,4.722478335990375475e-01,5.524655717549579181e-01,5.030257337423182928e-01,4.676846019268600108e-01
8.444794200592407041e-01,2.299771596594141904e-02,2.903311911284057190e-01,4.723533561154040772e-01,5.526311502251137764e-01,5.026858871928959749e-01,4.677478140883962743e-01
8.435248213283633723e-01,2.328225542866143444e-02,2.902596500647804945e-01,4.724834072212265035e-01,5.527868275505861684e-01,5.023138532875117690e-01,4.678321771561154141e-01
8.425642537141135868e-01,2.357236257455952097e-02,2.901790529700088994e-01,4.725878468609411298e-01,5.529221668193891048e-01,5.019696401623031656e-01,4.679361973543179065e-01
8.415647202137055416e-01,2.384762313220541857e-02,2.901189894800926816e-01,4.727158857715753060e-01,5.530600258884803555e-01,5.015625926761817510e-01,4.680804041309305497e-01
8.406211873449743743e-01,2.410040289132833746e-02,2.900736721272136887e-01,4.728517231109934382e-01,5.531420651814913381e-01,5.012090140111998826e-01,4.682249757879644037e-01
8.396623715088835649e-01,2.431017362562538225e-02,2.900174403083313757e-01,4.729762457011016941e-01,5.532629626699587799e-01,5.008400534823820305e-01,4.683511566847206598e-01
8.387060434584709956e-01,2.451089407796716232e-02,2.899706223391160798e-01,4.731069650805723725e-01,5.533531748642021020e-01,5.004909111654599618e-01,4.684857642455375060e-01
8.377706816966326020e-01,2.470816141854397657e-02,2.898482447342493606e-01,4.731928303588238682e-01,5.534578763222940401e-01,5.002014027339610758e-01,4.685845506808765104e-01
8.367583145338228778e-01,2.489455715276222073e-02,2.897525117136472428e-01,4.733137780435435760e-01,5.535736729582777516e-01,4.998233734847361553e-01,4.687289743977505196e-01
8.358218168015925098e-01,2.507938667625796494e-02,2.896292697317974230e-01,4.733835976737429951e-01,5.536823012822099654e-01,4.995057768337285431e-01,4.688686997550947089e-01
8.348490705828799374e-01,2.527732098340792002e-02,2.895046104081291372e-01,4.734594605589273475e-01,5.537685207340097282e-01,4.991919014428335410e-01,4.690245304727723163e-01
8.338583522910569812e-01,2.545489402531849951e-02,2.893550448803932085e-01,4.735393815908751636e-01,5.538444014596753950e-01,4.989012852525090413e-01,4.691634476679743537e-01
8.328254646611146228e-01,2.564138511001965576e-02,2.892037363894928714e-01,4.735972619034999886e-01,5.539353373482294174e-01,4.985837074968796356e-01,4.693352343187937037e-01
8.318826443298574791e-01,2.580303603018533481e-02,2.890484857616187342e-01,4.736386672200332271e-01,5.540042814292992501e-01,4.982948293687348706e-01,4.695188303959917375e-01
8.308977783869460065e-01,2.596510621787684325e-02,2.888851307276998903e-01,4.736961025735953457e-01,5.540367478365243459e-01,4.980022908235148260e-01,4.697329057963099408e-01
8.299305171123008140e-01,2.609964701028811077e-02,2.887638422017564377e-01,4.737783840028280680e-01,5.540564768979477916e-01,4.976489343282857192e-01,4.700010653403075556e-01
8.289140727242045870e-01,2.620435462403325824e-02,2.886114788267006848e-01,4.738457282372042778e-01,5.540983392872795843e-01,4.972572617143617979e-01,4.702982797148710925e-01
8.280034874287091062e-01,2.631835372192765574e-02,2.884550484878971588e-01,4.739084023573008619e-01,5.540963182984907087e-01,4.969286239824098894e-01,4.705847839551944856e-01
8.269948104372366604e-01,2.641950637593037249e-02,2.882305051543240237e-01,4.739641246798951824e-01,5.541009405821617495e-01,4.965357847802668867e-01,4.709377566038093765e-01
8.261013720287029294e-01,2.650765777439536078e-02,2.880174848047239999e-01,4.740049068551886458e-01,5.540976658114936670e-01,4.961389594008222548e-01,4.713186374249672683e-01
8.250989504653437612e-01,2.660830568564422072e-02,2.877054209886161229e-01,4.739831188947031260e-01,5.541329396743771563e-01,4.956615838997056045e-01,4.718011047218073073e-01
8.241692692638330486e-01,2.670339347460421939e-02,2.874163603793205568e-01,4.739630825266845093e-01,5.541320215504278446e-01,4.951742232830350643e-01,4.723337672560395384e-01
8.232407793016720543e-01,2.677099424935329430e-02,2.870679891540554030e-01,4.738892190561958540e-01,5.541735844319474191e-01,4.946423190339531151e-01,4.729160841004131366e-01
8.223849042914794794e-01,2.680113231742884544e-02,2.866429514986155169e-01,4.737851856060712463e-01,5.542429853394057471e-01,4.940473046628939824e-01,4.735605260762488777e-01
8.215504817018477457e-01,2.679969821489636139e-02,2.862017988018176751e-01,4.736898919170474676e-01,5.543072501942474251e-01,4.932695760067957735e-01,4.743906450002823849e-01
8.207588982226793339e-01,2.674511201678819033e-02,2.856685696911820393e-01,4.735328082831123941e-01,5.544418579688156212e-01,4.923517331784464934e-01,4.753426936934834757e-01
8.200549189340888834e-01,2.669659282777110329e-02,2.851007529267040042e-01,4.732823335266227449e-01,5.546130505148024747e-01,4.912855490976320572e-01,4.764941827746672631e-01
8.193837194196900153e-01,2.664294427574133081e-02,2.843786757881495708e-01,4.728649056257778760e-01,5.549144122402890345e-01,4.901043821519005528e-01,4.777724047190696210e-01
8.187623827977433821e-01,2.652844185456054021e-02,2.835616392230163041e-01,4.723095636205159042e-01,5.553734958837378555e-01,4.887478746471101698e-01,4.791758249436279815e-01
8.182191991184267765e-01,2.640554924854007085e-02,2.826868237973944598e-01,4.715897619063083579e-01,5.559578346231124346e-01,4.872503606450199753e-01,4.807297251446276398e-01
8.177547025444534823e-01,2.624600521861165589e-02,2.817878857668314474e-01,4.707282218161429888e-01,5.566682230144779364e-01,4.855949434358487471e-01,4.824240682027074456e-01
8.173710218995823285e-01,2.605482530190591367e-02,2.809080393403817766e-01,4.697438262540803988e-01,5.575011648956788024e-01,4.837593009028629543e-01,4.842624573783422259e-01
8.170648039729845324e-01,2.590224764044789935e-02,2.800500165892125803e-01,4.685926317368901972e-01,5.584322334541749200e-01,4.817993530496229582e-01,4.862548401016095756e-01
8.168277610677230349e-01,2.569635511877139261e-02,2.792312916925304700e-01,4.673286042211172719e-01,5.595087642076574941e-01,4.796403341273672849e-01,4.883636640145842533e-01
8.166495977320291644e-01,2.551475528770772577e-02,2.784206365420752727e-01,4.659113683927400551e-01,5.606535372503482773e-01,4.773950362031084138e-01,4.905998240722367343e-01
8.165163330805857989e-01,2.528865250946184251e-02,2.776016504030505150e-01,4.643571085768817275e-01,5.619283155804227770e-01,4.750174462781820428e-01,4.929173050263312428e-01
8.164520298601520842e-01,2.509769435145300931e-02,2.767545108818215693e-01,4.625612372525290117e-01,5.633275301186538853e-01,4.724437563714946053e-01,4.954756226772599748e-01
8.164291544825328373e-01,2.488173724094643741e-02,2.759555193621595071e-01,4.607950847007090123e-01,5.647436615272763971e-01,4.700018068969844531e-01,4.978260621883923709e-01
8.164592505530194888e-01,2.464531039228721326e-02,2.752019614539880088e-01,4.588651444836260307e-01,5.662528427727947511e-01,4.673263896494831426e-01,5.004063776241556294e-01
8.165318355819812801e-01,2.436485718314541915e-02,2.745280114454430320e-01,4.568620651540020727e-01,5.678291777289103948e-01,4.645329913419318779e-01,5.030468947303489147e-01
8.166321250713015623e-01,2.410151986180059103e-02,2.738984417615228373e-01,4.547682286012118547e-01,5.694615903506616839e-01,4.616641239826906329e-01,5.057327278291429140e-01
8.167566846280651660e-01,2.383441531276144637e-02,2.733054076952432521e-01,4.525664235303130112e-01,5.711905541207868975e-01,4.587132166736836991e-01,5.084360018970447426e-01
8.168978099852128860e-01,2.357023791907923715e-02,2.727157290132496970e-01,4.502567935615876538e-01,5.729655810480134281e-01,4.557605371437132846e-01,5.111375505364715854e-01
8.170247481568468917e-01,2.328322667690743350e-02,2.721120565461214724e-01,4.478424114353439789e-01,5.748260158327388458e-01,4.528100128258267798e-01,5.137852842640693307e-01
8.170760487559155516e-01,2.300585629298710147e-02,2.715592188639216475e-01,4.453464134094967664e-01,5.767723235612480792e-01,4.498781634629147597e-01,5.163428094553962344e-01
8.170521124917525801e-01,2.276688496280136406e-02,2.711198416338232442e-01,4.427910936196247649e-01,5.788185081818696398e-01,4.469687084734603744e-01,5.187717760661411104e-01
8.169958523607238066e-01,2.260077136877049198e-02,2.707728588556627125e-01,4.401827583861336879e-01,5.809238202905864235e-01,4.441615105903300442e-01,5.210443424015667180e-01
8.169626942340841858e-01,2.242736985592418131e-02,2.705806658754950078e-01,4.376216517698529596e-01,5.830475034629949427e-01,4.413494034396147625e-01,5.232146812650528833e-01
8.169542157674642979e-01,2.227768542526069317e-02,2.705327773210857711e-01,4.351274068526134742e-01,5.851014170820860727e-01,4.385431064044888472e-01,5.253574167739102352e-01
8.169642585460255013e-01,2.217607744976894668e-02,2.705683448734632068e-01,4.326945092277846294e-01,5.870440200386932705e-01,4.358192615712672691e-01,5.274621801270801269e-01
8.169816621966004000e-01,2.209300197055104331e-02,2.706361773634567980e-01,4.303220177133371682e-01,5.888854030517740590e-01,4.331891261637861867e-01,5.295131009872439121e-01
8.170010678921519887e-01,2.204941690875471261e-02,2.707080899522467110e-01,4.279030678080487093e-01,5.907032708344310823e-01,4.305652216261073861e-01,5.315846125613740147e-01
8.170186607271239243e-01,2.199736227061361085e-02,2.707565189840218101e-01,4.257878167129254265e-01,5.922796033759416545e-01,4.283064716827831853e-01,5.333508909510910057e-01
8.170312336645582096e-01,2.191194191488255241e-02,2.707807902983428994e-01,4.236714038359479240e-01,5.938536526453215281e-01,4.260727355349666623e-01,5.350723360866616041e-01
8.170315223852198105e-01,2.180925171339204854e-02,2.707782591884219658e-01,4.216752490982471069e-01,5.953189622679472270e-01,4.240119133758821213e-01,5.366555830115524728e-01
8.170198900446430379e-01,2.170537740480896205e-02,2.707616016053078778e-01,4.198154933355600082e-01,5.966581286928240857e-01,4.221301845495648020e-01,5.381079225511812281e-01
8.170044554757125432e-01,2.156529883875128034e-02,2.707413805265294071e-01,4.181263046043217635e-01,5.978689203398285246e-01,4.204177948590219205e-01,5.394182285161476242e-01
8.169852312482211998e-01,2.139161966450276592e-02,2.707146568635483419e-01,4.166239966826330021e-01,5.989454139827160573e-01,4.188876648758814158e-01,5.405755827560966287e-01
8.169676323862801182e-01,2.121220976286057602e-02,2.706712915622400684e-01,4.153119144387896200e-01,5.998793765240844067e-01,4.175555553092223371e-01,5.415792698919245085e-01
8.169469838644861648e-01,2.103118023706640818e-02,2.705952638573663749e-01,4.142023317436279162e-01,6.006468649221697875e-01,4.164726532197864928e-01,5.424115606782193844e-01
8.169277222546208472e-01,2.083881950295771862e-02,2.705228648789334001e-01,4.133308706853273673e-01,6.012140147126560086e-01,4.156545803599829836e-01,5.430751050060811380e-01
8.169121740590519209e-01,2.066019950802810978e-02,2.704585229326187390e-01,4.126763878388395312e-01,6.015946288908320394e-01,4.150735585641700531e-01,5.435954767939723542e-01
8.168954822035922048e-01,2.049295063235694742e-02,2.703933809192909932e-01,4.122709546435406325e-01,6.017883716660806792e-01,4.147394584559914721e-01,5.439435607527879357e-01
8.168816691251525874e-01,2.037857070515270569e-02,2.703273579089480183e-01,4.120718058122455618e-01,6.017787031890613481e-01,4.146958559096000640e-01,5.441383705769434753e-01
8.168730257043848031e-01,2.027111323648870048e-02,2.702805601914197164e-01,4.121127283950891118e-01,6.015536606790090612e-01,4.149141987752515970e-01,5.441897647632948365e-01
8.168626791250481745e-01,2.016321921068096532e-02,2.702228295959981375e-01,4.123571796883605534e-01,6.011817048824567022e-01,4.153449730800773954e-01,5.440870035308632557e-01
8.168514942793890787e-01,2.001290860787006964e-02,2.701564283624466323e-01,4.129188602775383798e-01,6.005845908512962295e-01,4.160934488863172742e-01,5.437484766442750583e-01
8.168358275963751858e-01,1.987540787410678120e-02,2.700720488114767281e-01,4.137351919626649499e-01,5.997571902822382839e-01,4.171828105166621725e-01,5.432062280992279169e-01
8.168148413335715174e-01,1.969557013639451279e-02,2.699680962610769286e-01,4.148402386481881421e-01,5.987549746887294022e-01,4.185380538699643993e-01,5.424259895566916345e-01
8.167937063620673843e-01,1.947190239680723217e-02,2.698533357451071701e-01,4.162897672723838705e-01,5.975010735258829975e-01,4.202479544644965870e-01,5.413750581326480793e-01
8.167755391867483894e-01,1.925694170513016917e-02,2.697541146277348534e-01,4.178595063657156161e-01,5.961525205171320785e-01,4.220768769846307000e-01,5.402283916416944498e-01
8.167559886083414211e-01,1.903895375196274636e-02,2.696449061748017462e-01,4.197527014397944845e-01,5.945454995346960425e-01,4.242515123247124764e-01,5.388264775484106206e-01
8.167375594783029547e-01,1.879228823209802557e-02,2.695357643215778309e-01,4.218949089828882837e-01,5.927563570196794362e-01,4.266554100840670993e-01,5.372241134136435114e-01
8.167221571628702215e-01,1.856555189548433210e-02,2.694382290941296221e-01,4.242404584406126999e-01,5.907694751279563006e-01,4.292975889420970748e-01,5.354577862050752257e-01
8.167064982877156876e-01,1.834198429511767897e-02,2.693377951089002686e-01,4.267869811373871669e-01,5.885993466123927709e-01,4.321665821458127166e-01,5.335126307553610392e-01
8.166905503625607743e-01,1.814982177403083249e-02,2.692405976578599036e-01,4.294881895471036604e-01,5.862730320352044222e-01,4.352050809866201964e-01,5.314323705150340027e-01
8.166740716129106126e-01,1.799045972099585361e-02,2.691472978834752450e-01,4.324640712096985973e-01,5.836729436137676474e-01,4.385628721453445622e-01,5.291156104119386638e-01
8.166622357203572324e-01,1.787630630825184225e-02,2.690626051512275962e-01,4.352500854370284777e-01,5.811902337263431528e-01,4.417433839997454981e-01,5.269137102416594498e-01
8.166509352104797115e-01,1.777266734548185734e-02,2.689787961430865071e-01,4.382863713521164550e-01,5.784509641475626962e-01,4.452010648401157900e-01,5.244955201228863606e-01
8.166373028890486774e-01,1.767140786735110422e-02,2.688909294979539011e-01,4.413927567972874555e-01,5.756367735670465668e-01,4.487151644908586867e-01,5.219860537602062367e-01
8.166216756900096518e-01,1.756179478921686063e-02,2.687957496195853557e-01,4.445545388566948808e-01,5.727590483869268168e-01,4.522661177893891882e-01,5.193974327742947317e-01
8.166013307132775623e-01,1.742602866565582526e-02,2.686979424858162435e-01,4.478943750186649142e-01,5.696160342765835827e-01,4.560403553232550422e-01,5.166772654552325150e-01
8.165458168302845987e-01,1.718323283671965851e-02,2.685693518736575469e-01,4.508924122202162543e-01,5.666735489237360035e-01,4.594691116920119334e-01,5.142618564052423569e-01
8.164397843601685079e-01,1.682862441958185573e-02,2.683908267915588453e-01,4.539956765038443698e-01,5.634705578191709918e-01,4.630767130528459230e-01,5.118093531921250605e-01
8.162855029281821384e-01,1.639576499169881352e-02,2.681745875873430274e-01,4.570087379814319339e-01,5.601710781816069407e-01,4.666996373441766321e-01,5.094534572267508388e-01
8.160777087579710320e-01,1.585415124301780068e-02,2.679060385195020100e-01,4.599342038960521628e-01,5.568646947402007275e-01,4.702660114239616274e-01,5.071608406982996975e-01
8.158207147514003887e-01,1.524490276898780861e-02,2.675687289584824380e-01,4.627434616542360768e-01,5.535552288368510432e-01,4.738081928047777058e-01,5.049266221489084883e-01
8.155276385569152353e-01,1.455414473746938220e-02,2.671821309791854171e-01,4.654123970433868274e-01,5.503268001238859064e-01,4.772369180102467023e-01,5.027689706334456110e-01
8.152330747324985083e-01,1.375901497682338950e-02,2.667714628478888295e-01,4.679517473849191811e-01,5.471710311910501501e-01,4.805524295224317677e-01,5.006939057196639897e-01
8.149459236543177276e-01,1.291559387426594388e-02,2.663479654540750197e-01,4.703295294544301286e-01,5.440873847543482578e-01,4.837343057832521609e-01,4.987586318879538294e-01
8.146676059667110614e-01,1.199869918807921348e-02,2.658915947977140148e-01,4.726605164635024892e-01,5.409413507936180476e-01,4.869003340185851791e-01,4.968929018517179164e-01
8.144231314954619716e-01,1.113422063458756328e-02,2.654650180539133153e-01,4.746886183636520595e-01,5.380340198831652376e-01,4.897401125189547733e-01,4.953228555541225320e-01
8.141886084780678434e-01,1.030382184126556015e-02,2.650587626853883605e-01,4.764949172733193294e-01,5.352812244942352082e-01,4.923245185552296843e-01,4.940072600134596259e-01
8.139566469202695886e-01,9.540613314443162352e-03,2.646730998879697205e-01,4.779667631644393122e-01,5.328805464056348695e-01,4.944914672759933016e-01,4.930155021536097304e-01
8.137039511393842073e-01,8.733257985880687330e-03,2.642648001849065009e-01,4.792151700100344969e-01,5.306884697762315195e-01,4.963739507379362759e-01,4.922758067462064679e-01
8.134265884678328895e-01,7.862901533472146931e-03,2.638072675601537687e-01,4.801836718050670472e-01,5.287553417556452029e-01,4.979305334222133284e-01,4.918400286501133922e-01
8.131693467477654202e-01,7.072058983379172353e-03,2.633827929157640524e-01,4.807757549202455460e-01,5.272232815415173190e-01,4.990373828288310887e-01,4.917844806628332566e-01
8.129220434922973526e-01,6.352456828058120585e-03,2.629443640880682054e-01,4.810752804097223612e-01,5.260241694257928868e-01,4.998249111961214908e-01,4.919758184163130488e-01
8.126687017654552481e-01,5.608421587501575753e-03,2.625101716191244328e-01,4.811367453995137322e-01,5.250164571612360165e-01,5.003123656347863157e-01,4.924963844833291637e-01
8.124049065701048900e-01,4.809929377786173986e-03,2.620114809449699544e-01,4.809648085177603005e-01,5.242401397336087232e-01,5.005418514440327371e-01,4.932575228139358670e-01
8.121779579549396333e-01,4.007103875574359250e-03,2.615450716152885602e-01,4.806412503757023780e-01,5.236986477618321700e-01,5.005042297587372069e-01,4.941854214394866829e-01
8.119914182778935619e-01,3.230228463520948973e-03,2.610715855468850877e-01,4.801917310058029797e-01,5.233553790525677929e-01,5.003139408723115134e-01,4.951777552144390748e-01
8.117989064010546763e-01,2.342144548614241272e-03,2.605118670249101376e-01,4.795537453641825487e-01,5.231357535211754728e-01,4.999405114375213843e-01,4.964037406372018846e-01
8.116183969301067336e-01,1.514861880685349892e-03,2.599544254306681568e-01,4.788650107055320571e-01,5.230802170552489860e-01,4.994859476726410952e-01,4.975833358594192735e-01
8.114150818338977666e-01,6.441847559708011603e-04,2.593168478559640944e-01,4.779831799224553146e-01,5.231082862150174817e-01,4.988950406909078983e-01,4.989925239704723903e-01
8.112271149974009665e-01,-1.698396485159763512e-04,2.587222712070085251e-01,4.770549994674430638e-01,5.232251411749284653e-01,4.982041279340537754e-01,5.004464267382304765e-01
8.110510318969185173e-01,-9.422464975395953429e-04,2.581415484091580947e-01,4.760977633358008387e-01,5.234240734041329945e-01,4.974637318769826733e-01,5.018844434675160393e-01
8.108739908067894575e-01,-1.728330369430414572e-03,2.575586487853229190e-01,4.750451602814319552e-01,5.236560735022397495e-01,4.966093490315908188e-01,5.034834325296364543e-01
8.107044913957148768e-01,-2.528366579221266210e-03,2.569590642134182423e-01,4.739429225308317561e-01,5.239539299897688629e-01,4.956975355870207323e-01,5.051082444824721573e-01
8.105513316293779802e-01,-3.310847635755734958e-03,2.563713288504423371e-01,4.728109008126291091e-01,5.242620037368975749e-01,4.947267572404445701e-01,5.067984206574420725e-01
8.104344713562783298e-01,-4.094396514648932124e-03,2.557852259589038502e-01,4.716481998731033576e-01,5.245943952330246463e-01,4.937024819363842743e-01,5.085337308147930280e-01
8.103592453517707295e-01,-4.877912837958569593e-03,2.552053089116336215e-01,4.704615602037485189e-01,5.249452954000539684e-01,4.926242570901214757e-01,5.103133336827586630e-01
8.103190691576898086e-01,-5.694915520497822840e-03,2.546104946726219787e-01,4.691767581747025018e-01,5.253292739169035386e-01,4.914639695626275007e-01,5.122162533309153609e-01
8.103090276842465078e-01,-6.432419924646979627e-03,2.540745524641745412e-01,4.679771698508846667e-01,5.257057830552226418e-01,4.903884036751143261e-01,5.139552623542482657e-01
8.103167754613194163e-01,-7.193700459924668583e-03,2.534735529812459642e-01,4.666498808203595194e-01,5.261349819431533348e-01,4.892680025529378973e-01,5.157874476796427965e-01
8.103478549512324047e-01,-7.978410779938056863e-03,2.528616288387027233e-01,4.652764600015680263e-01,5.266137738843208460e-01,4.881233274891109142e-01,5.176208709902266891e-01
8.104077523966010110e-01,-8.795299632141963253e-03,2.522488911828134062e-01,4.638742735374256076e-01,5.271258533852934969e-01,4.869483321428874634e-01,5.194615624530961595e-01
8.105005567452624460e-01,-9.619871955158065813e-03,2.516457577823306702e-01,4.624229510276696709e-01,5.276717013409940593e-01,4.857525290364028692e-01,5.213176291873319323e-01
8.106169553701247921e-01,-1.043321997549500300e-02,2.510451462634468722e-01,4.609153791765260300e-01,5.282462649075132521e-01,4.845578011046560718e-01,5.231793518846488134e-01
8.107421780143966306e-01,-1.124295848696098277e-02,2.504541587930989577e-01,4.593767144488424270e-01,5.288484956699591732e-01,4.833451249705773001e-01,5.250426582831008160e-01
8.108591703527778805e-01,-1.205149907964196687e-02,2.498778064512586217e-01,4.578194656546675234e-01,5.294630336061617593e-01,4.821498895590041189e-01,5.268792242160202921e-01
8.109764933423555533e-01,-1.286183904087812545e-02,2.493544198333083051e-01,4.562805418736038954e-01,5.300473780851134853e-01,4.809713134609222007e-01,5.287007090219403294e-01
8.111019500280960415e-01,-1.368757410018132774e-02,2.489087985338223064e-01,4.548053213370160663e-01,5.305863266363120001e-01,4.797844773660341899e-01,5.305064796481941958e-01
8.112304656033848538e-01,-1.450172936571171578e-02,2.484631974946859279e-01,4.533569888830329409e-01,5.310891014982840330e-01,4.786811612517750114e-01,5.322369329192658816e-01
8.113565614395210623e-01,-1.529704682924947629e-02,2.480279718412611301e-01,4.519522957975365962e-01,5.315408011431141944e-01,4.776635715879430366e-01,5.338923219351654481e-01
8.114684386162661633e-01,-1.608531166877734050e-02,2.476086708272366432e-01,4.506245101975095979e-01,5.319393150625508770e-01,4.767201503510572480e-01,5.354586950916980781e-01
8.115712929381644347e-01,-1.684315188716951905e-02,2.471993150761324642e-01,4.493719227277082062e-01,5.322576385917433539e-01,4.758887095979446036e-01,5.369326003344805365e-01
8.116836333581520790e-01,-1.757957252126370745e-02,2.467934010549575619e-01,4.482004246452028773e-01,5.324902046237235398e-01,4.752052936763215274e-01,5.382847668192419777e-01
8.118033502844593796e-01,-1.833047930834548478e-02,2.464131174611631780e-01,4.471506961924086587e-01,5.326389575992884762e-01,4.746314851408789948e-01,5.395154761961431511e-01
8.119159248193590361e-01,-1.909314321994991584e-02,2.460365973825321961e-01,4.462191061372300926e-01,5.326963204314181244e-01,4.742066501379168519e-01,5.406026197512316944e-01
8.120175690886946018e-01,-1.987823724801907749e-02,2.456926796862214379e-01,4.454174771602025795e-01,5.326707928488038091e-01,4.738805112133175346e-01,5.415739640882600847e-01
8.121045609840087387e-01,-2.068189269259536334e-02,2.453599099672513217e-01,4.447597934747761772e-01,5.325291661238108487e-01,4.737311400416150398e-01,5.423838311478549334e-01
8.121876279302420176e-01,-2.149621213544591902e-02,2.450597943542676127e-01,4.442260898597759633e-01,5.322755642337182458e-01,4.737378198361776316e-01,5.430638846990625268e-01
8.122730244252034382e-01,-2.226364593415488050e-02,2.447959284060584051e-01,4.438282414221622063e-01,5.318858197601947779e-01,4.738993210746248463e-01,5.436298376093293694e-01
8.123580773968878121e-01,-2.303468339782279231e-02,2.445511543070814087e-01,4.435644794352100462e-01,5.313612393962062752e-01,4.742355448993654798e-01,5.440647331014027976e-01
8.124502074671704488e-01,-2.375451782867024977e-02,2.443400855731322208e-01,4.433789368861076885e-01,5.307081390221820572e-01,4.747177092945668586e-01,5.444328112664373887e-01
8.125473601170170035e-01,-2.449715769008991781e-02,2.441407213097885887e-01,4.433383614223266322e-01,5.299261224909009860e-01,4.753479710931654001e-01,5.446776187532733626e-01
8.126366915252014600e-01,-2.526800383689224022e-02,2.439539049710450769e-01,4.434190897164298484e-01,5.290188440045319185e-01,4.761206453109946279e-01,5.448189650441725984e-01
8.127053700617884457e-01,-2.608214613670587628e-02,2.437764297721695950e-01,4.435827784698896381e-01,5.280306227073666703e-01,4.769860645947344158e-01,5.448873959917143184e-01
8.127470166810077945e-01,-2.695350058171206223e-02,2.435921780856276642e-01,4.439003553969882998e-01,5.269205721958772903e-01,4.780086244644261018e-01,5.448072503306319314e-01
8.127711951540339541e-01,-2.788117812486385141e-02,2.433969007863996392e-01,4.443535354483647004e-01,5.256155043400279059e-01,4.792588293920269082e-01,5.446000840816141997e-01
8.127786757281109109e-01,-2.878095798462708063e-02,2.432177403907203606e-01,4.448679952966653195e-01,5.242907246320571701e-01,4.805511915389576449e-01,5.443181561697227888e-01
8.127694129909306398e-01,-2.967974105216870245e-02,2.430426152824299302e-01,4.454619257557738687e-01,5.228699083292543959e-01,4.819500828803091053e-01,5.439621763297313173e-01
8.127567664929269409e-01,-3.055748687789037327e-02,2.428898344203590798e-01,4.461085254989242133e-01,5.214573788118542774e-01,4.833506831708860307e-01,5.435453087260379013e-01
8.127382302741135156e-01,-3.152887095225517800e-02,2.427275476387565356e-01,4.469053551704249561e-01,5.197929010049525678e-01,4.850076539754473171e-01,5.430087652792400243e-01
8.127362979652450470e-01,-3.250679131489310481e-02,2.425796335116209290e-01,4.477096873380101982e-01,5.181688843743620376e-01,4.866250122387095201e-01,5.424510490298697363e-01
8.127565961754982249e-01,-3.350209934546494878e-02,2.424487335014450240e-01,4.485613418451018797e-01,5.164595674261475144e-01,4.883078417398412086e-01,5.418650104144908664e-01
8.127935217109609756e-01,-3.445272883838615408e-02,2.423272450814747958e-01,4.493916094421776530e-01,5.147869767098689486e-01,4.899468996827652800e-01,5.412888188981260784e-01
8.128490813539566151e-01,-3.545439026209748490e-02,2.421960096685086827e-01,4.502691252519538945e-01,5.128950620976799879e-01,4.917993096491553029e-01,5.406753269285289321e-01
8.129042567287179111e-01,-3.639164916092792190e-02,2.420594220163798105e-01,4.510839837904637162e-01,5.110872406623185871e-01,4.935803625716375653e-01,5.400847134325806875e-01
8.129560425210284880e-01,-3.727298148142351580e-02,2.419381140442496969e-01,4.518000909280640021e-01,5.094125296541477388e-01,4.952093186696518434e-01,5.395769483322044868e-01
8.130092087675391266e-01,-3.822341292773222265e-02,2.418308924492952872e-01,4.525001654428170150e-01,5.077152927450647724e-01,4.968264175936670801e-01,5.391032299736847611e-01
8.130542444923548606e-01,-3.924674599746444392e-02,2.417393396138469153e-01,4.531870200415346606e-01,5.059778329780153516e-01,4.984531894857204826e-01,5.386579390413340773e-01
8.130820687576145733e-01,-4.021608543200635988e-02,2.416540887709391627e-01,4.537151782139469125e-01,5.044316165002309393e-01,4.998856941255017672e-01,5.383359305693011798e-01
8.130961802671566874e-01,-4.120192473688255586e-02,2.415592005210052962e-01,4.541508903448529533e-01,5.029725041156812848e-01,5.012363610583517870e-01,5.380778189588933946e-01
8.131139995167189216e-01,-4.218099305665670706e-02,2.414701419113948755e-01,4.544746745743269978e-01,5.016222649780361920e-01,5.024642157330746484e-01,5.379196829979460137e-01
8.131500808740796948e-01,-4.318426666667584540e-02,2.413895225629560937e-01,4.547233889851560740e-01,5.003621058117355691e-01,5.036028411662936133e-01,5.378183531144475893e-01
8.132124218491322276e-01,-4.414016249860437668e-02,2.413365892370451793e-01,4.548685871970658545e-01,4.992513999459927687e-01,5.045885916634190727e-01,5.378038315189275220e-01
8.132970315583526455e-01,-4.515560164651422070e-02,2.412845626362755680e-01,4.549535338554642205e-01,4.981527347606223843e-01,5.055705975552031717e-01,5.378285096298006662e-01
8.133876026043884711e-01,-4.622213093267722728e-02,2.412298752722127071e-01,4.548864485299617400e-01,4.971429625313994460e-01,5.064926666116325027e-01,5.379520168360181209e-01
8.134690957050895177e-01,-4.720141435585863132e-02,2.411968576666462249e-01,4.547098927178140348e-01,4.962450847854342761e-01,5.073294147416400612e-01,5.381417975113585994e-01
8.135500280992035149e-01,-4.818626188808711880e-02,2.411935044747623991e-01,4.544527476045819303e-01,4.954291268456610942e-01,5.080935771321889449e-01,5.383898191316476289e-01
8.136460194144559122e-01,-4.915829709852887613e-02,2.412186716894651195e-01,4.541009661422247823e-01,4.947016403508777693e-01,5.087994382811005245e-01,5.386889001897899876e-01
8.137653526140207205e-01,-5.006850320665087728e-02,2.412586609447429087e-01,4.536705278925699525e-01,4.941056918320342883e-01,5.094207524098011142e-01,5.390112377632729768e-01
8.139348950691701612e-01,-5.109602058454376650e-02,2.413483806068283388e-01,4.531415902893192182e-01,4.935075088458986126e-01,5.100665208962553709e-01,5.393933463842244258e-01
8.141124941710954355e-01,-5.203874554841719791e-02,2.414564429614717844e-01,4.525675877710850781e-01,4.929859207473948346e-01,5.106714141335771950e-01,5.397797395519000618e-01
8.142905026393214563e-01,-5.296639738324866037e-02,2.415841943936211655e-01,4.519300547387534728e-01,4.925106001339540907e-01,5.112552983709727217e-01,5.401949224744040379e-01
8.144536008425415918e-01,-5.385480809879199249e-02,2.416814075913700233e-01,4.512843466395625169e-01,4.921138165796629660e-01,5.118170706581759433e-01,5.405642572279311109e-01
8.146696536491887519e-01,-5.484180446923631741e-02,2.418224474107305011e-01,4.505512605023309636e-01,4.917232397330469351e-01,5.124196285122956107e-01,5.409602032326575882e-01
8.149130750560131808e-01,-5.575288844633141672e-02,2.420140187431291667e-01,4.498731852933057773e-01,4.914249861418600318e-01,5.129164766760080374e-01,5.413245681694096589e-01
8.152017442960903804e-01,-5.668435704505025985e-02,2.422188662629374545e-01,4.491497694649292938e-01,4.911198515680060828e-01,5.134666536296448314e-01,5.416805069372490067e-01
8.155144668318405898e-01,-5.756632133754647357e-02,2.424216634145448523e-01,4.483779265596518626e-01,4.908604374358513378e-01,5.140235826717461931e-01,5.420267727627987586e-01
8.158596648770970461e-01,-5.839684052252969160e-02,2.426704030463446848e-01,4.476018966003271204e-01,4.905799852198968747e-01,5.146096491078738788e-01,5.423658629619922955e-01
8.162446282780959628e-01,-5.922926577268064485e-02,2.429836108967252384e-01,4.468545176976097544e-01,4.903070467812649103e-01,5.151840463809973514e-01,5.426835525832468532e-01
8.166452296220019225e-01,-6.003130852634133707e-02,2.433172514605232983e-01,4.461018444845832320e-01,4.900511494226048037e-01,5.157640883296910062e-01,5.429828915228168684e-01
8.170852727296689100e-01,-6.087578754668773739e-02,2.437054816534106882e-01,4.453493864814451753e-01,4.897925937639757699e-01,5.163886312312362392e-01,5.432402052404513570e-01
8.175011000858510846e-01,-6.163231902257883255e-02,2.441000082544193539e-01,4.446851290305856019e-01,4.895776341443444646e-01,5.169462141586911308e-01,5.434477783850758525e-01
8.179508252136655777e-01,-6.239372185508151175e-02,2.445401431722982466e-01,4.440279919993530000e-01,4.893279391542382228e-01,5.175985973063828016e-01,5.435890013149213829e-01
8.184107982881734245e-01,-6.309568447033081506e-02,2.450183656378849273e-01,4.434113815055378827e-01,4.890996830197560374e-01,5.182792508511890883e-01,5.436492113104320900e-01
8.188515723577383110e-01,-6.377060473914750172e-02,2.455191795102003027e-01,4.428438594392662964e-01,4.889080369845025253e-01,5.189765582151558698e-01,5.436189654087193457e-01
8.192740798070621278e-01,-6.439908388486589863e-02,2.460486202635299158e-01,4.423746381640316083e-01,4.887283142977851824e-01,5.197055215987215204e-01,5.434661766225089563e-01
8.196903397382144796e-01,-6.495698357320178751e-02,2.466448151337138905e-01,4.419994046612204519e-01,4.885217495695168277e-01,5.204632930437743665e-01,5.432319827391379752e-01
8.201316811781741434e-01,-6.548435400767017855e-02,2.472831666612003709e-01,4.416878000892558442e-01,4.883387844500287067e-01,5.212853990618375732e-01,5.428615399704814770e-01
8.205367380590349313e-01,-6.587336938423177246e-02,2.478965864066674518e-01,4.414932731598153470e-01,4.881373968813559339e-01,5.220841287602692171e-01,5.424331608752888112e-01
8.209700621944615584e-01,-6.619636927715918939e-02,2.485811885632506213e-01,4.413528652160751409e-01,4.879452181370474984e-01,5.229315125554275800e-01,5.419038158559531526e-01
8.213965123978206329e-01,-6.644244271128013635e-02,2.493075132287899676e-01,4.413489652549800191e-01,4.876928335358447497e-01,5.238535913587626380e-01,5.412432039357759628e-01
8.218188336006611028e-01,-6.660641378212164843e-02,2.500416004648532975e-01,4.414618868023551523e-01,4.874056025177446738e-01,5.248480162370066093e-01,5.404458723936169662e-01
8.222967791244819580e-01,-6.670950326039681855e-02,2.508897053771453334e-01,4.417068235436577006e-01,4.870650155054951913e-01,5.259899706612352066e-01,5.394416590043790150e-01
8.227317680469679040e-01,-6.670853585584023138e-02,2.516602939072739575e-01,4.420371630381980110e-01,4.866734265865729214e-01,5.270765752312291941e-01,5.384630035481950960e-01
8.232246941105121341e-01,-6.669036159868374503e-02,2.525078567040113797e-01,4.425002693840346946e-01,4.862549291609568614e-01,5.282338696655730637e-01,5.373254455168336996e-01
8.236945367579961985e-01,-6.661574167940119418e-02,2.532774860384266469e-01,4.430049933934583906e-01,4.858332099285608829e-01,5.294257793927845679e-01,5.361166030569424201e-01
8.241857629920991135e-01,-6.650438001138632427e-02,2.540580339905937346e-01,4.436122692165648251e-01,4.853634198195528882e-01,5.307519137205226611e-01,5.347269503060427809e-01
8.246706076859982026e-01,-6.638970155389067873e-02,2.548530956568834105e-01,4.442990960474534901e-01,4.848816333081095165e-01,5.320871152391681846e-01,5.332648654546219280e-01
8.251803374371302624e-01,-6.619068600192465346e-02,2.557091651909086938e-01,4.450480382012513281e-01,4.843302549483441410e-01,5.335016610393295000e-01,5.317258932035997532e-01
8.256677125169673559e-01,-6.597422001604846820e-02,2.565380684360843433e-01,4.457836473770052099e-01,4.837976105460542464e-01,5.347411661417392770e-01,5.303477132924729887e-01
8.262120106238090012e-01,-6.569055327088370311e-02,2.574556267793736697e-01,4.465842909871064470e-01,4.832350567765457683e-01,5.360548283690017568e-01,5.288587447778394512e-01
8.266943421431093286e-01,-6.540784222259984904e-02,2.582701217683587847e-01,4.473046942877879073e-01,4.827339650119542580e-01,5.372381112690476357e-01,5.275051102046427465e-01
8.272081585920846303e-01,-6.508818794995330226e-02,2.591193258618617601e-01,4.480532835095341060e-01,4.822604038787781100e-01,5.385152260258176948e-01,5.259985830069938695e-01
8.276641340423556148e-01,-6.477868577171050357e-02,2.598828684550804624e-01,4.487325117797170693e-01,4.818846556946601578e-01,5.396981215513088070e-01,5.245495677930673839e-01
8.280921141469768099e-01,-6.443403395817481893e-02,2.606121543579274502e-01,4.493766363332982183e-01,4.815369935789486355e-01,5.408973082277516164e-01,5.230801702269842757e-01
8.284883075480617975e-01,-6.407382143353754222e-02,2.613322347764515108e-01,4.499868788861942637e-01,4.812287938303885237e-01,5.420867245808191903e-01,5.216058280464761499e-01
8.288461761781127368e-01,-6.371486439430480708e-02,2.620839977322536041e-01,4.506134090123417590e-01,4.809167178396105413e-01,5.431959106090388234e-01,5.201969519501912220e-01
8.291870932406482098e-01,-6.328628668681188230e-02,2.629595833424212548e-01,4.513171576367802640e-01,4.805941991688614245e-01,5.443764453680896009e-01,5.186485560341431711e-01
8.294869928347168297e-01,-6.285778059272502383e-02,2.638289725749486947e-01,4.520068044236411064e-01,4.802374436959619408e-01,5.454302060863271961e-01,5.172695010492334156e-01
8.298055414908775962e-01,-6.241352282475316759e-02,2.647343210735916275e-01,4.527603334203771368e-01,4.798725398122749009e-01,5.465151864105975976e-01,5.158018776989623522e-01
8.301286544812254142e-01,-6.192956285379949688e-02,2.656198339067851188e-01,4.535133066326605955e-01,4.794831980991675624e-01,5.476134026394769982e-01,5.143355954017948539e-01
8.304566316482626664e-01,-6.146274320960968401e-02,2.664988621399738689e-01,4.543303096930589868e-01,4.791047265448034609e-01,5.486807353912923624e-01,5.128275356366005511e-01
8.307586138627058858e-01,-6.092918396170804440e-02,2.673717642113084825e-01,4.552065409025953246e-01,4.786950921754022925e-01,5.498318706758400509e-01,5.111975428694696122e-01
8.309741617810679770e-01,-6.042370715927273400e-02,2.681047082895324785e-01,4.560079518144872779e-01,4.783309790154518515e-01,5.509095147447978791e-01,5.096615827779514829e-01
8.311692276619249142e-01,-5.986534755731805213e-02,2.688685375704077396e-01,4.569064882146650075e-01,4.779453795431721219e-01,5.520397187971639585e-01,5.079929370286792034e-01
8.313664367178109638e-01,-5.928292263404050938e-02,2.696525758960655605e-01,4.578482813434501808e-01,4.775396430442110374e-01,5.531254763004511688e-01,5.063428167353176690e-01
8.316062518958875494e-01,-5.863167762866622335e-02,2.704983175492734482e-01,4.588675234487742394e-01,4.770815587703889360e-01,5.542279753197865144e-01,5.046435708280992971e-01
8.318636680918970461e-01,-5.799563779282913834e-02,2.712623921648927849e-01,4.598222401816243754e-01,4.766960276568537602e-01,5.552133478488521234e-01,5.030532208633576863e-01
8.321330689468877662e-01,-5.731923427506240010e-02,2.719780745697908397e-01,4.607205159500305514e-01,4.763633059098384415e-01,5.561449440568657643e-01,5.015151125991846870e-01
8.323942689710785992e-01,-5.666162000218691319e-02,2.726161780857416783e-01,4.615363839511535948e-01,4.761167282179528115e-01,5.569668053343708181e-01,5.000849979313021221e-01
8.326684336069080095e-01,-5.591099392209986085e-02,2.732995472435748585e-01,4.623782564849560628e-01,4.759109521302445356e-01,5.578116146303647715e-01,4.985592403675634388e-01
8.328926035574799602e-01,-5.518854154907280873e-02,2.739114543840874827e-01,4.631041685130048435e-01,4.758163506799021891e-01,5.585640402876106414e-01,4.971313130643846834e-01
8.330734539634471192e-01,-5.448669566395993036e-02,2.744762737813341569e-01,4.637230208590840674e-01,4.757868427143961965e-01,5.592455607010586860e-01,4.958147265474781018e-01
8.332390499150013063e-01,-5.373870569592874291e-02,2.750753469952890162e-01,4.643227232722421660e-01,4.758131664119847337e-01,5.599301187411283021e-01,4.944537404536401004e-01
8.334160373559705848e-01,-5.300670009813807787e-02,2.757232716629369751e-01,4.649024837688535139e-01,4.758959660319396767e-01,5.605114105519429790e-01,4.931690062657518303e-01
8.336173175385728218e-01,-5.225499085876480349e-02,2.764486377861415378e-01,4.654822787331893696e-01,4.760285000405413136e-01,5.610398570990458023e-01,4.918916487203174315e-01
8.338329961163547521e-01,-5.156225353815278162e-02,2.771184195878865775e-01,4.659747687473041466e-01,4.762363946554519223e-01,5.614838390038516813e-01,4.907161193948797462e-01
8.340801256276718645e-01,-5.086875464543128694e-02,2.777731875055478028e-01,4.663830708572663242e-01,4.765116171127812827e-01,5.618745869603948284e-01,4.896125595839979083e-01
8.343494297908395918e-01,-5.017899481676962176e-02,2.783923814519121409e-01,4.667286366199261960e-01,4.768463871049402614e-01,5.622390599474464956e-01,4.885377593730929613e-01
8.346373710828070003e-01,-4.945900721891153401e-02,2.790193398230266242e-01,4.670084868311112358e-01,4.772196468896681143e-01,5.625510449788748701e-01,4.875456939030353709e-01
8.349077377228550922e-01,-4.877651402797278379e-02,2.796141115355478268e-01,4.672422614330828949e-01,4.776143362190280461e-01,5.628234898012873799e-01,4.866199074193902629e-01
8.351770845375816599e-01,-4.800026442419545736e-02,2.802502276210933063e-01,4.674429665368631803e-01,4.781007854040981719e-01,5.630967953084062838e-01,4.856322797597008023e-01
8.354115185071022687e-01,-4.728476635002130946e-02,2.808416731045627612e-01,4.676081995166501692e-01,4.785813838283571320e-01,5.632959781326621895e-01,4.847680598155150733e-01
8.356593167916251952e-01,-4.651137891544663422e-02,2.815209269529185265e-01,4.678214764743195420e-01,4.791384247436576427e-01,5.634541242410173734e-01,4.838273307279591373e-01
8.359206618260993649e-01,-4.575479988762886502e-02,2.821746579915803688e-01,4.680178131988934065e-01,4.796801090746241059e-01,5.635451235788734303e-01,4.829940094630105762e-01
8.361930535476905790e-01,-4.504493187524142433e-02,2.827754058598261899e-01,4.682128253261472750e-01,4.802122374680238281e-01,5.635992554962101497e-01,4.822124390662052007e-01
8.365150932672733575e-01,-4.424034846381884323e-02,2.834084054486076809e-01,4.683998614556888485e-01,4.808256322893904033e-01,5.636219012722537558e-01,4.813923903927534997e-01
8.367979214975066471e-01,-4.346413495864982768e-02,2.839280531564546961e-01,4.685165653057297708e-01,4.814184181365883664e-01,5.636334109000048498e-01,4.806723549677192620e-01
8.370938880725236064e-01,-4.259740581827377304e-02,2.844971870357688171e-01,4.686578336145353907e-01,4.820815952646628766e-01,5.636294310763930726e-01,4.798739781685497641e-01
8.373489464523209413e-01,-4.179535224763943069e-02,2.849719461189873515e-01,4.687454160878311571e-01,4.827236333025469728e-01,5.636033256810305536e-01,4.791731628848973634e-01
8.376460090693544913e-01,-4.092457689621464834e-02,2.854885651894479848e-01,4.688643766986666517e-01,4.834551221366771845e-01,5.635183850769461822e-01,4.784186146284984398e-01
8.379375541023131868e-01,-4.013189346006857533e-02,2.859544475996765867e-01,4.689865207027845151e-01,4.841918227483840709e-01,5.633983440641374685e-01,4.776947017588553113e-01
8.382551643314840595e-01,-3.936852074570764554e-02,2.864216420136163621e-01,4.691412471849051302e-01,4.849472702157696102e-01,5.632145301494309031e-01,4.769926921123854302e-01
8.385684428980337835e-01,-3.858839337201815795e-02,2.868620753234132348e-01,4.693275506586288559e-01,4.856717378136243823e-01,5.630470316895467286e-01,4.762695175921475843e-01
8.388497153847160881e-01,-3.777287088019352923e-02,2.872535562624554117e-01,4.695051870767753543e-01,4.864101202361577614e-01,5.628664916134911156e-01,4.755537686303921707e-01
8.390932977287242078e-01,-3.696519160752886196e-02,2.876236887358463723e-01,4.696978331784003036e-01,4.870824935756258856e-01,5.627084901822363427e-01,4.748618167809388613e-01
8.393370842017702227e-01,-3.607470070447724164e-02,2.879994740537142883e-01,4.698967531952487620e-01,4.877963245044089624e-01,5.625350321345490290e-01,4.741372425341999763e-01
8.395780336190834525e-01,-3.519538901939753273e-02,2.884118877840146089e-01,4.701339508478415419e-01,4.884981118588292981e-01,5.623219064892295282e-01,4.734318709728742025e-01
8.398297327920795086e-01,-3.427576780554381780e-02,2.888268304530586805e-01,4.704011120165619286e-01,4.892224907365713138e-01,5.621085331056697720e-01,4.726712868166201842e-01
8.400573369100684529e-01,-3.344261856129811250e-02,2.892166030469021099e-01,4.706414755854333998e-01,4.898853239068646781e-01,5.618804766907328219e-01,4.720162081891118855e-01
8.403020715381014361e-01,-3.249182662423431150e-02,2.896431423949831219e-01,4.709009605446684010e-01,4.906004496461272013e-01,5.616347640753371895e-01,4.713065625971771255e-01
8.405233483653933302e-01,-3.155419507641665788e-02,2.900294378686794627e-01,4.710946072540963536e-01,4.913337507550505912e-01,5.613641290197936007e-01,4.706711495672230017e-01
8.406816768421558894e-01,-3.064894407002722448e-02,2.903583987396712307e-01,4.712548313071378003e-01,4.920634755858482867e-01,5.611007487290629037e-01,4.700620913663865474e-01
8.408096640382464182e-01,-2.966051951331023090e-02,2.906833532980900858e-01,4.713720399138661143e-01,4.928838477595285927e-01,5.607913600053873182e-01,4.694538988532426238e-01
8.409245635358688631e-01,-2.870114489513733713e-02,2.910414303017642146e-01,4.715124451410054318e-01,4.937240264967625025e-01,5.604228148349366112e-01,4.688697776029723818e-01
8.410231108682285628e-01,-2.775955820775385594e-02,2.913784934434110463e-01,4.716549082481317212e-01,4.945877968064180674e-01,5.600198997918542920e-01,4.682972032937430251e-01
8.411308381163669079e-01,-2.680081948212077042e-02,2.917093021382932694e-01,4.717989804677071852e-01,4.954514586151598787e-01,5.595853019611760626e-01,4.677583393321405048e-01
8.412424330443292186e-01,-2.583945474175278548e-02,2.920109062341932904e-01,4.719607223021579090e-01,4.963102059242462394e-01,5.591299165581081754e-01,4.672290578604680888e-01
8.413338619903661941e-01,-2.490479927342974936e-02,2.922711213492664717e-01,4.721291823360359574e-01,4.972238794095965586e-01,5.586062244582257197e-01,4.667135469729837838e-01
8.414042557427972024e-01,-2.402428942072908427e-02,2.925168672044100582e-01,4.723485992444935722e-01,4.981540242899137327e-01,5.580389111378392109e-01,4.661780159248435362e-01
8.414458325708443764e-01,-2.310890176799246243e-02,2.927133611108575506e-01,4.725642456218344667e-01,4.991659474422328602e-01,5.574209123249802555e-01,4.656160619832085956e-01
8.414722373299121649e-01,-2.218735390698643728e-02,2.929113412095787905e-01,4.727977877287429798e-01,5.000661981547028789e-01,5.568364788024852130e-01,4.651120136663396409e-01
8.414790011200747877e-01,-2.120070890711808417e-02,2.931117059326664442e-01,4.730172839966058085e-01,5.009444415724163546e-01,5.562225645927870721e-01,4.646781403681448652e-01
8.414649223778141174e-01,-2.018365331988360156e-02,2.932747891488567404e-01,4.732489608475674014e-01,5.017975930151071795e-01,5.556232412553672173e-01,4.642385275672651912e-01
8.414357723823989721e-01,-1.923944705582961157e-02,2.934135048493375364e-01,4.734732075143225360e-01,5.026401674170071221e-01,5.550032478801496527e-01,4.638398200969678919e-01
8.414048256882679100e-01,-1.827981493923712397e-02,2.935800981563921885e-01,4.737615409840790215e-01,5.035084637271847186e-01,5.543149916290713852e-01,4.634264982656299270e-01
8.413647610784168451e-01,-1.729302661045471756e-02,2.937205934343350422e-01,4.740422745452179676e-01,5.043537878262078777e-01,5.536408828089193213e-01,4.630258648627664231e-01
8.413321114230922770e-01,-1.621627108891411997e-02,2.938519938949643584e-01,4.743343009916606290e-01,5.052102626295751353e-01,5.529366805545266050e-01,4.626344007246430690e-01
8.413001891774016805e-01,-1.518595004328484113e-02,2.939402854338138416e-01,4.746189629817385014e-01,5.060286060194530977e-01,5.522588065656210965e-01,4.622576126348424408e-01
8.412528786631350286e-01,-1.425437384913867157e-02,2.939994976617599232e-01,4.748948379375984574e-01,5.068445315654016570e-01,5.515812556074921602e-01,4.618891990347176457e-01
8.411750137140664441e-01,-1.330188197083764616e-02,2.940705875589081364e-01,4.752295317983152856e-01,5.076746419353992401e-01,5.508611482774896650e-01,4.614925192903174267e-01
8.410566219243829078e-01,-1.228222606525503427e-02,2.941107768763555064e-01,4.755531308862496753e-01,5.085477284654839059e-01,5.501099905421572567e-01,4.610937278716656929e-01
8.409424399639484626e-01,-1.133204133974088229e-02,2.941322587134727051e-01,4.758498933125424601e-01,5.093030395990578718e-01,5.494580186941543376e-01,4.607311348088999892e-01
8.408163565618049784e-01,-1.032709857060044520e-02,2.941503776029732453e-01,4.761583512395918261e-01,5.101103169059018061e-01,5.487303778310305136e-01,4.603864263598228534e-01
8.406509467773334299e-01,-9.323329306003505512e-03,2.941686957643567246e-01,4.765221741182958937e-01,5.109572985771990705e-01,5.479349293638704488e-01,4.600180102857645559e-01
8.404413676758597518e-01,-8.377607330281557768e-03,2.941589876362339928e-01,4.768428472998315071e-01,5.117825860093402346e-01,5.471685969585518006e-01,4.596803347316392174e-01
8.401911836561688496e-01,-7.408930090975377608e-03,2.941496375360583282e-01,4.771575160394609383e-01,5.125626342534134183e-01,5.464324449415007834e-01,4.593602442196176860e-01
8.399293294250531616e-01,-6.459927761984745123e-03,2.941544258836589765e-01,4.774467428808278346e-01,5.132612269827120377e-01,5.457589926288972659e-01,4.590802136374216857e-01
8.396215944124472141e-01,-5.410537742373096141e-03,2.941381418064201725e-01,4.777547064499527707e-01,5.140491361884043098e-01,5.450026785640481597e-01,4.587766410868013844e-01
8.393241890433515984e-01,-4.444839151321320833e-03,2.941518764027524213e-01,4.780957241418236081e-01,5.147847289402485149e-01,5.442464798427067985e-01,4.584941990756726260e-01
8.390142740394941345e-01,-3.511675539997093174e-03,2.941588024785036226e-01,4.784368992065159976e-01,5.155500195257067819e-01,5.434441978042684473e-01,4.582299801601514289e-01
8.387173676552950319e-01,-2.631198194147667084e-03,2.941691418835512550e-01,4.787802827775546333e-01,5.162491543007781125e-01,5.426932484954153368e-01,4.579741144919324269e-01
8.383997620268335282e-01,-1.684430309008531652e-03,2.941746922722449087e-01,4.791292682464612374e-01,5.169688172246330593e-01,5.419078920824206280e-01,4.577272362726105270e-01
8.380623384167333878e-01,-6.790451782400180967e-04,2.941567281738804440e-01,4.794869064233608924e-01,5.177174667220200144e-01,5.410986003683109224e-01,4.574639175923541634e-01
8.377576060839017069e-01,2.255065745074003036e-04,2.941280601211162526e-01,4.798138673251242103e-01,5.183987077208465077e-01,5.403806502299842718e-01,4.571981905179458572e-01
8.374276849140089851e-01,1.209891685575473393e-03,2.940733420430888811e-01,4.801576462110747068e-01,5.191935801681839546e-01,5.395598243481085632e-01,4.569046476526826828e-01
8.371474632396386228e-01,2.122288103381476075e-03,2.940207950442491613e-01,4.804872664999991771e-01,5.198741384949685518e-01,5.388331823517903407e-01,4.566417287678771197e-01
8.368780753623491497e-01,3.103329392489851540e-03,2.939707805720447320e-01,4.808282540664190474e-01,5.205824961105568471e-01,5.380589648277983583e-01,4.563886558660055770e-01
8.366038944958592571e-01,4.152921182133144026e-03,2.939038076727170656e-01,4.811655378147489670e-01,5.213463768009853894e-01,5.372320586358593220e-01,4.561352823338761797e-01
8.363434830062126402e-01,5.067055135854587992e-03,2.938291885883058674e-01,4.814899881584789876e-01,5.220456166881356497e-01,5.364738084651013983e-01,4.558855319384479965e-01
8.360530512796674474e-01,5.989549721976997546e-03,2.937408049982890845e-01,4.818295129108145503e-01,5.227993628518950997e-01,5.356572720817535105e-01,4.556231266690861648e-01
8.357572428676077747e-01,6.937631756640558894e-03,2.936546347620800912e-01,4.821720626265828535e-01,5.235167350205475190e-01,5.348664132691921536e-01,4.553660616826882834e-01
8.354546499586186226e-01,7.986195410180592369e-03,2.935752973084760908e-01,4.825239515296651516e-01,5.242336745894921046e-01,5.340392131992667268e-01,4.551393296476411998e-01
8.351941077632365484e-01,8.976691911407892049e-03,2.935073838882784614e-01,4.828299308235572962e-01,5.248699571526292962e-01,5.332916252353583353e-01,4.549580512897271056e-01
8.349394997097382420e-01,9.976229475898565000e-03,2.934462754289553499e-01,4.832018507637965699e-01,5.255368273799718715e-01,5.324842263513479557e-01,4.547390055546605692e-01
8.346934751632911764e-01,1.091208448347276427e-02,2.933371035119236026e-01,4.835930451665196306e-01,5.262391445514297272e-01,5.316308368137961926e-01,4.545093868744791155e-01
8.344637707015098993e-01,1.186304796414661133e-02,2.932211318181058846e-01,4.840485861170619186e-01,5.269490134441071616e-01,5.307318327025190019e-01,4.542526007240692554e-01
8.342792599745486593e-01,1.272855831304728867e-02,2.931117590196863354e-01,4.844614540776671641e-01,5.275848727664077531e-01,5.299059722992527366e-01,4.540385028415427349e-01
8.340887783759703966e-01,1.375169710746087549e-02,2.929558214592415943e-01,4.848851783304464758e-01,5.282700838943564792e-01,5.290215187381919204e-01,4.538207961405443802e-01
8.339180274085017386e-01,1.468029679450598077e-02,2.927902251022532765e-01,4.852722220935160036e-01,5.288938707982138165e-01,5.282188478807228194e-01,4.536154678139461827e-01
8.337248579969385176e-01,1.563140146809166575e-02,2.925845086580872723e-01,4.856762410350281556e-01,5.295610682042440898e-01,5.273658913311211061e-01,4.533970452009996599e-01
8.335221119158151559e-01,1.657669553714216301e-02,2.923681878689379787e-01,4.860917066387120400e-01,5.302099944694360634e-01,5.265334757538902011e-01,4.531608030405019916e-01
8.333384318102193822e-01,1.753843463056576832e-02,2.921822000015329990e-01,4.865107623134230508e-01,5.308414734649749001e-01,5.256785063008385661e-01,4.529643652828173606e-01
8.331569125983442348e-01,1.852029541660983950e-02,2.919833248038704032e-01,4.869224493206569249e-01,5.314546066933030222e-01,5.248459244852810013e-01,4.527684672359922335e-01
8.329856713426945225e-01,1.951523243536860963e-02,2.918104201450343327e-01,4.873638894588285808e-01,5.320422604778235476e-01,5.240040077281794551e-01,4.525784707672436125e-01
8.328046607026999837e-01,2.046606735443309844e-02,2.915950842939553089e-01,4.877757596003636231e-01,5.326941549943867704e-01,5.231479984885930579e-01,4.523581736395215769e-01
8.326117312537102411e-01,2.138102612336504130e-02,2.913840654189777113e-01,4.882164263897293410e-01,5.333283720181096754e-01,5.223077104987501329e-01,4.521064301216125569e-01
8.323979071700408072e-01,2.233798069341434711e-02,2.911802308433729114e-01,4.886376974126855899e-01,5.339313140627620635e-01,5.214942928705471603e-01,4.518785843939593372e-01
8.321717794913583433e-01,2.334278876273419151e-02,2.909975357425025333e-01,4.890472345411889243e-01,5.345032725967371334e-01,5.206917130571642183e-01,4.516848391573370369e-01
8.319404421705747232e-01,2.434841227508936085e-02,2.908123311857155890e-01,4.894641749742663084e-01,5.350697443110987717e-01,5.199168964564291340e-01,4.514549932371230700e-01
8.317109806423957918e-01,2.529037634730043824e-02,2.906183085893369045e-01,4.898920009064498537e-01,5.356811451034713123e-01,5.190975311246811552e-01,4.512087005020730124e-01
8.314988247542045574e-01,2.619269215787632318e-02,2.904297058592483771e-01,4.903516544356502083e-01,5.362881030248074499e-01,5.182653314481600049e-01,4.509449764275049177e-01
8.312989833931738737e-01,2.713567327529456397e-02,2.902403016604760411e-01,4.908716457963107627e-01,5.368905450855478989e-01,5.173829475864123451e-01,4.506755545819632891e-01
8.311208037607016319e-01,2.803397547250543326e-02,2.900513362562542330e-01,4.913149315709464116e-01,5.374288639002690049e-01,5.165916974802781114e-01,4.504585134690510806e-01
8.309371404982446307e-01,2.902181717308651571e-02,2.898507437140099841e-01,4.917817848676171444e-01,5.379518124051464456e-01,5.157953057834508970e-01,4.502374108558674926e-01
8.307528597559665773e-01,2.999535360035422704e-02,2.896330813536753812e-01,4.922295162687919667e-01,5.385070137714589311e-01,5.149724470954663014e-01,4.500263083034634626e-01
8.305606838501325973e-01,3.094270250644079109e-02,2.893986781173573664e-01,4.926846369246072888e-01,5.390695689496728393e-01,5.141281893740189401e-01,4.498200231891355538e-01
8.303605722940781142e-01,3.188632118263078075e-02,2.891570464813150165e-01,4.931494282266047913e-01,5.396166023689914493e-01,5.133026723721323403e-01,4.495975204815366721e-01
8.301655965803905746e-01,3.279905868955704240e-02,2.889513065115410506e-01,4.935752272005589081e-01,5.401208666892662880e-01,5.125055704197766238e-01,4.494340716383793954e-01
8.299324466718089877e-01,3.381364716894726813e-02,2.887216285581116759e-01,4.940299744643967816e-01,5.406769580237323902e-01,5.116271704645025675e-01,4.492665687934030982e-01
8.297009597277857917e-01,3.477899875917379174e-02,2.885159489175294634e-01,4.944825150617382925e-01,5.411860724933333922e-01,5.107962547132268716e-01,4.491011727978437285e-01
8.294483692510130624e-01,3.572026068363577667e-02,2.882870369507756769e-01,4.949064280571723873e-01,5.417415653361444816e-01,5.099471834398805470e-01,4.489293641059441398e-01
8.291799110645012849e-01,3.663823128329418699e-02,2.880246828914870827e-01,4.953307757695001867e-01,5.422988113287455780e-01,5.091096277439316475e-01,4.487391321753096407e-01
8.289403091050615568e-01,3.752111795746673750e-02,2.878002413716480024e-01,4.957677785715048913e-01,5.427933599595492487e-01,5.082949896381920851e-01,4.485820790254654300e-01
8.286783977840708193e-01,3.851358391424082595e-02,2.875243690431394938e-01,4.962238179456984200e-01,5.433541383542243031e-01,5.073973396955772097e-01,4.484151452689613682e-01
8.284417408230972946e-01,3.945323481760398820e-02,2.872550022469302355e-01,4.966575423395690470e-01,5.438841250552629569e-01,5.065365850993012176e-01,4.482655821117972339e-01
8.281966530250264302e-01,4.038481612912037805e-02,2.869803178422516976e-01,4.970911035796892197e-01,5.444102455759187720e-01,5.056595402805983408e-01,4.481365289474943947e-01
8.279247180069909673e-01,4.127818676880842808e-02,2.866849509594862067e-01,4.975245851879384618e-01,5.449521272645502235e-01,5.047907977926027190e-01,4.479762455614348382e-01
8.276212635499931025e-01,4.220771782608843253e-02,2.863667291811480831e-01,4.979431967050629848e-01,5.455447918273703678e-01,5.038480039807582411e-01,4.478511380467621872e-01
8.273219151107791269e-01,4.307989760787957201e-02,2.860825840041518742e-01,4.983192338779507402e-01,5.460333716315882713e-01,5.030097536856813489e-01,4.477797292296764597e-01
8.270011675615867031e-01,4.401310603238316188e-02,2.858176792675798383e-01,4.987139395247962015e-01,5.465161781246423711e-01,5.021141725852030779e-01,4.477564418975667482e-01
8.266659360813924939e-01,4.493886124152429024e-02,2.855701589038223132e-01,4.991204035254266924e-01,5.469679774387217197e-01,5.012206739665732158e-01,4.477529345852502840e-01
8.263015776629170084e-01,4.583808331536352865e-02,2.853121779403037239e-01,4.995072615879584399e-01,5.474604814773517125e-01,5.002693649632161677e-01,4.477835183666160068e-01
8.259328143950033230e-01,4.670373140426025554e-02,2.850306744777844070e-01,4.998800342840824529e-01,5.479770377333939013e-01,4.992947513185684860e-01,4.478234794501154692e-01
8.255674432016946174e-01,4.753071370721134725e-02,2.847229783569415473e-01,5.002691056354395815e-01,5.485048802209976371e-01,4.983121869077056787e-01,4.478372279073346007e-01
8.252118486213855242e-01,4.836662901197123082e-02,2.843832897089291767e-01,5.006475862290973300e-01,5.490440004982518607e-01,4.973163215906498680e-01,4.478606437268176643e-01
8.248677218194324645e-01,4.921686973370137386e-02,2.840198289300278622e-01,5.010025979982061228e-01,5.496024398167002056e-01,4.963224698532673340e-01,4.478811905688057649e-01
8.245177209959402287e-01,5.006821728983974762e-02,2.836589213427948564e-01,5.013791735105198599e-01,5.501217353020897427e-01,4.953542096439024212e-01,4.478941925345653607e-01
8.241428909735764030e-01,5.090476252933924528e-02,2.832650192353314833e-01,5.017318027040781336e-01,5.506543866033642987e-01,4.944081160776642170e-01,4.478901198132457795e-01
8.237419518800151996e-01,5.174676155366160490e-02,2.829111012539332615e-01,5.020689119122568878e-01,5.511664652086009086e-01,4.934502737985063114e-01,4.479387933734673699e-01
8.232970136297246277e-01,5.255485811575683064e-02,2.825520388774981906e-01,5.023955535990728416e-01,5.516888403723566592e-01,4.924909986811730755e-01,4.479852088523750830e-01
8.228212462987489761e-01,5.335660877597449281e-02,2.822022177318195824e-01,5.027051257274376406e-01,5.521839739521509083e-01,4.915648297024944324e-01,4.480451245994416243e-01
8.223054612464720803e-01,5.418063280268309301e-02,2.818696010846484246e-01,5.030565075135102759e-01,5.526560325463530932e-01,4.905937811240063118e-01,4.481330180436212118e-01
8.218403018936231152e-01,5.493990661034110073e-02,2.815622899426972747e-01,5.033537866991161236e-01,5.530930284290646037e-01,4.896832435786586668e-01,4.482559405932181051e-01
8.213757921072044610e-01,5.574963580170295280e-02,2.812508616406134143e-01,5.036790274224930419e-01,5.535278343399623324e-01,4.886850803528628440e-01,4.484431582554903595e-01
8.209321157462502461e-01,5.657014456809789094e-02,2.809124768840623454e-01,5.039896681471582873e-01,5.539696994140849151e-01,4.876595387102984347e-01,4.486648647229295461e-01
8.205088401521851704e-01,5.738584121143458505e-02,2.805484430307625399e-01,5.042385782599121402e-01,5.544790609399576908e-01,4.865264563924037722e-01,4.489860069131506592e-01
8.200761119538487742e-01,5.818123677381430853e-02,2.801503828534496754e-01,5.044397296567189048e-01,5.550330851966740475e-01,4.853364065541715955e-01,4.493633340115787966e-01
8.196264165851263606e-01,5.892299316765290534e-02,2.797159183862132359e-01,5.045924452954559936e-01,5.556600998066013597e-01,4.840840629452021759e-01,4.497676484987950252e-01
8.191521081463977172e-01,5.964048569375109826e-02,2.792594361570931993e-01,5.046582975471741728e-01,5.563546314319424146e-01,4.827749174538341626e-01,4.502420525433613596e-01
8.186823687406342698e-01,6.031376691427693670e-02,2.787906724873536191e-01,5.046463913236987064e-01,5.570755991692066811e-01,4.814968748781645047e-01,4.507322442612674562e-01
8.181591348533270303e-01,6.104524214301694507e-02,2.782728929202008539e-01,5.045424520965199333e-01,5.579379274668354594e-01,4.800111264754057805e-01,4.513662610189810298e-01
8.176932358821904501e-01,6.171887763596194815e-02,2.778175038783842199e-01,5.043254910023781123e-01,5.587829822325967033e-01,4.786072294057104326e-01,4.520536448841501742e-01
8.172024393937882270e-01,6.240732290026761858e-02,2.773694576044090643e-01,5.039992378331109579e-01,5.597268544639858456e-01,4.770532167327194983e-01,4.528916482564678270e-01
8.166932158390645125e-01,6.311296197285068410e-02,2.769303066084935483e-01,5.035350027787149907e-01,5.607587651305951937e-01,4.753676810901008021e-01,4.539027165383236473e-01
8.161801684831269110e-01,6.377036635165568568e-02,2.765184464606467718e-01,5.029749891711423615e-01,5.618402320895462543e-01,4.736069917756796643e-01,4.550254182076485243e-01
8.157162895405398739e-01,6.430633260499707404e-02,2.761749725648811049e-01,5.023652530697081398e-01,5.628894239594930404e-01,4.719283951354277806e-01,4.561449756027767255e-01
8.152203055232164486e-01,6.482293803713824742e-02,2.758220426932397884e-01,5.016274229369988014e-01,5.640365924852943635e-01,4.701170886765768664e-01,4.574085414915455838e-01
8.147067025413354813e-01,6.527618406318329292e-02,2.754778596446758598e-01,5.008136207923394867e-01,5.652477479165437524e-01,4.682304694283062618e-01,4.587384093392338769e-01
8.141803032302949994e-01,6.570492746177247767e-02,2.751383213164037556e-01,4.998885076145311857e-01,5.665263320537544667e-01,4.662892452023121859e-01,4.601453410100919683e-01
8.136264906725556578e-01,6.614879506337964510e-02,2.748074234498177892e-01,4.988358113437787456e-01,5.678940489176101947e-01,4.641927675953981813e-01,4.617188073244167246e-01
8.130973019559561976e-01,6.653485911749795756e-02,2.744726518060036091e-01,4.977370829924019913e-01,5.692897843037733052e-01,4.621282245313777515e-01,4.632541870216118629e-01
8.126077655038979053e-01,6.690796382364849748e-02,2.741914602182973781e-01,4.966319139426745854e-01,5.706259287073649489e-01,4.601230668260076762e-01,4.647897964834453166e-01
8.121478288523958922e-01,6.726365725285415875e-02,2.739266219493349253e-01,4.954056478260226437e-01,5.720666751852936383e-01,4.579677046932008055e-01,4.664531538135031630e-01
8.118659870244210319e-01,6.752665956192113739e-02,2.736590407287853299e-01,4.940446025124202167e-01,5.735523394636730110e-01,4.558700991575254102e-01,4.681240191639391979e-01
8.117453486765635606e-01,6.766961046226491194e-02,2.734322342367201952e-01,4.925660005297043398e-01,5.750563590118049628e-01,4.538527202741153288e-01,4.697942394091725871e-01
8.117015662998544601e-01,6.773430074985972715e-02,2.732881432527309862e-01,4.911869534285641659e-01,5.764106701120232934e-01,4.520648802934193466e-01,4.712997561720886353e-01
8.116958511377879715e-01,6.777479653413105709e-02,2.732175806491835557e-01,4.903739731714701344e-01,5.771821181081786545e-01,4.510642417472306431e-01,4.721601622216540228e-01
8.116969431184620776e-01,6.777740478983801387e-02,2.731923904424141125e-01,4.900812061347280535e-01,5.774699487493911709e-01,4.507019174851397136e-01,4.724580947133027453e-01
8.117175134267489156e-01,6.771436391492821616e-02,2.732205408953099490e-01,4.900798266883671372e-01,5.775150734700439381e-01,4.506035534835023948e-01,4.724981915055655457e-01
8.117495357705413195e-01,6.764738918818541391e-02,2.732771634076540113e-01,4.901475228331974021e-01,5.774885580550814801e-01,4.505515550557246951e-01,4.725099654111130643e-01
8.117709585094146085e-01,6.755518661400591873e-02,2.733226082072851559e-01,4.902355139253531946e-01,5.774424595016671713e-01,4.505316700268650054e-01,4.724939800185968819e-01
8.117872127059932996e-01,6.746442057151380567e-02,2.733520571217272210e-01,4.903237268804609417e-01,5.773727414545163361e-01,4.505633876813895378e-01,4.724573991000895479e-01
8.118012011327494504e-01,6.735244239008950085e-02,2.733692970279089085e-01,4.904246384891033372e-01,5.772846064131744726e-01,4.506311397569113253e-01,4.723957377481360353e-01
8.117950847230447353e-01,6.726594796278087540e-02,2.733647126920606962e-01,4.905182559074593995e-01,5.771834419825699891e-01,4.507395140223853791e-01,4.723187540438357201e-01
8.117776277200263735e-01,6.717250075170169699e-02,2.733440795516856592e-01,4.906291363838262698e-01,5.770597482719874716e-01,4.508943074415263097e-01,4.722069683648871252e-01
8.117606955693010828e-01,6.707820060502447945e-02,2.733228810481664883e-01,4.907606513766312739e-01,5.769100756276774877e-01,4.510858601939034540e-01,4.720702219297232549e-01
8.117420109238978609e-01,6.698380400393866285e-02,2.732951301950121148e-01,4.908977442065067254e-01,5.767551963019439398e-01,4.512986370254600810e-01,4.719135392109782279e-01
8.117173742165220141e-01,6.689585104067312382e-02,2.732553404641488437e-01,4.910569704460226448e-01,5.765562719928913893e-01,4.515807330474483350e-01,4.717210601005241144e-01
8.116896835359943552e-01,6.680198154985643455e-02,2.732145786351455330e-01,4.912358500783857718e-01,5.763442606966223680e-01,4.518772155101021815e-01,4.715099308208325901e-01
8.116668827492548033e-01,6.671812248578450066e-02,2.731881494806965849e-01,4.914456751739887386e-01,5.760788238113319082e-01,4.522168862794645472e-01,4.712899583829902594e-01
8.116518158666916616e-01,6.663489153439733359e-02,2.731783204072376070e-01,4.916599360399611651e-01,5.758149096600140293e-01,4.525354556123731276e-01,4.710831757981949752e-01
8.116393339379406324e-01,6.653419308953203992e-02,2.731691963598886774e-01,4.918802363072972139e-01,5.755458577713451485e-01,4.528587164705540347e-01,4.708713005155086284e-01
8.116290037530078383e-01,6.643319070105749291e-02,2.731566415105202150e-01,4.920808780442615937e-01,5.752998552297620138e-01,4.531598526710897690e-01,4.706725336823038841e-01
8.116206727760402195e-01,6.632258365526398636e-02,2.731454574787924861e-01,4.922729302989439226e-01,5.750646642128085517e-01,4.534399144688158190e-01,4.704893601721657492e-01
8.116092366208513820e-01,6.620537697379952347e-02,2.731315681833488274e-01,4.924765721701211407e-01,5.748010303906364582e-01,4.537492961323791318e-01,4.703000931158750064e-01
8.115219152325001684e-01,6.610576366229813094e-02,2.730656368237952547e-01,4.925943931187492519e-01,5.745948783679716287e-01,4.540359596116178564e-01,4.701519297002025866e-01
8.112542658153547581e-01,6.603098453711389593e-02,2.730028126935335475e-01,4.925995382486754726e-01,5.743704849781426924e-01,4.543111489823932758e-01,4.701548902366779470e-01
8.108074897534702785e-01,6.592925340973064541e-02,2.729447180525760852e-01,4.925538498874350024e-01,5.740520090353422589e-01,4.545793273644980759e-01,4.703324685968365282e-01
8.102063586636043535e-01,6.575215516312184205e-02,2.727996970476103122e-01,4.923996050544989234e-01,5.737608861863341403e-01,4.548083937205805172e-01,4.706276653854419290e-01
8.095199534074052350e-01,6.555138426445074329e-02,2.725917785712417829e-01,4.921459485883116214e-01,5.734405318809782104e-01,4.550556319887967827e-01,4.710442585144717920e-01
8.088253706650413433e-01,6.521305943604754907e-02,2.723677133395600025e-01,4.918541762796493910e-01,5.731290206598887993e-01,4.552321509520010911e-01,4.715572962995258077e-01
8.081582177530742817e-01,6.482224849020122581e-02,2.721060077531148313e-01,4.914913746594084532e-01,5.728925299614551214e-01,4.553216906132022679e-01,4.721361411784778528e-01
8.074161862573453474e-01,6.426428623307971211e-02,2.717766560632826067e-01,4.910637266608285922e-01,5.726488593668741522e-01,4.553863644312051151e-01,4.728138738593936630e-01
8.066881531338214728e-01,6.367532607887912977e-02,2.714781198618192448e-01,4.905829212213225210e-01,5.724081119203531243e-01,4.553561849044643894e-01,4.736328701462573232e-01
8.059540477844874262e-01,6.307047447745020574e-02,2.711867956366592614e-01,4.901113083135192894e-01,5.722196800252171700e-01,4.552348133008137232e-01,4.744647595069857449e-01
8.052551427881181612e-01,6.252606899331264456e-02,2.709473909147377957e-01,4.896735851482468260e-01,5.720415476433580171e-01,4.550439507513966420e-01,4.753138443832822246e-01
8.044989480425138728e-01,6.197019065942137306e-02,2.706983896670224765e-01,4.892290283309217447e-01,5.718953598412122030e-01,4.547558607789668472e-01,4.762223874595286066e-01
8.036901824431739172e-01,6.141358028220701704e-02,2.703950268986834993e-01,4.887861912329625191e-01,5.717326100348939510e-01,4.544320912698628923e-01,4.771806327867472164e-01
8.029582978148510630e-01,6.089569847815487491e-02,2.700107515947847148e-01,4.883529462540945887e-01,5.715864851122063328e-01,4.540701140486168019e-01,4.781428881097103400e-01
8.022720852628824062e-01,6.039024079504710929e-02,2.695760870399366849e-01,4.879258862570806099e-01,5.714191864565230095e-01,4.536567172930897063e-01,4.791701427723409901e-01
8.016498122578992191e-01,5.988779892668166793e-02,2.691133409781151786e-01,4.875269305092639338e-01,5.712188290039819094e-01,4.531947811792587100e-01,4.802510090894330785e-01
8.010675935598616793e-01,5.938282939687552359e-02,2.685756119089089400e-01,4.871263978729215571e-01,5.710535371069126453e-01,4.526626449869602942e-01,4.813546094995302949e-01
8.005154636604915330e-01,5.890698085896983738e-02,2.679443224112133537e-01,4.867272815092998917e-01,5.708818460467602884e-01,4.521225428172813698e-01,4.824683176802860851e-01
8.000570766945331869e-01,5.843738050717621479e-02,2.673321596006840162e-01,4.864045058394312337e-01,5.707145381179768995e-01,4.515504030905351240e-01,4.835264275597126460e-01
7.996333586248360881e-01,5.797751477342101556e-02,2.666515597415445860e-01,4.860762941176442475e-01,5.705202813770119397e-01,4.509444010944521075e-01,4.846499684885148818e-01
7.992557985297252809e-01,5.749092668088758018e-02,2.659140108407981873e-01,4.857886473348401735e-01,5.703514160495513075e-01,4.503311266230181631e-01,4.857062164779251123e-01
7.989095668446863918e-01,5.703501093752823270e-02,2.651201885695545490e-01,4.855400762979316664e-01,5.701453309448385465e-01,4.497912735278041807e-01,4.866959483791036267e-01
7.985734304781817450e-01,5.657473387332847409e-02,2.643137624449788392e-01,4.853270859198806630e-01,5.699457556180175244e-01,4.492522944679602781e-01,4.876390378556633154e-01
7.982488174866939623e-01,5.614227336348174419e-02,2.635017847198811713e-01,4.851633610109060135e-01,5.696867322383362131e-01,4.487969653985945939e-01,4.885231049737772113e-01
7.979519901371572299e-01,5.567586842694915994e-02,2.627174629612500367e-01,4.850768268394849425e-01,5.693743975325944451e-01,4.483679385246837623e-01,4.893663854422949377e-01
7.977009382176685204e-01,5.521223275009143339e-02,2.619556673589414908e-01,4.850703554589078093e-01,5.689742828355287552e-01,4.480169601025645876e-01,4.901589733823318862e-01
7.975228199805208806e-01,5.477109325049733801e-02,2.612038066119223845e-01,4.850909173777126493e-01,5.685022412751872256e-01,4.477479252395411558e-01,4.909315624263977940e-01
7.974052435814376061e-01,5.427711148293977439e-02,2.604386247767627172e-01,4.852007087511148176e-01,5.679395952234367329e-01,4.475990775486736739e-01,4.916095546085644807e-01
7.973774799783983624e-01,5.380714289712618115e-02,2.597094591156511867e-01,4.853869684835840359e-01,5.672310404559851582e-01,4.475743033261481707e-01,4.922658637074583399e-01
7.974210981959575228e-01,5.329734892144467884e-02,2.590330332026773985e-01,4.856588118805294507e-01,5.664318690754224228e-01,4.475957375933598548e-01,4.928980744806903957e-01
7.974777481014199143e-01,5.277956815421049747e-02,2.583107546803031229e-01,4.859989028195090821e-01,5.655260813512879015e-01,4.478027941245124044e-01,4.934146079555908893e-01
7.975579433002066843e-01,5.219981252737625199e-02,2.575540187969576622e-01,4.864502879578470051e-01,5.644725318078890330e-01,4.481529161696938823e-01,4.938581192090687466e-01
7.976761385796062864e-01,5.160053468306532998e-02,2.568094918743348831e-01,4.869387963546898956e-01,5.634172442699517669e-01,4.486175865534638429e-01,4.941597702149019278e-01
7.978597334280677078e-01,5.098004797588941844e-02,2.561359522110226994e-01,4.874612884745668784e-01,5.623689780771904401e-01,4.491331578169101557e-01,4.943703381924748896e-01
7.981231330619567022e-01,5.025417606463228326e-02,2.554312750509856178e-01,4.880558068813613537e-01,5.612662947440453243e-01,4.497576208258604047e-01,4.944691681619142742e-01
7.984651940624610811e-01,4.942054013372558507e-02,2.547034905708773223e-01,4.887592105604642301e-01,5.600650651710584738e-01,4.505765404312713218e-01,4.943908758060132080e-01
7.988176549125560744e-01,4.862221354596297368e-02,2.540918342377534445e-01,4.894462398215006504e-01,5.589331681102864824e-01,4.514255248816070321e-01,4.942176518459835965e-01
7.992348144529896059e-01,4.776612559871626362e-02,2.535597914165814704e-01,4.902275955741879909e-01,5.576445398989272606e-01,4.524349444836480716e-01,4.939758017034258097e-01
7.996590855602728753e-01,4.690454816158760171e-02,2.530830782941146384e-01,4.910234985256724527e-01,5.562803429601215210e-01,4.536171729355734095e-01,4.936391033434411879e-01
8.000664775938148843e-01,4.605767170552357154e-02,2.526624920314070044e-01,4.917817856103874896e-01,5.548774425204948679e-01,4.549086531690987867e-01,4.932745851913014068e-01
8.004633927677184957e-01,4.523610769718068580e-02,2.523216135513333125e-01,4.924827383803343506e-01,5.534491137488780632e-01,4.562650117284564599e-01,4.929270432431355209e-01
8.008451138530101598e-01,4.441918846102570206e-02,2.520319272077045092e-01,4.931091980056342416e-01,5.520344427682100097e-01,4.576616804200313027e-01,4.925922036684556859e-01
8.012179596645407909e-01,4.357735699149410669e-02,2.517823812191828381e-01,4.936300377563186403e-01,5.507186010422188138e-01,4.589937283879744201e-01,4.923039361931846880e-01
8.015912166740362110e-01,4.272916459587637605e-02,2.516102395955411297e-01,4.940336922738560732e-01,5.494889918549058505e-01,4.602153729246356018e-01,4.921324712436466187e-01
8.019727871723485446e-01,4.182983235449058701e-02,2.514598138083699586e-01,4.943165567120602066e-01,5.483039330276441303e-01,4.614333871902419615e-01,4.920296413559751003e-01
8.023314806858491410e-01,4.096596529558790833e-02,2.513529047587987897e-01,4.944324415138430795e-01,5.472969204696002121e-01,4.625128315878744290e-01,4.920208554926494560e-01
8.026760827847188029e-01,4.007349470576893752e-02,2.512926032495620965e-01,4.944035397751421201e-01,5.464387267883299426e-01,4.634389653663865127e-01,4.921322821192405383e-01
8.030136345882813442e-01,3.917454113364537971e-02,2.512778694799101542e-01,4.942521793171115174e-01,5.456878216122509340e-01,4.642512188545434015e-01,4.923518968953335406e-01
8.033303178232058528e-01,3.823940522492973171e-02,2.512685391724008843e-01,4.940107093861262899e-01,5.450476184408681313e-01,4.649919599923795221e-01,4.926042933087362297e-01
8.036168096553335527e-01,3.726017443505666438e-02,2.512567256802781812e-01,4.936542194196676392e-01,5.445443773669709220e-01,4.656445242398744577e-01,4.929017242540317811e-01
8.038660147711214066e-01,3.629248014513480891e-02,2.512198714253350285e-01,4.932410820585550471e-01,5.441511802062590775e-01,4.662450804222911249e-01,4.931817646992360249e-01
8.041172420878520688e-01,3.528076576284953914e-02,2.512376366489670332e-01,4.927393327605374962e-01,5.437852975319487081e-01,4.668395773997565668e-01,4.935243753980212422e-01
8.043510309097999800e-01,3.427820467093001255e-02,2.513202035780690569e-01,4.921625538015579893e-01,5.434666025637517883e-01,4.673824153394173231e-01,4.939369902779444099e-01
8.045267576592465275e-01,3.330028151802914144e-02,2.513980294486120592e-01,4.915135797014725250e-01,5.431870461521416393e-01,4.679435165371715888e-01,4.943592814870387819e-01
8.046558690578097250e-01,3.234456756977058256e-02,2.515121711737668964e-01,4.908121129284854223e-01,5.429308034589139798e-01,4.684750856197693047e-01,4.948340192546218930e-01
8.047640282613125473e-01,3.132476958519166826e-02,2.517008477634399277e-01,4.900880397590188231e-01,5.426725480080489827e-01,4.689618038410172662e-01,4.953736422760030012e-01
8.048575419421337696e-01,3.035330252817671284e-02,2.518999974233538386e-01,4.893806005113316426e-01,5.424262100262088326e-01,4.694122991672149414e-01,4.959158476095724133e-01
8.049601354496269678e-01,2.939099792721895643e-02,2.521095769861683711e-01,4.886714184986034604e-01,5.421577481566300927e-01,4.698780976360319439e-01,4.964673143503391950e-01
8.050583761491891810e-01,2.844604339214147626e-02,2.523095493773003795e-01,4.879397434860748284e-01,5.418967213110821302e-01,4.703433888449576328e-01,4.970310319576474734e-01
8.051439810091453042e-01,2.751332694728913716e-02,2.524768689321715831e-01,4.872019233300915464e-01,5.416274556087524727e-01,4.708465810429566800e-01,4.975715851557508396e-01
8.052232060077950671e-01,2.656993140744674103e-02,2.526323782154131781e-01,4.864508344076035051e-01,5.413965935037465815e-01,4.713251410693576338e-01,4.981043320857942436e-01
8.053050713442395647e-01,2.563399923914841047e-02,2.527877412203646257e-01,4.857705368590031769e-01,5.411894394508297568e-01,4.717677677654431578e-01,4.985741162998970077e-01
8.053916967967180707e-01,2.463987942011570606e-02,2.529432346902021900e-01,4.850489709853965659e-01,5.409747556688019321e-01,4.722403666596668992e-01,4.990619656638154433e-01
8.054913801516956351e-01,2.365995015873603724e-02,2.531131017226478930e-01,4.843407242288205183e-01,5.407243887944945815e-01,4.727441357201550565e-01,4.995439723973514878e-01
8.056026886664828801e-01,2.271418494585594750e-02,2.532922426438183328e-01,4.836187816849982224e-01,5.404545160421427852e-01,4.732624791460571800e-01,5.000444139510999975e-01
8.057210057524324398e-01,2.178550063367434148e-02,2.534841908903643914e-01,4.829021243347643710e-01,5.401668189481584337e-01,4.737888279903704758e-01,5.005491908812860213e-01
8.058491140757979565e-01,2.078220776612256515e-02,2.536833874447007586e-01,4.821755527248590689e-01,5.398777276921807866e-01,4.743273023926757315e-01,5.010512805105793444e-01
8.059807765148605530e-01,1.981276391062591555e-02,2.538636637153153242e-01,4.814797407633950033e-01,5.396344118653891853e-01,4.748242216804143823e-01,5.015116342326446652e-01
8.061282037297157199e-01,1.882674007088569468e-02,2.540662333377152193e-01,4.808218207092344598e-01,5.393634026528911773e-01,4.753289818497625774e-01,5.019560295705391972e-01
8.063041080692965323e-01,1.782845068353225773e-02,2.542872693396809325e-01,4.801616678534506577e-01,5.390967745564281266e-01,4.758206141762760799e-01,5.024083832023105156e-01
8.064944868637995423e-01,1.687739565995521190e-02,2.544887309797216890e-01,4.794902140557560921e-01,5.388105903798181551e-01,4.763767029110701490e-01,5.028295130985203087e-01
8.067360755217906076e-01,1.595724949562188702e-02,2.547039552895893344e-01,4.788099235301585543e-01,5.385323289806142055e-01,4.769099395828699794e-01,5.032702030706990293e-01
8.070182580473566070e-01,1.504955606595677342e-02,2.549105507184044606e-01,4.781399611749080347e-01,5.382752474034736556e-01,4.774369956227254019e-01,5.036822915004381951e-01
8.073254780198833025e-01,1.413325437201480225e-02,2.551087330101877160e-01,4.774836436145453722e-01,5.380324445658093424e-01,4.779673218824865288e-01,5.040612045055644641e-01
8.076452825170039596e-01,1.321211617351959917e-02,2.553114962879864391e-01,4.768114278677847429e-01,5.378269162433539918e-01,4.784775152291831368e-01,5.044326891062429485e-01
8.079869414964956364e-01,1.229309340583759763e-02,2.555242712974543640e-01,4.761575827553016782e-01,5.375923663629629257e-01,4.790324660119512079e-01,5.047735140827090961e-01
8.083654212653930138e-01,1.142713705436476136e-02,2.557534910661975469e-01,4.754939106341861121e-01,5.373589781102888763e-01,4.795697961803075948e-01,5.051372884530035412e-01
8.087689111648083129e-01,1.060695501433601973e-02,2.559856148338335302e-01,4.748846356038305960e-01,5.371327552276441430e-01,4.800760447340864379e-01,5.054700558900122598e-01
8.092107208530308071e-01,9.755230000014658565e-03,2.562297250778841073e-01,4.742425196307323843e-01,5.369097047814015422e-01,4.806105842168113540e-01,5.058018068617570195e-01
8.096797818530110380e-01,8.881207930443934043e-03,2.565181481250157769e-01,4.735528077996631335e-01,5.366804745170110635e-01,4.811464812736171437e-01,5.061816571699019329e-01
8.101172360378039450e-01,8.033168228919329926e-03,2.568050464013074130e-01,4.729063860916185025e-01,5.364711434188618178e-01,4.816482945737787236e-01,5.065305347230261157e-01
8.105412063701042946e-01,7.163708608409713637e-03,2.570708634478531263e-01,4.722476512939224325e-01,5.362762704323016383e-01,4.821805820688310207e-01,5.068449505463757943e-01
8.109726752923311910e-01,6.308648578622545744e-03,2.573425532219775214e-01,4.715658807283083509e-01,5.360954717425761018e-01,4.827032088172713564e-01,5.071734195593744499e-01
8.114263121096074727e-01,5.471081022536836147e-03,2.576252123173310982e-01,4.709062439546409240e-01,5.359009501480572757e-01,4.832463891805620082e-01,5.074745396361186600e-01
8.119034482208284942e-01,4.646548857412634292e-03,2.578943134327811859e-01,4.702463839544898661e-01,5.357308667277549397e-01,4.837921574284592685e-01,5.077459258562024846e-01
8.124011009919877013e-01,3.821925615563950829e-03,2.581729929186291073e-01,4.695813892118911315e-01,5.355991025116161319e-01,4.842852396199157083e-01,5.080302421912129551e-01
8.129067362882999026e-01,3.022808735943881449e-03,2.584610145671624726e-01,4.689350153947075550e-01,5.354402122365327088e-01,4.847995750838695606e-01,5.083041436535432611e-01
8.134184338662255875e-01,2.218589428093390575e-03,2.587549317179428376e-01,4.682839226510590591e-01,5.352891205444114675e-01,4.853181396277642667e-01,5.085686075266281359e-01
8.139097221575705143e-01,1.446096157068395196e-03,2.590706970384866747e-01,4.676616881202315112e-01,5.351537737981028053e-01,4.857720096001501564e-01,5.088502122857136989e-01
8.144468785417307011e-01,6.046277333757598023e-04,2.594283236512654467e-01,4.669844735976480532e-01,5.349624028412210963e-01,4.863291014874547291e-01,5.091411729682442378e-01
8.149528365800320362e-01,-1.943619540548057432e-04,2.597570318663423583e-01,4.663253460007545370e-01,5.347931625206728823e-01,4.868738397307464938e-01,5.094024039835828299e-01
8.154619961776521375e-01,-9.885285481427488752e-04,2.601094206366515449e-01,4.656588381670686561e-01,5.346329781226621947e-01,4.873846472659957296e-01,5.096917016687536606e-01
8.159597793300095159e-01,-1.734188367758248989e-03,2.604468998079674247e-01,4.650439011749299412e-01,5.344860954544804477e-01,4.878753912847210161e-01,5.099376298378132111e-01
8.165378530160464221e-01,-2.545844464947849550e-03,2.608139406029091889e-01,4.643696465766833370e-01,5.343394702183684730e-01,4.884194792965030341e-01,5.101848431193658495e-01
8.171071771283739960e-01,-3.308702839675666408e-03,2.611634912452973634e-01,4.637183592415419220e-01,5.342242693352929894e-01,4.889117242031835175e-01,5.104263309158088013e-01
8.176764508314688928e-01,-4.059693497957625290e-03,2.614952133482180141e-01,4.630705020621663226e-01,5.341183857013653835e-01,4.894392425573301231e-01,5.106197097846575383e-01
8.182426183656751340e-01,-4.780468876666815053e-03,2.618331154961638929e-01,4.624138523086567809e-01,5.340014149223116791e-01,4.899933741409450705e-01,5.108056492953155781e-01
8.188051886157232673e-01,-5.465645790732524475e-03,2.621583983420455177e-01,4.617052419435092592e-01,5.339088786697949729e-01,4.905662344050583101e-01,5.109934916425933338e-01
8.193448294383012254e-01,-6.116063116202221164e-03,2.624940639050019064e-01,4.610577614501141230e-01,5.338120746469658950e-01,4.911122303961646951e-01,5.111547580948615499e-01
8.199224938228264481e-01,-6.751730008340466396e-03,2.628636801955651636e-01,4.603690319784887741e-01,5.336966905176346865e-01,4.916996070761028848e-01,5.113312950787574085e-01
8.205241328943213563e-01,-7.377068779847675666e-03,2.632530391760684596e-01,4.596751549922865054e-01,5.336038683653349102e-01,4.922565293892295357e-01,5.115165420805452001e-01
8.211566695529904925e-01,-8.014303872116624108e-03,2.636622338797708909e-01,4.590498009008221469e-01,5.335113698180712349e-01,4.927845465099017774e-01,5.116661893156430052e-01
8.218842571010809284e-01,-8.726525124914086620e-03,2.641159205134052668e-01,4.583902215977741501e-01,5.334267424672521907e-01,4.933574494552355194e-01,5.117936520037582593e-01
8.225284680252070713e-01,-9.334406670237792303e-03,2.645109795520860230e-01,4.578380831958680508e-01,5.333642313401658619e-01,4.938447747992451564e-01,5.118830185754654760e-01
8.232137595174902067e-01,-9.964210150504328872e-03,2.649107990185604611e-01,4.572528351261898050e-01,5.333475539880837557e-01,4.943385359310487059e-01,5.119469145502654195e-01
8.238924683160094853e-01,-1.052703190554326283e-02,2.653102212868136967e-01,4.567479828473552383e-01,5.332961673602644170e-01,4.948268981790294174e-01,5.119793148968475593e-01
8.246616486629910758e-01,-1.112050091803707536e-02,2.657362621345478182e-01,4.561885736692836146e-01,5.332840968892147426e-01,4.953417975274260199e-01,5.119927351837501028e-01
8.254012052981904990e-01,-1.164039613447049801e-02,2.661270806934248889e-01,4.556585127094685550e-01,5.332757113176295194e-01,4.958594605301940850e-01,5.119723927291162102e-01
8.261488078919079214e-01,-1.214906211220356802e-02,2.665173866380595169e-01,4.551258794993238155e-01,5.333068834015466386e-01,4.963434824324129413e-01,5.119446741332124295e-01
8.269162293750553783e-01,-1.261168786039858908e-02,2.669256258738482712e-01,4.546003213845528079e-01,5.333129030018324279e-01,4.968528786573638278e-01,5.119112347455465617e-01
8.276533875870585311e-01,-1.303218664260187218e-02,2.673139898285371574e-01,4.541372179728017655e-01,5.333232732989998670e-01,4.973307673792054517e-01,5.118474198699989319e-01
8.284580346304235565e-01,-1.343753735583563293e-02,2.677326261514836325e-01,4.536614169988768541e-01,5.333297031909036701e-01,4.978156649530404154e-01,5.117912759594832606e-01
8.292937073406037030e-01,-1.382074752307969022e-02,2.681546908151014041e-01,4.532338047349067089e-01,5.333275597279069080e-01,4.982730693188666127e-01,5.117272522269576962e-01
8.301402583133454804e-01,-1.413763707744269960e-02,2.685715624262759449e-01,4.528026508564820252e-01,5.333239297209297902e-01,4.987455899114683344e-01,5.116524034031589840e-01
8.309874838991799795e-01,-1.444363712340582945e-02,2.690095050885487060e-01,4.523823019377469223e-01,5.333119537706403346e-01,4.992221291730869481e-01,5.115719681557396870e-01
8.318254392097252925e-01,-1.473150461247037940e-02,2.694439339303843495e-01,4.519448695641297697e-01,5.333423246660043970e-01,4.997017339118011159e-01,5.114586754763903453e-01
8.326368946803255344e-01,-1.498002435848220723e-02,2.698321680170550074e-01,4.514762412868331687e-01,5.333974207033795878e-01,5.002369339594152642e-01,5.112918980811045344e-01
8.334991198469391405e-01,-1.523818982124801324e-02,2.702731042199987832e-01,4.510161165666305982e-01,5.334542487546133360e-01,5.007911275127814310e-01,5.110961491610789276e-01
8.343243418540052803e-01,-1.548251299284931354e-02,2.707359692930970674e-01,4.505931608387631071e-01,5.335316170879196296e-01,5.013034898175459109e-01,5.108861204511547793e-01
8.350922337544351981e-01,-1.570509390992487486e-02,2.712054747969271373e-01,4.502088630840315187e-01,5.336227809041547143e-01,5.017996796907078227e-01,5.106425254157777038e-01
8.359494669997957761e-01,-1.595229003606693507e-02,2.717787746417486550e-01,4.498613638729287989e-01,5.337012020407487789e-01,5.023674295784873456e-01,5.103084811497372586e-01
8.367560816772244836e-01,-1.615667131342879426e-02,2.723320645346058999e-01,4.495441444526891428e-01,5.338204862145987661e-01,5.029063142690997079e-01,5.099323384079288424e-01
8.375680980238953133e-01,-1.633206148767132881e-02,2.729287244973891968e-01,4.492732591846829715e-01,5.339353144180641886e-01,5.034327017265932680e-01,5.095312879805502515e-01
8.383968488342201653e-01,-1.648715246036493165e-02,2.735313419722150696e-01,4.490566887678457686e-01,5.340846734015591846e-01,5.039059100151251913e-01,5.090977173021272728e-01
8.391830112368257044e-01,-1.658688387060930011e-02,2.740782373971854535e-01,4.488929924868030330e-01,5.342402811856741263e-01,5.043681064662020042e-01,5.086208965768047596e-01
8.400415794274265213e-01,-1.666791015265411610e-02,2.746706449551060691e-01,4.487598638905886950e-01,5.344546500164942815e-01,5.048488694972824709e-01,5.080358556282843496e-01
8.408560370091234804e-01,-1.667514569981876776e-02,2.752517034417339969e-01,4.486682821898987372e-01,5.346563607986457578e-01,5.053095599100859703e-01,5.074461518996757903e-01
8.416114543846455742e-01,-1.660333760047082857e-02,2.758086704081406659e-01,4.486068689766577466e-01,5.348380944970193562e-01,5.057877132623255223e-01,5.068321999386234955e-01
8.423423867666269826e-01,-1.648685620039491706e-02,2.763402706252665597e-01,4.485197659294991590e-01,5.350844041095484949e-01,5.062424289908404873e-01,5.061949260302107678e-01
8.431595228694961364e-01,-1.631738451475460080e-02,2.769531988873007999e-01,4.484709419114248918e-01,5.353268335304038894e-01,5.067415920421091124e-01,5.054819031953755593e-01
8.439373015631171926e-01,-1.606926258400963314e-02,2.775451930184597016e-01,4.484351382252561580e-01,5.355262056798321124e-01,5.072244255416110681e-01,5.048177809557030660e-01
8.446957065665849917e-01,-1.579239934073217028e-02,2.780996091390346980e-01,4.484346430523962757e-01,5.357407786394057236e-01,5.077252120261009916e-01,5.040865978047465168e-01
8.454569768614801362e-01,-1.547498565416590907e-02,2.786842361314370575e-01,4.484499798182819408e-01,5.359646321910199740e-01,5.081890617616511285e-01,5.033670689935327847e-01
8.462087757375680308e-01,-1.513323860098922738e-02,2.792741789225514637e-01,4.484902357652065241e-01,5.361778253307053488e-01,5.086592342187792326e-01,5.026287213151179323e-01
8.469446301778706943e-01,-1.482391032677132445e-02,2.798520704196302278e-01,4.485945381404606302e-01,5.364234505367156958e-01,5.091096308673911386e-01,5.018169046802818389e-01
8.476592658487429599e-01,-1.449045579592530067e-02,2.804726952859090683e-01,4.487259299545838243e-01,5.366655272174123414e-01,5.095519790357903034e-01,5.009909503609424331e-01
8.483449034073162753e-01,-1.414990367688888362e-02,2.811271544868646499e-01,4.489356959992372720e-01,5.368916859289678545e-01,5.100124982554880004e-01,5.000913017252214265e-01
8.489813873907587904e-01,-1.379437071317674880e-02,2.818125166911759627e-01,4.491872079261701733e-01,5.371443869131140580e-01,5.104696793969986102e-01,4.991267036129726220e-01
8.495319117373029139e-01,-1.343170341235593382e-02,2.824066709480736459e-01,4.494491927188816738e-01,5.374028372906027862e-01,5.109565723827755868e-01,4.981134356501547011e-01
8.501232155382678624e-01,-1.297497316714399385e-02,2.830656222889461615e-01,4.497527145933513104e-01,5.376746134643920483e-01,5.115030185918247874e-01,4.969840719009811503e-01
8.507011003925519788e-01,-1.254865459838125363e-02,2.836903184050834081e-01,4.501047426921233607e-01,5.379167104683982847e-01,5.119941702909404091e-01,4.958964637835262534e-01
8.512960684536817757e-01,-1.205800092272196408e-02,2.843417607598058838e-01,4.504615604961372810e-01,5.381154487116700524e-01,5.124886795552335839e-01,4.948449249016868556e-01
8.518748602097119260e-01,-1.151082300439004377e-02,2.850122186579005512e-01,4.508397922997222640e-01,5.383031282883375956e-01,5.129758365896104344e-01,4.937904563975715200e-01
8.524065813145031978e-01,-1.092146081033467005e-02,2.856841169921837120e-01,4.512253990666824088e-01,5.384853746063281710e-01,5.134811589495035244e-01,4.927131416717747125e-01
8.528783383182699795e-01,-1.028978736150398116e-02,2.863711656678381567e-01,4.516245512249592031e-01,5.386809302335635596e-01,5.139919909020329580e-01,4.915997898922672693e-01
8.532672176211354431e-01,-9.648649486686991517e-03,2.870408024997379015e-01,4.520523440144772476e-01,5.388784418812119226e-01,5.145524611961451722e-01,4.904023529956636485e-01
8.535571738748682913e-01,-8.983411150014790694e-03,2.876982926048643474e-01,4.525010146888878149e-01,5.390880525258732181e-01,5.151323817253614656e-01,4.891477615479243313e-01
8.537474100321006398e-01,-8.294790004475922907e-03,2.883630167626314855e-01,4.529681643420357950e-01,5.393180992015308428e-01,5.157036277932450785e-01,4.878581743162046513e-01
8.538717239965579742e-01,-7.601658231332581415e-03,2.890870189995530248e-01,4.534985207354086945e-01,5.395060612942237377e-01,5.162614152317192007e-01,4.865659797607428394e-01
8.539027789031601312e-01,-6.933489411238650049e-03,2.897524135666622036e-01,4.539979703038214964e-01,5.396930976753183673e-01,5.167945325312091054e-01,4.853252666279375127e-01
8.538900771518687094e-01,-6.197438765104066466e-03,2.905140641688487291e-01,4.545767820099815282e-01,5.399094058290246911e-01,5.173218923474518505e-01,4.839791756396661371e-01
8.538274308899996834e-01,-5.447878351329394145e-03,2.912849437282214460e-01,4.551833384405203353e-01,5.401611784411785022e-01,5.178554191524382677e-01,4.825554834064499365e-01
8.537212319372794456e-01,-4.788747012485996060e-03,2.919858749546255239e-01,4.557483905083645759e-01,5.403860855060252932e-01,5.183147530422282934e-01,4.812754927474324207e-01
8.535677050219434570e-01,-4.173721755649391178e-03,2.926492920304510359e-01,4.562829248896607126e-01,5.406100113315533973e-01,5.187134282958258957e-01,4.800865415816459314e-01
8.533424264172455587e-01,-3.488857038930741165e-03,2.933312407187389503e-01,4.568237761027716393e-01,5.408344745577747803e-01,5.191188415146110735e-01,4.788796687076498637e-01
8.530507023486506579e-01,-2.794348186600660588e-03,2.939682327270215501e-01,4.573153018345408327e-01,5.410913766396490132e-01,5.195002463536272375e-01,4.777052761616861765e-01
8.527128027388863885e-01,-2.065345317826842650e-03,2.945891493448954401e-01,4.577793637615392708e-01,5.413359261991368410e-01,5.198594360526014313e-01,4.765916867374777044e-01
8.523490429031299609e-01,-1.310499204712519631e-03,2.952044771728850048e-01,4.582166216558933858e-01,5.415905122461067700e-01,5.201850263202474345e-01,4.755257964353388211e-01
8.519859765618867931e-01,-5.999970684986669252e-04,2.957633940883604984e-01,4.586121107662722851e-01,5.418590120718504988e-01,5.204673747948471707e-01,4.745286658034292837e-01
8.515584519609982195e-01,1.594829433234365781e-04,2.963687361595117586e-01,4.590407917069768140e-01,5.421754389064329382e-01,5.207324730192639528e-01,4.734607022117995334e-01
8.511180122002584003e-01,8.708791118553316050e-04,2.969043193854897789e-01,4.594228276393722554e-01,5.424970848861619954e-01,5.209690134185825938e-01,4.724604379115022734e-01
8.506613269402366617e-01,1.602922607186612301e-03,2.974329207282710441e-01,4.597962542126481367e-01,5.428044920752205238e-01,5.212060048297393333e-01,4.714816947924931334e-01
8.501928986040960812e-01,2.323666579732268540e-03,2.979606847145263582e-01,4.601622932771899377e-01,5.431284844395842804e-01,5.213972145187429907e-01,4.705391141322188275e-01
8.497107217987833749e-01,3.040256456608722048e-03,2.985131938012137720e-01,4.605375943837189401e-01,5.434559050199161412e-01,5.215056170495878662e-01,4.696729658432234333e-01
8.492228586934118528e-01,3.747735922654081477e-03,2.990729055638604028e-01,4.609264657937953702e-01,5.437794803729792958e-01,5.215765271670760317e-01,4.688374944098070429e-01
8.487283759309418585e-01,4.465938689431715736e-03,2.996018063518604002e-01,4.613060172170663775e-01,5.441196223238909946e-01,5.216228805346655450e-01,4.680172706045710451e-01
8.482413767505980751e-01,5.207183394103655737e-03,3.001055288140515032e-01,4.616631432820862968e-01,5.444920666485772998e-01,5.216377615948649682e-01,4.672147013632639845e-01
8.477608812892498680e-01,5.953269330710996531e-03,3.005828451139901936e-01,4.620299467404784810e-01,5.448811683688528085e-01,5.216309074876885887e-01,4.664054427486399867e-01
8.472725736461592660e-01,6.699787379015073249e-03,3.010242371199126077e-01,4.624011683326674227e-01,5.452809561803506622e-01,5.216126094054545081e-01,4.655900815748327815e-01
8.467890306018780455e-01,7.474571055720884670e-03,3.014392337847054404e-01,4.627611035727635658e-01,5.456870576720596056e-01,5.215835322731072754e-01,4.647885701809335024e-01
8.463194564777034579e-01,8.259596376580398067e-03,3.018272976772561345e-01,4.631288627480358855e-01,5.461099083690400535e-01,5.215461559293013138e-01,4.639668433263723357e-01
8.458498513941610231e-01,9.021459107196642957e-03,3.022109564355155431e-01,4.635041547844657162e-01,5.465672509926228217e-01,5.214713148457607028e-01,4.631369197472156585e-01
8.453793193452564525e-01,9.738185263039478984e-03,3.025958563907134580e-01,4.639157266700821847e-01,5.470324586852495230e-01,5.213585022524953594e-01,4.623018492521691059e-01
8.449364914780028712e-01,1.045781751620717542e-02,3.030152737325712553e-01,4.643690433597171263e-01,5.474591993615560703e-01,5.212259278243586147e-01,4.614903560934089377e-01
8.445302853084970529e-01,1.117096692473991057e-02,3.034144907639594879e-01,4.648023146820356999e-01,5.478538738225179339e-01,5.210958728506674964e-01,4.607320615085122584e-01
8.440728658438332310e-01,1.198287978864901945e-02,3.038065399952327716e-01,4.652604867630991126e-01,5.483037488062471043e-01,5.209545723551465279e-01,4.598934790190513100e-01
8.436118837554237304e-01,1.275254688289228187e-02,3.041453080228048722e-01,4.656890912241739566e-01,5.487473161698180890e-01,5.207986183504069722e-01,4.591065806929060522e-01
8.431137028552737611e-01,1.352274238499916875e-02,3.044688687020978834e-01,4.660968102727964246e-01,5.491879594726346570e-01,5.206206051974983096e-01,4.583672480310950204e-01
8.425725043436536055e-01,1.430025044271636750e-02,3.047490345564298764e-01,4.664488829079887489e-01,5.496548505311481536e-01,5.204092328112597254e-01,4.576889941065511724e-01
8.420104304157594033e-01,1.507164095462070440e-02,3.050290713746030558e-01,4.667994600516729431e-01,5.500874123879675448e-01,5.201955883343549747e-01,4.570543213943515370e-01
8.414065148369329616e-01,1.582304901917019543e-02,3.052658852781240384e-01,4.671159318537919103e-01,5.505272132713801003e-01,5.199609495673623849e-01,4.564680761904592599e-01
8.407530894177921432e-01,1.654402768234016635e-02,3.054952983231636887e-01,4.674409800733801412e-01,5.509212434468918618e-01,5.197217614558250487e-01,4.559320172308837793e-01
8.400445206421403022e-01,1.724348138134645242e-02,3.056893390041403036e-01,4.677205202107171944e-01,5.512853577294171137e-01,5.194649245561530071e-01,4.554977074397136283e-01
8.392658666321228811e-01,1.788144673407609381e-02,3.058292225608686410e-01,4.679644133296410602e-01,5.516036058408427811e-01,5.192369121942913557e-01,4.551217407412684879e-01
8.384218256957898241e-01,1.846402531239295375e-02,3.059463295749043077e-01,4.681532413687443661e-01,5.519076174613396502e-01,5.189858082714889909e-01,4.548453090852700997e-01
8.375596602263475354e-01,1.899946386816336874e-02,3.060748844393880175e-01,4.683412508427863830e-01,5.521345576073921624e-01,5.187480716262093949e-01,4.546474911827761423e-01
8.367153707836835208e-01,1.949566413424062145e-02,3.061978872166567500e-01,4.684919097407314603e-01,5.523370156727838154e-01,5.184969869048815516e-01,4.545327559106430715e-01
8.358374678201438979e-01,1.997239361469323876e-02,3.063565634864979792e-01,4.687039788574329791e-01,5.524853254177510831e-01,5.182130302962750790e-01,4.544576994973291151e-01
8.349408774116825471e-01,2.040073679707744836e-02,3.064924266335409264e-01,4.689040811462922287e-01,5.526558792397751052e-01,5.178972026832981967e-01,4.544039274465805356e-01
8.340354408909530504e-01,2.082380457764621343e-02,3.065930316389051669e-01,4.690744819609286020e-01,5.528451571772432516e-01,5.175799770826947643e-01,4.543592520042181726e-01
8.331452746670785503e-01,2.123032214389871872e-02,3.067075415073855504e-01,4.692913739291975084e-01,5.529857665574525738e-01,5.172677448545842660e-01,4.543197425531552702e-01
8.322264483203192231e-01,2.163799602793911245e-02,3.067469066846515990e-01,4.694703298547315273e-01,5.531932811185047427e-01,5.169367229062258318e-01,4.542589873875961803e-01
8.313325291510968995e-01,2.205256621813599799e-02,3.068016462715624226e-01,4.696812235509550959e-01,5.533825064386771464e-01,5.165976949385850947e-01,4.541961816170031474e-01
8.304287567889451216e-01,2.247258489620780966e-02,3.068247136260747743e-01,4.698974216875264620e-01,5.535887447430076769e-01,5.162511240159486370e-01,4.541152846332587312e-01
8.295430192493711274e-01,2.287703529338429992e-02,3.068355555575170146e-01,4.701340198669636816e-01,5.538479215536654676e-01,5.158277838331604137e-01,4.540354397843682777e-01
8.286772201279843930e-01,2.332046364643825670e-02,3.068473853834744469e-01,4.704048495482008319e-01,5.540826878481998063e-01,5.154041771699213736e-01,4.539495420244911150e-01
8.278315576038202117e-01,2.382132152048425239e-02,3.068503052106210660e-01,4.706875588620753059e-01,5.543464506022043325e-01,5.149195879778440954e-01,4.538844043960152397e-01
8.270106587486691918e-01,2.432862038167029478e-02,3.068289609438378251e-01,4.710047151179296843e-01,5.546117653013004078e-01,5.144227397803001756e-01,4.537946594253648991e-01
8.261970927557452660e-01,2.487942473770851648e-02,3.067863280235041956e-01,4.713083511305229956e-01,5.549026840139872352e-01,5.139126714874201474e-01,4.537016811886020462e-01
8.253955415982947574e-01,2.546270456937735349e-02,3.067441606068575521e-01,4.716128122447194038e-01,5.551923401840659356e-01,5.133760687989350480e-01,4.536384383097609163e-01
8.246112433664454233e-01,2.605567602826585477e-02,3.066838690002610668e-01,4.719261368776784815e-01,5.555031534884973254e-01,5.128280089459911206e-01,4.535519827280399263e-01
8.238239187507867545e-01,2.668630380132173963e-02,3.065935128603241022e-01,4.722192015855444791e-01,5.558261365309243862e-01,5.122882902689717133e-01,4.534611772316468059e-01
8.230640862771694266e-01,2.732710038489431087e-02,3.065454000063325690e-01,4.725620326292140905e-01,5.561180955859759134e-01,5.117337459019158930e-01,4.533722117469997648e-01
8.223069836095526774e-01,2.793465913773776621e-02,3.064722641328795349e-01,4.728769292555610182e-01,5.564670754307078360e-01,5.111563549708418863e-01,4.532670123805053186e-01
8.215251721598971768e-01,2.853760029066823578e-02,3.063712589937741537e-01,4.731848766358184855e-01,5.568051142930769970e-01,5.106146303113503482e-01,4.531410779572094816e-01
8.207469101742921325e-01,2.912733382221599152e-02,3.062904108288660998e-01,4.734788797759444945e-01,5.571547281492834625e-01,5.100556658572252822e-01,4.530337482284928496e-01
8.199554987007060536e-01,2.972928841407889572e-02,3.062026114213473038e-01,4.737540208959924448e-01,5.574725672954720102e-01,5.095543583447948999e-01,4.529192204904745611e-01
8.191425676766630470e-01,3.033334253363201977e-02,3.061191203806959416e-01,4.740142501502570549e-01,5.577827697834168985e-01,5.090647548120554866e-01,4.528155781279734615e-01
8.183366590837730659e-01,3.095593841491924014e-02,3.060510946970673163e-01,4.742469628276594351e-01,5.580847738783770717e-01,5.085789323731311207e-01,4.527457045186265572e-01
8.175329388336135539e-01,3.159200732610516205e-02,3.059787820270757353e-01,4.744795036999973625e-01,5.583756602750414855e-01,5.080989354900361521e-01,4.526823326957965521e-01
8.167241245477774303e-01,3.224193046648237554e-02,3.059020174741042819e-01,4.747124205422362242e-01,5.586649413888518101e-01,5.076045462644508399e-01,4.526358643077046939e-01
8.159452154930015855e-01,3.288341346940704124e-02,3.058469997118021810e-01,4.749672015492385491e-01,5.589761406781187381e-01,5.070511142156730600e-01,4.526046831151059324e-01
8.151869223870628067e-01,3.351758053460509451e-02,3.057760405673789483e-01,4.752556383598338097e-01,5.592965763669617285e-01,5.064837445761866119e-01,4.525413067902934738e-01
8.144244144858351353e-01,3.416287913078572269e-02,3.056866410195158146e-01,4.755318111066539899e-01,5.596430080521226369e-01,5.058798683987960620e-01,4.524983523868503776e-01
8.136799022705396567e-01,3.475861594576305780e-02,3.056137503839855829e-01,4.758420963152664163e-01,5.600028965357497501e-01,5.052355531112245890e-01,4.524467826366521672e-01
8.129391376554644388e-01,3.537613408281260058e-02,3.055593156041039871e-01,4.761644418465250106e-01,5.603201427294182135e-01,5.046202538824643424e-01,4.524015487863286000e-01
8.121751291601069234e-01,3.600489222391741601e-02,3.054593241671410553e-01,4.764401372570597482e-01,5.606638072895155922e-01,5.040286949372411174e-01,4.523449629275871908e-01
8.114067330480025930e-01,3.662620228565746650e-02,3.053932356754815447e-01,4.767254765166308861e-01,5.609616240718835467e-01,5.034821097629613718e-01,4.522838063730156843e-01
8.106129084834061693e-01,3.721950672590564058e-02,3.053284033089176397e-01,4.769990776442190605e-01,5.612496281371940343e-01,5.029596008388488304e-01,4.522193878710325521e-01
8.097945272543859430e-01,3.780144196872731871e-02,3.052695776931431682e-01,4.772249714683419741e-01,5.615350832253576119e-01,5.024733698881749255e-01,4.521672140562074671e-01
8.089600401924865736e-01,3.836041267510936076e-02,3.052205293263097197e-01,4.774398984205541208e-01,5.618144852840262216e-01,5.020017496218156516e-01,4.521170986568097128e-01
8.081230098705507459e-01,3.888047772581251782e-02,3.051765727806832196e-01,4.776646201629749511e-01,5.620886069534494212e-01,5.015460269678357896e-01,4.520447891641606875e-01
8.072732320168399811e-01,3.938376486419369743e-02,3.051235999375373487e-01,4.778777390229982935e-01,5.623850768905900299e-01,5.010892205842040203e-01,4.519573927389033963e-01
8.064132542806173864e-01,3.989740261813860128e-02,3.050622751272177857e-01,4.780770847180396688e-01,5.626746842976653173e-01,5.006531251941355176e-01,4.518693936873444117e-01
8.055624905800203850e-01,4.037809850380331966e-02,3.050111161083548517e-01,4.782899999954050574e-01,5.629706879281075604e-01,5.002044804244029086e-01,4.517722415128025415e-01
8.046871591971945792e-01,4.089589211904357674e-02,3.049358098763814695e-01,4.784682523560447320e-01,5.632290719128220102e-01,4.998323043585049530e-01,4.516733460801518607e-01
8.038190068545593148e-01,4.144522030733631401e-02,3.049052744972879925e-01,4.786390189563565767e-01,5.634549427798721810e-01,4.994592284259892212e-01,4.516234007771773307e-01
8.029416901585757493e-01,4.200865411552009987e-02,3.048748320157613767e-01,4.787841101794441667e-01,5.636584279781668982e-01,4.991089359324686336e-01,4.516029478216661008e-01
8.020552133245676396e-01,4.252319624801495501e-02,3.048435924848096334e-01,4.789408856986768770e-01,5.638664307528464814e-01,4.987415946330586713e-01,4.515828806089599023e-01
8.011803873570219059e-01,4.304639308046853685e-02,3.048448561381819077e-01,4.791037614369707542e-01,5.640480373136986803e-01,4.983604578249859474e-01,4.516040870674010721e-01
8.003094144323918968e-01,4.358912916038950452e-02,3.048536176323947688e-01,4.792590102104581362e-01,5.642051112656374379e-01,4.979921260897149926e-01,4.516494613153734794e-01
7.994175334735937888e-01,4.410313775584995960e-02,3.048204839717281178e-01,4.793984805621730461e-01,5.644104817311522693e-01,4.976192429482567126e-01,4.516558357801793711e-01
7.985458511126046766e-01,4.456742526619156958e-02,3.048034750855536101e-01,4.795834647170244547e-01,5.646060072840239918e-01,4.972194094559183042e-01,4.516554170704864535e-01
7.976565573851418511e-01,4.506574453676884251e-02,3.047457687448243968e-01,4.797436601977200232e-01,5.647862961513120394e-01,4.968849371309667085e-01,4.516279657330048436e-01
7.967544501237263654e-01,4.553040860525436884e-02,3.046484978683603462e-01,4.798888432502699253e-01,5.650340375444847796e-01,4.965136923439861238e-01,4.515721291831871764e-01
7.958793514642363842e-01,4.602482391131516859e-02,3.045737179287884011e-01,4.800578425512190273e-01,5.652635771827350109e-01,4.961115230009098265e-01,4.515472432219740928e-01
7.949919791435766658e-01,4.650359162007683400e-02,3.044477407161145788e-01,4.802377985511174785e-01,5.655202348409065216e-01,4.957203685238346091e-01,4.514641038431027598e-01
7.941424233297498247e-01,4.699756653898388287e-02,3.043650320063980841e-01,4.804783858721164425e-01,5.657583752360223484e-01,4.952681998780120165e-01,4.514060165190703633e-01
7.933271205095182577e-01,4.751281105508107366e-02,3.042851579023461706e-01,4.807382670820990467e-01,5.659974616927245794e-01,4.947663143220603077e-01,4.513799797647847778e-01
7.925277717657477350e-01,4.807024511024092506e-02,3.041721143697282415e-01,4.809970830803173003e-01,5.662667367036530175e-01,4.942222598714733350e-01,4.513625447672370838e-01
7.917557096508903713e-01,4.864917135146818589e-02,3.040624275882787830e-01,4.812998660512204929e-01,5.665119462938621453e-01,4.936484836205619620e-01,4.513599763653585728e-01
7.910098374935440324e-01,4.923747914094997458e-02,3.039512218908857477e-01,4.816367858937287694e-01,5.667605622159515022e-01,4.930329214904460300e-01,4.513612853548835679e-01
7.902833659243704290e-01,4.987589185380655876e-02,3.038266423654714665e-01,4.819617732688213363e-01,5.669942760865600562e-01,4.924248092617629080e-01,4.513846998029145685e-01
7.895576784626778810e-01,5.051705783797066918e-02,3.037019169046679679e-01,4.823010481204743072e-01,5.672305052937817171e-01,4.918006770085143753e-01,4.514059668857067775e-01
7.888270593653108342e-01,5.118245229189512246e-02,3.035568217184658746e-01,4.826158180828121202e-01,5.674607015106991614e-01,4.912156122534265257e-01,4.514172644635274234e-01
7.880827827934633323e-01,5.178602975806759906e-02,3.033907884018963719e-01,4.829448325172669976e-01,5.677107068397826417e-01,4.906227593073897442e-01,4.513957799248310976e-01
7.873216456323721690e-01,5.237417727861030242e-02,3.031866947372718890e-01,4.832408997742857482e-01,5.679624991684600888e-01,4.900798648338856589e-01,4.513519230135792926e-01
7.865841363993203439e-01,5.293243549014621518e-02,3.029987008857905617e-01,4.835157745411766128e-01,5.682052039621959816e-01,4.895483194540776184e-01,4.513289098648718967e-01
7.857698661182851430e-01,5.356398739845633777e-02,3.027880929263341847e-01,4.837953191716275470e-01,5.684639577573475933e-01,4.889880990152370988e-01,4.513108207210861367e-01
7.849771741495283894e-01,5.415257420287847290e-02,3.025698919383890129e-01,4.840535968448835824e-01,5.687163588178860696e-01,4.884694603558403236e-01,4.512775253589861868e-01
7.839829319477465974e-01,5.488498456933869896e-02,3.023052524584103340e-01,4.843820026533025014e-01,5.689821392978110515e-01,4.878664658977441282e-01,4.512424094853093592e-01
7.831815943330099339e-01,5.547703363125583431e-02,3.020908723241452765e-01,4.846330185376569455e-01,5.691990217936792051e-01,4.873895172172958978e-01,4.512147708562841975e-01
7.823918271815601955e-01,5.609204596079513105e-02,3.019042800460968179e-01,4.848999748413162503e-01,5.693761024664266701e-01,4.869110476852337444e-01,4.512211209386147726e-01
7.815993007904442624e-01,5.667048336318986773e-02,3.017166203777394418e-01,4.851752265595724034e-01,5.695787569030860142e-01,4.863988944191017239e-01,4.512218464629990100e-01
7.807942053572816121e-01,5.726020785453365958e-02,3.015270027008892795e-01,4.854445215227138899e-01,5.697457089545320263e-01,4.859212142146435154e-01,4.512360992071085541e-01
7.799737324241691194e-01,5.782511668071611127e-02,3.013343478295699707e-01,4.856977031461688354e-01,5.699197147060219848e-01,4.854480311995693631e-01,4.512532204343859821e-01
7.791557397814391495e-01,5.836247835828581310e-02,3.011637960123676461e-01,4.859569344939105862e-01,5.700728770370314669e-01,4.849868010244662297e-01,4.512766064356288354e-01
7.783167954603201766e-01,5.889118158265624348e-02,3.009776353499932222e-01,4.862144021941821603e-01,5.702080500152511000e-01,4.845518221399390812e-01,4.512957638374460179e-01
7.774752290459128190e-01,5.938036258163483655e-02,3.007889027915526814e-01,4.864886182853911389e-01,5.703682677661091605e-01,4.840760950325068146e-01,4.513083176968250565e-01
7.766999775669171102e-01,5.982855057211435013e-02,3.006470531178644379e-01,4.867897050217255828e-01,5.704799115957053246e-01,4.836068874265288531e-01,4.513455793338873034e-01
7.758328771272064994e-01,6.031144643600633293e-02,3.004653682898077993e-01,4.871181156699649351e-01,5.706107734952201582e-01,4.831000460128924701e-01,4.513686210844418123e-01
7.750088234564339595e-01,6.074997094976491291e-02,3.003127754358725365e-01,4.874730658741168177e-01,5.706955192607211513e-01,4.826196607685764306e-01,4.513921769178647070e-01
7.741748579774329064e-01,6.121378041962931282e-02,3.001210326274117990e-01,4.877794577862997749e-01,5.707834452572490003e-01,4.821846533869949547e-01,4.514149080613442666e-01
7.733274364204660856e-01,6.166639848828936454e-02,2.998888530266885510e-01,4.880548087629638654e-01,5.709100495292916966e-01,4.817191075299331326e-01,4.514542284998260824e-01
7.724794459283590431e-01,6.213275258317409872e-02,2.996700489031920434e-01,4.883269188296117114e-01,5.709995849310093297e-01,4.812680289881063889e-01,4.515278270814502837e-01
7.716178951413873444e-01,6.260220028337297460e-02,2.994612897033269716e-01,4.885727728150046634e-01,5.710534828281967901e-01,4.808589734401511606e-01,4.516295086414621740e-01
7.707388317030938740e-01,6.301011608482560977e-02,2.992386828855292391e-01,4.888079099390553739e-01,5.711419460738066389e-01,4.804389544001691492e-01,4.517102120949995081e-01
7.698422841607552858e-01,6.340718563774611072e-02,2.989943768233527255e-01,4.890159780541299961e-01,5.712108277455740790e-01,4.800747372417969450e-01,4.517851371351191969e-01
7.689401389863514957e-01,6.379941823789005151e-02,2.987594224035506896e-01,4.892263506940550122e-01,5.712424474457424850e-01,4.797340400262412596e-01,4.518792923590064792e-01
7.680421375030657138e-01,6.417747589613453929e-02,2.985216149019127019e-01,4.894103020487779454e-01,5.712711813091780888e-01,4.794126517201863225e-01,4.519848482247602606e-01
7.671136456382865454e-01,6.451309349586006880e-02,2.982841319583390272e-01,4.895781733549064429e-01,5.713272553158965650e-01,4.790730345903011500e-01,4.520922550056764577e-01
7.661865008975221603e-01,6.483606701313923693e-02,2.980618914612682691e-01,4.897371657344083418e-01,5.713535087595298378e-01,4.787686534699153174e-01,4.522093021834101001e-01
7.652573566420148854e-01,6.514567239100939322e-02,2.978507782482455180e-01,4.899080636063701810e-01,5.713630174487873692e-01,4.784726086767957520e-01,4.523254959111805973e-01
7.643142290767108715e-01,6.544983524729129643e-02,2.976388383770849355e-01,4.900602406470170869e-01,5.713592243511934621e-01,4.781946288861939620e-01,4.524593840226825980e-01
7.633862215439366494e-01,6.574189191167127688e-02,2.974433250051067845e-01,4.902150449364841012e-01,5.713381072923334747e-01,4.779085587868615592e-01,4.526205765448582663e-01
7.624593238299315345e-01,6.600351125650399942e-02,2.972546075265261600e-01,4.903972416932035339e-01,5.713188606471306663e-01,4.775890391369376764e-01,4.527847330739176446e-01
7.615181045498153889e-01,6.625629274518260448e-02,2.970566707428599074e-01,4.905519519650146099e-01,5.713170721138276509e-01,4.772473064358040973e-01,4.529796839090771132e-01
7.605969426584412441e-01,6.651878905230590444e-02,2.968941172946900631e-01,4.907345349641394350e-01,5.712388592593479197e-01,4.769466199427865316e-01,4.531972016581303220e-01
7.596113203567536054e-01,6.679549520708599752e-02,2.966872200797995851e-01,4.908830857360348965e-01,5.711852516807816027e-01,4.766506017775899440e-01,4.534152712753420911e-01
7.587190076323366839e-01,6.701827437008314736e-02,2.965093252028853654e-01,4.910258487744200706e-01,5.711343411186943220e-01,4.763715008026188080e-01,4.536180920701198271e-01
7.577793322039934054e-01,6.724319207637499685e-02,2.963037520313666073e-01,4.911529945204720637e-01,5.710878897023743406e-01,4.760932951621969500e-01,4.538309514681242995e-01
7.567706927436511632e-01,6.747393052134929847e-02,2.960524502815877201e-01,4.912487212771852740e-01,5.710442139595490740e-01,4.758343131052390484e-01,4.540538580592795581e-01
7.558604218523741203e-01,6.765891721193709185e-02,2.958286195167604826e-01,4.913528722042950214e-01,5.709851345087451069e-01,4.756283865338160610e-01,4.542311846074186810e-01
7.548936403966004516e-01,6.783547235853268353e-02,2.955788549388775888e-01,4.914385853319846453e-01,5.709528433637230949e-01,4.754083451291969409e-01,4.544093670725723455e-01
7.539155041232238341e-01,6.798096079893221899e-02,2.953267750040776685e-01,4.915345139407211739e-01,5.709214297023527118e-01,4.751828318515635141e-01,4.545809268163473749e-01
7.529462946233316245e-01,6.812272193906185325e-02,2.950758243308995721e-01,4.916046923243138633e-01,5.708969989826037095e-01,4.749513301155930400e-01,4.547776127502350385e-01
7.519686052814480437e-01,6.826701923435904429e-02,2.948295804696542399e-01,4.916829703358486237e-01,5.708376248780057116e-01,4.747382734497684331e-01,4.549899278305916672e-01
7.509954134966370098e-01,6.840127659036734920e-02,2.945990422988539748e-01,4.917782795673457663e-01,5.707564625552765669e-01,4.745216653515034189e-01,4.552146453149376049e-01
7.500422582945867056e-01,6.852408412161320461e-02,2.943961464426869679e-01,4.918907423208002672e-01,5.706495304195371432e-01,4.742851696216119906e-01,4.554735875196853079e-01
7.490792232855443267e-01,6.862088677514627255e-02,2.941764190208855934e-01,4.919984078602291921e-01,5.705549645872203257e-01,4.740379090083558511e-01,4.557331015746615699e-01
7.480922592358081324e-01,6.871422247100855696e-02,2.939694314144156162e-01,4.921205375198207110e-01,5.704479844163548030e-01,4.737499458766573079e-01,4.560344969499402490e-01
7.471900284639074741e-01,6.878153954136102810e-02,2.937693371820093713e-01,4.922322912514716098e-01,5.703476309059992699e-01,4.735004019640269846e-01,4.562984995692461743e-01
7.462424405697682950e-01,6.883504478233623547e-02,2.935310631895676203e-01,4.923498810072702292e-01,5.702376819526999707e-01,4.732477232268934575e-01,4.565711042257271646e-01
7.452980888218948552e-01,6.887361440019600101e-02,2.932680969014432315e-01,4.924449063010089556e-01,5.701499113402794805e-01,4.729697986683387700e-01,4.568661318203541821e-01
7.443436142263915034e-01,6.888521701558671106e-02,2.929936038454933889e-01,4.925392836373554961e-01,5.700511139678948735e-01,4.727190274450802088e-01,4.571471345522580831e-01
7.433942940311429881e-01,6.889530214526695673e-02,2.927071613883536205e-01,4.926109812340944138e-01,5.699405759751177136e-01,4.724914103908641749e-01,4.574429233593912403e-01
7.423769324218689736e-01,6.888220934954969454e-02,2.923430852756703779e-01,4.926351221745985942e-01,5.698415738753914717e-01,4.722977447554802533e-01,4.577401636104511673e-01
7.414569624812280546e-01,6.886790910396793641e-02,2.920321652799999779e-01,4.926471344513019268e-01,5.697240183414592485e-01,4.721245043190194779e-01,4.580521763547268921e-01
7.405083071353266710e-01,6.882187627923698481e-02,2.917384566211734254e-01,4.926699779296470627e-01,5.695837246658022046e-01,4.719246057906725800e-01,4.584079404765486476e-01
7.395029961253688500e-01,6.875600294444819682e-02,2.914197017835358228e-01,4.926636968431633568e-01,5.694445145193521851e-01,4.716981994368311115e-01,4.588204826996048480e-01
7.386161267228572580e-01,6.867399856189253249e-02,2.911253605740869999e-01,4.926477958644470689e-01,5.693047933052437504e-01,4.714913509803083658e-01,4.592233742965828314e-01
7.377013493489821272e-01,6.858673646135701740e-02,2.908145627043097203e-01,4.926096402939733054e-01,5.690967194881106916e-01,4.713110937826129332e-01,4.597069925884855746e-01
7.367823318522165321e-01,6.846785666266774761e-02,2.904616419925033499e-01,4.925236475130944092e-01,5.689016950702505682e-01,4.711418584549447175e-01,4.602137190460683924e-01
7.358856931319296413e-01,6.832030032935929031e-02,2.901151298785124011e-01,4.924456847677681770e-01,5.686770358624229083e-01,4.709788018379730823e-01,4.607414075765274841e-01
7.349760001445966306e-01,6.811970860621913149e-02,2.897296634052815567e-01,4.923191202055616777e-01,5.684923478454173562e-01,4.708173259141276157e-01,4.612693138940597293e-01
7.340564197002155122e-01,6.788366887064077593e-02,2.893505104173249021e-01,4.921974167070792272e-01,5.682661707827494357e-01,4.706368601866370849e-01,4.618616762240103091e-01
7.331895061175114359e-01,6.761360791679582594e-02,2.889519832304668356e-01,4.920340775839273650e-01,5.680609475568398903e-01,4.704876098830326758e-01,4.624398720952923036e-01
7.324028251408172263e-01,6.731386267045755267e-02,2.886052380943724405e-01,4.918847797831428226e-01,5.678238650329658910e-01,4.703273292050191290e-01,4.630525079508659436e-01
7.316306808461068290e-01,6.694520384090107967e-02,2.882371751654192460e-01,4.917003934574147306e-01,5.675774725080037220e-01,4.701136333775521314e-01,4.637668676046253213e-01
7.309100031797031161e-01,6.653103215513309077e-02,2.878461689503313270e-01,4.914639327686814441e-01,5.673032594011688801e-01,4.698977248296289377e-01,4.645711386432537782e-01
7.302794917352302129e-01,6.600400876356316004e-02,2.874354157220753159e-01,4.911829770610762758e-01,5.670542095892308065e-01,4.696250932607227702e-01,4.654471809049962050e-01
7.297729200231315438e-01,6.538528844092732217e-02,2.869679358568504313e-01,4.908262480088143587e-01,5.668053982167983174e-01,4.693498676834825800e-01,4.664031909446845758e-01
7.294051238360458322e-01,6.467311038547896018e-02,2.864308528156541134e-01,4.903578897806279424e-01,5.666302038090925697e-01,4.690346131539274710e-01,4.674247358930648244e-01
7.292044684195517767e-01,6.388677615694507428e-02,2.858696826114813239e-01,4.898074863873351226e-01,5.664896421502372270e-01,4.687169922512119391e-01,4.684895866402944975e-01
7.291784664853114828e-01,6.304361637999887635e-02,2.853059607836164191e-01,4.891836299631980856e-01,5.664269154563711384e-01,4.683969884216316326e-01,4.695361401001587054e-01
7.293048263380315088e-01,6.215463473206590816e-02,2.847577464684361015e-01,4.885151565758146797e-01,5.664356546184978747e-01,4.680719940668686130e-01,4.705445774237402290e-01
7.295358267300110500e-01,6.120561225447819498e-02,2.842144007351031232e-01,4.878450780305524370e-01,5.665339927740368209e-01,4.677705576930016318e-01,4.714203222480445321e-01
7.299061078695532334e-01,6.023450862335125167e-02,2.837688436443294160e-01,4.872270710801394067e-01,5.666213475647428055e-01,4.674864256550973485e-01,4.722356101765353142e-01
7.303293444226525155e-01,5.930208852231826783e-02,2.833813081108205179e-01,4.866015194997955762e-01,5.666804912771006286e-01,4.672525663114124317e-01,4.730404013420344000e-01
7.307888106304375464e-01,5.840266353777702479e-02,2.830734008857098694e-01,4.859885393690196453e-01,5.666901751534718645e-01,4.670527063901730447e-01,4.738556261564368932e-01
7.312695882630353417e-01,5.756497183812204349e-02,2.828465156269553415e-01,4.853457115683532108e-01,5.666539759255345698e-01,4.668688570669472515e-01,4.747381195259075537e-01
7.317535275208687517e-01,5.676466147919949357e-02,2.826654021655342630e-01,4.846921996564774737e-01,5.665919725449909405e-01,4.667009607368750590e-01,4.756440070967146716e-01
7.322560473189803076e-01,5.599438392267692272e-02,2.825340101083712030e-01,4.840507086870638465e-01,5.664953406241447498e-01,4.665467146839279433e-01,4.765628012007640524e-01
7.327695963900134890e-01,5.520951865581280593e-02,2.824009213268146579e-01,4.834179133731834055e-01,5.664346533631682279e-01,4.663733218613381748e-01,4.774461531474364917e-01
7.333252716712447272e-01,5.436964934010906497e-02,2.822449376023287160e-01,4.827632895724508488e-01,5.663784335741186560e-01,4.662480148739447383e-01,4.782968375908619452e-01
7.338373754855233022e-01,5.361005576183378030e-02,2.821016386461293601e-01,4.821434725644141439e-01,5.663588361670172100e-01,4.661669923677955740e-01,4.790236693377825650e-01
7.343857581336055151e-01,5.279534776002296759e-02,2.819622757801282242e-01,4.815229961281931592e-01,5.663392023619144844e-01,4.661259057397889038e-01,4.797104877590857575e-01
7.349431915127488946e-01,5.197440409730885030e-02,2.818426013621939119e-01,4.809110945171695128e-01,5.663156661930807134e-01,4.661273166501552767e-01,4.803502993307185442e-01
7.354908206371304491e-01,5.111599863127773424e-02,2.817478685890140166e-01,4.803074664968367546e-01,5.662965009633686986e-01,4.661637497227181792e-01,4.809411284850677593e-01
7.360035218145948299e-01,5.021643732756916195e-02,2.816861685321431774e-01,4.796945164041369614e-01,5.662763472289864541e-01,4.662368516764381354e-01,4.815054180792157634e-01
7.364750712623231443e-01,4.928861646473233632e-02,2.816539091274411488e-01,4.790313718076190663e-01,5.662789629787756684e-01,4.663111428965592831e-01,4.820902393974572098e-01
7.369005424567329765e-01,4.832400967156039173e-02,2.816349053499973554e-01,4.783591026033798266e-01,5.662892803485000126e-01,4.664087684381197363e-01,4.826508889900686383e-01
7.373075786168588053e-01,4.734477536723016161e-02,2.816169277310627272e-01,4.776472150683772622e-01,5.663116310474977100e-01,4.665298503524679119e-01,4.832123479463763527e-01
7.376976239083009590e-01,4.639255620315542450e-02,2.816008212233245267e-01,4.769158319575667604e-01,5.663312663952743131e-01,4.666788018086882039e-01,4.837675907641540429e-01
7.380957658657337772e-01,4.548395401393222348e-02,2.816547548973551973e-01,4.761677009552638395e-01,5.663177476332428295e-01,4.668292472898531997e-01,4.843748374527499512e-01
7.385000921357616210e-01,4.461307153803617531e-02,2.817046405078766913e-01,4.754152253629720382e-01,5.662918976892528100e-01,4.670192945387837691e-01,4.849606464787388216e-01
7.389550240302262818e-01,4.374305100776902655e-02,2.817796589810040997e-01,4.746511407625806367e-01,5.662254482699765612e-01,4.672136843868603950e-01,4.855990212365549619e-01
7.394096104405116776e-01,4.297089112070953676e-02,2.818551914974011807e-01,4.740179723539326151e-01,5.661504058077456714e-01,4.673780936957059318e-01,4.861464773322534128e-01
7.399396440337075997e-01,4.216657592040284203e-02,2.819506159576282700e-01,4.734147940713931413e-01,5.660337403136247447e-01,4.675617290891658229e-01,4.866931960404395907e-01
7.405074290553925742e-01,4.137361424715304409e-02,2.820514139277453536e-01,4.728492337089686970e-01,5.658906319169570986e-01,4.677667786976562048e-01,4.872121053876699026e-01
7.411434302859239986e-01,4.054084265367464968e-02,2.821002729266604003e-01,4.722354439094741951e-01,5.657122786623849375e-01,4.680665431669979171e-01,4.877263725224739721e-01
7.416969368190581280e-01,3.980022659987267342e-02,2.821614532008944187e-01,4.717483008697666014e-01,5.655324459884716326e-01,4.683211247046148440e-01,4.881617737146051184e-01
7.422385796469139763e-01,3.903857387650565280e-02,2.822108381889386619e-01,4.712461674213976326e-01,5.653657794180130258e-01,4.685853951974241483e-01,4.885860339401654207e-01
7.427939827995302391e-01,3.821263776196785755e-02,2.822667831561734286e-01,4.707351202831721038e-01,5.651757687451139933e-01,4.688853739661024700e-01,4.890105346881855608e-01
7.433297543455692491e-01,3.731685333439706265e-02,2.823073246488044252e-01,4.702303657886673371e-01,5.650450461275747793e-01,4.691553734823971089e-01,4.893881225260124368e-01
7.438637247995781854e-01,3.640223857003583446e-02,2.823462316845883335e-01,4.697032544872104531e-01,5.649559046612613322e-01,4.694030962663403028e-01,4.897595448054805067e-01
7.444082653408887751e-01,3.551360288043942798e-02,2.823986990966353972e-01,4.691990884112675064e-01,5.648402615820971029e-01,4.696798827692931777e-01,4.901107038738563015e-01
7.449663545059396208e-01,3.461513909446650716e-02,2.824444631101435954e-01,4.687039556438808430e-01,5.647501164289384645e-01,4.699581029020528100e-01,4.904215426283626833e-01
7.455758051546508280e-01,3.375322491404442182e-02,2.825051520452422915e-01,4.681529469414918987e-01,5.646331005242205547e-01,4.702794561333625278e-01,4.907744015342598853e-01
7.461894945066371854e-01,3.298381876788934741e-02,2.825806715693014448e-01,4.676221408848596495e-01,5.645050552815449318e-01,4.705963942405391176e-01,4.911238231277764710e-01
7.467917768525176303e-01,3.229368430891078889e-02,2.826719549141987753e-01,4.671385174063072410e-01,5.643638322030524179e-01,4.708831369511112253e-01,4.914714048564810533e-01
7.474445895333594603e-01,3.161584028847767847e-02,2.827644043458877876e-01,4.666273414532787212e-01,5.641995138822673006e-01,4.711976491850754512e-01,4.918440892658130781e-01
7.481144472710545834e-01,3.094481483790566603e-02,2.828462774324165263e-01,4.660986555040718127e-01,5.640678074796734442e-01,4.714811402388917605e-01,4.922246299215480847e-01
7.488082007151383168e-01,3.022518969575448827e-02,2.829356898273877041e-01,4.656422173397887776e-01,5.639127897323664707e-01,4.717737584445962362e-01,4.925537654410983013e-01
7.495410606014479837e-01,2.947654332982384967e-02,2.830243113376131880e-01,4.651576798943098945e-01,5.637503158168486461e-01,4.720818570336763886e-01,4.929022565492894858e-01
7.502389309733570322e-01,2.876328492186853644e-02,2.831062464063995310e-01,4.646970633961345354e-01,5.636010826828219411e-01,4.723783758186098081e-01,4.932232039642215349e-01
7.509263407144212144e-01,2.805598996844349199e-02,2.831793444849368124e-01,4.642000506846218344e-01,5.634805431464259273e-01,4.726698627462737057e-01,4.935495834171295670e-01
7.515902147933742894e-01,2.740722395774863873e-02,2.832663886857940683e-01,4.637557914974956841e-01,5.633334261450336777e-01,4.729681853076418419e-01,4.938492811850851982e-01
7.523472632552520301e-01,2.667622857641877357e-02,2.833515794155914147e-01,4.632878714887833649e-01,5.632177257924767533e-01,4.732515351066189369e-01,4.941488905216440131e-01
7.530645848900512362e-01,2.601225860335305839e-02,2.834203794381217612e-01,4.629019085583921944e-01,5.631253066351323833e-01,4.734985144688200198e-01,4.943792763414608937e-01
7.538284332147879852e-01,2.532127340074945623e-02,2.834857950848239105e-01,4.625049652093358721e-01,5.630818023038606235e-01,4.737029320561144674e-01,4.946044613955553060e-01
7.546250549664924590e-01,2.468082951312114068e-02,2.835698454634584809e-01,4.621253819840447363e-01,5.630162482021913162e-01,4.739088018487702669e-01,4.948366226510446664e-01
7.554377390508573153e-01,2.404503740145192553e-02,2.836396415373758639e-01,4.617751904525727036e-01,5.629411175954797120e-01,4.741455366272713801e-01,4.950222032386823456e-01
7.562551399102532823e-01,2.351396706098049516e-02,2.837099595316203704e-01,4.613712660461656290e-01,5.628478460635177871e-01,4.744138680066619096e-01,4.952477550596010580e-01
7.570903045884420646e-01,2.300176200906339091e-02,2.838050828546040405e-01,4.609970865896810821e-01,5.627363293889107165e-01,4.746719667524482156e-01,4.954755631926605064e-01
7.579267240902054503e-01,2.251855815516119394e-02,2.838944351858226356e-01,4.605889582555504624e-01,5.626201422314580647e-01,4.749472551297123646e-01,4.957232009229271541e-01
7.587534391316815841e-01,2.202994711661550309e-02,2.839751389965256001e-01,4.601770711745647446e-01,5.625119580775808092e-01,4.752354325896585574e-01,4.959522595938499201e-01
7.595817482556157518e-01,2.155464231494761546e-02,2.840678305943312165e-01,4.597734735249035531e-01,5.623741178776014982e-01,4.755513199958264492e-01,4.961800546519998800e-01
7.604534921829639860e-01,2.101147911160111681e-02,2.841615531559116281e-01,4.593440021762558167e-01,5.622932095154307142e-01,4.758353452340233214e-01,4.963971780978953530e-01
7.612752405581368897e-01,2.045802991476892985e-02,2.842398401820737108e-01,4.589624443098839768e-01,5.622320241655532902e-01,4.761116316574735552e-01,4.965544682270610632e-01
7.621285975342633190e-01,1.987423018128747082e-02,2.843567848587059688e-01,4.586489019381641552e-01,5.621768086881334670e-01,4.763368446252320143e-01,4.966906793736114434e-01
7.630008815285571622e-01,1.931381198851735148e-02,2.844692782718724611e-01,4.583321568732126594e-01,5.621546955442089377e-01,4.765474275955896011e-01,4.968060803830532945e-01
7.638706687285329311e-01,1.878779764297292335e-02,2.845739507345306230e-01,4.580161285991331543e-01,5.621367811015433036e-01,4.767681501585807058e-01,4.969060235801361913e-01
7.647520333592375819e-01,1.831189100364951847e-02,2.846924196111940142e-01,4.577014796373608529e-01,5.621083864976941236e-01,4.769994169692814423e-01,4.970061102015697063e-01
7.656381650151526941e-01,1.787950115782978994e-02,2.848093670982260184e-01,4.573794459021134906e-01,5.620581111741203006e-01,4.772831903061611758e-01,4.970869927697049162e-01
7.665222195940510908e-01,1.746216818521071495e-02,2.849217677312336217e-01,4.570573856841327332e-01,5.620230298361239551e-01,4.775534783286102813e-01,4.971632885296892179e-01
7.674314737732639280e-01,1.710029575657348588e-02,2.850387301488402914e-01,4.567314109528362587e-01,5.619741421322806962e-01,4.778292380174981036e-01,4.972531559671953261e-01
7.683048119031178347e-01,1.676882591599934344e-02,2.851602994856397566e-01,4.564517432042211609e-01,5.619130792552722298e-01,4.780792795575133924e-01,4.973386169859073669e-01
7.692249676650830814e-01,1.644356714920185147e-02,2.852952324586127131e-01,4.561765798520446280e-01,5.618453115352214366e-01,4.783259456763692130e-01,4.974304610628387247e-01
7.701599979498860993e-01,1.613959898497388176e-02,2.854370838806049582e-01,4.558781838518110030e-01,5.617695643077450507e-01,4.785884215542912101e-01,4.975370949583888258e-01
7.710658252600137708e-01,1.582977751601206615e-02,2.855488844600403420e-01,4.555599554298162546e-01,5.617228059781014249e-01,4.788585280529069621e-01,4.976214689539380509e-01
7.719797672537054289e-01,1.547415984070165187e-02,2.856592228816496326e-01,4.552634583365869902e-01,5.617103252197203078e-01,4.791090133703237441e-01,4.976657988573070512e-01
7.729876060724079068e-01,1.507045679568855615e-02,2.857826000388440923e-01,4.549657378213575187e-01,5.617025573718787967e-01,4.793839491183880530e-01,4.976820709832912581e-01
7.738654853053181792e-01,1.472206538545514989e-02,2.858952501415428227e-01,4.547511356482933920e-01,5.616926510659325800e-01,4.796093879799882553e-01,4.976721866114009463e-01
7.748205460322992177e-01,1.438176263898725132e-02,2.860386136462361728e-01,4.545501236834377790e-01,5.616746448252751822e-01,4.798344437252693995e-01,4.976592057167570915e-01
7.757702400595074543e-01,1.401798689050356983e-02,2.861676927958529681e-01,4.543801714345503950e-01,5.617090994332635256e-01,4.800059884532606458e-01,4.976100867848127773e-01
7.767267215413011794e-01,1.372931473218282072e-02,2.863039528689023117e-01,4.541792333336077681e-01,5.617118815048326441e-01,4.802295128189850160e-01,4.975747192155539622e-01
7.776864955506352928e-01,1.343652596780530069e-02,2.864673787529526949e-01,4.539805437676980859e-01,5.617302420224173920e-01,4.804361644240607854e-01,4.975358208122491743e-01
7.786249980983604990e-01,1.320101521450128129e-02,2.866295762163763028e-01,4.537290641014482540e-01,5.617262243054835791e-01,4.807223719311144450e-01,4.974933029117605265e-01
7.795807092068138822e-01,1.296202799662272281e-02,2.868375069357678164e-01,4.534868363354206955e-01,5.617379850318874324e-01,4.809763104564964697e-01,4.974554394339883445e-01
7.805242098057110223e-01,1.279545266624366670e-02,2.870520763092796468e-01,4.532291561099659472e-01,5.617284967015774289e-01,4.812572389845248266e-01,4.974292894173261148e-01
7.814408889987707330e-01,1.264348242336843509e-02,2.872949247770383296e-01,4.530021405704668380e-01,5.617248023847271066e-01,4.814856949539456643e-01,4.974191719054768535e-01
7.824248308969965482e-01,1.247205247591245611e-02,2.875564203896567861e-01,4.527574145421985885e-01,5.617694153952821345e-01,4.817157844684393786e-01,4.973688274283610267e-01
7.833080211051284270e-01,1.232281303997296781e-02,2.877816526494272886e-01,4.525520786897213599e-01,5.618157950353797059e-01,4.819992285412294519e-01,4.972286920603395943e-01
7.841419271428354820e-01,1.217671112493986726e-02,2.879928904771649201e-01,4.523812876108396219e-01,5.618987700053801326e-01,4.822652915359501025e-01,4.970323243670824453e-01
7.849160735391995658e-01,1.201569204450262177e-02,2.882077443986538756e-01,4.522477194373567544e-01,5.620341392874583786e-01,4.825018701912697772e-01,4.967711463048581910e-01
7.855724562311272585e-01,1.190356521333607587e-02,2.884865421069402469e-01,4.521415218013566939e-01,5.621732947421609339e-01,4.827037685590501725e-01,4.965141516218722906e-01
7.859595686644800239e-01,1.180995506319235284e-02,2.887935490405992844e-01,4.520766145004654346e-01,5.623042864146372555e-01,4.828833938314220919e-01,4.962501909958032531e-01
7.861216867210085724e-01,1.172106286501396755e-02,2.890635112772014237e-01,4.520721822394931921e-01,5.623900521122829899e-01,4.830226165207286426e-01,4.960214947558576060e-01
7.861670469228758673e-01,1.164468438908891103e-02,2.892608594073572403e-01,4.521003104539855766e-01,5.624275002484770969e-01,4.831102273223876753e-01,4.958680515098446984e-01
7.861992552659042843e-01,1.161151187844548620e-02,2.894575339213634746e-01,4.521609216982380719e-01,5.624002161618965046e-01,4.831047862616033584e-01,4.958490327117542340e-01
7.862253914343957373e-01,1.159749815248329284e-02,2.895786374075763336e-01,4.522124189063947419e-01,5.623655474092045248e-01,4.830631934421685258e-01,4.958819117647135233e-01
7.862276434016811644e-01,1.161929043869538644e-02,2.895907986230663034e-01,4.522119155918634670e-01,5.623538384797106549e-01,4.830699273677352412e-01,4.958890894310981068e-01
7.862060194202317165e-01,1.165393190441525034e-02,2.895458114872132560e-01,4.521693663996810275e-01,5.623724457091908713e-01,4.831088401263009535e-01,4.958688788264438152e-01
7.861752836799463795e-01,1.168141096516798344e-02,2.894777678215267880e-01,4.521120312929094998e-01,5.624084821288971581e-01,4.831564452182501856e-01,4.958339034734648987e-01
7.861551990638486753e-01,1.170698579588476743e-02,2.894394242064835532e-01,4.520741033054522795e-01,5.624268852821453502e-01,4.831804756839871429e-01,4.958241943977643174e-01
7.861400539994246595e-01,1.173778211940944977e-02,2.894180058464715932e-01,4.520412999798786857e-01,5.624360225480827813e-01,4.831954324701506209e-01,4.958291618014999402e-01
7.861382597274280126e-01,1.176147180641210280e-02,2.894157862814756288e-01,4.520206486518685285e-01,5.624350887695854784e-01,4.831984790959288345e-01,4.958460788515663964e-01
7.861384540883888938e-01,1.178428043467901962e-02,2.894094630334025364e-01,4.520052636013156544e-01,5.624300649532556484e-01,4.832083802946354201e-01,4.958561534622885625e-01
7.861343822850503926e-01,1.179813959426154017e-02,2.893911016937964487e-01,4.519956031880342229e-01,5.624276606065252704e-01,4.832269739853319868e-01,4.958495668005929446e-01
7.861338458953261998e-01,1.178827730063559606e-02,2.893830209759896688e-01,4.520038347665772394e-01,5.624247449557426837e-01,4.832367954439044655e-01,4.958357985733611306e-01
7.861356147800101501e-01,1.176582848113866611e-02,2.893836488210290159e-01,4.520206772315715771e-01,5.624220211055530605e-01,4.832382095644248143e-01,4.958221559668600231e-01
7.861368257423662076e-01,1.173963901199254027e-02,2.893864115568002271e-01,4.520373339917445610e-01,5.624229594905463259e-01,4.832323773818406054e-01,4.958115899869886545e-01
7.861358296568439208e-01,1.172680053418775903e-02,2.893855431729511207e-01,4.520445285013441339e-01,5.624253235719359756e-01,4.832295635568661929e-01,4.958050913026622597e-01
7.861344950475857019e-01,1.172325144289817524e-02,2.893847469620578483e-01,4.520473212523908324e-01,5.624266625538260067e-01,4.832270659975038130e-01,4.958034603394239070e-01
7.861342262428743233e-01,1.172957729154730164e-02,2.893877575232117749e-01,4.520481719812746713e-01,5.624201119586447195e-01,4.832276873117434812e-01,4.958095098807177581e-01
7.861309276774680610e-01,1.175144814402092654e-02,2.893906853555151537e-01,4.520412526345782278e-01,5.624066453581989533e-01,4.832354861937294133e-01,4.958234928445891532e-01
7.861299102152301543e-01,1.181481957068346474e-02,2.894001971803538131e-01,4.520163523322331955e-01,5.623794983703523931e-01,4.832488421101870379e-01,4.958639668660514976e-01
7.861305951284121019e-01,1.187526438833083967e-02,2.894144041798710210e-01,4.519969974484606134e-01,5.623545543700062543e-01,4.832539373606267175e-01,4.959049319197575967e-01
7.861321476546014875e-01,1.188493405959234125e-02,2.894262348704331189e-01,4.519995523053291775e-01,5.623453470959943745e-01,4.832449772246866226e-01,4.959217753863806588e-01
7.861317576587230072e-01,1.188578582397789574e-02,2.894337842407345707e-01,4.520039435310923004e-01,5.623449783655980472e-01,4.832320723491199677e-01,4.959307659265667634e-01
7.860736363507143665e-01,1.182317841919162775e-02,2.894027715036969761e-01,4.520168349764044913e-01,5.623932600661185610e-01,4.832230723653103688e-01,4.958730324023953306e-01
7.858810319999023353e-01,1.176119146848325810e-02,2.894892758717920733e-01,4.520694202928471905e-01,5.624698557280383149e-01,4.831970016467554974e-01,4.957636112432560749e-01
7.854933183849507339e-01,1.175566762326379563e-02,2.897050855607760655e-01,4.521051450568323027e-01,5.626280308484711279e-01,4.831588802539875660e-01,4.955886733455730497e-01
7.848626407606528188e-01,1.180478972927389777e-02,2.899534096011553430e-01,4.520928599150133009e-01,5.628898162158324503e-01,4.831707713525204007e-01,4.952909311959798888e-01
7.840470454377943543e-01,1.190570910524491738e-02,2.902491836398687908e-01,4.520358838728901762e-01,5.631819409073850480e-01,4.832192051682896450e-01,4.949634944958790639e-01
7.831380915098618001e-01,1.199532564294272449e-02,2.905920906304493290e-01,4.519966835456594167e-01,5.634205449515556907e-01,4.832665849398974922e-01,4.946814080504198796e-01
7.822129825346688659e-01,1.206690781772446798e-02,2.909818578369635644e-01,4.520096904927795589e-01,5.635557706710215831e-01,4.832525095720575647e-01,4.945292155538650314e-01
7.812614251466093451e-01,1.216216317329618136e-02,2.913217499285690182e-01,4.519813289788716659e-01,5.636376465646553147e-01,4.832187814725256714e-01,4.944947834525224017e-01
7.803076977811702619e-01,1.228127245461770045e-02,2.915904514699421690e-01,4.519212783747694195e-01,5.636583897675431221e-01,4.832358755706827602e-01,4.945093187779275867e-01
7.793228978609946234e-01,1.242159996317268589e-02,2.917741322477203081e-01,4.518232781252805030e-01,5.636535467117248510e-01,4.832955238863448910e-01,4.945460961476112471e-01
7.783296188607768951e-01,1.255855431910068987e-02,2.919060556343952562e-01,4.516984315594223531e-01,5.636471992210970727e-01,4.833619701027954130e-01,4.946024338752438854e-01
7.773259533802967525e-01,1.264785553859930703e-02,2.920197717002667726e-01,4.515813852493347769e-01,5.636444000865289405e-01,4.834370689876844596e-01,4.946391038686541730e-01
7.763249965907200734e-01,1.266173811039570871e-02,2.921275648384328294e-01,4.515043486357073754e-01,5.636531257364472136e-01,4.834887590167757931e-01,4.946489633214616877e-01
7.753221244884066499e-01,1.267443664142767733e-02,2.922342064629371294e-01,4.514356398941633541e-01,5.636543504748101618e-01,4.835485145294705633e-01,4.946518678025078053e-01
7.743238357489135026e-01,1.264509786616773053e-02,2.923518051778308813e-01,4.513950072792859425e-01,5.636679639954285115e-01,4.835663561561170942e-01,4.946559945684242399e-01
7.733387962519711056e-01,1.260929114096083319e-02,2.924880765536522764e-01,4.513569318306517308e-01,5.636878335357605740e-01,4.835770539718674543e-01,4.946576384572168861e-01
7.723422646557268623e-01,1.256882581659393705e-02,2.926126017446889493e-01,4.513176330053887964e-01,5.637087037886837626e-01,4.835859775401603056e-01,4.946609886961197411e-01
7.713623438799439569e-01,1.249306575464771002e-02,2.927591874300090602e-01,4.513073432342105118e-01,5.637234442742068419e-01,4.835763194321293645e-01,4.946630202501285378e-01
7.703699561723169609e-01,1.239952089843753512e-02,2.928979737481919865e-01,4.513045197454654822e-01,5.637399338055539832e-01,4.835673372177514140e-01,4.946555850956884104e-01
7.693919478254891420e-01,1.236598963089943423e-02,2.930496114857057410e-01,4.512718793986797428e-01,5.637334056805347604e-01,4.835846932295587153e-01,4.946758359348902290e-01
7.684033326663680663e-01,1.238162740776796965e-02,2.931899052962569918e-01,4.512061691050410217e-01,5.637166969965372587e-01,4.836162751503746415e-01,4.947239400903745699e-01
7.674278131738490050e-01,1.238920909569459286e-02,2.933390761934385749e-01,4.511422084029865776e-01,5.637058267855128424e-01,4.836289420648556825e-01,4.947822703397586896e-01
7.664375348549419265e-01,1.244174119999130745e-02,2.934858184568697737e-01,4.510537409074202864e-01,5.636733050718925053e-01,4.836619748504943916e-01,4.948676813517636774e-01
7.654523195795057688e-01,1.246074315368887048e-02,2.936121377338391514e-01,4.509781770780321719e-01,5.636565443172893985e-01,4.836970250503897506e-01,4.949213794180538084e-01
7.644558945162829300e-01,1.248581264098105360e-02,2.937411296262683602e-01,4.509037891287798749e-01,5.636261351242916051e-01,4.837489585001513159e-01,4.949730274511748296e-01
7.634641393411067956e-01,1.249898951576917244e-02,2.938633556781337086e-01,4.508303192272714033e-01,5.636121051076009580e-01,4.837857947926804680e-01,4.950199218197481876e-01
7.624749522379633548e-01,1.248556235314721846e-02,2.940038188885545356e-01,4.507716796266817982e-01,5.635958128761008323e-01,4.838171301336025021e-01,4.950612458518158787e-01
7.614938483315625284e-01,1.245197113303622878e-02,2.941398258518633790e-01,4.507223802750311425e-01,5.635915347832111122e-01,4.838440625147132912e-01,4.950846806448096493e-01
7.605203596335864402e-01,1.241356597516932170e-02,2.942899907382431901e-01,4.506816199839033255e-01,5.635873613810469251e-01,4.838624232122367141e-01,4.951085930413813285e-01
7.595456984368909037e-01,1.235217759075905170e-02,2.944361690404703746e-01,4.506464808436589364e-01,5.636033589003593969e-01,4.838644457988784953e-01,4.951203906437326996e-01
7.585773020726225280e-01,1.231796643677334109e-02,2.946033860277558758e-01,4.505959760975231099e-01,5.636115398410197486e-01,4.838594923588492858e-01,4.951618827585497762e-01
7.576075620988200754e-01,1.228180959113954820e-02,2.947577278656335897e-01,4.505136972371276416e-01,5.636602467663803795e-01,4.838541306613772242e-01,4.951865457167829443e-01
7.568135820236392419e-01,1.227035664705962772e-02,2.949574321156773204e-01,4.503960857208244573e-01,5.637110574173758160e-01,4.838179195354389006e-01,4.952710676479530338e-01
7.563531711392279533e-01,1.226584177394053100e-02,2.950089980347144758e-01,4.501978426745425477e-01,5.638451735332034032e-01,4.837941135132339809e-01,4.953218937867009397e-01
7.561577188557960794e-01,1.227020790992293907e-02,2.950430290564645119e-01,4.499836033174182681e-01,5.640107956402150569e-01,4.836773038800418756e-01,4.954420701334290023e-01
7.561534107958851614e-01,1.228643690219488084e-02,2.951079720732069367e-01,4.498460793586030460e-01,5.641174156800514705e-01,4.835076963987918197e-01,4.956110912149635506e-01
7.561631301780535885e-01,1.230054158750285703e-02,2.951158369670080495e-01,4.497402675600200572e-01,5.642049684417170807e-01,4.833987665493554298e-01,4.957137054987326708e-01
7.561636242453806389e-01,1.231056791594000929e-02,2.950974866414645126e-01,4.496598797423923544e-01,5.642782597921861543e-01,4.833346517793720154e-01,4.957657233666651897e-01
7.561648962818706687e-01,1.228543839629417725e-02,2.950700707641387699e-01,4.496508066729747455e-01,5.643100447380590134e-01,4.833238334781101431e-01,4.957483206810662790e-01
7.561855963666321845e-01,1.222116284666248734e-02,2.950728636874667132e-01,4.496959776019062160e-01,5.643166175433547149e-01,4.833086441371221009e-01,4.957146733711135234e-01
7.562021719394947938e-01,1.214564936411626980e-02,2.950718877013454033e-01,4.497481631705120275e-01,5.643258908733217449e-01,4.832942672064888257e-01,4.956707878220434349e-01
7.562053562629263981e-01,1.208959412279950185e-02,2.950494086268993232e-01,4.497738286028823418e-01,5.643521269208059410e-01,4.832828771121661648e-01,4.956287326558603268e-01
7.562049414299187866e-01,1.203469226117730856e-02,2.950268626466296396e-01,4.497841907357330027e-01,5.643939728572171521e-01,4.832717969208407127e-01,4.955824809933765951e-01
7.562660640116938282e-01,1.200628270068906586e-02,2.950240399595671636e-01,4.497645458012818898e-01,5.644511519807638988e-01,4.832654004015853877e-01,4.955414242446846140e-01
7.565734666418476584e-01,1.200200259634113739e-02,2.950854385103877653e-01,4.497089410257655295e-01,5.645681223983198826e-01,4.832427729354624724e-01,4.954807018832975141e-01
7.571336174231313443e-01,1.203299490736452898e-02,2.951425797459635847e-01,4.496039104876216053e-01,5.647810884004597076e-01,4.832490999784468944e-01,4.953271173976365183e-01
7.579332900390309824e-01,1.211901881959484388e-02,2.952763189447702441e-01,4.494826890235647521e-01,5.650194110985569118e-01,4.832626003128956960e-01,4.951521346907472587e-01
7.588812889352871682e-01,1.225360889387827959e-02,2.954609674133574226e-01,4.493554726596790116e-01,5.652262949857523866e-01,4.832849220560173631e-01,4.950096754213849093e-01
7.598992673030794398e-01,1.241456794222831235e-02,2.956731103923564974e-01,4.492315420586728836e-01,5.653806415314797107e-01,4.832971272376075933e-01,4.949339739853336750e-01
7.609504989340276637e-01,1.254412625834865069e-02,2.959027519576019061e-01,4.491591015934432995e-01,5.654702311709726148e-01,4.833025497873095211e-01,4.948920735719080644e-01
7.620253792680915517e-01,1.266779515744666240e-02,2.961319177435756678e-01,4.491190961725738395e-01,5.655198984533434947e-01,4.832713855172725004e-01,4.949020608632240803e-01
7.630628316130385613e-01,1.275940939321330500e-02,2.962475939119690316e-01,4.490697284255422139e-01,5.655854438150413888e-01,4.832831985916232753e-01,4.948604194269349277e-01
7.640837569888436764e-01,1.279247854773841661e-02,2.962920457316300382e-01,4.490366707866808582e-01,5.656719738786665230e-01,4.832847281306492659e-01,4.947900138571024731e-01
7.650633168715759158e-01,1.277574949035495400e-02,2.962361588211569474e-01,4.489840774772319576e-01,5.657969966663773942e-01,4.833256303290215938e-01,4.946548208622655873e-01
7.660462845823596822e-01,1.274036160704985696e-02,2.961578160287851036e-01,4.489269341892382359e-01,5.659423651280798273e-01,4.833588576127926251e-01,4.945078987032894280e-01
7.670128638888954464e-01,1.267635722032945701e-02,2.960705463969930396e-01,4.488837902964262772e-01,5.660883901023920917e-01,4.833898706509784371e-01,4.943495831417543118e-01
7.679794004499618243e-01,1.262933785330725908e-02,2.959923740486989363e-01,4.488270591906200480e-01,5.662436409244591129e-01,4.834107523983083854e-01,4.942028475399685150e-01
7.689459235155187145e-01,1.258306453721584964e-02,2.959208352463360558e-01,4.487760041767318020e-01,5.663787150720126506e-01,4.834356010221254607e-01,4.940701052005859739e-01
7.699278805004456938e-01,1.252850665795844642e-02,2.958794972435130899e-01,4.487479355560536343e-01,5.664843047052143810e-01,4.834444630108125640e-01,4.939658632345123035e-01
7.709285457165646616e-01,1.254002517255742646e-02,2.958659671466870034e-01,4.487075414231458392e-01,5.665475344316376338e-01,4.834634891695970271e-01,4.939114173000933583e-01
7.719314961717882451e-01,1.257478139023420101e-02,2.958578286051617989e-01,4.486647072290008142e-01,5.665840712385905587e-01,4.834859882698731570e-01,4.938863936701666790e-01
7.729554440085870670e-01,1.261745476411340293e-02,2.958901857524627865e-01,4.486381185424714313e-01,5.665887782878343826e-01,4.834901384163915461e-01,4.939010841889993619e-01
7.739562139026989751e-01,1.267888714541826750e-02,2.958634518688805226e-01,4.485702946564775750e-01,5.666154847228145330e-01,4.835304245530540057e-01,4.938926115621433688e-01
7.749747916093461253e-01,1.271648268173860771e-02,2.958554696442315946e-01,4.485322619003462852e-01,5.666221592644542504e-01,4.835623264383014930e-01,4.938882617704373201e-01
7.759692528760004926e-01,1.277138117290618248e-02,2.958181843052498650e-01,4.484649500091184571e-01,5.666419760252071613e-01,4.836096452012271230e-01,4.938803202071435638e-01
7.769745185490013473e-01,1.279693091570332369e-02,2.957838304214951974e-01,4.484129434420818239e-01,5.666678929634394457e-01,4.836390350048686559e-01,4.938690262180284174e-01
7.779676017990850845e-01,1.278146772351965513e-02,2.957445815677386958e-01,4.483839417969331942e-01,5.667007260991255846e-01,4.836741052147594533e-01,4.938233365507043171e-01
7.789615629662848262e-01,1.277020758143323706e-02,2.956982279650072210e-01,4.483537956672982716e-01,5.667383768844983516e-01,4.837029149610554413e-01,4.937792787625143731e-01
7.799458657318554256e-01,1.273008207233462460e-02,2.956382533795163248e-01,4.483324024604635194e-01,5.667953542061097139e-01,4.837303699855737826e-01,4.937064031466672498e-01
7.809365421427436615e-01,1.267642971842142599e-02,2.955764004118017763e-01,4.483156351777606297e-01,5.668685647649704951e-01,4.837442217253549726e-01,4.936239960575194430e-01
7.819283932209457610e-01,1.265849868412001998e-02,2.955394290912257138e-01,4.482979469338672085e-01,5.669279492260661524e-01,4.837410244325036635e-01,4.935749917106807549e-01
7.829301413358122907e-01,1.262447054950880700e-02,2.955214943643633130e-01,4.482979385406589690e-01,5.669844876257232880e-01,4.837142013073870705e-01,4.935363416664959590e-01
7.839395099109094378e-01,1.260071069116138268e-02,2.954906335662189631e-01,4.482855530108491027e-01,5.670403613769774420e-01,4.837044029229108921e-01,4.934930010893917585e-01
7.849455193419909715e-01,1.259750009189699455e-02,2.954673682680431512e-01,4.482725171344541515e-01,5.670751894852128494e-01,4.837042531042504145e-01,4.934649687476403424e-01
7.859506343750082280e-01,1.261365494928122846e-02,2.954326694094163153e-01,4.482463590245572838e-01,5.671088555270134002e-01,4.837153354420528073e-01,4.934391774699806721e-01
7.869403658422184922e-01,1.264155050179158538e-02,2.953873395635921439e-01,4.481996862327828346e-01,5.671601167063314852e-01,4.837329317586885891e-01,4.934054053318014943e-01
7.879427076580032274e-01,1.265179714366798311e-02,2.953630415264706932e-01,4.481736670074550899e-01,5.672097327885429197e-01,4.837246591365697568e-01,4.933801144900853974e-01
7.889339927489421589e-01,1.264231535401828463e-02,2.953291194046038792e-01,4.481505888140165372e-01,5.672692265554846180e-01,4.837239496093146962e-01,4.933333709806764777e-01
7.898978601811329492e-01,1.264010977259398538e-02,2.953261273504614870e-01,4.481268641912290462e-01,5.673228800384603199e-01,4.837217194445918023e-01,4.932954099853050223e-01
7.908869952773922574e-01,1.263991788696815395e-02,2.953115774603295440e-01,4.480792097088913684e-01,5.674141814208699675e-01,4.837222092659310135e-01,4.932332032740965322e-01
7.918828043433918662e-01,1.263477280350841156e-02,2.953534088817275638e-01,4.480383200414703171e-01,5.675285654627711951e-01,4.837014066481596930e-01,4.931591430408418519e-01
7.928507780165783281e-01,1.262226636593656234e-02,2.953860498412597124e-01,4.479529358812143203e-01,5.677112111587080401e-01,4.837029090620494909e-01,4.930249930024075411e-01
7.936939990242328768e-01,1.262407084507836258e-02,2.954697683571619327e-01,4.478350623533944863e-01,5.679361661478776746e-01,4.837039410152759178e-01,4.928719565510619738e-01
7.942034963083587362e-01,1.267092905471587337e-02,2.956350803866836796e-01,4.476966033431865610e-01,5.681441178250620228e-01,4.837084656019474682e-01,4.927536230620381819e-01
7.944383725003638652e-01,1.274512161528502767e-02,2.958858947623842495e-01,4.475621464039132857e-01,5.682939416295459401e-01,4.836903393652871586e-01,4.927207897158080718e-01
7.945032046601239184e-01,1.283172883226608822e-02,2.960899049327849197e-01,4.473545214207211851e-01,5.684588863984623153e-01,4.836305137057559933e-01,4.927777925716257945e-01
7.945298286815928313e-01,1.289875632898812574e-02,2.962681383129797674e-01,4.471372384991944005e-01,5.686304900639270743e-01,4.834937111072262206e-01,4.929112364683266301e-01
7.945703674368084224e-01,1.294762927476608878e-02,2.964372786122599357e-01,4.469562362301163216e-01,5.687743801054969683e-01,4.832996199449161590e-01,4.930996905208070991e-01
7.945864908595520193e-01,1.302481537641260803e-02,2.964985101378619925e-01,4.468033307632649498e-01,5.688755237800652287e-01,4.831978856484098195e-01,4.932212742448516263e-01
7.945766857877043510e-01,1.304243724906779291e-02,2.964731715134343859e-01,4.467173037914191069e-01,5.689489418949043031e-01,4.831762606695361173e-01,4.932356973449894544e-01
7.945532154459997720e-01,1.304714033519489488e-02,2.964209424056496456e-01,4.466418496201993160e-01,5.690186622733486299e-01,4.831737421312622960e-01,4.932260689251617425e-01
7.945219385387867206e-01,1.301398320664322317e-02,2.963638699548992173e-01,4.466129372223331395e-01,5.690667907470080555e-01,4.831964171192839608e-01,4.931745071043595052e-01
7.944934362988887999e-01,1.298473599073348902e-02,2.963216246890512662e-01,4.466174619575377647e-01,5.690787435106077208e-01,4.832376134715548055e-01,4.931162492610759451e-01
7.944843304814326324e-01,1.297215211346090628e-02,2.963153700617420228e-01,4.466305547506218554e-01,5.690734123442763304e-01,4.832528405586821174e-01,4.930956205625415811e-01
7.944868346947742133e-01,1.296965380096816618e-02,2.963348894271199407e-01,4.466454968846670925e-01,5.690585739362238327e-01,4.832528706854733458e-01,4.930991812166889976e-01
7.944892850570881571e-01,1.299799600843212083e-02,2.963568560367554894e-01,4.466478058343840707e-01,5.690316437213603917e-01,4.832586330869981239e-01,4.931225198000829812e-01
7.944915627992575891e-01,1.305416985099483278e-02,2.963788502457150864e-01,4.466346077918909030e-01,5.690020007019789272e-01,4.832628050051995250e-01,4.931645887715737087e-01
7.944935589011044019e-01,1.306543750429126592e-02,2.963935173755884445e-01,4.466366621031282458e-01,5.689938054644365639e-01,4.832480873799029353e-01,4.931866051021059350e-01
7.944791835082666287e-01,1.305017289679695838e-02,2.963978744390762810e-01,4.466480380137716200e-01,5.690175559591109655e-01,4.832303534205484863e-01,4.931662769105569222e-01
7.943870334877637385e-01,1.300094505282281022e-02,2.964531018511659122e-01,4.466900326091358675e-01,5.691377486342061864e-01,4.831736341607292817e-01,4.930451065563374313e-01
7.941917033028144113e-01,1.299919580271789200e-02,2.965765209438419592e-01,4.467170459001802985e-01,5.693819726909744583e-01,4.831326393444815293e-01,4.927787565193792463e-01
7.938978279556107021e-01,1.317123649229718849e-02,2.968108000245754940e-01,4.467035683924129308e-01,5.696672235604759438e-01,4.831405812138605538e-01,4.924534040604416352e-01
7.935837056809580403e-01,1.344740541651691552e-02,2.971364453374034653e-01,4.466810599945595928e-01,5.698490704715698518e-01,4.832277380454493843e-01,4.921778344341635192e-01
7.934042479215110966e-01,1.370504131678620605e-02,2.974071849571269244e-01,4.466495853572818309e-01,5.699168953638398261e-01,4.832649185881605636e-01,4.920913520282478304e-01
7.933563970751060790e-01,1.387373387527053234e-02,2.976657193738542206e-01,4.466766732880096957e-01,5.698624703680060799e-01,4.832369570033102635e-01,4.921572490501494590e-01
7.933259518859389070e-01,1.410289489682458285e-02,2.980200311009628678e-01,4.467381265838196724e-01,5.697783824766353700e-01,4.831708558664928876e-01,4.922637150551812391e-01
7.931838932972606893e-01,1.439054859959568861e-02,2.982775587045058407e-01,4.467266906163498419e-01,5.698743261683654193e-01,4.831814489564874027e-01,4.921526223128602773e-01
7.929301343053268836e-01,1.470136028777141099e-02,2.984047040492480152e-01,4.466173820598992594e-01,5.702292832107416221e-01,4.832530645850217632e-01,4.917702249832847095e-01
7.926785615573148647e-01,1.501203651175264490e-02,2.986100305998533599e-01,4.465670913353337323e-01,5.706444754442343559e-01,4.833109164354910114e-01,4.912771861541711527e-01
7.925111396061175206e-01,1.522642198230831842e-02,2.989573375705183444e-01,4.466490923623793186e-01,5.710896203048697606e-01,4.832785422107046536e-01,4.907169087270161767e-01
7.924144892095493775e-01,1.543520158041005938e-02,2.993729703337414394e-01,4.467961490234934607e-01,5.715182605708345465e-01,4.832616548503342879e-01,4.901002468915724997e-01
7.923698976061012145e-01,1.572163541975986692e-02,2.998157033934760740e-01,4.469434006807811999e-01,5.718710589093098928e-01,4.833360202589651045e-01,4.894807249423295814e-01
7.923381797391548798e-01,1.612440770472684318e-02,3.003363218300638127e-01,4.471469526342207179e-01,5.721634712600774941e-01,4.835318255633797024e-01,4.887591825970063475e-01
7.923138648138612350e-01,1.659208994193946823e-02,3.008746302295989272e-01,4.473840919097356594e-01,5.723018502327776869e-01,4.838603447330129814e-01,4.880545392895042078e-01
7.922736355753244863e-01,1.710297306762778927e-02,3.014285562487448167e-01,4.476549850612579484e-01,5.723497959166780058e-01,4.842756144824525988e-01,4.873375161852254167e-01
7.922143538720547440e-01,1.756839699035599167e-02,3.019681058617376124e-01,4.480241957541712949e-01,5.722882101241358876e-01,4.847958471952211745e-01,4.865526807181405622e-01
7.921571944086610584e-01,1.799873998353797994e-02,3.024688755646891547e-01,4.484472928009810011e-01,5.721850591815943465e-01,4.853642066573053970e-01,4.857168625081397240e-01
7.920985365905391928e-01,1.842619757254038843e-02,3.029561679495728077e-01,4.489528460001098731e-01,5.719936648083882025e-01,4.860235481744049624e-01,4.848151195119976831e-01
7.920433291757785765e-01,1.886446967405054284e-02,3.034291510124491609e-01,4.495255713195288605e-01,5.717203052807572350e-01,4.867626001757830445e-01,4.838644689679535982e-01
7.919749484101792358e-01,1.927585858043436018e-02,3.038947998913927306e-01,4.501841901620193820e-01,5.714026288910194484e-01,4.875507375694178580e-01,4.828327960278954167e-01
7.919046922449056725e-01,1.967389786944664237e-02,3.043513818499323786e-01,4.509417519147964626e-01,5.709963065139074256e-01,4.884472109747117208e-01,4.816991555094481403e-01
7.918159074651622831e-01,2.003081284377552368e-02,3.047772573113697314e-01,4.517942833162067462e-01,5.705466353123402889e-01,4.894143179016566814e-01,4.804498807674100203e-01
7.917167622952605566e-01,2.032443149869664692e-02,3.051948423633817353e-01,4.527670037327071739e-01,5.700381644013167159e-01,4.904470895013919862e-01,4.790826482523632412e-01
7.915975870719911267e-01,2.059684674870560991e-02,3.055905363368323080e-01,4.538192922446169231e-01,5.694579467501064141e-01,4.915768524212896784e-01,4.776168914866029125e-01
7.914739072156571353e-01,2.093149820396122615e-02,3.059933730514802219e-01,4.548681116795367241e-01,5.688124123486808514e-01,4.927197052282673573e-01,4.762087069919408444e-01
7.913277518536901978e-01,2.129130120622840447e-02,3.064308091492072839e-01,4.561130321435973856e-01,5.679932410105986706e-01,4.940746754325673895e-01,4.745890803329262941e-01
7.911994457679353276e-01,2.167483828388678396e-02,3.068558005278848588e-01,4.573661273048461595e-01,5.671083384725214005e-01,4.954331023759513952e-01,4.730226200714331974e-01
7.910880933820753080e-01,2.211687548261574363e-02,3.072486214565746110e-01,4.586402334045309170e-01,5.661218928461863031e-01,4.968894328072381850e-01,4.714403783166962736e-01
7.909903231163325499e-01,2.257091716908147042e-02,3.076297368039357383e-01,4.599574180264089374e-01,5.650578103912526906e-01,4.983865594019817880e-01,4.698507017402200336e-01
7.909100159470769942e-01,2.304086736473903024e-02,3.079653740815405105e-01,4.612927999020354775e-01,5.639010161625924722e-01,4.999509151915666472e-01,4.682666752273232924e-01
7.908751745780915332e-01,2.346174001861559000e-02,3.082256799941980319e-01,4.626386617310878080e-01,5.626101281497790652e-01,5.016105753989542615e-01,4.667141984372096264e-01
7.908669309691959137e-01,2.375008271689328654e-02,3.083821762218896811e-01,4.640120515891349440e-01,5.612116808553835323e-01,5.032872465801128126e-01,4.652270549756600815e-01
7.908834895657907982e-01,2.397947401995289413e-02,3.084996106219451972e-01,4.654003605621963024e-01,5.596631527587319077e-01,5.049947017420221007e-01,4.638534370307285659e-01
7.909050813346465425e-01,2.406471973756564575e-02,3.085435936207135965e-01,4.668057246570430086e-01,5.580932636280306891e-01,5.066954197901132328e-01,4.624760275778057039e-01
7.909120529187871895e-01,2.401280624396836400e-02,3.085437396914130215e-01,4.682307335850398600e-01,5.565393576572948975e-01,5.083686540740904869e-01,4.610696639985316647e-01
7.909038189082613357e-01,2.392173958535637884e-02,3.084511401873626379e-01,4.696330967529424028e-01,5.549975690047501686e-01,5.100600158612713653e-01,4.596316275591343370e-01
7.908918563927759271e-01,2.375818328666222390e-02,3.083532789757821857e-01,4.710574261198454127e-01,5.534768558178895237e-01,5.117042021690800802e-01,4.581780012765726551e-01
7.908728660496125995e-01,2.362334391788180679e-02,3.082674711932509859e-01,4.724591686665176593e-01,5.519526474452154385e-01,5.133266779434100258e-01,4.567563142779126339e-01
7.908559419161469428e-01,2.347073583056165369e-02,3.081827822329600286e-01,4.738512952670084211e-01,5.504389657523545143e-01,5.149278753067655368e-01,4.553363352372801764e-01
7.908429129698471005e-01,2.334128893112355496e-02,3.081103802353389320e-01,4.752208582055112984e-01,5.489143390646038512e-01,5.165098947188798695e-01,4.539556288374207993e-01
7.908291662619324480e-01,2.333082729120748364e-02,3.080386319090150371e-01,4.765183440429523465e-01,5.473682192622347786e-01,5.181113360327600503e-01,4.526355529635304187e-01
7.908221795690545397e-01,2.334074532608163693e-02,3.079947550236102893e-01,4.777970420938127405e-01,5.458341990601702776e-01,5.196510212958843633e-01,4.513732709951817634e-01
7.908159997446475575e-01,2.337080411068643421e-02,3.079568911584402713e-01,4.790416988337799498e-01,5.443180353295656859e-01,5.211589506843901098e-01,4.501447270766961162e-01
7.908164618818978031e-01,2.340843290051697334e-02,3.079381829752651512e-01,4.802748760157859453e-01,5.427995168299263318e-01,5.226340787358351170e-01,4.489525005400513136e-01
7.908182397977716604e-01,2.344913790815175356e-02,3.079185159786402282e-01,4.814814826328957520e-01,5.413068937028636674e-01,5.240717367002665217e-01,4.477848183037825280e-01
7.908208775044134331e-01,2.345051932213428406e-02,3.078947982707023190e-01,4.826779378621374739e-01,5.398411107862367553e-01,5.254733655239487433e-01,4.466221283492020633e-01
7.908207486066674008e-01,2.344928450037161299e-02,3.078642243516862553e-01,4.838345890248429981e-01,5.384257863621129125e-01,5.268225677195916834e-01,4.454882099279819374e-01
7.908208965893619435e-01,2.340532216749215827e-02,3.078334511719187372e-01,4.849873313095719451e-01,5.370422742197122901e-01,5.281270618422989616e-01,4.443587410189646092e-01
7.908199001559660379e-01,2.336275027135471458e-02,3.077953689532611503e-01,4.861138290595068412e-01,5.356719563949100538e-01,5.294191948204652887e-01,4.432428414366151315e-01
7.908166607273026116e-01,2.329248112539327592e-02,3.077457307284131582e-01,4.872085851852011040e-01,5.343643478455151197e-01,5.306519646417011682e-01,4.421436765298975557e-01
7.908129713290477092e-01,2.320914295279945944e-02,3.076976757729418810e-01,4.882714050424459273e-01,5.331075106632575666e-01,5.318206541361071293e-01,4.410829955082641307e-01
7.908062445867836132e-01,2.309774243982015349e-02,3.076429350161339338e-01,4.893015097483519038e-01,5.319200594347807121e-01,5.329205478082680303e-01,4.400463301206117839e-01
7.907963032079806664e-01,2.296742681247888884e-02,3.075691813069940106e-01,4.902775918454440052e-01,5.307969993962773358e-01,5.339763319552897070e-01,4.390349704496384620e-01
7.907851644982897277e-01,2.289651006408079462e-02,3.074993653946235250e-01,4.911289849299312338e-01,5.297731034423860397e-01,5.349293877964391708e-01,4.381590226190088533e-01
7.907686396599367118e-01,2.286122661284395799e-02,3.074197144217009070e-01,4.920064585492810449e-01,5.287000152797933783e-01,5.359216499508981935e-01,4.372572740422368542e-01
7.907529268631706687e-01,2.287519956176881086e-02,3.073397158369626236e-01,4.927375849536846930e-01,5.277557886194746972e-01,5.367958540114849963e-01,4.365016736150355015e-01
7.907387017673415119e-01,2.291698267702713121e-02,3.072683406317966437e-01,4.934087392535124184e-01,5.268650181415581724e-01,5.376043288750789184e-01,4.358241093167415370e-01
7.907252580764390082e-01,2.295812525208006452e-02,3.071940088158032212e-01,4.939958413693807948e-01,5.260831131314449571e-01,5.383025559269686289e-01,4.352413411777168450e-01
7.907143936391189953e-01,2.298732719262632299e-02,3.071200087195146144e-01,4.945117128517821370e-01,5.253978150760331145e-01,5.388983325916836264e-01,4.347457750175732216e-01
7.907060040394856548e-01,2.298181929015861297e-02,3.070564968843047526e-01,4.949780457197838213e-01,5.248161303652673082e-01,5.393776808510905019e-01,4.343230145451072444e-01
7.906967607274950627e-01,2.296528190143782427e-02,3.069851883702757744e-01,4.953415517655708200e-01,5.243723649269679266e-01,5.397318983805368120e-01,4.340044330026098796e-01
7.906849634089683221e-01,2.292355188330848920e-02,3.068982521332309088e-01,4.956192271849415576e-01,5.240498939575627402e-01,5.399842380424869637e-01,4.337629686284242281e-01
7.906718193973936160e-01,2.286108006810529114e-02,3.068089077358804317e-01,4.958062262095166983e-01,5.238639579546016112e-01,5.400997857356626408e-01,4.336299817313237770e-01
7.906572992824758561e-01,2.278951828387480727e-02,3.067187421705078187e-01,4.959241736905183884e-01,5.237749959826428769e-01,5.401270097041495077e-01,4.335686576781264123e-01
7.906428847004591809e-01,2.272676681488196987e-02,3.066295620745023154e-01,4.959476219553309306e-01,5.237980608701113816e-01,5.400526543320766093e-01,4.336065938779553597e-01
7.906289314341012897e-01,2.267030502198574132e-02,3.065474197258830635e-01,4.958575842638956455e-01,5.239605898594590361e-01,5.398299765199570110e-01,4.337904480882032732e-01
7.906172336639151199e-01,2.264520865358281634e-02,3.064725308776191648e-01,4.956559118071670600e-01,5.242405383050132706e-01,5.394832680453395257e-01,4.341139004770475651e-01
7.906076190117424796e-01,2.264550137222776094e-02,3.064016520125687482e-01,4.953568135491940860e-01,5.246130841638931841e-01,5.390518909736540243e-01,4.345409049009825719e-01
7.905993842171663566e-01,2.268122039424256414e-02,3.063301296020575215e-01,4.949041930895648478e-01,5.251452418270653455e-01,5.384450236251057120e-01,4.351657973486875997e-01
7.905901103581771672e-01,2.274653250685105405e-02,3.062521272432333630e-01,4.943403212066058705e-01,5.257881555393347783e-01,5.377455649338769295e-01,4.358946773222167614e-01
7.905804530074611591e-01,2.282695516476417746e-02,3.061760386021868396e-01,4.936523225603942078e-01,5.265747488659680009e-01,5.369067703915005874e-01,4.367579858402587667e-01
7.905718442465937690e-01,2.289350055362360248e-02,3.061019550385630783e-01,4.928563330893918626e-01,5.274980094358773242e-01,5.359304655161696296e-01,4.377408149881472643e-01
7.905618909527171168e-01,2.296101251713478925e-02,3.060170950463824702e-01,4.919491456478811142e-01,5.285430744535604131e-01,5.348443082909679624e-01,4.388277822019180374e-01
7.905526321739331230e-01,2.300108142673385273e-02,3.059342187982737604e-01,4.909398344493368094e-01,5.297321909103289705e-01,5.336128767823402619e-01,4.400217978649187955e-01
7.905437178670916554e-01,2.301601828073794598e-02,3.058542716853167587e-01,4.898370680761131579e-01,5.310512309336360426e-01,5.322566378467757930e-01,4.413016069883650694e-01
7.905296222658567684e-01,2.301819762561386692e-02,3.057658030293517459e-01,4.886370491909528546e-01,5.324870016972801379e-01,5.307944746388073565e-01,4.426608779577335673e-01
7.905113756223915988e-01,2.300261831610374286e-02,3.056745708346816359e-01,4.873422975581840899e-01,5.340401971832086092e-01,5.292158885752442643e-01,4.441048255566975578e-01
7.904920950427347659e-01,2.298357781802921884e-02,3.055886123045685743e-01,4.859611872322406323e-01,5.356827422495270552e-01,5.275411572571888641e-01,4.456299491277533331e-01
7.904701064797861054e-01,2.297980431809556329e-02,3.054896541348430805e-01,4.844083350956183143e-01,5.374903963043430322e-01,5.257084627173178593e-01,4.473066632612195392e-01
7.904464249454262736e-01,2.299722303502672871e-02,3.053953458482432937e-01,4.828467216160416964e-01,5.392735653754681113e-01,5.238883615518634684e-01,4.489811240379438240e-01
7.904237263191553620e-01,2.303138803781482405e-02,3.053041573956585819e-01,4.812879962312771043e-01,5.410283864447505975e-01,5.220956228016779832e-01,4.506287944594750128e-01
7.904081121805600629e-01,2.306692106705043877e-02,3.052296774922986788e-01,4.796014300397366537e-01,5.429185809478717095e-01,5.201369472228758450e-01,4.524151178940158946e-01
7.904001798170725568e-01,2.307717809805668457e-02,3.051858826395467683e-01,4.778984776870288109e-01,5.448275508902599151e-01,5.181098227338500894e-01,4.542446437791425873e-01
7.903915644175777411e-01,2.307716421289816161e-02,3.051399585581020535e-01,4.761642449426241042e-01,5.467529328359022056e-01,5.160555161072634123e-01,4.560872137747625232e-01
7.903829479134419911e-01,2.307530017039572875e-02,3.050858860681597839e-01,4.744083696691053786e-01,5.486709253642830797e-01,5.140053210882628010e-01,4.579251514611908380e-01
7.903765817581094311e-01,2.312493851095724640e-02,3.050430336374292395e-01,4.726419693814759571e-01,5.505325937761657018e-01,5.119788625543703064e-01,4.597837277099096620e-01
7.903684329857146862e-01,2.316720513516556251e-02,3.049975739999095659e-01,4.708830723134030949e-01,5.523824973741572331e-01,5.099545322206581188e-01,4.616157318278801824e-01
7.903676698738998363e-01,2.314408984936586894e-02,3.049791474001850577e-01,4.692031139682901197e-01,5.541817702753267794e-01,5.079333017043786702e-01,4.633948255609391387e-01
7.903669113749880459e-01,2.306647056497550946e-02,3.049644922285938975e-01,4.676147553159872849e-01,5.559312645860265967e-01,5.059240163533181844e-01,4.650997305347297495e-01
7.903583350792420248e-01,2.301638081610841297e-02,3.049235417711639307e-01,4.662035380348229507e-01,5.575705440153301273e-01,5.039231155350212266e-01,4.667235190128519173e-01
7.903385175982339250e-01,2.300771790947180040e-02,3.047997145754876014e-01,4.650280103767626683e-01,5.591140317101040980e-01,5.019072339374666125e-01,4.682195827078820538e-01
7.903437357495217697e-01,2.303107396178444982e-02,3.045931172093105932e-01,4.640811257953610935e-01,5.605795861995008789e-01,4.998769373371417801e-01,4.695767069769815061e-01
7.903734554402178647e-01,2.316747024850588157e-02,3.042873632661747818e-01,4.632749367629583892e-01,5.619452503305818469e-01,4.979447214902648633e-01,4.707918042385181856e-01
7.903987110062334898e-01,2.343699135991787058e-02,3.038712599178026164e-01,4.625191211535916724e-01,5.632381265145547378e-01,4.961549204498894028e-01,4.718783427124492169e-01
7.904292888337832723e-01,2.377577765639204629e-02,3.034090905661723792e-01,4.618714542210494156e-01,5.643964166201657084e-01,4.945397073652422204e-01,4.728233523432933127e-01
7.904508173001880689e-01,2.417926470918356149e-02,3.029218366645877181e-01,4.613097732004432516e-01,5.654534028338165097e-01,4.930863146817807685e-01,4.736260430412932987e-01
7.904850740025822775e-01,2.465995887327565236e-02,3.024975181008238700e-01,4.608795915705115043e-01,5.663242100803238532e-01,4.918175195336581540e-01,4.743231162724999006e-01
7.905340239721798667e-01,2.515696942480186507e-02,3.021160353543441701e-01,4.605567954332524527e-01,5.670801136873631076e-01,4.906832426551192561e-01,4.749079260425519977e-01
7.905883266658391140e-01,2.566238007722992584e-02,3.018052200165720622e-01,4.603988917439226780e-01,5.676459058168779048e-01,4.897394490842206793e-01,4.753590833264766946e-01
7.906238737013804307e-01,2.614320484527676500e-02,3.015470481573149231e-01,4.603306072998552545e-01,5.680214925252827785e-01,4.890366552454812887e-01,4.756999746043810706e-01
7.906341709347839419e-01,2.649520988462941012e-02,3.013523851573136625e-01,4.602930119155927424e-01,5.682562305938694269e-01,4.885715485160477267e-01,4.759338625833954839e-01
7.906311223624705731e-01,2.670516586433366313e-02,3.012362046805064919e-01,4.602722388722217950e-01,5.683139999296197287e-01,4.883669773195588037e-01,4.760949055296705423e-01
7.906224911832959723e-01,2.681979098864505778e-02,3.011573238140309861e-01,4.603395742466701579e-01,5.681957224587551591e-01,4.884239113804521581e-01,4.761125708840167614e-01
7.906283161205591714e-01,2.679062850902771617e-02,3.011333143358755904e-01,4.605530468115710541e-01,5.679312223447662289e-01,4.886395920535689941e-01,4.760003853320711187e-01
7.906440740674692824e-01,2.667151507376012282e-02,3.011437238591478938e-01,4.609104086786784960e-01,5.675430361373865473e-01,4.889807799990198434e-01,4.757670586486215658e-01
7.906591554854986992e-01,2.649829115838879187e-02,3.011539327082663475e-01,4.614000869414761619e-01,5.670549144423996379e-01,4.894424758133294473e-01,4.753995652573099195e-01
7.906706996062169424e-01,2.627810698666110251e-02,3.011467702948089631e-01,4.619843943889593851e-01,5.664967318302083221e-01,4.900027664027588048e-01,4.749201628530874686e-01
7.906744739010119760e-01,2.609406645958609744e-02,3.011155653368651763e-01,4.626235606866463401e-01,5.658559008624561848e-01,4.906901826449697190e-01,4.743518580258681561e-01
7.906627710006847165e-01,2.592442438010461592e-02,3.010553711847907543e-01,4.633309928355376917e-01,5.651324159858169827e-01,4.915060375169978957e-01,4.736787503830082180e-01
7.906395124306528910e-01,2.578186294114901203e-02,3.009788034593825490e-01,4.640770184696723644e-01,5.643305748847438075e-01,4.924360657930111351e-01,4.729378862861963739e-01
7.906165431382796704e-01,2.573431841420417351e-02,3.009118906844690522e-01,4.648781309107090087e-01,5.633999731871148775e-01,4.935024650436645177e-01,4.721483989272342585e-01
7.905954509177484102e-01,2.572447570098784775e-02,3.008573864414267884e-01,4.657259489814778997e-01,5.624043049522414739e-01,4.946231746216595559e-01,4.713264827523265810e-01
7.905789854475137046e-01,2.574148706415422747e-02,3.008193318890566847e-01,4.666523581363668516e-01,5.613100129024409801e-01,4.958316884406731018e-01,4.704440272756162944e-01
7.905653587198523402e-01,2.577516064669490778e-02,3.007833573707960895e-01,4.676276614129425968e-01,5.601441725021997220e-01,4.971157277116980966e-01,4.695091368173328616e-01
7.905541731840179942e-01,2.575812927192022705e-02,3.007509847260442237e-01,4.686939104916110210e-01,5.589028916616518572e-01,4.984695244741619291e-01,4.684887502713682150e-01
7.905444445826659283e-01,2.573240965854017501e-02,3.007266993715821957e-01,4.697601473422065577e-01,5.576672007880759674e-01,4.997976093167453837e-01,4.674773222900615033e-01
7.905332089075992608e-01,2.567244512800321427e-02,3.006890362707541065e-01,4.709799091768769319e-01,5.562869184044370030e-01,5.012919284119909946e-01,4.662930324086168588e-01
7.905270412338132324e-01,2.558452584498369792e-02,3.006650708621272927e-01,4.721916218838081436e-01,5.549421171778833317e-01,5.027229045365098070e-01,4.651279394524074351e-01
7.905182403096358001e-01,2.550596884194297059e-02,3.006327446889530686e-01,4.734103900199185255e-01,5.535828864102665392e-01,5.041721548938143949e-01,4.639386044775693496e-01
7.905127032861372083e-01,2.542319205015705283e-02,3.006051648427162659e-01,4.745105276291394225e-01,5.523820216343261480e-01,5.054474221157625458e-01,4.628571754016791440e-01
7.905130981809385116e-01,2.533863470971269016e-02,3.006005040365919978e-01,4.751350609587420282e-01,5.517295771858067299e-01,5.061207114309206334e-01,4.622585564018931170e-01
7.905154874657821518e-01,2.523856453847772574e-02,3.006006068421310795e-01,4.754232853200891507e-01,5.514713662303665220e-01,5.063812811386718682e-01,4.619848808303401166e-01
7.905185045442613134e-01,2.520881200945760542e-02,3.006084226902099310e-01,4.754968824070781030e-01,5.514091522402522205e-01,5.064317907279330955e-01,4.619280279296055780e-01
7.905215046048115202e-01,2.519563977175192163e-02,3.006205747691241825e-01,4.755141928219309699e-01,5.514012236593149874e-01,5.064190383646165472e-01,4.619336538441149442e-01
7.905244642599820182e-01,2.521356181902532564e-02,3.006344142045063172e-01,4.754829375884218057e-01,5.514277949715816751e-01,5.063663826404644075e-01,4.619918284198054059e-01
7.905291751358716201e-01,2.523353049725811023e-02,3.006497461149730821e-01,4.754546814377939024e-01,5.514487323835906007e-01,5.063201022156978981e-01,4.620466378448198075e-01
7.905329272523216044e-01,2.525872840455426968e-02,3.006611276951956513e-01,4.754101323114935940e-01,5.514799470902005396e-01,5.062681998133247152e-01,4.621120902018614474e-01
7.905352665443765581e-01,2.527955503712276189e-02,3.006697256714676025e-01,4.753443713770325041e-01,5.515311033428964560e-01,5.061977736229943403e-01,4.621958293025424935e-01
7.905387093927325193e-01,2.528571826558982313e-02,3.006781774799920370e-01,4.752573818074568024e-01,5.516014796135007003e-01,5.061052050003076452e-01,4.623026608157416173e-01
7.905409429760832385e-01,2.530333473805523870e-02,3.006837853699410035e-01,4.751391856478908715e-01,5.516982544198008043e-01,5.059870520128216809e-01,4.624379888453999388e-01
7.905432108813983394e-01,2.531888701194182079e-02,3.006863766970101493e-01,4.749682240198891403e-01,5.518510431993071119e-01,5.058087766712600075e-01,4.626263003046327538e-01
7.905430191635829384e-01,2.535699897187294188e-02,3.006678199925055806e-01,4.747320773104302671e-01,5.520563054824982885e-01,5.055874095704866455e-01,4.628657058298262239e-01
7.905432282044012604e-01,2.538622565593515179e-02,3.006423790965729870e-01,4.744647644079794113e-01,5.522955884191338427e-01,5.053330599499781250e-01,4.631320209936199972e-01
7.905441026813460059e-01,2.542244374821292854e-02,3.006201143055257652e-01,4.741270436987087833e-01,5.526082413328394782e-01,5.049961630460777506e-01,4.634722789480383298e-01
7.905421970790708075e-01,2.545536714822603866e-02,3.005921890832725651e-01,4.737608723987312143e-01,5.529603122157186190e-01,5.046208284999723626e-01,4.638354755107562677e-01
7.905410161055782536e-01,2.547631530681207512e-02,3.005744904155823738e-01,4.733679175808375161e-01,5.533570664838173281e-01,5.041844272812950889e-01,4.642379076127217119e-01
7.905423735513847916e-01,2.549376886421157382e-02,3.005786266710983590e-01,4.729588057571465498e-01,5.537851416303205543e-01,5.036886089172775138e-01,4.646824401817193917e-01
7.905481131420470930e-01,2.550122639147872627e-02,3.005987615137710733e-01,4.725041844489029086e-01,5.542771301545358353e-01,5.031066441299548719e-01,4.651885244696212784e-01
7.905596476710331499e-01,2.551153073588555836e-02,3.006283814926473674e-01,4.720967800066499520e-01,5.547152602420932777e-01,5.025774474540020131e-01,4.656517149893460994e-01
7.905761468570056127e-01,2.552819337730474064e-02,3.006619088303021936e-01,4.718634599681367225e-01,5.549615596279567908e-01,5.022584067352567905e-01,4.659388751177195309e-01
7.905868446498277580e-01,2.551788183214804065e-02,3.006843164121339451e-01,4.717950102974003967e-01,5.550471464581836489e-01,5.021320226686483146e-01,4.660424500813155069e-01
7.905883546157910224e-01,2.548858849366881021e-02,3.006867765828655781e-01,4.717893195518813587e-01,5.550785258115744636e-01,5.020928880956324614e-01,4.660530011312111198e-01
7.905856284035396309e-01,2.545061169586163019e-02,3.006770865213618249e-01,4.717937329754542386e-01,5.551064502224720698e-01,5.020711764487715278e-01,4.660386638744026810e-01
7.905759100215196122e-01,2.542252597085040144e-02,3.006546582635205023e-01,4.717982318820787557e-01,5.551282927977352344e-01,5.020662316008763781e-01,4.660134182773188471e-01
7.905657465481927826e-01,2.540947124608505109e-02,3.006393661131057105e-01,4.718038673893619750e-01,5.551352622136456194e-01,5.020715671782655098e-01,4.659936617536645787e-01
7.905627673680255540e-01,2.540930448637482297e-02,3.006380943667456007e-01,4.718135644502747250e-01,5.551234519802012990e-01,5.020840165442038705e-01,4.659844995202646611e-01
7.905646586873805726e-01,2.542810118300600775e-02,3.006418070469993875e-01,4.718183780898929647e-01,5.550956364414023625e-01,5.021100533441986702e-01,4.659847066492883716e-01
7.905635596237339247e-01,2.549420356774969448e-02,3.006403097364893640e-01,4.717933288413108661e-01,5.550617587172016476e-01,5.021505602577133187e-01,4.660067743107026983e-01
7.905378094469528438e-01,2.560325802736841683e-02,3.006120438780387483e-01,4.717301533719877038e-01,5.550460083993684623e-01,5.022041290743466391e-01,4.660317625444067580e-01
7.904199040509085616e-01,2.565798406112216462e-02,3.005513804840457270e-01,4.716759299188081345e-01,5.550814251675550981e-01,5.022802452568457809e-01,4.659624274487227935e-01
7.902139133581087549e-01,2.578924863689432273e-02,3.006235040474355968e-01,4.716437667470678718e-01,5.551557534902440416e-01,5.023312599795711764e-01,4.658514268548005766e-01
7.899007202054609822e-01,2.602032657563844303e-02,3.007125979503346147e-01,4.715533310441950010e-01,5.553674722499569727e-01,5.024363519672527811e-01,4.655772105351119738e-01
7.895617686415462577e-01,2.633259130762760636e-02,3.008481767814791819e-01,4.714351183946562940e-01,5.557058970695092359e-01,5.025242687627042848e-01,4.651980700850960049e-01
7.892879311012841459e-01,2.670994997574708749e-02,3.011098467619921504e-01,4.714002286304239675e-01,5.560202351818711586e-01,5.025815447542881786e-01,4.647957760004645111e-01
7.891091727714961701e-01,2.708908451580341326e-02,3.014902353022803072e-01,4.714729708717035339e-01,5.563550997796528064e-01,5.025044922402484016e-01,4.644044314656703976e-01
7.890118215080198505e-01,2.755037809316990272e-02,3.018898965919785682e-01,4.716271977982572916e-01,5.566446400903400926e-01,5.024115329951707176e-01,4.640012742106446320e-01
7.889604407686762189e-01,2.811752357200385938e-02,3.022565599204039555e-01,4.718627536960102176e-01,5.568853059572851372e-01,5.023514279682144146e-01,4.635378522856305472e-01
7.889222062011336245e-01,2.873262715364852463e-02,3.025417105557123842e-01,4.721805042296419175e-01,5.570894429488808530e-01,5.023189926398733407e-01,4.630038375797865258e-01
7.889372499987210574e-01,2.942258629170155584e-02,3.028185300277358993e-01,4.726711271115580648e-01,5.572266671123474735e-01,5.022741542040668472e-01,4.623863331377168762e-01
7.889691349242227147e-01,3.009370859952301830e-02,3.029748339825151238e-01,4.732481226205071390e-01,5.573248518012605679e-01,5.022513894183708860e-01,4.617020314317279439e-01
7.890235623466501647e-01,3.074027102203679557e-02,3.030623431000705748e-01,4.739391755156033836e-01,5.573514850575753687e-01,5.022527678413575281e-01,4.609589322395225564e-01
7.890734671469716854e-01,3.144996785922440918e-02,3.030329833379333260e-01,4.747540225647558509e-01,5.573615422535022068e-01,5.023046528583632320e-01,4.600508287050680822e-01
7.891328438062938933e-01,3.220945206342767236e-02,3.029123137994876869e-01,4.756867283329840324e-01,5.572939797692268993e-01,5.024025941487942903e-01,4.590612050624626739e-01
7.891882776768083252e-01,3.301092251806338196e-02,3.027875678557455652e-01,4.767589307501317042e-01,5.571226146502350485e-01,5.025147470906536906e-01,4.580330153511790736e-01
7.892502179699266707e-01,3.385672014795092222e-02,3.025950498582977710e-01,4.778982652423823807e-01,5.568902180389978529e-01,5.026692715550707957e-01,4.569574778522540459e-01
7.893236123755391631e-01,3.472420212638520354e-02,3.023298339025010106e-01,4.790964336522337552e-01,5.566116585410212370e-01,5.028355141630761471e-01,4.558579982124690844e-01
7.894196207185928404e-01,3.564436817670787322e-02,3.020235856110192185e-01,4.804136526806377372e-01,5.562565785613959868e-01,5.029826856784791467e-01,4.547414199662062062e-01
7.895131103906166681e-01,3.645684135771894152e-02,3.017047184951948124e-01,4.816536187172555938e-01,5.558719373740372838e-01,5.031036665902547389e-01,4.537652272707205503e-01
7.896118422503199952e-01,3.737589430834172000e-02,3.013567306002493673e-01,4.829681073682534076e-01,5.553670674726568501e-01,5.032241217016215629e-01,4.528517538550334010e-01
7.896902874368701974e-01,3.834143740565933850e-02,3.009614780633746434e-01,4.842496875332390482e-01,5.548099625512299404e-01,5.033554264700592640e-01,4.520193139911258817e-01
7.897371916596087615e-01,3.931981091996662042e-02,3.005101980605379142e-01,4.854939615662792196e-01,5.542118508272801947e-01,5.034828567887816853e-01,4.512758032568196520e-01
7.897697862025682136e-01,4.023491283544621683e-02,3.000397818361723035e-01,4.867629213783938869e-01,5.535736753781852482e-01,5.035582895121603064e-01,4.506074714904828582e-01
7.897840822684790707e-01,4.110737670643849206e-02,2.995184420137794179e-01,4.880055218401640471e-01,5.529478422792328818e-01,5.035774414652006703e-01,4.500100607982140954e-01
7.897746439075629121e-01,4.195409529668623488e-02,2.989178000936106305e-01,4.892872795848845491e-01,5.523264680245034697e-01,5.035160193076718693e-01,4.494497180514816503e-01
7.897390252465844585e-01,4.268789459703025563e-02,2.982728705961835702e-01,4.904669202783293325e-01,5.517929882775509665e-01,5.034100608983421710e-01,4.489376446531846421e-01
7.896789886853587959e-01,4.338268061767611150e-02,2.975692140816725284e-01,4.915890258291816806e-01,5.513292626344915570e-01,5.032422743378979213e-01,4.484679332644016525e-01
7.896045327302458894e-01,4.403552706761464097e-02,2.968283388731522976e-01,4.926460174880885057e-01,5.509481744020128247e-01,5.029953286812520741e-01,4.480532444933911229e-01
7.895104727678954326e-01,4.465075342180636203e-02,2.960810622108457357e-01,4.936429609029505672e-01,5.506709138384824342e-01,5.026327398473794394e-01,4.477035856867526142e-01
7.893758555551820821e-01,4.526963460644244097e-02,2.953012454667853781e-01,4.945416229785963846e-01,5.504748941577051191e-01,5.022222157287161703e-01,4.474134777499422233e-01
7.892106380699016599e-01,4.585274913177972422e-02,2.945348178736311162e-01,4.953822170507892197e-01,5.503558438129759756e-01,5.017059128923352374e-01,4.472092141041150715e-01
7.890267890560980213e-01,4.647475521126635811e-02,2.937941151146720165e-01,4.961402484534621071e-01,5.502739191071694957e-01,5.011009785296637320e-01,4.471479365171964204e-01
7.888640508680553332e-01,4.705958059467160726e-02,2.931345048940696141e-01,4.968209233948419623e-01,5.502320370088010781e-01,5.004225869502391122e-01,4.472034324513533554e-01
7.886691136586063688e-01,4.770397333953373814e-02,2.923845142057463486e-01,4.975083664368282754e-01,5.501974912837793719e-01,4.996253701338235209e-01,4.473730383349380779e-01
7.884583473649617869e-01,4.830697438930493803e-02,2.916620643450182349e-01,4.980908674638088729e-01,5.501914857706448059e-01,4.988049083404620943e-01,4.476477188036416255e-01
7.882459628165967569e-01,4.887351977717174778e-02,2.909851802094070572e-01,4.985612881663633034e-01,5.501923254426359655e-01,4.979418371184781700e-01,4.480836683176435686e-01
7.880109255522758094e-01,4.942669498235874315e-02,2.902610044310337534e-01,4.989783600572659794e-01,5.502432277467917965e-01,4.969347781369296557e-01,4.486745065092889728e-01
7.877836240937149404e-01,4.993487516593014819e-02,2.894754212532953397e-01,4.992809767124890552e-01,5.503450040301621771e-01,4.958819387703679582e-01,4.493773310186048309e-01
7.875759919392015806e-01,5.037892296735393960e-02,2.886239668023384830e-01,4.994478069206064741e-01,5.505190568002661378e-01,4.947662357275200429e-01,4.502077612013836161e-01
7.873619950403678569e-01,5.070775446048020330e-02,2.877362688829054882e-01,4.995215502083061310e-01,5.507602445686903270e-01,4.935999225162412962e-01,4.511102862627803800e-01
7.871193561898872648e-01,5.091862051512429516e-02,2.868436564873624861e-01,4.994996579149424965e-01,5.511090092529447038e-01,4.922728256074103137e-01,4.521575132977327938e-01
7.868778414717931824e-01,5.103271463199418601e-02,2.860464488277102424e-01,4.993562240649124240e-01,5.515093083421266362e-01,4.910343272051294061e-01,4.531734036832125723e-01
7.865417209788110320e-01,5.108449799596308238e-02,2.851577775327931441e-01,4.990449055774850984e-01,5.520571403048109005e-01,4.896480135473987305e-01,4.543477950697236700e-01
7.861942551845146898e-01,5.107474222151395238e-02,2.844005839682705039e-01,4.986708486403913509e-01,5.526055782086637391e-01,4.883594849762884493e-01,4.554771927140089383e-01
7.858214809552792612e-01,5.104390934059899881e-02,2.836959034950445879e-01,4.981744116225748642e-01,5.532013810532894205e-01,4.869860400869527872e-01,4.567658966753795902e-01
7.854287604350166374e-01,5.098406097098053674e-02,2.830122346201324746e-01,4.975365761570954004e-01,5.538529771759230780e-01,4.856342189241525942e-01,4.581087648901400189e-01
7.850230067911212473e-01,5.089699362892952800e-02,2.823677917356264278e-01,4.967868161261617677e-01,5.545457634651090872e-01,4.842748599115990760e-01,4.595211807998967890e-01
7.846184822036651463e-01,5.078401925538539308e-02,2.817965221866014502e-01,4.959843658736998173e-01,5.552294417912366775e-01,4.829802636936771920e-01,4.609228142101902681e-01
7.841697419101985034e-01,5.066206836603297931e-02,2.812201735287268578e-01,4.950039050064614643e-01,5.559514581126968613e-01,4.815793768131007013e-01,4.625693613708392604e-01
7.837730504133150200e-01,5.050181559755482358e-02,2.807309501460943935e-01,4.940311273841568873e-01,5.566304268501306440e-01,4.802215479175022672e-01,4.642015488943336265e-01
7.834212249321514943e-01,5.028718838420846715e-02,2.802634004684442237e-01,4.930210818379942572e-01,5.573015673426244820e-01,4.788581212540783394e-01,4.658756010028454742e-01
7.831054381777039497e-01,4.999990532887332167e-02,2.797935936400764989e-01,4.919690612574267319e-01,5.579903300921413845e-01,4.775053750214814929e-01,4.675487687019867500e-01
7.828013568718306114e-01,4.967107929453205839e-02,2.793174027335726395e-01,4.908979697145610110e-01,5.586617210141128220e-01,4.761879458947668176e-01,4.692134961701274753e-01
7.824809829801347982e-01,4.927306553709049491e-02,2.788197165934687694e-01,4.897591144555003551e-01,5.593921299401812819e-01,4.748198523364925427e-01,4.709167257550988528e-01
7.821895871055166705e-01,4.885828102254508032e-02,2.783757319879603953e-01,4.887203230504553186e-01,5.600513361372041476e-01,4.736264154301079721e-01,4.724118598587652706e-01
7.818733366130072859e-01,4.838966304274146951e-02,2.779373364356114706e-01,4.876326180585333070e-01,5.607362810996429081e-01,4.724108788981213336e-01,4.739379857772824112e-01
7.815530783677485660e-01,4.787361658266893472e-02,2.775208553243060927e-01,4.865511235531065903e-01,5.614307010259451669e-01,4.712354928367271656e-01,4.753952906851856008e-01
7.812281295591468888e-01,4.733890782616343579e-02,2.771284951632940197e-01,4.854988537812969795e-01,5.620878526034849276e-01,4.701237637103817257e-01,4.767932001690410315e-01
7.809090982757721511e-01,4.677937737067938695e-02,2.767685852784386724e-01,4.844846304785527802e-01,5.627172501401579430e-01,4.690650804845811761e-01,4.781232994686122062e-01
7.806163516309171380e-01,4.624070193436816134e-02,2.764340590565715350e-01,4.834978352766346466e-01,5.632692955900805432e-01,4.681117640913928790e-01,4.794047561794799739e-01
7.803528864631754658e-01,4.572379737302755681e-02,2.761191514033908834e-01,4.825458016434373554e-01,5.637612619321464846e-01,4.672335132377551381e-01,4.806408565326824034e-01
7.801295282936420161e-01,4.522342771661055916e-02,2.758396478177781441e-01,4.816430314246356592e-01,5.641448251921377111e-01,4.664490934652700260e-01,4.818566692435080623e-01
7.799547387854741665e-01,4.472370417876483234e-02,2.755723382896058116e-01,4.807851284813679515e-01,5.644430852045938529e-01,4.657710874089835418e-01,4.830185896316280814e-01
7.798117721820161385e-01,4.419337333532290940e-02,2.752955195201096661e-01,4.799532187224419544e-01,5.646384645051488738e-01,4.651862112683256556e-01,4.841798230875137277e-01
7.797102664172251840e-01,4.365437161716314435e-02,2.750128255405399624e-01,4.792264493056462848e-01,5.647422994942628005e-01,4.647493107896071285e-01,4.851970976504499933e-01
7.796412757624215928e-01,4.309430004610206866e-02,2.747586353815053006e-01,4.786162470017573667e-01,5.647435619731655532e-01,4.644356853386620299e-01,4.860974094765589393e-01
7.795782939811204404e-01,4.243924453827768728e-02,2.744783672251491224e-01,4.780545315823528374e-01,5.646825135091763093e-01,4.642220821761547378e-01,4.869244111672481057e-01
7.795129460246477127e-01,4.169386288652943834e-02,2.741953248188132575e-01,4.776117938082002357e-01,5.645256979958067634e-01,4.641388889688825015e-01,4.876195263362529397e-01
7.794405167006002166e-01,4.087493424554609900e-02,2.739106075112909267e-01,4.772426404283507395e-01,5.642385820784072692e-01,4.642056935964795072e-01,4.882492792454852237e-01
7.793880293504469314e-01,4.012121997996243028e-02,2.736789013442062490e-01,4.769873353754716105e-01,5.638752091544581013e-01,4.643848940663577451e-01,4.887478905892087555e-01
7.793667802533673639e-01,3.932286746720140003e-02,2.734437214855098275e-01,4.768004026990060318e-01,5.633717681713972247e-01,4.647152109212943083e-01,4.891966880017442065e-01
7.793935084496735888e-01,3.850475708371589589e-02,2.732033665724166727e-01,4.766640159580484148e-01,5.627898513140201509e-01,4.651594014094266871e-01,4.895770934481230019e-01
7.794911291628825456e-01,3.763452779304974488e-02,2.729676825665132700e-01,4.766057910097745154e-01,5.620543924323472273e-01,4.657801581234403132e-01,4.898883793497810224e-01
7.796198866506327541e-01,3.680251337236243453e-02,2.727376556448143363e-01,4.766003389452056482e-01,5.612672049787904571e-01,4.665084546309842262e-01,4.901031557646027825e-01
7.798137325280701804e-01,3.591309667869120592e-02,2.725130042306080358e-01,4.766742306997813761e-01,5.604076512615187022e-01,4.673255501517640242e-01,4.902364453706708480e-01
7.800754483742970979e-01,3.497926279964157226e-02,2.722944601796236652e-01,4.768214133981651948e-01,5.594768739867234109e-01,4.682460671471272984e-01,4.902780719145695132e-01
7.803790384787840928e-01,3.408473436142595014e-02,2.720979224031923049e-01,4.770004728313417819e-01,5.585531167152049115e-01,4.691873760676634197e-01,4.902572496813770164e-01
7.807892587788507477e-01,3.310734224093303535e-02,2.719109059877922174e-01,4.772233474944623799e-01,5.574335863002289893e-01,4.703170806771054258e-01,4.902321053276802454e-01
7.811585023769928027e-01,3.232015032423261880e-02,2.717736283460538416e-01,4.774032806721262290e-01,5.565293597492803057e-01,4.712414164330571698e-01,4.901966001296961806e-01
7.815913258960549559e-01,3.143604205535180385e-02,2.716358933346537108e-01,4.775754780474681382e-01,5.555682302627101832e-01,4.722602730738420518e-01,4.901385913868777089e-01
7.820220136657927146e-01,3.051052376870681468e-02,2.715383535039377350e-01,4.777336728258099185e-01,5.546523744413810464e-01,4.732288460668307439e-01,4.900874826244348559e-01
7.824364767329994308e-01,2.955516395629293955e-02,2.714663347906079993e-01,4.778588580100965322e-01,5.537601502703694001e-01,4.741820229864876501e-01,4.900530755645413628e-01
7.828399259099008134e-01,2.859450096913109321e-02,2.714233109243593955e-01,4.779355602736104491e-01,5.528935482575407789e-01,4.751144133557755334e-01,4.900536896532194375e-01
7.832693758425814945e-01,2.761513031854728392e-02,2.714095093420798577e-01,4.779487450640591550e-01,5.520164535358319524e-01,4.760731058387092096e-01,4.900992042581774344e-01
7.836597888187741834e-01,2.673244018331259395e-02,2.714034533666594973e-01,4.779036948999853540e-01,5.512858674866707442e-01,4.769134223456982236e-01,4.901484859682056494e-01
7.840724390962975354e-01,2.582456495899795174e-02,2.714103446022292365e-01,4.777821251317190820e-01,5.505747859658333132e-01,4.777711417928356963e-01,4.902309476494373652e-01
7.844799593848386099e-01,2.493503666093718416e-02,2.714244369984558647e-01,4.775557248234254537e-01,5.499569732487366025e-01,4.785651450176530708e-01,4.903705325951937533e-01
7.848980281769620815e-01,2.401271841247354377e-02,2.714587762417176586e-01,4.772477978299780599e-01,5.493722673220182706e-01,4.793409519437387134e-01,4.905679393861483994e-01
7.852571229439471168e-01,2.317594576768602921e-02,2.714833069985511105e-01,4.768654770296389955e-01,5.489273944486272594e-01,4.799960323021140729e-01,4.907971489478763494e-01
7.856381290978471377e-01,2.224893124076301326e-02,2.715139705819834548e-01,4.763974457320078182e-01,5.484739074403975900e-01,4.806955420839337245e-01,4.910739683364553354e-01
7.859933041009248278e-01,2.137830465488385276e-02,2.716052152582931756e-01,4.758941565121435069e-01,5.480641610569190192e-01,4.813309613336751447e-01,4.913969198358604795e-01
7.863252187039704300e-01,2.049874093341402803e-02,2.717041438885746674e-01,4.753155108438602561e-01,5.477339750558040121e-01,4.819216435327481340e-01,4.917460596847755272e-01
7.866401923967130116e-01,1.959827638132944846e-02,2.718182120790538780e-01,4.747159480410023669e-01,5.474355408344825369e-01,4.824851441892675230e-01,4.921048495427084446e-01
7.869233002918930575e-01,1.869696896613372988e-02,2.719397285384230201e-01,4.741314867436455249e-01,5.472100863863627040e-01,4.829731988704181744e-01,4.924401931282270661e-01
7.872254026890561640e-01,1.767377326339755056e-02,2.721474853818067752e-01,4.734651287621495785e-01,5.469805517423540486e-01,4.834499710286644381e-01,4.928683124063207854e-01
7.874705028775501603e-01,1.676359034758455324e-02,2.723504239467896548e-01,4.728322960092405380e-01,5.467723933819531590e-01,4.839030905808587857e-01,4.932619675307369222e-01
7.877006084780187045e-01,1.580485559403642035e-02,2.725925240110267933e-01,4.721465497691646473e-01,5.465559453654038613e-01,4.843662396239542534e-01,4.937039396635937716e-01
7.879009108392165395e-01,1.487844757479933611e-02,2.728440564724657902e-01,4.714199517470544776e-01,5.463462968551372478e-01,4.848292949459983570e-01,4.941755839472941614e-01
7.880802980365717580e-01,1.395801063883964771e-02,2.730942318928301638e-01,4.706749041648256582e-01,5.461472184079201320e-01,4.852929475344924803e-01,4.946504882116342094e-01
7.882548450902880921e-01,1.298583363811216251e-02,2.733549379677467361e-01,4.698569067738094795e-01,5.459939609730763976e-01,4.857292099607921632e-01,4.951688765751973698e-01
7.884116990382862289e-01,1.207935660920575645e-02,2.735966613625017141e-01,4.691324160667695864e-01,5.458588329117259885e-01,4.861259016022971835e-01,4.956152928622735709e-01
7.885863441370764004e-01,1.114075267150977169e-02,2.738745698128866035e-01,4.683435939726808273e-01,5.457198234108783241e-01,4.865286620405069318e-01,4.961189507912661112e-01
7.887719888763690124e-01,1.023398357353695956e-02,2.741443991710137973e-01,4.675391824118790285e-01,5.455757519728519078e-01,4.869655883028823906e-01,4.966072165985072617e-01
7.889760952397049110e-01,9.267498818689053064e-03,2.744299134494009307e-01,4.666821536646971746e-01,5.454507477988590480e-01,4.874113249516785484e-01,4.971131153826003901e-01
7.891556207945831236e-01,8.392254551721486239e-03,2.746946459979738853e-01,4.659070733822092691e-01,5.453461805672117357e-01,4.878302992420043838e-01,4.975437080846616955e-01
7.893351164087563099e-01,7.447578292506553538e-03,2.749992843882204663e-01,4.650989226508845942e-01,5.452734181226254195e-01,4.882158179010178678e-01,4.980012116341636652e-01
7.895217892916354119e-01,6.436670820947325983e-03,2.753193502941269633e-01,4.642591981175092641e-01,5.452077012585740956e-01,4.886371161477702785e-01,4.984433048747061168e-01
7.897036281491541798e-01,5.485528496173080852e-03,2.756619890374947812e-01,4.634536739923810211e-01,5.451433545878262565e-01,4.890364804431353019e-01,4.988714622099427731e-01
7.898721054657605878e-01,4.557181893766493533e-03,2.760001652222034418e-01,4.626313128693129717e-01,5.450800166012613746e-01,4.894767276784411925e-01,4.992720470004198829e-01
7.900263555110914604e-01,3.696093100500418439e-03,2.763464610508948316e-01,4.618481407310141007e-01,5.450092705423559281e-01,4.899137995686846936e-01,4.996455332717076869e-01
7.901900375244355068e-01,2.796533377201496952e-03,2.767178282902114095e-01,4.610126640479438320e-01,5.449575456236971371e-01,4.903782118418873459e-01,5.000178060889096665e-01
7.903707908744241895e-01,1.889776888951594323e-03,2.770986693315282134e-01,4.601955470892111211e-01,5.449276655727799401e-01,4.908448654926832466e-01,5.003450966604269246e-01
7.906003304761770600e-01,9.223118012530590049e-04,2.775806433538328677e-01,4.593013516117789852e-01,5.448706619273540053e-01,4.913567295766419485e-01,5.007262670144108085e-01
7.908134939070066149e-01,1.588844262949487551e-04,2.779858196828069450e-01,4.585842994428528940e-01,5.447982816896397296e-01,4.918127769178471387e-01,5.010144359525777746e-01
7.910643693035867008e-01,-6.137858544287045932e-04,2.784157578981867331e-01,4.578034572655168555e-01,5.447399022246361966e-01,4.923090222281015227e-01,5.013045582007453760e-01
7.913733844636436920e-01,-1.463021292030781831e-03,2.788937695426176866e-01,4.569734672367782302e-01,5.446807293478732603e-01,4.928725251758286907e-01,5.015723549453937613e-01
7.916810351181123862e-01,-2.289703168548352062e-03,2.793447851575928675e-01,4.562075869923990501e-01,5.446539963174409360e-01,4.934229192466032532e-01,5.017573961868163623e-01
7.920101205421572477e-01,-3.130757206300397843e-03,2.798269878999214422e-01,4.553933433040794343e-01,5.446375507502781987e-01,4.940185996742037511e-01,5.019287443084027300e-01
7.923139957002318656e-01,-3.873834689133988200e-03,2.802658244484850236e-01,4.546809270220281696e-01,5.446149368681806324e-01,4.945941235705417771e-01,5.020323476350347924e-01
7.926796397087871870e-01,-4.698648828181885631e-03,2.807764880644383898e-01,4.539368469990898158e-01,5.445716445891199964e-01,4.952541818196817269e-01,5.021019400840269764e-01
7.930523139824607881e-01,-5.457803212604362721e-03,2.813140870507464530e-01,4.532478417604864362e-01,5.445227821890155084e-01,4.958650830913796104e-01,5.021744248638856378e-01
7.934199862364422762e-01,-6.186222501910662239e-03,2.818464358277001369e-01,4.526483586218693067e-01,5.444508954270562695e-01,4.964755017312794116e-01,5.021899661346077570e-01
7.938293312112096878e-01,-6.965620539554229045e-03,2.824392256485653840e-01,4.519931062792186816e-01,5.443620710246663830e-01,4.971884431555467221e-01,5.021711057979767467e-01
7.942058312880192483e-01,-7.633443791000164846e-03,2.829971755341186834e-01,4.513998403110868751e-01,5.442930563543729727e-01,4.978254705135849445e-01,5.021484380932278446e-01
7.946047830813343094e-01,-8.312713943227528421e-03,2.835649177273605881e-01,4.507833200711317545e-01,5.442206508556231004e-01,4.985455120623300540e-01,5.020663839876542411e-01
7.950279754825747558e-01,-8.974759483069479071e-03,2.841672157718164726e-01,4.502155717074723396e-01,5.441272932625551562e-01,4.992755426977654176e-01,5.019515516289703161e-01
7.954772548593432857e-01,-9.622894633015088156e-03,2.847794930173283556e-01,4.496858015118825325e-01,5.440267868467866252e-01,5.000287074706333268e-01,5.017856383128401765e-01
7.959514415279012045e-01,-1.023845137873185575e-02,2.854197788982185680e-01,4.492059182841754983e-01,5.438882791431322028e-01,5.008211755401069665e-01,5.015752515025220237e-01
7.964365816515425189e-01,-1.079832161062439788e-02,2.860867219291703401e-01,4.487505833153993540e-01,5.437466651395531647e-01,5.016106706601933807e-01,5.013473977229110368e-01
7.969053471930834798e-01,-1.128303643643725762e-02,2.867724963821415285e-01,4.483355627962297696e-01,5.435480438426242289e-01,5.024439584619926347e-01,5.010996066373309965e-01
7.973443089447038723e-01,-1.173476134359341914e-02,2.874772826505738177e-01,4.479841381723604354e-01,5.433280446825782262e-01,5.032885944735463468e-01,5.008047907919971342e-01
7.977458263883746570e-01,-1.215615937922547539e-02,2.881324086330773748e-01,4.476407695396870112e-01,5.431478162253775555e-01,5.041535490675190800e-01,5.004371989951836852e-01
7.981446513569374623e-01,-1.256799435988997099e-02,2.887756369817354729e-01,4.474032408475573930e-01,5.429510689823852099e-01,5.050513281512536423e-01,4.999576309075025038e-01
7.985662398055928257e-01,-1.292855743362776241e-02,2.894207029887178040e-01,4.472576659232084806e-01,5.427216846592066712e-01,5.060032513010882527e-01,4.993740711594104043e-01
7.990251431599655341e-01,-1.327198029935611548e-02,2.900744608847961592e-01,4.471930576283324466e-01,5.425322062486235275e-01,5.069211958880404101e-01,4.987064021560811411e-01
7.995093937644273119e-01,-1.354894422795365622e-02,2.907432311822315540e-01,4.472208698464574805e-01,5.422994649032091274e-01,5.078885906425062435e-01,4.979497599503787675e-01
7.999981281799276589e-01,-1.377717466086883155e-02,2.914479848670580298e-01,4.473418453101884462e-01,5.420592323212553021e-01,5.089244302791446906e-01,4.970442498961382127e-01
8.003903538386096805e-01,-1.389860922924148270e-02,2.921148218997564605e-01,4.475523324140896486e-01,5.417643321928869993e-01,5.099391715024085281e-01,4.961354245382407213e-01
8.007413459377339393e-01,-1.393934596483036720e-02,2.928166566623887079e-01,4.478220134898728833e-01,5.414471147347014179e-01,5.110391534776959066e-01,4.951054935992360018e-01
8.010524376251957346e-01,-1.388991122420225530e-02,2.935406270824116870e-01,4.481724909273884783e-01,5.410859371217129343e-01,5.121952297068783633e-01,4.939873213864660606e-01
8.013639799104788075e-01,-1.377732362423231098e-02,2.943319289776066827e-01,4.486303967182408980e-01,5.406521726530463257e-01,5.134461697285922499e-01,4.927464115922226551e-01
8.016573009472808264e-01,-1.365456521859105543e-02,2.950952160420959314e-01,4.491706105073864919e-01,5.402073442276055237e-01,5.145909036528498737e-01,4.915465285979774834e-01
8.019657650125950887e-01,-1.347328836342127217e-02,2.958840754493449188e-01,4.497911596912775867e-01,5.397006506032160367e-01,5.158523261722629538e-01,4.902116869115894504e-01
8.022699180428403132e-01,-1.324494460955111599e-02,2.966648743762941853e-01,4.504785386531541813e-01,5.391279802072984628e-01,5.171960285762053910e-01,4.887927732644154477e-01
8.025488024169239454e-01,-1.299752648656773285e-02,2.974434067401519610e-01,4.512547448217202328e-01,5.385408004197693721e-01,5.185474826852144448e-01,4.872899237209255552e-01
8.027865642258724677e-01,-1.268100315197980173e-02,2.982079852690115995e-01,4.520864090749771580e-01,5.378820775382479047e-01,5.199798100630401709e-01,4.857177642619583402e-01
8.029747371652032895e-01,-1.236970258827909015e-02,2.989290520682761354e-01,4.529745983388505093e-01,5.372472493553432926e-01,5.214174615249000944e-01,4.840487962352598705e-01
8.031207048033797147e-01,-1.205606023776319841e-02,2.995734253195448393e-01,4.538652277334152552e-01,5.366274959343617645e-01,5.228174349796012033e-01,4.823890705053983097e-01
8.032662062136971537e-01,-1.170313483854479482e-02,3.002515673708819333e-01,4.548613991834492554e-01,5.359466190053023826e-01,5.243023177730143924e-01,4.805927680349603159e-01
8.034492290039587647e-01,-1.129643939259997870e-02,3.009907887108301261e-01,4.559956226078336616e-01,5.351897307426631833e-01,5.258289543919455467e-01,4.786897272693064753e-01
8.036744423052091246e-01,-1.086078135393480845e-02,3.017340417848062284e-01,4.571624963190273894e-01,5.344074715140365583e-01,5.272445887067372938e-01,4.768901865511522842e-01
8.039167616974398634e-01,-1.035617476159663743e-02,3.024477650098762460e-01,4.583537982332299698e-01,5.335946062397287637e-01,5.286584440460255774e-01,4.750882458826735655e-01
8.041599206427623159e-01,-9.804856614271358420e-03,3.031241634919996653e-01,4.595746979739456228e-01,5.327603460610793595e-01,5.300507435639808529e-01,4.732903124872795408e-01
8.043940766205802673e-01,-9.187698626940590807e-03,3.037642111995152439e-01,4.608031121463195823e-01,5.319148413222404281e-01,5.314272266853926618e-01,4.714999429001814346e-01
8.046132193238769714e-01,-8.541466426210370111e-03,3.043449414821945420e-01,4.620421101254106322e-01,5.310689587344965545e-01,5.327855970196899715e-01,4.697045423964814059e-01
8.048299606251702043e-01,-7.868871186485777713e-03,3.048618723832424160e-01,4.632691133567707342e-01,5.302681473882190355e-01,5.340942348344880353e-01,4.679110693194380999e-01
8.050663374189487298e-01,-7.184711226396933194e-03,3.053605442383710566e-01,4.645318448658876109e-01,5.294699572583339009e-01,5.353463714636497173e-01,4.661287290299289121e-01
8.052955867521808253e-01,-6.490665266165672465e-03,3.058040098738014079e-01,4.658582194020562395e-01,5.286935414879778694e-01,5.366151308755351401e-01,4.642235021192676614e-01
8.054862066071875049e-01,-5.893646530743233865e-03,3.061925919643505023e-01,4.670221733071788783e-01,5.280410199456130327e-01,5.376290053149750392e-01,4.626208204764099552e-01
8.056742987478289209e-01,-5.149214763865251482e-03,3.065893844481240027e-01,4.683385410653102543e-01,5.273096977912132832e-01,5.387799590861478416e-01,4.607815634932512783e-01
8.058399132031667245e-01,-4.409730369937899484e-03,3.069634996249595571e-01,4.695644735149428484e-01,5.266424452865507977e-01,5.398035186158984811e-01,4.590959609113681172e-01
8.059922261287761902e-01,-3.672930909802246593e-03,3.073294352913956140e-01,4.707864977477693169e-01,5.259999728278373921e-01,5.407412322594347120e-01,4.574746133481638055e-01
8.061307973145591665e-01,-2.967432907842623875e-03,3.076474307337091485e-01,4.719163701144471479e-01,5.254244467625395210e-01,5.415576802801618239e-01,4.560036943839967383e-01
8.062844149965857632e-01,-2.197543469258798204e-03,3.079774018189911367e-01,4.730635182283142171e-01,5.248528928845165309e-01,5.423287725509838841e-01,4.545545632985621420e-01
8.064426464418568141e-01,-1.417536143138514986e-03,3.082801477270624702e-01,4.742381875398648527e-01,5.243245253176133103e-01,5.430186334965558803e-01,4.531144417306697814e-01
8.065766787575289198e-01,-6.704819908441676801e-04,3.085088695404362702e-01,4.752913156337175149e-01,5.238904784188109787e-01,5.435874379664100697e-01,4.518292035608076906e-01
8.067072157388969211e-01,8.918121768179774339e-05,3.086803940444757255e-01,4.762621323288426245e-01,5.235309216089284456e-01,5.440719691259967572e-01,4.506389328944520045e-01
8.068310744507658505e-01,8.622058090782666259e-04,3.088111385229435624e-01,4.771564442983976528e-01,5.232196922511896942e-01,5.444875635998934760e-01,4.495510809575843925e-01
8.069291547523735897e-01,1.625663858625904165e-03,3.088871842450268135e-01,4.779693109967160791e-01,5.229831688565564907e-01,5.448337129001432633e-01,4.485422701658379196e-01
8.069994680200187620e-01,2.390882866125683317e-03,3.089415856899389023e-01,4.786984101397329661e-01,5.228177832365411559e-01,5.450772770477007034e-01,4.476607640921696496e-01
8.070265646622075684e-01,3.151533638882956720e-03,3.089806992222823290e-01,4.793361339595412218e-01,5.227590699097767191e-01,5.451842193832688865e-01,4.469160910542849252e-01
8.069938196747867831e-01,4.328279462381037085e-03,3.090185926080376011e-01,4.802530045451692264e-01,5.228811099822968655e-01,5.450965807028841370e-01,4.458947343881096148e-01
8.069366340430716988e-01,4.998212512360015666e-03,3.090292938057217498e-01,4.806985160144711111e-01,5.230707672548114973e-01,5.448835634103479375e-01,4.454523672293026482e-01
8.068380657899747455e-01,5.650842726770678032e-03,3.090176340701435986e-01,4.810827524369145625e-01,5.233587428756623083e-01,5.445538322476012327e-01,4.451023874882948372e-01
8.067273221696116270e-01,6.307682482792969017e-03,3.090151846969695359e-01,4.814312410409078979e-01,5.237180592894656872e-01,5.441187761008535739e-01,4.448349267069711122e-01
8.065980883860394135e-01,6.977816329224616719e-03,3.089801671410604689e-01,4.816743393513482907e-01,5.242031810084162302e-01,5.435583290324196293e-01,4.446855054649112016e-01
8.064607715677216682e-01,7.662946966868371297e-03,3.088907655788766804e-01,4.818267999903762533e-01,5.248132466569860322e-01,5.428654753911990039e-01,4.446471259017369948e-01
8.063241194616045382e-01,8.350475978815351252e-03,3.087942784726684375e-01,4.819116521863481273e-01,5.255442028871337712e-01,5.419984270947186822e-01,4.447495422432745094e-01
8.061845563406393467e-01,9.040088157150859977e-03,3.086783423666835113e-01,4.819200447781131214e-01,5.263933507865050654e-01,5.409850968976833707e-01,4.449699266505783846e-01
8.060384937551029472e-01,9.755033611898920182e-03,3.085197021710516241e-01,4.818346717795697898e-01,5.273421815637331367e-01,5.398795075849388558e-01,4.452815849600348375e-01
8.059025689881638144e-01,1.044832094286072405e-02,3.083316726061789970e-01,4.816409236993919318e-01,5.283627754030728596e-01,5.386961849165331495e-01,4.457142790428983425e-01
8.057614057396931262e-01,1.116130445225810806e-02,3.080991574500932528e-01,4.813261564693319117e-01,5.295912662941054672e-01,5.372991067836478951e-01,4.462823003581478098e-01
8.056208307494994170e-01,1.193128582153241829e-02,3.078440974761974536e-01,4.808766649129553317e-01,5.309864340753523981e-01,5.357025483287287670e-01,4.470277616482460359e-01
8.054946481532930802e-01,1.265700127076169884e-02,3.076173309234752073e-01,4.803645311083880598e-01,5.324254533584376059e-01,5.340188656524378352e-01,4.478804583774161352e-01
8.053515122472102439e-01,1.335944381816974585e-02,3.073845399234789721e-01,4.797448878509635861e-01,5.340026330101482754e-01,5.321672437804934042e-01,4.488697530087856213e-01
8.051880106616782218e-01,1.399023686769089100e-02,3.071537142242999896e-01,4.790764163027880218e-01,5.355903265797583579e-01,5.303075165272133074e-01,4.498919062746128406e-01
8.049646690722186415e-01,1.465167713849219872e-02,3.068936659260994571e-01,4.782177062019405955e-01,5.374654056186609630e-01,5.281315072759763529e-01,4.511273370795964022e-01
8.047153035185866665e-01,1.523408600402118007e-02,3.066833556115077242e-01,4.773503576053974018e-01,5.392228931617839560e-01,5.260915174295961450e-01,4.523306565697923776e-01
8.043870690834657999e-01,1.583914785176292889e-02,3.064800190069210117e-01,4.763385160646514960e-01,5.411228459712831285e-01,5.239027263501400133e-01,4.536668568499960807e-01
8.039523765211311623e-01,1.648475553397640847e-02,3.062880876510592487e-01,4.751366527967053610e-01,5.431718045033188114e-01,5.215821069492314610e-01,4.551501484918487050e-01
8.034572655682103992e-01,1.706463349582730896e-02,3.061120674629533855e-01,4.738946403740353919e-01,5.451596898274373437e-01,5.193740178382914019e-01,4.565910774495337554e-01
8.029021036198680239e-01,1.764604393414308248e-02,3.060200329489521920e-01,4.725882634429464102e-01,5.471149622265473189e-01,5.171883638903331804e-01,4.580848694513542374e-01
8.022789858479617564e-01,1.813438602083574519e-02,3.060069763590083092e-01,4.712621641956012408e-01,5.490817015907141219e-01,5.149913020216875248e-01,4.595706870742857220e-01
8.016271304837732092e-01,1.854207049072039565e-02,3.060079804784686663e-01,4.699606858290238387e-01,5.509376870941224968e-01,5.129777869781666499e-01,4.609321086466799389e-01
8.008901210883293542e-01,1.891759904606469395e-02,3.060853421562961807e-01,4.685872536769987717e-01,5.528482944530134224e-01,5.109019591110078862e-01,4.623461227136833052e-01
8.000425393678609609e-01,1.927683591461178125e-02,3.062092009241322854e-01,4.671286857320123831e-01,5.548151232565292634e-01,5.088026757316189697e-01,4.637788342954753396e-01
7.992146253743531714e-01,1.954581422083596920e-02,3.064451230696003114e-01,4.658021911776057400e-01,5.565947817334369052e-01,5.068615798472405620e-01,4.651041888824569148e-01
7.983398182899517082e-01,1.979023439563771039e-02,3.066880881564206796e-01,4.644756254770486259e-01,5.583097051361830543e-01,5.050571666869697607e-01,4.663367076121963661e-01
7.974234187070909918e-01,2.000609095874201007e-02,3.069669311725150007e-01,4.632068903697084128e-01,5.598828415136787306e-01,5.034583846331763812e-01,4.674400875354470242e-01
7.965473802411646709e-01,2.016224424380160668e-02,3.072629933334408148e-01,4.621946756213278773e-01,5.611083201208567628e-01,5.022482399531020825e-01,4.682736810695818375e-01
7.955402909835957992e-01,2.029186230344815628e-02,3.075639743374682378e-01,4.613744547139300156e-01,5.620698135976995857e-01,5.013915022445315506e-01,4.688472018223450166e-01
7.946451032199054465e-01,2.036374960154127209e-02,3.078787818811330457e-01,4.609316853856392782e-01,5.625772265203674571e-01,5.009777531602584988e-01,4.691163357278280155e-01
7.936891688371598974e-01,2.043563681680893307e-02,3.081800474888344299e-01,4.606946029443332868e-01,5.628257025097233024e-01,5.008924154422502717e-01,4.691423020415317335e-01
7.927468840834388519e-01,2.049614953520891708e-02,3.085010775058971699e-01,4.606019732402680811e-01,5.628921961094798254e-01,5.009969048322933105e-01,4.690418948821953871e-01
7.917410216554845448e-01,2.054161877272596415e-02,3.087941798679689764e-01,4.605441477971236042e-01,5.628978217430022912e-01,5.012389740147711326e-01,4.688332551509374335e-01
7.907792537747877493e-01,2.054810810063488133e-02,3.090694411985104306e-01,4.604951722794680680e-01,5.628925267607302052e-01,5.015022813536148538e-01,4.686060834233197747e-01
7.898157455108314462e-01,2.053071669646904657e-02,3.093538897369385032e-01,4.604670854012220538e-01,5.628473532743777374e-01,5.018151008332203400e-01,4.683529916098287949e-01
7.888954922140096748e-01,2.050221028668242421e-02,3.096328237235400627e-01,4.604525770848610922e-01,5.627765679773863994e-01,5.021432420304057231e-01,4.681005482529342898e-01
7.879500718649838920e-01,2.043716721138289991e-02,3.099764304791631786e-01,4.604623747216233798e-01,5.626813352971846705e-01,5.024707296414178126e-01,4.678539112025480451e-01
7.870042155036106601e-01,2.037972354832766689e-02,3.103330474529220062e-01,4.604632192082142583e-01,5.625777474225899244e-01,5.027941072091725028e-01,4.676301825343010532e-01
7.860736410639523886e-01,2.030317396865106636e-02,3.106977155412822267e-01,4.604726903732248022e-01,5.624706920227686702e-01,5.031095259280166099e-01,4.674103410883826970e-01
7.851320705574020842e-01,2.024556538160113620e-02,3.110469298491576606e-01,4.604492226550968015e-01,5.623751597498887200e-01,5.034300660615177447e-01,4.672032337622463172e-01
7.842011386404632578e-01,2.019160543565211990e-02,3.114076500031272010e-01,4.604357642822548558e-01,5.622734000880272864e-01,5.037153714033071328e-01,4.670314284234984292e-01
7.832080023161707150e-01,2.015750811932961323e-02,3.117517589205697215e-01,4.604189553303099092e-01,5.621727828431333229e-01,5.039878108630054809e-01,4.668751806473209753e-01
7.823175136185807066e-01,2.013903946932684916e-02,3.120605279005943533e-01,4.604164467352868662e-01,5.620916314183274087e-01,5.041821589091748379e-01,4.667655129750050147e-01
7.813048824835033823e-01,2.015321695810737973e-02,3.123358697606163359e-01,4.603627178762128014e-01,5.620423438627123458e-01,5.043841307496886861e-01,4.666596407906046795e-01
7.803991854593121946e-01,2.018129020032431373e-02,3.126009975861835932e-01,4.603036979799915995e-01,5.620168130528848671e-01,5.045069790375004137e-01,4.666158115347984192e-01
7.794287814328124675e-01,2.019735142802548539e-02,3.128549598604890569e-01,4.602393745887305432e-01,5.620006888543477297e-01,5.046336033005283106e-01,4.665617539247486345e-01
7.784669280525583490e-01,2.019747782955862159e-02,3.131180376093393725e-01,4.602002561678298909e-01,5.619851003381994836e-01,5.047341989832943021e-01,4.665102995622066873e-01
7.774958873507976653e-01,2.019499431521907043e-02,3.133540325428650353e-01,4.601472461820519944e-01,5.619958026106379734e-01,5.048403348023251525e-01,4.664348465067496008e-01
7.765203601888035490e-01,2.019060984957984223e-02,3.135705259475743412e-01,4.600907641632399070e-01,5.620169124692688811e-01,5.049456571803523364e-01,4.663511146388503725e-01
7.755540082777212518e-01,2.018073356822388392e-02,3.138101080926088970e-01,4.600503353949375041e-01,5.620314301971444104e-01,5.050296459533539783e-01,4.662825506940914133e-01
7.745257936701069879e-01,2.016745424230845241e-02,3.140427644009923247e-01,4.599977750742059168e-01,5.620547220674475541e-01,5.051263384386436295e-01,4.662015857373646988e-01
7.735638676315055307e-01,2.015940613296258663e-02,3.142875102240835217e-01,4.599520106267320774e-01,5.620627815785786963e-01,5.052186737678644457e-01,4.661369639503149531e-01
7.725944174850686297e-01,2.015116760028107246e-02,3.145382699374712487e-01,4.599038072430823854e-01,5.620670655985561259e-01,5.053195116422624089e-01,4.660700516085232170e-01
7.716395156518389697e-01,2.014811769167810726e-02,3.148038897084117771e-01,4.598397512037387669e-01,5.620746440843306102e-01,5.054243426783273652e-01,4.660104414265174855e-01
7.706704775924517747e-01,2.015782698470256276e-02,3.150401065666126321e-01,4.597377925189652936e-01,5.620861085412284242e-01,5.055786403590896150e-01,4.659298306906541898e-01
7.697684239227322589e-01,2.016370872496334871e-02,3.153111384624742164e-01,4.596506887561204735e-01,5.620767588453733365e-01,5.057348436023214600e-01,4.658575205558448951e-01
7.687777861312157235e-01,2.016074874841805933e-02,3.156466800127530892e-01,4.595627275611235962e-01,5.620490059178406828e-01,5.059273876861517527e-01,4.657687116718058906e-01
7.678554511814601469e-01,2.015003042067270780e-02,3.160059429468742298e-01,4.594771694117309457e-01,5.620145963402430889e-01,5.061236922959908568e-01,4.656813635809041729e-01
7.669451066612315016e-01,2.011331941330317397e-02,3.163901876325149187e-01,4.593529774486013739e-01,5.620118427406206596e-01,5.063540504437702428e-01,4.655567702521190565e-01
7.661261779075044798e-01,2.005540125539015395e-02,3.168125749848887396e-01,4.592486960032652332e-01,5.619889517636411647e-01,5.066119424276823713e-01,4.654066964543535634e-01
7.653763426826378780e-01,1.998446100714158444e-02,3.172845809309979281e-01,4.591681634189725414e-01,5.619146313277467719e-01,5.070072633185819244e-01,4.651453318528011582e-01
7.647553409707652516e-01,1.987486037301106762e-02,3.177865649806372872e-01,4.591205163038794002e-01,5.618128299966769212e-01,5.075029999188993557e-01,4.647745696929874715e-01
7.643960014181185869e-01,1.976865605468428044e-02,3.183099267525871801e-01,4.591660805781878074e-01,5.616456500465351054e-01,5.079731833554665954e-01,4.644178282774938382e-01
7.642476741010710839e-01,1.963984291990210351e-02,3.187080270121049885e-01,4.592960281892266017e-01,5.614163373697391712e-01,5.084891118867372883e-01,4.640018078807298663e-01
7.642310984215405778e-01,1.949064958806499478e-02,3.189747175061614648e-01,4.595350717107403726e-01,5.610827666760338506e-01,5.089973818349909918e-01,4.636111647621274923e-01
7.642680842820283038e-01,1.936264720171856912e-02,3.191715406721398751e-01,4.598684720962733508e-01,5.606340081644439755e-01,5.094759196712209670e-01,4.632977277480140321e-01
7.643025192400596524e-01,1.924958755858872939e-02,3.192613949817056374e-01,4.602242382976942103e-01,5.601455210416311781e-01,5.099878818746970133e-01,4.629719279624484041e-01
7.643500290924674090e-01,1.913218429860032849e-02,3.192525573589962695e-01,4.606026624807656455e-01,5.595918377359654361e-01,5.106602507736870411e-01,4.625238055869879128e-01
7.645169846677012382e-01,1.903961057656777811e-02,3.192132918050261670e-01,4.609240056242617789e-01,5.591338181649049277e-01,5.113937826258000419e-01,4.619467864541286772e-01
7.649088485471642329e-01,1.896261886335091212e-02,3.191914747845215894e-01,4.612309877140078895e-01,5.587306799791132983e-01,5.122702967920013117e-01,4.611563143306978696e-01
7.655018715999641898e-01,1.893673378634786603e-02,3.192464101362263995e-01,4.615286183755216154e-01,5.583485421967652185e-01,5.131924923079991263e-01,4.602952375224332315e-01
7.662812421212035208e-01,1.892177958046773259e-02,3.194299334781006694e-01,4.619053987040735998e-01,5.579300057996852136e-01,5.141057966367204024e-01,4.594047683045062169e-01
7.671878740853519396e-01,1.891879296207089889e-02,3.197068505066492095e-01,4.623232444850672307e-01,5.574885482706066764e-01,5.149715692261843669e-01,4.585499090008126610e-01
7.681932967201289264e-01,1.892365643841248390e-02,3.200326710615543080e-01,4.627493600109612859e-01,5.570406083923470364e-01,5.157003990474673394e-01,4.578448305196996526e-01
7.692325396890086209e-01,1.893122839686314438e-02,3.203253961739823130e-01,4.630857037947991861e-01,5.566754786294959567e-01,5.162297543670826272e-01,4.573520341483117146e-01
7.703093540418062268e-01,1.896568110967589149e-02,3.205865932473458413e-01,4.633395429410182564e-01,5.563782572271334104e-01,5.165626428080352106e-01,4.570806699996011191e-01
7.713046518652710848e-01,1.898691288318761841e-02,3.206996933566403918e-01,4.634333733331382765e-01,5.562426562708600031e-01,5.167510335303271418e-01,4.569376162794490659e-01
7.723873235917523283e-01,1.899071426390509798e-02,3.207114554986057464e-01,4.634371860875903248e-01,5.562106024664915660e-01,5.168631858726647765e-01,4.568459120366928361e-01
7.733818717436621304e-01,1.899292182562255238e-02,3.206253157177103574e-01,4.633819025691629512e-01,5.562428153959492194e-01,5.169448075367374384e-01,4.567704113146735523e-01
7.743624937337190151e-01,1.894098908343183618e-02,3.204910280040199066e-01,4.633338141359760742e-01,5.563114755708787884e-01,5.169976260312448835e-01,4.566757859843430523e-01
7.752820920550741457e-01,1.888609112703276000e-02,3.203176444531178335e-01,4.632662217846378327e-01,5.564070815724347918e-01,5.170552043143701315e-01,4.565626824663374661e-01
7.762929861855776270e-01,1.880776669193623754e-02,3.201261965963019818e-01,4.632062109616629231e-01,5.565138477050541876e-01,5.170980371877743620e-01,4.564449182273873085e-01
7.772086166438173516e-01,1.874566641220813679e-02,3.199565222340013948e-01,4.631533637652087698e-01,5.566072522427075731e-01,5.171285385156069170e-01,4.563500882398375813e-01
7.782180351590717304e-01,1.863588448650342622e-02,3.197739871705091441e-01,4.631198404421166259e-01,5.567100079660891598e-01,5.171537702554591664e-01,4.562301593821139201e-01
7.791535891079339748e-01,1.855122781363786888e-02,3.196406866797784629e-01,4.631061675894413976e-01,5.567754634246679935e-01,5.171574056074811354e-01,4.561600362747765258e-01
7.801800027059870857e-01,1.843572907326473942e-02,3.194889078971892560e-01,4.631224025140956990e-01,5.568228314694404490e-01,5.171674495110806236e-01,4.560743402233138344e-01
7.811853479402829370e-01,1.838533882350331869e-02,3.193873431423344122e-01,4.631381420015754369e-01,5.568260181544175680e-01,5.171665881306150014e-01,4.560554429572828972e-01
7.821796389764326118e-01,1.836386106125968351e-02,3.192693463744641358e-01,4.631071559197459941e-01,5.568409690238086407e-01,5.171636161072424853e-01,4.560720244955069336e-01
7.832003889867407143e-01,1.835954792429271565e-02,3.191873210748335521e-01,4.631033472820276775e-01,5.568071143857360461e-01,5.171466776027001666e-01,4.561364280016458328e-01
7.842032669557369440e-01,1.837749843665026361e-02,3.190803526500446408e-01,4.630753569021568983e-01,5.567610168245994418e-01,5.171547238094240662e-01,4.562119853927297797e-01
7.851686677943450210e-01,1.839321924699115901e-02,3.190046878165002653e-01,4.630717904157659603e-01,5.566875507689634794e-01,5.171599527269004071e-01,4.562993217565635695e-01
7.862041537266076796e-01,1.841019852399130435e-02,3.188456307287269587e-01,4.630222307723255715e-01,5.566344476930896734e-01,5.172079670306258814e-01,4.563599722719721141e-01
7.871873560896704980e-01,1.838013663814589554e-02,3.186883717694686813e-01,4.629827149810327724e-01,5.566092728250878752e-01,5.172294584904731929e-01,4.564064091394540168e-01
7.881166177054916844e-01,1.830561253944039055e-02,3.185292671031788592e-01,4.629670779447854767e-01,5.565910650526617598e-01,5.172427062646196561e-01,4.564294620846277573e-01
7.891366414375091676e-01,1.820494741503588670e-02,3.183362994318623684e-01,4.629471494624971539e-01,5.565890186584753208e-01,5.172556165536338346e-01,4.564375403678622711e-01
7.900700072389659212e-01,1.808972227112893780e-02,3.181834019606138431e-01,4.629506170227694617e-01,5.565926696726763989e-01,5.172381071257869944e-01,4.564494131903479857e-01
7.910955772829835198e-01,1.792563771362026132e-02,3.180102068514673586e-01,4.629683596182632144e-01,5.565954004615597528e-01,5.172279643418987716e-01,4.564395809744655197e-01
7.920378389376876438e-01,1.777075877300891837e-02,3.178857275339672661e-01,4.630115525982063107e-01,5.565755181416774944e-01,5.171993445503805242e-01,4.564524430459085402e-01
7.930617187041549832e-01,1.761312904414211872e-02,3.177030962717991569e-01,4.630241955577059088e-01,5.565581119111085995e-01,5.171927926620977223e-01,4.564682657233266605e-01
7.940022316216323039e-01,1.744531220381328671e-02,3.175581636582640588e-01,4.630535839421596744e-01,5.565195908021057791e-01,5.171822149926733614e-01,4.564974040967265667e-01
7.950214685575367479e-01,1.729453946115203089e-02,3.173767451400155704e-01,4.630367167806096473e-01,5.564707980512074714e-01,5.172000158598024644e-01,4.565538231401702896e-01
7.960522167826111772e-01,1.714087368855621643e-02,3.172053953001212623e-01,4.630046189043102722e-01,5.563982913999439006e-01,5.172141829129439650e-01,4.566586834761751645e-01
7.969633101392371577e-01,1.699403369428291455e-02,3.170228521306523994e-01,4.629626902375560960e-01,5.563117114535149899e-01,5.172451107461722986e-01,4.567716306392567982e-01
7.979238767199066107e-01,1.680176554465269423e-02,3.168391012389045747e-01,4.629177959663056674e-01,5.561733472204952733e-01,5.172975003163527985e-01,4.569262721552582729e-01
7.988283414252401737e-01,1.657918867265351787e-02,3.165989342649090377e-01,4.627923678195330903e-01,5.559685795577871126e-01,5.174191005127527498e-01,4.571647812956073920e-01
7.995978081898994505e-01,1.622982667550647642e-02,3.163490067181069509e-01,4.626055672568182286e-01,5.557232797337779973e-01,5.175681676390889718e-01,4.574832427003708846e-01
8.002614104109155857e-01,1.572147288383327415e-02,3.160912344191386669e-01,4.623388337597910680e-01,5.553616661269005217e-01,5.177888980310433320e-01,4.579420047016732886e-01
8.007558408523218763e-01,1.503926707936956153e-02,3.158109332194015684e-01,4.620079126156684257e-01,5.549261397547344821e-01,5.181044608578261323e-01,4.584467643430835682e-01
8.011468412855005106e-01,1.419588484399048056e-02,3.155397007902354112e-01,4.616010896147196840e-01,5.544174766760694428e-01,5.184876976358770984e-01,4.590383459177358461e-01
8.014338152333158050e-01,1.330733120278910706e-02,3.152919425173684731e-01,4.612014611320030544e-01,5.538927189753356517e-01,5.188904090366565081e-01,4.596181148797189309e-01
8.016538515269596710e-01,1.235479076170531085e-02,3.150599522168542888e-01,4.608121973669876414e-01,5.533565172329916182e-01,5.193120534701410884e-01,4.601778729080825969e-01
8.017992798175290758e-01,1.126674477123338833e-02,3.148022403258139978e-01,4.603838120118425303e-01,5.528566201307504313e-01,5.197405746137032656e-01,4.607233859001136911e-01
8.018505958019557234e-01,1.020878240344152282e-02,3.145450302218421590e-01,4.599968786513386476e-01,5.524312486306585113e-01,5.201592294899556324e-01,4.611474418706156264e-01
8.018516281519671995e-01,9.163422810943355062e-03,3.143216124675854983e-01,4.595990316939251308e-01,5.519900294247971351e-01,5.205951418804659614e-01,4.615803675765202674e-01
8.017484569958677199e-01,8.135044374773567344e-03,3.140942064496113351e-01,4.591553523961756644e-01,5.514855482150712307e-01,5.210981603948396934e-01,4.620570957240890397e-01
8.015620274768967546e-01,7.197842465613794351e-03,3.139607922034775567e-01,4.587342391101144057e-01,5.509215179173828636e-01,5.215747210993657568e-01,4.626101914936482928e-01
8.012196278747190092e-01,6.276803930968695433e-03,3.138096174064695099e-01,4.582982640829429410e-01,5.503668031281173656e-01,5.220308585528576906e-01,4.631877220648915605e-01
8.007661189145955927e-01,5.482625052277066008e-03,3.137579944162033341e-01,4.579450113804222622e-01,5.498375836060990229e-01,5.223642657733610362e-01,4.637893617247471068e-01
8.001905867624581337e-01,4.810392143876923536e-03,3.137280701103959402e-01,4.576136431038425045e-01,5.493050184304302253e-01,5.226710565122956176e-01,4.644014610837203794e-01
7.995702139041698242e-01,4.242882936003279995e-03,3.136134251448002841e-01,4.572514779738605095e-01,5.488478606258978543e-01,5.229547852797348240e-01,4.649789289098178457e-01
7.989196655851533713e-01,3.686162502921597802e-03,3.134857463440245962e-01,4.568734993655175214e-01,5.483384108723795558e-01,5.232360885871155665e-01,4.656346081849117025e-01
7.982415942851088797e-01,2.968587630625447223e-03,3.133367419754179428e-01,4.565162365571810987e-01,5.477842695687792363e-01,5.234721034073702706e-01,4.663713935555334200e-01
7.976589505797628821e-01,2.342344594677111050e-03,3.131642135579447705e-01,4.561961122846577288e-01,5.473292961221871700e-01,5.236608296591664935e-01,4.670065141124141173e-01
7.970431565530604612e-01,1.591998199237759822e-03,3.129758374825790668e-01,4.559108173526098540e-01,5.468968583736403266e-01,5.237812159019779035e-01,4.676562741909524035e-01
7.963990860134126937e-01,7.950295627532819563e-04,3.127487980205307383e-01,4.556622057278959526e-01,5.464912456795736340e-01,5.238926202939013788e-01,4.682475788174100817e-01
7.957593633832282798e-01,1.486071836922175059e-05,3.125108914351847345e-01,4.554369914772700145e-01,5.461661560840884722e-01,5.239350904710050605e-01,4.687981417578399590e-01
7.950569785682704005e-01,-8.666654178786808473e-04,3.122408390135238965e-01,4.552550047282630241e-01,5.457772162965556229e-01,5.239659770829890872e-01,4.693929757686202686e-01
7.943880969282801630e-01,-1.659487912192966416e-03,3.119440923722202053e-01,4.550490678945204870e-01,5.454333033132542363e-01,5.239918658020364939e-01,4.699631709170627447e-01
7.937090914516660156e-01,-2.440114825333448458e-03,3.116552443033870912e-01,4.548680525127771213e-01,5.450882915520944838e-01,5.239831818201605707e-01,4.705480149630563713e-01
7.930577335351995938e-01,-3.104922852463493435e-03,3.113750568019111875e-01,4.547026135222855259e-01,5.447170273964141440e-01,5.240169898279880556e-01,4.710998701889353435e-01
7.923183033948899556e-01,-3.731182990058160443e-03,3.110390809633962195e-01,4.544709794557630356e-01,5.443054312591187882e-01,5.240591629966734333e-01,4.717517567678685131e-01
7.916137191934434769e-01,-4.272107746819088156e-03,3.106890761232923293e-01,4.542493920969494225e-01,5.438838374783829810e-01,5.241242309566064295e-01,4.723787163214341889e-01
7.909685042811654965e-01,-4.787110117358567979e-03,3.103695784385693823e-01,4.540810257587360455e-01,5.434313893560351882e-01,5.241580295535468448e-01,4.730233685168275803e-01
7.902861802066885044e-01,-5.331615265803054532e-03,3.099933654798909810e-01,4.538988747569215887e-01,5.428938621206091941e-01,5.242096529627962020e-01,4.737576444837532930e-01
7.896421313333457093e-01,-5.843737946751763682e-03,3.095988916089650322e-01,4.537342743417146496e-01,5.423896173640442298e-01,5.242215694211783683e-01,4.744791432896494632e-01
7.889852170863377312e-01,-6.386581223274498398e-03,3.091650857976696587e-01,4.535774414899534368e-01,5.419239955709785894e-01,5.241922187683147882e-01,4.751930190760014772e-01
7.883312129259074652e-01,-6.952865362232888563e-03,3.087473083566720788e-01,4.534630115072830203e-01,5.414753212987208908e-01,5.241104572704152753e-01,4.759033538429718879e-01
7.876978087322186184e-01,-7.514723021802428848e-03,3.083395932873560508e-01,4.533889407315017661e-01,5.410695816085465681e-01,5.240255224066198148e-01,4.765285176637262810e-01
7.869603852255313559e-01,-8.192775037416685432e-03,3.078372736127265030e-01,4.533349682308105977e-01,5.406912012999686157e-01,5.239053990083776258e-01,4.771410318824397256e-01
7.862511760855310783e-01,-8.886141139016687229e-03,3.073519494897717363e-01,4.533345044321991923e-01,5.403509680047520192e-01,5.237571755303415122e-01,4.776893127839673125e-01
7.855312959976131770e-01,-9.608648389475568999e-03,3.068481900414746777e-01,4.533510587757554888e-01,5.400451167977471378e-01,5.235865083595481195e-01,4.782062918800482620e-01
7.848039744311803290e-01,-1.025306497492077876e-02,3.063471411985509985e-01,4.533721649560426004e-01,5.397002470367215921e-01,5.234518580802589582e-01,4.787227544872889040e-01
7.840633469757638530e-01,-1.088988122064460558e-02,3.058778965739716860e-01,4.534102998502440030e-01,5.393757651846106116e-01,5.232963729593592683e-01,4.792220674893912791e-01
7.833362705753593724e-01,-1.138707464361429778e-02,3.054751150300034079e-01,4.534173131463157258e-01,5.390243590859370437e-01,5.231991262436821444e-01,4.797167442866865361e-01
7.825625871115030607e-01,-1.182724702231705005e-02,3.051095353113917885e-01,4.534185453440132685e-01,5.386204115923671765e-01,5.231073735909002043e-01,4.802690398610117151e-01
7.817878036321002089e-01,-1.219180090739560227e-02,3.047580559209561724e-01,4.533826212159832725e-01,5.381706359557144603e-01,5.230739704732201290e-01,4.808432039529380031e-01
7.810621030794664410e-01,-1.253551053013103253e-02,3.044403755175618675e-01,4.533440892615703821e-01,5.376386585162888920e-01,5.230621795183453271e-01,4.814870361265407572e-01
7.804010633938101016e-01,-1.291085691258689327e-02,3.040906723421690216e-01,4.532616390846790355e-01,5.370790205045945509e-01,5.230584983244339625e-01,4.821927203916328564e-01
7.797711966680731521e-01,-1.342816349800106737e-02,3.036592226755363000e-01,4.531992379867784138e-01,5.364290342166575520e-01,5.231243608900275621e-01,4.829029353617427800e-01
7.792403036704809161e-01,-1.396287237420625743e-02,3.031969810370522822e-01,4.531058662775317991e-01,5.357855581325249306e-01,5.232213788070244620e-01,4.835993159639315198e-01
7.787455811719019572e-01,-1.465820498750074197e-02,3.026710796188122332e-01,4.530284107342481548e-01,5.351832626525729886e-01,5.233511264004857555e-01,4.841980307059202127e-01
7.782709596257927354e-01,-1.545962175133148986e-02,3.021159676054295251e-01,4.529458455050096033e-01,5.346078006946214378e-01,5.235011656865856677e-01,4.847484811745134126e-01
7.778337137576833982e-01,-1.629097086445456186e-02,3.015935704157304831e-01,4.528990842706540620e-01,5.340403585826801747e-01,5.237034861373500716e-01,4.851989009460671576e-01
7.773772837601009567e-01,-1.721862085116660640e-02,3.010620257433832547e-01,4.528667497610606718e-01,5.334425537118616667e-01,5.239415200443587883e-01,4.856295217795427166e-01
7.769269254847737116e-01,-1.815467582288631324e-02,3.005567431754713192e-01,4.528265650324048153e-01,5.328484911832432891e-01,5.242112355976348281e-01,4.860279497291233874e-01
7.764819084792655701e-01,-1.917266301742433926e-02,3.000844420062866447e-01,4.528247024931063014e-01,5.321735694758028545e-01,5.245120741798841024e-01,4.864444108044908011e-01
7.761160516930818432e-01,-2.006363326348058196e-02,2.996690447449334438e-01,4.528219836878126792e-01,5.315305010707077615e-01,5.248145344636327980e-01,4.868236661628901896e-01
7.757510701353229621e-01,-2.099929376057245098e-02,2.992438469764507891e-01,4.528391059734980240e-01,5.307128396727031072e-01,5.252152064211325078e-01,4.872674961986137032e-01
7.754348507375076194e-01,-2.181047361594425776e-02,2.988469095997363101e-01,4.528322281081638145e-01,5.298690401530973260e-01,5.256535803063637768e-01,4.877192706721074078e-01
7.751427510669738341e-01,-2.253647391393630989e-02,2.984762838623409853e-01,4.527779007499166952e-01,5.289772758045295786e-01,5.261253930248879218e-01,4.882287221060682691e-01
7.748770138358469506e-01,-2.318283202807898749e-02,2.981143159128355480e-01,4.527200557066083375e-01,5.280895636933582438e-01,5.266178174036757476e-01,4.887122243940220656e-01
7.745855546815094694e-01,-2.391340870576058944e-02,2.977101325883322325e-01,4.526361517938916612e-01,5.271237632896040859e-01,5.271727370325524076e-01,4.892340519569645663e-01
7.743187982040590223e-01,-2.466963180124207705e-02,2.973488402200712422e-01,4.526017314208937159e-01,5.261944258443357336e-01,5.276866714081400733e-01,4.897120334884133563e-01
7.740728131622650610e-01,-2.543676411659723940e-02,2.969940692129791615e-01,4.525567604610341021e-01,5.253672653056828956e-01,5.281352738943082548e-01,4.901578802537264745e-01
7.738347611068634446e-01,-2.634893812600468815e-02,2.966174318811009569e-01,4.525583449644264844e-01,5.245164672125269822e-01,5.285994656584765972e-01,4.905670442778666818e-01
7.735790065484542399e-01,-2.739227437196793680e-02,2.962066984600609798e-01,4.526153098661795937e-01,5.236433576423460412e-01,5.290750786871165623e-01,4.909343911196420995e-01
7.733178966434194335e-01,-2.840705382065441403e-02,2.958028748317735324e-01,4.526785489564860709e-01,5.228250164417515000e-01,5.295462680518573384e-01,4.912401484912274352e-01
7.730509748358143085e-01,-2.935466737077793015e-02,2.954306979796540999e-01,4.527422074756787262e-01,5.220592908469114946e-01,5.299616931164532474e-01,4.915477537733356495e-01
7.727387143995306795e-01,-3.035371587243149497e-02,2.950226059959561997e-01,4.528109766448059625e-01,5.212590992962622405e-01,5.304262064696781964e-01,4.918325023023720211e-01
7.724107298049549541e-01,-3.136767439427792098e-02,2.946060315695914200e-01,4.528964091810973036e-01,5.204029562460789071e-01,5.309097644267459781e-01,4.921386265246276426e-01
7.721059012808499933e-01,-3.226098524811418095e-02,2.942279034240219415e-01,4.529440566429522863e-01,5.195452121990151717e-01,5.313835861881398559e-01,4.924895312214649379e-01
7.718344397933514234e-01,-3.305571651585783449e-02,2.938604622884142259e-01,4.529724140191892512e-01,5.186897536599822667e-01,5.318635862922637125e-01,4.928468901820390879e-01
7.715536440317083411e-01,-3.387103502920212755e-02,2.934728347517077118e-01,4.530047173174062136e-01,5.176792443670282795e-01,5.324279207180746543e-01,4.932701443221424453e-01
7.712944463920731186e-01,-3.458538519020714491e-02,2.930970165013844775e-01,4.530003045660250249e-01,5.167837739050417101e-01,5.329329470725772122e-01,4.936676301076353690e-01
7.710168488647617391e-01,-3.533789863824579602e-02,2.926932246908943713e-01,4.529929047656689467e-01,5.158389175851011421e-01,5.334707426980338507e-01,4.940815783064582689e-01
7.707251286398186796e-01,-3.614733621939869579e-02,2.922810122888095385e-01,4.530047393787119958e-01,5.148466472019410656e-01,5.340067117073563630e-01,4.945265087099393608e-01
7.704660901206017432e-01,-3.693658772251658118e-02,2.919104439925182537e-01,4.530232227041094406e-01,5.139937088212293004e-01,5.344442022832722738e-01,4.949240564256065511e-01
7.701989308657725131e-01,-3.785147060541820679e-02,2.915172396583855519e-01,4.530630597935774717e-01,5.131529425124818911e-01,5.348515354946794531e-01,4.953198526409440805e-01
7.699096440458635948e-01,-3.883073935931728032e-02,2.910903389417249798e-01,4.530861020528068606e-01,5.122946165012728370e-01,5.352798197352430787e-01,4.957244442375350335e-01
7.696342648104960160e-01,-3.975792049506855080e-02,2.906908275635310956e-01,4.531188517447726771e-01,5.115540020876434557e-01,5.356578912008351789e-01,4.960508368462736017e-01
7.693013363999410270e-01,-4.079804871832459073e-02,2.902511263666628372e-01,4.531596306656314743e-01,5.106878827495954232e-01,5.360802049055632956e-01,4.964496444314701606e-01
7.690013210084305495e-01,-4.173354239776403546e-02,2.898363416292249473e-01,4.531825801250187191e-01,5.100011284040820714e-01,5.364185621350290312e-01,4.967690854861862571e-01
7.687148390063009984e-01,-4.260814071905204281e-02,2.894568324164614737e-01,4.531987264170712071e-01,5.092655831316116322e-01,5.367559581590541917e-01,4.971443669522163100e-01
7.684242128560765384e-01,-4.346838486409006913e-02,2.890426565193076613e-01,4.531902937244534635e-01,5.084580369206775918e-01,5.371462299432236964e-01,4.975569414876010454e-01
7.681527172591711139e-01,-4.431187293308803260e-02,2.886219210120153367e-01,4.531531518833814554e-01,5.076656136595641966e-01,5.375099568129931837e-01,4.980069196032415046e-01
7.679374506711509341e-01,-4.510298932302839181e-02,2.882022892173568551e-01,4.531028684262340955e-01,5.068101985606872084e-01,5.379025030219890535e-01,4.984998600817000525e-01
7.677570627598011566e-01,-4.587434393460922133e-02,2.877595833000846648e-01,4.530395696962564167e-01,5.059323496995228320e-01,5.383342369700150343e-01,4.989828204686631019e-01
7.675773431871064645e-01,-4.671495276288843007e-02,2.873062224593083691e-01,4.529743728418640925e-01,5.050109520603405233e-01,5.387851279711349806e-01,4.994884800721196005e-01
7.673781838180202541e-01,-4.748075177444496808e-02,2.868964330467042023e-01,4.529017549721305325e-01,5.042165133498294205e-01,5.391674482787780498e-01,4.999441676078006380e-01
7.671200579966934718e-01,-4.833193379731510336e-02,2.864656571264104779e-01,4.528304311495358059e-01,5.034302808123318762e-01,5.395473017902006063e-01,5.003911091506885178e-01
7.668357927171439714e-01,-4.926042948027468948e-02,2.860824025918478064e-01,4.528110082476144438e-01,5.026765283723512168e-01,5.398662161531795345e-01,5.008222911270504563e-01
7.665265044943694317e-01,-5.028918971825137307e-02,2.856859896714724623e-01,4.527991578529959038e-01,5.019269972206034103e-01,5.401689132176847874e-01,5.012581742993839073e-01
7.662440432713030214e-01,-5.124094697540160226e-02,2.852959054728553823e-01,4.527615368077022029e-01,5.012307095367114496e-01,5.404459585620234874e-01,5.016900761215313809e-01
7.659652459033501337e-01,-5.220703760084076384e-02,2.849021318255916535e-01,4.527460564433131718e-01,5.005184418949029101e-01,5.407300217503989703e-01,5.021088938427002990e-01
7.656701253218818337e-01,-5.312319078320301008e-02,2.844871899986272101e-01,4.526884634288090847e-01,4.998019331840644064e-01,5.410468170579620928e-01,5.025331077803568691e-01
7.653436255362795482e-01,-5.404235393716536745e-02,2.840992458231182960e-01,4.526108512099650261e-01,4.990607731551507387e-01,5.413347139853549317e-01,5.030293127633498340e-01
7.650257896547092429e-01,-5.483317305451534951e-02,2.837154092707322994e-01,4.525009516587957803e-01,4.983971073369719562e-01,5.416269934007509335e-01,5.034713618128500157e-01
7.647069022169840080e-01,-5.564362920910877197e-02,2.833431452982497767e-01,4.523504538914395190e-01,4.976986940586849428e-01,5.419077185627060311e-01,5.039951402133269198e-01
7.644381939359830014e-01,-5.642939009715587650e-02,2.829841571852882431e-01,4.522284485101423779e-01,4.970184052178971412e-01,5.421718348743973515e-01,5.044916616770755979e-01
7.641854444847011596e-01,-5.727366470051237918e-02,2.825810881141865849e-01,4.520655790218132686e-01,4.962371325597622063e-01,5.424867679358322814e-01,5.050678441032177002e-01
7.639775502149773745e-01,-5.811195812592547666e-02,2.821718707473298560e-01,4.519014050188648879e-01,4.955055390508328328e-01,5.427840265854608770e-01,5.056133714564846615e-01
7.637909756947641737e-01,-5.894796356628952128e-02,2.817771979471488941e-01,4.517419448431833628e-01,4.947609381299736819e-01,5.430661657662965158e-01,5.061817548765857877e-01
7.636016576365556308e-01,-5.977719888770519074e-02,2.814028542475688344e-01,4.515792434093131025e-01,4.941235450371268545e-01,5.432788279728600900e-01,5.067210517022658900e-01
7.633618283506499180e-01,-6.075106573797139919e-02,2.809990865359479062e-01,4.514220526385630539e-01,4.934663537263011546e-01,5.434699807932401594e-01,5.072962330909331907e-01
7.630969932695417235e-01,-6.165236364247138334e-02,2.806330647185820704e-01,4.512986588024576751e-01,4.928872684952214644e-01,5.436487083232928175e-01,5.077772573253331867e-01
7.627697279966156874e-01,-6.265700343499706892e-02,2.802305992328580908e-01,4.511404453286751437e-01,4.923185617700422956e-01,5.438017546355587983e-01,5.083054042410027895e-01
7.624405088090467908e-01,-6.363070194480734132e-02,2.798591931632088969e-01,4.509998447651686337e-01,4.917637805400397188e-01,5.439549663345557562e-01,5.088030255125588486e-01
7.621081318949121108e-01,-6.457469789736937360e-02,2.794263609484111677e-01,4.507533517583169336e-01,4.911908399201212472e-01,5.441514032959284819e-01,5.093645305164864467e-01
7.618488292133791528e-01,-6.539824426094539844e-02,2.790571393756913765e-01,4.505159928286738835e-01,4.906443392152913807e-01,5.443322076985848135e-01,5.099077566222827151e-01
7.616135096578426911e-01,-6.622280752069653609e-02,2.786827059443682253e-01,4.502338967209945086e-01,4.900340159210634927e-01,5.445410597303215194e-01,5.105204557620410810e-01
7.613974216699036512e-01,-6.709183814886802988e-02,2.783055094831037302e-01,4.499198562818490510e-01,4.893832705479716494e-01,5.447830449238015849e-01,5.111629597248242840e-01
7.612273388687649245e-01,-6.785327001073007680e-02,2.779891169945978291e-01,4.496246354317403049e-01,4.888676629915061356e-01,5.449495610309965654e-01,5.117382839169082320e-01
7.610275072122849593e-01,-6.879430142963610662e-02,2.776458820944893158e-01,4.493258075185952993e-01,4.882394257861018549e-01,5.451651456749208036e-01,5.123705160790014146e-01
7.608192151620674082e-01,-6.965623374268803403e-02,2.773283203546981768e-01,4.490428199467861869e-01,4.876908478459374696e-01,5.453749113700294693e-01,5.129175263428628062e-01
7.605550732504360312e-01,-7.060978070168565102e-02,2.769939066754609769e-01,4.487359772761454479e-01,4.870973150767940463e-01,5.456050880141131154e-01,5.135049330591799910e-01
7.602723762249726791e-01,-7.152831221826634611e-02,2.766904208100849361e-01,4.484366190800705421e-01,4.865770665091884717e-01,5.457810073822595420e-01,5.140724161012283355e-01
7.599795346361865045e-01,-7.244660871600377972e-02,2.763909476530991838e-01,4.481489296901063346e-01,4.860440408844777238e-01,5.459827478707197645e-01,5.146130256472706277e-01
7.597113133309052468e-01,-7.338065076938210529e-02,2.761080133703639472e-01,4.478668757340981132e-01,4.855047882603707454e-01,5.461817986874162312e-01,5.151560976820609428e-01
7.594884515840554240e-01,-7.431081707129590097e-02,2.758475107108595004e-01,4.476212993059546785e-01,4.850021876123776221e-01,5.463598621800520583e-01,5.156539066248325698e-01
7.592781379232238503e-01,-7.535198064469214585e-02,2.755609395732877553e-01,4.473336098966960162e-01,4.844375957090753526e-01,5.465592055102492797e-01,5.162227156881090684e-01
7.590973959115696612e-01,-7.633194527992530343e-02,2.752633356555292954e-01,4.470496203018275994e-01,4.838767670577081015e-01,5.468017798065474278e-01,5.167375783607809359e-01
7.589351229994389936e-01,-7.721105374948292188e-02,2.749740471128894193e-01,4.467425490544734146e-01,4.833271810921899725e-01,5.470606743206526401e-01,5.172432208290618227e-01
7.587692383031523491e-01,-7.812527688298598338e-02,2.746829486665968711e-01,4.464244311103789387e-01,4.827365979784551397e-01,5.473299459330308592e-01,5.177842548445323878e-01
7.586039113817996116e-01,-7.901194288779736508e-02,2.743780872344370736e-01,4.460496146383156613e-01,4.821739703402557198e-01,5.475960943793410918e-01,5.183498056600541748e-01
7.584484809547688000e-01,-7.990553570563180275e-02,2.740808042209412765e-01,4.456927947096080422e-01,4.815895969459753068e-01,5.478950206151393942e-01,5.188838398355531956e-01
7.582858705090536056e-01,-8.091034688112912210e-02,2.738013847983071791e-01,4.453488716509652057e-01,4.809973205087060277e-01,5.481840801882061909e-01,5.194229244179232596e-01
7.581288034704971590e-01,-8.184728965012322277e-02,2.735783401184845864e-01,4.450639911586158348e-01,4.804664579357170173e-01,5.484302982331650256e-01,5.198982925078239337e-01
7.579442909320328603e-01,-8.283081999178724952e-02,2.733675772812206306e-01,4.447402455853107228e-01,4.799225169189866858e-01,5.486770111680208117e-01,5.204171683626418465e-01
7.577212783453791678e-01,-8.386077086163232219e-02,2.731057712988069208e-01,4.443948321650292854e-01,4.793572105713355125e-01,5.489914599453494803e-01,5.209014059544833097e-01
7.574994878668305232e-01,-8.483558175630295795e-02,2.728841893344277625e-01,4.440647088368574469e-01,4.788169825992306672e-01,5.492770543640939085e-01,5.213785084651162416e-01
7.572937542706070779e-01,-8.576118392390430500e-02,2.726835813833738964e-01,4.437390819491247029e-01,4.783317242468287378e-01,5.495242120506953487e-01,5.218405207532912371e-01
7.570903328974641910e-01,-8.674830669640183622e-02,2.724863825157471942e-01,4.433986155495521775e-01,4.778180730974802559e-01,5.497679248181763789e-01,5.223435513062905100e-01
7.569043303851331617e-01,-8.772681983248206694e-02,2.723005502732846472e-01,4.430578505892361352e-01,4.772861695039620211e-01,5.500271113479412444e-01,5.228458952824636130e-01
7.567268712753620896e-01,-8.871292860772674038e-02,2.721061003667674671e-01,4.427068682269453270e-01,4.767704289165444753e-01,5.502883704044969626e-01,5.233386058117510675e-01
7.565320976420774057e-01,-8.970725479228551513e-02,2.719114624936674884e-01,4.422894255139410702e-01,4.762322984730430475e-01,5.505590109389825182e-01,5.238965904102826920e-01
7.563082982982174407e-01,-9.067661825617315263e-02,2.717106055234609352e-01,4.418624044938930795e-01,4.756901955403725069e-01,5.508616496054442591e-01,5.244310215420195931e-01
7.560724009876597096e-01,-9.152099974979413521e-02,2.715467634697888433e-01,4.414711656851915689e-01,4.751851351542928925e-01,5.511392502480677580e-01,5.249264939331527158e-01
7.557945676258339684e-01,-9.242416376668212419e-02,2.713898327696452339e-01,4.410418860558156795e-01,4.747209639909213408e-01,5.513840337322049034e-01,5.254500056495022831e-01
7.554922250716242793e-01,-9.332857987919955522e-02,2.712580668811599982e-01,4.406449872565341153e-01,4.742384858330507824e-01,5.516450512706863041e-01,5.259444753669594297e-01
7.551856675713768396e-01,-9.421865261535486424e-02,2.711542964875209849e-01,4.402898548829753955e-01,4.737911219630097093e-01,5.518823942059836174e-01,5.263958960721789593e-01
7.548189180790307873e-01,-9.522247882001801111e-02,2.710411462382279479e-01,4.398983936020582908e-01,4.733273187369791968e-01,5.521401032890368432e-01,5.268699640172729293e-01
7.544472392970559271e-01,-9.614585527560121081e-02,2.709424372829729588e-01,4.394996984859055877e-01,4.728988741670344109e-01,5.523744261231176012e-01,5.273416001108824913e-01
7.540777055797691641e-01,-9.700316718906168423e-02,2.708306368278053378e-01,4.391090867654473540e-01,4.724942207007746808e-01,5.526249361949056027e-01,5.277670899364216295e-01
7.536850032784740971e-01,-9.792820079733807748e-02,2.707107929009727743e-01,4.386460455414882276e-01,4.720436172126425967e-01,5.529112606470236724e-01,5.282552489368542714e-01
7.533409616066523151e-01,-9.882960281640609801e-02,2.706181707065846709e-01,4.381943133551075564e-01,4.716347541605016014e-01,5.531496979212918719e-01,5.287455097689177652e-01
7.530395239561487042e-01,-9.970644639256129316e-02,2.705343985698812070e-01,4.377658831307094101e-01,4.712371396275507052e-01,5.533856959027624312e-01,5.292077676798120356e-01
7.527358319188499625e-01,-1.007031474851750735e-01,2.704749942164996757e-01,4.373096245086605105e-01,4.707978629359419465e-01,5.536195700821096022e-01,5.297310980008107517e-01
7.524554648227448350e-01,-1.016387259750203553e-01,2.704083338885390209e-01,4.368957698461191641e-01,4.704339494366772678e-01,5.538264070475990009e-01,5.301794944777891150e-01
7.521542068808498849e-01,-1.026128631616890358e-01,2.703404785991324610e-01,4.364200136678470510e-01,4.700832012675238980e-01,5.540448192515255998e-01,5.306540245930271293e-01
7.518189119524929520e-01,-1.036125209871734121e-01,2.702669034248786351e-01,4.359167420519372005e-01,4.697046307215417826e-01,5.543245714522503365e-01,5.311105566281316692e-01
7.514757879665046048e-01,-1.045482186819583215e-01,2.702082392775852493e-01,4.354309428369104729e-01,4.693450119925802189e-01,5.546162405726953182e-01,5.315223226082363972e-01
7.511348286337011793e-01,-1.055083955370342552e-01,2.701737875643005493e-01,4.349447696059148827e-01,4.690332106750996211e-01,5.548766339287940497e-01,5.319236935840668812e-01
7.508226071753778541e-01,-1.064338732377098640e-01,2.701675074310180835e-01,4.345218705398931069e-01,4.687008004483521062e-01,5.551561420667180391e-01,5.322705718027105348e-01
7.505127135861413556e-01,-1.074777101878506697e-01,2.702034721044210275e-01,4.340718283765038210e-01,4.683089167945638787e-01,5.554705812088618355e-01,5.326545218732967601e-01
7.502351373706552806e-01,-1.084813907111096543e-01,2.702545729276401576e-01,4.336338209472114791e-01,4.679176827111901638e-01,5.557842309271585624e-01,5.330278043307108415e-01
7.499973622827510455e-01,-1.094103950812141263e-01,2.703002566300192200e-01,4.332075210918929220e-01,4.675158467086700798e-01,5.561189618393717060e-01,5.333777995271192784e-01
7.497740906556447094e-01,-1.103954821822911853e-01,2.703417358751449284e-01,4.326951271815106526e-01,4.670379983788553457e-01,5.565375387272102348e-01,5.337756110680850208e-01
7.496024034855497398e-01,-1.112994446553485228e-01,2.703754710089542601e-01,4.321616175977635588e-01,4.665807762811654547e-01,5.569553467783917577e-01,5.341717487616793880e-01
7.494676069060894896e-01,-1.121759659288507627e-01,2.704167013044379009e-01,4.316623273355854051e-01,4.661306242626270802e-01,5.573725926992268986e-01,5.345331319866909459e-01
7.493692297039469263e-01,-1.131509496629745370e-01,2.704973175695927212e-01,4.311314766068284343e-01,4.656176226331982249e-01,5.578163850112223265e-01,5.349455673105780740e-01
7.493230392886938152e-01,-1.141149607861875054e-01,2.706077051950913637e-01,4.306373570490696356e-01,4.651385063194122815e-01,5.582010323961222875e-01,5.353589861809002759e-01
7.492970730886013841e-01,-1.150975280437301351e-01,2.707057153409519468e-01,4.301932516185522637e-01,4.647085747786878773e-01,5.585778524679094748e-01,5.356962661073492171e-01
7.492871843760928741e-01,-1.161236926794078222e-01,2.708001894846564506e-01,4.297024219694349778e-01,4.642631447592042160e-01,5.590133607637681745e-01,5.360220363562425705e-01
7.492926141881587343e-01,-1.171820705312888178e-01,2.709082599009112746e-01,4.291463450456907136e-01,4.638359026526372442e-01,5.594669087828894050e-01,5.363641001421109999e-01
7.493083053974343155e-01,-1.182058077385459149e-01,2.710429646742482657e-01,4.286410244146478532e-01,4.634336510624694760e-01,5.598993111327540406e-01,5.366645923151051045e-01
7.493292201966104127e-01,-1.192034451503251741e-01,2.711987588992869624e-01,4.281162567971736888e-01,4.630309904585235281e-01,5.603461295634061257e-01,5.369646055600737489e-01
7.493622094179421822e-01,-1.201961051325111246e-01,2.713740629077768807e-01,4.275633409221991643e-01,4.626643317782403453e-01,5.607752724155649071e-01,5.372731143905217222e-01
7.494231563374278426e-01,-1.211312464971439629e-01,2.715587613183606530e-01,4.270387922693879568e-01,4.622918249851955541e-01,5.612171936380802029e-01,5.375494395997055808e-01
7.495245349595007767e-01,-1.221420533419233234e-01,2.717532297380796935e-01,4.264096720774643301e-01,4.619147723212698176e-01,5.617231042363018956e-01,5.378444838773673853e-01
7.496347076085957406e-01,-1.230828309423970118e-01,2.719360771362044904e-01,4.257934569092753918e-01,4.615527259147848005e-01,5.622502612822852797e-01,5.380926100048972760e-01
7.497333109139605600e-01,-1.240019397445263627e-01,2.721574497080728738e-01,4.251691018246360199e-01,4.611885793804777478e-01,5.627820132383843932e-01,5.383425811488442569e-01
7.498086766959469740e-01,-1.248506745968500642e-01,2.723879473875492341e-01,4.245652583538094826e-01,4.608484340080427621e-01,5.632901703665108561e-01,5.385789136605375615e-01
7.498633008016353241e-01,-1.257969678882016051e-01,2.726683148571839577e-01,4.239140299614883589e-01,4.604756267354221388e-01,5.638523551228888930e-01,5.388224327241789569e-01
7.498989331950476345e-01,-1.266705228072834144e-01,2.729561201884893595e-01,4.233345119154243719e-01,4.601479269134057803e-01,5.643366209224626173e-01,5.390509759423881553e-01
7.499508751032677445e-01,-1.275590911163422825e-01,2.732752521438426285e-01,4.227355727258542695e-01,4.597695064778689611e-01,5.648909557000743042e-01,5.392632424275710656e-01
7.500387558944621169e-01,-1.284544230744956717e-01,2.736079947018928982e-01,4.221548378576125415e-01,4.594143611354422063e-01,5.654409781204374763e-01,5.394443788919568439e-01
7.501608578974556796e-01,-1.293618439734809666e-01,2.739774238136803985e-01,4.216473623628484435e-01,4.590584591221047450e-01,5.659826151669676841e-01,5.395762339555476572e-01
7.502867368529956282e-01,-1.302698481661589691e-01,2.743563935311390534e-01,4.212049537423382395e-01,4.587188080725791983e-01,5.665236904044361754e-01,5.396427987789009784e-01
7.504087403955368440e-01,-1.311260851646441350e-01,2.747697916554553421e-01,4.208074434861778235e-01,4.583929584395742274e-01,5.670253312253302758e-01,5.397029413561192923e-01
7.505178151844091872e-01,-1.319369069464093047e-01,2.751905334833132932e-01,4.204947749490923203e-01,4.580449023801638209e-01,5.675627237843509088e-01,5.396772796908788639e-01
7.506149803840800327e-01,-1.326714763687643905e-01,2.756018247326846859e-01,4.202077412462059125e-01,4.576986011171069180e-01,5.681297032745648012e-01,5.395980772661815861e-01
7.507114888866639468e-01,-1.333259374789584339e-01,2.759950165938086508e-01,4.199371951960489957e-01,4.573747270858575797e-01,5.687301115502378934e-01,5.394508052918881580e-01
7.508070755581783828e-01,-1.339180187206202854e-01,2.763934945307803814e-01,4.196809996053825764e-01,4.570382770226155134e-01,5.693583829131581009e-01,5.392725690343793676e-01
7.509119263187381543e-01,-1.344566750971514790e-01,2.768083737080713758e-01,4.194900449723095170e-01,4.566554197538195137e-01,5.700372478653312758e-01,5.390282606920637765e-01
7.510172311201601669e-01,-1.349340149946976486e-01,2.772609744916051389e-01,4.193197063768797084e-01,4.562245107024041624e-01,5.707478305825406384e-01,5.387736942016401187e-01
7.511258396374052015e-01,-1.353776196012549671e-01,2.777358939354188649e-01,4.192033558184413700e-01,4.557747516805226717e-01,5.714680513380712146e-01,5.384813724735360019e-01
7.512168101143816834e-01,-1.358114686610606414e-01,2.782351852414754467e-01,4.191556133104009652e-01,4.552754041338076818e-01,5.722210834070121654e-01,5.381411617091607091e-01
7.513103917021228817e-01,-1.362432012935198833e-01,2.787555442434890285e-01,4.191796648174437867e-01,4.547680546523549805e-01,5.729686580291537545e-01,5.377558386363823217e-01
7.514067645735323930e-01,-1.366781067668182692e-01,2.792742664729649382e-01,4.192562593952581795e-01,4.542652433485284136e-01,5.737250773914903679e-01,5.373144453814047150e-01
7.514962270174333492e-01,-1.371103636435260231e-01,2.798116425884641378e-01,4.193802045879319595e-01,4.537645007135859276e-01,5.744583909286138379e-01,5.368571308864608094e-01
7.515645323803497035e-01,-1.375201173808329735e-01,2.803235629188249867e-01,4.195661499798213900e-01,4.532290762635959314e-01,5.752425222774990576e-01,5.363242403473654774e-01
7.516017234675612668e-01,-1.379103773324440452e-01,2.808072244976173026e-01,4.197908811422869091e-01,4.526732474118183025e-01,5.760815224150916958e-01,5.357169277886701941e-01
7.516190822081345591e-01,-1.382831856597995235e-01,2.813015564817215042e-01,4.200509183986281259e-01,4.521082595942159110e-01,5.769234827726009707e-01,5.350837715579596088e-01
7.515940983397140229e-01,-1.386603068523104831e-01,2.817740429009399916e-01,4.203173935618452206e-01,4.515331960683438006e-01,5.778094685399873809e-01,5.344036672621370609e-01
7.515572167723334474e-01,-1.390079200401292681e-01,2.822931663290827453e-01,4.205916068420724185e-01,4.509026461608635072e-01,5.787318833394531348e-01,5.337217544240671074e-01
7.515230271123740646e-01,-1.393533003833226647e-01,2.828310503048659941e-01,4.208705566635265183e-01,4.502931166168459010e-01,5.796369521955156978e-01,5.330338519369236527e-01
7.514830940184304975e-01,-1.397020518006407697e-01,2.833959238915398915e-01,4.211494639609016377e-01,4.496548905644049965e-01,5.805491378625216026e-01,5.323591897619887048e-01
7.514515980923990313e-01,-1.400491473619602245e-01,2.839556938182941082e-01,4.214241858332336554e-01,4.489906945905322577e-01,5.814891598594108535e-01,5.316759997704466612e-01
7.514351225364992448e-01,-1.404392662970599115e-01,2.845187885793884486e-01,4.217079353911477591e-01,4.483384763618016300e-01,5.824259091864757432e-01,5.309756003339710650e-01
7.514094951107496145e-01,-1.408623861384015186e-01,2.850922691850396040e-01,4.219668263453252854e-01,4.476254589717001409e-01,5.834340824814965298e-01,5.302641957962118680e-01
7.513798681935681678e-01,-1.413257511398658961e-01,2.856258497024661280e-01,4.221969681611723035e-01,4.469541169984001527e-01,5.843764919328169327e-01,5.296091512143543678e-01
7.513134226219864154e-01,-1.418217669582332585e-01,2.861648848615384599e-01,4.223986366723861963e-01,4.462339026141785570e-01,5.853316380398791985e-01,5.290005381893112535e-01
7.511976624824808768e-01,-1.423851816391681624e-01,2.866831297448610427e-01,4.225781149675362225e-01,4.454713127728759936e-01,5.863002906832434080e-01,5.284269253091090635e-01
7.510446350061862342e-01,-1.430092024556535724e-01,2.872040817268888269e-01,4.226891874345082289e-01,4.447039170701787003e-01,5.872182657345372814e-01,5.279649470903511332e-01
7.508460409227997179e-01,-1.436801961906356007e-01,2.876865082993829148e-01,4.227363930637752509e-01,4.439134998792577114e-01,5.881160570451456904e-01,5.275928828652338698e-01
7.506225638487455942e-01,-1.443919809642127960e-01,2.881412903817445748e-01,4.227290602184918256e-01,4.430883793022714068e-01,5.890021431857676015e-01,5.273038072085670658e-01
7.503689810444750252e-01,-1.451756729995330730e-01,2.885209508719361882e-01,4.226489947589024410e-01,4.423162477310543239e-01,5.898455096099146644e-01,5.270734664308477369e-01
7.500931846623479782e-01,-1.459991121460919306e-01,2.888643589696248681e-01,4.224827044068992232e-01,4.415897958875935059e-01,5.906387282067546707e-01,5.269276130430947669e-01
7.497943425409674401e-01,-1.468556124725843570e-01,2.891840246429624450e-01,4.222750860357031844e-01,4.409061388834265571e-01,5.913672393806073124e-01,5.268494249743540525e-01
7.494641228182487014e-01,-1.477430683858874660e-01,2.894623768046395984e-01,4.219918933311822551e-01,4.403627436593149924e-01,5.919755108712810854e-01,5.268476919265094871e-01
7.490913488241268681e-01,-1.486645086831814289e-01,2.896971521135209837e-01,4.216673948381041148e-01,4.399249474752163769e-01,5.925128885625031705e-01,5.268691731413912560e-01
7.486868093536831470e-01,-1.495654725198924950e-01,2.899282055143361791e-01,4.212901549579659566e-01,4.395451584620261309e-01,5.929680796445272462e-01,5.269758206319971050e-01
7.482426135844304493e-01,-1.504544430902106933e-01,2.901226641356871583e-01,4.208510609277855696e-01,4.392564173148713613e-01,5.933286951227955131e-01,5.271614969888652746e-01
7.477712532341704854e-01,-1.513189832760214182e-01,2.903035441018732565e-01,4.203987817423436302e-01,4.390173715980538183e-01,5.936252001816069157e-01,5.273876500772811671e-01
7.472467598092984442e-01,-1.521278275575382866e-01,2.904591565049507440e-01,4.199391305764738069e-01,4.388191666869811769e-01,5.938586427446884697e-01,5.276559276614403160e-01
7.466611413623301940e-01,-1.529490610674856810e-01,2.906559880907199078e-01,4.195033140000915539e-01,4.386495025218933308e-01,5.940001178394849202e-01,5.279843212510332284e-01
7.460585433370154895e-01,-1.536321428448821358e-01,2.907965283633807685e-01,4.191299323095107887e-01,4.384955974527060540e-01,5.941126571744781426e-01,5.282819904576534498e-01
7.453912919265381909e-01,-1.543245564840536044e-01,2.909502983865825954e-01,4.187774977544072019e-01,4.383530758331239952e-01,5.941742125459207324e-01,5.286104363589806399e-01
7.447025301778943396e-01,-1.549650318481701206e-01,2.910938363889868374e-01,4.184403791519329396e-01,4.381833048239242578e-01,5.942432444135247183e-01,5.289404568925110128e-01
7.439737992743874484e-01,-1.556202374721476211e-01,2.912070390763262240e-01,4.181157168394044610e-01,4.380656642008667334e-01,5.942711374305248428e-01,5.292632014387120831e-01
7.432074037584009973e-01,-1.562319319791317107e-01,2.912737801305150254e-01,4.178019615346297289e-01,4.379346297041951108e-01,5.943282324017994389e-01,5.295552220626457141e-01
7.424239945773898341e-01,-1.568331434547936276e-01,2.913420579720671366e-01,4.175352048273475725e-01,4.378223532854792488e-01,5.943425706146546750e-01,5.298422863914451497e-01
7.416165468978255237e-01,-1.574326637593480016e-01,2.913678366285234467e-01,4.172503990196631540e-01,4.377674798681514545e-01,5.943443474649892089e-01,5.301099270191378388e-01
7.407959048403396363e-01,-1.580342006455038306e-01,2.913876620154924324e-01,4.169773442670748342e-01,4.377223038722669046e-01,5.943441688591539762e-01,5.303622233944023101e-01
7.399658996640345876e-01,-1.586308118047631277e-01,2.913958753045695627e-01,4.167182353604855227e-01,4.377053547128952893e-01,5.943274082350661347e-01,5.305985927179703854e-01
7.391237577783072998e-01,-1.592102437926089520e-01,2.913962954375308723e-01,4.164597985735885022e-01,4.377082290373994766e-01,5.942932814085584159e-01,5.308372990640706224e-01
7.382792189677997996e-01,-1.597777732484729762e-01,2.914097603869671427e-01,4.162197264244370531e-01,4.377328203131204409e-01,5.942295755579382055e-01,5.310765753524825383e-01
7.374279279606886783e-01,-1.603131424556924478e-01,2.914375851115794114e-01,4.160152218503918031e-01,4.377546112014852886e-01,5.941622388210217043e-01,5.312941459491122842e-01
7.365600884691851924e-01,-1.607941729750327897e-01,2.914607790052426983e-01,4.158416422013800351e-01,4.377494740232037440e-01,5.941258983298746132e-01,5.314748757348622954e-01
7.356648447335161212e-01,-1.612197689845801807e-01,2.914961815807470824e-01,4.156917809502436167e-01,4.377100062895972754e-01,5.941060509699032099e-01,5.316467754490025177e-01
7.347690331692572352e-01,-1.616563452099062381e-01,2.915487402692099606e-01,4.155891834667274631e-01,4.376893573776650115e-01,5.940483877061008000e-01,5.318083960295921786e-01
7.338706231455720541e-01,-1.620632075305552533e-01,2.915829866923895786e-01,4.154700537684949402e-01,4.376724297599919877e-01,5.940046419649324116e-01,5.319642506538396765e-01
7.329621718417191900e-01,-1.624681619764785090e-01,2.916110847729752042e-01,4.153700513230110802e-01,4.376571673618542824e-01,5.939585699871624547e-01,5.321063253331257403e-01
7.320473970053043011e-01,-1.628617594611920238e-01,2.916450832309393504e-01,4.152978220351417615e-01,4.375997147180183955e-01,5.939326277346653749e-01,5.322388959891714011e-01
7.311500903356322745e-01,-1.632649100572652057e-01,2.917050619480096030e-01,4.152488741033369402e-01,4.375313899140107488e-01,5.938887603565800033e-01,5.323821895198500576e-01
7.302444760451767269e-01,-1.636843011100596601e-01,2.917300489527208107e-01,4.151894264695254466e-01,4.374956123990662582e-01,5.938538910494516321e-01,5.324968407088426225e-01
7.293373953564998846e-01,-1.641048436698380741e-01,2.917637514915016328e-01,4.151322558755270453e-01,4.374451064042715887e-01,5.938306420257787321e-01,5.326088223132460220e-01
7.283813197314352728e-01,-1.645694301202720866e-01,2.918042497389053969e-01,4.150891678647683491e-01,4.374116182495725869e-01,5.938058232982744711e-01,5.326975719474257298e-01
7.275164806654130789e-01,-1.649900574585382862e-01,2.918531485264521108e-01,4.150474724679397154e-01,4.373688345996443738e-01,5.937922290123297531e-01,5.327803364272115649e-01
7.266178565589227478e-01,-1.654482487854693484e-01,2.918909293577624520e-01,4.149984982581826354e-01,4.373656668794561608e-01,5.937635356710202483e-01,5.328530600324923316e-01
7.257179542857667975e-01,-1.658916918216116754e-01,2.919131989346228639e-01,4.149159708992671836e-01,4.373360651427460888e-01,5.937765638094432141e-01,5.329271014771423953e-01
7.248213753125369863e-01,-1.663762346004503678e-01,2.919463320521859528e-01,4.148307823321514820e-01,4.373033505817544020e-01,5.938021149353155392e-01,5.329917915859614386e-01
7.239375452062195571e-01,-1.668277083289340657e-01,2.919833544113707990e-01,4.147122335380714619e-01,4.371984581412015625e-01,5.938865266772738183e-01,5.330760405270752456e-01
7.230736598599010190e-01,-1.673204235612000268e-01,2.920132397911406885e-01,4.145904149799897742e-01,4.370968980038639762e-01,5.939700058811882011e-01,5.331610654160906515e-01
7.222250471697789775e-01,-1.677928627212700308e-01,2.920191163702307580e-01,4.143651486639172155e-01,4.369778761709824932e-01,5.940906670840190307e-01,5.332992955119034706e-01
7.214191761005428472e-01,-1.683175558002183714e-01,2.920603101196742601e-01,4.141181249450012758e-01,4.367888199585192588e-01,5.942257021512959980e-01,5.334955672300191187e-01
7.206985309781450688e-01,-1.689011810507471956e-01,2.920949967481535348e-01,4.138312226920645154e-01,4.365767631628864609e-01,5.943564575350995804e-01,5.337460542034343502e-01
7.200907128549761671e-01,-1.695569689540512293e-01,2.921251277465817808e-01,4.135344777793429905e-01,4.363195841647058981e-01,5.944939584277935118e-01,5.340331352593743475e-01
7.196082134298020794e-01,-1.702802456779586859e-01,2.921600044487824288e-01,4.132755871853138196e-01,4.360762387911624183e-01,5.945906504622990862e-01,5.343245842942349055e-01
7.192647554395962262e-01,-1.710328162037874633e-01,2.921176400309967169e-01,4.129945601545239042e-01,4.358774650698225561e-01,5.946671098391030919e-01,5.346188896800083690e-01
7.190538682311102825e-01,-1.717504805193437456e-01,2.920594561234030051e-01,4.127753329507791724e-01,4.357401978208685911e-01,5.946872177174615803e-01,5.348776660077216860e-01
7.189767706296195104e-01,-1.723125912796817649e-01,2.919849772305267432e-01,4.125536564602650391e-01,4.356856714772268657e-01,5.946631450666480800e-01,5.351198184613853437e-01
7.189810460017622695e-01,-1.727741867654893348e-01,2.918709683560490875e-01,4.123519693484272164e-01,4.357902413023628796e-01,5.945983613844847415e-01,5.352620924360212973e-01
7.190296194198482205e-01,-1.731154654597533427e-01,2.917984382805413612e-01,4.122208723922264895e-01,4.359209391754881868e-01,5.945142639091517411e-01,5.353500510517500421e-01
7.190805121508943021e-01,-1.733371574192904829e-01,2.917660028511007142e-01,4.120408016652425398e-01,4.360367176778586207e-01,5.944063340319043487e-01,5.355142095804141800e-01
7.191010029246746038e-01,-1.735222490281126961e-01,2.917522510614073417e-01,4.117848389869073755e-01,4.360541089074682630e-01,5.943149364368082166e-01,5.357982986288342131e-01
7.191003835926896848e-01,-1.736805666849408070e-01,2.917373795215270071e-01,4.114140151016736913e-01,4.359372612299748928e-01,5.942458714703259259e-01,5.362546565669161769e-01
7.190625933610719223e-01,-1.739671639333730535e-01,2.916778129077211568e-01,4.108938546032752659e-01,4.356989986205300203e-01,5.942034087368521789e-01,5.368937808317724159e-01
7.190277539168878906e-01,-1.743014676547574582e-01,2.915892185897370759e-01,4.103295912670821832e-01,4.354364459698681356e-01,5.941919299826251555e-01,5.375506286809108580e-01
7.190100629511425590e-01,-1.748147586207748905e-01,2.914477911243540387e-01,4.096572513411957384e-01,4.352335966907667220e-01,5.941551806069779174e-01,5.382678460516516772e-01
7.190015771433204694e-01,-1.754266018021637674e-01,2.912647941043954858e-01,4.090062613842263550e-01,4.351785301047930710e-01,5.940955075065860180e-01,5.388729470337343397e-01
7.190525006758965443e-01,-1.762193011010896038e-01,2.910776699161161662e-01,4.083380821102849945e-01,4.352055257128888965e-01,5.939790555448202225e-01,5.394859058970360444e-01
7.191292133228301964e-01,-1.770311400359271259e-01,2.909071986919781194e-01,4.077405833771138299e-01,4.353707879617390586e-01,5.937977051064441403e-01,5.400038694927895566e-01
7.191985947827598258e-01,-1.777993875591497019e-01,2.907471238512986389e-01,4.072282266583898136e-01,4.357297706281413330e-01,5.935539301642983601e-01,5.403688281049580100e-01
7.192536303683820798e-01,-1.783925668564493305e-01,2.906466818830520937e-01,4.068270711377854898e-01,4.361801254795155680e-01,5.932656353561942542e-01,5.406241931615124452e-01
7.192906591699289587e-01,-1.788631290847012556e-01,2.905422952930049041e-01,4.063632345972513771e-01,4.367503780901205168e-01,5.929335260567103472e-01,5.408769383914906470e-01
7.193287751612396086e-01,-1.791800655823425625e-01,2.904767617490963683e-01,4.059614845560898244e-01,4.372501840369300563e-01,5.926464344975735932e-01,5.410894134004098355e-01
7.194104058893702192e-01,-1.792694535588025551e-01,2.904842348828732268e-01,4.054673646545247645e-01,4.376448699441030654e-01,5.923497656126957001e-01,5.414655475561747089e-01
7.194918317537131180e-01,-1.792157482319158834e-01,2.905188891891495873e-01,4.049340246738368232e-01,4.379544521517348410e-01,5.920772898605506374e-01,5.419121850755043157e-01
7.195716571139481044e-01,-1.790589730250259359e-01,2.905732733088015607e-01,4.044064162436287746e-01,4.381732664726398219e-01,5.918385556243122014e-01,5.423898626691042724e-01
7.196485486263372033e-01,-1.788417006101525597e-01,2.906501560779479743e-01,4.038872350439409731e-01,4.383078831234183403e-01,5.916397268376482055e-01,5.428846420630273339e-01
7.197116430323386993e-01,-1.786227944254139000e-01,2.907545549247348982e-01,4.033776107052292614e-01,4.383955362057870286e-01,5.914471665425014013e-01,5.434023428413127244e-01
7.197445562196584934e-01,-1.785213933487084237e-01,2.908188245070908451e-01,4.028993132303323454e-01,4.385650330678917408e-01,5.912524072366959205e-01,5.438321856101363538e-01
7.197814975263718829e-01,-1.785090861552685038e-01,2.908657638598333706e-01,4.025032587779220905e-01,4.387606040046576061e-01,5.910763430287724329e-01,5.441589986009180979e-01
7.197973825509453860e-01,-1.785719165427433752e-01,2.908942039337376051e-01,4.021846029089207741e-01,4.389523497217856507e-01,5.909320512070734832e-01,5.443966299610216719e-01
7.198713767147023601e-01,-1.787591079495005619e-01,2.909170825843460650e-01,4.019163419379270796e-01,4.392374063242285298e-01,5.907574225911171872e-01,5.445543339486887957e-01
7.201648189822915658e-01,-1.789323036810497314e-01,2.908953144915441547e-01,4.017005131994483280e-01,4.395809865572607444e-01,5.906195307947267326e-01,5.445859195723499191e-01
7.206929333515176284e-01,-1.790613034487750499e-01,2.908731396051953411e-01,4.015269200961416041e-01,4.399786050089395939e-01,5.905541133501713835e-01,5.444637717770461904e-01
7.213756276094835940e-01,-1.791496317887863177e-01,2.909163745534314449e-01,4.014449486873135076e-01,4.403612493369297165e-01,5.905533454218050426e-01,5.442156461063692996e-01
7.222721108376223276e-01,-1.790626589411263014e-01,2.910103158879482899e-01,4.013776336090921215e-01,4.407486541299343585e-01,5.906133911814278603e-01,5.438864231419924256e-01
7.231235399722019119e-01,-1.788082960220795659e-01,2.911084487618843530e-01,4.012992437333117723e-01,4.410653613289514108e-01,5.906709431064514071e-01,5.436249635406462666e-01
7.240415051743671615e-01,-1.784249664621828657e-01,2.913134159919595345e-01,4.013020478834958271e-01,4.412567171365579521e-01,5.907252280001463740e-01,5.434085764418475906e-01
7.249911478238930673e-01,-1.778646053169607999e-01,2.915961636040987903e-01,4.013217852885126447e-01,4.412569383261831790e-01,5.908248862792350176e-01,5.432854615991237202e-01
7.259511644846521339e-01,-1.772385108684854105e-01,2.918657828361021500e-01,4.013302884705700069e-01,4.411868675700651998e-01,5.909225184662388886e-01,5.432299003270717463e-01
7.268952719270938001e-01,-1.765811832657507574e-01,2.921071384062016163e-01,4.013007040355199284e-01,4.410667451917468229e-01,5.910315107018356828e-01,5.432307286817091851e-01
7.278356613762920757e-01,-1.759570421604640111e-01,2.922578005680813162e-01,4.012437832744848998e-01,4.409838830455925507e-01,5.911385546809371228e-01,5.432235731697786507e-01
7.287716620733992734e-01,-1.754748287037001808e-01,2.924003020128735364e-01,4.012453333680919831e-01,4.409793871430550682e-01,5.911667837472889264e-01,5.431953574536056983e-01
7.296874388800689282e-01,-1.750824709057015038e-01,2.924948323917193616e-01,4.012635330695025204e-01,4.410589878563483390e-01,5.911890020015799774e-01,5.430930953087966806e-01
7.305704114767387347e-01,-1.747580461717236910e-01,2.925217909836521080e-01,4.013164610834513701e-01,4.411789850268979518e-01,5.912810385111582079e-01,5.428562744698242071e-01
7.314211369502529037e-01,-1.745085779461676423e-01,2.925278399627323500e-01,4.013998373882492476e-01,4.413802564538229500e-01,5.913718486166329447e-01,5.425320049740757211e-01
7.322575633200745227e-01,-1.743112095390532135e-01,2.925337767080897766e-01,4.015256672775049385e-01,4.416555646614424013e-01,5.914494561401050232e-01,5.421300965197475286e-01
7.330952893281268423e-01,-1.740813162647495416e-01,2.925844717511126847e-01,4.016854131516711668e-01,4.418771436899261995e-01,5.915568967734664563e-01,5.417138143202090417e-01
7.339584905765560441e-01,-1.737627079000011177e-01,2.926946901514046462e-01,4.018264063587214663e-01,4.420892355601694357e-01,5.916211834016182891e-01,5.413658857973312477e-01
7.348071812155148042e-01,-1.734153753308129431e-01,2.927975258158717620e-01,4.019299850988126144e-01,4.423403827242005648e-01,5.916728930996802971e-01,5.410272270976113074e-01
7.356699706102576286e-01,-1.729181222107134541e-01,2.929847606907526880e-01,4.020104558900280955e-01,4.424877483846880177e-01,5.917289096089830558e-01,5.407856168737337210e-01
7.365280796710587108e-01,-1.723443784297287729e-01,2.932301585387313558e-01,4.020799996400496457e-01,4.425689481635787792e-01,5.918353881878022360e-01,5.405508979730165864e-01
7.373770123000926713e-01,-1.717136804441831144e-01,2.934810517057425128e-01,4.021311711050681303e-01,4.426463192843042016e-01,5.919528068428664414e-01,5.403208599717173044e-01
7.382483325820652365e-01,-1.709701933418852904e-01,2.937655808716547190e-01,4.021484291214891815e-01,4.426856060051856390e-01,5.921220370035361613e-01,5.400903521501964066e-01
7.390097758761429159e-01,-1.703282404517756921e-01,2.940671561956577640e-01,4.021970883259718965e-01,4.427214200416853540e-01,5.922867663868928156e-01,5.398440818804465247e-01
7.397449635890820385e-01,-1.697063034346324439e-01,2.943938119763008787e-01,4.022683180716773443e-01,4.427445776499333574e-01,5.925463051009446369e-01,5.394870856179823093e-01
7.404283146130754556e-01,-1.691559361458704613e-01,2.947619402095476571e-01,4.023823138030463431e-01,4.428056290929929806e-01,5.928027474089003768e-01,5.390700799029055634e-01
7.410107541697480427e-01,-1.687143131201476187e-01,2.951331969590108018e-01,4.025933792077860396e-01,4.428517595159170428e-01,5.930874501550190692e-01,5.385612004037514389e-01
7.415084857844245203e-01,-1.683276996349116483e-01,2.955014599324827240e-01,4.028404211132312063e-01,4.428778071871264932e-01,5.934168967161005392e-01,5.379918491113687695e-01
7.419296913294417539e-01,-1.680384216732403457e-01,2.959011357758343785e-01,4.031647244263046326e-01,4.429314946167984268e-01,5.936917830736178070e-01,5.374011190588079412e-01
7.422946239295142856e-01,-1.677430454758214728e-01,2.963058991561851041e-01,4.035098282634497768e-01,4.429452053905301168e-01,5.939796438078339680e-01,5.368123939126788757e-01
7.425636633336318848e-01,-1.674814608502764590e-01,2.966655924035492831e-01,4.038317555515205659e-01,4.429491002945553091e-01,5.942639070886411856e-01,5.362521948562672947e-01
7.427284304505692436e-01,-1.673096438525172314e-01,2.969149237865230662e-01,4.040359850252500662e-01,4.429322530610101949e-01,5.943972725994536299e-01,5.359643871837976858e-01
7.428173865800100639e-01,-1.671745701761437330e-01,2.970788566807043285e-01,4.041401195679614200e-01,4.428309051750890513e-01,5.944419114477303978e-01,5.359201126024044637e-01
7.428586963971521850e-01,-1.670425096518486363e-01,2.971890618394391614e-01,4.041586040282647563e-01,4.427075004894776566e-01,5.944524320206396872e-01,5.359964532205696575e-01
7.428574607076867675e-01,-1.669511131646417845e-01,2.972025114697635084e-01,4.041044783469018853e-01,4.426660188111357086e-01,5.944531959610583893e-01,5.360706708835702994e-01
7.428058390281355727e-01,-1.668855583282279897e-01,2.971208896290605805e-01,4.040048116002928902e-01,4.426853068059865559e-01,5.944958644933296954e-01,5.360825481604765130e-01
7.427531264104962894e-01,-1.668414124251470787e-01,2.970240790823227561e-01,4.039119161661484658e-01,4.427179288606702956e-01,5.945320912871262520e-01,5.360854333723916731e-01
7.427241098944944442e-01,-1.668723188429107884e-01,2.969839202470528905e-01,4.038938226979754131e-01,4.427508008268186135e-01,5.945355079286369637e-01,5.360681282875010556e-01
7.427097524140904294e-01,-1.669235155646869861e-01,2.969656100105882435e-01,4.039072539407270734e-01,4.427774524772325471e-01,5.945313461838755975e-01,5.360406105852631997e-01
7.426893542615650157e-01,-1.670145921026077729e-01,2.969302133112964315e-01,4.039346314073203881e-01,4.428252634179856706e-01,5.945321083625946246e-01,5.359796374439534938e-01
7.426712488153426328e-01,-1.670980005620432696e-01,2.968932945035001048e-01,4.039507488791657663e-01,4.428796609318567667e-01,5.945302337372021517e-01,5.359246211784195468e-01
7.426631793555873440e-01,-1.671300900312176485e-01,2.968928387421390647e-01,4.039649550812693390e-01,4.428853975248541186e-01,5.945213723276526752e-01,5.359190028083388180e-01
7.426600945230703577e-01,-1.671589741001789087e-01,2.968948601793754971e-01,4.039863195801406404e-01,4.428875120361649986e-01,5.945188314709130006e-01,5.359039692901783614e-01
7.426616431710428845e-01,-1.671646712268562429e-01,2.968998345561947860e-01,4.039910490359295281e-01,4.428912860675469632e-01,5.945092932178763778e-01,5.359078664302890926e-01
7.426313710030827409e-01,-1.671540983333139052e-01,2.968583928506116631e-01,4.039541252776924218e-01,4.429233112947384421e-01,5.945414712034765570e-01,5.358735335898242580e-01
7.424652195932519572e-01,-1.671583506026352861e-01,2.968805720257292613e-01,4.038926526605995937e-01,4.430297897107260963e-01,5.945838409808539282e-01,5.357848323722022021e-01
7.421345309698144099e-01,-1.671571807101243090e-01,2.971121343686072835e-01,4.038328118946765133e-01,4.431759118651980578e-01,5.946582524110463064e-01,5.356264874136915655e-01
7.416772688725201679e-01,-1.671411362870349748e-01,2.973366966524630950e-01,4.036911886315410758e-01,4.434011662325102465e-01,5.947730190128840411e-01,5.354193551406251084e-01
7.410671904840555602e-01,-1.671707911805331570e-01,2.976440205347937185e-01,4.035134449100301612e-01,4.436798763252521871e-01,5.948751150089882644e-01,5.352089915760869232e-01
7.403249505859579305e-01,-1.672823606205441904e-01,2.980678827148924293e-01,4.033575540353957489e-01,4.439418352802653733e-01,5.949267887664312360e-01,5.350518166482893800e-01
7.395226000279675471e-01,-1.674949555322765016e-01,2.985060687453534034e-01,4.032635494202230775e-01,4.441316496899829769e-01,5.948965477073553387e-01,5.349987710065584601e-01
7.386714828443239345e-01,-1.677748410462049367e-01,2.988405281226821364e-01,4.032037066790104540e-01,4.442736906130148600e-01,5.948529146474440532e-01,5.349744561049980529e-01
7.377520323081105946e-01,-1.681205165368435117e-01,2.991206856086885968e-01,4.031956342778861835e-01,4.443603155177947017e-01,5.947918073520911397e-01,5.349765381762193739e-01
7.367827214161454252e-01,-1.685002188414859159e-01,2.993502006578374619e-01,4.032178602744265206e-01,4.443790831444826561e-01,5.947374459848665529e-01,5.350046335900091599e-01
7.358469083804036748e-01,-1.688481733334556145e-01,2.995011824767696007e-01,4.032139120697853518e-01,4.443663969035925865e-01,5.947026406263619114e-01,5.350568340357223507e-01
7.348985898662823146e-01,-1.692048349386445771e-01,2.995784324440443624e-01,4.031718071482315868e-01,4.443593773782224532e-01,5.947089363874725754e-01,5.350873934580674396e-01
7.339447363095086274e-01,-1.695363250611811590e-01,2.996063643088864303e-01,4.030858250513792429e-01,4.443249227444338034e-01,5.947679815430689798e-01,5.351151547115681195e-01
7.329975077561380337e-01,-1.698705957436775771e-01,2.996426077416614042e-01,4.029960966829782554e-01,4.442915934980702919e-01,5.948028093353201484e-01,5.351716958248444733e-01
7.320612167866165088e-01,-1.701335423844818617e-01,2.996860729934942014e-01,4.028685931336664638e-01,4.442015493077109412e-01,5.948536321669277704e-01,5.352859390614915780e-01
7.311919012499907833e-01,-1.704118077170039269e-01,2.997487826642823983e-01,4.027712848861002559e-01,4.440980461179345196e-01,5.948993753256572870e-01,5.353942012597593392e-01
7.302450127759627652e-01,-1.707330571893910798e-01,2.998322371574651535e-01,4.026678686911613902e-01,4.440179046531427254e-01,5.949054480573459092e-01,5.355316944335214435e-01
7.293396506591920403e-01,-1.710223444603079512e-01,2.999231014597150691e-01,4.025563066031699888e-01,4.438886771143323307e-01,5.949351938974943854e-01,5.356896278684639690e-01
7.284469643599282840e-01,-1.713802778844154551e-01,3.000158966525934279e-01,4.024681976741328326e-01,4.437995756197646302e-01,5.949321356933507943e-01,5.358330341253703111e-01
7.275469284769953138e-01,-1.717437340666359558e-01,3.000817123469918801e-01,4.023637742566581466e-01,4.437073448486287819e-01,5.949557375246378177e-01,5.359616177300677853e-01
7.266347676310118686e-01,-1.721758123765861903e-01,3.001390514102185714e-01,4.023172919599236064e-01,4.436393743590383298e-01,5.949742282539310922e-01,5.360322469982508053e-01
7.257238192731472193e-01,-1.726244071861647300e-01,3.001946380158962979e-01,4.022782174389086252e-01,4.435747601318379418e-01,5.949822156953976648e-01,5.361061750757510902e-01
7.248578541067715042e-01,-1.730438883085154145e-01,3.002271629593603608e-01,4.022286140825885314e-01,4.435125788513189504e-01,5.950020552531062323e-01,5.361728160382920327e-01
7.239017186175429330e-01,-1.735311090359616948e-01,3.002554725684357662e-01,4.021730197855675759e-01,4.434795044570505884e-01,5.950097100724853760e-01,5.362333784860311425e-01
7.229901322431413480e-01,-1.740136010575414616e-01,3.002777226622049267e-01,4.021327797151720840e-01,4.434369601365456548e-01,5.950238363925115515e-01,5.362830633053280449e-01
7.220858945613195523e-01,-1.745018619835579099e-01,3.003000431342891519e-01,4.021027828749806354e-01,4.434000249157412088e-01,5.950040038686007504e-01,5.363580942702835808e-01
7.212295224325602216e-01,-1.749382566557909080e-01,3.003080213692602141e-01,4.020457737951281252e-01,4.433325765489131709e-01,5.950050333275537229e-01,5.364554339913570891e-01
7.203094085766743593e-01,-1.754811373171627498e-01,3.003414782828432439e-01,4.020310885441772397e-01,4.432718360611855868e-01,5.949694949803209232e-01,5.365560392370878340e-01
7.194379572564828518e-01,-1.759452180744963679e-01,3.003555895730725123e-01,4.019752699885529856e-01,4.431566787307240074e-01,5.949751128779450227e-01,5.366867386752351976e-01
7.185822864413914379e-01,-1.764331134904127962e-01,3.003960834081249587e-01,4.019470572118992724e-01,4.430353352565838954e-01,5.949335862200394454e-01,5.368540610819141357e-01
7.177306187733163423e-01,-1.769002355494426748e-01,3.003962879513710216e-01,4.018752619980652807e-01,4.428799737013854876e-01,5.949334271118015272e-01,5.370361440287358956e-01
7.169393796888865467e-01,-1.773858978307348289e-01,3.003970952124337956e-01,4.018150911314843921e-01,4.427258190219845457e-01,5.949272984479490045e-01,5.372150326189085723e-01
7.161093429870737381e-01,-1.778861957823852646e-01,3.003704730512137822e-01,4.016926957049055669e-01,4.425517575585750651e-01,5.949413627507960101e-01,5.374343634225188238e-01
7.152500778453765307e-01,-1.784618328632347761e-01,3.003368849881232761e-01,4.015548703596546476e-01,4.423944326187986276e-01,5.949253682540480703e-01,5.376845341704720171e-01
7.144460705366753039e-01,-1.790276951237771141e-01,3.002860510680359640e-01,4.013923185644230895e-01,4.422184613162150058e-01,5.949478931250951064e-01,5.379256858847756284e-01
7.136723111215047544e-01,-1.796439969910271772e-01,3.002320188035250137e-01,4.012150878137272225e-01,4.420107597545157585e-01,5.950011260391170342e-01,5.381696773175181914e-01
7.129399302530369242e-01,-1.803229891329403700e-01,3.001787947754737118e-01,4.010194650274646055e-01,4.417979237094997180e-01,5.950452454524614021e-01,5.384413980550539769e-01
7.122542859092586554e-01,-1.810316624619805470e-01,3.000647116685127846e-01,4.007531892074915891e-01,4.415668329876300535e-01,5.951121047272232012e-01,5.387552284223637855e-01
7.116223564290324877e-01,-1.817987030750427002e-01,2.999502250736038045e-01,4.004731898918449384e-01,4.413342565147941876e-01,5.951551284210510051e-01,5.391063636412637416e-01
7.110816187670947475e-01,-1.825644026562738276e-01,2.998502590801959689e-01,4.001754828361183680e-01,4.410866016438444448e-01,5.952108227343194669e-01,5.394685062977249146e-01
7.106578355376309553e-01,-1.832381449160737641e-01,2.997387755424003042e-01,3.998864783413598745e-01,4.409073757350007172e-01,5.952512271406198430e-01,5.397846487719025754e-01
7.100546102665723502e-01,-1.843256332602359049e-01,2.995175213823840776e-01,3.994135973613244239e-01,4.405904815695929622e-01,5.953677418183488390e-01,5.402648034022573542e-01
7.096750370485065407e-01,-1.851965042283935381e-01,2.993462806384647457e-01,3.990347778188435557e-01,4.403475412899501285e-01,5.954452661100710920e-01,5.406572149135423500e-01
7.093203965966288216e-01,-1.861180657744151978e-01,2.991526225826038887e-01,3.985982625487974329e-01,4.400635161618267621e-01,5.955512727171239362e-01,5.410935301788252216e-01
7.090069586113790789e-01,-1.871086102675873497e-01,2.989852202895144084e-01,3.981319459597731925e-01,4.397750349593798624e-01,5.956181659973562859e-01,5.415975189813060364e-01
7.087447823658983292e-01,-1.880396152608331817e-01,2.988231403944170417e-01,3.976766044810268741e-01,4.394561779662893297e-01,5.957076964753206250e-01,5.420921750549158036e-01
7.085199512509867681e-01,-1.889897989681283419e-01,2.986592135679871363e-01,3.972239683941033439e-01,4.391285817803167180e-01,5.958118948215519461e-01,5.425747815610306723e-01
7.083219322842908561e-01,-1.899369207053362152e-01,2.984944349828348442e-01,3.967418476021390972e-01,4.388186969920666591e-01,5.958925548818699847e-01,5.430894222573142693e-01
7.081710069786019135e-01,-1.909024574974161337e-01,2.983407912886110736e-01,3.962824827862814203e-01,4.384807841813075369e-01,5.959821620795097141e-01,5.435991705508014249e-01
7.080919181119800232e-01,-1.919041341933343525e-01,2.982074048328501314e-01,3.958462857468608709e-01,4.381374082452452745e-01,5.960331798289925098e-01,5.441376462803265701e-01
7.080601205779966101e-01,-1.929052364728276181e-01,2.980240018033710747e-01,3.953664452007886743e-01,4.378232496151229225e-01,5.960896214336076637e-01,5.446772799785978281e-01
7.080818139132093458e-01,-1.938886385577106575e-01,2.978248442515509242e-01,3.948652523102812451e-01,4.374979091078239901e-01,5.961638489498767290e-01,5.452207601050134134e-01
7.081462518785199833e-01,-1.948651622147553886e-01,2.976328074122277512e-01,3.943262586235550815e-01,4.371873626243177879e-01,5.962225441569649620e-01,5.457954649505054601e-01
7.082179085769668703e-01,-1.957746896427078331e-01,2.974158684673753328e-01,3.937757871828587719e-01,4.369122744053439700e-01,5.963011428059878938e-01,5.463270458166447074e-01
7.083533659462427634e-01,-1.967902125198850716e-01,2.972264549526347222e-01,3.931652877035171634e-01,4.366139132187198402e-01,5.963610059846949918e-01,5.469395742399423277e-01
7.084900825594410145e-01,-1.976938316293611608e-01,2.970854523943906034e-01,3.925963896494531480e-01,4.363485989084152639e-01,5.964130749752534211e-01,5.475028941142141559e-01
7.086889015693288441e-01,-1.986927131592978735e-01,2.969445708595064848e-01,3.919512992184246425e-01,4.360912344593526613e-01,5.964660693290524396e-01,5.481120710291437215e-01
7.088978123061764336e-01,-1.995899330656925041e-01,2.968094952135684195e-01,3.913429129636242787e-01,4.359103909390290021e-01,5.965219801526427945e-01,5.486295496410105166e-01
7.091861317145689014e-01,-2.005296682894287807e-01,2.967033794354663190e-01,3.907129898459249517e-01,4.357315291759215614e-01,5.965842203383968645e-01,5.491526764852360243e-01
7.095345267188910565e-01,-2.014241480877475010e-01,2.966051758651604420e-01,3.900642261817094947e-01,4.355831763145310842e-01,5.966499693991194064e-01,5.496599039233606154e-01
7.099691827920555642e-01,-2.023066693206513889e-01,2.965434427471623779e-01,3.893632393522859503e-01,4.354190211291083523e-01,5.967389893908660037e-01,5.501900784463777949e-01
7.104073355366493647e-01,-2.031075480578639070e-01,2.965149888290361524e-01,3.886911249767535659e-01,4.352765752306659852e-01,5.968282012015825311e-01,5.506810425920359853e-01
7.108263735267310590e-01,-2.038512163281133438e-01,2.965311913772701313e-01,3.880301701487523514e-01,4.351375917856399322e-01,5.969213127219858972e-01,5.511558851065506692e-01
7.112617958645770511e-01,-2.046093247130957860e-01,2.965835261346276286e-01,3.873350840937410111e-01,4.349808104166347777e-01,5.970297561521495933e-01,5.516508836830473772e-01
7.117296794044487562e-01,-2.054054341351799762e-01,2.966762987502432614e-01,3.865947524000559743e-01,4.348200723820122016e-01,5.971795132887534052e-01,5.521346130959812193e-01
7.121843778232020972e-01,-2.061194962819214438e-01,2.968107797998251196e-01,3.859528440253091053e-01,4.346610569739473573e-01,5.973408575197813875e-01,5.525342230817910094e-01
7.127196671227320479e-01,-2.068872067593795494e-01,2.969976994315048913e-01,3.852558723256831463e-01,4.344687500484747944e-01,5.975590118272560147e-01,5.529358420774749261e-01
7.132160308818820127e-01,-2.075973718238501298e-01,2.971736978534159634e-01,3.846338150707749315e-01,4.343249262541307165e-01,5.977779140911883005e-01,5.532452007593311460e-01
7.137592527327585312e-01,-2.083471321563273304e-01,2.973731219352965249e-01,3.839588688379677595e-01,4.341526420286540566e-01,5.980765854687078997e-01,5.535263935661054457e-01
7.142480754047147995e-01,-2.090208404999463754e-01,2.975813975808428991e-01,3.833609268033980055e-01,4.340115138646366000e-01,5.983805629681762106e-01,5.537229519310669090e-01
7.147737180067610385e-01,-2.097042214112125880e-01,2.978228559270532649e-01,3.827743825224562690e-01,4.338540515257765517e-01,5.987361060803081392e-01,5.538677724285926418e-01
7.153447449168479633e-01,-2.103654886986690564e-01,2.980852449520299818e-01,3.822150688804697993e-01,4.337045694559997777e-01,5.991361720521978240e-01,5.539384757284178118e-01
7.159683858304184412e-01,-2.110196476101188212e-01,2.983795631975885154e-01,3.817235882154291771e-01,4.335422360629688221e-01,5.995648914354657633e-01,5.539405859001815813e-01
7.166345989425886298e-01,-2.116614223990772592e-01,2.987175291357809237e-01,3.812866005487885457e-01,4.333386252085984491e-01,6.000423772642554665e-01,5.538838412802192801e-01
7.173075234281668378e-01,-2.122441758634984188e-01,2.990970613694270419e-01,3.808863182286039706e-01,4.330737390414786114e-01,6.005512762199557431e-01,5.538148731927252655e-01
7.179732101108535769e-01,-2.128013919618274019e-01,2.995239461346307919e-01,3.805353233930130474e-01,4.327315283037544980e-01,6.011065334829694962e-01,5.537212543023424249e-01
7.185980645236083042e-01,-2.133347442252036263e-01,2.999519298815637725e-01,3.802209224267697474e-01,4.323516982594737268e-01,6.016988855264930880e-01,5.535905619835486124e-01
7.192057654733549077e-01,-2.138279066048556776e-01,3.003777317308866657e-01,3.799278222014296769e-01,4.319075655405263392e-01,6.023461840506593168e-01,5.534345302795482535e-01
7.197955302159754210e-01,-2.142918655082191037e-01,3.007958844737715909e-01,3.796895697528424041e-01,4.314091937463004345e-01,6.030199860236145071e-01,5.532529571797590862e-01
7.203781865242978588e-01,-2.147306839563370429e-01,3.012070297691068488e-01,3.794827142570462164e-01,4.308625270690714659e-01,6.037287487955443899e-01,5.530478733577457451e-01
7.209806179666053971e-01,-2.151942043849368602e-01,3.016238810407223525e-01,3.793538962231371436e-01,4.302613908696308886e-01,6.044877754057582653e-01,5.527750775245330317e-01
7.215122766948716126e-01,-2.156260342882292680e-01,3.019867878552257023e-01,3.793044353596884410e-01,4.296999462313375040e-01,6.051896038906305897e-01,5.524777324634496667e-01
7.220744255851463400e-01,-2.161027555965052138e-01,3.023851136253224992e-01,3.793385724125586944e-01,4.290677549990597472e-01,6.059397264380083081e-01,5.521233168634526178e-01
7.224981628919313614e-01,-2.165180651406553025e-01,3.027182629328410979e-01,3.794197832713654961e-01,4.285089630838099795e-01,6.065854108975891057e-01,5.517923847837616913e-01
7.228220343195140840e-01,-2.169598256902879330e-01,3.030661906479522050e-01,3.796669871567680543e-01,4.278743090402913896e-01,6.072256604914002542e-01,5.514105111143405846e-01
7.229935777247697981e-01,-2.172420212371197201e-01,3.032997387407169732e-01,3.799692515441979723e-01,4.273193440763833895e-01,6.076933002401492256e-01,5.511174093623855130e-01
7.230935525223525229e-01,-2.174832073613662264e-01,3.034614852724260570e-01,3.804532017957495960e-01,4.266510992641913691e-01,6.082021408436636412e-01,5.507398266089027494e-01
7.231455165292428600e-01,-2.176515094429501140e-01,3.035623932066698338e-01,3.809255285129434232e-01,4.260574391451168452e-01,6.086234466343322103e-01,5.504073950113551605e-01
7.231868421764874322e-01,-2.177643392841274728e-01,3.036313667869698363e-01,3.813978940945526586e-01,4.254369669090752315e-01,6.090690984710498412e-01,5.500671475875551497e-01
7.232100310875306803e-01,-2.178329989140818101e-01,3.036241242255292017e-01,3.818334785974017986e-01,4.248060512724341486e-01,6.095663565939830608e-01,5.497016193656941718e-01
7.232186188352429657e-01,-2.178816552912951898e-01,3.035963579472362728e-01,3.822033856126051954e-01,4.242487959293970157e-01,6.100152855550723396e-01,5.493768129143080658e-01
7.232400091368470507e-01,-2.179238050329220244e-01,3.036047106074819535e-01,3.826052489889579800e-01,4.236402065354989421e-01,6.104723218750884861e-01,5.490589613849277129e-01
7.232753858133482705e-01,-2.179736315411719139e-01,3.036390719315511522e-01,3.829964850366058271e-01,4.230549392410737908e-01,6.108913280079408814e-01,5.487713514734809950e-01
7.233087799258343109e-01,-2.180322385132272556e-01,3.036745693586223038e-01,3.833569596699586968e-01,4.225552368248493562e-01,6.112404605431001059e-01,5.485158272097169219e-01
7.233496409915993741e-01,-2.181185790151909942e-01,3.037292591826115662e-01,3.837410354351531994e-01,4.220463456078104025e-01,6.115865825951231072e-01,5.482531822724495685e-01
7.233847826940045245e-01,-2.181864666346305937e-01,3.037773763658973003e-01,3.840803467100441515e-01,4.215936360255736481e-01,6.118974999850554930e-01,5.480169183938279343e-01
7.234216548870850971e-01,-2.182651691254411941e-01,3.038265898490680739e-01,3.844264385305218301e-01,4.211405430996278398e-01,6.122178765243703191e-01,5.477647560590954701e-01
7.234489787366402691e-01,-2.183285048412288432e-01,3.038711987525772873e-01,3.846884928672638648e-01,4.207940867229027493e-01,6.124583877258107378e-01,5.475781435912611128e-01
7.234818053276501626e-01,-2.183686546401291118e-01,3.039229939150097648e-01,3.849336552021909164e-01,4.204511550718996737e-01,6.126847705462550309e-01,5.474160019875825567e-01
7.234996668444786394e-01,-2.184129417353277147e-01,3.039555901755930933e-01,3.851385845671841390e-01,4.201722538968118426e-01,6.128811356819782175e-01,5.472661703942861555e-01
7.235226475644688238e-01,-2.184446752847381545e-01,3.039883061109689977e-01,3.852892795284448280e-01,4.199773758500638388e-01,6.130115907645897755e-01,5.471635627879593011e-01
7.235431970788401834e-01,-2.184592140683268569e-01,3.040147569943748573e-01,3.853653152981998398e-01,4.198898706660013080e-01,6.130592895849333868e-01,5.471237316465302758e-01
7.235499860594667432e-01,-2.184850630728390752e-01,3.040304261806491271e-01,3.853983291670438627e-01,4.198772507107522145e-01,6.130592441512522361e-01,5.471102131851737216e-01
7.235556408665395622e-01,-2.184917511726536532e-01,3.040438789380442985e-01,3.854120293080700588e-01,4.198727815487403592e-01,6.130514503652432223e-01,5.471127252991203616e-01
7.235579891780286044e-01,-2.184946769996213289e-01,3.040465711204720645e-01,3.854141684501923293e-01,4.198776131142979429e-01,6.130490380400860362e-01,5.471102135049313864e-01
7.235598934496496604e-01,-2.185060399608171333e-01,3.040480808196499574e-01,3.854193518868263557e-01,4.198916847403322827e-01,6.130442498009899266e-01,5.471011278209959583e-01
7.235696055351787948e-01,-2.184950979292944462e-01,3.040657959305477775e-01,3.854226712225721774e-01,4.198867510850105567e-01,6.130330822308658334e-01,5.471150892284509792e-01
7.235732776103089847e-01,-2.184974246928277075e-01,3.040828506315484403e-01,3.854307608441445154e-01,4.198829280414798637e-01,6.130209633019304549e-01,5.471259031400274031e-01
7.235793304487758704e-01,-2.184896937596640110e-01,3.040959686481501389e-01,3.854321092941416227e-01,4.198749549963624039e-01,6.130129923412708237e-01,5.471400026617249113e-01
7.235801343685179798e-01,-2.184937465629502029e-01,3.040927637864795363e-01,3.854308980098052340e-01,4.198789956546687963e-01,6.130169630824779947e-01,5.471333062796649438e-01
7.235818270548048936e-01,-2.184906328268994280e-01,3.040873862633496905e-01,3.854261184984201227e-01,4.198819512314509450e-01,6.130225676667994117e-01,5.471281255250142195e-01
7.235770576825705236e-01,-2.185035553131360331e-01,3.040805690017077678e-01,3.854316797129908601e-01,4.198872294894900326e-01,6.130267984510434642e-01,5.471154166774380156e-01
7.235747574736428600e-01,-2.185123726649065290e-01,3.040650861200751010e-01,3.854311464524693975e-01,4.198984468797083425e-01,6.130392380951008580e-01,5.470932445279524936e-01
7.235695142246192368e-01,-2.185278390131202564e-01,3.040417984186951084e-01,3.854269702361939332e-01,4.199200151820536853e-01,6.130554575891694613e-01,5.470614566793989830e-01
7.235663658405595555e-01,-2.185223712558770903e-01,3.040355536622345034e-01,3.854186609281332609e-01,4.199200156682848517e-01,6.130609628436172187e-01,5.470611410864136825e-01
7.235644404110584960e-01,-2.185255827819643504e-01,3.040358121352558785e-01,3.854180698503881786e-01,4.199246218859763458e-01,6.130555719392827285e-01,5.470640630501332202e-01
7.235544406453175981e-01,-2.185513125539381152e-01,3.040250169313437612e-01,3.854242703829167116e-01,4.199418889395909460e-01,6.130566906123678939e-01,5.470451862589195136e-01
7.235409441331813740e-01,-2.185608747567623356e-01,3.040028843961716798e-01,3.854157507280391304e-01,4.199521661897400726e-01,6.130756491283371190e-01,5.470220522512367900e-01
7.235218604611395321e-01,-2.185322493755438023e-01,3.039746398133674199e-01,3.853806590448102254e-01,4.199408280255803039e-01,6.131117097150339257e-01,5.470150637794956028e-01
7.235014765435151540e-01,-2.184502199627698094e-01,3.039404349969824781e-01,3.853099297441290871e-01,4.199155880006176234e-01,6.131517117824362151e-01,5.470394275853781574e-01
7.234827088673024820e-01,-2.183446654893090033e-01,3.039068664732317293e-01,3.852232158660724437e-01,4.198844681558143721e-01,6.131896052156573518e-01,5.470819092373433445e-01
7.234671035377140402e-01,-2.182804611783478732e-01,3.038724018846686303e-01,3.851623964569135805e-01,4.198785434023801777e-01,6.132139117382179316e-01,5.471020339905307006e-01
7.234399287043596916e-01,-2.182031758461851489e-01,3.038143429982113064e-01,3.851099706603302031e-01,4.199289126993550614e-01,6.132171707221087953e-01,5.470966279449261949e-01
7.233593267672505656e-01,-2.180563355469410380e-01,3.038204804123657565e-01,3.851122234816075074e-01,4.200493837033043021e-01,6.132234269268610483e-01,5.469955385957033789e-01
7.232065963568808931e-01,-2.178589797121198157e-01,3.039268148138116743e-01,3.852517593515169536e-01,4.202739417225463403e-01,6.131989750721879018e-01,5.467521493290840029e-01
7.229644996211328500e-01,-2.175313684495132072e-01,3.039966389214968645e-01,3.854062091277016822e-01,4.206053528137034814e-01,6.131564467062062818e-01,5.464360557401873875e-01
7.226867544584133496e-01,-2.170851015919216531e-01,3.041115556968861933e-01,3.856717179353784108e-01,4.210016745389318915e-01,6.130035151792306847e-01,5.461150120607342062e-01
7.224124484774157029e-01,-2.165756608890396506e-01,3.042571099134667167e-01,3.859718381206547200e-01,4.213632635115495684e-01,6.127578693555481015e-01,5.458997470996926893e-01
7.221183429937841902e-01,-2.159404012101681369e-01,3.044613861123814380e-01,3.863951298019493996e-01,4.217905639938893669e-01,6.123247789356912607e-01,5.457562541028807557e-01
7.218123590262245370e-01,-2.152462100008372958e-01,3.045562962841490418e-01,3.866953664359997767e-01,4.222725693889832210e-01,6.118619723675046140e-01,5.456899279710971662e-01
7.214717564338746225e-01,-2.144515194196982555e-01,3.045614077363308358e-01,3.869536782167526945e-01,4.229251071889649771e-01,6.112724407197218657e-01,5.456621737304890862e-01
7.210823548684510698e-01,-2.134952731565693818e-01,3.044435712611390232e-01,3.871081432984426196e-01,4.237171393808821795e-01,6.106098101776665787e-01,5.456800627672853121e-01
7.206995757976226713e-01,-2.125599748612248541e-01,3.042690415653160896e-01,3.871694179669405989e-01,4.246037319423738854e-01,6.099052296749218893e-01,5.457353968975534597e-01
7.203160042158647247e-01,-2.116550839403046891e-01,3.040585995596608582e-01,3.871438768931741992e-01,4.255447383220591906e-01,6.092017394503129735e-01,5.458063163075762558e-01
7.199151875361268216e-01,-2.106695869314490488e-01,3.038150900785967501e-01,3.870284498199752510e-01,4.266005905540881660e-01,6.084322503108324787e-01,5.459222581563666354e-01
7.195055348133050366e-01,-2.096717533650016563e-01,3.035847836445618730e-01,3.869171226718129408e-01,4.277556469430333075e-01,6.075503572365824612e-01,5.460794906544407246e-01
7.191540314844876436e-01,-2.087517443532630190e-01,3.034132467517935972e-01,3.868054186209124445e-01,4.288818468018538166e-01,6.066332931412856677e-01,5.462947714026656909e-01
7.188257904930865916e-01,-2.078937378048207052e-01,3.032458602876891285e-01,3.867391272111609934e-01,4.300064847986156402e-01,6.056762991264103002e-01,5.465194334985925551e-01
7.185133342457679095e-01,-2.070622710218063822e-01,3.030651358984614019e-01,3.866968234353977407e-01,4.311286256637640868e-01,6.046974120624544202e-01,5.467492247120402382e-01
7.181940509613384815e-01,-2.062439145037400778e-01,3.028371059773153906e-01,3.866691841886441550e-01,4.322170936171238487e-01,6.037361301686994253e-01,5.469716730443892061e-01
7.178636214001058446e-01,-2.054102695238347320e-01,3.025483915247778044e-01,3.866462713787326422e-01,4.332692478632826361e-01,6.028017838786509097e-01,5.471859181645897241e-01
7.175503090250274774e-01,-2.045548436287376592e-01,3.022397143083117022e-01,3.866038280357280699e-01,4.343198311097210551e-01,6.018565915106275366e-01,5.474234263421269286e-01
7.172675317813613782e-01,-2.036172001869005488e-01,3.019270465071438037e-01,3.865353352315979985e-01,4.353141168238567893e-01,6.009476457314735232e-01,5.476805468528721521e-01
7.170398314389661021e-01,-2.026678769549804526e-01,3.016439229514554787e-01,3.864639745961475636e-01,4.363121315985958315e-01,6.000019676360964782e-01,5.479735020893351516e-01
7.168754897315408048e-01,-2.017021285613296855e-01,3.013957953150837588e-01,3.864010202860829191e-01,4.372984610033348041e-01,5.990453011370374670e-01,5.482782457034248713e-01
7.167548867719721883e-01,-2.007587435237296325e-01,3.011644434272348070e-01,3.862975656243058942e-01,4.382501015869068595e-01,5.981425972404090796e-01,5.485767700315961060e-01
7.166566298431888971e-01,-1.997803954008283422e-01,3.009508444397610005e-01,3.861618506259705264e-01,4.392825835553623715e-01,5.971870858425870621e-01,5.488874396530589728e-01
7.165797706948849877e-01,-1.987212118356164736e-01,3.007458881014781760e-01,3.859907072015475449e-01,4.403809869224595830e-01,5.962018973806876287e-01,5.491985596038264639e-01
7.165740082593959892e-01,-1.977155188041755107e-01,3.005836374328753058e-01,3.858419917938323840e-01,4.414033802676647911e-01,5.953429180340864546e-01,5.494140726296573574e-01
7.166061724736372263e-01,-1.966996971774686020e-01,3.004521928354749183e-01,3.856867600056821943e-01,4.424208472302314510e-01,5.945463824301462363e-01,5.495672081116464991e-01
7.167018706122614269e-01,-1.957081250220410740e-01,3.003962208078007068e-01,3.855931522985606152e-01,4.434082362457023030e-01,5.937913602859103968e-01,5.496534156900534374e-01
7.168630117986689587e-01,-1.947177989113243191e-01,3.004076715266691955e-01,3.855627884727114152e-01,4.442910216982562388e-01,5.931529978555474258e-01,5.496511123598712967e-01
7.170570292826035086e-01,-1.938088006503207172e-01,3.004698874629688210e-01,3.855905464254056336e-01,4.450647720082156478e-01,5.926370731584167384e-01,5.495621700434423218e-01
7.173381608127042952e-01,-1.928398440076487808e-01,3.005854008483492823e-01,3.856703109502157556e-01,4.458310304529417012e-01,5.921933892434827484e-01,5.493633526848591409e-01
7.176669462133429267e-01,-1.919281841892157559e-01,3.007212353028325680e-01,3.858097527111203906e-01,4.464218121079079893e-01,5.919247059732316574e-01,5.490751704874107242e-01
7.180321320504428062e-01,-1.910772148419450644e-01,3.008692056806136494e-01,3.860025422525373284e-01,4.468860703495548536e-01,5.917867922687150006e-01,5.487105521114165052e-01
7.184813710247283103e-01,-1.901385052204238590e-01,3.010600039717091225e-01,3.862525924397953170e-01,4.472813994474841293e-01,5.917261130713513673e-01,5.482777504616686004e-01
7.189600918664356133e-01,-1.892819613453448069e-01,3.012593951364115896e-01,3.865657933379371691e-01,4.475389044382866999e-01,5.917637906623205435e-01,5.478060172142603657e-01
7.194659837114323331e-01,-1.884525546723281875e-01,3.014408492126302574e-01,3.868737305217794242e-01,4.477756718366273092e-01,5.918468552527558213e-01,5.473051838516078682e-01
7.200024590142729553e-01,-1.876541452118543341e-01,3.016624926874511559e-01,3.872270308241737014e-01,4.479669075574866377e-01,5.919365029265138967e-01,5.468016576745227120e-01
7.205214736448802837e-01,-1.869138070296772203e-01,3.018879370809434137e-01,3.875873745708505180e-01,4.481272823300909702e-01,5.920416489608136823e-01,5.463008802852900025e-01
7.210978063977431241e-01,-1.861002390692185204e-01,3.021196545078334017e-01,3.879918689991566083e-01,4.482847326793021336e-01,5.922058120565637518e-01,5.457063168075056980e-01
7.216562942426065774e-01,-1.853647395057977931e-01,3.023673463754827928e-01,3.884237388228186094e-01,4.484220749259699157e-01,5.923404926521199654e-01,5.451397826270198976e-01
7.222302274276266587e-01,-1.846092547596542566e-01,3.026076524912577614e-01,3.888109036147260889e-01,4.485437671022873274e-01,5.924772358483568757e-01,5.446148136302204623e-01
7.228309746069683239e-01,-1.838575800394005588e-01,3.028143446200061706e-01,3.891820556236621487e-01,4.486709199382777902e-01,5.926027504104929289e-01,5.441081816956985229e-01
7.234637522046900582e-01,-1.830972728399101190e-01,3.030186103655718721e-01,3.895057028409493749e-01,4.487919565226160534e-01,5.926899746239147060e-01,5.436815990957241107e-01
7.241084457110014139e-01,-1.823290760340977590e-01,3.031754281597083822e-01,3.897954633846122952e-01,4.489056087317179755e-01,5.927891587522814421e-01,5.432718145088548667e-01
7.247554578263347702e-01,-1.815694844191363677e-01,3.032867913278135541e-01,3.900314124703865848e-01,4.490698925876924208e-01,5.928665269093542634e-01,5.428821328134437740e-01
7.254279779714567500e-01,-1.808067026016497714e-01,3.034051391704131739e-01,3.902361045848721233e-01,4.492260808873307365e-01,5.929299314729884474e-01,5.425364571090790511e-01
7.260775170378834797e-01,-1.801171324884918434e-01,3.035134909709407136e-01,3.904524948855555566e-01,4.493881663345950517e-01,5.929659573785357463e-01,5.422070624643614556e-01
7.267614433103066762e-01,-1.793764237191117772e-01,3.036181329470819534e-01,3.906679575236066682e-01,4.495664244728725389e-01,5.929952696950803182e-01,5.418719286605179208e-01
7.274492815558020187e-01,-1.786380036199085031e-01,3.037058035629054409e-01,3.908696664367491413e-01,4.497491539219339862e-01,5.930286715904655725e-01,5.415381769347167307e-01
7.281414138221845578e-01,-1.779300609423701829e-01,3.038085478329525246e-01,3.911052250991335355e-01,4.499406986253335905e-01,5.930129508334511801e-01,5.412261179622670504e-01
7.288369081591467014e-01,-1.772175829908422540e-01,3.039151015018738411e-01,3.913616178165483239e-01,4.501144961371604802e-01,5.929960550401396358e-01,5.409146912166795662e-01
7.295609465203649613e-01,-1.765021320942497252e-01,3.040032688425890472e-01,3.916531471981840040e-01,4.503452029535227608e-01,5.929473972353856981e-01,5.405648847069977059e-01
7.302495329671373492e-01,-1.758014203456126079e-01,3.040857064960154066e-01,3.919155117750548478e-01,4.505728528889419437e-01,5.928662036586128670e-01,5.402740049540054601e-01
7.309317088718800814e-01,-1.751021781472493211e-01,3.041386785205918986e-01,3.921717839578236497e-01,4.507996111534805506e-01,5.927917719944807429e-01,5.399804788201628680e-01
7.316246312786622852e-01,-1.743989290879061627e-01,3.041841217734054803e-01,3.924397001528901474e-01,4.510141431913678445e-01,5.927007418962056962e-01,5.397065452085544335e-01
7.323130387250385009e-01,-1.736530603560863528e-01,3.042017325798505589e-01,3.926629663872427956e-01,4.512252292660414721e-01,5.926153579078956568e-01,5.394614211169099782e-01
7.329706096405859128e-01,-1.729446849699423361e-01,3.042320781229322924e-01,3.928943556309559271e-01,4.514295882508219671e-01,5.924974337729009832e-01,5.392514655868410056e-01
7.336404795909341470e-01,-1.721675450256149875e-01,3.042349035360935039e-01,3.931300282482565467e-01,4.516346394990540247e-01,5.924021838238013871e-01,5.390126027236055162e-01
7.343407354943983778e-01,-1.713330966260750432e-01,3.042444058238779059e-01,3.933754672511871053e-01,4.518675771376887140e-01,5.922652820550363684e-01,5.387887064229291978e-01
7.349936184159882036e-01,-1.705532043762912897e-01,3.042363169841073578e-01,3.935996349393691696e-01,4.521244722939273264e-01,5.921200925051717245e-01,5.385690159860664350e-01
7.356142955654543236e-01,-1.698184708896753325e-01,3.042383377575184622e-01,3.938433344230273248e-01,4.523632263896852912e-01,5.919598934038031723e-01,5.383664402079905154e-01
7.362890633033900567e-01,-1.690327358597726870e-01,3.042195957335264156e-01,3.941141582297461032e-01,4.526689264185984607e-01,5.917605370461873626e-01,5.381304118266314607e-01
7.369238241624821439e-01,-1.682975442254365517e-01,3.042032419357440509e-01,3.944131911870846774e-01,4.529605374858940436e-01,5.915642883319798262e-01,5.378816587953045847e-01
7.375344493452902217e-01,-1.675668880328099464e-01,3.041649113969677742e-01,3.947140371260727809e-01,4.532702656099504290e-01,5.913836606425144637e-01,5.375986059641354453e-01
7.381398685428852691e-01,-1.668325019760311390e-01,3.041307577380434335e-01,3.950142281461816451e-01,4.536039044415072774e-01,5.911764300008298667e-01,5.373245630426458641e-01
7.387189689005719817e-01,-1.660465196652904929e-01,3.040738678092427261e-01,3.952908872956684694e-01,4.539438932014507877e-01,5.909726040774470057e-01,5.370581323060232837e-01
7.392775304274753490e-01,-1.652451346339295912e-01,3.040268716354564971e-01,3.955731887538858071e-01,4.543211677112636848e-01,5.907357141926253830e-01,5.367918077671131050e-01
7.397777155164713125e-01,-1.644387061974325326e-01,3.039950189267479619e-01,3.958523555579018249e-01,4.546382564588070663e-01,5.905456404262857673e-01,5.365266209023225041e-01
7.402728650004883892e-01,-1.635592880834774165e-01,3.039623057928067529e-01,3.961470132649010933e-01,4.549968125447281797e-01,5.903317935124638982e-01,5.362404479557593140e-01
7.407554753705456463e-01,-1.625887312732225420e-01,3.039350454709996985e-01,3.964468425713003619e-01,4.553753764586594976e-01,5.900921326705133030e-01,5.359612322647470117e-01
7.411795131992322538e-01,-1.616681838718308506e-01,3.039405982464830625e-01,3.967737637070772871e-01,4.557507297373450394e-01,5.898220649727459186e-01,5.356974747456665353e-01
7.415720303017504511e-01,-1.607430522936904582e-01,3.039724511864900225e-01,3.971514868131093556e-01,4.561317757123354300e-01,5.895287227760304116e-01,5.354160856097907040e-01
7.419094583653600417e-01,-1.598443294221488231e-01,3.040000979841109285e-01,3.974903985149510488e-01,4.565172730019321223e-01,5.892316452966085416e-01,5.351629945356427553e-01
7.422391607033879124e-01,-1.589118120151412628e-01,3.040088724242388518e-01,3.978449608570564511e-01,4.569595572517387017e-01,5.889079079002796924e-01,5.348783283789481091e-01
7.425693554483843162e-01,-1.579202935297701615e-01,3.039900062961857774e-01,3.982008324490187712e-01,4.574474531133122523e-01,5.885677552926374956e-01,5.345707830651040826e-01
7.428612517450274844e-01,-1.569548531413792747e-01,3.039530052755698430e-01,3.985229134976731036e-01,4.579077457030916176e-01,5.882611911145324557e-01,5.342740447288738537e-01
7.431241716337182446e-01,-1.560284123089630826e-01,3.039212940683813091e-01,3.988215911231344779e-01,4.583568657269183610e-01,5.879665151702998527e-01,5.339903549068097943e-01
7.433774448834589155e-01,-1.550582725955463315e-01,3.038936794484183856e-01,3.991447164808651915e-01,4.588654782132395304e-01,5.876347904301161273e-01,5.336771695376315572e-01
7.436064291889110667e-01,-1.540393685724059103e-01,3.038900748892061632e-01,3.995186095715022034e-01,4.593956998827206650e-01,5.872768670263248669e-01,5.333351225927869255e-01
7.437837577286192658e-01,-1.531235782832154335e-01,3.039186319367784828e-01,3.998698040421433952e-01,4.598978219238261667e-01,5.869213459892824725e-01,5.330304558157509254e-01
7.439371773252478892e-01,-1.521635433672854087e-01,3.039847228046997918e-01,4.002653203215019717e-01,4.604339770561279854e-01,5.865230071063761708e-01,5.327091028460994027e-01
7.440293563475410821e-01,-1.511905010617701217e-01,3.040454197194001895e-01,4.006617524031277910e-01,4.609653118365899527e-01,5.861546197770473032e-01,5.323569321035233060e-01
7.440473166928278648e-01,-1.501944920569775743e-01,3.040862951182801699e-01,4.010188992995419865e-01,4.615349260984574209e-01,5.857770452188385546e-01,5.320099695405735574e-01
7.440254786739750603e-01,-1.491277597854713532e-01,3.041469162584533037e-01,4.013920326153774254e-01,4.621078378766241834e-01,5.854067144383185983e-01,5.316387504842177147e-01
7.439698822375245824e-01,-1.481509731354251347e-01,3.041976385661914195e-01,4.017134863249161025e-01,4.626525678589725188e-01,5.850669128900791716e-01,5.312961356903068699e-01
7.438711290949432398e-01,-1.470918555671514860e-01,3.042737221406280890e-01,4.020735426989173744e-01,4.632751890237585268e-01,5.846752716125440674e-01,5.309122265133292551e-01
7.437527056189148222e-01,-1.461062576996806361e-01,3.044037633171807200e-01,4.024735759600989171e-01,4.638271524855078765e-01,5.843049239303752529e-01,5.305347765620970213e-01
7.435918482285455156e-01,-1.451289817895484169e-01,3.045067800768866406e-01,4.028396884773758346e-01,4.644179996940168698e-01,5.839426971302498215e-01,5.301386926228910390e-01
7.434000681354777651e-01,-1.441567585872767787e-01,3.046213098393062424e-01,4.032141512065040012e-01,4.650149715096145164e-01,5.835733837265349999e-01,5.297372276371496991e-01
7.431806626091106427e-01,-1.431758808912550196e-01,3.047314404967519375e-01,4.036028991708900393e-01,4.655577038992064209e-01,5.832563926321646663e-01,5.293134275404937084e-01
7.428940920981219609e-01,-1.421935490185734785e-01,3.048121763839188869e-01,4.039658078543329478e-01,4.661167485809040723e-01,5.829490778041599430e-01,5.288829506273026171e-01
7.425821049596004197e-01,-1.412354525249106263e-01,3.049325599602702441e-01,4.043863018501915318e-01,4.666236078836092926e-01,5.826465261822915132e-01,5.284478715723223141e-01
7.422315086746589241e-01,-1.402983376589533870e-01,3.050290458536611959e-01,4.048034383033614625e-01,4.671596124822792739e-01,5.823237740467824830e-01,5.280105065082465465e-01
7.419013412015184050e-01,-1.394320646202506508e-01,3.051746382507775079e-01,4.052566626640077274e-01,4.676158131161100573e-01,5.820084765143270777e-01,5.276065029505055959e-01
7.415176587310574607e-01,-1.384920910508937175e-01,3.053132002588353489e-01,4.057755498636143043e-01,4.681120816095495352e-01,5.816622190683377047e-01,5.271492626311385932e-01
7.411505133642075638e-01,-1.375976531406310488e-01,3.054433400589381398e-01,4.062801764464652465e-01,4.685796329901856239e-01,5.813063918910631456e-01,5.267375290597832160e-01
7.407671175231362870e-01,-1.366884091791765732e-01,3.055301914463585677e-01,4.067714449810295729e-01,4.690365630543903430e-01,5.809791388490359587e-01,5.263125823010531557e-01
7.403745382770264838e-01,-1.357525500479870029e-01,3.055753927520305502e-01,4.072317986278315427e-01,4.695053846699402955e-01,5.806539963191706955e-01,5.258972261866846631e-01
7.399668256550915313e-01,-1.347601496375764596e-01,3.056033818310165406e-01,4.077283222091650505e-01,4.699784564400144027e-01,5.803197732384038909e-01,5.254586820476833120e-01
7.396382074614720192e-01,-1.339354907945006778e-01,3.056160252669080646e-01,4.081621214893708660e-01,4.704239611540624866e-01,5.799857496391234157e-01,5.250919058307423892e-01
7.392835293313150258e-01,-1.329536227415322180e-01,3.056248682043394282e-01,4.086825507068327923e-01,4.709052973971789569e-01,5.796096769253783476e-01,5.246707501333479629e-01
7.389705546518721135e-01,-1.320019994983528955e-01,3.056191984620830193e-01,4.091677704187249298e-01,4.713729313200423210e-01,5.792247375135283205e-01,5.242976241808695592e-01
7.386830669033137564e-01,-1.310471355300997787e-01,3.055826803456729301e-01,4.096662903546119394e-01,4.718228490954610721e-01,5.788519379573823231e-01,5.239152255293937355e-01
7.384041070981004484e-01,-1.301281712246236122e-01,3.055282848713717359e-01,4.101122995149957262e-01,4.722728101797921130e-01,5.784786320681829519e-01,5.235730768402135915e-01
7.381122228670391472e-01,-1.291570287789508276e-01,3.054736164121400477e-01,4.106081820828043072e-01,4.727182075964774244e-01,5.780743549809648218e-01,5.232288764267218895e-01
7.377954310314114306e-01,-1.282020518115444263e-01,3.053847369500276576e-01,4.110785624275082872e-01,4.731995854761563147e-01,5.776532224698655016e-01,5.228893978537975107e-01
7.374868139052048743e-01,-1.272633876151553212e-01,3.053268423614307059e-01,4.115935972040957735e-01,4.736477319973171340e-01,5.772133621990837016e-01,5.225641311965638636e-01
7.372026967213293203e-01,-1.263428471281685672e-01,3.052483547086238813e-01,4.121053367102635590e-01,4.741098425810609251e-01,5.767554804078804942e-01,5.222472254039812745e-01
7.369395782931873473e-01,-1.254232669536780032e-01,3.051208379068559018e-01,4.126237204999411157e-01,4.745773274525663665e-01,5.762918458267926036e-01,5.219250271660810236e-01
7.367353518228891840e-01,-1.244810696625773261e-01,3.049967685718421029e-01,4.131384953898751822e-01,4.750345045517928577e-01,5.757952905543035627e-01,5.216498696325994056e-01
7.365704627957686546e-01,-1.234974025177700413e-01,3.048219573570841168e-01,4.136247160992060357e-01,4.754760484203979232e-01,5.753153461002032953e-01,5.213917664788905171e-01
7.364354247655342522e-01,-1.224647523864391963e-01,3.046338928598397167e-01,4.141352176977742827e-01,4.759505598692248540e-01,5.747701621870963118e-01,5.211548202617025671e-01
7.363437145699018860e-01,-1.214953005499501970e-01,3.044706995157316909e-01,4.146458512495883042e-01,4.763775508037467743e-01,5.742274644970772890e-01,5.209568755175285615e-01
7.362623181443956888e-01,-1.205673641969215171e-01,3.043018603872486572e-01,4.151204190192054333e-01,4.767733245621223470e-01,5.737108223330384948e-01,5.207860664776365889e-01
7.361785612427445002e-01,-1.195719122594816192e-01,3.041061028643188280e-01,4.155885024736261646e-01,4.772046113234570397e-01,5.731449742641283596e-01,5.206407533214517658e-01
7.361214567251386232e-01,-1.185739387536638434e-01,3.039239801588384804e-01,4.160727816069295093e-01,4.776066186812983894e-01,5.725844878376435965e-01,5.205020292807630566e-01
7.360635066365126544e-01,-1.175396212329544304e-01,3.036708057764774260e-01,4.165338289388280102e-01,4.780841127020476478e-01,5.719937313974707838e-01,5.203444261001100024e-01
7.360252246929195330e-01,-1.165753929784272558e-01,3.034202576684432162e-01,4.169941364125049343e-01,4.785511262136020738e-01,5.714101692949365985e-01,5.201875894555869628e-01
7.360124182793832404e-01,-1.156848218542389783e-01,3.032276581054085818e-01,4.174518630906044470e-01,4.789954370282106799e-01,5.708150722883691408e-01,5.200648676432206852e-01
7.360078488044616840e-01,-1.147623139854046792e-01,3.030149855998999775e-01,4.179328284865727605e-01,4.794685753445230292e-01,5.702081982339920474e-01,5.199083061435456621e-01
7.360169257427658929e-01,-1.137778417691266142e-01,3.027579974246115690e-01,4.183976774043446367e-01,4.799890749457209616e-01,5.696058865395974280e-01,5.197143499027522262e-01
7.360445937329320731e-01,-1.128667486901742678e-01,3.025150492955435699e-01,4.187869341216746144e-01,4.804761006861889006e-01,5.690746887147283273e-01,5.195326930450079317e-01
7.360848356434851469e-01,-1.118673270456999880e-01,3.022582606307581687e-01,4.191858235329449234e-01,4.809577855827981141e-01,5.685663085430137098e-01,5.193218718926331245e-01
7.361275929369661686e-01,-1.108364403742450321e-01,3.020199346529242046e-01,4.196049969414301639e-01,4.815051895761507939e-01,5.679955158030250972e-01,5.191006578503564173e-01
7.361794843483802087e-01,-1.098790053108234244e-01,3.018387747690967071e-01,4.200377955299680055e-01,4.820229305043769452e-01,5.674433522594475310e-01,5.188739603900528463e-01
7.362339433237927722e-01,-1.089508154272914031e-01,3.016857089134211134e-01,4.204395986162784427e-01,4.824947419257247794e-01,5.669338079349537374e-01,5.186669695958899817e-01
7.362856570942279966e-01,-1.078903663699380122e-01,3.014981809786047018e-01,4.208385382043410283e-01,4.830218902148153415e-01,5.664025973940823855e-01,5.184330969378567744e-01
7.363339756083052690e-01,-1.068660338724989334e-01,3.013526252619370682e-01,4.212415475677199761e-01,4.834891526407942841e-01,5.659269115505071168e-01,5.181896647602534101e-01
7.363770256725719054e-01,-1.058188601765482073e-01,3.012434995618998301e-01,4.216206088394530704e-01,4.839746802781877966e-01,5.654475905768699961e-01,5.179513426590252045e-01
7.364145107289261638e-01,-1.048519142244102170e-01,3.011571555594623195e-01,4.219954400641253156e-01,4.844582471218824016e-01,5.649822425663645342e-01,5.177017683428944972e-01
7.364618774622561093e-01,-1.038650548874993362e-01,3.011046460860330454e-01,4.224331774623841240e-01,4.849458268692246055e-01,5.644996817969736291e-01,5.174145966555963039e-01
7.365501946588715043e-01,-1.028933002117411316e-01,3.011057854174030157e-01,4.228749457146318558e-01,4.854336067049360715e-01,5.640047717376873715e-01,5.171359697655963927e-01
7.366968466972034779e-01,-1.018810362983724183e-01,3.011188890905246995e-01,4.233268557062599413e-01,4.859412413377863227e-01,5.635316058335101408e-01,5.168051977598987490e-01
7.368964985844388416e-01,-1.009523260755846169e-01,3.011611076960303279e-01,4.237313780321590451e-01,4.863560783665429876e-01,5.631655604118425140e-01,5.164823674365853767e-01
7.371529746852218956e-01,-9.995205031673590201e-02,3.012097679518059845e-01,4.241170161079199641e-01,4.867752633840380927e-01,5.628347434937275295e-01,5.161314281473901033e-01
7.374567046186168984e-01,-9.896333071356944178e-02,3.012801134295126637e-01,4.244972606375902457e-01,4.871910348970208693e-01,5.625353182239084537e-01,5.157528351622294727e-01
7.378406271491294577e-01,-9.796700901789623384e-02,3.013851549240967320e-01,4.248963660834268463e-01,4.876079646832700010e-01,5.622864302340170317e-01,5.153013887437363216e-01
7.382367428515632657e-01,-9.711074587736251429e-02,3.015010662558137988e-01,4.252410146924934797e-01,4.879726164191013904e-01,5.621289094700377964e-01,5.148435628289637078e-01
7.387191389583311896e-01,-9.617107049388132212e-02,3.016267374780561838e-01,4.255686195360861568e-01,4.883414962085871891e-01,5.620355367744470643e-01,5.143247889705180320e-01
7.392330996312608260e-01,-9.532067460446157214e-02,3.017590790498267395e-01,4.258765453475940044e-01,4.886442517792213835e-01,5.620222696924245254e-01,5.137965859128488244e-01
7.398023918052389902e-01,-9.452467641502504403e-02,3.018944879373444135e-01,4.261554314393335430e-01,4.889401022036576339e-01,5.620513082581291009e-01,5.132518403251542516e-01
7.403949115571547557e-01,-9.374595340932123655e-02,3.020349881986096885e-01,4.264100445705738540e-01,4.892166019441616109e-01,5.621102846084992111e-01,5.127120226880592657e-01
7.410103751147902873e-01,-9.299815666630123490e-02,3.021937430732239971e-01,4.266935421687447216e-01,4.894761240015892967e-01,5.621806242949788368e-01,5.121510429269654496e-01
7.416440312537573298e-01,-9.225618872992367991e-02,3.023743604262675300e-01,4.269734187511012302e-01,4.897381591723971028e-01,5.622373512693856767e-01,5.116047262956178177e-01
7.422913751537587590e-01,-9.154529912114342527e-02,3.025972751686087925e-01,4.272950361453030643e-01,4.899979023041082238e-01,5.622508364578004958e-01,5.110724065390945814e-01
7.429528963963156762e-01,-9.086461924062483320e-02,3.028057864435688140e-01,4.276125590434710633e-01,4.902593171478444312e-01,5.622738052398257302e-01,5.105305762039623607e-01
7.436471699805788926e-01,-9.023597661406884685e-02,3.030286620638153461e-01,4.279764753127431320e-01,4.905014241813772102e-01,5.622665099074245498e-01,5.100008444026787879e-01
7.443373752384189190e-01,-8.964775081869075235e-02,3.032142523591042638e-01,4.282683332744822158e-01,4.907239039510226108e-01,5.622483875905367467e-01,5.095616110513095931e-01
7.451434945347519268e-01,-8.900711525685595094e-02,3.033878835576784838e-01,4.285566837950925967e-01,4.909447532650583756e-01,5.622265242752765291e-01,5.091303894066878666e-01
7.459513769540759842e-01,-8.838298664377948477e-02,3.035622663946689892e-01,4.287859925632518387e-01,4.910999396612447665e-01,5.622044647331990719e-01,5.088119118891830661e-01
7.467778781949760969e-01,-8.779500319383523599e-02,3.036769604547714940e-01,4.289800856363255588e-01,4.912769834993975793e-01,5.621783639165321977e-01,5.085061442650563590e-01
7.475777576110943512e-01,-8.723528858156756605e-02,3.037606760120047378e-01,4.291547421830735343e-01,4.914308195265447710e-01,5.621722251503892265e-01,5.082168298577963705e-01
7.484490648953421310e-01,-8.664079642676342230e-02,3.038504310493168603e-01,4.293500324929271916e-01,4.916136699456084558e-01,5.621494743320065712e-01,5.079001059550800612e-01
7.492672322938839224e-01,-8.609595144800681610e-02,3.039118548612947945e-01,4.295158002701599531e-01,4.918462284567548526e-01,5.621059702627926313e-01,5.075828435497740099e-01
7.500808952629751669e-01,-8.556255352159289340e-02,3.039601613126253765e-01,4.296796210460479548e-01,4.920793325488569958e-01,5.620896114470618210e-01,5.072362589950436540e-01
7.508908229920200350e-01,-8.505758151556129520e-02,3.040002525176626058e-01,4.298576679143929491e-01,4.923341373369414797e-01,5.620626891391420354e-01,5.068678486800729521e-01
7.516610578156648348e-01,-8.454227024523432166e-02,3.040331351461977305e-01,4.300086141742525681e-01,4.925620717077065502e-01,5.620548884750496965e-01,5.065268991793528963e-01
7.525193550698443534e-01,-8.396733228153301087e-02,3.041011481558316132e-01,4.301820063525106375e-01,4.928060428615209654e-01,5.620240233530774399e-01,5.061764936301533790e-01
7.533481408656204081e-01,-8.341301557488955964e-02,3.041889679196485008e-01,4.303743089486775086e-01,4.930113301626611877e-01,5.619850386373631546e-01,5.058563025958587867e-01
7.541779179666260324e-01,-8.284061604529993628e-02,3.042603210050623397e-01,4.305604766297037034e-01,4.931873855577761923e-01,5.619781189284370759e-01,5.055338490514194039e-01
7.549732201581411672e-01,-8.229581718512801736e-02,3.043398059334724293e-01,4.307477944086088861e-01,4.933553038984036521e-01,5.619406784854994452e-01,5.052519723768421622e-01
7.558002236577295863e-01,-8.167653706389654822e-02,3.044240466235946796e-01,4.309231863458841127e-01,4.935329936665935335e-01,5.618888465197786619e-01,5.049864510941586282e-01
7.566932370296695076e-01,-8.098509960963144738e-02,3.045214247114154116e-01,4.311325350989899663e-01,4.937534689694189627e-01,5.618226698810213637e-01,5.046657672832032260e-01
7.574451775603153747e-01,-8.037203500933473577e-02,3.046089614208818963e-01,4.313367501000918702e-01,4.939547515412503476e-01,5.617743797516464577e-01,5.043479530022554336e-01
7.582204683272172341e-01,-7.970414201176280466e-02,3.046919464902088648e-01,4.315312589460819637e-01,4.941877435334686153e-01,5.617160562510001842e-01,5.040181731282430411e-01
7.589592606747048720e-01,-7.911297903402494947e-02,3.047583986438524573e-01,4.317376420097002732e-01,4.944149296917133563e-01,5.616586785793796777e-01,5.036824540782685045e-01
7.597608285812289530e-01,-7.852087961236856040e-02,3.048337293610521859e-01,4.319669509911293614e-01,4.946343435856481174e-01,5.616083855488415155e-01,5.033263759016072258e-01
7.606043832340442234e-01,-7.790704279247269437e-02,3.049282624581731715e-01,4.322001716633088186e-01,4.948918778410408281e-01,5.615094837161203056e-01,5.029832408321680548e-01
7.613826898188367220e-01,-7.730796825465474642e-02,3.049939339617537826e-01,4.324182640688805090e-01,4.951446315662192399e-01,5.614522315342934666e-01,5.026108140857805662e-01
7.621411517814964398e-01,-7.673153515162770000e-02,3.050631003138565278e-01,4.326540705828468281e-01,4.954549533227602387e-01,5.613558577971075048e-01,5.022095631834465612e-01
7.628404180254059197e-01,-7.616641898805577571e-02,3.051344484607408925e-01,4.329042809858804075e-01,4.957265699887192234e-01,5.612986119951823838e-01,5.017897163988108700e-01
7.635699721690056840e-01,-7.554552753740190196e-02,3.052173668439867038e-01,4.331628911947892346e-01,4.960396848932703273e-01,5.612225885832812233e-01,5.013419459477106432e-01
7.642955952853935919e-01,-7.488553464414782201e-02,3.053212999205154321e-01,4.334075040203381746e-01,4.963437184603335939e-01,5.611452654129172046e-01,5.009160006513032615e-01
7.650426446608361575e-01,-7.416998451676040660e-02,3.054409687287877873e-01,4.336763186579364882e-01,4.966629686150575429e-01,5.610496689525956704e-01,5.004737907323033586e-01
7.657118421107482753e-01,-7.348342961060014278e-02,3.055520720119088152e-01,4.339075530963290017e-01,4.969285121306314945e-01,5.609854109647212095e-01,5.000816512154151461e-01
7.664516252026454257e-01,-7.269715577272339857e-02,3.056903089092944392e-01,4.342011677587561680e-01,4.972083792501575950e-01,5.609031768357385372e-01,4.996406706183356694e-01
7.670994696353277131e-01,-7.198599202091314486e-02,3.058068162676852442e-01,4.344624309106482896e-01,4.975023705152143427e-01,5.607980407373843734e-01,4.992387654860782620e-01
7.677483335045567348e-01,-7.124248757660392450e-02,3.059427363174294645e-01,4.347751263980233483e-01,4.978339843812350507e-01,5.606779517593714068e-01,4.987706365370792039e-01
7.683788190581100075e-01,-7.043725742526336930e-02,3.061090425972253781e-01,4.351196175047784553e-01,4.982016275463482247e-01,5.605446035560668339e-01,4.982527513188831358e-01
7.689045726092967881e-01,-6.970680086214621485e-02,3.062465562635591221e-01,4.354600927750905681e-01,4.985514915249901757e-01,5.604321736338760962e-01,4.977315507927201343e-01
7.694419075622819237e-01,-6.887052804462540090e-02,3.063838071266642982e-01,4.358194881521710862e-01,4.989766537151867354e-01,5.602998680885074023e-01,4.971395484307958301e-01
7.699128625972299078e-01,-6.805260467660809165e-02,3.065403405441040618e-01,4.361460091487355806e-01,4.993439702678195702e-01,5.601743295592821470e-01,4.966255919338137814e-01
7.703876825405653328e-01,-6.715780872982071714e-02,3.067049277420098030e-01,4.365026324933888868e-01,4.997114846145256362e-01,5.600523955052240099e-01,4.960798305308816714e-01
7.708908449813958175e-01,-6.620543760080682683e-02,3.068921279760353782e-01,4.368666738342268929e-01,5.001023210474517811e-01,5.598990393747703687e-01,4.955383370468726123e-01
7.713820422890258488e-01,-6.532141336622428185e-02,3.070607402254034723e-01,4.372180263358333430e-01,5.004952682104538697e-01,5.597265946881286869e-01,4.950262853069276603e-01
7.718939115237174464e-01,-6.444063373154818031e-02,3.072387411283659109e-01,4.375910307963052914e-01,5.008524269826790665e-01,5.595502924543444001e-01,4.945345350594280154e-01
7.723997998993143987e-01,-6.359490187582023113e-02,3.073989074639928987e-01,4.379664519255734856e-01,5.012413144403675691e-01,5.593456759759680708e-01,4.940394179140001896e-01
7.728951916168260716e-01,-6.272703458077655281e-02,3.075332438579670424e-01,4.383346535898088314e-01,5.016325088984275871e-01,5.591541132805603054e-01,4.935324052987824506e-01
7.733788660207610022e-01,-6.185999866224015098e-02,3.076613622760098199e-01,4.387035853585343759e-01,5.020354456657302178e-01,5.589426859230881561e-01,4.930341259404492638e-01
7.738633411162100240e-01,-6.095845425802522144e-02,3.077664291018786247e-01,4.390368087019408394e-01,5.024350034092557316e-01,5.587406035608796229e-01,4.925593222002607741e-01
7.743725905452832903e-01,-6.010637717234685456e-02,3.078543564095559959e-01,4.393953192888379045e-01,5.028341517778993630e-01,5.585406854715263547e-01,4.920588093570303356e-01
7.748988494154027684e-01,-5.933428401175962208e-02,3.079476348511838713e-01,4.397264860598539826e-01,5.032282040007501900e-01,5.583134212274246666e-01,4.916178554863122052e-01
7.754951776324096047e-01,-5.858408357023756063e-02,3.080756953125782793e-01,4.400978813496226882e-01,5.036068114689931097e-01,5.580706913608887154e-01,4.911732257743566255e-01
7.761610038460111660e-01,-5.782712840261193532e-02,3.081982305529994970e-01,4.404906537821205448e-01,5.039800769496106669e-01,5.578401400468654403e-01,4.906999532514326745e-01
7.768143299513563527e-01,-5.714241048841970511e-02,3.082547348876468751e-01,4.408170639465003315e-01,5.043789152587968561e-01,5.576227146196485185e-01,4.902439536762900896e-01
7.774574277577319670e-01,-5.648536239630411876e-02,3.083175826977487266e-01,4.411114521322839210e-01,5.047478953881409103e-01,5.574093097428453047e-01,4.898419237988874686e-01
7.781319669555275542e-01,-5.585206699205216146e-02,3.083545158304316081e-01,4.414343457344594990e-01,5.051309887587540626e-01,5.572253308196863930e-01,4.893652350693541431e-01
7.788580830747383610e-01,-5.517562827854947949e-02,3.083755922587709253e-01,4.417275056794956467e-01,5.055331634765091176e-01,5.570534322645225300e-01,4.888808698997327284e-01
7.795775219590039828e-01,-5.454527879100012910e-02,3.083865662223045367e-01,4.419799025935303161e-01,5.058859830735996654e-01,5.569307035564574626e-01,4.884274042978957731e-01
7.803249362383414267e-01,-5.393116709127190184e-02,3.084032701848412605e-01,4.422213497647651814e-01,5.062015194830176146e-01,5.568263175074519289e-01,4.880007700981664476e-01
7.810682831471138510e-01,-5.337187458715206972e-02,3.084263657028638583e-01,4.424393436131259238e-01,5.064602806038339677e-01,5.567468326545399471e-01,4.876252410642926693e-01
7.819258847926469080e-01,-5.275638606229204886e-02,3.084593620552726900e-01,4.426727473384101108e-01,5.066843087561728742e-01,5.567011465955025162e-01,4.872326789157271909e-01
7.827263082589266396e-01,-5.220719725437604486e-02,3.084858181002217981e-01,4.428695260437144343e-01,5.068502894919185708e-01,5.566756031172692687e-01,4.869102995807323975e-01
7.835683225522407369e-01,-5.163153396581462995e-02,3.084858457879583460e-01,4.430351267462614984e-01,5.070362638647417652e-01,5.566518567569340714e-01,4.865930681422268034e-01
7.844263424745553381e-01,-5.106346350724236260e-02,3.084771843939584368e-01,4.431821232940116317e-01,5.071971861367441381e-01,5.566510850723880299e-01,4.862922880894919309e-01
7.853643687876374901e-01,-5.050832693726060862e-02,3.085020112836998063e-01,4.433635223538698322e-01,5.073256339396861048e-01,5.566151351363878286e-01,4.860340312475720514e-01
7.862704882380465721e-01,-5.002002793654791724e-02,3.084944835339129554e-01,4.435126171244417881e-01,5.074174788107912448e-01,5.565902178955048907e-01,4.858306186231605150e-01
7.871635587116404542e-01,-4.959296861193229072e-02,3.084729331340526071e-01,4.436322960905970669e-01,5.074565876421507360e-01,5.565794686523845014e-01,4.856927965273917791e-01
7.881178952714534836e-01,-4.924278468883656890e-02,3.084364657555692113e-01,4.437575902859806631e-01,5.075358204588655830e-01,5.565226906455010836e-01,4.855605902577120880e-01
7.890609009485441971e-01,-4.888476243460574550e-02,3.083494106592824524e-01,4.438376969731913646e-01,5.075962297791155597e-01,5.565013188138135947e-01,4.854487083287453708e-01
7.900206819452194607e-01,-4.860898729500227888e-02,3.082740086803223978e-01,4.439545711833106645e-01,5.076881579872462025e-01,5.564319111892831460e-01,4.853252529749523814e-01
7.909496127228707874e-01,-4.832369820053120102e-02,3.081274395200515603e-01,4.440331093384150551e-01,5.077834112335513073e-01,5.564274473613430860e-01,4.851588409069931274e-01
7.919454316150551509e-01,-4.809501061766083274e-02,3.080048433549927300e-01,4.441685142577274648e-01,5.079090400963124363e-01,5.563591007893804452e-01,4.849817407896481747e-01
7.928386458856729879e-01,-4.788477489071921167e-02,3.078750342561230036e-01,4.442795539797446125e-01,5.080322873865141808e-01,5.562943202677698151e-01,4.848252284341293405e-01
7.938365858235285621e-01,-4.764296145104993802e-02,3.077487801850172788e-01,4.444062058284107830e-01,5.081632111860858725e-01,5.562057287173801656e-01,4.846735626792631479e-01
7.947404086424640912e-01,-4.742691671856343050e-02,3.076161099333056814e-01,4.445164475656268044e-01,5.082889056471323608e-01,5.561330875180015010e-01,4.845239985876559907e-01
7.956802078559678248e-01,-4.716915303744619731e-02,3.074634402124741817e-01,4.446264183979254381e-01,5.083885936338694567e-01,5.560774138344118933e-01,4.843823858779770508e-01
7.966881833934881252e-01,-4.687322536950570828e-02,3.073362745819921971e-01,4.447668125044202947e-01,5.084737292657662833e-01,5.559813760546447048e-01,4.842743629613339151e-01
7.975941498096998927e-01,-4.658708435387617919e-02,3.072139947899976686e-01,4.448753622479053593e-01,5.085177083687159039e-01,5.559149961885793134e-01,4.842046771282537132e-01
7.986100022900276540e-01,-4.627037122924701484e-02,3.070809503164422249e-01,4.449655950888443123e-01,5.085765353480006246e-01,5.558104055076740213e-01,4.841800491656479966e-01
7.995845818055724585e-01,-4.595081041759963708e-02,3.069533087884530054e-01,4.450290154634815032e-01,5.085911679320817003e-01,5.557389946107221812e-01,4.841883612460641251e-01
8.005699615872134967e-01,-4.562481825456407569e-02,3.068559790130676035e-01,4.450952897103192529e-01,5.085534218872699297e-01,5.556692281266513156e-01,4.842471570154719407e-01
8.015025933573567407e-01,-4.537180157864715430e-02,3.067413733475740645e-01,4.451516676859681998e-01,5.085664172693052931e-01,5.555774228200921483e-01,4.842870215428541347e-01
8.024714276862880968e-01,-4.514313795006319463e-02,3.065888839924337805e-01,4.451934094316626345e-01,5.085989043836938173e-01,5.554952496295932907e-01,4.843087964277277835e-01
8.034464938761098907e-01,-4.495006313818583621e-02,3.064348660418774184e-01,4.452374610631443241e-01,5.086259225238537462e-01,5.554342920952305418e-01,4.843098402546388570e-01
8.044148356703244573e-01,-4.479867680009148867e-02,3.062722205674838771e-01,4.452932203554060830e-01,5.086735624457616733e-01,5.553792552841725350e-01,4.842716567942493833e-01
8.054445178415223783e-01,-4.468373151445179103e-02,3.061267791616645861e-01,4.453904815700009956e-01,5.087313228900474105e-01,5.552911728968612515e-01,4.842225452622100912e-01
8.064146171199303437e-01,-4.456462948344479952e-02,3.059708887399256172e-01,4.454582882890268936e-01,5.088057189485539755e-01,5.552208957836561876e-01,4.841625869943378402e-01
8.074000144751721786e-01,-4.446850791057882502e-02,3.058475595620152032e-01,4.455565252505300222e-01,5.088450250732523550e-01,5.551759546728420869e-01,4.840824130434541184e-01
8.083172031589445083e-01,-4.436345037649268297e-02,3.056912116846463023e-01,4.456159511106607685e-01,5.088929256015365388e-01,5.551745777158516582e-01,4.839789278950852314e-01
8.093460597310960791e-01,-4.422261296074671277e-02,3.055535873710241712e-01,4.456524640310636776e-01,5.089668463184328084e-01,5.551163854078702276e-01,4.839343233367632835e-01
8.103227349933654899e-01,-4.405583045820521404e-02,3.054163173373956042e-01,4.456581539257883917e-01,5.090382774105141062e-01,5.550735368580848039e-01,4.839031004759642984e-01
8.112557435192326860e-01,-4.389118137415334853e-02,3.053171128544793778e-01,4.456726924123083355e-01,5.090792661792110652e-01,5.550388824118948072e-01,4.838863409886197120e-01
8.122488711314754806e-01,-4.367696333222092359e-02,3.052053246712511658e-01,4.456589294134456480e-01,5.091031128475029810e-01,5.550351515642091282e-01,4.838782074563178770e-01
8.132831454705049534e-01,-4.347341291704676092e-02,3.051009913015765296e-01,4.456488206470198277e-01,5.091153163278266947e-01,5.550236882021807316e-01,4.838878267437460856e-01
8.142717821735120376e-01,-4.327946845641879314e-02,3.050024786552922862e-01,4.456251538896236486e-01,5.091225464339899087e-01,5.550195563140667421e-01,4.839067544913539520e-01
8.152526647894329237e-01,-4.310977101201481088e-02,3.048861784713215450e-01,4.455986147606060266e-01,5.091463638846193129e-01,5.550292488066446150e-01,4.838950171634663344e-01
8.162327085064181587e-01,-4.297836739268894035e-02,3.047554139294038067e-01,4.455685673460193508e-01,5.091834184076922121e-01,5.550528303137842734e-01,4.838566458906297663e-01
8.172044874416389826e-01,-4.284089466151243253e-02,3.046264947316544291e-01,4.455319136670861657e-01,5.092302198331882801e-01,5.550700868778253305e-01,4.838213469517754217e-01
8.181849702427792526e-01,-4.274252073555605269e-02,3.045227677723469917e-01,4.455180377054888119e-01,5.092799485728723985e-01,5.550770388608730066e-01,4.837738035385006352e-01
8.191541572405651728e-01,-4.265902468897569966e-02,3.043914254900029759e-01,4.454814440966869959e-01,5.093761359208759387e-01,5.550851226833578567e-01,4.836969523321903441e-01
8.201052502333585625e-01,-4.255928248868300068e-02,3.043330690005444650e-01,4.454808567833447586e-01,5.094273029033357103e-01,5.550767596795106451e-01,4.836532023670525038e-01
8.210889385520995232e-01,-4.245952205302972599e-02,3.042545099618230164e-01,4.454675172677068362e-01,5.095059247595921104e-01,5.550672895010712038e-01,4.835935357509985044e-01
8.221433742539313583e-01,-4.235526877498960174e-02,3.042141663953708552e-01,4.454748571696398596e-01,5.095678182183726035e-01,5.550589911306232915e-01,4.835310813493909343e-01
8.231263404544455486e-01,-4.222097491959773963e-02,3.041289890444746069e-01,4.454402154522238422e-01,5.096309987792509988e-01,5.550885472699532697e-01,4.834624744805662844e-01
8.240709381064560413e-01,-4.207299218213669117e-02,3.040732275851044109e-01,4.454183989723271009e-01,5.096678667155285503e-01,5.551044278237368124e-01,4.834254748201141094e-01
8.251054278994942592e-01,-4.188767546611043419e-02,3.039943636004210359e-01,4.453732691873530936e-01,5.097155986983086251e-01,5.551294333923377788e-01,4.833880136272478145e-01
8.260491392827397084e-01,-4.173742325986916357e-02,3.039338437965298234e-01,4.453414022371508518e-01,5.097635794968102818e-01,5.551476541276588739e-01,4.833458498721228680e-01
8.270811746713169210e-01,-4.156377131058908853e-02,3.038497645906604316e-01,4.452963659757445125e-01,5.098260367612411637e-01,5.551643571329522020e-01,4.833022814536228062e-01
8.280752545211588211e-01,-4.141019675657311300e-02,3.037974176604402166e-01,4.452771931082333268e-01,5.098784895850990706e-01,5.551686878750339282e-01,4.832596353505889675e-01
8.290544412467676372e-01,-4.130079337852832211e-02,3.037131449410430672e-01,4.452514659471624725e-01,5.099849301325738438e-01,5.551770531728404956e-01,4.831614044394456076e-01
8.300409533407111518e-01,-4.118025850979156743e-02,3.036650127325189463e-01,4.452405295531857155e-01,5.100767873879084036e-01,5.551750253230752774e-01,4.830768397147103266e-01
8.310152033780318082e-01,-4.105840852090240217e-02,3.035837805361059072e-01,4.452159055423575706e-01,5.101746159307317674e-01,5.551979348935645042e-01,4.829698870550316880e-01
8.319984393339655560e-01,-4.093036663959525451e-02,3.035221054015810882e-01,4.451959296188551241e-01,5.102594864979270728e-01,5.552305138751447711e-01,4.828611779296589912e-01
8.329908808231860640e-01,-4.079012794071702752e-02,3.034815173974905744e-01,4.451846854609738391e-01,5.103341994776003920e-01,5.552387043900820496e-01,4.827831623221689461e-01
8.339766468346991868e-01,-4.065568733470271978e-02,3.034424926654734067e-01,4.451742693568287446e-01,5.104261753440291205e-01,5.552274890314478073e-01,4.827084263301332223e-01
8.349649034596253738e-01,-4.051481726381324366e-02,3.033976116746650575e-01,4.451634405829202890e-01,5.105286521853115156e-01,5.552223713795634286e-01,4.826159184961478221e-01
8.359496207817992408e-01,-4.036051544434293009e-02,3.033578305917740137e-01,4.451536289089043086e-01,5.106231698817783604e-01,5.552179156705129293e-01,4.825300935357392795e-01
8.369324441056333885e-01,-4.018291340823951924e-02,3.033171408884455800e-01,4.451332060722825168e-01,5.107176667255927116e-01,5.552233122687513234e-01,4.824427087846740458e-01
8.379079851983526339e-01,-3.999391433057621070e-02,3.032682057101868112e-01,4.450999173140747778e-01,5.108259827371557371e-01,5.552479563489882697e-01,4.823303701177179548e-01
8.388367083764370902e-01,-3.980130597752322419e-02,3.032335221433062333e-01,4.450716067431427225e-01,5.109246704361187774e-01,5.552784250192946969e-01,4.822168772646934221e-01
8.397980473583249728e-01,-3.960130049590118717e-02,3.032045737419651332e-01,4.450292073163659157e-01,5.110894595391931583e-01,5.552900042253497981e-01,4.820680244433491191e-01
8.407711798423203042e-01,-3.939017595718415088e-02,3.032144477432431873e-01,4.449842497853814804e-01,5.113052714790043973e-01,5.552807299565630794e-01,4.818913235778679582e-01
8.417695035590937458e-01,-3.914060650751206155e-02,3.032774237031148901e-01,4.449282746152883328e-01,5.115675175671217101e-01,5.552538238411131033e-01,4.816956471963361186e-01
8.426619133136089568e-01,-3.888893518903922125e-02,3.033925766618399966e-01,4.448796407532542574e-01,5.118267371209018757e-01,5.552168595689870312e-01,4.815077727947682518e-01
8.435319596815409326e-01,-3.861823366913785804e-02,3.035170509247796522e-01,4.448233329469534203e-01,5.121433266334185497e-01,5.551792652301235087e-01,4.812664531310691385e-01
8.443288301517684058e-01,-3.834546632498614382e-02,3.036797894834059042e-01,4.447751594813253440e-01,5.124559481366952607e-01,5.551389943741111832e-01,4.810245894473408335e-01
8.449720041439855445e-01,-3.803880230757852171e-02,3.038520601455768633e-01,4.446819299570299311e-01,5.128060597769357187e-01,5.551059276659068287e-01,4.807757640479792260e-01
8.452965677168278180e-01,-3.780932378142167621e-02,3.040260688107979115e-01,4.445875861042128396e-01,5.131336318417794029e-01,5.550186254672219155e-01,4.806142731332163631e-01
8.454199790530450009e-01,-3.758987337778455645e-02,3.042520728257959162e-01,4.444900684304861627e-01,5.133321772505246017e-01,5.549677786128226487e-01,4.805511622787390635e-01
8.454430759659024019e-01,-3.745665255149164402e-02,3.043694892284244946e-01,4.443765225112271677e-01,5.134890169753257849e-01,5.549419274191533802e-01,4.805184625785542951e-01
8.454500731501306543e-01,-3.736916291778992483e-02,3.044558764881764024e-01,4.442965003697117998e-01,5.135720778186091406e-01,5.549098349643747374e-01,4.805407534269219294e-01
8.454645122032932170e-01,-3.729569187419895515e-02,3.045521151783378566e-01,4.442748167769133283e-01,5.135652374251213903e-01,5.548674558583459593e-01,4.806170414327870510e-01
8.454679266605298338e-01,-3.728640555514130955e-02,3.046087894869477508e-01,4.442606120340590881e-01,5.135796995227251971e-01,5.548265078491004809e-01,4.806619883257283732e-01
8.454500723285370833e-01,-3.728871416045573262e-02,3.045931512166621391e-01,4.442268753513288204e-01,5.136122948457660931e-01,5.548227275893397037e-01,4.806627037218368925e-01
8.454290257434631251e-01,-3.730317815274684923e-02,3.045548238276479802e-01,4.442065114553402916e-01,5.136334713134346197e-01,5.548471367537759491e-01,4.806307180812774971e-01
8.454058752601010251e-01,-3.732979361820241287e-02,3.045100128877782919e-01,4.441979906202092043e-01,5.136484520590847147e-01,5.548872264343186478e-01,4.805762985898328066e-01
8.453847483062438828e-01,-3.733024352330700790e-02,3.044698965435890803e-01,4.441821999628098872e-01,5.136487977314299069e-01,5.549330704003546666e-01,4.805375877091093151e-01
8.453790094427462432e-01,-3.729696235876756027e-02,3.044606023405371786e-01,4.441640710351418830e-01,5.136336260228658857e-01,5.549569799336524500e-01,4.805429498421674439e-01
8.453787525300004990e-01,-3.722769805959805223e-02,3.044627043867648153e-01,4.441323423632875245e-01,5.136132411261734587e-01,5.549707318359557995e-01,4.805781807492204294e-01
8.454133001536111580e-01,-3.711685049189293595e-02,3.044625082279375783e-01,4.440918432158192930e-01,5.136218385546099663e-01,5.549847122240819663e-01,4.805902734622408690e-01
8.456350759247053261e-01,-3.695624887069704628e-02,3.044717263693892395e-01,4.441101763080123055e-01,5.137533170663414195e-01,5.549228329152270378e-01,4.805042455716039829e-01
8.459731393314312564e-01,-3.668877866706123092e-02,3.044495816993589843e-01,4.441635582646830116e-01,5.139892161226856659e-01,5.548153023091005887e-01,4.803267633006764736e-01
8.464592298486129929e-01,-3.628831997159196604e-02,3.044990331718482324e-01,4.443126083687956585e-01,5.143816489794464930e-01,5.545403654862799403e-01,4.800862508800328166e-01
8.469255391793564236e-01,-3.584283867399823409e-02,3.045457970490307309e-01,4.445117302146009974e-01,5.148262256760118838e-01,5.542212230747258772e-01,4.797938254619047438e-01
8.473999258097533183e-01,-3.526036049877292328e-02,3.045676072006346380e-01,4.447542002244364023e-01,5.153640868196569524e-01,5.538482197249465777e-01,4.794222657603320337e-01
8.478912658797854718e-01,-3.452572788139066096e-02,3.045769377396680966e-01,4.450256904568085647e-01,5.160184362628835730e-01,5.533669663053721877e-01,4.790220338066282224e-01
8.483702161677688647e-01,-3.372819685483566254e-02,3.045977167228446358e-01,4.453320517838815218e-01,5.166699177501088425e-01,5.528127244583453948e-01,4.786748911557775488e-01
8.488440819387748082e-01,-3.286948684211818406e-02,3.045989758247893420e-01,4.456530153136253336e-01,5.173549222774591616e-01,5.521996941804275805e-01,4.783437802294495111e-01
8.492880851436594991e-01,-3.197560046209965007e-02,3.045851132481666168e-01,4.459726128495880570e-01,5.180754623003159809e-01,5.515178685071540077e-01,4.780525961311694050e-01
8.496823190609806842e-01,-3.101917038668130372e-02,3.045400447528693322e-01,4.462863689342972395e-01,5.187946206575544394e-01,5.508222178237957012e-01,4.777818569513700986e-01
8.500014634977921535e-01,-3.004052394447947333e-02,3.044751051900646543e-01,4.465367345784300723e-01,5.195119898278114379e-01,5.501175835413627535e-01,4.775802355372258945e-01
8.502761437204016115e-01,-2.893405945080697664e-02,3.043796293514799411e-01,4.468102293877279640e-01,5.203308127237675773e-01,5.492981814443240740e-01,4.773761327367215257e-01
8.504653167680511494e-01,-2.799400914410862459e-02,3.042854673640727481e-01,4.470629566363807927e-01,5.211589148905085844e-01,5.484541276364305329e-01,4.772066304152188798e-01
8.506169996326361504e-01,-2.703202328013561487e-02,3.041719087918569042e-01,4.473772062509283054e-01,5.221182386529362729e-01,5.474706287804469440e-01,4.769927576135846170e-01
8.507291963369268961e-01,-2.615030948232475658e-02,3.041004881654977288e-01,4.476489083407275693e-01,5.230018981282577029e-01,5.465331528646526493e-01,4.768448198684940853e-01
8.507596103707030233e-01,-2.518958341815309004e-02,3.039641821692371515e-01,4.478850422947761034e-01,5.239611961163844756e-01,5.455792591354998722e-01,4.766622765166690923e-01
8.507139334195442659e-01,-2.415570345664726573e-02,3.038471893440354843e-01,4.481035676050866279e-01,5.250005803289399253e-01,5.445107684421599537e-01,4.765350001882321940e-01
8.505846118267924583e-01,-2.328383995274969920e-02,3.037036503171242074e-01,4.483114064151497158e-01,5.259691585470006592e-01,5.435261676743085024e-01,4.763954577750609265e-01
8.503689142245398624e-01,-2.234133928401712404e-02,3.035959044519065952e-01,4.485378350778261303e-01,5.270425903518268784e-01,5.423878675536184524e-01,4.762933125602032969e-01
8.501033989535176083e-01,-2.136175485868204230e-02,3.035286556585580220e-01,4.487090717072375057e-01,5.280213759641098070e-01,5.413294404661043169e-01,4.762520681081101048e-01
8.498006694552737716e-01,-2.041995161699533545e-02,3.034382896046713407e-01,4.488495917234976984e-01,5.289299988500547611e-01,5.403629681019946895e-01,4.762089489185741265e-01
8.493993693337964501e-01,-1.932564309599704711e-02,3.033021947764970028e-01,4.489752208036960068e-01,5.299989147166422887e-01,5.392457210749739271e-01,4.761685140848619380e-01
8.490393585976280244e-01,-1.840491235513297408e-02,3.032307095741499925e-01,4.491269107559377471e-01,5.308910182322862381e-01,5.382547822153723738e-01,4.761528475367926561e-01
8.486551188516618938e-01,-1.746478098862935119e-02,3.031822474043040505e-01,4.493120451422227823e-01,5.318063253061148243e-01,5.372091072276765633e-01,4.761376834132777236e-01
8.482558779881781419e-01,-1.642914601507887776e-02,3.031419256162872777e-01,4.494981264651622399e-01,5.327317190016084281e-01,5.361358906538664648e-01,4.761372245757367061e-01
8.479054709943778523e-01,-1.547265258894685996e-02,3.031067817076341098e-01,4.496944783214247843e-01,5.335255010693897848e-01,5.351909611956128243e-01,4.761260872189153615e-01
8.475504258034385341e-01,-1.448961760354779485e-02,3.030474027931486236e-01,4.499015309634176174e-01,5.343954059607345375e-01,5.341757622223034518e-01,4.760949669751359248e-01
8.472117599758788309e-01,-1.354706645360909123e-02,3.029945448484359094e-01,4.501593822138197920e-01,5.352442036691060778e-01,5.331803500475216229e-01,4.760135369574053366e-01
8.469017835105319136e-01,-1.266062182608258813e-02,3.029357043879357114e-01,4.504236906891557202e-01,5.360382319485733627e-01,5.322457672564318010e-01,4.759159127335619299e-01
8.465902567405284573e-01,-1.167942302154344539e-02,3.028608049718289896e-01,4.507527018883458747e-01,5.368766205187697205e-01,5.312564886755766214e-01,4.757646890226278624e-01
8.463279371516226890e-01,-1.072175622619648758e-02,3.027653102642526850e-01,4.510718316016184559e-01,5.376618908257301266e-01,5.303427576931932785e-01,4.755948414897291365e-01
8.461039776421765968e-01,-9.769307467114719812e-03,3.026449692051333962e-01,4.514319780094916967e-01,5.384368820034319825e-01,5.294512177718334600e-01,4.753696470419442877e-01
8.459348488422142598e-01,-8.840510040249686605e-03,3.025612643805115631e-01,4.518401194088837447e-01,5.391945505333241018e-01,5.285490895271814926e-01,4.751269337005845639e-01
8.458173147007663761e-01,-7.886554774388244982e-03,3.024677460616611580e-01,4.522789253585288716e-01,5.398967036638813166e-01,5.277117379388314156e-01,4.748427578588383380e-01
8.457499171775957336e-01,-6.880806379318979600e-03,3.023543659943670470e-01,4.527258341472594205e-01,5.405451156456125839e-01,5.269137829475790680e-01,4.745652351228550891e-01
8.457399524888885578e-01,-5.866246970230840421e-03,3.022687081017157995e-01,4.532185021678843961e-01,5.411540955738664005e-01,5.261185947420903286e-01,4.742830994279029766e-01
8.457662412743368607e-01,-4.893672500860607281e-03,3.021397969339233991e-01,4.537246334755133392e-01,5.417798097706221228e-01,5.253376001814428209e-01,4.739504199154400688e-01
8.458795976589488230e-01,-3.946681475758794834e-03,3.020136515279137068e-01,4.542562646070615329e-01,5.423639372194325459e-01,5.245931748870755751e-01,4.735975153344584854e-01
8.460749737475575794e-01,-2.966626882194606414e-03,3.018552026227628859e-01,4.547817295833446738e-01,5.428871772760386349e-01,5.239355487172234760e-01,4.732215463995890770e-01
8.463291127678334025e-01,-1.964689489200379790e-03,3.016880882955764176e-01,4.552931799525431478e-01,5.433778716140402754e-01,5.233326923777582573e-01,4.728334823355293537e-01
8.466011463978149187e-01,-1.033302089427467433e-03,3.015262638648336102e-01,4.557817298791743132e-01,5.438544658717752167e-01,5.227658165324303718e-01,4.724417802490108453e-01
8.469467380344886109e-01,-1.417121601389069105e-05,3.013358039452060377e-01,4.563872530233082370e-01,5.443870575562099745e-01,5.221336852559380626e-01,4.719426040994639804e-01
8.472777397970810975e-01,7.742673865754590677e-04,3.012031532756638819e-01,4.569085964563316393e-01,5.447950318811496384e-01,5.216402234044008601e-01,4.715128683806300014e-01
8.477373970892284616e-01,1.680436430854943299e-03,3.011039824490958638e-01,4.575218705374400341e-01,5.452295939869612473e-01,5.210988120686916858e-01,4.710142841584890050e-01
8.482310782367715740e-01,2.526532329637444247e-03,3.010319949079950375e-01,4.581192669028273379e-01,5.455958825839171134e-01,5.206321418268560208e-01,4.705252842267594882e-01
8.487436788430117174e-01,3.344474067719377906e-03,3.009577764872929939e-01,4.587086130294557029e-01,5.459794892541520728e-01,5.201724835167603755e-01,4.700142476972096750e-01
8.492729749150426111e-01,4.120716702753067506e-03,3.008811283691519844e-01,4.592954381406955111e-01,5.463734830616137073e-01,5.197274838462225821e-01,4.694753029128811983e-01
8.498307730785410463e-01,4.882044384851146925e-03,3.008050429265903825e-01,4.598870146465950381e-01,5.467350730755766719e-01,5.193328126209005857e-01,4.689116370530282962e-01
8.504225514094352345e-01,5.673913092102185300e-03,3.007332405182357449e-01,4.604277766544436767e-01,5.470822124143864817e-01,5.189687775409469461e-01,4.683788245453469612e-01
8.510359208357551886e-01,6.473812576641043738e-03,3.006389749316116244e-01,4.609400751396503515e-01,5.474027886757685257e-01,5.186610061018379625e-01,4.678409931052158188e-01
8.516802798730539470e-01,7.293587468429479914e-03,3.005655025485620135e-01,4.614365030765362197e-01,5.476814546258472749e-01,5.183967057285806534e-01,4.673181286630866405e-01
8.523097269037569479e-01,8.088603702078769886e-03,3.004937603071451413e-01,4.618745716456372219e-01,5.479479544008868386e-01,5.181519179373854644e-01,4.668442023554020825e-01
8.529879354136773451e-01,8.851991576112298518e-03,3.003933899814071884e-01,4.623321161154918535e-01,5.482399314712314009e-01,5.178923936459975952e-01,4.663362097802506989e-01
8.537628941524638693e-01,9.544003869416246150e-03,3.003260265294748210e-01,4.628247742358819194e-01,5.485432498150025760e-01,5.175861021773966453e-01,4.658306111331776966e-01
8.544846831557277866e-01,1.012377151097528655e-02,3.002516952719396226e-01,4.632550585599838899e-01,5.487965246414890919e-01,5.173454822777170392e-01,4.653716549456419216e-01
8.552835216814811403e-01,1.070224397089547183e-02,3.001917971323145862e-01,4.636789241322247235e-01,5.490506499567561205e-01,5.170972876487446301e-01,4.649254071396378141e-01
8.561003965401228211e-01,1.125083251300324980e-02,3.001191572079168202e-01,4.640919285818367324e-01,5.492892259219153139e-01,5.168894057673476539e-01,4.644624530753512226e-01
8.569035359048881029e-01,1.176459539951273461e-02,3.000172656431944751e-01,4.644759512440272409e-01,5.495707745779899733e-01,5.166633516723384556e-01,4.639968054678928477e-01
8.577580782828806427e-01,1.232125658888881710e-02,2.999176224784630418e-01,4.648714906195593466e-01,5.498655795520324130e-01,5.164385435095384391e-01,4.635014265466749772e-01
8.585141673773324378e-01,1.278158570900341830e-02,2.998124362623727501e-01,4.652225626898541244e-01,5.501758773264896485e-01,5.162202173812618922e-01,4.630239284736318295e-01
8.593570854549062998e-01,1.333672306875320797e-02,2.997089697140442044e-01,4.656230649729545812e-01,5.504804596204326828e-01,5.160182114930079722e-01,4.624841947016420374e-01
8.601425100886597175e-01,1.394483394214202435e-02,2.996154837894102752e-01,4.659761203982826783e-01,5.507714538091899037e-01,5.158145183326607874e-01,4.620091379666874110e-01
8.608989777542542798e-01,1.452560299430314533e-02,2.995571546275819785e-01,4.663493168888110385e-01,5.510223558855279480e-01,5.156099808786810401e-01,4.615615078946553318e-01
8.616904617329820271e-01,1.515598520794810521e-02,2.995004486897786533e-01,4.667260087950726999e-01,5.513079265968662268e-01,5.153611509003118707e-01,4.611174329044525622e-01
8.625307680494307405e-01,1.585066232685920437e-02,2.994570227297276288e-01,4.671282309144382805e-01,5.515847058102180123e-01,5.150976947088966584e-01,4.606733040936740742e-01
8.633380141968849397e-01,1.656008709616350882e-02,2.994587521291329768e-01,4.675289848051741859e-01,5.518210017752420704e-01,5.148099167229065465e-01,4.603053117340330513e-01
8.640824891445276767e-01,1.718886175588189846e-02,2.994339557509317351e-01,4.679327474298020095e-01,5.520924666961946059e-01,5.145026105534875605e-01,4.599129437553965971e-01
8.648642266349645391e-01,1.788272983848231135e-02,2.994378627004105620e-01,4.683680666798391568e-01,5.523826532561114666e-01,5.141453438941282483e-01,4.595207545348925504e-01
8.655943334554447866e-01,1.853960095709741851e-02,2.993592404913126837e-01,4.687805796099123179e-01,5.527528939613356451e-01,5.137813437647240633e-01,4.590618010652569581e-01
8.663658038165964470e-01,1.921003364463173824e-02,2.992681409902592793e-01,4.692101815503461060e-01,5.531595670191783443e-01,5.133847899214813992e-01,4.585764455594322775e-01
8.670406605092816354e-01,1.983117744397815477e-02,2.991518683996515771e-01,4.695860738462902528e-01,5.535483330811810099e-01,5.130245658680565590e-01,4.581254817280570046e-01
8.677880135809812323e-01,2.056207594748601930e-02,2.990330767169864790e-01,4.699721320402560076e-01,5.539846503428674795e-01,5.126218971732774410e-01,4.576526989197121087e-01
8.684490816269585522e-01,2.122693956196693155e-02,2.989227451845435368e-01,4.703314217216854054e-01,5.543896630116966762e-01,5.122522029762343054e-01,4.572068851548828916e-01
8.691319937189304623e-01,2.191643751180313848e-02,2.988076469516136036e-01,4.707044638786606616e-01,5.548524602740552147e-01,5.118217136666859401e-01,4.567434601960136953e-01
8.698244600976656749e-01,2.259780260904775684e-02,2.987330383940702272e-01,4.711084335672716672e-01,5.553065020890932679e-01,5.113710477031021551e-01,4.562797213666187623e-01
8.705271228868121103e-01,2.339198001284334069e-02,2.986562584114978436e-01,4.714996733503785120e-01,5.557882841683902120e-01,5.108858872071420087e-01,4.558322624214026786e-01
8.712029263102407661e-01,2.417374896127354872e-02,2.986159995647540977e-01,4.718921047143991854e-01,5.562416168534711769e-01,5.103901028007976626e-01,4.554284226433850669e-01
8.718510413617406307e-01,2.495595586868576410e-02,2.985454483252896751e-01,4.722696105387139132e-01,5.567224417845049178e-01,5.098931907819554965e-01,4.550060128935729531e-01
8.725017052552987984e-01,2.572654907859288353e-02,2.985072470825381741e-01,4.726718416076682860e-01,5.572127707107030758e-01,5.093474159318543970e-01,4.545992391014960221e-01
8.731556160272946343e-01,2.648367268066793498e-02,2.984772319571407095e-01,4.730893942684408771e-01,5.577057185371203651e-01,5.087790436124237647e-01,4.541966989339986660e-01
8.737631168228581213e-01,2.719996110820043292e-02,2.984200407454376536e-01,4.734536190398543343e-01,5.582089777066113756e-01,5.082317063525838563e-01,4.538115693586330379e-01
8.744100981298374986e-01,2.798584725812251761e-02,2.983660807312492613e-01,4.738496980754581811e-01,5.587014982963374177e-01,5.076813396059836059e-01,4.534079364668189283e-01
8.750455357130828560e-01,2.878532295310393813e-02,2.982941617672681955e-01,4.742212441667673084e-01,5.592077013657045237e-01,5.071283546717445523e-01,4.530141170009357454e-01
8.757158762549320796e-01,2.962562032624149397e-02,2.982099484133957645e-01,4.746086234382301261e-01,5.597511378225864531e-01,5.065401446326395218e-01,4.525951835138467549e-01
8.763157443450958484e-01,3.032509519674261161e-02,2.981146777581462626e-01,4.749571853436957425e-01,5.602865690808378485e-01,5.059810817602745647e-01,4.521921908864857120e-01
8.769328685981634397e-01,3.103664648426214881e-02,2.979931915944074583e-01,4.753362562867220475e-01,5.608578504418325616e-01,5.054023260225753988e-01,4.517326686305309646e-01
8.775874031875877668e-01,3.184771024930174027e-02,2.979202035838230400e-01,4.757424830392572579e-01,5.614321635552831369e-01,5.047777882107119529e-01,4.512897074899641647e-01
8.781908999506975455e-01,3.264175082010936646e-02,2.978255722811144479e-01,4.760966813569772471e-01,5.620067347050273776e-01,5.041863139280455819e-01,4.508619977273711221e-01
8.788197653696143696e-01,3.342757751790599585e-02,2.977761179174363004e-01,4.764830163183271239e-01,5.625424682985528113e-01,5.036060090595128047e-01,4.504341174466144904e-01
8.794170527348315058e-01,3.416279794468382591e-02,2.977014830494003061e-01,4.768268720184064557e-01,5.630786359887542947e-01,5.030453808953628814e-01,4.500265865190918313e-01
8.800580190326742214e-01,3.490222778383150759e-02,2.976622377699276178e-01,4.772362572672157466e-01,5.636167356645397364e-01,5.024367158298627123e-01,4.495987951657900439e-01
8.807104372572533979e-01,3.566243988990162872e-02,2.976276617680257419e-01,4.776368454539741681e-01,5.641417929538677933e-01,5.018416619909455978e-01,4.491792822445593303e-01
8.813781276567363987e-01,3.649675877822558534e-02,2.975812892329839365e-01,4.780396073293297632e-01,5.646813872676537116e-01,5.012479551772333064e-01,4.487355035302427186e-01
8.819676602862474013e-01,3.727675034816240601e-02,2.975216412299374613e-01,4.784149648525028997e-01,5.651585154512763776e-01,5.007405608655292051e-01,4.483010869071846760e-01
8.825581716647569186e-01,3.810213803470396954e-02,2.974666244464880260e-01,4.788079158444543126e-01,5.657058908914404105e-01,5.001562792025197046e-01,4.478431880800497478e-01
8.831520908825185590e-01,3.888621911537656212e-02,2.973809429947676941e-01,4.791971758274289894e-01,5.662832377057205324e-01,4.995683594428166341e-01,4.473531218357095773e-01
8.837976588479683482e-01,3.966427460528912374e-02,2.973074103479294572e-01,4.796173971759972732e-01,5.668738116839540098e-01,4.989515719477310429e-01,4.468428838013592252e-01
8.844194625764900675e-01,4.038577831358672321e-02,2.972569861381097467e-01,4.799865315181616188e-01,5.673759647054736899e-01,4.984011655997614421e-01,4.464232547308630839e-01
8.851093687505233731e-01,4.119029521901175495e-02,2.972128793636760746e-01,4.804109692778656404e-01,5.678989954258620854e-01,4.978211611847270790e-01,4.459485654966146573e-01
8.857247267656198630e-01,4.192436703792140618e-02,2.971841084944268907e-01,4.808106506909240463e-01,5.683746009116407150e-01,4.972801357121755528e-01,4.455153171853732941e-01
8.863780713536834055e-01,4.272680216757197835e-02,2.971365326573907617e-01,4.812381825484660092e-01,5.689607378003166405e-01,4.966447945387609253e-01,4.450139756869670449e-01
8.869572295063599121e-01,4.344239869343082677e-02,2.970727948994245082e-01,4.816402880625964000e-01,5.694889903680961929e-01,4.960836240106870076e-01,4.445289200411250974e-01
8.875910333130934138e-01,4.420972653886867665e-02,2.970244432726899531e-01,4.820595006065818700e-01,5.700196034555812252e-01,4.954968487633595875e-01,4.440486036650211354e-01
8.882202163284025342e-01,4.498450598789390659e-02,2.969704559233996566e-01,4.824714541438250848e-01,5.705398164686162898e-01,4.949239208196414830e-01,4.435717826471987091e-01
8.888211062738430313e-01,4.579985558103846777e-02,2.969355524306639960e-01,4.829062850869062506e-01,5.710541124000723112e-01,4.943549282616507279e-01,4.430710162467718094e-01
8.893528739832484709e-01,4.663608853737113979e-02,2.968777020540000477e-01,4.833418954592360040e-01,5.716310230692872585e-01,4.937351128598468364e-01,4.425429062677507241e-01
8.898561983272766929e-01,4.751230090319676080e-02,2.968061941667890502e-01,4.837996185067705568e-01,5.722969554111587698e-01,4.930333441136422468e-01,4.419640772188846989e-01
8.902907829964583630e-01,4.831800034595326587e-02,2.967532233756668969e-01,4.842351067236463358e-01,5.728833901040389920e-01,4.923983458976364247e-01,4.414349914953661913e-01
8.907632522363183591e-01,4.917389510871924413e-02,2.967344712013739727e-01,4.847020299976658730e-01,5.734816181405039126e-01,4.917172461198238698e-01,4.409046672914992970e-01
8.912270470089397323e-01,5.006321392136958703e-02,2.966812004336387698e-01,4.851206824191471312e-01,5.741114754317796498e-01,4.910345318446096008e-01,4.403850880795933120e-01
8.916824640914071676e-01,5.093629968429005950e-02,2.966514307137177453e-01,4.855989435509571739e-01,5.748035640966255855e-01,4.902616997876600435e-01,4.398158642492618897e-01
8.920667313921376573e-01,5.176800034014136104e-02,2.966402679078918858e-01,4.860260686804659391e-01,5.754367865304828022e-01,4.895452528292058014e-01,4.393137952567292004e-01
8.924353891752696555e-01,5.274551277692191703e-02,2.966555909110908940e-01,4.864854227852898894e-01,5.761373212232865360e-01,4.887387680771440035e-01,4.387848414536549835e-01
8.927108455994542391e-01,5.368178573010046889e-02,2.966815289558525914e-01,4.868702357774564171e-01,5.767919719849717852e-01,4.879882845395188129e-01,4.383330112139275370e-01
8.929316021066611153e-01,5.465885107945189086e-02,2.967218508653486908e-01,4.872808501086351995e-01,5.775201702790349056e-01,4.871279001099463324e-01,4.378746795291485472e-01
8.930623370172690034e-01,5.558648648529610631e-02,2.967409849526558285e-01,4.876824317798869601e-01,5.783009569808829076e-01,4.862098484042040591e-01,4.374172289736788510e-01
8.931166266759270611e-01,5.656280523117385162e-02,2.967407751930301041e-01,4.880355293743622314e-01,5.790913010751447265e-01,4.852825248059115526e-01,4.370073891885377093e-01
8.931132252708425812e-01,5.757039316291401310e-02,2.967442731042053694e-01,4.883248022651980880e-01,5.799056125193710054e-01,4.843135628770309231e-01,4.366792196504710732e-01
8.930398537999798547e-01,5.855615546961837059e-02,2.967225538830077780e-01,4.885412401030224672e-01,5.807660191847797693e-01,4.833005181305545794e-01,4.364159676886291139e-01
8.929109565331718734e-01,5.947319166413567171e-02,2.967170669958061890e-01,4.887118816333548277e-01,5.816515739030642118e-01,4.822239903753420820e-01,4.362363653261336349e-01
8.927122307843067262e-01,6.037707361498607928e-02,2.967183337917556063e-01,4.888204475694813977e-01,5.825194888132836368e-01,4.811564520732673489e-01,4.361353962004781981e-01
8.924294089793509688e-01,6.132461575908869367e-02,2.967538329864242708e-01,4.888336899170563910e-01,5.834522450080699141e-01,4.799654814885354615e-01,4.361860130455774143e-01
8.921231670740985553e-01,6.215215081254450713e-02,2.967976415960736358e-01,4.887888628756760778e-01,5.843083678694007688e-01,4.788250808669310410e-01,4.363435810222002220e-01
8.916864819039644896e-01,6.294763810024484041e-02,2.968611373196795578e-01,4.886849717361673728e-01,5.852403659422128479e-01,4.775696906159458410e-01,4.365866501349253137e-01
8.911512873473107499e-01,6.367555637001051649e-02,2.969267237409329852e-01,4.885197554601151126e-01,5.861997949912843842e-01,4.762929146903035482e-01,4.368790545370428990e-01
8.905004735161614615e-01,6.442807363211977556e-02,2.969719220548687755e-01,4.881773261974880485e-01,5.872858103932482310e-01,4.748968694877106489e-01,4.373228080585201960e-01
8.898034226842408412e-01,6.513321817318441787e-02,2.970192417357923054e-01,4.877551663220680012e-01,5.883582506532579748e-01,4.735206504845298481e-01,4.378443332727712245e-01
8.890561558290738242e-01,6.575553561183838935e-02,2.970944887960005332e-01,4.872714481575063927e-01,5.894884783231830738e-01,4.720433736343818132e-01,4.384574359531104859e-01
8.882479576215295269e-01,6.634909616179286707e-02,2.971664361520606756e-01,4.867309498267080592e-01,5.905857821833137011e-01,4.706309097419136278e-01,4.390990357074506245e-01
8.874088380100400020e-01,6.689402780253056457e-02,2.972747299947310351e-01,4.861888417843356347e-01,5.916155584327250638e-01,4.692757773397441268e-01,4.397632157728973423e-01
8.865443316061456525e-01,6.743074869078478917e-02,2.973999779874050287e-01,4.856399924181016847e-01,5.925500093321542927e-01,4.680250806132716934e-01,4.404438762448063538e-01
8.856500010185782701e-01,6.789103265988788438e-02,2.975190670069292054e-01,4.851547111470807527e-01,5.933677858213329825e-01,4.669244911005264731e-01,4.410454586681465949e-01
8.847389186158659546e-01,6.831443047558991011e-02,2.976228156140412473e-01,4.846914939064877470e-01,5.941275562155188261e-01,4.659210641437266376e-01,4.415927588482968513e-01
8.838557988193163073e-01,6.867128376173972648e-02,2.977026586710438405e-01,4.843138662097224989e-01,5.947606162056500168e-01,4.651095521916753239e-01,4.420101728102259764e-01
8.828687654460758427e-01,6.906050097808316690e-02,2.978132667176017212e-01,4.839793896782122462e-01,5.953319198122070111e-01,4.643546042120604844e-01,4.424010139754178117e-01
8.819246556970319340e-01,6.937522725886352548e-02,2.979138819638766367e-01,4.837034906795765199e-01,5.958134397164185359e-01,4.637382306152449951e-01,4.427009505563822001e-01
8.809696251753753593e-01,6.963719555657935101e-02,2.980361652491075874e-01,4.835112764580937195e-01,5.962327532054761958e-01,4.631921899737693193e-01,4.429179886730568172e-01
8.800785271302737911e-01,6.987435084547255482e-02,2.981894035712968627e-01,4.833766008685552729e-01,5.965713129018982430e-01,4.627143599269941676e-01,4.431085098174247783e-01
8.790958465135014777e-01,7.012628094885249574e-02,2.983862844570455142e-01,4.832687987656491546e-01,5.968963685099798466e-01,4.622217960043543683e-01,4.433023851703414842e-01
8.781739293332386787e-01,7.038338231889477992e-02,2.985907989714162714e-01,4.831516621533175071e-01,5.971939947424583783e-01,4.617693547737627968e-01,4.435006955956821706e-01
8.772247637676424681e-01,7.060481577104622819e-02,2.987439555599687990e-01,4.830315087889369141e-01,5.974672159972856944e-01,4.614024887577408141e-01,4.436453884508424483e-01
8.762770737928073927e-01,7.081183709840078999e-02,2.989303605942974507e-01,4.829628960749384747e-01,5.976416231698888915e-01,4.611379326985246552e-01,4.437602261315219954e-01
8.752953559561951202e-01,7.100117515600951057e-02,2.990557077896587312e-01,4.828699887963769366e-01,5.977847228883872432e-01,4.609873138632073486e-01,4.438250730391710697e-01
8.743264422392442725e-01,7.119550623388898325e-02,2.992045704106787163e-01,4.827807166516174808e-01,5.978782371453470468e-01,4.609055773436730452e-01,4.438811124060341173e-01
8.733845679571879961e-01,7.136968503550993048e-02,2.993250128553230915e-01,4.826661438992295716e-01,5.979647500180709230e-01,4.608633917400591917e-01,4.439329740209922437e-01
8.723943157734581622e-01,7.151485963193884854e-02,2.994346354748355088e-01,4.825743459524380330e-01,5.980254086366656452e-01,4.608712495339698512e-01,4.439429046696465320e-01
8.713878848585971948e-01,7.165454600946777330e-02,2.995298871235005933e-01,4.824828623793606108e-01,5.980627045315187740e-01,4.609083271064726706e-01,4.439536045158062882e-01
8.703975031198553092e-01,7.176271640805538532e-02,2.996612116406806026e-01,4.824188176132961359e-01,5.980762899480182027e-01,4.609447392789158271e-01,4.439670969178861060e-01
8.693517583003849136e-01,7.187617770769214043e-02,2.997957124782382743e-01,4.823321292562610108e-01,5.980956180031498093e-01,4.609864795101007440e-01,4.439919081711233284e-01
8.683742985183844354e-01,7.196945899479692543e-02,2.999738546087261648e-01,4.822774366509001154e-01,5.980906725476246022e-01,4.609895355148844742e-01,4.440548047873574822e-01
8.674047876446928651e-01,7.202430068722781575e-02,3.001730125589535114e-01,4.822575283665746504e-01,5.980567314118001576e-01,4.610015162464282668e-01,4.441096985715247136e-01
8.664408978666088279e-01,7.208205949859938788e-02,3.003907161279462112e-01,4.822305100438376013e-01,5.980209054088567733e-01,4.609863356062415263e-01,4.442030281989992613e-01
8.654627002125581114e-01,7.217070837031092090e-02,3.005526422665974473e-01,4.821646646138636472e-01,5.979825197116361846e-01,4.610304097128419820e-01,4.442804335519763281e-01
8.644859461248011190e-01,7.224505520788103430e-02,3.007198098707325462e-01,4.820653196315500821e-01,5.979723444925891807e-01,4.610448863101252459e-01,4.443868985893390522e-01
8.634939709570087496e-01,7.231042199654941216e-02,3.008432451090909399e-01,4.819654962199946269e-01,5.979515808148216927e-01,4.611128717780744179e-01,4.444525699498733107e-01
8.624892925529132892e-01,7.239273944832411156e-02,3.009434724138484452e-01,4.818379110675499732e-01,5.979449539258930857e-01,4.611788472352867929e-01,4.445313604183098732e-01
8.614942213872451848e-01,7.245783065201449880e-02,3.010745915692162877e-01,4.817304399884267396e-01,5.979134152534874014e-01,4.612403786080223056e-01,4.446264096856997194e-01
8.604869427054190334e-01,7.253120069808051407e-02,3.011627423215706978e-01,4.815764249557641929e-01,5.978992776869495041e-01,4.613211129929714605e-01,4.447284917510632152e-01
8.594929349637918659e-01,7.260341136926973249e-02,3.012821506600880661e-01,4.814525023329004894e-01,5.978553121587505403e-01,4.614028434950838697e-01,4.448369698390663429e-01
8.585358624041055098e-01,7.263040820769145478e-02,3.013937424209999216e-01,4.813333536129478230e-01,5.978533747089616046e-01,4.614420769857117133e-01,4.449278083419055951e-01
8.575092397389069143e-01,7.267038924241137066e-02,3.015803396941715842e-01,4.812296143940018034e-01,5.978070179412169338e-01,4.614666112145198729e-01,4.450768408540452525e-01
8.565750291456823984e-01,7.270765801519625537e-02,3.017391664607687596e-01,4.811311775308625971e-01,5.977549496858385325e-01,4.614938618475510346e-01,4.452249157570585258e-01
8.555632860773418891e-01,7.274164858911109921e-02,3.019458529851641315e-01,4.810470622886097725e-01,5.976759760765797402e-01,4.615322640916398877e-01,4.453819941206099142e-01
8.545831347654084809e-01,7.275559310662133017e-02,3.021042408271011892e-01,4.809476758681238695e-01,5.976414667501186440e-01,4.615533494305352202e-01,4.455137662601136306e-01
8.535994400912194635e-01,7.278471801038788325e-02,3.022405180532044544e-01,4.808413708050214286e-01,5.975862096090640563e-01,4.616088474083981374e-01,4.456451168830527498e-01
8.525996410222239641e-01,7.279611231961621853e-02,3.023644397798077588e-01,4.807236440927442622e-01,5.975529092654268126e-01,4.616427385895793267e-01,4.457816511994749931e-01
8.516521399396128622e-01,7.279380511785907282e-02,3.024649729376990281e-01,4.806050523862106516e-01,5.975391464797079610e-01,4.616817396698999487e-01,4.458875680040031431e-01
8.506500605538027671e-01,7.279050731503471094e-02,3.025674181261789331e-01,4.804732008072162275e-01,5.975137668938250712e-01,4.617337316613696063e-01,4.460098235739730077e-01
8.496004198188656931e-01,7.278137043742169410e-02,3.026867328196941598e-01,4.803337343089210121e-01,5.974667521305835338e-01,4.617951253996540051e-01,4.461594400441353803e-01
8.486097694379732825e-01,7.274844145116327043e-02,3.028084259391277122e-01,4.802115807369556344e-01,5.974181208494152573e-01,4.618298318067612374e-01,4.463201015641199976e-01
8.476115260946183172e-01,7.273544020202493687e-02,3.029063863618800534e-01,4.800661362119413855e-01,5.973611850070441598e-01,4.619034873366575922e-01,4.464765255819747591e-01
8.466271885585331392e-01,7.271379757075760453e-02,3.030346486542848661e-01,4.799235987254973912e-01,5.972852004043264218e-01,4.619767516221419124e-01,4.466555828879620882e-01
8.456277470425265230e-01,7.267513024327150462e-02,3.031410783495290806e-01,4.797487090409316979e-01,5.972593643996030321e-01,4.620081679756775084e-01,4.468454772449864665e-01
8.446441778472005835e-01,7.260958372671216798e-02,3.032745590562198057e-01,4.796224445947031567e-01,5.971936405437240358e-01,4.620427155387428209e-01,4.470331031956343848e-01
8.436472451117252858e-01,7.253686201752894414e-02,3.033926529368698999e-01,4.794870334903163500e-01,5.971157844453204300e-01,4.621036446809069220e-01,4.472193491493051676e-01
8.426613065134583858e-01,7.245052107355734461e-02,3.035122126414813160e-01,4.793402831499598560e-01,5.970497974900971228e-01,4.621459922292759925e-01,4.474209585314128379e-01
8.416686691848356272e-01,7.235064481063323283e-02,3.036064835648511484e-01,4.791716785675560475e-01,5.969701134336603543e-01,4.622126999606973596e-01,4.476389238223101308e-01
8.407309821765671654e-01,7.220435313059422877e-02,3.036966255525258007e-01,4.790188863952206666e-01,5.969142973122290030e-01,4.622416889237395132e-01,4.478469037091352689e-01
8.397351544859692485e-01,7.207095891553871869e-02,3.037763504205593934e-01,4.788402656993056006e-01,5.968108421767175376e-01,4.623207246276468396e-01,4.480941487958786662e-01
8.387073956700183963e-01,7.189809146339046220e-02,3.038755773433319818e-01,4.786495917032996816e-01,5.967033348429653383e-01,4.623769244974491599e-01,4.483829593570975991e-01
8.377777007324495040e-01,7.174818433628193937e-02,3.039514504371994552e-01,4.784710558537593750e-01,5.966002653970072789e-01,4.624278819338646929e-01,4.486580279551106165e-01
8.367986015793871246e-01,7.158932794575884051e-02,3.040282073441130106e-01,4.782668459921994297e-01,5.964982622206087548e-01,4.624694680787667656e-01,4.489684156902467027e-01
8.357688519789288062e-01,7.142943675731802666e-02,3.041012402422266225e-01,4.780653282081084865e-01,5.963676004792836105e-01,4.625301460109304541e-01,4.492939918304743041e-01
8.347688646315254424e-01,7.128394710378320454e-02,3.041096270002798807e-01,4.778430833222380159e-01,5.962656027931535485e-01,4.626265745817857433e-01,4.495664257232042660e-01
8.337822019399409035e-01,7.112365361531133856e-02,3.041677797450737519e-01,4.776350191653994104e-01,5.961791270174161550e-01,4.626625535892383012e-01,4.498650892010908620e-01
8.327856636605265317e-01,7.098066172468567303e-02,3.042142938646398287e-01,4.774317193629188938e-01,5.960727019068383647e-01,4.627302119692514037e-01,4.501522390464586243e-01
8.318088978816126078e-01,7.082545174167022284e-02,3.042932399902120166e-01,4.772565904006302318e-01,5.959340755915123466e-01,4.627913092257001093e-01,4.504585758682111973e-01
8.308237537507903170e-01,7.065218458637677335e-02,3.043568464972066789e-01,4.770696310350904246e-01,5.958292286977674435e-01,4.628307464045669506e-01,4.507546977637145735e-01
8.298653519926474376e-01,7.048171990509052853e-02,3.044566154004273995e-01,4.769056364757343625e-01,5.956744028653410128e-01,4.628915303443569829e-01,4.510703390871020901e-01
8.289425054627771461e-01,7.034315705780025407e-02,3.045278064700209786e-01,4.767247002584750204e-01,5.955298527303310996e-01,4.629546798864800361e-01,4.513875486116825098e-01
8.278702579599187539e-01,7.014445116253462120e-02,3.045800281567312418e-01,4.765266772408632279e-01,5.953959956223300320e-01,4.630161774186105084e-01,4.517100327902121570e-01
8.269369009617033583e-01,7.000103390415432503e-02,3.046107768764232393e-01,4.763307464086913301e-01,5.952655529032538917e-01,4.631108157054456553e-01,4.519914976292796482e-01
8.259471201738280977e-01,6.982884017459220494e-02,3.046144819237796009e-01,4.761084944729352397e-01,5.951421869501861694e-01,4.632065306810086991e-01,4.522899387973696728e-01
8.250099275579432234e-01,6.962048807439706610e-02,3.046419535564128811e-01,4.759336427024531968e-01,5.950220838283516445e-01,4.632640628153723572e-01,4.525729726843336631e-01
8.239749892165524336e-01,6.940832265551963309e-02,3.046295866990970103e-01,4.756942904318698373e-01,5.948726158251687046e-01,4.633823171066492885e-01,4.528999240281607608e-01
8.230645206910003342e-01,6.919981843352465689e-02,3.046479150542067416e-01,4.754750128366169726e-01,5.946972868014143154e-01,4.634899127121482332e-01,4.532502068980670540e-01
8.220497592680502397e-01,6.889468360594457053e-02,3.046214653772030267e-01,4.752298178666479189e-01,5.945155989167173471e-01,4.636016642114467734e-01,4.536312597203883690e-01
8.211147807206289340e-01,6.858463997233665843e-02,3.046104375576720313e-01,4.749779315690749182e-01,5.943072107883161648e-01,4.636987727039549867e-01,4.540686643231627850e-01
8.201837629648345285e-01,6.821231334265259738e-02,3.045761950975484633e-01,4.747265702612741833e-01,5.940994526716655288e-01,4.637887097306995221e-01,4.545113381968900468e-01
8.193265027055621763e-01,6.782771141751077482e-02,3.045540015650884391e-01,4.744763057802773853e-01,5.938922164897607603e-01,4.638448850423110281e-01,4.549859262285653183e-01
8.184200149877554065e-01,6.736897805079494761e-02,3.045020680302857885e-01,4.742335867405004790e-01,5.936708284487778320e-01,4.638944766129257102e-01,4.554770765079201311e-01
8.174836327558472338e-01,6.690618822063482130e-02,3.044392399481393174e-01,4.739561881587486258e-01,5.934247054322150383e-01,4.639532357545944063e-01,4.560263651605676039e-01
8.165774598342406820e-01,6.645202028823708751e-02,3.043331564720311300e-01,4.736956250760544496e-01,5.932083259286177190e-01,4.640161460920495529e-01,4.565143513611097381e-01
8.156773714564760080e-01,6.598789099422840143e-02,3.042365027159431579e-01,4.734428816323933975e-01,5.929781518553547404e-01,4.640629580293817447e-01,4.570277018287225435e-01
8.147681832075025499e-01,6.555409552675107998e-02,3.040945747018132250e-01,4.731657621293737237e-01,5.927401989904782509e-01,4.641547521365129714e-01,4.575298723781318633e-01
8.138784795456645016e-01,6.512031121523009780e-02,3.039479569860274455e-01,4.728698619344282039e-01,5.924987284291554079e-01,4.642264079043199598e-01,4.580755316410172751e-01
8.129894008477072109e-01,6.468050871964246828e-02,3.037951633469129775e-01,4.725912952771534337e-01,5.922337080425982281e-01,4.643004350434093985e-01,4.586303617346738637e-01
8.121208825063250814e-01,6.424373407224649724e-02,3.036441194545346223e-01,4.722994841581662495e-01,5.919777015117155816e-01,4.643487948280670685e-01,4.592121458743855245e-01
8.112978060159057314e-01,6.379886406534134025e-02,3.034992063616286928e-01,4.720625145365691666e-01,5.917128011197291260e-01,4.643999024657192720e-01,4.597452272186041689e-01
8.104195218364498299e-01,6.334063718812017740e-02,3.033356196802198257e-01,4.718033497738917670e-01,5.914716597975360202e-01,4.644176428796792933e-01,4.603032997715365560e-01
8.094899773785104724e-01,6.285877598435776759e-02,3.031592650206174633e-01,4.715577391733326573e-01,5.911969553212822470e-01,4.644688113875644064e-01,4.608559231395469857e-01
8.086029695706168363e-01,6.241128309548747699e-02,3.029925099417254408e-01,4.713306108173140330e-01,5.909426190461157802e-01,4.644922251323145290e-01,4.613905602557625274e-01
8.077222990335939379e-01,6.197231656704305092e-02,3.028145387467605643e-01,4.711155409363123603e-01,5.906453724531816052e-01,4.645506835607731699e-01,4.619316545671520169e-01
8.068687764154969244e-01,6.152550855292798077e-02,3.026559365413218905e-01,4.708930899438706907e-01,5.903355049972659474e-01,4.645808598079228524e-01,4.625238524474902246e-01
8.060368637266905889e-01,6.107939723161207035e-02,3.024933822694137464e-01,4.706633600166215681e-01,5.899880690261101179e-01,4.646223379842108758e-01,4.631588960505799712e-01
8.052818374583620153e-01,6.061404035711479010e-02,3.023015444305700572e-01,4.704208629216297677e-01,5.896551623471043557e-01,4.646610355937992320e-01,4.637899559567641994e-01
8.044675210676768273e-01,6.003366924565939344e-02,3.020541722378672911e-01,4.701544384007323440e-01,5.892849587022154223e-01,4.646908329051483988e-01,4.645002382274301955e-01
8.037195055034087599e-01,5.944541259012354334e-02,3.017747326173587652e-01,4.698834113078278474e-01,5.889373163058090332e-01,4.647226752042686870e-01,4.651830310654269107e-01
8.029637036887977697e-01,5.885017368652482178e-02,3.014661221616108944e-01,4.695919323166646286e-01,5.885953438624450529e-01,4.647678929227246347e-01,4.658645124869696397e-01
8.022156418092931673e-01,5.824246963191030690e-02,3.011639579655147614e-01,4.693098453667940984e-01,5.882663530189395917e-01,4.647986178487296671e-01,4.665331840217829540e-01
8.014516039104777612e-01,5.763773213434315174e-02,3.008296750408397946e-01,4.689863788084136509e-01,5.879609785368582475e-01,4.648499929027278266e-01,4.671917682370754221e-01
8.007095732102760266e-01,5.703282255706947079e-02,3.005277269447412247e-01,4.686950176614526065e-01,5.876052240913927083e-01,4.649104965101615305e-01,4.678710412864958146e-01
7.999696798198732139e-01,5.638802342129217715e-02,3.001891002218063376e-01,4.683728709981890836e-01,5.872968680625094695e-01,4.649591508076897362e-01,4.685319952330608828e-01
7.992819813038611887e-01,5.577525667664185588e-02,2.998950142032784649e-01,4.680856216748411902e-01,5.869783308966818325e-01,4.649877262835505620e-01,4.691894119059770718e-01
7.985636054316493926e-01,5.512353750015199644e-02,2.995845511285347151e-01,4.677896410341048639e-01,5.866381013028927338e-01,4.650190124360238930e-01,4.698786097642086435e-01
7.978237372945913286e-01,5.441136842986128014e-02,2.992710916351281059e-01,4.674920132041994192e-01,5.862758781551977716e-01,4.650296203131745743e-01,4.706158353848933773e-01
7.971526440037852712e-01,5.375312504340476472e-02,2.989969793874620030e-01,4.672041102742652829e-01,5.858901986059804612e-01,4.650551871495884892e-01,4.713562001560373527e-01
7.965043687340207512e-01,5.310521576276648614e-02,2.987074511017389078e-01,4.668690083307003302e-01,5.855093782728002516e-01,4.650822030995868106e-01,4.721341349393642917e-01
7.958817219608479432e-01,5.245304956908829197e-02,2.983889427659369709e-01,4.665380191768817020e-01,5.850989012570839698e-01,4.651281269135753016e-01,4.729242835424435909e-01
7.952742046098120188e-01,5.181158111346413631e-02,2.980743571574811512e-01,4.662058552323466998e-01,5.846869821339973905e-01,4.651677679604543370e-01,4.737216283016892349e-01
7.946433421656253770e-01,5.115495617723588712e-02,2.977440672472277394e-01,4.658711688918790728e-01,5.842967454211311917e-01,4.652011281641826868e-01,4.744989753838880220e-01
7.940021146609270719e-01,5.046746396366130066e-02,2.974078292642786669e-01,4.655573425537311016e-01,5.839353442493261381e-01,4.652181909177506292e-01,4.752345835163347409e-01
7.933352491617876590e-01,4.976980313819104329e-02,2.970279818696884289e-01,4.652132615251124426e-01,5.836100823816575689e-01,4.652400150078035979e-01,4.759491795130870728e-01
7.926650753111295078e-01,4.906099345451976623e-02,2.966413801093309988e-01,4.648787267294035574e-01,5.832903117034186069e-01,4.652531020522013283e-01,4.766547311610165871e-01
7.920604575666888580e-01,4.836981183927192146e-02,2.962967140282105616e-01,4.645736630644666798e-01,5.829688845365151861e-01,4.652626863389884293e-01,4.773355464971604234e-01
7.913866594771498120e-01,4.761728224734175507e-02,2.959105811747733128e-01,4.642227206043785248e-01,5.826001880906558350e-01,4.652875068297419592e-01,4.781023138404208450e-01
7.907633827602562615e-01,4.689692286435845348e-02,2.955511656238917206e-01,4.638968502087036372e-01,5.822349922147286305e-01,4.653163007009648577e-01,4.788349052743834378e-01
7.901696663838990720e-01,4.618724289551849604e-02,2.952112730263699580e-01,4.635559470397387360e-01,5.818576388195837445e-01,4.653298652515261424e-01,4.796099338174578119e-01
7.896013064548018656e-01,4.551641726860961024e-02,2.948792449234340918e-01,4.632277059365591532e-01,5.815006859693258034e-01,4.653664381182162080e-01,4.803239770645649775e-01
7.889703131301052386e-01,4.475353353347696211e-02,2.945324435533945850e-01,4.628847319835337482e-01,5.810931809597550401e-01,4.654093563353317586e-01,4.811055715475947014e-01
7.883581405632866801e-01,4.404832846002784685e-02,2.942070880927363796e-01,4.625576840385114408e-01,5.807139920148122192e-01,4.654589336118241660e-01,4.818294610503726649e-01
7.877203039843664323e-01,4.336554114805297316e-02,2.938487711863915219e-01,4.622058125766594361e-01,5.803259316920718058e-01,4.655701977083411269e-01,4.825266736999054840e-01
7.871523389802435045e-01,4.270089944395090431e-02,2.935445663203328781e-01,4.618869524441797103e-01,5.799369187830027972e-01,4.656498250596637356e-01,4.832223647723782878e-01
7.865440848539941854e-01,4.197408108758850231e-02,2.931812176214170229e-01,4.615028909305038951e-01,5.795079054652028105e-01,4.657772889078424239e-01,4.839805639731633580e-01
7.859891233838516289e-01,4.123314679219888118e-02,2.928605360052759510e-01,4.611532815707217181e-01,5.791036680128321956e-01,4.658484780704278960e-01,4.847285715429862640e-01
7.854535104466238149e-01,4.045915516630070596e-02,2.925164214251122496e-01,4.608073885685293747e-01,5.786941987332453463e-01,4.659674441380791676e-01,4.854316800504120955e-01
7.849103063130027369e-01,3.967660058427859016e-02,2.921779581504422296e-01,4.604544552095022336e-01,5.782907941573693922e-01,4.660897763624687329e-01,4.861293782944449138e-01
7.843478241868578893e-01,3.889773750063824087e-02,2.918527423029372292e-01,4.601311761822767243e-01,5.778664114995707424e-01,4.662339877924146503e-01,4.868013761205960965e-01
7.837984030395955815e-01,3.815086213403229287e-02,2.915495309566945581e-01,4.598168295881949752e-01,5.774932092383375792e-01,4.663530343023385427e-01,4.874268395442218349e-01
7.831969044753828157e-01,3.733076821611787388e-02,2.912428225117322800e-01,4.595015155341590773e-01,5.770443147696631137e-01,4.665003110549197363e-01,4.881144085145244227e-01
7.826356123608948501e-01,3.655685886045770272e-02,2.909238564555174378e-01,4.591500726659490939e-01,5.766448704141046155e-01,4.666410086884640873e-01,4.887822349535291266e-01
7.821328707277929171e-01,3.579075598217042881e-02,2.906156840490846660e-01,4.588355514116267964e-01,5.762449818323787110e-01,4.667889266809376325e-01,4.894075557261536313e-01
7.816176545717469226e-01,3.492202458441748258e-02,2.902777201797808182e-01,4.584807920088768141e-01,5.757970188834516945e-01,4.669319971382386858e-01,4.901302545776370923e-01
7.811278023043629615e-01,3.410706179599071880e-02,2.899325911216228957e-01,4.581356723661565988e-01,5.753567260927113791e-01,4.671136038710685945e-01,4.907965204889586652e-01
7.806277781072550326e-01,3.330130615287311968e-02,2.896116587486373684e-01,4.577898616999997450e-01,5.749136783285755392e-01,4.672702072084267133e-01,4.914888182357725066e-01
7.801127620736505452e-01,3.254353980210603070e-02,2.892868272381374783e-01,4.574272252432473040e-01,5.744585731365428050e-01,4.674669803755908126e-01,4.921710105387331891e-01
7.796013413797762137e-01,3.175548660921793248e-02,2.889597459393587475e-01,4.570455594537391475e-01,5.740525356212430319e-01,4.676179037311428144e-01,4.928554950901245513e-01
7.791326595606914429e-01,3.100836435556342252e-02,2.886433295452248693e-01,4.566865484431845146e-01,5.736487202834172905e-01,4.677778814669271146e-01,4.935062267069807995e-01
7.786770248965571017e-01,3.018481755937245034e-02,2.883208725094839053e-01,4.563027860270834069e-01,5.732386867832233168e-01,4.679115180244171612e-01,4.942104680589563537e-01
7.782409751932538589e-01,2.935597081578802947e-02,2.880118136497687997e-01,4.559417193235903443e-01,5.727772037245634218e-01,4.680815281118856364e-01,4.949172723942457108e-01
7.778119580541041911e-01,2.853961989739916411e-02,2.876952810618235157e-01,4.555531858040621218e-01,5.723336297448788912e-01,4.682320740982263696e-01,4.956452722991460114e-01
7.773679743766092054e-01,2.767754253072840162e-02,2.873800580384776593e-01,4.551623843217040277e-01,5.718527036029198429e-01,4.683982965087045702e-01,4.964017779061192792e-01
7.769638647704250056e-01,2.687465255823488774e-02,2.870918105185353841e-01,4.548007196191565793e-01,5.714402402906773037e-01,4.685218816743053627e-01,4.970911421488000137e-01
7.765302370633221374e-01,2.596423396968288583e-02,2.867578994800032421e-01,4.543986341992769518e-01,5.709962583918000156e-01,4.686767033382971959e-01,4.978225606462027275e-01
7.761577784637165855e-01,2.512549527722943848e-02,2.864595351266477907e-01,4.540185521550531011e-01,5.706129599602064451e-01,4.687890561304325354e-01,4.985025828186041563e-01
7.757748643735261629e-01,2.421653602892342300e-02,2.861466869088927778e-01,4.536342355744140131e-01,5.702069510661357254e-01,4.689240382970091270e-01,4.991896028343376090e-01
7.753814882347446202e-01,2.333863049573653425e-02,2.858073074184658280e-01,4.531989802488446406e-01,5.698140119964804073e-01,4.690856212798192315e-01,4.998813418626549265e-01
7.749687727106022717e-01,2.243069177981939222e-02,2.854709916125367508e-01,4.527514753437743011e-01,5.693715456894189453e-01,4.692817719391063069e-01,5.006063953436572511e-01
7.745750676257345813e-01,2.157146864407741629e-02,2.851664784425189669e-01,4.523159875270461039e-01,5.689570495968984121e-01,4.694573395546980388e-01,5.013062232604444945e-01
7.742107589450348826e-01,2.074496674309281308e-02,2.848889099717291096e-01,4.519110133815105734e-01,5.685617512688208031e-01,4.696317974491350244e-01,5.019561194002144511e-01
7.738201603629156766e-01,1.977166141682188891e-02,2.846065929689308160e-01,4.514884134470063537e-01,5.681522749850701492e-01,4.697734717881926203e-01,5.026669773880738656e-01
7.734721817793683840e-01,1.889922374238858435e-02,2.843507279023613776e-01,4.510982220466381309e-01,5.677618785693723247e-01,4.699441622736987290e-01,5.032984478960876862e-01
7.731249410074410022e-01,1.797957790529988720e-02,2.840873587518273347e-01,4.506731063843625873e-01,5.673410224713687500e-01,4.701553061862609462e-01,5.039562515416532440e-01
7.727863860074858371e-01,1.703673279286636172e-02,2.838469444113507212e-01,4.502258589590825144e-01,5.668592766467707156e-01,4.704004836101974840e-01,5.046688235103774511e-01
7.724806286211973738e-01,1.616379740002149221e-02,2.836133553851384881e-01,4.497701419616214058e-01,5.663904592879668298e-01,4.706708299236517234e-01,5.053490248198466706e-01
7.722081156917863787e-01,1.526807829727370308e-02,2.833916971776386240e-01,4.493103422061026642e-01,5.659376801653793754e-01,4.709425368723581529e-01,5.060117444485761062e-01
7.719774135915786761e-01,1.439690691306390845e-02,2.831903560747866533e-01,4.488790084448676110e-01,5.655138941194739477e-01,4.712013255068730477e-01,5.066270641960874954e-01
7.717373640235313248e-01,1.340850515852350273e-02,2.829855858128535462e-01,4.483964109227821515e-01,5.650463439358172080e-01,4.714862649153391816e-01,5.073105457927286066e-01
7.715338841309067330e-01,1.249897536136809068e-02,2.828044794941394491e-01,4.479601404457632108e-01,5.646185343564416037e-01,4.717890429274621544e-01,5.078904628033344970e-01
7.713029440589218577e-01,1.149535158595054417e-02,2.826056313572301582e-01,4.474438614007034687e-01,5.641648260220614164e-01,4.721495366611677125e-01,5.085143606673954153e-01
7.710557291372650557e-01,1.056266620863066663e-02,2.824129704999234214e-01,4.469372296139565437e-01,5.637319139754375374e-01,4.725426039327186301e-01,5.090745813916437434e-01
7.707928095048897088e-01,9.610182882329565413e-03,2.822514900709888197e-01,4.464291614026890120e-01,5.633291073954022066e-01,4.729053557069899383e-01,5.096291251037723402e-01
7.705277921441645583e-01,8.670267969002911496e-03,2.821157314208112554e-01,4.459745437805439638e-01,5.629695460752479619e-01,4.732355967051036783e-01,5.101176986762265830e-01
7.702317850242094144e-01,7.626533079850910182e-03,2.819905619841155953e-01,4.454767087804354930e-01,5.625598579215440598e-01,4.736225862967349265e-01,5.106452329543820223e-01
7.699606231446837201e-01,6.706019419754502553e-03,2.818995943149701366e-01,4.450034907467572132e-01,5.621846572380712059e-01,4.739788106374649423e-01,5.111402854950949370e-01
7.696481738878586665e-01,5.690126634261724950e-03,2.818034503516338440e-01,4.444962105983246703e-01,5.617545358144060419e-01,4.743937169059924686e-01,5.116693870223114615e-01
7.693456914624179355e-01,4.767432162530665408e-03,2.817118705511116872e-01,4.439644849006563754e-01,5.613564693958553731e-01,4.747935672989553879e-01,5.121967579610859911e-01
7.690476922937925508e-01,3.843754713317536990e-03,2.816520533202189203e-01,4.434527451819427202e-01,5.609408896916320275e-01,4.751991602772163703e-01,5.127189670125220644e-01
7.687393283323274984e-01,2.918231793176731190e-03,2.815987972498611991e-01,4.429397805507164776e-01,5.605494075029416878e-01,4.755779541199985916e-01,5.132390496725873774e-01
7.684381021618874597e-01,2.023190309438658956e-03,2.815506126656056041e-01,4.424502199622713516e-01,5.601921609916000744e-01,4.759315011526974448e-01,5.137234195843505269e-01
7.681177370536289573e-01,1.108243852211180389e-03,2.815174878538150849e-01,4.419353154968179709e-01,5.597869738171675769e-01,4.763372409472653723e-01,5.142320038154885031e-01
7.677622633624969772e-01,1.148493722349247254e-04,2.815042072671174456e-01,4.413568540440822030e-01,5.593370071571377444e-01,4.767746539916186688e-01,5.148127515164897527e-01
7.674655405470107716e-01,-7.304374407249903702e-04,2.814903981586460158e-01,4.409058600429369701e-01,5.589742103917881844e-01,4.771454974302506424e-01,5.152494822692340604e-01
7.671156363368232256e-01,-1.729727401985450917e-03,2.814679468338038282e-01,4.403740789389188337e-01,5.585771250622475481e-01,4.775701589681931036e-01,5.157412231138673864e-01
7.667872457183152468e-01,-2.696724902149675012e-03,2.814683995034649167e-01,4.398614067579095233e-01,5.582324442075661253e-01,4.779243006227739676e-01,5.162236375382590614e-01
7.664773216509750409e-01,-3.622468086106961187e-03,2.814745388424365058e-01,4.393847560811155462e-01,5.578990225344470089e-01,4.782800455246903892e-01,5.166603476478015544e-01
7.661556663620446850e-01,-4.577230749533615570e-03,2.814804495277069551e-01,4.388687072292173363e-01,5.575325681948319900e-01,4.786942973871629592e-01,5.171106872479438454e-01
7.658295466963556120e-01,-5.559666024032760591e-03,2.814949686309350940e-01,4.382990208870260473e-01,5.571449980418888837e-01,4.791478015492012243e-01,5.175913481859460985e-01
7.655364433769584753e-01,-6.441923472672196095e-03,2.815240590736047821e-01,4.377900742533318290e-01,5.567847110846045888e-01,4.795696467910158245e-01,5.180189091765241560e-01
7.652084350633485688e-01,-7.430034295916362885e-03,2.815666805461684019e-01,4.372377622151949472e-01,5.563943948914803483e-01,4.800257795606114875e-01,5.184820802917100568e-01
7.649253151666071115e-01,-8.338225706280554331e-03,2.816255929338434272e-01,4.367471158395004327e-01,5.560487824477460261e-01,4.804228417430915776e-01,5.188984500610399619e-01
7.646601729268507341e-01,-9.306724205466769193e-03,2.816944311562677994e-01,4.362318427455814662e-01,5.556747048169994319e-01,4.808685213377585366e-01,5.193196192979547821e-01
7.644379071288864846e-01,-1.026379798317664412e-02,2.817629786401929515e-01,4.356849275593339121e-01,5.552915492489517435e-01,4.813464295388058534e-01,5.197456628011054569e-01
7.642524325202459945e-01,-1.120368720661689931e-02,2.818470138456946050e-01,4.351365007640811688e-01,5.548777446910132527e-01,4.818667250817300074e-01,5.201647560229490930e-01
7.640628369506581308e-01,-1.219319024846027971e-02,2.819208354447730880e-01,4.345549860946981147e-01,5.544621522975299310e-01,4.824365732774593130e-01,5.205656908538346395e-01
7.638856731294723090e-01,-1.312698106915516361e-02,2.820206541041605508e-01,4.340540870179784294e-01,5.541046444364235990e-01,4.829257667574570756e-01,5.209105454477725994e-01
7.636912700860046810e-01,-1.415991402774999415e-02,2.821541172428368993e-01,4.335816320695532466e-01,5.537336019802073794e-01,4.834279135107519831e-01,5.212326916153368073e-01
7.634928994810350478e-01,-1.523153000845729570e-02,2.823246402405662492e-01,4.330917715965283410e-01,5.533283012812681978e-01,4.839899598140435799e-01,5.215486815013214983e-01
7.633310102077457415e-01,-1.622351434468899400e-02,2.824953031234762046e-01,4.326013492633317692e-01,5.529475647963029150e-01,4.845713104874422306e-01,5.218196127531679052e-01
7.631946432939614722e-01,-1.714365425642815077e-02,2.826574594614215119e-01,4.321240589450416336e-01,5.525682361283987820e-01,4.851746454278024756e-01,5.220562283287294436e-01
7.630682050521417903e-01,-1.810531270371683668e-02,2.828519692986957157e-01,4.316459952670053668e-01,5.521423927500057616e-01,4.858406548310477135e-01,5.222828457948752723e-01
7.629352525435411092e-01,-1.907345242438963223e-02,2.830747053733439489e-01,4.312004788866237170e-01,5.517002159620597590e-01,4.865277838405258626e-01,5.224784533993621638e-01
7.627978934333878858e-01,-2.004444292299047831e-02,2.833197965061527990e-01,4.307539096986082727e-01,5.512730920243161803e-01,4.871896868678090575e-01,5.226808359782855185e-01
7.626551259647063041e-01,-2.099817161015010009e-02,2.835643622550643173e-01,4.303192215088589845e-01,5.508153920193665787e-01,4.879065076859900874e-01,5.228527625175388716e-01
7.625189807736845182e-01,-2.199495551146537706e-02,2.838315377485899349e-01,4.298586828819017658e-01,5.503361541984861383e-01,4.886801086735743649e-01,5.230137488822260705e-01
7.623785028958722787e-01,-2.294232277078052384e-02,2.840787895190721724e-01,4.294239756245426531e-01,5.498798820323491654e-01,4.894461038816365628e-01,5.231344720910563462e-01
7.622234464275892130e-01,-2.383353163041784101e-02,2.843111730866052511e-01,4.289903792203698663e-01,5.494782054731374155e-01,4.901595612779290345e-01,5.232442648842052790e-01
7.620317085939014579e-01,-2.476883046601174865e-02,2.845773188176833890e-01,4.285711287816294512e-01,5.490368669923475498e-01,4.909231576057491719e-01,5.233352267757904741e-01
7.618343030669569860e-01,-2.571164472349735108e-02,2.848555112313281290e-01,4.281585795165845365e-01,5.486151945703419130e-01,4.916757129089374123e-01,5.234086285192236510e-01
7.616544222306502743e-01,-2.664573785688376106e-02,2.851481033574422841e-01,4.277563359261695175e-01,5.481775090514475757e-01,4.924536456924622496e-01,5.234647480866033709e-01
7.615019300611057806e-01,-2.756068318161099609e-02,2.854790936201573870e-01,4.273542689645316028e-01,5.477394435000970674e-01,4.932116781589661048e-01,5.235380323907816713e-01
7.613650172763357649e-01,-2.844570048125337133e-02,2.858037658797969449e-01,4.269516896138977891e-01,5.472990017850920541e-01,4.939969005607207642e-01,5.235867832721536885e-01
7.612503449356322616e-01,-2.931505026892877036e-02,2.861346701875085441e-01,4.265725948852881477e-01,5.468475247965036701e-01,4.948127005952653867e-01,5.235971707776784223e-01
7.611378766623406733e-01,-3.022047190238725742e-02,2.864861702761826168e-01,4.261821746895855800e-01,5.463803801799743676e-01,4.956726066881708137e-01,5.235894394563320731e-01
7.610393344578414432e-01,-3.103981882530816236e-02,2.868238380680355748e-01,4.258647151453010538e-01,5.459405873275943177e-01,4.964670844295031582e-01,5.235537733420335682e-01
7.609380067002784465e-01,-3.188078195147438232e-02,2.871766704993682362e-01,4.255407637035533153e-01,5.454729402012892248e-01,4.973350417005364954e-01,5.234808365465565272e-01
7.608466966612775773e-01,-3.268564437107079890e-02,2.875420975011769853e-01,4.252365368100435306e-01,5.450052967007147364e-01,4.982150233661435390e-01,5.233783572352218583e-01
7.607663102723826176e-01,-3.343943294087198259e-02,2.879119108528905846e-01,4.249632963562764432e-01,5.445144722738671783e-01,4.991322670264491945e-01,5.232371988375413840e-01
7.606933775315466439e-01,-3.420686559752324912e-02,2.883078894691202265e-01,4.247853541196642824e-01,5.439966409320494689e-01,5.000558963257949463e-01,5.230383906845500475e-01
7.606219094178097162e-01,-3.494503868127542268e-02,2.887129443520579652e-01,4.246501450790876042e-01,5.434799608790896741e-01,5.009802560583790365e-01,5.228006976342455259e-01
7.605586872525691433e-01,-3.565651512182835964e-02,2.891347246970195073e-01,4.245645625400727430e-01,5.429522937419014594e-01,5.019081410748353900e-01,5.225284268615132399e-01
7.605112255766142138e-01,-3.632311617801780440e-02,2.895625971239014773e-01,4.245029930755200298e-01,5.424283689252448193e-01,5.028259016566457573e-01,5.222401613034032275e-01
7.604626984308393567e-01,-3.698064128756528568e-02,2.899966128619008709e-01,4.245467669879078865e-01,5.418630733347874484e-01,5.037760033968045059e-01,5.218756468717778985e-01
7.603920880011085792e-01,-3.757771595634917805e-02,2.904143817349950640e-01,4.246468213968562777e-01,5.412564588452395409e-01,5.047874604188342662e-01,5.214462030159600081e-01
7.603017894776414876e-01,-3.814487317135349664e-02,2.908242677675718646e-01,4.248155032864186498e-01,5.406359493237804514e-01,5.058304227134544639e-01,5.209415916624523524e-01
7.601909238415596182e-01,-3.863791011595921199e-02,2.912216933059298962e-01,4.250110954750640491e-01,5.399864213845080307e-01,5.069113961493646459e-01,5.204047174049641900e-01
7.600859323110691346e-01,-3.909682273163357646e-02,2.916392174097722778e-01,4.252697254645768643e-01,5.393069944914553604e-01,5.079984575214983034e-01,5.198376606707668657e-01
7.600153527051245472e-01,-3.949007295870843315e-02,2.920286547276226830e-01,4.256029774575785241e-01,5.385810880255869071e-01,5.091127216668277500e-01,5.192270734827045819e-01
7.599975764976145687e-01,-3.982940040492775891e-02,2.923275756905556744e-01,4.260899995280426622e-01,5.378324900736684011e-01,5.101711904111854157e-01,5.185642500190152937e-01
7.600057971618425778e-01,-4.007774029357770440e-02,2.925382234550170102e-01,4.267419745409843923e-01,5.370035177561932604e-01,5.111666404912643680e-01,5.179065308829480241e-01
7.600544214589233238e-01,-4.025635405394047128e-02,2.927049010167542820e-01,4.275438984965006517e-01,5.360986223709753862e-01,5.120822334239936158e-01,5.172777475997307750e-01
7.600795818957535310e-01,-4.038343559371392055e-02,2.927503330875730891e-01,4.283933092220852945e-01,5.351661136393047746e-01,5.130545402554391732e-01,5.165766566050323805e-01
7.600783586722552609e-01,-4.045666442654234640e-02,2.927218000310143897e-01,4.292413959197211026e-01,5.342278887080099681e-01,5.140815429014395921e-01,5.158222118167719028e-01
7.600582258797839996e-01,-4.049189625859727498e-02,2.926409448332444874e-01,4.300988187438437027e-01,5.332612818524689047e-01,5.151625966171363702e-01,5.150290384423987788e-01
7.600420800106997277e-01,-4.052444467814304840e-02,2.925700761337745592e-01,4.310122925165521535e-01,5.322470728481734081e-01,5.162604953212176495e-01,5.142145059358675940e-01
7.600475483057171910e-01,-4.056916162460840608e-02,2.925548917536218152e-01,4.319954456353544692e-01,5.311678339335120791e-01,5.173617628494955323e-01,5.133979679410065611e-01
7.600610189970271602e-01,-4.062187380730702957e-02,2.925510386890928793e-01,4.330337907391897390e-01,5.300291079137933181e-01,5.185066204376611587e-01,5.125444033490863527e-01
7.600697904945553640e-01,-4.069799476123231452e-02,2.925419062090001132e-01,4.341645411997248627e-01,5.287993927388754400e-01,5.197475310282245742e-01,5.116002906507125525e-01
7.600766977691422177e-01,-4.077918774203245084e-02,2.925377631662459121e-01,4.352284665431203070e-01,5.276537569870719535e-01,5.208989639998071741e-01,5.107073173079466066e-01
7.600846234938647417e-01,-4.087453590764602435e-02,2.925421007292990372e-01,4.363803821936897975e-01,5.264239640711149137e-01,5.221232434197261574e-01,5.097423768620852336e-01
7.600922707706061487e-01,-4.099411255323315295e-02,2.925505999455910722e-01,4.375738067306379486e-01,5.251770352388440699e-01,5.233550433883661368e-01,5.087413329787129346e-01
7.600972536845459482e-01,-4.111539727703494851e-02,2.925529021556271259e-01,4.387925633724219510e-01,5.239084850300320673e-01,5.246117782498516124e-01,5.077041143856566574e-01
7.601027279288077310e-01,-4.122882405050935090e-02,2.925515521161998755e-01,4.400207405715518827e-01,5.226233807270347365e-01,5.258851943350802971e-01,5.066471278547456381e-01
7.601079707207185621e-01,-4.133338866672535417e-02,2.925479176820117710e-01,4.412590765775930568e-01,5.213090332597372090e-01,5.271864679804395548e-01,5.055707143001828552e-01
7.601133179323573685e-01,-4.143617211056839500e-02,2.925443682890934705e-01,4.424989365966804922e-01,5.199863124586933116e-01,5.284924974679382492e-01,5.044844953876364002e-01
7.601196358669148889e-01,-4.152979878446282080e-02,2.925426340533250347e-01,4.437529224485181611e-01,5.186424084196969986e-01,5.298121336092229683e-01,5.033810674702207111e-01
7.601270820952792384e-01,-4.157800361527863586e-02,2.925439521973192125e-01,4.449819751421216774e-01,5.172867181967026884e-01,5.311333372226506588e-01,5.022975921370034236e-01
7.601332323588909645e-01,-4.162908975179348270e-02,2.925470238052720329e-01,4.460107629272785368e-01,5.161705143432536724e-01,5.322142709019855866e-01,5.013884415539668904e-01
7.601388897837011438e-01,-4.164236782488391075e-02,2.925524276691483516e-01,4.465285340039087392e-01,5.155936108265608553e-01,5.327677213793103883e-01,5.009331810246218097e-01
7.601438649604761455e-01,-4.163286201105209638e-02,2.925584189335547203e-01,4.466885234750545552e-01,5.153971276149565961e-01,5.329519684587732398e-01,5.007967283817323922e-01
7.601477150461168897e-01,-4.162225598036217722e-02,2.925635580792831369e-01,4.467065616304942699e-01,5.153595032165416701e-01,5.329827735148776613e-01,5.007865746773263460e-01
7.601492974306385264e-01,-4.161142481873313093e-02,2.925655337513141108e-01,4.466982469353192320e-01,5.153542836251333581e-01,5.329854724505753705e-01,5.007964902939866514e-01
7.601490960386996232e-01,-4.160106478604971847e-02,2.925651851285013816e-01,4.466798783451551569e-01,5.153612409711831877e-01,5.329789400293042378e-01,5.008126666443638575e-01
7.601492238974607574e-01,-4.159478232149664556e-02,2.925652727450182011e-01,4.466525647196735727e-01,5.153837389768824995e-01,5.329570261995647540e-01,5.008371953559989098e-01
7.601492095052946318e-01,-4.159092712039140494e-02,2.925652476271108360e-01,4.466304834969664905e-01,5.154032186225517842e-01,5.329381644564983311e-01,5.008569120123215201e-01
7.601491733443203058e-01,-4.158841120437550831e-02,2.925652869617910157e-01,4.466176483405120967e-01,5.154151529324773051e-01,5.329262974524963115e-01,5.008687031567804482e-01
7.601497586663630290e-01,-4.158355808102039142e-02,2.925659806101717497e-01,4.466086835316893100e-01,5.154203379690696085e-01,5.329205001003128883e-01,5.008775295167211539e-01
7.601499962108723141e-01,-4.157762421167940370e-02,2.925665558435644464e-01,4.466022222393488117e-01,5.154208690967578832e-01,5.329190760924251702e-01,5.008842592128582849e-01
7.601501061243036705e-01,-4.157288371025492923e-02,2.925668374851638776e-01,4.465967595550879299e-01,5.154216087904892607e-01,5.329180082866968871e-01,5.008895047717200066e-01
7.601503905036817166e-01,-4.157114554450625638e-02,2.925669983416536168e-01,4.465938260045893560e-01,5.154236300685992589e-01,5.329156668100850647e-01,5.008925315972008185e-01
7.601503341559414650e-01,-4.157121951640543878e-02,2.925672078278593879e-01,4.465926609105316247e-01,5.154250234268377140e-01,5.329140251785691174e-01,5.008938831871179165e-01
7.601501039674734006e-01,-4.157195906122983231e-02,2.925671870354015769e-01,4.465922128637096478e-01,5.154268036414718646e-01,5.329120188767013655e-01,5.008945853512382085e-01
7.601504000412209194e-01,-4.157312554079857503e-02,2.925683139837950697e-01,4.465934836046365208e-01,5.154269738510089960e-01,5.329103326981673439e-01,5.008950711797781619e-01
7.601512390996959523e-01,-4.157312578903216149e-02,2.925715471280283531e-01,4.465960161386202110e-01,5.154249864627969968e-01,5.329079775358873672e-01,5.008973639155520630e-01
7.601535207848159059e-01,-4.156736805287079145e-02,2.925767818335114900e-01,4.465977832978173523e-01,5.154190562764828787e-01,5.329063293726993278e-01,5.009036439227125825e-01
7.601607198900306450e-01,-4.155646775258142744e-02,2.925875379556857059e-01,4.466004234207551771e-01,5.154062301844410943e-01,5.329055751562037369e-01,5.009152898993014524e-01
7.601681059704026300e-01,-4.153664436674295302e-02,2.925990063851616751e-01,4.465979351056740820e-01,5.153881356482468146e-01,5.329089857514218709e-01,5.009324973464620578e-01
7.601757488507120408e-01,-4.151551264677379866e-02,2.926113469744808793e-01,4.465935056556881722e-01,5.153728833104306295e-01,5.329085497134754545e-01,5.009526020460781659e-01
7.601837631036574283e-01,-4.150769337596792175e-02,2.926230279504287712e-01,4.465929208693587005e-01,5.153689958648254299e-01,5.328986322500482986e-01,5.009676724866427566e-01
7.601897748788688514e-01,-4.152489539620633080e-02,2.926352605999499867e-01,4.466065315263436641e-01,5.153683534600597138e-01,5.328844692726805166e-01,5.009712653015636619e-01
7.601911199276758513e-01,-4.153091629019795006e-02,2.926445790422340099e-01,4.466168366468792894e-01,5.153603541608010596e-01,5.328792504937980290e-01,5.009758586758012999e-01
7.601908681867107775e-01,-4.151087086996473746e-02,2.926487324627331521e-01,4.466107881480623210e-01,5.153455616779183401e-01,5.328873246191830892e-01,5.009878793232894756e-01
7.601893876820393636e-01,-4.148604567911268887e-02,2.926489633534971047e-01,4.465986206474372167e-01,5.153338642254695623e-01,5.328965279024252544e-01,5.010009690287947626e-01
7.601854240191107115e-01,-4.146476422101349341e-02,2.926461420028791394e-01,4.465864673827718567e-01,5.153271953303005803e-01,5.329041773787901448e-01,5.010105254740838676e-01
7.601797921223822918e-01,-4.144659557970793717e-02,2.926427365392121338e-01,4.465782921157994134e-01,5.153198097819284840e-01,5.329121768485824973e-01,5.010169003374616015e-01
7.601759991404858363e-01,-4.144702633469969644e-02,2.926411879520511850e-01,4.465815276356039920e-01,5.153168937340032452e-01,5.329153058822744260e-01,5.010136874012425245e-01
7.601727799975750433e-01,-4.145304196236507255e-02,2.926371986175886342e-01,4.465800631274232102e-01,5.153269878174300267e-01,5.329099049988339498e-01,5.010103551806637245e-01
7.601669153006638258e-01,-4.148794025604755908e-02,2.926282215032652845e-01,4.465892326978534999e-01,5.153458396600530955e-01,5.329040317415185690e-01,5.009890375417928032e-01
7.601624783173787092e-01,-4.152252433984916780e-02,2.926199917442408038e-01,4.466034442262190041e-01,5.153586051305300009e-01,5.329037701921839343e-01,5.009635150768456668e-01
7.601609835607784360e-01,-4.154530628627632616e-02,2.926145320320870935e-01,4.466149454187032797e-01,5.153663652257658434e-01,5.329051848650477874e-01,5.009437733584284347e-01
7.601600407622000066e-01,-4.156523082503633254e-02,2.926107198313681046e-01,4.466242080101892054e-01,5.153751415772348521e-01,5.329031678815282502e-01,5.009286315687574431e-01
7.601600178757814685e-01,-4.157167603408173928e-02,2.926078261739914477e-01,4.466259446406089517e-01,5.153818795246671858e-01,5.329014705039968325e-01,5.009219565622800019e-01
7.601597677232041494e-01,-4.157607484837887862e-02,2.926052498104212418e-01,4.466260646345650009e-01,5.153885655940282362e-01,5.328993855047075012e-01,5.009171885378628231e-01
7.601599177518871819e-01,-4.157938143151071464e-02,2.926035667762891812e-01,4.466261072150595757e-01,5.153937111739950172e-01,5.328975394050230463e-01,5.009138202648142357e-01
7.601594136362033183e-01,-4.157983016512521030e-02,2.926013679611056961e-01,4.466244226296752773e-01,5.153974067643329882e-01,5.328971199153955673e-01,5.009119661149914471e-01
7.601598707466672433e-01,-4.157806282728722380e-02,2.926012624231016379e-01,4.466233255763289445e-01,5.153975196135260894e-01,5.328974586948423964e-01,5.009124677465558451e-01
7.601600997947741689e-01,-4.157215139882555754e-02,2.926013833248415352e-01,4.466199880961431723e-01,5.153965846210880608e-01,5.328984506784976150e-01,5.009153501924007434e-01
7.601610752532979021e-01,-4.155581478131927659e-02,2.926020905925877935e-01,4.466108501490124172e-01,5.153943480498349716e-01,5.328991718081936835e-01,5.009250315302712364e-01
7.601627039687317566e-01,-4.153026651943372144e-02,2.926031752338269509e-01,4.465946065413982646e-01,5.153941975179163748e-01,5.328975459495718381e-01,5.009413978639823961e-01
7.601623247648345849e-01,-4.153306867592956864e-02,2.926021562737807225e-01,4.465901231074524413e-01,5.154013614029020474e-01,5.328920992318361138e-01,5.009438183900390973e-01
7.601618340319179490e-01,-4.154458938491911724e-02,2.926019489123913297e-01,4.465969328429759688e-01,5.154027309041604443e-01,5.328914726031445115e-01,5.009370050002612818e-01
7.601611311685179118e-01,-4.155618972624182395e-02,2.926009666236741857e-01,4.466045898922931801e-01,5.154028506866591419e-01,5.328930988109381595e-01,5.009283252431205868e-01
7.601600074534621276e-01,-4.156670033435247436e-02,2.925984309970763864e-01,4.466097687678098893e-01,5.154051239473910195e-01,5.328945661515911425e-01,5.009198079693448769e-01
7.601596667563346177e-01,-4.156901529840081877e-02,2.925966749574930859e-01,4.466112344446362403e-01,5.154055717633740930e-01,5.328968096029756962e-01,5.009156537562761136e-01
7.601596686706771910e-01,-4.157031624233525902e-02,2.925963105885865945e-01,4.466118374912156908e-01,5.154060071898732831e-01,5.328970817358708034e-01,5.009143785545635552e-01
7.601597323969874198e-01,-4.157044262234282223e-02,2.925965712837640953e-01,4.466126874720645623e-01,5.154054720806996448e-01,5.328975328463362304e-01,5.009136913925783530e-01
7.601603685974882563e-01,-4.156894897771240549e-02,2.925973055926194832e-01,4.466126330144231105e-01,5.154040745250764166e-01,5.328981648022724782e-01,5.009145056247061856e-01
7.601601907178414663e-01,-4.156722466819552653e-02,2.925967128871184153e-01,4.466115602374770566e-01,5.154038768769679812e-01,5.328986002618796292e-01,5.009152022062887122e-01
7.601602759894909855e-01,-4.156504131206869429e-02,2.925971076504186308e-01,4.466102526881530199e-01,5.154036821030173465e-01,5.328985427981327572e-01,5.009166295423848059e-01
7.601600781375534854e-01,-4.156149556444577176e-02,2.925968742909776377e-01,4.466085272169814102e-01,5.154027166790910996e-01,5.328998429678296622e-01,5.009177781051036282e-01
7.601605813856529004e-01,-4.155479956018322957e-02,2.925976473597471372e-01,4.466050187449152054e-01,5.154015298299634562e-01,5.328998426821814904e-01,5.009221276307260773e-01
7.601606817230441848e-01,-4.155161145890089169e-02,2.925979697248145550e-01,4.466039892572760683e-01,5.154002598704086058e-01,5.329004334284876965e-01,5.009237236912741364e-01
7.601605278221050810e-01,-4.155498206141253897e-02,2.925980214893730835e-01,4.466059230740958008e-01,5.154007601487097245e-01,5.328999762466700707e-01,5.009219711986745427e-01
7.601605577890740983e-01,-4.155987951452362605e-02,2.925984088621451651e-01,4.466087198865472119e-01,5.154012251647412945e-01,5.328990698808098170e-01,5.009199634074796847e-01
7.601603210797744925e-01,-4.156325060449583136e-02,2.925982362836359596e-01,4.466102180806271194e-01,5.154024221125427241e-01,5.328982644227542309e-01,5.009182529731924793e-01
7.601602135859135689e-01,-4.156408417927530408e-02,2.925978577821177207e-01,4.466103594363830531e-01,5.154026982220968334e-01,5.328983920653802553e-01,5.009177070573759272e-01
7.601602256095254528e-01,-4.156359254724562718e-02,2.925978317252694860e-01,4.466103343798698000e-01,5.154023196913223304e-01,5.328986758943522473e-01,5.009178169240450229e-01
7.601603622256013493e-01,-4.156262227184807229e-02,2.925977430349464559e-01,4.466101975021265491e-01,5.154018822105796982e-01,5.328991902426228888e-01,5.009178419058959442e-01
7.601601531235560039e-01,-4.156103387217006950e-02,2.925974069884278439e-01,4.466087902013201050e-01,5.154021135338217041e-01,5.328995806509778665e-01,5.009184432837292533e-01
7.601603943769954519e-01,-4.155932766343581330e-02,2.925982897249451709e-01,4.466087410223146259e-01,5.154006865747375876e-01,5.328997693704881078e-01,5.009197545771507665e-01
7.601607035908368726e-01,-4.155726917391586173e-02,2.925988145764125692e-01,4.466077694954067590e-01,5.154000433985463925e-01,5.328996220563709807e-01,5.009214392529942605e-01
7.601603244647854307e-01,-4.155463982590971994e-02,2.925981899327105840e-01,4.466057949013652051e-01,5.154000830240295095e-01,5.329001634314878277e-01,5.009225830345808150e-01
7.601600262855754409e-01,-4.155625211464199220e-02,2.925980071623007217e-01,4.466057913179250494e-01,5.154010443917074191e-01,5.328993925462987002e-01,5.009224171715745966e-01
7.601602017546902346e-01,-4.156125790212935461e-02,2.925992252301550245e-01,4.466094483095363610e-01,5.154013145117529726e-01,5.328975050927230450e-01,5.009208867138202903e-01
7.601596562229813170e-01,-4.156260632222076590e-02,2.925981001195313014e-01,4.466098107958969554e-01,5.154019004260695924e-01,5.328980783842204305e-01,5.009193507865855599e-01
7.601599570072442580e-01,-4.156328202583360609e-02,2.925987072535591871e-01,4.466105445034311838e-01,5.154016203488600567e-01,5.328978934416206403e-01,5.009191815508780010e-01
7.601607610028700002e-01,-4.156458014766516162e-02,2.926002898125510399e-01,4.466123249425321129e-01,5.154008524018175441e-01,5.328967353204946411e-01,5.009196163434455062e-01
7.601593307527396703e-01,-4.156292334240352382e-02,2.925967647051300191e-01,4.466096059067844459e-01,5.154023708882805588e-01,5.328993827769261671e-01,5.009176617274510024e-01
7.601594910120430537e-01,-4.156317056400924553e-02,2.925977042067675060e-01,4.466106608248248677e-01,5.154012765194847523e-01,5.328992857042986753e-01,5.009179504624955426e-01
7.601600638601255788e-01,-4.156382886109330488e-02,2.925986678893391923e-01,4.466112403172455281e-01,5.154009834513852972e-01,5.328985859858583751e-01,5.009184797288965818e-01
7.601599445818536527e-01,-4.156208152671689304e-02,2.925977136358749453e-01,4.466100294612241894e-01,5.154008088613654115e-01,5.328999310769571007e-01,5.009183079783257053e-01
7.601594484707969723e-01,-4.156094450666726614e-02,2.925970099798845814e-01,4.466084047352463782e-01,5.154027581054825280e-01,5.328990131922252127e-01,5.009187274357511654e-01
7.601603774304270811e-01,-4.156079130508465863e-02,2.925992853725365439e-01,4.466096346715774934e-01,5.154004423645835997e-01,5.328984875026423484e-01,5.009205727920422735e-01
7.601600279202254118e-01,-4.156087046788030370e-02,2.925991403015754111e-01,4.466098946426425575e-01,5.154004003439505155e-01,5.328985004220482269e-01,5.009203704986607830e-01
7.601603163278496389e-01,-4.156031115150650435e-02,2.925985559713886186e-01,4.466088670398066229e-01,5.154010022375683508e-01,5.328985534616721420e-01,5.009206109678335794e-01
7.601606103080016386e-01,-4.156082046421337439e-02,2.925994925464712737e-01,4.466095313373281694e-01,5.154000645172960304e-01,5.328988171383144401e-01,5.009207030127666993e-01
7.601601615733212247e-01,-4.156068200432100346e-02,2.925983538946851925e-01,4.466090328169013968e-01,5.154007469462063007e-01,5.328991940161973417e-01,5.009200443888544019e-01
7.601605517975145165e-01,-4.156226025123032491e-02,2.925990904996275122e-01,4.466098848410977595e-01,5.154014809126487018e-01,5.328976243905334531e-01,5.009201993872834935e-01
7.601606091880530602e-01,-4.156256470998273556e-02,2.925997120673783924e-01,4.466109320785646153e-01,5.153998596356706985e-01,5.328983270049608700e-01,5.009201863678085509e-01
7.601603657931848002e-01,-4.156205617855424084e-02,2.925984433665684281e-01,4.466100153446563858e-01,5.154009313936669390e-01,5.328986859243232121e-01,5.009195191370724443e-01
7.601608155547820989e-01,-4.156411917155614089e-02,2.925995868385089516e-01,4.466118561875490056e-01,5.154005284235319007e-01,5.328977219148095523e-01,5.009193180457932604e-01
7.601603334227176045e-01,-4.156275518235472144e-02,2.925982746218373509e-01,4.466103522835135897e-01,5.154011413156425192e-01,5.328990210598067989e-01,5.009186462063762724e-01
7.601601537192254066e-01,-4.156266105157761792e-02,2.925984330716677739e-01,4.466102648003947850e-01,5.154009419626721655e-01,5.328988088680297608e-01,5.009191550599224607e-01
7.601601515759256467e-01,-4.156122573120292485e-02,2.925987584999572566e-01,4.466101032275394123e-01,5.153997194303503449e-01,5.328997418505422301e-01,5.009195644430631811e-01
7.601600544330553433e-01,-4.155862062588674272e-02,2.925983082440535843e-01,4.466082650215456029e-01,5.153997951698281454e-01,5.328999149085574816e-01,5.009209413108982600e-01
7.601606158944522740e-01,-4.155743888597606545e-02,2.925995022861245243e-01,4.466080062441092902e-01,5.153994050600829713e-01,5.328990246439005984e-01,5.009225205118590374e-01
7.601604406680007031e-01,-4.155784165430008448e-02,2.925981851760857122e-01,4.466075052804679979e-01,5.154010704729516945e-01,5.328988311181748205e-01,5.009214594877875459e-01
7.601605387012385640e-01,-4.155930282349656890e-02,2.925989493190450652e-01,4.466085406224324927e-01,5.154001893954789359e-01,5.328988888597817608e-01,5.009213815223059196e-01
7.601606632391528784e-01,-4.156189456242938285e-02,2.925995642129661789e-01,4.466103576891529148e-01,5.154003716032562465e-01,5.328979259218435960e-01,5.009205984027703673e-01
7.601600559588541639e-01,-4.156230966761506607e-02,2.925980978109257169e-01,4.466097615868044324e-01,5.154013683316454042e-01,5.328986176719886503e-01,5.009193684222331688e-01
7.601607365687763629e-01,-4.156473162987638081e-02,2.925997832808908683e-01,4.466124869709322542e-01,5.154003014554906503e-01,5.328980086720963572e-01,5.009186841140412794e-01
7.601598031580425463e-01,-4.156325378063450288e-02,2.925977322053712193e-01,4.466102164651488682e-01,5.154015456641795057e-01,5.328990587100751464e-01,5.009183112063716470e-01
7.601608789491700602e-01,-4.156451279757703704e-02,2.925999389549879259e-01,4.466124612189739662e-01,5.154003363516268532e-01,5.328980275183539117e-01,5.009186511197282199e-01
7.601600401260308892e-01,-4.156232609787248455e-02,2.925981858834007521e-01,4.466105650207898292e-01,5.154001847238546263e-01,5.328998618051811187e-01,5.009185463590326570e-01
7.601601986179888915e-01,-4.156166443162708640e-02,2.925981936297629149e-01,4.466101903254630634e-01,5.154005106089272203e-01,5.328994731933288653e-01,5.009189585469724371e-01
7.601606038637986895e-01,-4.156101534101802608e-02,2.925992452893426687e-01,4.466102020888486068e-01,5.153998826340988604e-01,5.328991161747909100e-01,5.009199739988831057e-01
7.601606628330350723e-01,-4.155947953218083746e-02,2.925991233736154884e-01,4.466090156771716502e-01,5.154000534206328865e-01,5.328989024586895384e-01,5.009210834135461310e-01
7.601603213690533156e-01,-4.155831743987456472e-02,2.925985074834730471e-01,4.466084187851823706e-01,5.153999343748634221e-01,5.328996640450324174e-01,5.009209278691371114e-01
7.601603610618846707e-01,-4.155893387238956960e-02,2.925984733796548332e-01,4.466087099108116409e-01,5.154000089507828619e-01,5.328995902433558696e-01,5.009206700903814369e-01
7.601608488853403012e-01,-4.156048285724683183e-02,2.925997020714948826e-01,4.466098624308386111e-01,5.153998823607653934e-01,5.328984607395389483e-01,5.009209743896201328e-01
7.601608769325958193e-01,-4.156101666919458787e-02,2.925999419556118974e-01,4.466104431322558410e-01,5.153998085006830099e-01,5.328984982237013890e-01,5.009204927666597307e-01
7.601608233891870015e-01,-4.156194159539473854e-02,2.925995640646052443e-01,4.466105812635575156e-01,5.154000543647863086e-01,5.328983473726387476e-01,5.009202771217322603e-01
7.601606850645039604e-01,-4.156172866487123363e-02,2.925991276535918617e-01,4.466103524692764393e-01,5.153997936455335660e-01,5.328995256492945476e-01,5.009194958675166065e-01
7.601602742722077810e-01,-4.156180545518076141e-02,2.925982842241962034e-01,4.466101166625707219e-01,5.154004556015728822e-01,5.328996738455333837e-01,5.009188673584379359e-01
7.601604741741969651e-01,-4.156117300926318037e-02,2.925983958252327266e-01,4.466099295959890525e-01,5.154000803031378863e-01,5.328998558359285820e-01,5.009192266821380635e-01
7.601607582362381876e-01,-4.156014034080741243e-02,2.925989683933539753e-01,4.466096846080271909e-01,5.153996381240152358e-01,5.328994422425276101e-01,5.009203400677151308e-01
7.601610891902438327e-01,-4.155932537520404951e-02,2.926001588192837510e-01,4.466097252995399614e-01,5.153987269231228296e-01,5.328991797075379733e-01,5.009215206206724114e-01
7.601607795728859696e-01,-4.155814416630980446e-02,2.925988682159359477e-01,4.466085656823778893e-01,5.153994564373312048e-01,5.328998376705739171e-01,5.009211039414376287e-01
7.601607613557008758e-01,-4.155795221330926825e-02,2.925987429611220936e-01,4.466083222438929079e-01,5.153994711324646483e-01,5.328999082022155553e-01,5.009212308306977279e-01
7.601608687267418230e-01,-4.155946190468901014e-02,2.925995132375868724e-01,4.466095675901901041e-01,5.153992992934285367e-01,5.328993307620942810e-01,5.009209116198468648e-01
7.601608201244578478e-01,-4.156099056911688461e-02,2.925992389707507968e-01,4.466098849211285748e-01,5.153998761494004155e-01,5.328990578659668076e-01,5.009203254824901030e-01
7.601606908385220018e-01,-4.156176732653630440e-02,2.925990841528756103e-01,4.466103156938017182e-01,5.154001625210663518e-01,5.328988524905519109e-01,5.009198652513136008e-01
7.601607938261505382e-01,-4.156191451623743316e-02,2.925991655814199621e-01,4.466105735367575935e-01,5.154002094594880568e-01,5.328986106200503947e-01,5.009198443798209555e-01
7.601605068995009873e-01,-4.156118882340523180e-02,2.925987710160810051e-01,4.466098992624160657e-01,5.154000771962569116e-01,5.328993306341394121e-01,5.009198156557523873e-01
7.601611122560965050e-01,-4.156090472544810704e-02,2.926000158628845327e-01,4.466104772036920134e-01,5.153993709830787529e-01,5.328988579302322837e-01,5.009205298835250897e-01
7.601606902728561543e-01,-4.156008891877412820e-02,2.925988777156143805e-01,4.466096074300288654e-01,5.153998117886233743e-01,5.328995947780600373e-01,5.009200679198493322e-01
7.601606687121322814e-01,-4.155961304358452013e-02,2.925990659781980696e-01,4.466095537898681078e-01,5.153997046307444707e-01,5.328994332391604472e-01,5.009203978513331323e-01
7.601608431851605285e-01,-4.156024317556904213e-02,2.925995550897776409e-01,4.466097801773393772e-01,5.153997543561339434e-01,5.328988140705619436e-01,5.009208035426098160e-01
7.601609350626750139e-01,-4.156029048042036989e-02,2.925995187744016013e-01,4.466097543340964426e-01,5.153999728227017796e-01,5.328986058397936487e-01,5.009208233264020871e-01
7.601608950312297441e-01,-4.156057270328246400e-02,2.925993995646833379e-01,4.466099089370648700e-01,5.153999295524569479e-01,5.328987255174714166e-01,5.009206026890924424e-01
7.601608878501190381e-01,-4.156080978819671340e-02,2.925994610115965067e-01,4.466100148548398097e-01,5.153999267675825058e-01,5.328987477794273619e-01,5.009204874373262006e-01
7.601598409245413634e-01,-4.156076305607060706e-02,2.925974296057922697e-01,4.466086806944536969e-01,5.154015483659127872e-01,5.328995818391050188e-01,5.009191211623750251e-01
7.601605301061911124e-01,-4.156149112366363391e-02,2.925986655228038913e-01,4.466097622488672259e-01,5.154009145243960699e-01,5.328986903150815246e-01,5.009197574780788198e-01
7.601606819102886270e-01,-4.156172502573671906e-02,2.925995863620469151e-01,4.466104440142795173e-01,5.154000742060356188e-01,5.328985039833741277e-01,5.009202124670781853e-01
7.601606199496732108e-01,-4.156141946537053600e-02,2.925988895816794000e-01,4.466099308399954504e-01,5.154004176435329487e-01,5.328989809011401846e-01,5.009198092733930796e-01
7.601605133305022743e-01,-4.156099446305223932e-02,2.925987503911145482e-01,4.466095508176748941e-01,5.154001729713777458e-01,5.328995114072899719e-01,5.009198354640989059e-01
7.601606565779812641e-01,-4.156074492251762842e-02,2.925988612005953060e-01,4.466096411258095311e-01,5.154002755576156947e-01,5.328991647232163009e-01,5.009200182123965117e-01
7.601605572928771259e-01,-4.156087813198027642e-02,2.925988876505959957e-01,4.466095926220108314e-01,5.154002963707766671e-01,5.328991554398793129e-01,5.009200499185280098e-01
7.601605144690328775e-01,-4.156117365309271866e-02,2.925987103530681699e-01,4.466096438360189214e-01,5.154005237324614797e-01,5.328988605088732511e-01,5.009200840825942525e-01
7.601604218640065636e-01,-4.156113505045600648e-02,2.925987182869598247e-01,4.466099652711915668e-01,5.154000194861521056e-01,5.328993915368133161e-01,5.009197513912116984e-01
7.601605095842182136e-01,-4.156171162377969575e-02,2.925990017146894440e-01,4.466100806224352349e-01,5.154003055862464988e-01,5.328988252018646010e-01,5.009199566662304592e-01
7.601606264362645859e-01,-4.156147709818495961e-02,2.925991766584793430e-01,4.466098248692843553e-01,5.154003631547401376e-01,5.328986631806852392e-01,5.009202978223459279e-01
7.601606698977281251e-01,-4.156142604035769489e-02,2.925993568510650289e-01,4.466102224687721889e-01,5.154000864367284107e-01,5.328987462525756058e-01,5.009201396728220068e-01
7.601608060735753902e-01,-4.156188447732180047e-02,2.925996615423803737e-01,4.466106861492767366e-01,5.154003698368844200e-01,5.328980192286844053e-01,5.009202081084570546e-01
7.601599132485957755e-01,-4.156154344914766985e-02,2.925976040226186958e-01,4.466088039978094448e-01,5.154021494510824253e-01,5.328986297907061243e-01,5.009194055933933187e-01
7.601608052147293959e-01,-4.156253392427599475e-02,2.925995310496883883e-01,4.466107873849727294e-01,5.154003755460158098e-01,5.328981766603634318e-01,5.009199444925911404e-01
7.601606096483872754e-01,-4.156328165564469185e-02,2.925994433899847813e-01,4.466111409369046825e-01,5.154007378452865051e-01,5.328979655040403385e-01,5.009194811356658672e-01
7.601605689661374843e-01,-4.156266277518014945e-02,2.925989788848364359e-01,4.466104804180967558e-01,5.154008609730283963e-01,5.328982609354123712e-01,5.009196290633770587e-01
7.601604594792590319e-01,-4.156258022230510663e-02,2.925988505605109924e-01,4.466102427690243348e-01,5.154008493884369990e-01,5.328985475058222177e-01,5.009195480011294777e-01
7.601605361881255130e-01,-4.156161612215109741e-02,2.925989169779078525e-01,4.466102958596863681e-01,5.154002946933967655e-01,5.328989680042148791e-01,5.009196240537256983e-01
7.601604363834193467e-01,-4.156003640500675195e-02,2.925985391135003111e-01,4.466088330814741991e-01,5.154010834915214723e-01,5.328984572592004865e-01,5.009206599853249786e-01
7.601603011485338346e-01,-4.155973799152021253e-02,2.925985121692239455e-01,4.466086277949333216e-01,5.154011672227277741e-01,5.328986567058134893e-01,5.009205446832022401e-01
7.601607979514863889e-01,-4.156033229714015120e-02,2.925992830154940938e-01,4.466095376044006415e-01,5.154001138023213135e-01,5.328985186284087572e-01,5.009209642817767927e-01
7.601606664395281765e-01,-4.156098183241112298e-02,2.925991095370340522e-01,4.466102780502634872e-01,5.153998479326705739e-01,5.328990038181417033e-01,5.009200615073015062e-01
7.601606739990307560e-01,-4.156159661605259015e-02,2.925993464857121751e-01,4.466104296448362154e-01,5.154002545381588529e-01,5.328983332054237909e-01,5.009202214138863685e-01
7.601604594067983278e-01,-4.156151228411339438e-02,2.925989158890317521e-01,4.466104353563600249e-01,5.154002514117520528e-01,5.328986834620520474e-01,5.009198469215577765e-01
7.601597490838076787e-01,-4.156082660017665353e-02,2.925972455663695682e-01,4.466091406290528809e-01,5.154013900311611440e-01,5.328996984601189757e-01,5.009187499401874799e-01
7.601603745510164822e-01,-4.156092499751578434e-02,2.925987406718053574e-01,4.466100303033527785e-01,5.154000756057306454e-01,5.328992077528954541e-01,5.009198311849729635e-01
7.601608137606823412e-01,-4.156108485820413090e-02,2.925997029825403439e-01,4.466109857581373466e-01,5.153991748893290703e-01,5.328989623867601555e-01,5.009201671031602299e-01
7.601606813237971050e-01,-4.156078405377071350e-02,2.925991373158188802e-01,4.466104735358373823e-01,5.153995179032961893e-01,5.328992742672085114e-01,5.009199390707335109e-01
7.601606124166773171e-01,-4.156034667097534274e-02,2.925990608577124785e-01,4.466099827716233372e-01,5.153997492823899629e-01,5.328991114068604151e-01,5.009203118163193524e-01
7.601606593263425804e-01,-4.156085167817796799e-02,2.925995253601746393e-01,4.466105457397340217e-01,5.153996501054424195e-01,5.328987928138646524e-01,5.009202508611226845e-01
7.601606604246651244e-01,-4.156015298996553614e-02,2.925993161911450424e-01,4.466099668051526361e-01,5.153996558865767685e-01,5.328990158378917874e-01,5.009205238172070862e-01
7.601606448354358836e-01,-4.156034221405369156e-02,2.925991610857598957e-01,4.466099540303280491e-01,5.154000040456160336e-01,5.328986933775184953e-01,5.009205200302148109e-01
7.601609344165962678e-01,-4.156023085117167837e-02,2.925997434346145898e-01,4.466104989551424320e-01,5.153989287334835856e-01,5.328991950921567744e-01,5.009206068365998910e-01
7.601608595746153219e-01,-4.156027106150506079e-02,2.925997339940098474e-01,4.466102830762265219e-01,5.153993409727645192e-01,5.328987436711200010e-01,5.009208553944973774e-01
7.601608361939981018e-01,-4.156029174919376873e-02,2.925995508414785395e-01,4.466101043735890563e-01,5.153994858060413353e-01,5.328989145138365302e-01,5.009206839533129063e-01
7.601607024855480121e-01,-4.156049224583617530e-02,2.925993141738556513e-01,4.466098110154144152e-01,5.153997997486230442e-01,5.328989455720958279e-01,5.009205894470734055e-01
7.601603089879506170e-01,-4.156093219510229031e-02,2.925983086517983112e-01,4.466094294407425003e-01,5.154005796078084956e-01,5.328991984310711416e-01,5.009198582468771255e-01
7.601604054911597075e-01,-4.156238131999378388e-02,2.925989335440404293e-01,4.466102783939754350e-01,5.154008327327390671e-01,5.328983343006566953e-01,5.009197601920296616e-01
7.601601649600597810e-01,-4.156208298360522524e-02,2.925983874337356183e-01,4.466100922764298375e-01,5.154006177433558822e-01,5.328990842465122224e-01,5.009193495123086537e-01
7.601603190567833845e-01,-4.156194966400396373e-02,2.925984603167631759e-01,4.466096566997167505e-01,5.154014386545512361e-01,5.328983582247388551e-01,5.009196655919566643e-01
7.601606018825473043e-01,-4.156163739916776678e-02,2.925991742485419267e-01,4.466100865804475406e-01,5.154001218962472874e-01,5.328987442292457688e-01,5.009202264960276318e-01
7.601602642254150499e-01,-4.156145330544651351e-02,2.925987765355255732e-01,4.466100178060190551e-01,5.154003127959269071e-01,5.328992139129694605e-01,5.009195917271627163e-01
7.601601072841395190e-01,-4.156169087378159405e-02,2.925980012142719300e-01,4.466094024839437071e-01,5.154014897722879462e-01,5.328988263703453576e-01,5.009193416175397040e-01
7.601601188466028391e-01,-4.156190360077871571e-02,2.925981205107101024e-01,4.466092936142332936e-01,5.154010883739906790e-01,5.328989550735939718e-01,5.009197147665213068e-01
7.601601179030086364e-01,-4.156209237755507935e-02,2.925980731892992015e-01,4.466097703956178888e-01,5.154006627981519983e-01,5.328998222757088676e-01,5.009188049903070539e-01
7.601605490600391590e-01,-4.156287524988634685e-02,2.925988816687189464e-01,4.466110216885880724e-01,5.154005092609964533e-01,5.328986160289520546e-01,5.009191305931612881e-01
7.601603673161994035e-01,-4.156232578308446252e-02,2.925983417060251668e-01,4.466097732353731531e-01,5.154015590743472597e-01,5.328983816092025538e-01,5.009194129125695838e-01
7.601604534863763973e-01,-4.156240364319019331e-02,2.925988224570783003e-01,4.466105277301193333e-01,5.154003078715653219e-01,5.328990917346850820e-01,5.009192721336119813e-01
7.601607815237381161e-01,-4.156258568658090929e-02,2.925995160312727661e-01,4.466111264852379859e-01,5.153998753303890012e-01,5.328986577006413761e-01,5.009196450827826386e-01
7.601601196079170730e-01,-4.156159014272244739e-02,2.925982157113806159e-01,4.466093174557169143e-01,5.154012741557432165e-01,5.328989161528439045e-01,5.009195437627678160e-01
7.601602967646806652e-01,-4.156248861568313802e-02,2.925983806294632505e-01,4.466098867852300591e-01,5.154017116883190530e-01,5.328982240984957430e-01,5.009193222137715562e-01
7.601595452844810419e-01,-4.156114844199394753e-02,2.925968585565837943e-01,4.466088046431412328e-01,5.154014142526371911e-01,5.329001266623351052e-01,5.009185690357994547e-01
7.601600644780397431e-01,-4.156137727376112839e-02,2.925979327601239688e-01,4.466094537936975417e-01,5.154007550096749712e-01,5.328995240940123113e-01,5.009193096077724228e-01
7.601602452060827186e-01,-4.156157172343836331e-02,2.925983773333802329e-01,4.466102201937925953e-01,5.153998532413369693e-01,5.328997753639714841e-01,5.009192868260207154e-01
7.601602166902312607e-01,-4.156189311214972260e-02,2.925983196210859560e-01,4.466097673624630504e-01,5.154012928795990156e-01,5.328985381253521503e-01,5.009195255311444939e-01
7.601598903921666928e-01,-4.156054270614974872e-02,2.925973873684406534e-01,4.466083967912891084e-01,5.154013290411280090e-01,5.328997590807434959e-01,5.009194113925300451e-01
7.601602641804485749e-01,-4.156145022044554355e-02,2.925985977652868497e-01,4.466100072143919242e-01,5.154005352499091419e-01,5.328991717848579057e-01,5.009194171032707033e-01
7.601601877162664778e-01,-4.156093895692959672e-02,2.925981412510699209e-01,4.466091832892594149e-01,5.154004899523214611e-01,5.328998663610692299e-01,5.009194593854007227e-01
7.601603933433123128e-01,-4.156081139205276137e-02,2.925983702773002904e-01,4.466093962594145372e-01,5.154003875508657018e-01,5.328993346192240077e-01,5.009199405569785268e-01
7.601602311717139404e-01,-4.156049059404945401e-02,2.925983111518029034e-01,4.466093198378511819e-01,5.154002527208871864e-01,5.328994290746618123e-01,5.009200469347548923e-01
7.601602838190679723e-01,-4.156139496491993712e-02,2.925986231591959363e-01,4.466097776429926447e-01,5.154010643781067325e-01,5.328982369795353113e-01,5.009200718434969613e-01
7.601605472445484013e-01,-4.156105141909084005e-02,2.925987364259614587e-01,4.466099358455367097e-01,5.154003807785260127e-01,5.328989078066745932e-01,5.009199205021186430e-01
7.601597476107636586e-01,-4.155974493749733933e-02,2.925974679401579515e-01,4.466080748304367409e-01,5.154007579748154377e-01,5.329004082785614438e-01,5.009195953761236275e-01
7.601601649247169412e-01,-4.156008957982554319e-02,2.925977395186477592e-01,4.466083599660939929e-01,5.154006861594985223e-01,5.328998533142812466e-01,5.009200054423175175e-01
7.601602001599723213e-01,-4.156029257441812286e-02,2.925985245898561904e-01,4.466093241229646127e-01,5.154001333088233938e-01,5.328996072455242095e-01,5.009199764326049964e-01
7.601609581624622081e-01,-4.156012443723377386e-02,2.925998031128749233e-01,4.466100073760472244e-01,5.153995118516154772e-01,5.328985055471850973e-01,5.009211787100446012e-01
7.601604378058411937e-01,-4.156112218891165611e-02,2.925985416481491908e-01,4.466097350213572015e-01,5.154006388574815523e-01,5.328989162999548945e-01,5.009198249777969680e-01
7.601604511106553330e-01,-4.156074751136681900e-02,2.925988112897153215e-01,4.466098720647772580e-01,5.153998108310253734e-01,5.328995078350943215e-01,5.009199254558964753e-01
7.601607407199524324e-01,-4.156156967971862820e-02,2.925993794676038373e-01,4.466105868852402461e-01,5.153997767416987896e-01,5.328989019630990809e-01,5.009199677624676106e-01
7.601598448639452776e-01,-4.156090846738103028e-02,2.925975491315135901e-01,4.466089176369850144e-01,5.154005914521039289e-01,5.329003106750545005e-01,5.009191191204150906e-01
7.601610067805066873e-01,-4.156230340542272500e-02,2.926000552759472906e-01,4.466114553983960289e-01,5.153992108535139227e-01,5.328985029391993811e-01,5.009202001553358929e-01
7.601593951098766233e-01,-4.156076967712723363e-02,2.925968550059412920e-01,4.466084666880167364e-01,5.154016237455103511e-01,5.328996525089245706e-01,5.009191592252560943e-01
7.601597535349324808e-01,-4.156077843568617425e-02,2.925974559678704567e-01,4.466085840776364280e-01,5.154016816045733362e-01,5.328992764232747259e-01,5.009193951274966139e-01
7.601602640361625474e-01,-4.156029113388187007e-02,2.925983010189980305e-01,4.466094475181122680e-01,5.154001445959495165e-01,5.328996621973028924e-01,5.009197963427292066e-01
7.601597364411938340e-01,-4.155953800642486762e-02,2.925975624987760537e-01,4.466085274115053072e-01,5.153999598833993723e-01,5.329007578128384104e-01,5.009196411781231539e-01
7.601604028347732633e-01,-4.156003528043198531e-02,2.925991623786535212e-01,4.466096195302904914e-01,5.153991087833886819e-01,5.328998885176889910e-01,5.009204679648581182e-01
7.601608499528371699e-01,-4.156137627953394864e-02,2.925994830934622315e-01,4.466108759604381917e-01,5.153995974265203062e-01,5.328984603629302041e-01,5.009203643187702948e-01
7.601606578839605888e-01,-4.155990271683707160e-02,2.925992625314877138e-01,4.466095407079328505e-01,5.153991103752061376e-01,5.328994168859139124e-01,5.009210383441171643e-01
7.601604770221264129e-01,-4.156106344748575210e-02,2.925988893177564609e-01,4.466099747272275766e-01,5.154004021827436333e-01,5.328985417061199437e-01,5.009202532853926915e-01
7.601605678687027856e-01,-4.156051860201668419e-02,2.925995052689738252e-01,4.466103495881059149e-01,5.153994490433265740e-01,5.328989129599658314e-01,5.009205048036186048e-01
7.601609952962274930e-01,-4.156078912045803320e-02,2.926000348741197299e-01,4.466103393772353769e-01,5.153992974725417620e-01,5.328983707771228762e-01,5.009212466538517372e-01
7.601613561789681839e-01,-4.156105951570571166e-02,2.926006935666150555e-01,4.466110864152866289e-01,5.153992258054453934e-01,5.328975195622660532e-01,5.009215599018362886e-01
7.601603667595009384e-01,-4.156041733511250946e-02,2.925990414086637736e-01,4.466097588174360866e-01,5.153994932428678233e-01,5.328990844300965923e-01,5.009208036282695176e-01
7.601602933472342283e-01,-4.156036992669330521e-02,2.925983577722425233e-01,4.466092017296665606e-01,5.154008687221718343e-01,5.328985976864042406e-01,5.009204028931983910e-01
7.601603223171781165e-01,-4.155998048199636280e-02,2.925983348387713456e-01,4.466091407870281249e-01,5.154007553624918581e-01,5.328987444684143426e-01,5.009204177124675361e-01
7.601600504037160366e-01,-4.156055435240933738e-02,2.925981386401625417e-01,4.466095213110951589e-01,5.154001053408060473e-01,5.328999480221211504e-01,5.009194668676604234e-01
7.601603250372923615e-01,-4.156037338178891760e-02,2.925990885900572880e-01,4.466100797811229928e-01,5.153992627098721302e-01,5.328996555883611652e-01,5.009201470392511402e-01
7.601604755656108381e-01,-4.156153486080697845e-02,2.925991919157946430e-01,4.466106330052518336e-01,5.153998355095518180e-01,5.328989371097238026e-01,5.009198287857069554e-01
7.601607758644181034e-01,-4.156018596475617721e-02,2.925994123662755686e-01,4.466104306941528490e-01,5.153986860884302024e-01,5.328996246592684338e-01,5.009204603642318787e-01
7.601608148325961212e-01,-4.156065044225373123e-02,2.925993919650052844e-01,4.466103374126418335e-01,5.153989627359948367e-01,5.328993345058862241e-01,5.009205675653678469e-01
7.601612499368675113e-01,-4.156153130453787981e-02,2.926003252758027084e-01,4.466115763218436729e-01,5.153986331245824504e-01,5.328985856912086261e-01,5.009205987349090172e-01
7.601604597180247058e-01,-4.156119920839596027e-02,2.925988832275281393e-01,4.466101996523732520e-01,5.154001760034163659e-01,5.328987531759356022e-01,5.009200604943346846e-01
7.601603227230477877e-01,-4.156059305324615039e-02,2.925984378642334516e-01,4.466094438700264346e-01,5.154001343612686359e-01,5.328994830438538166e-01,5.009200007167662339e-01
7.601608560194739184e-01,-4.156061297865273896e-02,2.925993623925077780e-01,4.466105041232380501e-01,5.153991654848054660e-01,5.328991849592480401e-01,5.009203694142636554e-01
7.601606874302140326e-01,-4.156114952773515975e-02,2.925994333398564962e-01,4.466102578868046402e-01,5.154000334678587869e-01,5.328982132093128543e-01,5.009207296668145570e-01
7.601602597915962933e-01,-4.155980343355336615e-02,2.925987134039289561e-01,4.466091433510084863e-01,5.153993684861538638e-01,5.328999337317549267e-01,5.009205772056517514e-01
7.601608221995652670e-01,-4.156070485471356768e-02,2.925999487895296625e-01,4.466107432289702639e-01,5.153988075130711000e-01,5.328989626084005282e-01,5.009207610964648838e-01
7.601609716280995910e-01,-4.156088968272110551e-02,2.925999408987789430e-01,4.466107773874099518e-01,5.153987534967122697e-01,5.328991644351654955e-01,5.009205715078501875e-01
7.601604643461485900e-01,-4.156038448926405865e-02,2.925992261376413328e-01,4.466100052700333611e-01,5.153990752971375766e-01,5.328993542185844756e-01,5.009207269109272609e-01
7.601610113240583333e-01,-4.156175533820750945e-02,2.926001767520211017e-01,4.466112130332879904e-01,5.153995401307815971e-01,5.328980024888273492e-01,5.009206098468412804e-01
7.601603411432423796e-01,-4.156047829035508512e-02,2.925986933922486988e-01,4.466096687395644249e-01,5.153996571874351895e-01,5.328996298279680133e-01,5.009201350401334407e-01
7.601606880762072915e-01,-4.156084051279492625e-02,2.925993617998178253e-01,4.466103248067682663e-01,5.153995904810462214e-01,5.328988838744411760e-01,5.009204123145087895e-01
7.601609624365991413e-01,-4.156207481678242388e-02,2.926000330147875972e-01,4.466112044765487288e-01,5.153996524236897914e-01,5.328980110962800998e-01,5.009204927802166640e-01
7.601607174787234911e-01,-4.156150477102625584e-02,2.925993506621131779e-01,4.466105643292804794e-01,5.153996586604513430e-01,5.328987790922832257e-01,5.009202400823166146e-01
7.601608610918604292e-01,-4.156165914162979202e-02,2.925999552965682371e-01,4.466104351240010595e-01,5.153997721575260815e-01,5.328982087052224204e-01,5.009208453010175477e-01
7.601609144361021198e-01,-4.156154393565666960e-02,2.925995420859792140e-01,4.466102851511088434e-01,5.153999898169968619e-01,5.328983936837207169e-01,5.009205582756559583e-01
7.601609048939821367e-01,-4.156117297854726444e-02,2.925993779168206688e-01,4.466103632857157946e-01,5.153994361875544605e-01,5.328993338536710533e-01,5.009200580548411885e-01
7.601606996742025224e-01,-4.156163233345311347e-02,2.925990681244949876e-01,4.466106092584229970e-01,5.153997741996286797e-01,5.328992741059620508e-01,5.009195545295976881e-01
7.601610000307037485e-01,-4.156167436251716196e-02,2.925999535020892828e-01,4.466110473854519869e-01,5.153995774023770737e-01,5.328985926473549517e-01,5.009200913530911237e-01
7.601607512523718135e-01,-4.156123823892324959e-02,2.925992243843136276e-01,4.466103451145457259e-01,5.153998776931271175e-01,5.328990311878788466e-01,5.009199419763561423e-01
7.601609767115422578e-01,-4.156105141422573868e-02,2.925996812956150883e-01,4.466104028896857314e-01,5.153996233845626884e-01,5.328987594610767875e-01,5.009204411986084571e-01
7.601608561672947850e-01,-4.156052989453019875e-02,2.925992917564907980e-01,4.466101661033260450e-01,5.153993672348123889e-01,5.328993514004490839e-01,5.009202861375202653e-01
7.601608001243798096e-01,-4.156076493716391596e-02,2.925993059675529029e-01,4.466099732111237786e-01,5.154000352351653103e-01,5.328988636345647345e-01,5.009202897117855935e-01
7.601607703678352479e-01,-4.156068485417495351e-02,2.925991437059726752e-01,4.466095992048412233e-01,5.154002451431686227e-01,5.328988103300837942e-01,5.009204638994437797e-01
7.601606114450381035e-01,-4.156012173535014037e-02,2.925989630218335247e-01,4.466096003076369669e-01,5.153998644259352169e-01,5.328993491228007917e-01,5.009202814493298739e-01
7.601601178542392034e-01,-4.156100554792943602e-02,2.925978510331023186e-01,4.466091084516881637e-01,5.154012777416705493e-01,5.328991037448568280e-01,5.009195268485449049e-01
7.601607014988952526e-01,-4.156121908238041146e-02,2.925986297631386068e-01,4.466098312990699482e-01,5.154007285091022350e-01,5.328985907368837260e-01,5.009199932423801238e-01
7.601605113976425132e-01,-4.156164175740060390e-02,2.925993603301990653e-01,4.466103580019974983e-01,5.154002910877307775e-01,5.328985666320272818e-01,5.009199993547284180e-01
7.601604381212243577e-01,-4.156133354522686951e-02,2.925985366978761659e-01,4.466098213626006896e-01,5.154007143908071464e-01,5.328990581239616553e-01,5.009195194025742870e-01
7.601603965051055845e-01,-4.156157235216480228e-02,2.925984438046796976e-01,4.466095742032852867e-01,5.154010682887035788e-01,5.328986232196665229e-01,5.009198383049004999e-01
7.601603393218514526e-01,-4.156108699731274336e-02,2.925985001106695127e-01,4.466097373169736762e-01,5.154004241515667273e-01,5.328993323480500921e-01,5.009196012346203153e-01
7.601606376464267179e-01,-4.156135271694190447e-02,2.925991681292272606e-01,4.466105326139762632e-01,5.153996189409439932e-01,5.328993027385674486e-01,5.009197521505203143e-01
7.601609125799193567e-01,-4.156194368089269342e-02,2.925995985712683267e-01,4.466109390414443325e-01,5.153996631514620175e-01,5.328987314646848050e-01,5.009199520434461927e-01
7.601606031778356254e-01,-4.156125625544241503e-02,2.925987682918478328e-01,4.466099573367954823e-01,5.154002392062766447e-01,5.328991324152247966e-01,5.009198080579759793e-01
7.601609376929608919e-01,-4.156139093034588727e-02,2.925996077143447893e-01,4.466107688582344748e-01,5.153993396721576747e-01,5.328991520163249840e-01,5.009199892055039571e-01
7.601604769570240450e-01,-4.156043335677218203e-02,2.925987891599740043e-01,4.466092567176003780e-01,5.154003711792121134e-01,5.328989558832788465e-01,5.009204847288579732e-01
7.601605770685275765e-01,-4.156030396027361046e-02,2.925989157581315170e-01,4.466094669617479140e-01,5.154000018296288621e-01,5.328991639374776046e-01,5.009204559697071346e-01
7.601608813165672274e-01,-4.156072838479757392e-02,2.925995814203345424e-01,4.466101101386509287e-01,5.153995528134276416e-01,5.328989185336242551e-01,5.009206055926972434e-01
7.601607329593867979e-01,-4.156016668039600598e-02,2.925994246957221989e-01,4.466095798692786834e-01,5.153998216803645782e-01,5.328987873247476026e-01,5.009209413157409418e-01
7.601605770239434623e-01,-4.156047195114436626e-02,2.925988981412747103e-01,4.466094094459422403e-01,5.154002252867345701e-01,5.328990996564751947e-01,5.009203457178077468e-01
7.601607941802177582e-01,-4.156103990327998654e-02,2.925993899907118334e-01,4.466103090866894720e-01,5.153999548319991852e-01,5.328986593609597033e-01,5.009202902937320845e-01
7.601606359676638114e-01,-4.156177876711314445e-02,2.925989436627817186e-01,4.466105129318249101e-01,5.154004641023183231e-01,5.328986086691241963e-01,5.009196384854547324e-01
7.601602200564994138e-01,-4.156113722341756023e-02,2.925981066351990290e-01,4.466094786943981543e-01,5.154009152069384259e-01,5.328991992914012821e-01,5.009194681171331709e-01
7.601605433230107511e-01,-4.156165376827692520e-02,2.925995826594537941e-01,4.466103461013844478e-01,5.154004448576666730e-01,5.328980279095952843e-01,5.009204248638551293e-01
7.601602562072132807e-01,-4.156126243452316210e-02,2.925984313471663434e-01,4.466098297072559342e-01,5.154007103411291091e-01,5.328989691897173531e-01,5.009196107413366184e-01
7.601603042773007468e-01,-4.156188963227691602e-02,2.925983657762291634e-01,4.466104668812936884e-01,5.154005970074909682e-01,5.328990089109797434e-01,5.009191170020268480e-01
7.601602653072105920e-01,-4.156175689041297777e-02,2.925985052644262674e-01,4.466102327434956498e-01,5.154008553250626345e-01,5.328988277887996006e-01,5.009192526548740254e-01
7.601603433554857681e-01,-4.156173061906525551e-02,2.925985464442255601e-01,4.466099604624645392e-01,5.154010446151832125e-01,5.328985177352071334e-01,5.009196305006554661e-01
7.601606800960929444e-01,-4.156199252068763783e-02,2.925994045135356103e-01,4.466111826830552189e-01,5.153999309714807353e-01,5.328985879718790564e-01,5.009196119085508325e-01
7.601605274740989016e-01,-4.156127835730849540e-02,2.925988828819157117e-01,4.466101268769658850e-01,5.153999887703969440e-01,5.328993515398926517e-01,5.009196814607878023e-01
7.601608481292887465e-01,-4.156199379610035771e-02,2.925993044473693683e-01,4.466109167178652917e-01,5.154002295580702997e-01,5.328986043076640033e-01,5.009195244416617676e-01
7.601604360183999987e-01,-4.156145733125145986e-02,2.925985685308198914e-01,4.466103465978571441e-01,5.154003883964843880e-01,5.328990555655139794e-01,5.009193892532792791e-01
7.601605747568540572e-01,-4.156201698357076674e-02,2.925990211242433525e-01,4.466106864705476909e-01,5.154006442508046737e-01,5.328984812288863893e-01,5.009194339812620411e-01
7.601601459748452694e-01,-4.156066492417730129e-02,2.925985167538119880e-01,4.466097018616904668e-01,5.154004900105388920e-01,5.328992724064837150e-01,5.009196288513245721e-01
7.601607166877383248e-01,-4.156169513264561244e-02,2.925990963398104050e-01,4.466103809988679063e-01,5.154002459304333206e-01,5.328987479445761455e-01,5.009198324263054447e-01
7.601603467643986978e-01,-4.156102825680817875e-02,2.925986216464288026e-01,4.466096224206599907e-01,5.154004497457118639e-01,5.328990868566223504e-01,5.009199385037206298e-01
7.601601362796031047e-01,-4.156075371015641173e-02,2.925980148145739257e-01,4.466095025337654123e-01,5.154004757288237482e-01,5.328998323264685366e-01,5.009192255957706230e-01
7.601600459172139779e-01,-4.156073680650021474e-02,2.925977715185543726e-01,4.466090691317936567e-01,5.154010977860719045e-01,5.328995747807249161e-01,5.009192459555406041e-01
7.601599064741422218e-01,-4.156092033959318116e-02,2.925976007054426620e-01,4.466091897202346672e-01,5.154010212229471755e-01,5.328994954133664530e-01,5.009193016524297049e-01
7.601606158676292857e-01,-4.156210932805706054e-02,2.925992438124574990e-01,4.466104008940712800e-01,5.154004236656875015e-01,5.328983779814292499e-01,5.009200253964983807e-01
7.601607353089205876e-01,-4.156178767888709519e-02,2.925993065947512517e-01,4.466101955117105504e-01,5.154005011177561490e-01,5.328982630506930995e-01,5.009202510880470527e-01
7.601602500128099571e-01,-4.156075676232989791e-02,2.925983370941436235e-01,4.466093336374030165e-01,5.154006403477708886e-01,5.328991874130820650e-01,5.009198928886129387e-01
7.601607859236187981e-01,-4.156182135507270614e-02,2.925994698847698139e-01,4.466103899194531768e-01,5.154006278594256418e-01,5.328979861568166054e-01,5.009202419229165093e-01
7.601599579514586313e-01,-4.156142613278537151e-02,2.925979993347718744e-01,4.466093059370705998e-01,5.154015600647324780e-01,5.328985448469916175e-01,5.009196548681305039e-01
7.601606399220612875e-01,-4.156196141576731784e-02,2.925989321431002321e-01,4.466101184262260548e-01,5.154011629725889776e-01,5.328979395428293797e-01,5.009199829881237909e-01
7.601602578773102303e-01,-4.156162975007170191e-02,2.925983711517327612e-01,4.466098777418105459e-01,5.154011233360534794e-01,5.328987865072158936e-01,5.009193373253982839e-01
7.601597499315695394e-01,-4.156085973814903356e-02,2.925973757701266775e-01,4.466091336369594766e-01,5.154013822151192192e-01,5.328993888890618535e-01,5.009190935514973297e-01
7.601596253672664449e-01,-4.156025391933150515e-02,2.925975815948042569e-01,4.466088149929293150e-01,5.154010519013516589e-01,5.328997204950216560e-01,5.009193647344045708e-01
7.601597469935779117e-01,-4.156031575269954897e-02,2.925978163305589241e-01,4.466091750030700691e-01,5.154009962961904057e-01,5.328991915859190298e-01,5.009196636458238538e-01
7.601600363645391045e-01,-4.156055604170021123e-02,2.925977408808740354e-01,4.466090302151126123e-01,5.154010366545721533e-01,5.328993010909034433e-01,5.009196347145274952e-01
7.601602255410438991e-01,-4.156221745365804715e-02,2.925985690727282429e-01,4.466104384112774550e-01,5.154007709816240679e-01,5.328987859961284990e-01,5.009192005278758630e-01
7.601600127980593369e-01,-4.156114911582693694e-02,2.925975267021677650e-01,4.466088712009083084e-01,5.154019517660921590e-01,5.328986517807877688e-01,5.009195256830901721e-01
7.601604928453060683e-01,-4.156198158321379454e-02,2.925988336234995879e-01,4.466100073250349745e-01,5.154008785247369273e-01,5.328981813512739807e-01,5.009201174694086767e-01
7.601596056489623443e-01,-4.156106563775027046e-02,2.925970110016851145e-01,4.466084705833737178e-01,5.154021057838836795e-01,5.328992348007526303e-01,5.009191041530463018e-01
7.601606415712662823e-01,-4.156277611698322438e-02,2.925993230543898482e-01,4.466112054612817461e-01,5.153997254452452603e-01,5.328989757389179793e-01,5.009193905448250383e-01
7.601607807194998845e-01,-4.156220306466061609e-02,2.925999267479509336e-01,4.466109453932315398e-01,5.154000741465604163e-01,5.328977323431859370e-01,5.009205864088379645e-01
7.601603422697775780e-01,-4.156266343697695431e-02,2.925990330444985243e-01,4.466107347040940700e-01,5.154008947752625192e-01,5.328979392928724357e-01,5.009197097433263357e-01
7.601602251882267902e-01,-4.156201150447681736e-02,2.925982688954775202e-01,4.466103409990539452e-01,5.154002070546847003e-01,5.328995292071863066e-01,5.009190769490177164e-01
7.601596856025196747e-01,-4.156183804360182033e-02,2.925977397577000372e-01,4.466092871545600529e-01,5.154013739446887676e-01,5.328990179298306318e-01,5.009193598301476813e-01
7.601597001894033756e-01,-4.156137026760943487e-02,2.925970938934556731e-01,4.466092361401145516e-01,5.154008738195681172e-01,5.329002937700423326e-01,5.009185626029163396e-01
7.601604866998683541e-01,-4.156234618505227907e-02,2.925996716482225368e-01,4.466109751244046189e-01,5.153992856590340343e-01,5.328987927148719494e-01,5.009202431162246283e-01
7.601605477243933429e-01,-4.156304035872332436e-02,2.925993378015316893e-01,4.466115990109087441e-01,5.154004123562662132e-01,5.328981458617725320e-01,5.009192157513973065e-01
7.601593572292155709e-01,-4.156058760789320405e-02,2.925969855923279406e-01,4.466084222361690337e-01,5.154017349945021476e-01,5.328994279688274993e-01,5.009193232676026897e-01
7.601601346254256431e-01,-4.156157812651442574e-02,2.925983330975195917e-01,4.466096318296867707e-01,5.154010765549048578e-01,5.328986893320799556e-01,5.009197080881806485e-01
7.601607184404327588e-01,-4.156218731433264368e-02,2.925993266082400623e-01,4.466106706196122933e-01,5.154002542888587168e-01,5.328985767427122378e-01,5.009197477373711349e-01
7.601593521230798345e-01,-4.156010643073203975e-02,2.925962443700605986e-01,4.466080617664363595e-01,5.154014387755488924e-01,5.329006666100266632e-01,5.009186317156812951e-01
7.601607618679200318e-01,-4.156206078038564289e-02,2.925995410516954998e-01,4.466111901546106489e-01,5.153999068335207712e-01,5.328982958716412810e-01,5.009199408306491685e-01
7.601603115639015140e-01,-4.156082204696598392e-02,2.925988741174345709e-01,4.466097855821806184e-01,5.154002073040554466e-01,5.328990497382473102e-01,5.009200819704160423e-01
7.601600209579719714e-01,-4.156030197305101564e-02,2.925977529616273221e-01,4.466090915213825618e-01,5.154005050213054107e-01,5.328997823808730994e-01,5.009196150408233850e-01
7.601599945524772917e-01,-4.156062154502120770e-02,2.925977626685469235e-01,4.466090755861272243e-01,5.154005898071749581e-01,5.328998104361282184e-01,5.009195121650381610e-01
7.601600915848434337e-01,-4.156051185052406227e-02,2.925976009729556737e-01,4.466090832571111835e-01,5.154007357246346288e-01,5.328998859001964350e-01,5.009192749079492968e-01
7.601603473147353629e-01,-4.156120703193395827e-02,2.925989307537054107e-01,4.466100722503696940e-01,5.153999459819099682e-01,5.328990235391314334e-01,5.009201231308282320e-01
7.601605314285910797e-01,-4.156125837348371294e-02,2.925988884317159977e-01,4.466098534167440293e-01,5.154003624821612561e-01,5.328988284538830333e-01,5.009200972378829997e-01
7.601603785526203083e-01,-4.156068855299792364e-02,2.925987731684277504e-01,4.466097870595290287e-01,5.154000483679681555e-01,5.328991914374143768e-01,5.009200934383527537e-01
7.601603428300653942e-01,-4.156140787893805588e-02,2.925987224498379224e-01,4.466097107210418860e-01,5.154007120860057967e-01,5.328986354058590225e-01,5.009200701244447274e-01
7.601611512712964647e-01,-4.156220806295593539e-02,2.926005921155020451e-01,4.466118656887765881e-01,5.153986100910048496e-01,5.328985303545807906e-01,5.009204233091104630e-01
7.601600188132007219e-01,-4.156059734137834694e-02,2.925980744885086082e-01,4.466093131444512365e-01,5.154002791908424141e-01,5.328995770345041905e-01,5.009198682614713904e-01
7.601603231451322662e-01,-4.156055914296741260e-02,2.925988867642491109e-01,4.466098137815993629e-01,5.153992280013444116e-01,5.328997895359378623e-01,5.009202774116220391e-01
7.601602149458216440e-01,-4.156196510261917637e-02,2.925987699274730236e-01,4.466101950333273285e-01,5.154005138319281976e-01,5.328985528280283379e-01,5.009199301563782569e-01
7.601611287559457697e-01,-4.156157900275535277e-02,2.926003984379965672e-01,4.466111928722839020e-01,5.153986202698878083e-01,5.328985971380809650e-01,5.009209416598161546e-01
7.601605064467169548e-01,-4.156130278080023832e-02,2.925992838067763557e-01,4.466102130350097510e-01,5.153994579715195368e-01,5.328990276361634804e-01,5.009204953681958283e-01
7.601609391268289162e-01,-4.156142912286409780e-02,2.925999537508150450e-01,4.466104262324179230e-01,5.153994309631473314e-01,5.328985579004247297e-01,5.009208327979677300e-01
7.601603684831746977e-01,-4.156104870384071115e-02,2.925988921433888557e-01,4.466097868107932745e-01,5.154003565947334886e-01,5.328985603654629033e-01,5.009204478829510920e-01
7.601610239690778092e-01,-4.156118821100927840e-02,2.926004254684887451e-01,4.466110357517602547e-01,5.153987876573813409e-01,5.328986252627908593e-01,5.009208795998316699e-01
7.601607256856280914e-01,-4.156176061307496200e-02,2.925995354924703085e-01,4.466104661841293066e-01,5.153998437848863468e-01,5.328986090772984685e-01,5.009203179796064553e-01
7.601608364360351588e-01,-4.156147456586774258e-02,2.925997782301901218e-01,4.466108729094232510e-01,5.153990768966123515e-01,5.328990043286986333e-01,5.009203239225618054e-01
7.601602211304896439e-01,-4.156092482636964541e-02,2.925988209733473289e-01,4.466100197224895374e-01,5.154000460741603451e-01,5.328993464031442917e-01,5.009197235020124150e-01
7.601602409227142809e-01,-4.156034260312946316e-02,2.925984785397328092e-01,4.466094658530975758e-01,5.153998547309367462e-01,5.328995556289352065e-01,5.009201916116214903e-01
7.601605705757765730e-01,-4.156024626868842775e-02,2.925991012686085524e-01,4.466100233829408128e-01,5.153991991354304192e-01,5.328994579618328009e-01,5.009204729779278553e-01
7.601607489451884803e-01,-4.156036346718902652e-02,2.925991149827499860e-01,4.466097192283241535e-01,5.153996240171426768e-01,5.328992835716243048e-01,5.009204925161626631e-01
7.601607071198062116e-01,-4.156069953129040706e-02,2.925990129386699667e-01,4.466099123921112857e-01,5.153996946972038140e-01,5.328990148958945294e-01,5.009205334003837828e-01
7.601606154681832539e-01,-4.156086945110008812e-02,2.925990785148068762e-01,4.466103182655484782e-01,5.153992571999883587e-01,5.328995079126308543e-01,5.009200971840934713e-01
7.601607324512247299e-01,-4.156066856837623003e-02,2.925989969295225146e-01,4.466096719461616904e-01,5.154001122383814470e-01,5.328987606562964885e-01,5.009205886363516935e-01
7.601601868626770564e-01,-4.156066554923396050e-02,2.925985390765742933e-01,4.466098564104347135e-01,5.153999912969312591e-01,5.328995005966362664e-01,5.009197614309400803e-01
7.601609247554610427e-01,-4.156155121004969505e-02,2.925996799168302243e-01,4.466107219695145680e-01,5.153995444929300174e-01,5.328985332182170076e-01,5.009204785714213015e-01
7.601604156001089407e-01,-4.156058898087598014e-02,2.925984712499761775e-01,4.466096841645294524e-01,5.153999877960074860e-01,5.328994455959346066e-01,5.009199771159860148e-01
7.601606809581356039e-01,-4.156134164721508872e-02,2.925993342567508870e-01,4.466106508305878187e-01,5.153997825592521176e-01,5.328988118147791608e-01,5.009200006677224648e-01
7.601603867747350751e-01,-4.156098389896648038e-02,2.925987354893211378e-01,4.466096519760400785e-01,5.154006726234463542e-01,5.328986409634733912e-01,5.009201571911660045e-01
7.601601786413805240e-01,-4.156053768875833665e-02,2.925984306184042927e-01,4.466097704599319429e-01,5.153999383737418727e-01,5.328997350503150709e-01,5.009196430939537592e-01
7.601606843871058228e-01,-4.156099214933318964e-02,2.925991472816082406e-01,4.466103981031457892e-01,5.153998133318072883e-01,5.328990999685641050e-01,5.009198877828490160e-01
7.601606598380310498e-01,-4.156103425483591296e-02,2.925993407777129907e-01,4.466105430235029483e-01,5.153992476537002654e-01,5.328994436900220677e-01,5.009199749392277967e-01
7.601606576510304691e-01,-4.156120425901795729e-02,2.925992432888996908e-01,4.466105996602407480e-01,5.153995188965532215e-01,5.328992221955907160e-01,5.009198809946119324e-01
7.601607731438733140e-01,-4.156098289552800917e-02,2.925995158578852950e-01,4.466106026700570886e-01,5.153992206539983467e-01,5.328992395054990006e-01,5.009201667595348795e-01
7.601607015026103920e-01,-4.156078811397675987e-02,2.925994092655185286e-01,4.466101469944819269e-01,5.153996512905407723e-01,5.328990613784092556e-01,5.009203194452852559e-01
7.601608654162212986e-01,-4.156049403512104834e-02,2.925993042082871143e-01,4.466101937060028004e-01,5.153994001761509347e-01,5.328992418952555044e-01,5.009203441300945636e-01
7.601608361204996722e-01,-4.156063240849345447e-02,2.925995668555333440e-01,4.466099542470478023e-01,5.153999867070603313e-01,5.328985345706491739e-01,5.009207066215836113e-01
7.601609226303530642e-01,-4.156031492896097856e-02,2.925996811220796801e-01,4.466100251903975527e-01,5.153994728286103166e-01,5.328987791934427509e-01,5.009209118629022184e-01
7.601608179437979729e-01,-4.156090876103413906e-02,2.925995239218144306e-01,4.466104313872074072e-01,5.153997402109646853e-01,5.328987209150468640e-01,5.009203365942629382e-01
7.601609333459742324e-01,-4.156053098252705802e-02,2.925996841961044925e-01,4.466099667626415859e-01,5.153998417896913375e-01,5.328985418077478720e-01,5.009208368700680536e-01
7.601608895845972658e-01,-4.156068353584242703e-02,2.925993405105988820e-01,4.466102218606569640e-01,5.153997472399689528e-01,5.328989676879150039e-01,5.009202536449345322e-01
7.601604187349215724e-01,-4.155999833039129843e-02,2.925985985733300376e-01,4.466089609349977452e-01,5.154005621544907045e-01,5.328991013925720166e-01,5.009203971474768258e-01
7.601605022438132631e-01,-4.156049326358122326e-02,2.925986014837218541e-01,4.466095997854663824e-01,5.154005091959648066e-01,5.328990907974099356e-01,5.009198933235727846e-01
7.601603666199419074e-01,-4.156091299181515625e-02,2.925983142189692576e-01,4.466093203544099222e-01,5.154011627976414767e-01,5.328987552931573335e-01,5.009198268849162083e-01
7.601600341493675028e-01,-4.155966909219373229e-02,2.925973576162857470e-01,4.466083646498504311e-01,5.154009106720474076e-01,5.329001704615375923e-01,5.009194328684751785e-01
7.601606323921173969e-01,-4.156161475857284709e-02,2.925990421119533669e-01,4.466104045233111330e-01,5.154001607009670582e-01,5.328989378953944422e-01,5.009196970682051608e-01
7.601604172080829169e-01,-4.156143926761949464e-02,2.925985421529379016e-01,4.466098181319386184e-01,5.154006681809177870e-01,5.328990366466531681e-01,5.009195926771969898e-01
7.601608882670357614e-01,-4.156202721857851778e-02,2.925992932467870178e-01,4.466105787067425892e-01,5.154002003479384308e-01,5.328986749425108638e-01,5.009197807164832428e-01
7.601610246496863788e-01,-4.156222775677009817e-02,2.925996491092522911e-01,4.466107024542749770e-01,5.154004246356935770e-01,5.328980455172698250e-01,5.009201092215397333e-01
7.601605049471640285e-01,-4.156157859186244974e-02,2.925984366061564756e-01,4.466099958353045296e-01,5.154008017881771542e-01,5.328990288799361208e-01,5.009193050331703922e-01
7.601603811775657915e-01,-4.156148038904688979e-02,2.925984043045672944e-01,4.466098246773474445e-01,5.154004797804039306e-01,5.328994531218479436e-01,5.009193376245659746e-01
7.601607017360819674e-01,-4.156184038233009387e-02,2.925990378919689494e-01,4.466100818439929787e-01,5.154006081073893020e-01,5.328985787846826083e-01,5.009199064592071426e-01
7.601605076754291979e-01,-4.156183880094495298e-02,2.925987469532032592e-01,4.466099465891611997e-01,5.154007553183181933e-01,5.328989213251007495e-01,5.009195111746771456e-01
7.601607703405686145e-01,-4.156142848699907050e-02,2.925988661034959470e-01,4.466099820489103922e-01,5.154002899643019830e-01,5.328989950947742305e-01,5.009198798869586300e-01
7.601607259174723019e-01,-4.156139358484869234e-02,2.925990095447937311e-01,4.466099272098133510e-01,5.154004819722590724e-01,5.328987471599008208e-01,5.009199949850442479e-01
7.601607496880804504e-01,-4.156116847296283112e-02,2.925991364258930250e-01,4.466097555663740004e-01,5.154004499842205211e-01,5.328986862619040643e-01,5.009202457171636480e-01
7.601608469921738997e-01,-4.156110801694493095e-02,2.925990216126186927e-01,4.466102608105551042e-01,5.154000895589569975e-01,5.328991725572946869e-01,5.009196487552646238e-01
7.601607272924242320e-01,-4.156074412900136184e-02,2.925988472963720333e-01,4.466096657669106906e-01,5.154001729798387554e-01,5.328991957058960560e-01,5.009200688252866129e-01
7.601604587522666767e-01,-4.156056840073114877e-02,2.925984160985503069e-01,4.466094945754163215e-01,5.154003916560234710e-01,5.328996391863780602e-01,5.009195246653269651e-01
7.601602527004031051e-01,-4.156098555765411900e-02,2.925982355336051999e-01,4.466095934493559128e-01,5.154007166934253537e-01,5.328993714578468266e-01,5.009193868984672671e-01
7.601607420588507580e-01,-4.156113175781189079e-02,2.925990973297578068e-01,4.466099615491208596e-01,5.154002057733680919e-01,5.328988633893853022e-01,5.009201249023278457e-01
7.601602846013852943e-01,-4.156073189089956599e-02,2.925983585770653428e-01,4.466095203727975527e-01,5.154006265395700837e-01,5.328993738227927324e-01,5.009195422962392508e-01
7.601604729754978251e-01,-4.156120020060945219e-02,2.925980946205691269e-01,4.466097983563880325e-01,5.154006499973796673e-01,5.328995029782997994e-01,5.009191329145117333e-01
7.601605077269577571e-01,-4.156104134404078887e-02,2.925985957800043558e-01,4.466095806039144245e-01,5.154004153811455602e-01,5.328992524689452059e-01,5.009198349594254918e-01
7.601604820830127895e-01,-4.156085932182806975e-02,2.925984282114182933e-01,4.466095333468965700e-01,5.154002565376951672e-01,5.328994411053938896e-01,5.009198398487567649e-01
7.601606491127573806e-01,-4.156162198591575874e-02,2.925992562306515832e-01,4.466102030240296505e-01,5.154003064009822221e-01,5.328985518703304169e-01,5.009201374781344640e-01
7.601609150356294364e-01,-4.156145491305730105e-02,2.925994350402106314e-01,4.466104290725711468e-01,5.153997964330655490e-01,5.328988194207412432e-01,5.009201760164471162e-01
7.601604076035245461e-01,-4.156143691868539880e-02,2.925986970513199670e-01,4.466098351995028137e-01,5.154004252981545520e-01,5.328990021215039841e-01,5.009198640935089708e-01
7.601601623444672606e-01,-4.156080769960564247e-02,2.925978932682257727e-01,4.466092877985597398e-01,5.154004203912164739e-01,5.328998634652367672e-01,5.009194408598576231e-01
7.601604349614520251e-01,-4.156132587463362560e-02,2.925987449771508819e-01,4.466098755344695692e-01,5.154004711383797233e-01,5.328988742889224639e-01,5.009199169598081980e-01
7.601603919208459459e-01,-4.156180146313471352e-02,2.925985487357296577e-01,4.466097477409060601e-01,5.154009418852822932e-01,5.328987531669199251e-01,5.009196753968746529e-01
7.601607202477969061e-01,-4.156234725707842748e-02,2.925993093125318634e-01,4.466107039395788014e-01,5.154005225903780518e-01,5.328981926987110818e-01,5.009198505336025509e-01
7.601604624671379762e-01,-4.156177211741229199e-02,2.925982942626867978e-01,4.466098311435808821e-01,5.154011096764758992e-01,5.328985909087943229e-01,5.009196010115604114e-01
7.601598678540057996e-01,-4.156160774909452987e-02,2.925974857050775979e-01,4.466090692663103878e-01,5.154017410727005366e-01,5.328989491324260808e-01,5.009192495421442848e-01
7.601605242421678454e-01,-4.156251661604350861e-02,2.925991755191964527e-01,4.466104072017037518e-01,5.154009606970362256e-01,5.328978606626578740e-01,5.009200175605512673e-01
7.601602556051586523e-01,-4.156190807451433378e-02,2.925981885998564791e-01,4.466099212211306346e-01,5.154008451540461611e-01,5.328991399195186496e-01,5.009192088095523188e-01
7.601600964143040429e-01,-4.156171571905962342e-02,2.925982510483910448e-01,4.466099098594111805e-01,5.154007247016334503e-01,5.328990139346733157e-01,5.009194769020790527e-01
7.601600590765829057e-01,-4.156196170262656253e-02,2.925978620747172743e-01,4.466093568795433399e-01,5.154017057867477103e-01,5.328984761463212427e-01,5.009195326004769466e-01
7.601603003864010333e-01,-4.156227120020734855e-02,2.925985856399354601e-01,4.466099277215702101e-01,5.154012617517237382e-01,5.328983098234446603e-01,5.009196574627321485e-01
7.601598729228156159e-01,-4.156145498352931816e-02,2.925972060187655432e-01,4.466085347596190913e-01,5.154024106857835186e-01,5.328987725780136575e-01,5.009192249494880400e-01
7.601602338176070006e-01,-4.156180108466676904e-02,2.925978180533100881e-01,4.466092307108635029e-01,5.154016135981004387e-01,5.328988992203473885e-01,5.009192898602198296e-01
7.601606751848719590e-01,-4.156328533756498134e-02,2.925989625060412824e-01,4.466107842366996428e-01,5.154016937974361667e-01,5.328971465323468770e-01,5.009196868280347825e-01
7.601600587916090834e-01,-4.156254876054168990e-02,2.925978798445739715e-01,4.466099425622503394e-01,5.154017273708735303e-01,5.328985492350410968e-01,5.009189104544284898e-01
7.601600615694857899e-01,-4.156280163758639679e-02,2.925981657922410162e-01,4.466100905715925107e-01,5.154015443423846099e-01,5.328984891926006329e-01,5.009190306879571786e-01
7.601598856547477912e-01,-4.156185713812705212e-02,2.925975009047472875e-01,4.466091018962563552e-01,5.154021762401935769e-01,5.328984957683757795e-01,5.009192550083237938e-01
7.601598708246829483e-01,-4.156211313789195949e-02,2.925973399201654002e-01,4.466097521457909059e-01,5.154017313812616630e-01,5.328993262611132486e-01,5.009182494658430684e-01
7.601595983944595680e-01,-4.156119502923208420e-02,2.925973537824743120e-01,4.466092585296833062e-01,5.154009632236106198e-01,5.328999672514357355e-01,5.009187980173630539e-01
7.601603035584264534e-01,-4.156154043290538613e-02,2.925980917161190575e-01,4.466100724867915206e-01,5.154001131232054389e-01,5.328997000382131866e-01,5.009192312590047269e-01
7.601599422427078867e-01,-4.156212967526458357e-02,2.925984673095088917e-01,4.466102249040557193e-01,5.154007413491057399e-01,5.328988651608219662e-01,5.009193371574400810e-01
7.601600889727688770e-01,-4.156131247198826401e-02,2.925978145460212398e-01,4.466098004150648171e-01,5.154007069244206374e-01,5.328996426532525144e-01,5.009189239138998051e-01
7.601599964408952692e-01,-4.156069578696325317e-02,2.925976246642355560e-01,4.466091039400446605e-01,5.154007427527731444e-01,5.328999877275922836e-01,5.009191409076837465e-01
7.601600152613068317e-01,-4.156224415403673988e-02,2.925979240981397833e-01,4.466100220177137703e-01,5.154015382396162082e-01,5.328988369399640934e-01,5.009187281402127656e-01
7.601603930353926231e-01,-4.156242504575723140e-02,2.925989346000827940e-01,4.466105909248244132e-01,5.154012283102137326e-01,5.328979940330500487e-01,5.009194365221351086e-01
7.601604216237978218e-01,-4.156132733971486248e-02,2.925984598609802090e-01,4.466101900478040565e-01,5.154004973779353627e-01,5.328988262054894509e-01,5.009196607010477642e-01
7.601605003861104937e-01,-4.156175680696273800e-02,2.925990919053337302e-01,4.466105831836003071e-01,5.153997418993633284e-01,5.328990495800143279e-01,5.009198498714055869e-01
7.601603630077745644e-01,-4.156155410777925829e-02,2.925983784898499862e-01,4.466098825968015107e-01,5.154004828811632466e-01,5.328992295927190703e-01,5.009195205940983886e-01
7.601609443563567270e-01,-4.156154413394413938e-02,2.925996950632522298e-01,4.466111372649072542e-01,5.153992212204855372e-01,5.328989230603482508e-01,5.009200261891953998e-01
7.601604449018106724e-01,-4.156198479509394528e-02,2.925989299929150356e-01,4.466107001368580520e-01,5.154002267203687815e-01,5.328990384163554417e-01,5.009192586383376389e-01
7.601588969021649822e-01,-4.155971172043280981e-02,2.925958977828301277e-01,4.466078197918204595e-01,5.154021496927211343e-01,5.329002500718679203e-01,5.009185591154106110e-01
7.601608263712780200e-01,-4.156046717060991186e-02,2.925991111079824236e-01,4.466099901603977629e-01,5.153995015717842687e-01,5.328991991905667192e-01,5.009204667115714216e-01
7.601601597140092981e-01,-4.156094874763828495e-02,2.925983168606958174e-01,4.466097259587773483e-01,5.154004769253325291e-01,5.328992591300085735e-01,5.009196349544045024e-01
7.601609127722044335e-01,-4.156196227779074270e-02,2.925999758095413350e-01,4.466113118432839535e-01,5.153997361963934543e-01,5.328981261273874059e-01,5.009201884853795583e-01
7.601608098535306279e-01,-4.156137048302340625e-02,2.925994810088314857e-01,4.466108333465860780e-01,5.153999110970270969e-01,5.328984799537154204e-01,5.009200587335909116e-01
7.601602172920807199e-01,-4.155976516328947767e-02,2.925984361852337901e-01,4.466088739954790499e-01,5.154003247396113929e-01,5.328993235834376119e-01,5.009204825629592905e-01
7.601606001396852275e-01,-4.156009073317482733e-02,2.925990756934386816e-01,4.466094465532297608e-01,5.153999454072525355e-01,5.328987471843431578e-01,5.009209755769629124e-01
7.601607064478241860e-01,-4.156016928066880167e-02,2.925992468289536630e-01,4.466097621309372268e-01,5.153996813572195856e-01,5.328989032077439125e-01,5.009207999137266221e-01
7.601597399104752517e-01,-4.156069427461264731e-02,2.925974077065189860e-01,4.466086536500186721e-01,5.154016532753050717e-01,5.328988900058564404e-01,5.009197733335407632e-01
7.601603424611178550e-01,-4.156081090729822625e-02,2.925985302402965282e-01,4.466092592504054548e-01,5.154014270955858956e-01,5.328982860274842359e-01,5.009201086486818610e-01
7.601607662155449585e-01,-4.156123098234758284e-02,2.925993165300773136e-01,4.466098950138239210e-01,5.154004573544460621e-01,5.328982251206937359e-01,5.009206043853493551e-01
7.601600385790410197e-01,-4.155943188393872167e-02,2.925980602238774653e-01,4.466085196887865094e-01,5.154007641552509345e-01,5.328990196258828194e-01,5.009206696986532314e-01
7.601605537499956933e-01,-4.156117278328356340e-02,2.925984679546984046e-01,4.466097892677922121e-01,5.154003131304164542e-01,5.328991140447779662e-01,5.009199013869761741e-01
7.601605097176409309e-01,-4.156081255580594547e-02,2.925989882555361521e-01,4.466096305331672123e-01,5.154006890251653372e-01,5.328981029211615761e-01,5.009207318233492856e-01
7.601604816900695560e-01,-4.156079148388423100e-02,2.925991031268941334e-01,4.466098260744901238e-01,5.153999642907666212e-01,5.328988590547770743e-01,5.009204987629343186e-01
7.601603294588350490e-01,-4.156087462510399400e-02,2.925985452686981070e-01,4.466099718433925725e-01,5.154007311252386536e-01,5.328986808685266530e-01,5.009197693585251132e-01
7.601600329326330119e-01,-4.156060493635448105e-02,2.925983133305373185e-01,4.466091247348146775e-01,5.154011738928542252e-01,5.328984422046404434e-01,5.009203229549964442e-01
7.601598947584611299e-01,-4.155987728209796506e-02,2.925975856550132592e-01,4.466088022567896165e-01,5.154002635453218684e-01,5.328998103043643964e-01,5.009200916930175440e-01
7.601608330229046029e-01,-4.156099550163585427e-02,2.925995432164914534e-01,4.466103210183597905e-01,5.154001713399999351e-01,5.328981119675442191e-01,5.009206392274159203e-01
7.601604964679801180e-01,-4.156046545533418485e-02,2.925985207609940741e-01,4.466100969195347381e-01,5.153993660012629041e-01,5.328998704333367531e-01,5.009197969207773715e-01
7.601607748927663444e-01,-4.156047240191718811e-02,2.925995620243040385e-01,4.466105602400693431e-01,5.153986938477504998e-01,5.328995079740675989e-01,5.009204610146015257e-01
7.601602799912471342e-01,-4.156026762105165945e-02,2.925985918815758313e-01,4.466096036401246971e-01,5.153998576024800826e-01,5.328994439807888117e-01,5.009201845850496104e-01
7.601610573315924491e-01,-4.156168550393377070e-02,2.926002537783796709e-01,4.466112811960052942e-01,5.153988980689919730e-01,5.328985891776427675e-01,5.009205855524501150e-01
7.601609704528339284e-01,-4.156098002783401024e-02,2.925996800248497065e-01,4.466106995116229661e-01,5.153993264237571870e-01,5.328987062106061989e-01,5.009205389308151180e-01
7.601602470038992809e-01,-4.156111445509858698e-02,2.925984080856985914e-01,4.466097504379831218e-01,5.154005799142953315e-01,5.328990588328427203e-01,5.009197202474673372e-01
7.601608670246713384e-01,-4.156100621208019819e-02,2.925999615827387101e-01,4.466107895379549664e-01,5.153987500603641747e-01,5.328989666969360384e-01,5.009207745720239968e-01
7.601609177391135397e-01,-4.156160450654719507e-02,2.925996506313157108e-01,4.466109420857961032e-01,5.153993506062400920e-01,5.328987338157853415e-01,5.009202684074945955e-01
7.601605509043251052e-01,-4.156111695361863062e-02,2.925991399284044170e-01,4.466102710270373199e-01,5.153997430219776632e-01,5.328989507068059295e-01,5.009202322142926045e-01
7.601606746950122506e-01,-4.156139615791515363e-02,2.925994078935597043e-01,4.466108854891442936e-01,5.153994339715549655e-01,5.328991119464152604e-01,5.009198308223835605e-01
7.601608932787651263e-01,-4.156117385381104257e-02,2.925999286369236341e-01,4.466109837176490682e-01,5.153989723492254926e-01,5.328989315646309732e-01,5.009204101066265791e-01
7.601609264334161509e-01,-4.156077877776162555e-02,2.925993439169927712e-01,4.466100668969444909e-01,5.153996722421374521e-01,5.328988160965310028e-01,5.009206302418774959e-01
7.601608651799213190e-01,-4.156097911335464301e-02,2.925998322405195529e-01,4.466107187909919563e-01,5.153988236419093649e-01,5.328992400063977675e-01,5.009204711829343681e-01
7.601608626315096151e-01,-4.156136347225400374e-02,2.925998655772942825e-01,4.466108956398021079e-01,5.153991163420224009e-01,5.328987749845029986e-01,5.009205070564511919e-01
7.601609851412773899e-01,-4.156090667939843497e-02,2.925998722201905156e-01,4.466104977133658616e-01,5.153993098812205131e-01,5.328986429134540126e-01,5.009208032086311935e-01
7.601610565699379318e-01,-4.156153045603740159e-02,2.926000887483697355e-01,4.466111263272483090e-01,5.153990671251180711e-01,5.328985777615875552e-01,5.009205618328538279e-01
7.601605647375415664e-01,-4.156119052887004284e-02,2.925990624594413392e-01,4.466100372127200790e-01,5.154002831042250321e-01,5.328985583947921656e-01,5.009203023412901468e-01
7.601609986216879555e-01,-4.156168017221836819e-02,2.926001067907127995e-01,4.466112175570198239e-01,5.153993063289334930e-01,5.328984977170653226e-01,5.009203195307465606e-01
7.601608373486804515e-01,-4.156129883041299877e-02,2.925996862836615087e-01,4.466107609447677596e-01,5.153990878156209376e-01,5.328991064710502101e-01,5.009203038503408090e-01
7.601605499245581710e-01,-4.156044011603772514e-02,2.925990000627194387e-01,4.466097662073256758e-01,5.153996180941001759e-01,5.328991817121206953e-01,5.009205650871658699e-01
7.601607537883406929e-01,-4.156094471011231861e-02,2.925994922353366001e-01,4.466100617598158795e-01,5.153996615956646377e-01,5.328986880230477396e-01,5.009207820257433053e-01
7.601605765203316434e-01,-4.156083066496792100e-02,2.925992252616812506e-01,4.466102580830598745e-01,5.153994605142769858e-01,5.328993256693563829e-01,5.009201355283294799e-01
7.601600401140502505e-01,-4.156003035212186419e-02,2.925978110967834556e-01,4.466084219913535325e-01,5.154008624239461156e-01,5.328996613311978159e-01,5.009199730217795965e-01
7.601601326772755574e-01,-4.156065695871430377e-02,2.925980755553010404e-01,4.466092485234950948e-01,5.154005776950160156e-01,5.328995532757445641e-01,5.009196440183141252e-01
7.601603612461537152e-01,-4.156125049730340082e-02,2.925990221136475777e-01,4.466100821282489308e-01,5.153998903288372624e-01,5.328992439824098426e-01,5.009199370691858055e-01
7.601605279858250075e-01,-4.156124034751412788e-02,2.925988962746483013e-01,4.466100992374178458e-01,5.154000643574361273e-01,5.328990505932976740e-01,5.009199484910304978e-01
7.601607202912481487e-01,-4.156137125152953304e-02,2.925991701625280106e-01,4.466100310684718577e-01,5.154002295508099962e-01,5.328985601083444656e-01,5.009203610978937293e-01
7.601599613324705462e-01,-4.156112162498198925e-02,2.925980962227533455e-01,4.466093576115161556e-01,5.154009337833724835e-01,5.328992888193330169e-01,5.009194617150601880e-01
7.601604386814948544e-01,-4.156095208325508855e-02,2.925987582696561451e-01,4.466096148926425591e-01,5.154003271943108366e-01,5.328989616714162603e-01,5.009202044866720716e-01
7.601605441091071613e-01,-4.156099577299666309e-02,2.925990830432173562e-01,4.466100063518550489e-01,5.153997396733993597e-01,5.328992945613075793e-01,5.009201058323065059e-01
7.601607601729898356e-01,-4.156120612816248394e-02,2.925994293615923891e-01,4.466097964884881422e-01,5.154003220332930013e-01,5.328982777409847493e-01,5.009207754816936697e-01
7.601608423303481965e-01,-4.156140965999109704e-02,2.925995843155116960e-01,4.466102439179281958e-01,5.153999111748095441e-01,5.328984795524608353e-01,5.009205846032307452e-01
7.601607497785917156e-01,-4.156061197282291675e-02,2.925991587720946363e-01,4.466098845447840082e-01,5.153997478332278392e-01,5.328990421131232225e-01,5.009204746017632548e-01
7.601607038310547182e-01,-4.156059187801123406e-02,2.925991953517311783e-01,4.466099135038573698e-01,5.153999452967439332e-01,5.328989699325463736e-01,5.009203223997019672e-01
7.601606877426230202e-01,-4.156047625971751730e-02,2.925992464038683627e-01,4.466099382633942350e-01,5.153996993502872881e-01,5.328988691261855593e-01,5.009206606220522051e-01
7.601605636961492607e-01,-4.156083241161314529e-02,2.925987884479276935e-01,4.466098447620464040e-01,5.154003342191653125e-01,5.328988419276716737e-01,5.009201197002773887e-01
7.601608084380582220e-01,-4.156042229913818609e-02,2.925994882825653232e-01,4.466093043486900616e-01,5.154003017272029696e-01,5.328981904688240290e-01,5.009213279984594536e-01
7.601605271601056257e-01,-4.156161486377626946e-02,2.925991493122307441e-01,4.466102358070512812e-01,5.154009516076114572e-01,5.328978090569553849e-01,5.009202346248705640e-01
7.601604446749326005e-01,-4.156142476044320799e-02,2.925986475593995717e-01,4.466092791728346056e-01,5.154014230903105620e-01,5.328980804153127249e-01,5.009203137454883992e-01
7.601603242220268397e-01,-4.156181139633548238e-02,2.925987794244272466e-01,4.466100279091902991e-01,5.154006728169138185e-01,5.328985141429858352e-01,5.009199567346293014e-01
7.601606032631123000e-01,-4.156263217744531058e-02,2.925993236297334543e-01,4.466103136115655570e-01,5.154010109826686614e-01,5.328975899977730357e-01,5.009203372078114835e-01
7.601603942884002096e-01,-4.156202832162978617e-02,2.925988035501759232e-01,4.466101300052506273e-01,5.154006396524338784e-01,5.328985734412046149e-01,5.009198367472424973e-01
7.601603042636494445e-01,-4.156141702088156364e-02,2.925985181060050677e-01,4.466099084881316461e-01,5.154004649200945032e-01,5.328989079855570576e-01,5.009198581291960384e-01
