3.409765636721348971e-04
3.409765636721348971e-04
3.409765636721348971e-04
3.409765636721348971e-04
3.409765636721348971e-04
3.409765636721348971e-04
3.409765636721348971e-04
3.409765636721348971e-04
3.409765636721348971e-04
3.409765636721348971e-04
3.409765636721348971e-04
3.409765636721348971e-04
3.409765636721348971e-04
3.409765636721348971e-04
3.409765636721348971e-04
3.409765636721348971e-04
3.409765636721348971e-04
3.409765636721348971e-04
3.409765636721348971e-04
3.409765636721348971e-04
3.409765636721348971e-04
3.409765636721348971e-04
3.409765636721348971e-04
3.409765636721348971e-04
3.409765636721348971e-04
3.409765636721348971e-04
3.409765636721348971e-04
3.409765636721348971e-04
3.409765636721348971e-04
3.409765636721348971e-04
3.409765636721348971e-04
3.409765636721348971e-04
3.409765636721348971e-04
3.409765636721348971e-04
3.409765636721348971e-04
3.409765636721348971e-04
3.409765636721348971e-04
3.409765636721348971e-04
3.409765636721348971e-04
3.409765636721348971e-04
3.409765636721348971e-04
3.409765636721348971e-04
3.409765636721348971e-04
3.409765636721348971e-04
3.409765636721348971e-04
3.409765636721348971e-04
3.409765636721348971e-04
3.409765636721348971e-04
3.409765636721348971e-04
3.409765636721348971e-04
3.409765636721348971e-04
3.409765636721348971e-04
3.409765636721348971e-04
3.409765636721348971e-04
3.409765636721348971e-04
3.409765636721348971e-04
3.409765636721348971e-04
3.409765636721348971e-04
3.409765636721348971e-04
3.409765636721348971e-04
3.409765636721348971e-04
3.409765636721348971e-04
3.409765636721348971e-04
3.409765636721348971e-04
3.409765636721348971e-04
3.409765636721348971e-04
3.409765636721348971e-04
3.409765636721348971e-04
3.409765636721348971e-04
3.409765636721348971e-04
3.409765636721348971e-04
3.409765636721348971e-04
3.409765636721348971e-04
3.409765636721348971e-04
3.409765636721348971e-04
3.409765636721348971e-04
3.409765636721348971e-04
3.409765636721348971e-04
3.409765636721348971e-04
3.409765636721348971e-04
3.409765636721348971e-04
3.409765636721348971e-04
3.409765636721348971e-04
3.409765636721348971e-04
3.409765636721348971e-04
3.409765636721348971e-04
3.409765636721348971e-04
3.409765636721348971e-04
3.409765636721348971e-04
3.409765636721348971e-04
3.409765636721348971e-04
3.409765636721348971e-04
3.409765636721348971e-04
3.409765636721348971e-04
3.409765636721348971e-04
3.409765636721348971e-04
3.409765636721348971e-04
3.409765636721348971e-04
3.409765636721348971e-04
3.409765636721348971e-04
3.409765636721348971e-04
3.409765636721348971e-04
3.409765636721348971e-04
3.409765636721348971e-04
3.409765636721348971e-04
3.409765636721348971e-04
3.409765636721348971e-04
3.409765636721348971e-04
3.409765636721348971e-04
3.409765636721348971e-04
3.409765636721348971e-04
3.409765636721348971e-04
3.409765636721348971e-04
3.409765636721348971e-04
3.409765636721348971e-04
3.409765636721348971e-04
3.409765636721348971e-04
3.409765636721348971e-04
3.409765636721348971e-04
3.409765636721348971e-04
3.409765636721348971e-04
3.409765636721348971e-04
3.409765636721348971e-04
3.409765636721348971e-04
3.409765636721348971e-04
3.409765636721348971e-04
3.409765636721348971e-04
3.409765636721348971e-04
3.409765636721348971e-04
3.409765636721348971e-04
3.409765636721348971e-04
3.409765636721348971e-04
3.409765636721348971e-04
3.409765636721348971e-04
3.409765636721348971e-04
3.409765636721348971e-04
3.409765636721348971e-04
3.409765636721348971e-04
3.409765636721348971e-04
3.409765636721348971e-04
3.409765636721348971e-04
3.409765636721348971e-04
3.409765636721348971e-04
3.409765636721348971e-04
3.409765636721348971e-04
3.409765636721348971e-04
3.409765636721348971e-04
3.409765636721348971e-04
3.409765636721348971e-04
3.409765636721348971e-04
3.409765636721348971e-04
3.409765636721348971e-04
3.409765636721348971e-04
3.409765636721348971e-04
3.409765636721348971e-04
3.409765636721348971e-04
3.409765636721348971e-04
3.409765636721348971e-04
3.409765636721348971e-04
3.409765636721348971e-04
3.409765636721348971e-04
3.409765636721348971e-04
3.409765636721348971e-04
3.409765636721348971e-04
3.409765636721348971e-04
3.409765636721348971e-04
3.409765636721348971e-04
3.409765636721348971e-04
3.409765636721348971e-04
3.409765636721348971e-04
3.409765636721348971e-04
3.409765636721348971e-04
3.409765636721348971e-04
3.409765636721348971e-04
3.409765636721348971e-04
3.409765636721348971e-04
3.409765636721348971e-04
3.409765636721348971e-04
3.409765636721348971e-04
3.409765636721348971e-04
3.409765636721348971e-04
3.409765636721348971e-04
3.409765636721348971e-04
3.409765636721348971e-04
3.409765636721348971e-04
3.409765636721348971e-04
3.409765636721348971e-04
3.409765636721348971e-04
3.409765636721348971e-04
3.409765636721348971e-04
3.409765636721348971e-04
3.409765636721348971e-04
3.409765636721348971e-04
3.409765636721348971e-04
3.409765636721348971e-04
3.409765636721348971e-04
3.409765636721348971e-04
3.409765636721348971e-04
3.409765636721348971e-04
3.409765636721348971e-04
1.626218490303133184e-03
1.626218490303133184e-03
1.849559892304286201e-03
1.849559892304286201e-03
1.849559892304286201e-03
1.849559892304286201e-03
1.849559892304286201e-03
1.849559892304286201e-03
1.849559892304286201e-03
1.849559892304286201e-03
1.849559892304286201e-03
1.849559892304286201e-03
1.849559892304286201e-03
1.849559892304286201e-03
1.849559892304286201e-03
1.849559892304286201e-03
1.849559892304286201e-03
1.849559892304286201e-03
1.849559892304286201e-03
1.849559892304286201e-03
1.849559892304286201e-03
1.849559892304286201e-03
1.849559892304286201e-03
1.849559892304286201e-03
1.849559892304286201e-03
1.849559892304286201e-03
1.849559892304286201e-03
1.849559892304286201e-03
1.849559892304286201e-03
1.849559892304286201e-03
1.849559892304286201e-03
1.849559892304286201e-03
1.849559892304286201e-03
1.849559892304286201e-03
1.849559892304286201e-03
1.849559892304286201e-03
1.849559892304286201e-03
1.849559892304286201e-03
1.849559892304286201e-03
1.849559892304286201e-03
1.849559892304286201e-03
1.849559892304286201e-03
1.849559892304286201e-03
1.849559892304286201e-03
1.849559892304286201e-03
1.666245398079838850e-03
1.664986442592264948e-03
1.658980111826285214e-03
1.654680231294818754e-03
1.649970629468948055e-03
1.648918124578385887e-03
1.646583506462472729e-03
1.644465088045590035e-03
1.641758520460210842e-03
1.638841681680043398e-03
1.639037614582413913e-03
1.634584363258189711e-03
1.635137851025729753e-03
1.634263626585849777e-03
1.630576831499774750e-03
1.630227325623058617e-03
1.632096265482458480e-03
1.628341731441125279e-03
1.627686118266525196e-03
1.628191925045740064e-03
1.627669112948697044e-03
1.627433675341120878e-03
1.625996108748168885e-03
1.626943387048965847e-03
1.626316992903689435e-03
1.625317758301147823e-03
1.626500628827635053e-03
1.625240510930866427e-03
1.627231334840322386e-03
1.625094841820179641e-03
1.625364107176157074e-03
1.626724823627143449e-03
1.626161897612385127e-03
1.625492367188716581e-03
1.625424173868243033e-03
1.626066149121008523e-03
1.624929840950278381e-03
1.625209993959191718e-03
1.624600426190270491e-03
1.628084907618945190e-03
1.624257774655489973e-03
1.623782292841774314e-03
1.622855560095510640e-03
1.621744304609564402e-03
1.623646490052192909e-03
1.622646167880073282e-03
1.624144379410812555e-03
1.626894613025591700e-03
1.624673390125713508e-03
1.626879364704763914e-03
1.625832313773175643e-03
1.625743862000950894e-03
1.624411470170274759e-03
1.623039286159712411e-03
1.624230165670214688e-03
1.623850366008620580e-03
1.624227368647283062e-03
1.623503929828322076e-03
1.623854068843968816e-03
1.623111056528189246e-03
1.625837770935803679e-03
1.623687577652982265e-03
1.623333548182565337e-03
1.624260541319567496e-03
1.623163255636058278e-03
1.623724077296754935e-03
1.623326358070564758e-03
1.623658502367258082e-03
1.623746348090992359e-03
1.623033370692466811e-03
1.625243113219753842e-03
1.625239423411190985e-03
1.624619841335595699e-03
1.625157569595569833e-03
1.625103968005037376e-03
1.623882958790701667e-03
1.624373998314985286e-03
1.624767325055525950e-03
1.623482715950809582e-03
1.624889802555106377e-03
1.625150116239544367e-03
1.625111639485296361e-03
1.626975429265104271e-03
1.627199812421419815e-03
1.625974066728918914e-03
1.628291535964321562e-03
1.624836623788448141e-03
1.626066182278154606e-03
1.626062484981308969e-03
1.628258861804261033e-03
1.625762436548185185e-03
1.627115553596160825e-03
1.628898617865181262e-03
1.629194382411789776e-03
1.627486231753514419e-03
1.627154553320381497e-03
1.626269928052704846e-03
1.627537522735484753e-03
1.625145999347771134e-03
1.624039808250180407e-03
1.627189221813566452e-03
1.623903357829968455e-03
1.628479795936922225e-03
1.627531475817898740e-03
1.626480948641948008e-03
1.626286761884022242e-03
1.627860072236982959e-03
1.624395000708165346e-03
1.627261128066107704e-03
1.627171787776003024e-03
1.624775409653586404e-03
1.624739542961750475e-03
1.627399329471951967e-03
1.626175702199325048e-03
1.625518180149734598e-03
1.627234711523991174e-03
1.625671338118373551e-03
1.624048764522104593e-03
1.625564161893187356e-03
1.625675921652026436e-03
1.625805556158619724e-03
1.625586928258773061e-03
1.623257718586311243e-03
1.624182374029284597e-03
1.624523212671498363e-03
1.625477838916436490e-03
1.624771613793953929e-03
1.624368441191295469e-03
1.624863428892298891e-03
1.626028692327529139e-03
1.625694122788754001e-03
1.625260573501234899e-03
1.625989333402384903e-03
1.624659429407086797e-03
1.626195282868759433e-03
1.629603256307829212e-03
1.627536045898297706e-03
1.624827162938711480e-03
1.625818498322400283e-03
1.624053959131414784e-03
1.625588883554727072e-03
1.628187391308873883e-03
1.624615560318674098e-03
1.627088852134683404e-03
1.626312949939648410e-03
1.626419679117213678e-03
1.625022546508591908e-03
1.625176831108289923e-03
1.626927559514583770e-03
1.625101806760004394e-03
1.625275786742951846e-03
1.627002430044736155e-03
1.626924389264311835e-03
1.627868536114975310e-03
1.626173732910261632e-03
1.627667600221369094e-03
1.624956637495182177e-03
1.625630376940199627e-03
1.627442601598238451e-03
1.625979694870509059e-03
1.626900646342145955e-03
1.626226966109518054e-03
1.626160775197033059e-03
1.623920769975262203e-03
1.624836434354109699e-03
1.627013290029496366e-03
1.627813903108995880e-03
1.625983963844390701e-03
1.624845589092902476e-03
1.625995316862422890e-03
1.625983763754954145e-03
1.624031383310762210e-03
1.624476605469795526e-03
1.627365063313597612e-03
1.626013403243501895e-03
1.624069175703244392e-03
1.624777325570732041e-03
1.626594317706687868e-03
1.625932764643159409e-03
1.626684490907542467e-03
1.626755479565876938e-03
1.625593367753740918e-03
1.626120273653986403e-03
1.625298606395150086e-03
1.626132810888242155e-03
1.629385204589933658e-03
1.628017573108293944e-03
1.627488898780278569e-03
1.624930694308726956e-03
1.627479287168502988e-03
1.625322097605272397e-03
1.628592663287412295e-03
1.628302464721600703e-03
1.627882485709737821e-03
1.626593830860411901e-03
1.627250529570703486e-03
1.626135918570452464e-03
1.625131448506311012e-03
1.626963459008681908e-03
1.625688289594189690e-03
1.627021119267045004e-03
1.626388657151384620e-03
1.626672867440310350e-03
1.627682487531990994e-03
1.626826799349765902e-03
1.626535151713468311e-03
1.624289847686219293e-03
1.625069695273004353e-03
1.626004785894136348e-03
1.626924423928349100e-03
1.626296432804024772e-03
1.626984021752170967e-03
1.624664640445755513e-03
1.627046816737975259e-03
1.627682699619651362e-03
1.624457148901610817e-03
1.625595670679786525e-03
1.623952477851235915e-03
1.626857978108000626e-03
1.625133205265454983e-03
1.625070537626684001e-03
1.626565183986704950e-03
1.627004725945448106e-03
1.626322564446514626e-03
1.626984099982194771e-03
1.626202044504478214e-03
1.627737686352470278e-03
1.627055562089526264e-03
1.625678546156630096e-03
1.627956312731318987e-03
1.626504549961519438e-03
1.626046301063711419e-03
1.626071526750020322e-03
1.627247215348668436e-03
1.627855522528496917e-03
1.628196329863771221e-03
1.626083506974441983e-03
1.625316519805175596e-03
1.624978910995054579e-03
1.628021978490061224e-03
1.624909917844615101e-03
1.624771680398937176e-03
1.627414443874428303e-03
1.626270358597926499e-03
1.627363272578882586e-03
1.626446217377812940e-03
1.628258804368708408e-03
1.628785889524066166e-03
1.625753588752560774e-03
1.628515379456769692e-03
1.628592300263233001e-03
1.625255629186645205e-03
1.626924166177252809e-03
1.625315287266731242e-03
1.625064104452133640e-03
1.624687553086818408e-03
1.626496305282573804e-03
1.626629478144104917e-03
1.625605609865373715e-03
1.627426445021579876e-03
1.623525722692912036e-03
1.626128743334982881e-03
1.623476660480468277e-03
1.625111566604803487e-03
1.629236078067813551e-03
1.623612166419785259e-03
1.625794480985286172e-03
1.627548900448005367e-03
1.624035356862769171e-03
1.626240498037671151e-03
1.627699419070153175e-03
1.625223112378748527e-03
1.625474700697155479e-03
1.624939830201235606e-03
1.626378369958061737e-03
1.626577385260708462e-03
1.627058870063719008e-03
1.624758730502445011e-03
1.624948121692252603e-03
1.626195345055388109e-03
1.627132489861593881e-03
1.626921541909685884e-03
1.627932669270945208e-03
1.627479127718046027e-03
1.625505698365839512e-03
1.625460518400239631e-03
1.624847760863050742e-03
1.627056073188933635e-03
1.625265067788316930e-03
1.624979025787513104e-03
1.624585808246367192e-03
1.625399707236610666e-03
1.627314403153537828e-03
1.625567613436534279e-03
1.627837041866722362e-03
1.627925074093997332e-03
1.625802277793888780e-03
1.627807440373004767e-03
1.625321099755661948e-03
1.625017784053494957e-03
1.625394232104566961e-03
1.626771989077075396e-03
1.626804034731313018e-03
1.624006373561373128e-03
1.625339164212920989e-03
1.626223359827823128e-03
1.625122579946083889e-03
1.626445936436658052e-03
1.626483090647852471e-03
1.625506958775887545e-03
1.627445422520976039e-03
1.626773257919569794e-03
1.626473918607408914e-03
1.628400106647893975e-03
1.625524974267084045e-03
1.627141838836993057e-03
1.624726053637234793e-03
1.628058822747271506e-03
1.627191374989693648e-03
1.628244617409414655e-03
1.625943132499311139e-03
1.627571841481451108e-03
1.625127222963167976e-03
1.625305843519103373e-03
1.628159477264625940e-03
1.627047648444305801e-03
1.626608009745199313e-03
1.627022797288286710e-03
1.628269247721477993e-03
1.626831927381729376e-03
1.626919079534012297e-03
1.626659910357852170e-03
1.625199649859451322e-03
1.625128430913754321e-03
1.627447542899727742e-03
1.627357221023755787e-03
1.624519033489788900e-03
1.626106679029144754e-03
1.625198794589497722e-03
1.626194602402101803e-03
1.623799500845912475e-03
1.627031084729565298e-03
1.625000620463522066e-03
1.626057944994668651e-03
1.625445595713399067e-03
1.626062500053995774e-03
1.626526197699830999e-03
1.626641580266870212e-03
1.629045251205380471e-03
1.626841200090076850e-03
1.626774164418441854e-03
1.627007986788158757e-03
1.625451964581686422e-03
1.627103274850817422e-03
1.625112878405487191e-03
1.626108789357441197e-03
1.625828851672223583e-03
1.625421746758078058e-03
1.626556618960276835e-03
1.626311466603341761e-03
1.625239694561677380e-03
1.627244027592311378e-03
1.625076604803417455e-03
1.627451627708424112e-03
1.626459592425220447e-03
1.626170848000070687e-03
1.625610878777685809e-03
1.627177054509313346e-03
1.627696575910581684e-03
1.625259326598338210e-03
1.625845436720006840e-03
1.625629783541803451e-03
1.625169634309686032e-03
1.625372510239281526e-03
1.628753603930056283e-03
1.626405102616410850e-03
1.627296570333139087e-03
1.628688342076767400e-03
1.626830736177879624e-03
1.625171770109787046e-03
1.626400262750938913e-03
1.626176587349722038e-03
1.624431827492007173e-03
1.625525348188635319e-03
1.625906759200614364e-03
1.626785501938701490e-03
1.628282706563297230e-03
1.625185106958636086e-03
1.627230389841908230e-03
1.626058941560482246e-03
1.629015222796912580e-03
1.627976119183294906e-03
1.626185132504329384e-03
1.626527182326086311e-03
1.626688937708838578e-03
1.627927779679282441e-03
1.626930160896511565e-03
1.627011973310298065e-03
1.626519252786111586e-03
1.627411271004972201e-03
1.628712139728026283e-03
1.626732312661230764e-03
1.627265971741383458e-03
1.626710345788952771e-03
1.624608673289958984e-03
1.628154170572775235e-03
1.627069887063035307e-03
1.627491719520527801e-03
1.626972093103685102e-03
1.625570557262691947e-03
1.626412400764196391e-03
1.627894558416274765e-03
1.626432556894764382e-03
1.624922579478618734e-03
1.626577542049730549e-03
1.627402222010995540e-03
1.626587170132608390e-03
1.625580460542757309e-03
1.624095392990880602e-03
1.624994439891689312e-03
1.623720009920688991e-03
1.628800117800355100e-03
1.627302693961007541e-03
1.624548287032634821e-03
1.625891293074135675e-03
1.624565616729685890e-03
1.627147270837587829e-03
1.626692254922341811e-03
1.626979571366734276e-03
1.625660460879694994e-03
1.625482138879375156e-03
1.626549636877672482e-03
1.627636589632358794e-03
1.628522407508329250e-03
1.626706797161654077e-03
1.625200682133499464e-03
1.626121372797178230e-03
1.627888196753120601e-03
1.626737056829137594e-03
1.624326579905159638e-03
1.627689623200387218e-03
1.623709321496903191e-03
1.626327772899424477e-03
1.625908107028298894e-03
1.627671424448490917e-03
1.626507572544664366e-03
1.626597089379267251e-03
1.627032818896499916e-03
1.624714401897411160e-03
1.625247790387167194e-03
1.625926782701633084e-03
1.623331131242183563e-03
1.626618012153652031e-03
1.625945551878973027e-03
1.626109355826643905e-03
1.624766572467498246e-03
1.625803662693385944e-03
1.626331681275077542e-03
1.624906321857580048e-03
1.625578198359401306e-03
1.626636848173277586e-03
1.625427702064368264e-03
1.627592202281118476e-03
1.626581125231530214e-03
1.626771655339163090e-03
1.627483180262868532e-03
1.627345270860486694e-03
1.626271007195770769e-03
1.626515289621972057e-03
1.626393673554643766e-03
1.627545362286646853e-03
1.624138797680109263e-03
1.623958585323658681e-03
1.624722825735457326e-03
1.625686722022640345e-03
1.626030499462908195e-03
1.626553919418310566e-03
1.625613758992478170e-03
1.627541007369346596e-03
1.626202303116546823e-03
1.625953358629500739e-03
1.627502985524866214e-03
1.628041129061026616e-03
1.626314690334274785e-03
1.626218064525722026e-03
1.627160281765307375e-03
1.629039170835645855e-03
1.627069879926308768e-03
1.627134284387658954e-03
1.629474204660857819e-03
1.630174159061855126e-03
1.628667133118713193e-03
1.628477740812460991e-03
1.627794788834213127e-03
1.626537393922042937e-03
1.626113993757973258e-03
1.627151321495875352e-03
1.626820391472394824e-03
1.624288608039894033e-03
1.624782111942249269e-03
1.624077269714756418e-03
1.623864750163188332e-03
1.625273924386503969e-03
1.626096823444761648e-03
1.626352978374804529e-03
1.624844117140227927e-03
1.623574513328669526e-03
1.624842376796437407e-03
1.624291111524026054e-03
1.624785331170616872e-03
1.625659283093220959e-03
1.626561485942637801e-03
1.627558043753395958e-03
1.626029781173546828e-03
1.626925007199489254e-03
1.630115468563765168e-03
1.627349275780992600e-03
1.625147639279878996e-03
1.625407298459789155e-03
1.626683563917188631e-03
1.627032577309076890e-03
1.631783905518862949e-03
1.630920913231044067e-03
1.641519364155741723e-03
1.676969278066712827e-03
1.757993540389948296e-03
1.822077377991020933e-03
1.820031242209234172e-03
1.792120563850247436e-03
1.737902618522083747e-03
1.672387098250191842e-03
1.633769650963532404e-03
1.590122795040667652e-03
1.560538911789897476e-03
1.563386437462618373e-03
1.579993951880156533e-03
1.610983067496539250e-03
1.639995324194732903e-03
1.668927179021128604e-03
1.694358458899932352e-03
1.714379655278363938e-03
1.716741282918924109e-03
1.697232954094490603e-03
1.651437054392195349e-03
1.601304135396289675e-03
1.554069676249516174e-03
1.519016825383584816e-03
1.495115469499378380e-03
1.489284704803794978e-03
1.514234307208394727e-03
1.542437261721566963e-03
1.567441532725524648e-03
1.588315397889403366e-03
1.612489485827546531e-03
1.611132275757114988e-03
1.596936948329450746e-03
1.576893225704853246e-03
1.531887005231691605e-03
1.476264879863061884e-03
1.453690267183863679e-03
1.448212738766483038e-03
1.442401513050322985e-03
1.430533979357970047e-03
1.411236572337440419e-03
1.405525133533927105e-03
1.413929798915490805e-03
1.426370261606244852e-03
1.449155055678660398e-03
1.457436286618335507e-03
1.463436600366076982e-03
1.490476216867842605e-03
1.489065426523099095e-03
1.479314228543431595e-03
1.487768726514758716e-03
1.507972623225885831e-03
1.521909469567682156e-03
1.518513799879945029e-03
1.528370819102989895e-03
1.534848882649439113e-03
1.514176059797133281e-03
1.500389322544604933e-03
1.496844487281065320e-03
1.491629435205216875e-03
1.490395814933041232e-03
1.516445951610490440e-03
1.538124722301965723e-03
1.547808992055489750e-03
1.576083020783424502e-03
1.613658554718143184e-03
1.646484225406320053e-03
1.680216520724975944e-03
1.720380650760101058e-03
1.749911239596408947e-03
1.759636870500822436e-03
1.750239354893347353e-03
1.737872357693179444e-03
1.722529424589375581e-03
1.704006648944716637e-03
1.681732933315784268e-03
1.666225891809793025e-03
1.666681377436952938e-03
1.680422696941908040e-03
1.698962780602228297e-03
1.723871724258533222e-03
1.752858425158534831e-03
1.776762621104505807e-03
1.788170702566856422e-03
1.787548115204480202e-03
1.775957939468011514e-03
1.768257710691696540e-03
1.763148945635658075e-03
1.754849469232859331e-03
1.746930810635711605e-03
1.738743345378416247e-03
1.730134126352957536e-03
1.719516478143662827e-03
1.721029036411558452e-03
1.730781613929429242e-03
1.728889820192467059e-03
1.718404786772109033e-03
1.708876313406149355e-03
1.704902882292925895e-03
1.709619880692668428e-03
1.714444951778557307e-03
1.718823978315982444e-03
1.720386573240094245e-03
1.718347617502449191e-03
1.713151061030940064e-03
1.701243468903762676e-03
1.694225847084161437e-03
1.682179784673382269e-03
1.660005997840914051e-03
1.642058336415271134e-03
1.638902341749488758e-03
1.650678198434276864e-03
1.661461531109116466e-03
1.654094699188161412e-03
1.662031973476268574e-03
1.667728430915281805e-03
1.664496215536652446e-03
1.662066206145303756e-03
1.656739570649465353e-03
1.648186312612586043e-03
1.643823571324633855e-03
1.649757582099093496e-03
1.659389604250005546e-03
1.664639765883866186e-03
1.654128841081216328e-03
1.650290226807110856e-03
1.648165723213858205e-03
1.641031099207930326e-03
1.627069622779332096e-03
1.615929652551900426e-03
1.613694405045722376e-03
1.615605230233685408e-03
1.618376598799263358e-03
1.605557123107123531e-03
1.594600498284133626e-03
1.601363075229016121e-03
1.601106173132622098e-03
1.582791790777505819e-03
1.577105839038052230e-03
1.566641931980074839e-03
1.541065031402361497e-03
1.548847322564435997e-03
1.541958494507114467e-03
1.551433300987323455e-03
1.549077483784904114e-03
1.576863479734705916e-03
1.589837234157622957e-03
1.616628492775547959e-03
1.619761899934451990e-03
1.620254227645543266e-03
1.610490427736302119e-03
1.596858871987572037e-03
1.592865755238343818e-03
1.588980460648712137e-03
1.587944966700819858e-03
1.593516925405545279e-03
1.596744329208758112e-03
1.586949252863506868e-03
1.604262538275889752e-03
1.593019890080921500e-03
1.607788547398164526e-03
1.675993139078972918e-03
1.652503165989676042e-03
1.718728705729433755e-03
1.811034970110457455e-03
1.785790621661900333e-03
1.702538087475681181e-03
1.705315312042012020e-03
1.684836482382824976e-03
1.626645102507383572e-03
1.387815982395875728e-03
1.265267939049528933e-03
1.296707126650107744e-03
1.381156980338799209e-03
1.521966344338320691e-03
1.826370240356537311e-03
1.992487116079731582e-03
2.136210510241205555e-03
2.208000892601544220e-03
2.107061400887107715e-03
1.820430481818117790e-03
1.430655840551352124e-03
1.235803136908370653e-03
1.176458820220936110e-03
1.173904032598871439e-03
1.353199805599374127e-03
1.705847435245990643e-03
1.961685449829681221e-03
2.222219635638770022e-03
2.239133891994272638e-03
2.072377393794420063e-03
1.901206900649449671e-03
1.754565197294898982e-03
1.647459939769745953e-03
1.639407599406494552e-03
1.687234538600040565e-03
1.731525060711607651e-03
1.777602444746036962e-03
1.821669550365546042e-03
1.884196809517946474e-03
1.966804106540835997e-03
1.995176329608076057e-03
2.000110561769445454e-03
1.974104843405025903e-03
1.920210836965207746e-03
1.839789403603187858e-03
1.768461911910263265e-03
1.716751762610820497e-03
1.705178295064796500e-03
1.700663365192870563e-03
1.709525814062405743e-03
1.730870366883279637e-03
1.754487629530860487e-03
1.799977051754393653e-03
1.812165103366498000e-03
1.789169336725102621e-03
1.760123117639528266e-03
1.742118840326064124e-03
1.724809017365489796e-03
1.724563473768316816e-03
1.735621296315057469e-03
1.739158749508931028e-03
1.750302623451090688e-03
1.756757910843036478e-03
1.731390769713821078e-03
1.696368960464145897e-03
1.668457155664334213e-03
1.652320376905998256e-03
1.653332513885553230e-03
1.657886882661284899e-03
1.658537464649214145e-03
1.658607115115188742e-03
1.658655032568915211e-03
1.663050848817832113e-03
1.680009212141589121e-03
1.686305983272294888e-03
1.678809450832420948e-03
1.678982440929600861e-03
1.696903175518668866e-03
1.698634362355158764e-03
1.700371408963624468e-03
1.710253659374561799e-03
1.702324360052675893e-03
1.678800776998602218e-03
1.671631738006658634e-03
1.667433924423435436e-03
1.670593805620352278e-03
1.684968623637716567e-03
1.670580950419764009e-03
1.677531284244243278e-03
1.676145453939050824e-03
1.642764402114036413e-03
1.607438435238498116e-03
1.522048069435456320e-03
1.571423134409774937e-03
1.509180894548767466e-03
1.624198216744998126e-03
1.791909896265695941e-03
1.810421696616438571e-03
1.746057450011384137e-03
1.646905343119430161e-03
1.518127046959423087e-03
1.382270218223474994e-03
1.349555275884888180e-03
1.410001843139787074e-03
1.492471277284211422e-03
1.599724427903132700e-03
1.714658047565601612e-03
1.876493576890572116e-03
1.981664995108742104e-03
2.013614389639893643e-03
1.960558378112151664e-03
1.933834221710066265e-03
1.858692475965097310e-03
1.770363638034372139e-03
1.762614490602205149e-03
1.876352773954080913e-03
1.992928826853935728e-03
2.096614223524251308e-03
2.151239832427289961e-03
2.106955441077124676e-03
1.976497929669833540e-03
1.829711770430903677e-03
1.755479429175004239e-03
1.735494570441923267e-03
1.733498349438902927e-03
1.755735201311781502e-03
1.780673554050002036e-03
1.770365936689192229e-03
1.700937551816361073e-03
1.576358168817384693e-03
1.473981106833033598e-03
1.404046123471897793e-03
1.343797460271017354e-03
1.335367636224241540e-03
1.461278774294669063e-03
1.655248780815725016e-03
1.851599548622539105e-03
1.929932531171492296e-03
1.920310294274226240e-03
1.879580493209110975e-03
1.767225652645836335e-03
1.689771102726160762e-03
1.766559256360367624e-03
1.896988526643457419e-03
1.950592680618982956e-03
1.900363467837701704e-03
1.865166033922069496e-03
1.842459838871741886e-03
1.872356482982933529e-03
1.980906112686204278e-03
2.122659611095842596e-03
2.211831638594371867e-03
2.184693333607789101e-03
2.079567050011878367e-03
2.005437310998036023e-03
2.009351464145288976e-03
2.113725595305307979e-03
2.155094666180779137e-03
2.158616728472572549e-03
2.085376540565281669e-03
1.998692801437196385e-03
1.950208685803506798e-03
1.963963849972147780e-03
2.046944749337826792e-03
2.154157083822823976e-03
2.200057219552782259e-03
2.145452918733327212e-03
2.042625421485363708e-03
1.944454039837750911e-03
1.871386230127977494e-03
1.839432863981380149e-03
1.819009341410281026e-03
1.900901237215742254e-03
2.018199839751386518e-03
2.083891142344002079e-03
2.126688227451093392e-03
2.063068318780040492e-03
1.935766730269951937e-03
1.850195042971193235e-03
1.893968812756603552e-03
2.013416339883098306e-03
2.117608082177752007e-03
2.119851535940711369e-03
2.014738930712261459e-03
1.878549745057122742e-03
1.737786764306144694e-03
1.580195087354830134e-03
1.537737362189587958e-03
1.557743177356948894e-03
1.704856435111128587e-03
1.855889971216064709e-03
1.983612742603438860e-03
1.965555048886240448e-03
1.833975555275824077e-03
1.622423116743068562e-03
1.524466911019532744e-03
1.524502923399595131e-03
1.577835396744282047e-03
1.635398972209759676e-03
1.688287630685055517e-03
1.728163993712883038e-03
1.738730356365859962e-03
1.712866401386968973e-03
1.669096577134382073e-03
1.679266771675357083e-03
1.638616210954825948e-03
1.643817101124599687e-03
1.677000753623345258e-03
1.794868385001004629e-03
1.946321736753843035e-03
1.995628864089603414e-03
1.921997050547241031e-03
1.683684140730665364e-03
1.420344719277220067e-03
1.257735457848837678e-03
1.223666558638241341e-03
1.319833657233785915e-03
1.486061517002695755e-03
1.653257337457089389e-03
1.751657871455828720e-03
1.792776559258962539e-03
1.799637332340610092e-03
1.756691056511854769e-03
1.668709134966744152e-03
1.729849575908680437e-03
1.833314330535718972e-03
1.965824265290848447e-03
2.012333414257284556e-03
1.938444985252915599e-03
1.804746571687470885e-03
1.670650016317194210e-03
1.656235390409989752e-03
1.712153263811816255e-03
1.777228876068754704e-03
1.849894668531148990e-03
1.920102572123747169e-03
1.893941861084683922e-03
1.820299267958275409e-03
1.754917480206192020e-03
1.706997509622488118e-03
1.691426435449801648e-03
1.701171361889621588e-03
1.698453188188731033e-03
1.684203962588722708e-03
1.754018760207108184e-03
1.853868046513768584e-03
1.900485260435259231e-03
1.886331499151351751e-03
1.744938652846368459e-03
1.499076551517175039e-03
1.347734178757369538e-03
1.378447363378575152e-03
1.578070898691873950e-03
1.846672347375654223e-03
2.086870400069295618e-03
2.153997104939275094e-03
2.007067485803669827e-03
1.719426873244726340e-03
1.468570137457927190e-03
1.369287288174172090e-03
1.399305549406889984e-03
1.493380289282682108e-03
1.766825092839426981e-03
2.001979557176722813e-03
2.102251409027339202e-03
2.038837261027412733e-03
1.773320426995871274e-03
1.491428180780664898e-03
1.332555572587554651e-03
1.300530465475840209e-03
1.489380373995241027e-03
1.827104163127195313e-03
2.121510418981706596e-03
2.245497295884311354e-03
2.058054035122318381e-03
1.731959819410572527e-03
1.433036687775103308e-03
1.322650276617868669e-03
1.322588425939511068e-03
1.459784802405200222e-03
1.620864974528724500e-03
1.780847620027276815e-03
1.921953522346771638e-03
2.042498303529248840e-03
2.074064082214175601e-03
2.061285713685506032e-03
1.986186709007233594e-03
1.897551062390065262e-03
1.768161750954147906e-03
1.689390534465484272e-03
1.616179458693869052e-03
1.578791174532956842e-03
1.566261085945941552e-03
1.586970188444598081e-03
1.620527338364919712e-03
1.688961123695803708e-03
1.748844539116373338e-03
1.804746628669209657e-03
1.807410400044222104e-03
1.785500940863887862e-03
1.755633232220317344e-03
1.705059504703258658e-03
1.675007166515229831e-03
1.528610279770563612e-03
1.510444884467044202e-03
1.594681454964327633e-03
1.786182801339211007e-03
1.864837481669658851e-03
1.737421938676759429e-03
1.359928675861524130e-03
1.027249477317278628e-03
1.131045555530940704e-03
1.509935129972285765e-03
1.775743949948137062e-03
1.657966121024949478e-03
1.363898463266187020e-03
1.416875505817992041e-03
2.016894213791767254e-03
2.150000621145922459e-03
1.827507618404846127e-03
1.698569704231895055e-03
1.746032787670849561e-03
2.043747582741606977e-03
2.178038857524209389e-03
2.105647710363923487e-03
2.033815198917615467e-03
2.044312344673258636e-03
1.998387207740087192e-03
1.903306147679141276e-03
1.812125041280017966e-03
1.727838696535418522e-03
1.610902363307716804e-03
1.519549834308623519e-03
1.474670640644924671e-03
1.437773031561452065e-03
1.391544459714166891e-03
1.354294946107298002e-03
1.350877805427170382e-03
1.386238837500826642e-03
1.459985036286245942e-03
1.540514714988466208e-03
1.603660899294931949e-03
1.653482488919098738e-03
1.679059649933798944e-03
1.681787138170274176e-03
1.672121198956255054e-03
1.653448877694456681e-03
1.639729393916712543e-03
1.628643648304361948e-03
1.625008362453748707e-03
1.642334528877510864e-03
1.672015795044909034e-03
1.710830029709549914e-03
1.742488252026410528e-03
1.762612858795790981e-03
1.743330999889340779e-03
1.706061398793903968e-03
1.678083498860694425e-03
1.667105477130589701e-03
1.654534370809709149e-03
1.641850675124283988e-03
1.633083021771825245e-03
1.626648325427295641e-03
1.619904900585916090e-03
1.613120457176964477e-03
1.612290223082967627e-03
1.627677317709699378e-03
1.648886730237554251e-03
1.670029005520604548e-03
1.675636081377860926e-03
1.673923665268935114e-03
1.671429224788012740e-03
1.666388747402817571e-03
1.663755419365225106e-03
1.663075718842025805e-03
1.658324095554687292e-03
1.660271135692434124e-03
1.671967951595426704e-03
1.708433693367592161e-03
1.744381760130357456e-03
1.750831506995069410e-03
1.746135446007407010e-03
1.742630553351435206e-03
1.752673802834070222e-03
1.775559053060512486e-03
1.801049414443869727e-03
1.810180529861965494e-03
1.807847529374478944e-03
1.799211960613052424e-03
1.793867316585321531e-03
1.814783544922971698e-03
1.788169409647278382e-03
1.770489992899353755e-03
1.785786727908550853e-03
1.792831583550092735e-03
1.808015621500919795e-03
1.796415584419998063e-03
1.772910935448608269e-03
1.772967667441136940e-03
1.738611584598782510e-03
1.738332574314382711e-03
1.703465360566462899e-03
1.590598985046236561e-03
1.390979134404347331e-03
1.217414929082672338e-03
1.202813154349756776e-03
1.334446678399012079e-03
1.506678558471086877e-03
1.628675563036279927e-03
1.718244776156995076e-03
1.704809797949779875e-03
1.652604423442312473e-03
1.598345281851322160e-03
1.583168396044219153e-03
1.653345722373944591e-03
1.699651944635438604e-03
1.729141279441543267e-03
1.661841805081468778e-03
1.549602697870070727e-03
1.446775143660663848e-03
1.449155406161907423e-03
1.481768071360990745e-03
1.586874720307132570e-03
1.750342913446326825e-03
1.950705608797070108e-03
1.996050877586105429e-03
1.861598036192501368e-03
1.623299209686687424e-03
1.688784547001981502e-03
1.926732416920176128e-03
1.716299239492123955e-03
1.372592335259761312e-03
1.124635004079291506e-03
1.130716433228199334e-03
1.330473822633493428e-03
1.568664092897366878e-03
1.782033968494948226e-03
1.857238082817728791e-03
1.855748447116683901e-03
1.782348400627365272e-03
1.704343060153088113e-03
1.661715146815961755e-03
1.639247024162732071e-03
1.689261154325307802e-03
1.753908949957019067e-03
1.687671792156084831e-03
1.622239287469006861e-03
1.545387917513312134e-03
1.453284639657563245e-03
1.455116942529779706e-03
1.577105909611772492e-03
1.736881468192015988e-03
1.777190638390208207e-03
1.713267596620394236e-03
1.614004175128839211e-03
1.585786091810020794e-03
1.599202814015415058e-03
1.693254870405833936e-03
1.806154005375332694e-03
1.825103556746730110e-03
1.724701795477295071e-03
1.599759907863625499e-03
1.544618234482152000e-03
1.551458451515361691e-03
1.654253960266296227e-03
1.743586101734103874e-03
1.736078287501688312e-03
1.687479811374618943e-03
1.615792136689218114e-03
1.580422734641107009e-03
1.622323570281022876e-03
1.705306429407163005e-03
1.832630526235160288e-03
1.870807427312753046e-03
1.776372093542875289e-03
1.691555954459079882e-03
1.595581270887333177e-03
1.572544775743376592e-03
1.543050644080629129e-03
1.783877578565986688e-03
2.085218391348689360e-03
2.132083473757917774e-03
1.928008780386128700e-03
1.683679735700356530e-03
1.488390890433720273e-03
1.405930121091859310e-03
1.369308545270435861e-03
1.487984321001951504e-03
1.667817400687680342e-03
1.867973168944678979e-03
2.017918280861600525e-03
2.040977263211616374e-03
1.947440975036398127e-03
1.792698307710195553e-03
1.675284791822024590e-03
1.603459442244511632e-03
1.559728694276457314e-03
1.586112624405222604e-03
1.707137437423202541e-03
1.744264165502687003e-03
1.724109765752066935e-03
1.701266375316188607e-03
1.653473991115066892e-03
1.652699676622649497e-03
1.744938967310019975e-03
1.877253860614543340e-03
1.941437859129869310e-03
1.881192638647239106e-03
1.771261568769616143e-03
1.625597654694729312e-03
1.560188538664458637e-03
1.593251697349473261e-03
1.704462924607886903e-03
1.957107148884165010e-03
2.124715116230713532e-03
2.211802652371782155e-03
2.109954099911420106e-03
1.916710405211710828e-03
1.568863864919731524e-03
1.344446396935478202e-03
1.381338517718608185e-03
1.549252286740656487e-03
1.710818966968973009e-03
1.769279739227862204e-03
1.661209851174345713e-03
1.674141960137940808e-03
1.849029363020890555e-03
1.932490188976548852e-03
1.808684636967913600e-03
1.682702128948306355e-03
1.544580335851760940e-03
1.453604301052813155e-03
1.400233623222653899e-03
1.418532087711784143e-03
1.647164314577266586e-03
1.909970969154885885e-03
2.025645361027881165e-03
2.028009883184217488e-03
1.950661083566184372e-03
1.806246324608963474e-03
1.745207441119655915e-03
1.822819330731634616e-03
1.718732771960989215e-03
1.499504841106334349e-03
1.375952627359810750e-03
1.358601350579976587e-03
1.549350560411694600e-03
1.930246312556841998e-03
2.105524078228709645e-03
1.987083082218365094e-03
1.803217856749778731e-03
1.673900344408773286e-03
1.579387325129192254e-03
1.491557329646022627e-03
1.539616821863211329e-03
1.766058675380721438e-03
1.903803740964325406e-03
2.010313713270918141e-03
2.118961271004349972e-03
2.071202874163896070e-03
1.896946918388882136e-03
1.638019114196811185e-03
1.329861223681150532e-03
1.268848564128528334e-03
1.425865087084215391e-03
1.581297769449547435e-03
1.735537036138539964e-03
1.876592794154344126e-03
1.916551012009987034e-03
1.932433630848378854e-03
1.919329418979803543e-03
1.874526255997481300e-03
1.811787269138153854e-03
1.756696370405779264e-03
1.720991516974252743e-03
1.690377843205936566e-03
1.657504182720433150e-03
1.670513778907347898e-03
1.706408855915360042e-03
1.718490771900655842e-03
1.771223825695833910e-03
1.792188207405115983e-03
1.814981555258539467e-03
1.647833757390812634e-03
1.451669438711233624e-03
1.302067570313902292e-03
1.293922693550797389e-03
1.347846364439830294e-03
1.554706795490604044e-03
1.844938311713253043e-03
1.975535229065723472e-03
2.118126206643830643e-03
2.083543881963250462e-03
1.858600018081304865e-03
1.575668659040575055e-03
1.493474410334682092e-03
1.594455094251777654e-03
1.726910909514424832e-03
1.755725679490431450e-03
1.791770360835080386e-03
1.784951666938063052e-03
1.761543625208118313e-03
1.696690331718740414e-03
1.668055807930645448e-03
1.670231997056238022e-03
1.663087658503994981e-03
1.696292690340291728e-03
1.715886904684189558e-03
1.749798954067364066e-03
1.796784791041183349e-03
1.804133907314912086e-03
1.788833796170265873e-03
1.798980396676080158e-03
1.677821356831336094e-03
1.493370161600423955e-03
1.362355041202975266e-03
1.322887577267805627e-03
1.364054427959755268e-03
1.425377913167696648e-03
1.689985146859297261e-03
1.852874843640043038e-03
2.057984885112114793e-03
2.125905230311927931e-03
1.946800701808314204e-03
1.723619268163207154e-03
1.738154975554732050e-03
1.994227534352906867e-03
2.049859788793807844e-03
1.837766206453173793e-03
1.536743432160279704e-03
1.384009570521547603e-03
1.467058020888685130e-03
1.713286204882169886e-03
1.792691934797571718e-03
1.615886723437481550e-03
1.599464321749966608e-03
1.705687067809392218e-03
1.798170702317886333e-03
1.780072490621576516e-03
1.706586950567077045e-03
1.802768230125122032e-03
1.897105376512681334e-03
1.926457474028199848e-03
1.758502658735941557e-03
1.457984697388638867e-03
1.407978007285464166e-03
1.595839484319393339e-03
1.769974562535120595e-03
1.889522110956834899e-03
1.932244435780731007e-03
1.938435604827565056e-03
1.867721270583997620e-03
1.824114481202822975e-03
1.790746644718379556e-03
1.741118262346770659e-03
1.763454043022214283e-03
1.775901756074092742e-03
1.768157209661020334e-03
1.742703245128563458e-03
1.692147602149071239e-03
1.651663974428991969e-03
1.637091816742941965e-03
1.640503083545846860e-03
1.680866507628570299e-03
1.736272389429904415e-03
1.808722863996107535e-03
1.871942044288192608e-03
1.908272899525365789e-03
1.900618274511247903e-03
1.815330638062024422e-03
1.741345698729699363e-03
1.679983963829233132e-03
1.628879135068454862e-03
1.628859861867308504e-03
1.663503887408911749e-03
1.709620747159318593e-03
1.805036893299016235e-03
1.875672714640443280e-03
1.871146273084977989e-03
1.804512969213182671e-03
1.768091697365629066e-03
1.725712231580095934e-03
1.673765675038714614e-03
1.662580345283716423e-03
1.673949675652198783e-03
1.726219202153706292e-03
1.746206665155743782e-03
1.786746261921737635e-03
1.800788611157960609e-03
1.791014398457439847e-03
1.711544912614228284e-03
1.656826487319318928e-03
1.618567207447718301e-03
1.610775435237686874e-03
1.604909059310600551e-03
1.642584105771932763e-03
1.717511267726923871e-03
1.754655548100356698e-03
1.806331918557780832e-03
1.818566924833671860e-03
1.820577671086089349e-03
1.817882379435332811e-03
1.769976103773636964e-03
1.735506324979076576e-03
1.725583209789112666e-03
1.700246028420873820e-03
1.732976000014961777e-03
1.775115789468848003e-03
1.858420181911025690e-03
1.898499684717574847e-03
1.892359890103135220e-03
1.846996514803797085e-03
1.798929435594978817e-03
1.762189733307759293e-03
1.739325154265306808e-03
1.735462468469028225e-03
1.738864969192378601e-03
1.750063497850665476e-03
1.755830212640509692e-03
1.755881035647416811e-03
1.758169711778891434e-03
1.761324164787516624e-03
1.773802599702395486e-03
1.789402146605612032e-03
1.812591181904815328e-03
1.837039639455471159e-03
1.862163757556197690e-03
1.893611451577120004e-03
1.909893271032675217e-03
1.924864406506957525e-03
1.931314909378670404e-03
1.907900637307396660e-03
1.870499258207246676e-03
1.840742815878641152e-03
1.809201743217818967e-03
1.786163483431712964e-03
1.777122080261724036e-03
1.740154405317058395e-03
1.740133248489538886e-03
1.768434830714741288e-03
1.804000642696183213e-03
1.813185399739152296e-03
1.807322164181157263e-03
1.812049923367413818e-03
1.819935839883089247e-03
1.752923291582945487e-03
1.803926858506400702e-03
1.756685807611373627e-03
1.718531965597104583e-03
1.816535628320784922e-03
1.859503220835705389e-03
1.841050841210748737e-03
1.805943658451912093e-03
1.836071458459829012e-03
1.918672566746792681e-03
1.921678091955195426e-03
1.799345289837487932e-03
1.731824911178258793e-03
1.740622818700594994e-03
1.775568116224054624e-03
1.797665638757569781e-03
1.744595010334500443e-03
1.644693654051427190e-03
1.648574582264262069e-03
1.708361100031840487e-03
1.794497498351473735e-03
1.817713089869753881e-03
1.731107660056992962e-03
1.670951349687644456e-03
1.683636342915583589e-03
1.764823746408238818e-03
1.768568537461659472e-03
1.710932793908525370e-03
1.705204966033747232e-03
1.715428486877002652e-03
1.739730627265721448e-03
1.754569975412395262e-03
1.719165690113177904e-03
1.693399876152641703e-03
1.691369198562947410e-03
1.681154094116889437e-03
1.706313640004950396e-03
1.705265865718957972e-03
1.701455965514050376e-03
1.645097679028209624e-03
1.576063960583377541e-03
1.551521588517718432e-03
1.522445915323578525e-03
1.512071147047024111e-03
1.511262506987865080e-03
1.548771076568589361e-03
1.532540346761959629e-03
1.573255535896178527e-03
1.588722783138209974e-03
1.640133651409555852e-03
1.633159174390809648e-03
1.647434940405722616e-03
1.653122024912988481e-03
1.642710571615878462e-03
1.614523796127147149e-03
1.583208631595281728e-03
1.573071914539253026e-03
1.537843172349421953e-03
1.547250709722900906e-03
1.554683237711336355e-03
1.572081689137391162e-03
1.620101386227876380e-03
1.673066717866165346e-03
1.770697021250169055e-03
1.802524242719610913e-03
1.758350556261103906e-03
1.696153290680712730e-03
1.620380305343819497e-03
1.560111128899698734e-03
1.543297509199855573e-03
1.550907745641421894e-03
1.599800945244060071e-03
1.583480130392535268e-03
1.622171044586414798e-03
1.683951233167501954e-03
1.728092357028370059e-03
1.776109562014970477e-03
1.779629924500234633e-03
1.766064946847589615e-03
1.716237266691947620e-03
1.669003136238231483e-03
1.617190176141196801e-03
1.570949727656542312e-03
1.599588405908428275e-03
1.620351655932999232e-03
1.646728186554258667e-03
1.640644314187396716e-03
1.644619093133679747e-03
1.660854066155063001e-03
1.692439083904464115e-03
1.775002183700644456e-03
1.832500290464454500e-03
1.848070655035738159e-03
1.808083889056137997e-03
1.744074565410068129e-03
1.699481442653145774e-03
1.649635724461049734e-03
1.643611961503763227e-03
1.648597989409097747e-03
1.658400433452750017e-03
1.656409369253310400e-03
1.639887961950916521e-03
1.692093030257601962e-03
1.762464202261923183e-03
1.883166254551408951e-03
1.920604174003914160e-03
1.934586252348528433e-03
1.876609229901293968e-03
1.814236436076667285e-03
1.762661677983540839e-03
1.721756706210495098e-03
1.727968438164010148e-03
1.718154039350451882e-03
1.698735513804830325e-03
1.662358341680823240e-03
1.702794688089846915e-03
1.782153474788661157e-03
1.859070456798556006e-03
1.938130997459258350e-03
1.958096211284555705e-03
1.955352859032781585e-03
1.939426569788620970e-03
1.920814565239527998e-03
1.879982586343884998e-03
1.819488459648617744e-03
1.748534935151204893e-03
1.696331599733091455e-03
1.702526827046475571e-03
1.754836242656927607e-03
1.818578772088432199e-03
1.869646969177720048e-03
1.900608769460202397e-03
1.920766475610091641e-03
1.948360790601413222e-03
1.972139661716729078e-03
1.966588894389347322e-03
1.999743324863181067e-03
1.993407715142484719e-03
1.975947790169668879e-03
1.902013662966566985e-03
1.842497053719967508e-03
1.848779836320691566e-03
1.856448096796125494e-03
1.910587359661662914e-03
1.944971808327458987e-03
1.944048505977500653e-03
1.950913676667065128e-03
1.899271677406168604e-03
1.897389162447569912e-03
1.929668036079052124e-03
1.969489145013709423e-03
1.994344859771002548e-03
2.031705292724452720e-03
1.998785464653486579e-03
1.921004213430134921e-03
1.838337539325681771e-03
1.814505917546080892e-03
1.856981562436424210e-03
1.904202982000224430e-03
1.929154553636574718e-03
1.943222265628526211e-03
1.939304594789117899e-03
1.955294116295800463e-03
1.977052060719972863e-03
1.998962183658610416e-03
2.069543230580566870e-03
2.098148925485550809e-03
2.077501658100486259e-03
2.054129662935430534e-03
2.018946730063229250e-03
2.002895010344121589e-03
1.969383071122011390e-03
1.970842114252657241e-03
1.977407730656456815e-03
1.978144653570887337e-03
1.999653700453746762e-03
2.019859657884252434e-03
2.046110086304851576e-03
2.019489655835201864e-03
2.042097682655395416e-03
2.074534456269581852e-03
2.127242769616165177e-03
2.095545140878674918e-03
2.077198428634534702e-03
2.003127392922284932e-03
1.909441458366664072e-03
1.824058148672850653e-03
1.814119599944777339e-03
1.836175397965562200e-03
1.885435195674397451e-03
1.919074125994077364e-03
1.969620324404649462e-03
2.040686546471109138e-03
2.129545043668799528e-03
2.157462005379909807e-03
2.177553877925127602e-03
2.140504468528220232e-03
2.076321032229011890e-03
2.010947090806651169e-03
1.909157665821270815e-03
1.861948680862104966e-03
1.911560106790253588e-03
2.048988054299892558e-03
2.162833643345966634e-03
2.192992395270872835e-03
2.165709495411776743e-03
2.159405140561829195e-03
2.162502001947827490e-03
2.125665489352420237e-03
2.150843819644152402e-03
2.242886600481727635e-03
2.350388538112073260e-03
2.362177567711020148e-03
2.328587003994408988e-03
2.233864156981848429e-03
2.142869688805616648e-03
2.148071278881659614e-03
2.214493869771931665e-03
2.375384092126760997e-03
2.449652608831446275e-03
2.435406481366487672e-03
2.353343577490000192e-03
2.274211088096219063e-03
2.310463012230087616e-03
2.378608146144010893e-03
2.443314569753733158e-03
2.453762304587383918e-03
2.418975481023311752e-03
2.373828324524344165e-03
2.389479571323073828e-03
2.475428065437002174e-03
2.609749616067379152e-03
2.606048152281230292e-03
2.549383754864799258e-03
2.412035607060028421e-03
2.330360247368959588e-03
2.322145666348308848e-03
2.469611752569459470e-03
2.552387112844724595e-03
2.590905034567161751e-03
2.546578054369124516e-03
2.501007791064885442e-03
2.511436570565847744e-03
2.601505170223184556e-03
2.652324716708720758e-03
2.651429043298268902e-03
2.604890621879436732e-03
2.511895304926528138e-03
2.458227731406527252e-03
2.534418414358349803e-03
2.669327439728507063e-03
2.767048224993491103e-03
2.760456978941901608e-03
2.689984546062414768e-03
2.600536515002964399e-03
2.490687118686845183e-03
2.475672688380167481e-03
2.590831247890573990e-03
2.750498600086218222e-03
2.836420099474502941e-03
2.845819851153655669e-03
2.781341086321142183e-03
2.666999434215417287e-03
2.636902608257475633e-03
2.649810908086076659e-03
2.738400744625283517e-03
2.813130103150186367e-03
2.794840434293651647e-03
2.727734471658532864e-03
2.624638749898056730e-03
2.559482979180113804e-03
2.515277727352369964e-03
2.590974723807750943e-03
2.679564831006436571e-03
2.752188221942216372e-03
2.761634398285389702e-03
2.712429806338371215e-03
2.626256813922161430e-03
2.510399335686975143e-03
2.405061202122504935e-03
2.350111912222432355e-03
2.431660657684679705e-03
2.554670939452107891e-03
2.666413860357951839e-03
2.708531866319053953e-03
2.688972487050368763e-03
2.627443893649032951e-03
2.557788675276488448e-03
2.482760205918920025e-03
2.472628559311213815e-03
2.548179100303936840e-03
2.720078000474582518e-03
2.888530544248828560e-03
2.947970067602425671e-03
2.917963464076784360e-03
2.830176574226372400e-03
2.771295635947089702e-03
2.714911144814990702e-03
2.737795966333017843e-03
2.832787790516408648e-03
2.950977956525497724e-03
2.984872086268413813e-03
2.941225420633406581e-03
2.869124888671359397e-03
2.770184988957302957e-03
2.741961589741346694e-03
2.797843166101550861e-03
2.838751507519913717e-03
2.911416448327419030e-03
2.969797008854607300e-03
2.939613120983081834e-03
2.864893880697834405e-03
2.780632956325376423e-03
2.737131559792833468e-03
2.810223450363581212e-03
2.912832900455478158e-03
3.010197353088089195e-03
3.017152822023807471e-03
2.971557638163819636e-03
2.891060084063602851e-03
2.809522074395309418e-03
2.750890810234647363e-03
2.749562459968017767e-03
2.871080713256411645e-03
2.971940263620733921e-03
3.055874007528364307e-03
3.039491992350467926e-03
2.977143433581282226e-03
2.895220509832111423e-03
2.813607673550610339e-03
2.745493483221997898e-03
2.677345581974235542e-03
2.690518829381669495e-03
2.729024948735473029e-03
2.787283035110035313e-03
2.921719709519419051e-03
3.000064014606410902e-03
3.015885668336901280e-03
2.959240241269314124e-03
2.901123558112270618e-03
2.833384505060843397e-03
2.815532189423567908e-03
2.837721519537111763e-03
2.914732010356052127e-03
2.992728120044669139e-03
3.103664926451330918e-03
3.134856229824138987e-03
3.122111235909448990e-03
3.060906141282825673e-03
3.012826747430226351e-03
2.921998053283703274e-03
2.869403813163417648e-03
2.874217318827827512e-03
2.951751572943805101e-03
3.055588813616116894e-03
3.196788094270410375e-03
3.236923393524359423e-03
3.229929860442203472e-03
3.148350158709609103e-03
3.034124447258717498e-03
2.923516189204961729e-03
2.902884072027600137e-03
2.929640576535932992e-03
2.968813884196836242e-03
3.034419567634502775e-03
3.096121345054085854e-03
3.183975948078976784e-03
3.210704161106134064e-03
3.183540068667255803e-03
3.151636999656863992e-03
3.069867272935265529e-03
3.017128747531335007e-03
2.953475939273487658e-03
2.916518145617559999e-03
2.883630275823329328e-03
2.948205731392466306e-03
2.956532982879935424e-03
2.985651763556643450e-03
3.065495970535738694e-03
3.173051323892772928e-03
3.244137021669083430e-03
3.277143987688003589e-03
3.214166739507120108e-03
3.127796421584506416e-03
3.031832164283154284e-03
3.000546884701060443e-03
2.959797608924282213e-03
2.935161504727298518e-03
2.912139307844864404e-03
2.907270523117994228e-03
2.953684467746590849e-03
3.044786539265641103e-03
3.116729605415255629e-03
3.174510057709552593e-03
3.178641937436313316e-03
3.171765801655045732e-03
3.123710089925062217e-03
3.140725196592930764e-03
3.209371057692612331e-03
3.241606470497349155e-03
3.219737519738074052e-03
3.140042710717676992e-03
3.161440223851642688e-03
3.189715775809812311e-03
3.153632857961403708e-03
3.106798775409558636e-03
3.101481117090434253e-03
3.121225282000211418e-03
3.059543669332383860e-03
3.069870895574293261e-03
3.038951696544743997e-03
3.074457013472941570e-03
3.106145099026938819e-03
3.157876209717170278e-03
3.214249070962742379e-03
3.177856410315956295e-03
3.145621853211872168e-03
3.082376217370385967e-03
3.045805766933108120e-03
3.060325374132461581e-03
3.087735978602202617e-03
3.111119833789833047e-03
3.104037573816958821e-03
3.132252611771232497e-03
3.217965988551524208e-03
3.218164502372298195e-03
3.201346025764430399e-03
3.202697469504648710e-03
3.209030649867372891e-03
3.145917447723045948e-03
3.165298347781156721e-03
3.180557928523215002e-03
3.122407652078813475e-03
3.148805091717158788e-03
3.164141631715043645e-03
3.110944985443231826e-03
3.084505436272106521e-03
3.053902523190697629e-03
3.079482276814707147e-03
3.087504184662955529e-03
3.038429986747044360e-03
3.077609349704761056e-03
3.077921696080108873e-03
3.062454667763214559e-03
3.096108072986199309e-03
3.069332692176546251e-03
2.998147841797309428e-03
2.961408294352108235e-03
2.963622989285669401e-03
2.966085995759340250e-03
2.927454582521262904e-03
2.986280865580690034e-03
2.970806826019990136e-03
2.968521698079967103e-03
3.012065127303962045e-03
3.025233850954938027e-03
3.024803692764102547e-03
3.070159957948279551e-03
3.137157609486678801e-03
3.193063069757985303e-03
3.141778334796185151e-03
3.090439733225355812e-03
3.051565938644355391e-03
3.043466816845704238e-03
3.048994463058079911e-03
3.039370107975383848e-03
3.046462368071360931e-03
3.031998656966362546e-03
3.015256843609087981e-03
2.946441741666512657e-03
2.889001523129333671e-03
2.872611959259658426e-03
2.829517778121227317e-03
2.819228535112557575e-03
2.790109933476598355e-03
2.709342104346404781e-03
2.729103304611844947e-03
2.762929992126030541e-03
2.821715203247342815e-03
2.809233118282477085e-03
2.757811819244437683e-03
2.753457446816021201e-03
2.772315443857696713e-03
2.784883315732858845e-03
2.796009371157512618e-03
2.805440175133734095e-03
2.836530538040558588e-03
2.843103759204406410e-03
2.819356820515113611e-03
2.823668981568967697e-03
2.859468108964373975e-03
2.879919322662196756e-03
2.889465047311888263e-03
2.859637686273907870e-03
2.785880454475156420e-03
2.813410839935613812e-03
2.858848630080422070e-03
2.831123250509884597e-03
2.802110453797158722e-03
2.763432680284893216e-03
2.723403168698302398e-03
2.751439963061364218e-03
2.803937762163741243e-03
2.800730134412016646e-03
2.838171751337037300e-03
2.840924302000241101e-03
2.822465699886518228e-03
2.842454191292066289e-03
2.821897005013832092e-03
2.812126658236143405e-03
2.732309471853803899e-03
2.758593168418183202e-03
2.829752237581529151e-03
2.868605445075736882e-03
2.879888568018918078e-03
2.909175004199023896e-03
2.913436948148686884e-03
2.879397743327391946e-03
2.825654058731615851e-03
2.787206146461612775e-03
2.763585997210227848e-03
2.740582768426127070e-03
2.686052793484681577e-03
2.707548732556276649e-03
2.757066848950465339e-03
2.881440296698329403e-03
2.935289800343234608e-03
2.947908737200540582e-03
2.913430095213222996e-03
2.875787287130684555e-03
2.824297740580709089e-03
2.797664979604203798e-03
2.755237947342719686e-03
2.772871809196874107e-03
2.806160677998703439e-03
2.810431991725691105e-03
2.813013449137023204e-03
2.758785133919529689e-03
2.737479995768196759e-03
2.753039800394352886e-03
2.843432208618342557e-03
2.936160244376636273e-03
3.010461658581105315e-03
2.985819656156565513e-03
2.932952585096489876e-03
2.863182591843741690e-03
2.793477907714816012e-03
2.715749376309310476e-03
2.647323536998003393e-03
2.630882506218343037e-03
2.695016571804461150e-03
2.850064441930996815e-03
2.948916821448776832e-03
3.001079003987838952e-03
2.961473791880397683e-03
2.817186355917099781e-03
2.696207216115909834e-03
2.587974539367775967e-03
2.566865977554627296e-03
2.664971671964161317e-03
2.786014293374524612e-03
2.910421587979591072e-03
2.970736043031447192e-03
2.962373469489904768e-03
2.889337728934291468e-03
2.833149759611211255e-03
2.734112798582971800e-03
2.712140858676119395e-03
2.734523498713666706e-03
2.876039496209035172e-03
2.947307576131346762e-03
2.950441869795578705e-03
2.840234961175343818e-03
2.731888078944213170e-03
2.697020988093125175e-03
2.758575059041086346e-03
2.854545067683568818e-03
2.857104273332326892e-03
2.789509918468054996e-03
2.713429928494306021e-03
2.667413472505725507e-03
2.717983834701054140e-03
2.827857750448686293e-03
2.891769987632144667e-03
2.850914436145355474e-03
2.735923975989735558e-03
2.670268199151676000e-03
2.721499984338023037e-03
2.889380521793520271e-03
2.937446525505589805e-03
2.898212468108620713e-03
2.806285098982680068e-03
2.697247680479929622e-03
2.741849429130398946e-03
2.861162086269850632e-03
2.875905654252192134e-03
2.857148813456486525e-03
2.800144713342928634e-03
2.773256100788258800e-03
2.857673940244045193e-03
2.940157462199054304e-03
2.917167414280877422e-03
2.853460693637300313e-03
2.751772959612072082e-03
2.683898809701551567e-03
2.826385330273435172e-03
2.924938550140824146e-03
2.934115286922619071e-03
2.867168523906518662e-03
2.736025418642020791e-03
2.645773409244982222e-03
2.753458041148567053e-03
2.847309647692203381e-03
2.873166878549276212e-03
2.868643628239226414e-03
2.865508345464391152e-03
2.848455874030909451e-03
2.971272709685554743e-03
3.081179094834699851e-03
3.017471595910973647e-03
2.905070036818025239e-03
2.792864326927142413e-03
2.718143923598203247e-03
2.807683533342710328e-03
2.954952316125974629e-03
3.025618063384089961e-03
2.979178972148589788e-03
2.899752227199130401e-03
2.801022326275792642e-03
2.829034460523706645e-03
2.914928864009534281e-03
2.972433807724549591e-03
2.937493865182831416e-03
2.891629457680812681e-03
2.805152010811453288e-03
2.870182222746624299e-03
3.030677274849865373e-03
3.099320120297568808e-03
3.105180723297174244e-03
3.005728632804621683e-03
2.867453046405597956e-03
2.812766275840548284e-03
2.914268156845194625e-03
2.988433159349391730e-03
2.960379429198067673e-03
2.874716470506314715e-03
2.825627779309640084e-03
2.850002760357633110e-03
3.034794708857454885e-03
3.128024573178053713e-03
3.045834930969703973e-03
2.859912025057672995e-03
2.737559492164912643e-03
2.730632915792702720e-03
2.894023452967746553e-03
3.004978879280697894e-03
3.010046257960047583e-03
2.893580931671184409e-03
2.776487734451078739e-03
2.721159978616760882e-03
2.772179332134230324e-03
2.850609945716118306e-03
2.829147386391072522e-03
2.797684839543720502e-03
2.738774943132380162e-03
2.746271996349673988e-03
2.815823457351480322e-03
2.974220384237764511e-03
3.079212352334228641e-03
3.045204259430409587e-03
2.953807987842304184e-03
2.796869429617886843e-03
2.690623310343746421e-03
2.676502262263474267e-03
2.789275092424642940e-03
2.889794304720010726e-03
2.852282014624655040e-03
2.813620664792940498e-03
2.765867017887810569e-03
2.692310850938619757e-03
2.715812714230660466e-03
2.850621951646109802e-03
2.959924592381615611e-03
2.985473523959414691e-03
2.920929681287303108e-03
2.804962968779269299e-03
2.711157841139243390e-03
2.665175172912993915e-03
2.713599920358044683e-03
2.824214186347545705e-03
2.887057248725176904e-03
2.862389136061303622e-03
2.796096500174102308e-03
2.700487568576642478e-03
2.664967526464809972e-03
2.658587565334657142e-03
2.699404746765221574e-03
2.751748627780102249e-03
2.866655961067875961e-03
2.989120483652237242e-03
3.047758950071315694e-03
3.052730644604386822e-03
2.972476339006282619e-03
2.844432183336897350e-03
2.785894974708694530e-03
2.716528381139327302e-03
2.679823438648701144e-03
2.690098650344236939e-03
2.705972680843547404e-03
2.668440275448732621e-03
2.708335347665462040e-03
2.756979798002712201e-03
2.744908601812788736e-03
2.745105998518506014e-03
2.688008112603115611e-03
2.659260123885127947e-03
2.672816389760031709e-03
2.694013098038670808e-03
2.631932464281476133e-03
2.680915196727972748e-03
2.882442894060499063e-03
2.920202664188647872e-03
2.839523514468999567e-03
2.789477484340294276e-03
2.744240841280679889e-03
2.836580919498860737e-03
2.917434401967782844e-03
3.006606510983394695e-03
2.825929562839957394e-03
2.687612505639280260e-03
2.576975458847381110e-03
2.611984423654957390e-03
2.740442843653433623e-03
2.759315924097692930e-03
2.672423780713502686e-03
2.775385380985590303e-03
2.901379392759901362e-03
2.970059995889656052e-03
2.844503017618486493e-03
2.780913497026186575e-03
2.852363964492433956e-03
2.786327481771042665e-03
2.698316098501243269e-03
2.700771955051183351e-03
2.568689586248365693e-03
2.483055202397687223e-03
2.526713515735965095e-03
2.587187449143921614e-03
2.624936449416533524e-03
2.699035141970649015e-03
2.803285595020629534e-03
2.853203046772703234e-03
2.878398402470179040e-03
2.837361586796416629e-03
2.829737661860322329e-03
2.805090426432487946e-03
2.801301290843356308e-03
2.812369187978495510e-03
2.808105787563470145e-03
2.837963192422887724e-03
2.779028672506398453e-03
2.770710326816442411e-03
2.795319678795992607e-03
2.743113756314021975e-03
2.693346982295688041e-03
2.678094403419086552e-03
2.635193141125269974e-03
2.547627290827615253e-03
2.557466755230518741e-03
2.512668958987319262e-03
2.454234947793630054e-03
2.468341652311011828e-03
2.501422409577747259e-03
2.553988733696312130e-03
2.705320686932557919e-03
2.783932264907979480e-03
2.864603597747335424e-03
2.940598243079151422e-03
2.963975449337181815e-03
2.905054305112328428e-03
2.748713402598683842e-03
2.611443887156778346e-03
2.504823513415436673e-03
2.466208684600934217e-03
2.461944087945647491e-03
2.453322352466974412e-03
2.365713248100738061e-03
2.375924758034268346e-03
2.362415021441515318e-03
2.372962370763398443e-03
2.447890445290038224e-03
2.451282853221915369e-03
2.456815077718111674e-03
2.459233934729952633e-03
2.471668562660378141e-03
2.532787274924655843e-03
2.565823102631422086e-03
2.614147280145621369e-03
2.616553564458360456e-03
2.595167806485571688e-03
2.546542852668698832e-03
2.508705308330740243e-03
2.439465232340656733e-03
2.401881695213698917e-03
2.387344862578774044e-03
2.363414042106155247e-03
2.334079406117110615e-03
2.304291269354565540e-03
2.299690092342916801e-03
2.433123617476975510e-03
2.457684978418107728e-03
2.455540001792182701e-03
2.527645432590664484e-03
2.472600764563437446e-03
2.404269906789662133e-03
2.311751322943308290e-03
2.195392662160839618e-03
2.109173041993162197e-03
2.094515891553513226e-03
2.109743844215571876e-03
2.274136063062546023e-03
2.415412887357057219e-03
2.493909641530406805e-03
2.492618818832040631e-03
2.452469816270263277e-03
2.415092547920630502e-03
2.412550091956915024e-03
2.314338865936431486e-03
2.274049719255227635e-03
2.240579025639265372e-03
2.154216826914102326e-03
2.234756047281282691e-03
2.326823766879755444e-03
2.373038646102300191e-03
2.381307888815800515e-03
2.374479342674427548e-03
2.362652764588460495e-03
2.372710894724097425e-03
2.401714019857677674e-03
2.394997594023947057e-03
2.398342672315052077e-03
2.340266649483757275e-03
2.275979104143511112e-03
2.244928339455972213e-03
2.178559986802915040e-03
2.163862277189260164e-03
2.172785725147283360e-03
2.185535914732723763e-03
2.214712574935797512e-03
2.235448454899454599e-03
2.261339334395540569e-03
2.333924884931343289e-03
2.387091605230799544e-03
2.410686636074033714e-03
2.418384398644233494e-03
2.363127544935679503e-03
2.340341394241247843e-03
2.308730768528568632e-03
2.266697639910744862e-03
2.297615527876263348e-03
2.304868804358539257e-03
2.353512007804487837e-03
2.438239405985218565e-03
2.428426216918218219e-03
2.462753914209073278e-03
2.458465415972479941e-03
2.406498711118979644e-03
2.367662888440605351e-03
2.296385204117700352e-03
2.247846604956782977e-03
2.223206301809887986e-03
2.219866369116717253e-03
2.260595732341250368e-03
2.282664278830417309e-03
2.342320032464372068e-03
2.363717133494977213e-03
2.378336469041532602e-03
2.355382012568653198e-03
2.355426678870130124e-03
2.369429570927016754e-03
2.393712740745223503e-03
2.406058068955902601e-03
2.422819648573698321e-03
2.410028856053183025e-03
2.363298163467782067e-03
2.329236434617497093e-03
2.289082019810441924e-03
2.285285101476693548e-03
2.264419393950466153e-03
2.257723244098948194e-03
2.294555997112278801e-03
2.309271506694592427e-03
2.337248180775076435e-03
2.366855699937202556e-03
2.368073153278446846e-03
2.400563040232097690e-03
2.400621776462995381e-03
2.431786302915594101e-03
2.450168828742750170e-03
2.450932485473861482e-03
2.490768051948072121e-03
2.490305199796460141e-03
2.494548140836200852e-03
2.484884344931206999e-03
2.446214347295086293e-03
2.443903802209387334e-03
2.419581354282598559e-03
2.416794491856157686e-03
2.436678886969265243e-03
2.427503285222921796e-03
2.434362601519410481e-03
2.460065316163914488e-03
2.471657522330050673e-03
2.473502842498690422e-03
2.479530924286251457e-03
2.471826073850006723e-03
2.474858687278721700e-03
2.486017538432072453e-03
2.499434706956159009e-03
2.523383965296217661e-03
2.548466419424122269e-03
2.567138887901831978e-03
2.659791796973181785e-03
2.784232139663182694e-03
2.785064653545996690e-03
2.716965055462779340e-03
2.572689923033884968e-03
2.622487975545628389e-03
2.774439976744271039e-03
2.565744974131943957e-03
2.428037606874717223e-03
2.436627398368417050e-03
2.250450258714060351e-03
2.232942309401857780e-03
2.439356100068903847e-03
2.458330307562403821e-03
2.313460093017740467e-03
2.323074420034318584e-03
2.203706600409082849e-03
2.274680583711588891e-03
2.486393676274118673e-03
2.538288194417202479e-03
2.327823226757052937e-03
2.272405252150648796e-03
2.109442959796513101e-03
2.121590409127787659e-03
2.318862071235703193e-03
2.365605974144449359e-03
2.180483950840717347e-03
2.082383670920214501e-03
2.072246617729202670e-03
2.146543310756531507e-03
2.144101923770743313e-03
2.098700213504777010e-03
1.951522404684749058e-03
1.850188390190395408e-03
1.907038213610855355e-03
1.969051229949271304e-03
2.081860417576122165e-03
2.158465568996254230e-03
2.171738845833182021e-03
2.087933555415722245e-03
1.983821959756240389e-03
1.873200185648375357e-03
1.843749176713642629e-03
1.828613131017653741e-03
1.813756815725879341e-03
1.814294515539770312e-03
1.816647175890164423e-03
1.820639884620867642e-03
1.878207595138511833e-03
1.873052940465070020e-03
1.900579751931541451e-03
1.867132356314623503e-03
1.820350589312223029e-03
1.729693467630132996e-03
1.646781060277733265e-03
1.606516535957062258e-03
1.643262151580760248e-03
1.703945784835223616e-03
1.801852319978884806e-03
1.808825898178389319e-03
1.756908390326746569e-03
1.632929239953226320e-03
1.578774491676107616e-03
1.543543434277378683e-03
1.541059800756691862e-03
1.578667960708033053e-03
1.595305889473356501e-03
1.598225226459864525e-03
1.539573543018685816e-03
1.496589071462425379e-03
1.466582977167221833e-03
1.392315335333490231e-03
1.355007398737924709e-03
1.318129697411941697e-03
1.348744238884711953e-03
1.360453430974485883e-03
1.364854344747866519e-03
1.399551128787139987e-03
1.396879804349811759e-03
1.323778759052417773e-03
1.231452549282017290e-03
1.176786542568585741e-03
1.140059086755419813e-03
1.227705373886533438e-03
1.193796051359626844e-03
1.301641520030751183e-03
1.452066054661220115e-03
1.370458545936690132e-03
1.196890422654053616e-03
9.445069150882338255e-04
9.597723926796318788e-04
1.145473300787757482e-03
1.232807849469397428e-03
1.139858674895458850e-03
9.372196429816587876e-04
9.209660415564895368e-04
1.083056564371236803e-03
1.169353995053704943e-03
1.159559704563546071e-03
9.587946323821713770e-04
9.118793719469083740e-04
1.071236867402380107e-03
1.144931575483334237e-03
1.096171456649666816e-03
1.066179860511074070e-03
7.304912896942195640e-04
6.403349707186590991e-04
7.853531735785492397e-04
8.651111802700229810e-04
9.559950011860981599e-04
1.021543257877403433e-03
1.073637839290896663e-03
1.060777945197217747e-03
1.054342619370798135e-03
1.036951667452545422e-03
9.479526544793311429e-04
9.090670382894720184e-04
8.644645670347556390e-04
7.971502225619768196e-04
7.537681976293912969e-04
7.225540857309737872e-04
7.120799996686932127e-04
7.260015672567549051e-04
7.325249694663505361e-04
7.539072764057428615e-04
7.470084984443687475e-04
7.662302847334041865e-04
8.049155485489029298e-04
8.131358794455193243e-04
8.230995833161730210e-04
8.123469445205084953e-04
8.010693792793450833e-04
7.549107183825495403e-04
7.916816166721866478e-04
9.122278890305986427e-04
9.345585776390596781e-04
7.441691505052770066e-04
4.713305286703299546e-04
5.430050091783669925e-04
8.821752939766580289e-04
1.050366273955942627e-03
1.035160648303879360e-03
9.500609320880528666e-04
8.025538207979232390e-04
6.554320699766412982e-04
7.013637692184016351e-04
7.741476540150716863e-04
7.752961401661155562e-04
7.124520183883513089e-04
6.170168789230652583e-04
5.856684781952900239e-04
6.043340918489146412e-04
7.447467917700512302e-04
9.012702298866328643e-04
9.708713021631660113e-04
8.808000638562827255e-04
7.489684258386970165e-04
6.230470849207959266e-04
5.795700927348185856e-04
5.805952418359480163e-04
5.881812809267826080e-04
5.532791097584689689e-04
4.355020490891152517e-04
4.069185575987865162e-04
4.833343089949512393e-04
5.941811758975247852e-04
7.042917810692324136e-04
7.303589071581142143e-04
7.167195776635483908e-04
6.558886766090605332e-04
6.443690534189301915e-04
6.843451206231635246e-04
7.396316603285146667e-04
8.021954263563199454e-04
7.406940442806096356e-04
6.698701332645548090e-04
5.854320171440821488e-04
5.614262183824924972e-04
5.902591249299168766e-04
6.014356228308300866e-04
5.711330622688997076e-04
5.854341280034243943e-04
5.224848131953114703e-04
5.072742591387270194e-04
5.204256176473664444e-04
5.481310597544680708e-04
6.180417752379741307e-04
6.576753248568090226e-04
6.487982748996664164e-04
6.524295830757938621e-04
6.180464530946734591e-04
6.345915910010153753e-04
5.907789641706035193e-04
5.797314140670947356e-04
5.753917782524143026e-04
5.622475874564476219e-04
5.316585916051892735e-04
5.703627162271728782e-04
5.797914747230562948e-04
5.580157364535758870e-04
5.252522175942907082e-04
4.540879812283915530e-04
4.311517159052352731e-04
4.532546969970271998e-04
5.104334790553297172e-04
6.703184316331028915e-04
7.521476410220752579e-04
6.535586444863880238e-04
6.584726570200333294e-04
7.114115641882629579e-04
6.604609420793032147e-04
5.957231878605620014e-04
5.786186035703106290e-04
5.766143419840531964e-04
6.449646960879645450e-04
7.580901421437608468e-04
8.405815089101968283e-04
8.384769803061994974e-04
7.371594062673008686e-04
6.401302526737039393e-04
5.939920108775033260e-04
6.184711213699012116e-04
5.858188155816028983e-04
5.875569707077185622e-04
5.830024237023494638e-04
6.002004960817913749e-04
6.586645613365693435e-04
7.103644676684519287e-04
7.094954043479155927e-04
6.050204216649711191e-04
4.780045944759082508e-04
3.673620554693209604e-04
3.020431846598179760e-04
3.066998630492600545e-04
4.262557569470164644e-04
6.222581827848713224e-04
7.479317025952289229e-04
7.632344887744309811e-04
6.989366260781974685e-04
5.943630894700411725e-04
4.792228445992332848e-04
3.822782395143531223e-04
3.208226290722532856e-04
2.983634723124318979e-04
2.987858408000810140e-04
3.075223978386381870e-04
3.187170631934684072e-04
3.373253422214423465e-04
3.546620537470227832e-04
3.617101030051856573e-04
3.662754758736782982e-04
3.687866821756421629e-04
3.753177812688129476e-04
3.677538394390929039e-04
3.580213427530434833e-04
3.425941323897989865e-04
3.337621873685794535e-04
3.202020827339818916e-04
3.021032536866972637e-04
2.931521268693290899e-04
3.014895312630770413e-04
3.564310159053143815e-04
5.072936870490929884e-04
6.574374792703351978e-04
7.113738290708749483e-04
7.091447225408940716e-04
7.042604044080842327e-04
6.994798927603003945e-04
7.028223269811597869e-04
6.985417570793290296e-04
6.964131084018051121e-04
6.835647845386139815e-04
6.664542505791993436e-04
6.580116339052343062e-04
6.545933834307247510e-04
6.520528418306328422e-04
6.485706083257408066e-04
6.409516974228852406e-04
6.331935418604726093e-04
6.261745755751715750e-04
6.227556648275106533e-04
6.222710088524444723e-04
6.223885508281277708e-04
6.210348364028000102e-04
6.209711845544232858e-04
6.193798622171471603e-04
6.190251629118546234e-04
6.181935432768571577e-04
6.210193080924663591e-04
6.211508894325216664e-04
6.175076429658553573e-04
6.141046531221497611e-04
6.159919793864741333e-04
6.172686253770620114e-04
6.179180794298028655e-04
6.156182427015444766e-04
6.146086250302055382e-04
6.159290603559941599e-04
6.166341595869161835e-04
6.179365740775168885e-04
6.171584003170281453e-04
6.160164149423214344e-04
6.163640784622604479e-04
6.172773662480745714e-04
6.142798977017651556e-04
6.135941743152866727e-04
6.168259170360116794e-04
6.176219099162592570e-04
6.163512954803283643e-04
6.167269755568026077e-04
6.161344690941589772e-04
6.155705243544571693e-04
6.155104870887665586e-04
6.160797106258983575e-04
6.160943447108541268e-04
6.172606120293393272e-04
6.177856693413844372e-04
6.176309974992181878e-04
6.156608201561537905e-04
6.162661058671758908e-04
6.167046249126795828e-04
6.146873000806191449e-04
6.150705801707854418e-04
6.158362441982538800e-04
6.164731581488849159e-04
6.153126407226773001e-04
6.176365075110840141e-04
6.161352882995051140e-04
6.186304818014228728e-04
6.170084829481213258e-04
6.172273945844279890e-04
6.170542669443231099e-04
6.171519676019024923e-04
6.162337913383377332e-04
6.186277260134497285e-04
6.155185817439998803e-04
6.185111067653252873e-04
6.171348445715555721e-04
6.181426549031930010e-04
6.166031898867466990e-04
6.189025928969177099e-04
6.160775219215086466e-04
6.185403180320509951e-04
6.182520351315930716e-04
6.155921591983684474e-04
6.189680049685153049e-04
6.168628589383226253e-04
6.164804603665016269e-04
6.161784691777228177e-04
6.185798911664498398e-04
6.183301962360811472e-04
6.157859890394014714e-04
6.179162117247470392e-04
6.159737702247741710e-04
6.185364090848206398e-04
6.191372286278604229e-04
6.162187957227889578e-04
6.192201581414708087e-04
6.162927215682121370e-04
6.156879938474347580e-04
6.167463281985063970e-04
6.193207714904677827e-04
6.154239610463048534e-04
6.165021999686871174e-04
6.164167334654003421e-04
6.178639415361878448e-04
6.182688401544095269e-04
6.184201007956361112e-04
6.168154595800964682e-04
6.190044036972921051e-04
6.175950470435816750e-04
6.203251961372721352e-04
6.164125687931559057e-04
6.181867119847625491e-04
6.153231191955786227e-04
6.158069985256589595e-04
6.173263323844244187e-04
6.174009049567667946e-04
6.185864945576389443e-04
6.177946159806848225e-04
6.173669742861841170e-04
6.184716774219487173e-04
6.176342310362442157e-04
6.191596245105556676e-04
6.153582606684198861e-04
6.173537377026656198e-04
6.170756081750785726e-04
6.170035955569788157e-04
6.159416787336301213e-04
6.190535966601372559e-04
6.157134750212205380e-04
6.178839517181061855e-04
6.165787689713767049e-04
6.175992120630700464e-04
6.170474526511676499e-04
6.181555178000159786e-04
6.173338344177873270e-04
6.168365011385886897e-04
6.165248488313410666e-04
6.171378067643729960e-04
6.184357744194564832e-04
6.175241437939184416e-04
6.193442030940316890e-04
6.176666721371952985e-04
6.195820698858699096e-04
6.172167943913894417e-04
6.156555583610606210e-04
6.175753906381913723e-04
6.184685275878324187e-04
6.153267784357866659e-04
6.180171316301246625e-04
6.192269344066360067e-04
6.178923080582375419e-04
6.180864271104422871e-04
6.194778245215250626e-04
6.168664875617997298e-04
6.187839029930438653e-04
6.184296341095347213e-04
6.163356307041107643e-04
6.169561932789161939e-04
6.148784880514918160e-04
6.165987941247680001e-04
6.172373564882560962e-04
6.173963575789560105e-04
6.166951479654610678e-04
6.160088367590904309e-04
6.192708604817948655e-04
6.190149101493268692e-04
6.165581622036132945e-04
6.171459983630491744e-04
6.175009473404623628e-04
6.208383200507436870e-04
6.168278228116947769e-04
6.179387819268840863e-04
6.168800716543285101e-04
6.170304382762634458e-04
6.186717274783144586e-04
6.171076656953405253e-04
6.162240912402314761e-04
6.169004534874238067e-04
6.156201175256234472e-04
6.181794116199736252e-04
6.201886959859677839e-04
6.187150738804182096e-04
6.173833145914643097e-04
6.161785886017001439e-04
6.165914107277097565e-04
6.179707695925547436e-04
6.179160793822288016e-04
6.172573365230545018e-04
6.159718930966742939e-04
6.189466235638715376e-04
6.191310318077767683e-04
6.210397537325343820e-04
6.195987503260656695e-04
6.178710310646922483e-04
6.155516643560048767e-04
6.163567490861745785e-04
6.175453314037438000e-04
6.200950011941749451e-04
6.197045336026362535e-04
6.164224093940633966e-04
6.198351083347415722e-04
6.173889850400989324e-04
6.175045131455825058e-04
6.178266850010742314e-04
6.181641156048154739e-04
6.161734015946140333e-04
6.168899844767965473e-04
6.193005173863849657e-04
6.197393691188589696e-04
6.176810879369875771e-04
6.191427246176156281e-04
6.139362493609854584e-04
6.170616250934840476e-04
6.191980503507634381e-04
6.194468348524172913e-04
6.164725078391590334e-04
6.186664669310121137e-04
6.176184103437591969e-04
6.183120489950806554e-04
6.176259629351047104e-04
6.160683976734822494e-04
6.161006764702281003e-04
6.174117990284081099e-04
6.191625318097768041e-04
6.179524090004315674e-04
6.181733838911743478e-04
6.185830469279763938e-04
6.184661971390578153e-04
6.187618607883682174e-04
6.200885716458759021e-04
6.185799211270989273e-04
6.177307027827114031e-04
6.179122368806696771e-04
6.179612868786142762e-04
6.196067834211114881e-04
6.170876004817292234e-04
6.169435823660769170e-04
6.176108319182463044e-04
6.180014513427979552e-04
6.156761089850325925e-04
6.198743311255933836e-04
6.175903310997486392e-04
6.180028918215242726e-04
6.178002941479427117e-04
6.205610258255914993e-04
6.198273336991400300e-04
6.183051134867793104e-04
6.160405855777608590e-04
6.166673880541760286e-04
6.175443907697481926e-04
6.190594644041342177e-04
6.165626636662509394e-04
6.174281852616025522e-04
6.181798971436736458e-04
6.183289444948090975e-04
6.169032441303262237e-04
6.171210830177203998e-04
6.166572843432985285e-04
6.175414671359184772e-04
6.171345573782059581e-04
6.140744121440231632e-04
6.177585877685044845e-04
6.174537177622890696e-04
6.157314918733239762e-04
6.176960794206226828e-04
6.163112435237428667e-04
6.168203561775142604e-04
6.176325964181040434e-04
6.184066576174702999e-04
6.183739884671401402e-04
6.187028406535176632e-04
6.184600127467621260e-04
6.174743120219674175e-04
6.171831851543229611e-04
6.174948010665336435e-04
6.181667948508357208e-04
6.177782548089084903e-04
6.188545897410879489e-04
6.191092163093711966e-04
6.162444742273253274e-04
6.170975775340914503e-04
6.171254701714684338e-04
6.188068015283179580e-04
6.172251643006263812e-04
6.178125852331005060e-04
6.164941352130075486e-04
6.147910023711431610e-04
6.167825505690528775e-04
6.205847493108632281e-04
6.167623533559066836e-04
6.176327442615262269e-04
6.178143541388210827e-04
6.181384304304671576e-04
6.182098419891361718e-04
6.192174039237616570e-04
6.201932786907937527e-04
6.165213692260659286e-04
6.182394604612945557e-04
6.166379567831354247e-04
6.187409189053026540e-04
6.174733462775236926e-04
6.194808773682257581e-04
6.177727589714814135e-04
6.166586443475878358e-04
6.195089551683138603e-04
6.184930927391909085e-04
6.180329446234359174e-04
6.187838972887620918e-04
6.168836232885048293e-04
6.167985059890317059e-04
6.171450562437333451e-04
6.178401513426670568e-04
6.168621383642356815e-04
6.169284733383436584e-04
6.167143035144577934e-04
6.188067635546775584e-04
6.190708881679790436e-04
6.194982534909581609e-04
6.167811964386597746e-04
6.158947674856359933e-04
6.155053947833343019e-04
6.166158249798687520e-04
6.201182356535343528e-04
6.185087352512678906e-04
6.177826165268077846e-04
6.176335156038865451e-04
6.169728061032657635e-04
6.202122454144366878e-04
6.200034908731823181e-04
6.184989789781279333e-04
6.172623315866749335e-04
6.156306159184525648e-04
6.176229061082950207e-04
6.162628397540436623e-04
6.217861696931282958e-04
6.176097405012463421e-04
6.202650985685224288e-04
6.192941957227375473e-04
6.201689771552020653e-04
6.169690910442850477e-04
6.164891874997380792e-04
6.166868416773213426e-04
6.184610005808369735e-04
6.206163566783265721e-04
6.206458549277535548e-04
6.180478216536510827e-04
6.176318307385475015e-04
6.163190820332551268e-04
6.184365646659934195e-04
6.162832486976811772e-04
6.189678887288429035e-04
6.180227761310675902e-04
6.175230836334341927e-04
6.180881787264187917e-04
6.187568818018855622e-04
6.182934073096450073e-04
6.164342781990197161e-04
6.177016533769862094e-04
6.176840686642162031e-04
6.174400630707309540e-04
6.163393438066068096e-04
6.180871772805200367e-04
6.179054586919630748e-04
6.169089272618331768e-04
6.198894277632564440e-04
6.193975408499266316e-04
6.170553547907137691e-04
6.157691367963981626e-04
6.188176510825948691e-04
6.167640826947961121e-04
6.187177461379794914e-04
6.171423720907107764e-04
6.177794801642305829e-04
6.183029094214385901e-04
6.184329212370424109e-04
6.183083915391324181e-04
6.188701393146419510e-04
6.183642691408629613e-04
6.168880514486833194e-04
6.185552926421648574e-04
6.190824265670341565e-04
6.178255845455278821e-04
6.180384915950556859e-04
6.182456937483819977e-04
6.172725567372580558e-04
6.197602641311760396e-04
6.180015083760062979e-04
6.183464873438410418e-04
6.179466805893813700e-04
6.172638649678120586e-04
6.168386196180186557e-04
6.176277466208967681e-04
6.145948694875554051e-04
6.175920462356785127e-04
6.179758873665148946e-04
6.182421987741875064e-04
6.182874549954892269e-04
6.174063757521236744e-04
6.166221651198408073e-04
6.166201263049709462e-04
6.166746444955333289e-04
6.173464745598472104e-04
6.171463299965918503e-04
6.192197236588850486e-04
6.154927306780054409e-04
6.158225000691500703e-04
6.190881922958603933e-04
6.178826553604747007e-04
6.158889410398237386e-04
6.172945001097907133e-04
6.197060340746966562e-04
6.158690499905404700e-04
6.163297961987055859e-04
6.176118487621453171e-04
6.169703974508605228e-04
6.157447968528950754e-04
6.178610140326167965e-04
6.184598698914172766e-04
6.211057963597987940e-04
6.171282755155184851e-04
6.169661441140295629e-04
6.159162662498565699e-04
6.191889856827516823e-04
6.182623997922564400e-04
6.191736934120814322e-04
6.189503969408728049e-04
6.186081320696721307e-04
6.162716415878077792e-04
6.197271745945689839e-04
6.180958590918465270e-04
6.180777491668110234e-04
6.173044221252666506e-04
6.169770374219900929e-04
6.157007866259185409e-04
6.178599625232933899e-04
6.163889621242130308e-04
6.188348289436607476e-04
6.183974438400173870e-04
6.164234219067346501e-04
6.198187222046173516e-04
6.154641050219786637e-04
6.200941878751518128e-04
6.173855102482985000e-04
6.186530185372330964e-04
6.177542228918577296e-04
6.191010614004475998e-04
6.185072130981235849e-04
6.161545790198222653e-04
6.166759486536433927e-04
6.188357624751719558e-04
6.172576823658632115e-04
6.185990092258667654e-04
6.178417393227669027e-04
6.183738713257897011e-04
6.169974708735189838e-04
6.192459957448835043e-04
6.157826138456778953e-04
6.179003209527589476e-04
6.163706668738073513e-04
6.181514527701513929e-04
6.182911074941464845e-04
6.192247715789747902e-04
6.192763781010060010e-04
6.190949895039975573e-04
6.188207702917846364e-04
6.151574278557308444e-04
6.175712759955367817e-04
6.180323456657538543e-04
6.189123406311391800e-04
6.169298733376376697e-04
6.183888596487386842e-04
6.169985307436623477e-04
6.179071147071989309e-04
6.167258514358167501e-04
6.196438024052361307e-04
6.162342519699319076e-04
6.185911016270241114e-04
6.189734283778897854e-04
6.173535594160378627e-04
6.177257600516841999e-04
6.190744302153084215e-04
6.179846483591966508e-04
6.182025626925579005e-04
6.188125427852495235e-04
6.181408909443450884e-04
6.152902278099642514e-04
6.201369166287207073e-04
6.185894441100423706e-04
6.198343115496035951e-04
6.182086951226168844e-04
6.180205287007577023e-04
6.177979261513195973e-04
6.174452639897432546e-04
6.152179654795596241e-04
6.199501457681071918e-04
6.172342834794318023e-04
6.179781978445050318e-04
6.178996868847934972e-04
6.173716580462546618e-04
6.169452164144104090e-04
6.191209140576969588e-04
6.187005829722248785e-04
6.176853079311182999e-04
6.159270923968926002e-04
6.164577877425052831e-04
6.180766926002561820e-04
6.180043683939721345e-04
6.172161888442884809e-04
6.155673728871592166e-04
6.171506149760501306e-04
6.177099936030218310e-04
6.183116001751312422e-04
6.215847693456277899e-04
6.173085576765424297e-04
6.185804099289517622e-04
6.179881173197127346e-04
6.204574128867452326e-04
6.188212747318401182e-04
6.199624860686304929e-04
6.172984050046580228e-04
6.175465398715744873e-04
6.171551374483778569e-04
6.172755907255440301e-04
6.188631891943680583e-04
6.163632212580372628e-04
6.185562806047765344e-04
6.165052548832729556e-04
6.175766658238029906e-04
6.188952256189483858e-04
6.184064047165085173e-04
6.186100681743460662e-04
6.162905082866177884e-04
6.170647368091080427e-04
6.181929880360793233e-04
6.179456716351378661e-04
6.184590193206812537e-04
6.188803460125899287e-04
6.185455724703597122e-04
6.174545436391288590e-04
6.177798355471179805e-04
6.172561883783661291e-04
6.146255630098487483e-04
6.174837930491560182e-04
6.186650807026885775e-04
6.184280800171504259e-04
6.176288636996167666e-04
6.171456655212026422e-04
6.169280471966432809e-04
6.180115787270133764e-04
6.170055024068541892e-04
6.178362204712181845e-04
6.168775383634130362e-04
6.156727335345463063e-04
6.169538385751108809e-04
6.168054739627568464e-04
6.197498148463189511e-04
6.184771287121944208e-04
6.171137287521175421e-04
6.167457917164573993e-04
6.175659591742035373e-04
6.180414692081440727e-04
6.167862828331736836e-04
6.192657789244407091e-04
6.156815223383401998e-04
6.193875467085017093e-04
6.193163329962599788e-04
6.185022427675229304e-04
6.174779219351283479e-04
6.177347019931569549e-04
6.169781758394543396e-04
6.192643490138598173e-04
6.184105042837816264e-04
6.188385901605464355e-04
6.177261835956610004e-04
6.177867676404156941e-04
6.175190084823394725e-04
6.183642170865051753e-04
6.194779793802268793e-04
6.171579252437930539e-04
6.187280526368505286e-04
6.170360648701962974e-04
6.168432124180343911e-04
6.153114108202059835e-04
6.179745626665009324e-04
6.176574048378521238e-04
6.150589159337774238e-04
6.163389410011838954e-04
6.171466205713854606e-04
6.188744849725439463e-04
6.180183217774386966e-04
6.169825748579710898e-04
6.186176883252984685e-04
6.171133086438394073e-04
6.177307127128743233e-04
6.187621608675699389e-04
6.174077420807915027e-04
6.184238780914076347e-04
6.180949834427334122e-04
6.180359179087814960e-04
6.186172068852321612e-04
6.170532469638572446e-04
6.182607878719746175e-04
6.188339267576207885e-04
6.175055495300079420e-04
6.191798855954824474e-04
6.186797467567922704e-04
6.172913266376465731e-04
6.174957644341991236e-04
6.172155963350152820e-04
6.196476532450252098e-04
6.179594504337284668e-04
6.174346337282916701e-04
6.195715091165962876e-04
6.186312450020410277e-04
6.170709478832198851e-04
6.176583865824382489e-04
6.176975531540127799e-04
6.164604535814267481e-04
6.152961264889536281e-04
6.163928456876635641e-04
6.192954477687381701e-04
6.181387269633291165e-04
6.159185376183339868e-04
6.187035225608187965e-04
6.170755537955012341e-04
6.167162810210143021e-04
6.185150383467958278e-04
6.163777086210002953e-04
6.177637000844668665e-04
6.190458371705599054e-04
6.175501337051595959e-04
6.171766172008150749e-04
6.179582952662481324e-04
6.167903539159316989e-04
6.211992328823797349e-04
6.170307948220038604e-04
6.187022573463431827e-04
6.171861407597776768e-04
6.160728683282612429e-04
6.173513933888416082e-04
6.193620894008194672e-04
6.190616306605331966e-04
6.167382527828775595e-04
6.162041718646069349e-04
6.164946034394208109e-04
6.183018958371039623e-04
6.186962132434751377e-04
6.159033931551260782e-04
6.174705985424635939e-04
6.173505830394560327e-04
6.168770007248930692e-04
6.168429589645998273e-04
6.191134128557978546e-04
6.177922514759248652e-04
6.186652325930758894e-04
6.175709156774164977e-04
6.164855928198056728e-04
6.194965933743979900e-04
6.196117187828175006e-04
6.183561612498817469e-04
6.169688731937679081e-04
6.152945089501033697e-04
6.187436226395455485e-04
6.189232103885262178e-04
6.161456327063751567e-04
6.168411517449142942e-04
6.190682588399318721e-04
6.185045563127801026e-04
6.163301219646238416e-04
6.180895895427771696e-04
6.177201555172670208e-04
6.169323717280714419e-04
6.167935682292208666e-04
6.185824466744269459e-04
6.150709675835640570e-04
6.172923754944606911e-04
6.163524577079812408e-04
6.181565729102234076e-04
6.158654319239501105e-04
6.189020602211731592e-04
6.179515595948375292e-04
6.163456733906201969e-04
6.155912884261353739e-04
6.157282348117158180e-04
6.177054543834971595e-04
6.186388891349218523e-04
6.163021405553882875e-04
6.157332652215345486e-04
6.170850777832447617e-04
6.180293919307616908e-04
6.175290263882674555e-04
6.180466063717545908e-04
6.155857006271220561e-04
6.179697841529439720e-04
6.195884857644110271e-04
6.200569442414437292e-04
6.186670819632592499e-04
6.189520778551947091e-04
6.170456225407303227e-04
6.186956563363653003e-04
6.171517874961803809e-04
6.194271191682585711e-04
6.193887745343384802e-04
6.188255408968250902e-04
6.163317626445210130e-04
6.180101941194697393e-04
6.171413022132600382e-04
6.186779985542657356e-04
6.162265722519791929e-04
6.185689408349363295e-04
6.176581726994222416e-04
6.151529203360894512e-04
6.194553322719664355e-04
6.190375233048695056e-04
6.188148229470748262e-04
6.168593588512301818e-04
6.185643914649636846e-04
6.182409682551162113e-04
6.186195611670805171e-04
6.186298653638939212e-04
6.182850524726341956e-04
6.179228224724243922e-04
6.164891589167362284e-04
6.202051650679128725e-04
6.184700744566275828e-04
6.161180302990115895e-04
6.175861334889465055e-04
6.188066383565676495e-04
6.173291148060013056e-04
6.201279148068337401e-04
6.169698648972805118e-04
6.161183143744542292e-04
6.199149152415558842e-04
6.184520977495697441e-04
6.167307185780672874e-04
6.159417905757761259e-04
6.193795293092864852e-04
6.192223753913226290e-04
6.159952565506977189e-04
6.173139534302927002e-04
6.187290556190317781e-04
6.167985648206975903e-04
6.167462787657483798e-04
6.203549064812174984e-04
6.181130214286752363e-04
6.185774609680322290e-04
6.177214020385545781e-04
6.179902843091925188e-04
6.173294008930257102e-04
6.170125154571044161e-04
6.174339902754426160e-04
6.176142084219132453e-04
6.178409037271708230e-04
6.179073740858661299e-04
6.173624703362755577e-04
6.202493956040910613e-04
6.185529627117222675e-04
6.187412992491732018e-04
6.173897474063717991e-04
6.194577796968626449e-04
6.169555840421790715e-04
6.163226509429105618e-04
6.187037346995498573e-04
6.175971664239704190e-04
6.179486563857057710e-04
6.165842593662445095e-04
6.192987285331857158e-04
6.178242049036859231e-04
6.196330719902996484e-04
6.172202587218891031e-04
6.174440868345768343e-04
6.201740079740720611e-04
6.182987720141338087e-04
6.206003539526035694e-04
6.188568682367050645e-04
6.166416959227748315e-04
6.186361980026321844e-04
6.163254249863123419e-04
6.198472351522929047e-04
6.188250954692035453e-04
6.173483538609238382e-04
6.157637865483344590e-04
6.169778717485778366e-04
6.197373713783272666e-04
6.189927512079609201e-04
6.175745930383086391e-04
6.184815315098285979e-04
6.160409418627005610e-04
6.188829140397876126e-04
6.187093502151023083e-04
6.183475849935650848e-04
6.181959066851793957e-04
6.164252652643608050e-04
6.202465720504697893e-04
6.158924200631917412e-04
6.181350293397723820e-04
6.178761475941887743e-04
6.173937381465715787e-04
6.182951953672310074e-04
6.151515904204436346e-04
6.192238608392620870e-04
6.184513910652189497e-04
6.176862765638551451e-04
6.164782475032894041e-04
6.183931528003966437e-04
6.165861664917472772e-04
6.179402300998756590e-04
6.188026271200636717e-04
6.170707831872720333e-04
6.173494146119843946e-04
6.169464488445468688e-04
6.175475972756127316e-04
6.184772508873505889e-04
6.171060702703119998e-04
6.173044468211510939e-04
6.194440158233685762e-04
6.188237514461654995e-04
6.170656557959202553e-04
6.172181888867653851e-04
6.190022595730244317e-04
6.164127105886313320e-04
6.176736216931729686e-04
6.198238502677245326e-04
6.194664462835421798e-04
6.193286880368813110e-04
6.194683043063735827e-04
6.164893269385953497e-04
6.166703816733319805e-04
6.154099198376178879e-04
6.175911882663762467e-04
6.156527318647192796e-04
6.193337224451405092e-04
6.174104973572846827e-04
6.187357698680959542e-04
6.185085348305509757e-04
6.173566621384642865e-04
6.195991759476836974e-04
6.199862891780705916e-04
6.182832426313517125e-04
6.166296566705389576e-04
6.163466550234142360e-04
6.183951128448483651e-04
6.169835029115059355e-04
6.177802171833948145e-04
6.205492622752711331e-04
6.176096346219991321e-04
6.189029629808783656e-04
6.163518573197132762e-04
6.187828054788356612e-04
6.186406363854389740e-04
6.188020927728567818e-04
6.166432247962060076e-04
6.166825759740660919e-04
6.189286549940799503e-04
6.170551794497996720e-04
6.192554421729140396e-04
6.160965726032785993e-04
6.163528652215695446e-04
6.191068857783445711e-04
6.174193138648592519e-04
6.161995469695997129e-04
6.180364928440254405e-04
6.190952502093697782e-04
6.168151068066766171e-04
6.196525582826750223e-04
6.160063947724012893e-04
6.181653155385905376e-04
6.178752841106300306e-04
6.163399508255706580e-04
6.163170936290318430e-04
6.185655186864943197e-04
6.180210895048650647e-04
6.185308173606814727e-04
6.182021902438780388e-04
6.175755200139684993e-04
6.175260668096663836e-04
6.168882233351498596e-04
6.184928311722968962e-04
6.169938095246106820e-04
6.202466904814555107e-04
6.178308090345108108e-04
6.170741930513338244e-04
6.192778787249650797e-04
6.170755538698250277e-04
6.176877533989376477e-04
6.177765006684088605e-04
6.182742612241600702e-04
6.165495786151850436e-04
6.157537665579847566e-04
6.182743618102106266e-04
6.176994372099724184e-04
6.151690186461416425e-04
6.158861808446916032e-04
6.173503869402500403e-04
6.165112049203861407e-04
6.179962054654866352e-04
6.196061556752729960e-04
6.194962814915766633e-04
6.202818457884518412e-04
6.173855488869769113e-04
6.165674515793538200e-04
6.175171845992734115e-04
6.172305602367396740e-04
6.163725788565179624e-04
6.204961066866974571e-04
6.162576908262841361e-04
6.186524723241796850e-04
6.182762364506579501e-04
6.191312507094973031e-04
6.187638457569890043e-04
6.185730111709430512e-04
6.182417078766690166e-04
6.190508433370169776e-04
6.178817326624234897e-04
6.161884207797847573e-04
6.151637324104655604e-04
6.174806739980637444e-04
6.196908546609698146e-04
6.167907697553403961e-04
6.169274633469177703e-04
6.174501583754620155e-04
6.190364250155033689e-04
6.186547375381630867e-04
6.181500892919828067e-04
6.183135602508908193e-04
6.171832142431159674e-04
6.178047223645092558e-04
6.184600000370639233e-04
6.182280161581908511e-04
6.178464302726866409e-04
6.168575612499352595e-04
6.195759012772003626e-04
6.151210845410735178e-04
6.182930397384607969e-04
6.173919018655330037e-04
6.164517094071073414e-04
6.157293435130122786e-04
6.185405983785267382e-04
6.174223598789987380e-04
6.192171472430417923e-04
6.203137423891570343e-04
6.195933159459718472e-04
6.168350673824037327e-04
6.176847688155120844e-04
6.158986774868939820e-04
6.192010585892200603e-04
6.187774191453318745e-04
6.179631548244618640e-04
6.171560118724268677e-04
6.186883456443964015e-04
6.173726877351506589e-04
6.183199724788080798e-04
6.171854376229934198e-04
6.168214136475884402e-04
6.166027685851051222e-04
6.170314727293896859e-04
6.180407085268962639e-04
6.185001262264328611e-04
6.196343484720133812e-04
6.164366467753702858e-04
6.183331859802815127e-04
6.194362119513880912e-04
6.177906920281151567e-04
6.176853429045875161e-04
6.174957355956053927e-04
6.149740966634119864e-04
6.173529350126165339e-04
6.162460777772262640e-04
6.158985443489408459e-04
6.163548536091653955e-04
6.170064800357962908e-04
6.178184851800955484e-04
6.187797944854993813e-04
6.188285693269695523e-04
6.173640814157160947e-04
6.180629896814928510e-04
6.150834948401179844e-04
6.192742890205619934e-04
6.176044487657084093e-04
6.182752237981448910e-04
6.160717759894308518e-04
6.181015808143388137e-04
6.164620650173149039e-04
6.158113655317233419e-04
6.163030755367865810e-04
6.197566410346439392e-04
6.177584487533842143e-04
6.189477606563259125e-04
6.187818326228282113e-04
6.184407963130661001e-04
6.183114598391015529e-04
6.150953368936023895e-04
6.175054332917963946e-04
6.180327851688048862e-04
6.176599918905050640e-04
6.196394305991828914e-04
6.168784816600149986e-04
6.188566867332057683e-04
6.182796397536042664e-04
6.167866574624906182e-04
6.179671153541250973e-04
6.202043225651844831e-04
6.203953390302701515e-04
6.176387770314484054e-04
6.162869839487563088e-04
6.194888852768199112e-04
6.162335013600923244e-04
6.185246418784565983e-04
6.187394199485553000e-04
6.175746690034151316e-04
6.177261940568297156e-04
6.156938510378630672e-04
6.193925278343825067e-04
6.201757901366195891e-04
6.178179114201348904e-04
6.164435761825341319e-04
6.163586564868703006e-04
6.165254244055485026e-04
6.177351976447099588e-04
6.159332771715224277e-04
6.189153736508901148e-04
6.189157743485526652e-04
6.169930887666518317e-04
6.179659906712270693e-04
6.186104667220410211e-04
6.172508538896492696e-04
6.175402582982608994e-04
6.199692287491815430e-04
6.158122628941506546e-04
6.156222810331621505e-04
6.168699183396660632e-04
6.158324758365976313e-04
6.162455727168487376e-04
6.180198788267372194e-04
6.168386065587619631e-04
6.156389075400838309e-04
6.185106192046648226e-04
6.177662516027363198e-04
6.153077270587559156e-04
6.165902112661594912e-04
6.165027047374620726e-04
6.156706589472616840e-04
6.177088584486400968e-04
6.167291592738194991e-04
6.182724950165978135e-04
6.193090796478076254e-04
6.190926201654066733e-04
6.161140374392361360e-04
6.191440943307914080e-04
6.179519054763634237e-04
6.150963995548790718e-04
6.178772455690561584e-04
6.183555691541013557e-04
6.184975481338013392e-04
6.158309146287434472e-04
6.195467643829266451e-04
6.177936009964784397e-04
6.181581129442761642e-04
6.160453530423207072e-04
6.193046642534202721e-04
6.176842892554175414e-04
6.179641405631257356e-04
6.181851566213515670e-04
6.196433787965557709e-04
6.180695783609222588e-04
6.190074297782374984e-04
6.175006068691547487e-04
6.175536906077164819e-04
6.173541053535608076e-04
6.175898000752287099e-04
6.177186430450877291e-04
6.168755380730604103e-04
6.192101665906651203e-04
6.195893447225821107e-04
6.200453041860999777e-04
6.174799403540393071e-04
6.191697140674876825e-04
6.166882718107883970e-04
6.196291681371577471e-04
6.193789042819822666e-04
6.176009496269432115e-04
6.196945084765562769e-04
6.170824550633134458e-04
6.163666223251272223e-04
6.194680837554791949e-04
6.175345459893112577e-04
6.187463357530112104e-04
6.206748140199947351e-04
6.186153715820756410e-04
6.170676192902022419e-04
6.194370719510585268e-04
6.192333763719678379e-04
6.179219918563927079e-04
6.182570094898018342e-04
6.167699723911857770e-04
6.165292617354851653e-04
6.178101880660003768e-04
6.211501319822658289e-04
6.174414235204977921e-04
6.178229416161206550e-04
6.166948247139784119e-04
6.181686792493821039e-04
6.185401307429203932e-04
6.182220799313421214e-04
6.186836540947456779e-04
6.178654050169302527e-04
6.198017750783458082e-04
6.162142467254699352e-04
6.183910509644365916e-04
6.194249696163925314e-04
6.189783577595853658e-04
6.204496721183205485e-04
6.173516824459449482e-04
6.161009504966776353e-04
6.184014423058892653e-04
6.180561859940276537e-04
6.169096606758403285e-04
6.187864480849491035e-04
6.166934107279985677e-04
6.173698709477402425e-04
6.177501548340526153e-04
6.176904978364164628e-04
6.194844345317621417e-04
6.180132411765972954e-04
6.175170539360145530e-04
6.185512518375186741e-04
6.160243394701149511e-04
6.187915596075905644e-04
6.174101717720374433e-04
6.183145905146187737e-04
6.170123179417749118e-04
6.178963447939829099e-04
6.179419790318979762e-04
6.179706147581008916e-04
6.180626641836748075e-04
6.191523206623769518e-04
6.180106885610626597e-04
6.178119787680894830e-04
6.188107065789081413e-04
6.179797597998517786e-04
6.170087367242006867e-04
6.168457585893710954e-04
6.169812810114953848e-04
6.177363418137256758e-04
6.174926690991150652e-04
6.196849388677752027e-04
6.184871645984744200e-04
6.184609299145603237e-04
6.173776866104106796e-04
6.167174853900557561e-04
6.171884429985931720e-04
6.169354763481319339e-04
6.189711975586658851e-04
6.186475734772947871e-04
6.174305592681532482e-04
6.179072963310125758e-04
6.190177542325611985e-04
6.198153882615168100e-04
6.168662654805651428e-04
6.161607296068586899e-04
6.166981609720557228e-04
6.195651107151081780e-04
6.204310756816297555e-04
6.197748612608031463e-04
6.188918543639220513e-04
6.172827130026502240e-04
6.162895063932656526e-04
6.164674150725360123e-04
6.190867649027830683e-04
6.188663504086164367e-04
6.162715555166989887e-04
6.191965570797365332e-04
6.184729955067114725e-04
6.181500212104973704e-04
6.185877341804060098e-04
6.174326991655086985e-04
6.168028868222590272e-04
6.171017683150104623e-04
6.181256913586562728e-04
6.185715983408734270e-04
6.179168985570259159e-04
6.187005296013465237e-04
6.169428591206588264e-04
6.169899228657501527e-04
6.199557902752006900e-04
6.191171948881556098e-04
6.156382366931067952e-04
6.189846706800096248e-04
6.174172508749776805e-04
6.157474794268342089e-04
6.183131289188039097e-04
6.176725193393348742e-04
6.170682096167725292e-04
6.165585281794324973e-04
6.161609386682605606e-04
6.181026265932742679e-04
6.195478900217700653e-04
6.187923774361573682e-04
6.173286895613076808e-04
6.174185978702141685e-04
6.160731558690604650e-04
6.191332700802295664e-04
6.180508702298756615e-04
6.170919155767612754e-04
6.181244576931454885e-04
6.167436321473145295e-04
6.193904426302467361e-04
6.183973708537543034e-04
6.181480652642650257e-04
6.168885616726739810e-04
6.173696832336362161e-04
6.171109319676186707e-04
6.161444515891481306e-04
6.166406876424504729e-04
6.185250291948506162e-04
6.183765935021537982e-04
6.175714367655006382e-04
6.173855220415999700e-04
6.186405207109888123e-04
6.176336503124654721e-04
6.163074750131820748e-04
6.175661469914866392e-04
6.181757409554624553e-04
6.187707359832956156e-04
6.175735790011035228e-04
6.172586573543686157e-04
6.179696320671897170e-04
6.179154195746347153e-04
6.194285868291213130e-04
6.180911588671219063e-04
6.171854310161992065e-04
6.166646762383868512e-04
6.182917159423363196e-04
6.178854034303851109e-04
6.158542272246053315e-04
6.189675095255456685e-04
6.177257083554585576e-04
6.181056593774499714e-04
6.174600182409089059e-04
6.190194143596616577e-04
6.172282451569050237e-04
6.174003650279843384e-04
6.180300115955230343e-04
6.189898458765165281e-04
6.178605265388941066e-04
6.169768133642784726e-04
6.185117142749607666e-04
6.179846122898582711e-04
6.189958735608799964e-04
6.183390830395759513e-04
6.174644856002121365e-04
6.168859731924382708e-04
6.160699966402857211e-04
6.181531624394489112e-04
6.166707784158965630e-04
6.199157843807908590e-04
6.179257213459845351e-04
6.174324021838609828e-04
6.173785240684494680e-04
6.189238250075057351e-04
6.161046955863272749e-04
6.188318378945358977e-04
6.172430572882858357e-04
6.179859864070361706e-04
6.173258411021348294e-04
6.154520332068884672e-04
6.200559431310605522e-04
6.176130928514973620e-04
6.169642943434860104e-04
6.169378175930743165e-04
6.173798846096329807e-04
6.180964327345780419e-04
6.189945531800823512e-04
6.184437779601020336e-04
6.175747854610152054e-04
6.158082412026490236e-04
6.183378977894103592e-04
6.182250638634728028e-04
6.166343279745074889e-04
6.164191802993448932e-04
6.164874875645766925e-04
6.166631493080606402e-04
6.194925202054802791e-04
6.180141915138013002e-04
6.181150293085546340e-04
6.171204380858771182e-04
6.169130202481457916e-04
6.180674813735632196e-04
6.190217880349044560e-04
6.187362544186707485e-04
6.179765746599332529e-04
6.172992539889343494e-04
6.180559224221830739e-04
6.178455830021091586e-04
6.180268591038034316e-04
6.169122741862371421e-04
6.186961539908676514e-04
6.178316991924436355e-04
6.196613478741748622e-04
6.181154780533725229e-04
6.165865592898946927e-04
6.162045109262154772e-04
6.145471771973541305e-04
6.174071496578538648e-04
6.183031442345980665e-04
6.144282244618537057e-04
6.161380061314957173e-04
6.178918867998780748e-04
6.183960024890509640e-04
6.166763436202260529e-04
6.182398669074541621e-04
6.166822266760022030e-04
6.184957534936297340e-04
6.190234511879320802e-04
6.171900409543314972e-04
6.183386282839068489e-04
6.177836360377150131e-04
6.173795653795760953e-04
6.191635833917789444e-04
6.190418567916617862e-04
6.195921651801643325e-04
6.191299129640085927e-04
6.174170527701064145e-04
6.184009522352325750e-04
6.202137715064121341e-04
6.161752452758292170e-04
6.184705413154367899e-04
6.170577976296879501e-04
6.176843182804853723e-04
6.194851562460674307e-04
6.186716271357496893e-04
6.186324618240438868e-04
6.166356495430523003e-04
6.182205853392102072e-04
6.188452335664847582e-04
6.173598364420633403e-04
6.196216687294926750e-04
6.182368062251391476e-04
6.179055837221731099e-04
6.172566444237035819e-04
6.188710529944864078e-04
6.179319058747952641e-04
6.169745753942738452e-04
6.179994887101215688e-04
6.176028842434431966e-04
6.180934022261460594e-04
6.183417929933247674e-04
6.182724316501394656e-04
6.172816703168837200e-04
6.152973641602470971e-04
6.167339509064585605e-04
6.167603468379066452e-04
6.190273571174071190e-04
6.165750827781409614e-04
6.197101215052920348e-04
6.178018961213366028e-04
6.180077663244933983e-04
6.141492371437211415e-04
6.193558367044448053e-04
6.180062953877613887e-04
6.186820903914968693e-04
6.148131649672796068e-04
6.171825972652836452e-04
6.176951758007333737e-04
6.189011945444134995e-04
6.196928445384848562e-04
6.177340273531670319e-04
6.174433240087429759e-04
6.179488202839404903e-04
6.180380140495732528e-04
6.175003050195097517e-04
6.179450424625901458e-04
6.165706394895976560e-04
6.173522556348708503e-04
6.198066623638990615e-04
6.170154072437949479e-04
6.152820003090020461e-04
6.164542700584585639e-04
6.168411286921364001e-04
6.174990164172526261e-04
6.184292234911946103e-04
6.170882922679171278e-04
6.161961643362634088e-04
6.172295293001335168e-04
6.181896763289307936e-04
6.166824407850183100e-04
6.180411228773672987e-04
6.164543051476382811e-04
6.201280096708622651e-04
6.192301030247842524e-04
6.192522719714717511e-04
6.169798087849715342e-04
6.200819031471000494e-04
6.188072736803978697e-04
6.161940904931431737e-04
6.188153645392963087e-04
6.177545414870211100e-04
6.194470106798159389e-04
6.174001928849142491e-04
6.183867242923788516e-04
6.172820813889506224e-04
6.175850803858293171e-04
6.198910859176608081e-04
6.182166017669090807e-04
6.167759784604089036e-04
6.165028762251205646e-04
6.182662533488110252e-04
6.178384591564405190e-04
6.181104420891263230e-04
6.172949629816884250e-04
6.152791139279138038e-04
6.189634220025269336e-04
6.182100926493318965e-04
6.193653996684664841e-04
6.174520794752819293e-04
6.183258137886619727e-04
6.174938357875334660e-04
6.186063216714514715e-04
6.191096739561844373e-04
6.175765851074135806e-04
6.157188899784042484e-04
6.161737169804487775e-04
6.179538707774969537e-04
6.181820199135012930e-04
6.184149303796563106e-04
6.167796594481946438e-04
6.175155618078155594e-04
6.172045711717597319e-04
6.194677044770717945e-04
6.204584439703384130e-04
6.189565805011363513e-04
6.169444393718564101e-04
6.173601422303832444e-04
6.153711808477934199e-04
6.178498186362934783e-04
6.168100067306693784e-04
6.187059667538621780e-04
6.168241373581144407e-04
6.194883688453852941e-04
6.171626038419568893e-04
6.192332527285631869e-04
6.197463922095288640e-04
6.161815291180203821e-04
6.177015150576292647e-04
6.182772538531122264e-04
6.164554231978980770e-04
6.194369567451283361e-04
6.171382486474999820e-04
6.178153197421033110e-04
6.174399255125767420e-04
6.175221538155811632e-04
6.179700194345428632e-04
6.206828462896410176e-04
6.183210346093816765e-04
6.186836550981076764e-04
6.200194921186363969e-04
6.171275784114314648e-04
6.187091564590405492e-04
6.185251826236700702e-04
6.181201274461869564e-04
6.164632043047247592e-04
6.196349664256551974e-04
6.190757966584157406e-04
6.166800445062838422e-04
6.173480650504961165e-04
6.180650053465589150e-04
6.176827173177271754e-04
6.169046264509822760e-04
6.177038512093565182e-04
6.176090045910322818e-04
6.175760265663270436e-04
6.163401491213857560e-04
6.192168404178772330e-04
6.180911114483177799e-04
6.153569825519002558e-04
6.194450819267093835e-04
6.174643173544547498e-04
6.169078085131341361e-04
6.193240117841603259e-04
6.202289977300339116e-04
6.154403524611429298e-04
6.170677640033745684e-04
6.161840138794729641e-04
6.183227663738099329e-04
6.207486822936353951e-04
6.156593048662411475e-04
6.158715528289704670e-04
6.167725611585077056e-04
6.190879900277176202e-04
6.167972441936827276e-04
6.178532269679481471e-04
6.177185734212639872e-04
6.165957161988302234e-04
6.167687005686643470e-04
6.167344484376632721e-04
6.195433213571713022e-04
6.178818102556910214e-04
6.157515507301652416e-04
6.188875555702031631e-04
6.188461089137055728e-04
6.185143571237535507e-04
6.197788236379010197e-04
6.166379846582863969e-04
6.204932895940577829e-04
6.198239466412861160e-04
6.161839117244384241e-04
6.178001277603986695e-04
6.181229032018759496e-04
6.178541381228278831e-04
6.170139586008232006e-04
6.188247686246920202e-04
6.161035402294466872e-04
6.171248831808438156e-04
6.149594015402545973e-04
6.186619430732499770e-04
6.179477888180413608e-04
6.192614587998580963e-04
6.171738004640991331e-04
6.182587085800575867e-04
6.182887599069381967e-04
6.170366261249172731e-04
6.200041054401988442e-04
6.156612318169197044e-04
6.201111181977286358e-04
6.198818974793079625e-04
6.190219180301574078e-04
6.168704447093078386e-04
6.182075929476801715e-04
6.173370009640886469e-04
6.168933591536123178e-04
6.184926581188668034e-04
6.169330980992754039e-04
6.178030438428360393e-04
6.173038230676852235e-04
6.176784680349218853e-04
6.180632630701389909e-04
6.180408763881534932e-04
6.184518796414639492e-04
6.165770190297837055e-04
6.169461066046836835e-04
6.185166984750221225e-04
6.173873817014610774e-04
6.175665294014551308e-04
6.193712275733765553e-04
6.179386759685457373e-04
6.182631934022482902e-04
6.178452187629922092e-04
6.196075383584171911e-04
6.195077082616441471e-04
6.185276657726272503e-04
6.175175904264449756e-04
6.173909087522379529e-04
6.187354334391270694e-04
6.180820436638304136e-04
6.171273798975758290e-04
6.171113863746230995e-04
6.166451896749217945e-04
6.176391345907635694e-04
6.176811939927836668e-04
6.189012905462602711e-04
6.187026242646251816e-04
6.174756826059428320e-04
6.179403052687048280e-04
6.172335914731111751e-04
6.170342775245532801e-04
6.183842000686887554e-04
6.171917968553575305e-04
6.175010168096310616e-04
6.163814100561335182e-04
6.173264989896382017e-04
6.199881791056008210e-04
6.181521689379461653e-04
6.156638768698680748e-04
6.168251007932527494e-04
6.193040618450285474e-04
6.184253006330672981e-04
6.173458250081530945e-04
6.181228207590433324e-04
6.161227315659235969e-04
6.158223096355904154e-04
6.156915499560654129e-04
6.177866417026241404e-04
6.147344347849647856e-04
6.185881638896000186e-04
6.172548264095253619e-04
6.180081975206804445e-04
6.178913135945949230e-04
6.167754900435701380e-04
6.166331870334035249e-04
6.171178387458851715e-04
6.162246359358012661e-04
6.191247198795678253e-04
6.152522517761820943e-04
6.190655475148069530e-04
6.179724959366584376e-04
6.186903686831690371e-04
6.166401288466244555e-04
6.177460057449100450e-04
6.168353272546657886e-04
6.165499903689957784e-04
6.170983856315396740e-04
6.181614481620560696e-04
6.181385809471427783e-04
6.160633849106182712e-04
6.155518304719491190e-04
6.160832825405958627e-04
6.161147951900343336e-04
6.177843516196380481e-04
6.173916308975512272e-04
6.178938255758434752e-04
6.180841041271710511e-04
6.194429493633615749e-04
6.170440448827542749e-04
6.169519013575930789e-04
6.177006299528289401e-04
6.163200761613843361e-04
6.184704563879395720e-04
6.182382345867538974e-04
6.164479208719445642e-04
6.162766356252732470e-04
6.183549978703359448e-04
6.174601158886578421e-04
6.169537987559555294e-04
6.182871677321227040e-04
6.178892232156484856e-04
6.193246106141578507e-04
6.190020070167397354e-04
6.173869916778475199e-04
6.179756902494452659e-04
6.183896585019380953e-04
6.176276172258533684e-04
6.164777283149422502e-04
6.183989674789763108e-04
6.187397178059983287e-04
6.197282869809829769e-04
6.189340360481146008e-04
6.180427416815888284e-04
6.191979161559546356e-04
6.166931589539805924e-04
6.158642964410863431e-04
6.190852390410773098e-04
6.187372821570764122e-04
6.188202716580895385e-04
6.181230216601655680e-04
6.174449999346580571e-04
6.181121295036775100e-04
6.167356408178395304e-04
6.187548850346908302e-04
6.183046733215719678e-04
6.158970327119098025e-04
6.171613479587705975e-04
6.198198840215482074e-04
6.181449485081366669e-04
6.179584309251051101e-04
6.180738454827941443e-04
6.192103496673572729e-04
6.170946695456932998e-04
6.169093358796449642e-04
6.176289515710936800e-04
6.180840023743880939e-04
6.204599133720762856e-04
6.194494386498008336e-04
6.175722900220130670e-04
6.177319958882744599e-04
6.182740955951441424e-04
6.188813267182442009e-04
6.176351718910393302e-04
6.176002146396283865e-04
6.190574955783268623e-04
6.177981859645889119e-04
6.157085728480649577e-04
6.216248652098098132e-04
6.164806454932035724e-04
6.176210830811868424e-04
6.164324818618827345e-04
6.183803429168361742e-04
6.182949914965187033e-04
6.164014017358065501e-04
6.169718968005925668e-04
6.212049986892541082e-04
6.203316850090864623e-04
6.175243821668424888e-04
6.204565129902220484e-04
6.162289802901459558e-04
6.189046858192748333e-04
6.190059743384423389e-04
6.181050073271491738e-04
6.189258830236768439e-04
6.169532716989982067e-04
6.192866113331960132e-04
6.179562216102892731e-04
6.184051386506144669e-04
6.168436868627317875e-04
6.186635337330203275e-04
6.188974517250271559e-04
6.169607248575655198e-04
6.187263441047265904e-04
6.168161964407269235e-04
6.157803988441161707e-04
6.155698690285515409e-04
6.187313282896717828e-04
6.179353913986386634e-04
6.184228179370753658e-04
6.189527559757626541e-04
6.159292035138217661e-04
6.171641693066539985e-04
6.176849828899650188e-04
6.178075342115214299e-04
6.180779742824535133e-04
6.161007927172651617e-04
6.160440196244387377e-04
6.175298975031914654e-04
6.183790071501277762e-04
6.171825637444440038e-04
6.169529687351481273e-04
6.192888115319586688e-04
6.168118565300857769e-04
6.184115143447611439e-04
6.145174062742636599e-04
6.200272839012781288e-04
6.164876663111096755e-04
6.180971088976369623e-04
6.194249231044909963e-04
6.175658041931444096e-04
6.174386820148602701e-04
6.197861506935843385e-04
6.201240821337209407e-04
6.172653525567681557e-04
6.186839301438290094e-04
6.193215856642884844e-04
6.172905470840358904e-04
6.182010021902475212e-04
6.187428563678073210e-04
6.180886807062885725e-04
6.172155540451444581e-04
6.182232584518114861e-04
6.213076040442898264e-04
6.181946037455991663e-04
6.202032758049073934e-04
6.178762793380082954e-04
6.180730457463489997e-04
6.174852997600396810e-04
6.152127105679319318e-04
6.158972550382768628e-04
6.170524230109344270e-04
6.155802114183352158e-04
6.160330359211870204e-04
6.160374750361220352e-04
6.186753880828362202e-04
6.202454036349974503e-04
6.186164839335991407e-04
6.166470132239409378e-04
6.175212808874633525e-04
6.175233213902554764e-04
6.167099949057053537e-04
6.189142309178223295e-04
6.181785828665702651e-04
6.173528683598567251e-04
6.170675623312758427e-04
6.178003966348057834e-04
6.182789132117573992e-04
6.189757573102342867e-04
6.181299691366257988e-04
6.160113413150199429e-04
6.172620308468330496e-04
6.165382040521607187e-04
6.193035006447990308e-04
6.155734655100931563e-04
6.167469620708560798e-04
6.173420484781270024e-04
6.172281267327926020e-04
6.197288239342529101e-04
6.179893345446879540e-04
6.155457586423471877e-04
6.189662202300725505e-04
6.164869849346633077e-04
6.171026290542407870e-04
6.154429643642884105e-04
6.188897089432165944e-04
6.176374503669689606e-04
6.175758110448072505e-04
6.162005194645061483e-04
6.182783344627588041e-04
6.188167616045501564e-04
6.196271470601729401e-04
6.175215841746986307e-04
6.177799204413013520e-04
6.164267763681794852e-04
6.192400954180799725e-04
6.175255289571526633e-04
6.179652509428310188e-04
6.194789427307776861e-04
6.181454388475522222e-04
6.196252746139622710e-04
6.179877200367310487e-04
6.196033489701462203e-04
6.178806005318782536e-04
6.183608200849260560e-04
6.166857189223872880e-04
6.178085438797607451e-04
6.193832352328216542e-04
6.199277398816859094e-04
6.183149460803945979e-04
6.185868364212171889e-04
6.187406427562802767e-04
6.173911707896258347e-04
6.178039628175608072e-04
6.186072451039703992e-04
6.176893577367289535e-04
6.158953197586025012e-04
6.163698835655364574e-04
6.169570340179147960e-04
6.173125178367753737e-04
6.186456264346611124e-04
6.185365764094302114e-04
6.155402428675453346e-04
6.173468084874036066e-04
6.177383667661167721e-04
6.174469849478109304e-04
6.163483621626516086e-04
6.178510769834895605e-04
6.182180130328661502e-04
6.182925314100484477e-04
6.178291203988299811e-04
6.166859206139867992e-04
6.175717383643663117e-04
6.180011045187405261e-04
6.179825712148004965e-04
6.179552094643748833e-04
6.182051374969929928e-04
6.194654530564438480e-04
6.187712138567463870e-04
6.192867787983646986e-04
6.189736390174016946e-04
6.178715953599122832e-04
6.175057895370253489e-04
6.178390455380094711e-04
6.172120115833928944e-04
6.187034591726287003e-04
6.168836342822614071e-04
6.183427826446508254e-04
6.173396421258129773e-04
6.181421715707472115e-04
6.162989594360532156e-04
6.166711025128831158e-04
6.173417896338144820e-04
6.170592085756475189e-04
6.179935197101744764e-04
6.156671635487111129e-04
6.168581180976754870e-04
6.182492219811298439e-04
6.182590104262001771e-04
6.187972756973513736e-04
6.175763246952597173e-04
6.198563026472742217e-04
6.192426965535480134e-04
6.192882460121844302e-04
6.198823336900067095e-04
6.164027285444077971e-04
6.167313588982302822e-04
6.162866033943564673e-04
6.185634995605690523e-04
6.180351503160413668e-04
6.181852957134194001e-04
6.183554326948605302e-04
6.171176532398955873e-04
6.181257417765309006e-04
6.166964888767214594e-04
6.201968779718596524e-04
6.188468662620787153e-04
6.178845678917751312e-04
6.170824556039618096e-04
6.175878179584591652e-04
6.184233076527107052e-04
6.176799587279443570e-04
6.163522277677985694e-04
6.146847058218507260e-04
6.159215175091848791e-04
6.160088990158695899e-04
6.192884210733930151e-04
6.195193057361274031e-04
6.177035618613322451e-04
6.163977913809433893e-04
6.175792167407232868e-04
6.183878934993934781e-04
6.178780038497716119e-04
6.195344766449510827e-04
6.197265890134058888e-04
6.166031421427186753e-04
6.179783191543596630e-04
6.179805220182807771e-04
6.182394678375668917e-04
6.178285018999988372e-04
6.169877391349638937e-04
6.171550959225325945e-04
6.156129608524126906e-04
6.189520052080467547e-04
6.175571731245515020e-04
6.170890376536196159e-04
6.172604843267260862e-04
6.177583980091172445e-04
6.169801074554222102e-04
6.178696323711429204e-04
6.191744179629918039e-04
6.174723711733987519e-04
6.183460209549969389e-04
6.173646292558888438e-04
6.173350113364094562e-04
6.167265016245952183e-04
6.171045947693987090e-04
6.176611742292217964e-04
6.185987178262603893e-04
6.182399405828132698e-04
6.177514752570232312e-04
6.204107093166792361e-04
6.193919112302049591e-04
6.172684765370589719e-04
6.173881230119659209e-04
6.187314445825941233e-04
6.181029385623743435e-04
6.164400772928713221e-04
6.193351162608688168e-04
6.190301873737387179e-04
6.188630695096112699e-04
6.159658863581730578e-04
6.182025390249144261e-04
6.185388944529942755e-04
6.177450401044711241e-04
6.191293441517806964e-04
6.160715309751881247e-04
6.181699151493132193e-04
6.167791601664923988e-04
6.176386049855639221e-04
6.159426835061744760e-04
6.180575760578878959e-04
6.173000727370335072e-04
6.177356198978650346e-04
6.165267423910638245e-04
6.184884796024749673e-04
6.166753511336715236e-04
6.178148329143026913e-04
6.161465922126715131e-04
6.178773699298562450e-04
6.171220498380372392e-04
6.168336776300195959e-04
6.191261611350848838e-04
6.189563133673291976e-04
6.159877112171072578e-04
6.179633299955333055e-04
6.171192307452881770e-04
6.160792621291663086e-04
6.173834973148692928e-04
6.172713047228370982e-04
6.149536522948272077e-04
6.184901142497451583e-04
6.166590844656968939e-04
6.177827465046876977e-04
6.186553291345249376e-04
6.175900424214291091e-04
6.176735317261356764e-04
6.175466458326872013e-04
6.186451698901562204e-04
6.186690327646345066e-04
6.200250749753121599e-04
6.189072160426597026e-04
6.176434617622722674e-04
6.189697649867663453e-04
6.172164067674187600e-04
6.180590904386095222e-04
6.181150313824000696e-04
6.168143557176188063e-04
6.173406448469966230e-04
6.173402215551563503e-04
6.167567167895817793e-04
6.174557425192366781e-04
6.168765150609582196e-04
6.175996345002597674e-04
6.173181629327107811e-04
6.172775557411472802e-04
6.195714719989467304e-04
6.183770600443726098e-04
6.176410081110042093e-04
6.185513877490965646e-04
6.184823614119160790e-04
6.179759954586431332e-04
6.194856243632050402e-04
6.172717781574852455e-04
6.195304620253510013e-04
6.164409905915217876e-04
6.182919627354042892e-04
6.168059808502332833e-04
6.176191417960466079e-04
6.175856696026814927e-04
6.178778872571534563e-04
6.192756962233221269e-04
6.170649736737407682e-04
6.166169722190893666e-04
6.166080042257398100e-04
6.172334056332418571e-04
6.169841194216397866e-04
6.186542909356010801e-04
6.190638025903530016e-04
6.183247331455391351e-04
6.163699679561120397e-04
6.198987061275502237e-04
6.170132335135786140e-04
6.193202090626982780e-04
6.165244826156269543e-04
6.184368553633948998e-04
6.172845212966371039e-04
6.197155010091370212e-04
6.182400611290964033e-04
6.165122829763381579e-04
6.154689872137374985e-04
6.179820080115969129e-04
6.160767975135626913e-04
6.205982494708684252e-04
6.180321369175900258e-04
6.195854977471205094e-04
6.182095605660173137e-04
6.187315609161240636e-04
6.202169231730943243e-04
6.190343849134367048e-04
6.179271429801242626e-04
6.170184652992820621e-04
6.169871153908863468e-04
6.205908495918339160e-04
6.172168942665335126e-04
6.198495097476562025e-04
6.161474950565255532e-04
6.171514923083287881e-04
6.169936954556392910e-04
6.187702574424534634e-04
6.163050941354320227e-04
6.173054832739463191e-04
6.168537975990665435e-04
6.156132163596903526e-04
6.191764672411439237e-04
6.179584048357331279e-04
6.190462607158656125e-04
6.180939219651553768e-04
6.179691956843219418e-04
6.159796293610081928e-04
6.173539935257697482e-04
6.191987162275454284e-04
6.191824459495445668e-04
6.182476304916623968e-04
6.194568799315281404e-04
6.165664257710908340e-04
6.182108853494822087e-04
6.177336650580134104e-04
6.176033778611392851e-04
6.179180148355909417e-04
6.185641351266277102e-04
6.162531799799020587e-04
6.173395734246551504e-04
6.157869771124162631e-04
6.164536973197692980e-04
6.169021555397475416e-04
6.167050317049579391e-04
6.156769395304134349e-04
6.156989260677672021e-04
6.165660779055646273e-04
6.178346464168659380e-04
6.202049625200646956e-04
6.165188537558555443e-04
6.179486116339253645e-04
6.179700887257575563e-04
6.188517116496392977e-04
6.181359208589239616e-04
6.182397740679163468e-04
6.179661179251511559e-04
6.173943484149821458e-04
6.177696469611802669e-04
6.171685439557956327e-04
6.168944142898275885e-04
6.164113640486586004e-04
6.167840413856179099e-04
6.191002201198754842e-04
6.163092378795981784e-04
6.173495600550874852e-04
6.183506312436431182e-04
6.174411449226286253e-04
6.175454184103999116e-04
6.180007579501951799e-04
6.173502535180044578e-04
6.186716155651588497e-04
6.171980510162667407e-04
6.184188228540947853e-04
6.175595701710979990e-04
6.175537572764938600e-04
6.189181215737610264e-04
6.190195243308298971e-04
6.188020726111659970e-04
6.190726880122958149e-04
6.191361289576250175e-04
6.158237501924334993e-04
6.172777574110131999e-04
6.197841086747825660e-04
6.160799534343544244e-04
6.193722873341565545e-04
6.153354385619804086e-04
6.183305562775495744e-04
6.176854288840941251e-04
6.185294087694608121e-04
6.178972265547086513e-04
6.161766397126983586e-04
6.182847535982366341e-04
6.185663902623005301e-04
6.171799718394511795e-04
6.172675513747002485e-04
6.184803570653422738e-04
6.161068501787952565e-04
6.191448250999606519e-04
6.166444586911187927e-04
6.161702866189662769e-04
6.165739452445709095e-04
6.189858578266177469e-04
6.176604539325408804e-04
6.204323446752486003e-04
6.184834894766200099e-04
6.168648498308265411e-04
6.164195706299767505e-04
6.199825329255413036e-04
6.188016531494522614e-04
6.186871507785282609e-04
6.170419257394592957e-04
6.197110772729756733e-04
6.184316887340859459e-04
6.182406964445120220e-04
6.180931412480935227e-04
6.173284408522514014e-04
6.171991196687526878e-04
6.169913841764449987e-04
6.169963224560000249e-04
6.188525596880541796e-04
6.174374704093789617e-04
6.183134007389228404e-04
6.196171541659120652e-04
6.175219000184797727e-04
6.169351702432445111e-04
6.169548352141264458e-04
6.177672480420634202e-04
6.180352189224890382e-04
6.163915028744370661e-04
6.187022593913324691e-04
6.188991888367777151e-04
6.181585960685046129e-04
6.197273564279899170e-04
6.163343904806795406e-04
6.144941799729226753e-04
6.180554643325941342e-04
6.177027985086855268e-04
6.173587333477573375e-04
6.153782473135543767e-04
6.178896353613829101e-04
6.164460494838531991e-04
6.172966797992454667e-04
6.176228707970019601e-04
6.177447286164631027e-04
6.170338210232858287e-04
6.188046736690196907e-04
6.180230082629711331e-04
6.167871708892653463e-04
6.171167301882026727e-04
6.172387526126692225e-04
6.161056413395652603e-04
6.172100315853655973e-04
6.184846762887775658e-04
6.172840689525183446e-04
6.195320416469484804e-04
6.169401889806483625e-04
6.160592825841083127e-04
6.173739248656527579e-04
6.173882305632014166e-04
6.153504378473696572e-04
6.170502227320426173e-04
6.187656694739377284e-04
6.173461043864386828e-04
6.169107925313036325e-04
6.170813171501597682e-04
6.192813894626464409e-04
6.178819417048783853e-04
6.163689001318392417e-04
6.158280653914436839e-04
6.170429569074751793e-04
6.174326465655192303e-04
6.182109154165785908e-04
6.180426419374657112e-04
6.197824150640905564e-04
6.169818523469652047e-04
6.201401931619333159e-04
6.170043921773372530e-04
6.177724142075121955e-04
6.160688058168576828e-04
6.172096370650176746e-04
6.174936237145524365e-04
6.176499716668271394e-04
6.159859704198129664e-04
6.196714483563993403e-04
6.179631842735553099e-04
6.179740903160321893e-04
6.175478619590817758e-04
6.177423321700653341e-04
6.194922508418711704e-04
6.203699086311491176e-04
6.182319779705059120e-04
6.183573504755845779e-04
6.188470452324272390e-04
6.184867522191209903e-04
6.187010956777594817e-04
6.188258661846297035e-04
6.176739273354599474e-04
6.177015677638682690e-04
6.180266878003446004e-04
6.194452488589444542e-04
6.207502253438334280e-04
6.206986120775698744e-04
6.173819491174982075e-04
6.187667691325366088e-04
6.180838197638637357e-04
6.181481427929242994e-04
6.196338901540911388e-04
6.190087456038091554e-04
6.169513629005867741e-04
6.150126874070149493e-04
6.183738606828587201e-04
6.194846056289302592e-04
6.205208089328152115e-04
6.182153965804574680e-04
6.173664400676119601e-04
6.184334916375976501e-04
6.190813493557235534e-04
6.205762154440113343e-04
6.184115380004818639e-04
6.178161394057523313e-04
6.186555254167894679e-04
6.161536634555888963e-04
6.189277766730612784e-04
6.174011150184692022e-04
6.193859336995006029e-04
6.163960364738987289e-04
6.157335170129168891e-04
6.170721317420787026e-04
6.191787284591742345e-04
6.175930898294665046e-04
6.160895765950989266e-04
6.182057500054258551e-04
6.175269364263315198e-04
6.177735842293734930e-04
6.177152144095211881e-04
6.177698548051257718e-04
6.177943197264859155e-04
6.167740227821545814e-04
6.180923578930847331e-04
6.186532424308506094e-04
6.170103968727758299e-04
6.189196527624373119e-04
6.181548783791360191e-04
6.169621791357412675e-04
6.176242939821076404e-04
6.168223765551378171e-04
6.178192209799640653e-04
6.152045679505089432e-04
6.187091070860376843e-04
6.171057334537756412e-04
6.181902083112663640e-04
6.181298804560442575e-04
6.158887231145250551e-04
6.159861542222227820e-04
6.192020334439494447e-04
6.203257757069712258e-04
6.163418847303009157e-04
6.163718673558397096e-04
6.163367136136975281e-04
6.172246490667067246e-04
6.163464925535239386e-04
6.165656688974649946e-04
6.180351284011778882e-04
6.157078181869537949e-04
6.190459477508941828e-04
6.177215948313054174e-04
6.168524913567924751e-04
6.193349870346530426e-04
6.192259402347478556e-04
6.158458748776403412e-04
6.173561467295204637e-04
6.163956622030258630e-04
6.156525064657685821e-04
6.149902613519274506e-04
6.165494460930159154e-04
6.183362590827677554e-04
6.160025009448877190e-04
6.191019665354615233e-04
6.158042367947373164e-04
6.166882909159962642e-04
6.167559884502667048e-04
6.184452811614094946e-04
6.199029184785197774e-04
6.179158419052520248e-04
6.190476448418379780e-04
6.166472415273479332e-04
6.178686421334657992e-04
6.185329202116115338e-04
6.184400349638525000e-04
6.167160325606993714e-04
6.179892801796260226e-04
6.170634421732123761e-04
6.176581634301119873e-04
6.185908035631480133e-04
6.169670598602034406e-04
6.185706662304940942e-04
6.192797759018515893e-04
6.164455329463566129e-04
6.187487548988296641e-04
6.169705334406849588e-04
6.171712469046596039e-04
6.183158882241146254e-04
6.184894578758770318e-04
6.182136643652552449e-04
6.187469483662123718e-04
6.181200416585113820e-04
6.191705846747236168e-04
6.181594079161815882e-04
6.186491460806756377e-04
6.180226056274198227e-04
6.168616984542321831e-04
6.161755017445758476e-04
6.173184225812375272e-04
6.171963617212073263e-04
6.199932485688554925e-04
6.193458996886574367e-04
6.165101305191701426e-04
6.184073532971248082e-04
6.179388775968475741e-04
6.178233078418835867e-04
6.194777881946665491e-04
6.169592405519013553e-04
6.175186544585502387e-04
6.188925928497011984e-04
6.175715362265661069e-04
6.197041066801702329e-04
6.168986999058473104e-04
6.171852998414048726e-04
6.167556659449303577e-04
6.173207121184683382e-04
6.197333182905820663e-04
6.168752318452709734e-04
6.195702414830021659e-04
6.173582314010720579e-04
6.192899531971314412e-04
6.197507588094891681e-04
6.173966319064251715e-04
6.190618578749947434e-04
6.188144201729675739e-04
6.196296096681251338e-04
6.185534053668988869e-04
6.187923320012349423e-04
6.189259899309145722e-04
6.172486864208033726e-04
6.167541036795638060e-04
6.181227344044104696e-04
6.169040665686079811e-04
6.175071826397732005e-04
6.174058471076760129e-04
6.196014463541648981e-04
6.170174570594647977e-04
6.178966599689427169e-04
6.167678947297791430e-04
6.190527874700633678e-04
6.172792064271511803e-04
6.157644052536399805e-04
6.170228961806399539e-04
6.187265927194779891e-04
6.202609340700443756e-04
6.151790661359146564e-04
6.171119408700454423e-04
6.175562128081254045e-04
6.191940562666532234e-04
6.163555195946733480e-04
6.176745842750608643e-04
6.174354413971612802e-04
6.170165083198009270e-04
6.178511203571401518e-04
6.175985471154600516e-04
6.163009209441321166e-04
6.164766702891402977e-04
6.173072648237040803e-04
6.175895329027699656e-04
6.175389477808273945e-04
6.172045531696766178e-04
6.160349929643756583e-04
6.176369569207200384e-04
6.176805302629503110e-04
6.173797764857691687e-04
6.190240382835204792e-04
6.188996258384456403e-04
6.161991651416424401e-04
6.185874589732735362e-04
6.179015345302714098e-04
6.202980949259945037e-04
6.174672234458755335e-04
6.183990937911447178e-04
6.173803790392668259e-04
6.163941337465511953e-04
6.184366244924688989e-04
6.177815798228385863e-04
6.188776701680803087e-04
6.181868139073013173e-04
6.151121033654841563e-04
6.170379009661377092e-04
6.170962008275820239e-04
6.185077266870466026e-04
6.189074197050045039e-04
6.181010154299761139e-04
6.169197951208640679e-04
6.189780860504484053e-04
6.175169294836161879e-04
6.172056181116013012e-04
6.196430061053524599e-04
6.198412259878092936e-04
6.166095027424958047e-04
6.167718508571590425e-04
6.202152721628412246e-04
6.188014407930380158e-04
6.161551427081718435e-04
6.166213182241463923e-04
6.157675467674256350e-04
6.148602669104334846e-04
6.179232061289717873e-04
6.177091419537085850e-04
6.177165035218432857e-04
6.201662174425562682e-04
6.142722441128309861e-04
6.183351755285628436e-04
6.161179981127465431e-04
6.184277573577371323e-04
6.176929085361297731e-04
6.165657282752215040e-04
6.161824826458341640e-04
6.179136897747208390e-04
6.167759062118688537e-04
6.151829674754517819e-04
6.183256426511670638e-04
6.185420948784303360e-04
6.194160873034572357e-04
6.169222703164738489e-04
6.160734781858886403e-04
6.176034785297236478e-04
6.153720239515927601e-04
6.163046374871207359e-04
6.196155061813146464e-04
6.173973650138727494e-04
6.160959448954338039e-04
6.186795239321052917e-04
6.172549273525462310e-04
6.184604564101772685e-04
6.161266660476749559e-04
6.172452110960383173e-04
6.173757861044704490e-04
6.189277844155530390e-04
6.188099999046734953e-04
6.178560291902170445e-04
6.184357895825601118e-04
6.180344777366423995e-04
6.170966701635963040e-04
6.155307700706708421e-04
6.162468466023019158e-04
6.178963126647760628e-04
6.170736606247222361e-04
6.198524537441204565e-04
6.191102221826021504e-04
6.208355890861607393e-04
6.181033463038046981e-04
6.176404047881530043e-04
6.181645481576180778e-04
6.214118833018667529e-04
6.214694242209104977e-04
6.174482933518020931e-04
6.192409137216013789e-04
6.185189773741319071e-04
6.188826559438651573e-04
6.181683262651280816e-04
6.166924035286101141e-04
6.184467328552449485e-04
6.176500717899258619e-04
6.171341552840486173e-04
6.163192637915103833e-04
6.190593735763762510e-04
6.173379699182286609e-04
6.164849816962072234e-04
6.157695319859642384e-04
6.166952799523153480e-04
6.201628479156655804e-04
6.180883582082045621e-04
6.185741735577673234e-04
6.190559797686599492e-04
6.160330274373666034e-04
6.172603302898022450e-04
6.176770128414613625e-04
6.173728716853957776e-04
6.180416122770884596e-04
6.156407771254248642e-04
6.179548179023816590e-04
6.183321238000087389e-04
6.192135476818377837e-04
6.192266416682163472e-04
6.177868841099792884e-04
6.208044508717933249e-04
6.163660747609998273e-04
6.175264697173025660e-04
6.179588963211737982e-04
6.168726061157954379e-04
6.173203462532391664e-04
6.193367225808044975e-04
6.163954337153154488e-04
6.162341772847859276e-04
6.191609903564244738e-04
6.167186638857791820e-04
6.169574735920726853e-04
6.181006582621594156e-04
6.162896560892048908e-04
6.180314091724666394e-04
6.182755365112769727e-04
6.178089034830366129e-04
6.188305106001089698e-04
6.187241162229941945e-04
6.196326619249164147e-04
6.153728080372450684e-04
6.168072113067874212e-04
6.187970762229254643e-04
6.183282981815304852e-04
6.184204824071509602e-04
6.186416467947586633e-04
6.152177366458269538e-04
6.182059657531924039e-04
6.176986115197126556e-04
6.164135871342778369e-04
6.171928598241962398e-04
6.166478692229282335e-04
6.175675474100346916e-04
6.188402580464424539e-04
6.189019760048185661e-04
6.190693277128251704e-04
6.176711383081637252e-04
6.167627206856605374e-04
6.165527324463170597e-04
6.187320220926858464e-04
6.166383687908014730e-04
6.196572219094458088e-04
6.170551765147482730e-04
6.176959503536025905e-04
6.157443950753448266e-04
6.176034195059781212e-04
6.154179668410383755e-04
6.158506247017400247e-04
6.199568707911444444e-04
6.163670596849147145e-04
6.180109830587712143e-04
6.191588453699238808e-04
6.189751635818532653e-04
6.183860770833878072e-04
6.185618287594326107e-04
6.189053001145728393e-04
6.180572916622379624e-04
6.188772442718207516e-04
6.175421989058145662e-04
6.174202534919615059e-04
6.184291377616755320e-04
6.192433445500043114e-04
6.189102981536529933e-04
6.190967584538518845e-04
6.174774928443489469e-04
6.206646279199988124e-04
6.187667925446083692e-04
6.180168328257996295e-04
6.196117021028241766e-04
6.198892426763401645e-04
6.186076069733744158e-04
6.203521040542617476e-04
6.184581208814932986e-04
6.161910010907510615e-04
6.185504948684784898e-04
6.190758458907071613e-04
6.193802364531391822e-04
6.180837029683471182e-04
6.172495126811421672e-04
6.167100400829614954e-04
6.173216612589199018e-04
6.159970975000321003e-04
6.171101456971501238e-04
6.160051765195792084e-04
6.191429453457328357e-04
6.165911925811629231e-04
6.158963835282112512e-04
6.188554969820479323e-04
6.174154979204749894e-04
6.169369052904132749e-04
6.170340930302646186e-04
6.168973009350475377e-04
6.182306678500442505e-04
6.192690432374164510e-04
6.152000815051130887e-04
6.162822882441347299e-04
6.177364793358570538e-04
6.190111242837147620e-04
6.176805781808406698e-04
6.175210724708943017e-04
6.147273659738124781e-04
6.190731840632202184e-04
6.165601083402287618e-04
6.189376290495713978e-04
6.169741292973903455e-04
6.194061873180266211e-04
6.180214177155189236e-04
6.190513674694309888e-04
6.178491743867874130e-04
6.193261042336935208e-04
6.174855581943873876e-04
6.207468886817351164e-04
6.171245331963984195e-04
6.161052907015753715e-04
6.176147429691415582e-04
6.203742800242851522e-04
6.179903780012507538e-04
6.174622408607568407e-04
6.176660686296850562e-04
6.183191427803608718e-04
6.181272875823561486e-04
6.175636266929343185e-04
6.181467823301199302e-04
6.162694677389253008e-04
6.179617314740370364e-04
6.158283485328301058e-04
6.183440465421214489e-04
6.185408465725101158e-04
6.185750042966333675e-04
6.168119037356055434e-04
6.165721712585454494e-04
6.158790733545910136e-04
6.155081176432941571e-04
6.188907387041797268e-04
6.152095327407403275e-04
6.194881545322065454e-04
6.156027109865515670e-04
6.176029609534191330e-04
6.169317137765958046e-04
6.187020292375472246e-04
6.183459171690015160e-04
6.193136383055767137e-04
6.161671869840966475e-04
6.164535873828849407e-04
6.190992677126529523e-04
6.175050131838003692e-04
6.192116148943091264e-04
6.167861222730980321e-04
6.166989289794118931e-04
6.163747731764679903e-04
6.146858389857381023e-04
6.187730795890781458e-04
6.183858951464456244e-04
6.190963885224423776e-04
6.185455394727756634e-04
6.195586030354901207e-04
6.158691798233050180e-04
6.181119618192565824e-04
6.180259992233464459e-04
6.169830449030737568e-04
6.203326084272049084e-04
6.201065354203400513e-04
6.179259108969935386e-04
6.172025941732254498e-04
6.184069068336201869e-04
6.198024587995924197e-04
6.199437113327350892e-04
6.184619959327128727e-04
6.157092801746634004e-04
6.190967711615597089e-04
6.156096460333686541e-04
6.163599702336088667e-04
6.173807599952389974e-04
6.184299016891988765e-04
6.170341310332528532e-04
6.179704348006003845e-04
6.191410560280174308e-04
6.172349313417436686e-04
6.178270107465532162e-04
6.174631878578236508e-04
6.164996604424081809e-04
6.172043294196420584e-04
6.192765316314220291e-04
6.195574971798857664e-04
6.159791040400259491e-04
6.178825769316487670e-04
6.159580678325569545e-04
6.190082364038409406e-04
6.184047461717008401e-04
6.173922680074112133e-04
6.179201759005733966e-04
6.176990683464574907e-04
6.192559220740946830e-04
6.170792132470909706e-04
6.192135896559090294e-04
6.190076703512441096e-04
6.175457017696682526e-04
6.159742042261276895e-04
6.161736927243288784e-04
6.167132031053545451e-04
6.161647025473363784e-04
6.191922821360378026e-04
6.179401124642646629e-04
6.180726379095549325e-04
6.165117245036064479e-04
6.171286984202155323e-04
6.159272762339871275e-04
6.182586686465410238e-04
6.181360120332282876e-04
6.152576886490429770e-04
6.182238081099004955e-04
6.184743237192541357e-04
6.152356421895611863e-04
6.182626929974269778e-04
6.178965772736215315e-04
6.194116576964532302e-04
6.186256450048276860e-04
6.182370987439530065e-04
6.188838189237211296e-04
6.156379908119271206e-04
6.183395332414378526e-04
6.180855872044462972e-04
6.182107521051736099e-04
6.194101439068958742e-04
6.171858805636221482e-04
6.192126832263572783e-04
6.161746977686655873e-04
6.178810604016267633e-04
6.171655850091886924e-04
6.192928156207287444e-04
6.163126547896810711e-04
6.184449277607699047e-04
6.183403616106110216e-04
6.180141996121488136e-04
6.181029064059282178e-04
6.190137215223399936e-04
6.167743539266165847e-04
6.178834232934309664e-04
6.162537450164003346e-04
6.169987106369084805e-04
6.176669092993217159e-04
6.181663804382745960e-04
6.173820187638813777e-04
6.187454426402616559e-04
6.181206293746886477e-04
6.191984060510456007e-04
6.187951450007849255e-04
6.165818468044685034e-04
6.171171587086478208e-04
6.182635597428864536e-04
6.178128202308060457e-04
6.162414009849133617e-04
6.172853277429178435e-04
6.193017798534026109e-04
6.168911902553498314e-04
6.170535129928572888e-04
6.192831080583339684e-04
6.173775065805500858e-04
6.168881150176340955e-04
6.174268514620656970e-04
6.177768114891776146e-04
6.180509004908180679e-04
6.170378209902937280e-04
6.179428132406956107e-04
6.179051828016619103e-04
6.193885445818338512e-04
6.172697915026111081e-04
6.178313875214527535e-04
6.203327680447722273e-04
6.168084929577726319e-04
6.197693708250455241e-04
6.178017489772277479e-04
6.176174537293973622e-04
6.184954771639973809e-04
6.166137686861481674e-04
6.187061726962124822e-04
6.182080403340943281e-04
6.141917143711986314e-04
6.192041697832391606e-04
6.186147337731264309e-04
6.181186014573455912e-04
6.169728075655656627e-04
6.182170098804327420e-04
6.170882469462198863e-04
6.202486974798104543e-04
6.197891838001535212e-04
6.189371645811319938e-04
6.196738910040331966e-04
6.174800230029647711e-04
6.162305379299535656e-04
6.188291952637979629e-04
6.187679085836763878e-04
6.181809986465888924e-04
6.185801576696072727e-04
6.185693388504810057e-04
6.196274508500907493e-04
6.189342599878818298e-04
6.182257486453133014e-04
6.171565058284381611e-04
6.189439432972164336e-04
6.156797320920092461e-04
6.197964084123574677e-04
6.182416189522099660e-04
6.161098571469601727e-04
6.167221300909785662e-04
6.189482868486211606e-04
6.180300446507214782e-04
6.170332585939681917e-04
6.190016224748609271e-04
6.202762159209570126e-04
6.188560729284444100e-04
6.191215324818764463e-04
6.187245171679305175e-04
6.198525088428525655e-04
6.165934968555190996e-04
6.185999217506826754e-04
6.193826110812961604e-04
6.179500212380802278e-04
6.182893447272187239e-04
6.184934158503575287e-04
6.177964018248034575e-04
6.190088219246430313e-04
6.174351376934230154e-04
6.197225033999506985e-04
6.160556187157343634e-04
6.178305345935517032e-04
6.188885265887692812e-04
6.197713758019653650e-04
6.188856425969215371e-04
6.189337322310670174e-04
6.173113096247197966e-04
6.170969271315548260e-04
6.193399382621924418e-04
6.170381323961003596e-04
6.169471341697703058e-04
6.181131608563708623e-04
6.171296625642096667e-04
6.169340199598027713e-04
6.183884438036724033e-04
6.196682172171403017e-04
6.177179727609913816e-04
6.176094063211999682e-04
6.166931169272282885e-04
6.169375962217673974e-04
6.194519000637462199e-04
6.175654026197912802e-04
6.170400398912406076e-04
6.162890433080227574e-04
6.174334462450547113e-04
6.179510445619769855e-04
6.176428191120249050e-04
6.167053913565525777e-04
6.155812477884496170e-04
6.169242638862968515e-04
6.178771307927870488e-04
6.167458452591038443e-04
6.159793447560279848e-04
6.194853267618566361e-04
6.176159953423978732e-04
6.168040539444004725e-04
6.171821371811994248e-04
6.192575663930185428e-04
6.173016898856532745e-04
6.166763961321977119e-04
6.188731537248441964e-04
6.152562124922267284e-04
6.188122867146864407e-04
6.181808431922128496e-04
6.180866710058472444e-04
6.184491564459481837e-04
6.156823118407181699e-04
6.185522462371231085e-04
6.197555089239473007e-04
6.186310473103396939e-04
6.176411529696736484e-04
6.198219465358873219e-04
6.170576940599696103e-04
6.194700562521951795e-04
6.185297221883409623e-04
6.169128009797629356e-04
6.169391669841841263e-04
6.182221611869982963e-04
6.184228828115673204e-04
6.182252515659493030e-04
6.189516556694294120e-04
6.203192135929402450e-04
6.184322006322221302e-04
6.168100098775758334e-04
6.172888661716560092e-04
6.175576867375867423e-04
6.200285378916177556e-04
6.185485601111798907e-04
6.177375587333603984e-04
6.167660397247357994e-04
6.169487844661584574e-04
6.173449304742788203e-04
6.177576038356698621e-04
6.183883700650801311e-04
6.173526914016590639e-04
6.197456993838049892e-04
6.175130592995065840e-04
6.196666528001932954e-04
6.163713501856935917e-04
6.186398176264937829e-04
6.176656411032784184e-04
6.144514743121089195e-04
6.161257496861883729e-04
6.169973427041756811e-04
6.173624613225749645e-04
6.208055441120089108e-04
6.190497941240677079e-04
6.173748067022363306e-04
6.156394980919036248e-04
6.181890037168598275e-04
6.179510831146495416e-04
6.180397648068671661e-04
6.174673971288469673e-04
6.167707701817571209e-04
6.148265156623777729e-04
6.162005708671887145e-04
6.162774301115683589e-04
6.205710230630387750e-04
6.196801912875348059e-04
6.156933593929868895e-04
6.190866267998392739e-04
6.173165761345244433e-04
6.188400852215427718e-04
6.172718197221396330e-04
6.147510501530488924e-04
6.155396333636421486e-04
6.174972586082246246e-04
6.175135720502675967e-04
6.173266411842621157e-04
6.165450867384064150e-04
6.167324760129718137e-04
6.177532744340452240e-04
6.201347152974074012e-04
6.184710025237123536e-04
6.171424814988384078e-04
6.166688990538631617e-04
6.163796294902443426e-04
6.187335225302712221e-04
6.159174017626124417e-04
6.178572103215741523e-04
6.156785176531609331e-04
6.186479817988681717e-04
6.182669277414673276e-04
6.189745245800124581e-04
6.193845419351647714e-04
6.182746451061461651e-04
6.173731184864125754e-04
6.198358246557973206e-04
6.181377338106575775e-04
6.168568767617757477e-04
6.180806296855459112e-04
6.195008498920860033e-04
6.185423595888645725e-04
6.207399929257902344e-04
6.196222238658385300e-04
6.177453890425199353e-04
6.170322281442760376e-04
6.195292460699511556e-04
6.171073227071007189e-04
6.169600433399357545e-04
6.157277634280291763e-04
6.169258148991285835e-04
6.176200465412483255e-04
6.187944293668494597e-04
6.199524880287765735e-04
6.169101869132318818e-04
6.160444123774559124e-04
6.163423141124675653e-04
6.180851426644406879e-04
6.172007152329381284e-04
6.168648092005885432e-04
6.182412373378361843e-04
6.167895562423636588e-04
6.180907402845341528e-04
6.200140669901912840e-04
6.184633236289772181e-04
6.180729218812534105e-04
6.196010633439896732e-04
6.187633231602255061e-04
6.184711689515539138e-04
6.168418197726664417e-04
6.189627736813593491e-04
6.200029412205803475e-04
6.184420682271745328e-04
6.173571493070958939e-04
6.164658263637121192e-04
6.172281576434092247e-04
6.201314831987107552e-04
6.197289672945586331e-04
6.171435538918234763e-04
6.186193205151114616e-04
6.171033737152530020e-04
6.196289668530947621e-04
6.196478319819301523e-04
6.208271216991664886e-04
6.156059907983994599e-04
6.184406862278591993e-04
6.162953128460439862e-04
6.170160442109171159e-04
6.169614278164009752e-04
6.179535842671720486e-04
6.178196077600879446e-04
6.167314791159194927e-04
6.183660818879916895e-04
6.160600985636190520e-04
6.181594289534387025e-04
6.159947798407214292e-04
6.172223294042754023e-04
6.144446962600330414e-04
6.176110442191820333e-04
6.172113598167250229e-04
6.153800097449533320e-04
6.182060277594864919e-04
6.154764570668053028e-04
6.167065010047254048e-04
6.166976592154069063e-04
6.175590917501571145e-04
6.180798762001164792e-04
6.176278095188110755e-04
6.199112144679463400e-04
6.172015190619627384e-04
6.187053393318522150e-04
6.177913183344942031e-04
6.180511505792584759e-04
6.171216179421389622e-04
6.190234395733567848e-04
6.166959294033751192e-04
6.187746650432185153e-04
6.166744218548951984e-04
6.165808206052890515e-04
6.184125352158638574e-04
6.165863665885274597e-04
6.187424641257482840e-04
6.191299246273011033e-04
6.186437651405028151e-04
6.202905833879088487e-04
6.176123739225066953e-04
6.188949962167833701e-04
6.182353218249875227e-04
6.183265806880843029e-04
6.191421444693824636e-04
6.186737794153768883e-04
6.169014974672288633e-04
6.169239016379870523e-04
6.188149845124629560e-04
6.172575545237515317e-04
6.168968196464119647e-04
6.167053484906567405e-04
6.166929010317999090e-04
6.148923473501157052e-04
6.195956101181755108e-04
6.188685143870453938e-04
6.193516682892118109e-04
6.208209656206632992e-04
6.177304771300414594e-04
6.170812623358667981e-04
6.184782516222613264e-04
6.190643975180357486e-04
6.179643890993421909e-04
6.173003957775362750e-04
6.168706083037877068e-04
6.212776822185545923e-04
6.189780064671419890e-04
6.178420600637444084e-04
6.166186761089671904e-04
6.171095568453285451e-04
6.173739203829883013e-04
6.188201382729825424e-04
6.190477340140172757e-04
6.173909212294763794e-04
6.182503342802514673e-04
6.167297053447522203e-04
6.180491314375562237e-04
6.193133852747764083e-04
6.192950895187710435e-04
6.190944190500054624e-04
6.173632353684168185e-04
6.150893525648518578e-04
6.165779770257950008e-04
6.165109270750882648e-04
6.203017816628892235e-04
6.185275638540616494e-04
6.188158397617437483e-04
6.172079039338401480e-04
6.187971729771923890e-04
6.185153261254944853e-04
6.160014873212670255e-04
6.183617076708868400e-04
6.180694715930277116e-04
6.170174959015798689e-04
6.197625717231858766e-04
6.163018389760137501e-04
6.187217915410462774e-04
6.178361168246931196e-04
6.188567735191215701e-04
6.177242684867028646e-04
6.188899648771846234e-04
6.161627896396796667e-04
6.175245240242514463e-04
6.181119398851059061e-04
6.168776171097021480e-04
6.159894396317740738e-04
6.174114981647390622e-04
6.168835027927756579e-04
6.178624875251730649e-04
6.177248763141973643e-04
6.185540731216476263e-04
6.190653648252906604e-04
6.170053237291908124e-04
6.191408544314875965e-04
6.181841417526557584e-04
6.184145018238757126e-04
6.188129064085204486e-04
6.180103035350404186e-04
6.162907871305911989e-04
6.179123120739671206e-04
6.187521407119953064e-04
6.179083512643586580e-04
6.180911780894967917e-04
6.175720975311878129e-04
6.173127683758808945e-04
6.195927536791199543e-04
6.170162431630545410e-04
6.162624451205063339e-04
6.178302203568538428e-04
6.165032446714657213e-04
6.171572450317309218e-04
6.161924434785560683e-04
6.179560624121838370e-04
6.193220443853419228e-04
6.181225362452627417e-04
6.172989208609640449e-04
6.158512478869442031e-04
6.167963815507391048e-04
6.165044588677772493e-04
6.189481413286758915e-04
6.190442271984327198e-04
6.186715679648889868e-04
6.176206364130841639e-04
6.174238468448428130e-04
6.179693589936681311e-04
6.180581458196953999e-04
6.178789629326283646e-04
6.172917934647012333e-04
6.173295309330059048e-04
6.172037941067504965e-04
6.176130727826476766e-04
6.170152955630294010e-04
6.173210378333135158e-04
6.177334882463119542e-04
6.177860510356814831e-04
6.185384701487295920e-04
6.163576027263090694e-04
6.183356614590742760e-04
6.174667969612539350e-04
6.180529916429486478e-04
6.186436866766434903e-04
6.171887005108310509e-04
6.177510797036950751e-04
6.191339808262457528e-04
6.152328536068826141e-04
6.198451993419983649e-04
6.178000816038479743e-04
6.158005726036684798e-04
6.186448222141898616e-04
6.184290084258384614e-04
6.171059978758718393e-04
6.175328413091978269e-04
6.172275730008218442e-04
6.168926880570399073e-04
6.184874368540517692e-04
6.184240400713041444e-04
6.159469237229424571e-04
6.164538615348125541e-04
6.164447464641143251e-04
6.177304271976027418e-04
6.184494265934231032e-04
6.173299703993265523e-04
6.177642904706286998e-04
6.166130673591818309e-04
6.198521059818461838e-04
6.196981769787928557e-04
6.183406606939945149e-04
6.175312189885187727e-04
6.191918629927924090e-04
6.175095898972570449e-04
6.175429567921038830e-04
6.186887865780942670e-04
6.187965551824369317e-04
6.181716561151061893e-04
6.162720433020705451e-04
6.173189708572793906e-04
6.161599792150102050e-04
6.201069793145452987e-04
6.173382666741442917e-04
6.163584805367012609e-04
6.187960730800693560e-04
6.194215665261633202e-04
6.180349870071103185e-04
6.170364606674393678e-04
6.177352991140736861e-04
6.155008837713228870e-04
6.155900449079635848e-04
6.168785092034578940e-04
6.179691422170004427e-04
6.175760148791794831e-04
6.183065562997624390e-04
6.179723063086541663e-04
6.149221338067740973e-04
6.186921390587448843e-04
6.161205494181472113e-04
6.183475169936860283e-04
6.180077116168275920e-04
6.175075189377551756e-04
6.190783511622459942e-04
6.208980379011913445e-04
6.187110618895862082e-04
6.171790426073494326e-04
6.188691356584282571e-04
6.191670927596296245e-04
6.200429175942848538e-04
6.188499813569618225e-04
6.176707890764356621e-04
6.194804761157918097e-04
6.188163282094777222e-04
6.182449878402482930e-04
6.153784882077430879e-04
6.163069972350401554e-04
6.182805823323003509e-04
6.183256120607616381e-04
6.172599222329191483e-04
6.188752487414044944e-04
6.181006300279719666e-04
6.167613824293869448e-04
6.192438666995769142e-04
6.175122093544725254e-04
6.194921015185566064e-04
6.181333076333822953e-04
6.179615071300383631e-04
6.164126626710263353e-04
6.180649358890175256e-04
6.194050080656494494e-04
6.188714202195258474e-04
6.173009208629218203e-04
6.199804508130297119e-04
6.165231879275678275e-04
6.162386513489071741e-04
6.185827189190888729e-04
6.182611537427764800e-04
6.151474421327424429e-04
6.167544854470784340e-04
6.188377726201086358e-04
6.179002812194136444e-04
6.178076216949028631e-04
6.169224671694530787e-04
6.165969875129051784e-04
6.185651208003629421e-04
6.186550409549186743e-04
6.174312153565549542e-04
6.180172999750987994e-04
6.176799035571978050e-04
6.163351898965083219e-04
6.171420933438217073e-04
6.174023409123764218e-04
6.194698080696854799e-04
6.153904541610447651e-04
6.166864239619667407e-04
6.184053665589205181e-04
6.203869436752880917e-04
6.178932381406220236e-04
6.177389123430030663e-04
6.171811501271261833e-04
6.166685827872846973e-04
6.161723812357258311e-04
6.184989473701942150e-04
6.185158457356793342e-04
6.178923551546759447e-04
6.166523082731235851e-04
6.175309719816738903e-04
6.184570345124749003e-04
6.192777821825390079e-04
6.188723959240703502e-04
6.175055194399657220e-04
6.177473084125158827e-04
6.163064329095090804e-04
6.189348004547359349e-04
6.191531505776216599e-04
6.179285157855989204e-04
6.181878752604336516e-04
6.168738885514148335e-04
6.181640287115056521e-04
6.174150932730961255e-04
6.173120831715514208e-04
6.184509136571218453e-04
6.178956315274743366e-04
6.165122939994869145e-04
6.176587035696773321e-04
6.152726408368093319e-04
6.202663360459413589e-04
6.171123350250924764e-04
6.171148379282996501e-04
6.191423627208475413e-04
6.169192958448724241e-04
6.172363561732662927e-04
6.163542388046818138e-04
6.191229204913874847e-04
6.194186593058243970e-04
6.185957634292774728e-04
6.172782846204726654e-04
6.164268089881621551e-04
6.180721700764600776e-04
6.189343360148960495e-04
6.174767633579814757e-04
6.183606155871024333e-04
6.176867563286631045e-04
6.174762411718638872e-04
6.177389716521982082e-04
6.181862142337508090e-04
6.165129533230624681e-04
6.190821591601266671e-04
6.188764555273817405e-04
6.168846343948198229e-04
6.186748123530413273e-04
6.173371093271122793e-04
6.182254618557930011e-04
6.166577931483955416e-04
6.188280049054840914e-04
6.163345855615993832e-04
6.184774428143952670e-04
6.166885958767161354e-04
6.164420604203442152e-04
6.174674089453755172e-04
6.179943857869406613e-04
6.184999272951199238e-04
6.174940335868258192e-04
6.166920002904762582e-04
6.179306695321322516e-04
6.185389701195820713e-04
6.176071862320908898e-04
6.179376129480278809e-04
6.162701162970879876e-04
6.167443503453596187e-04
6.163460007409962780e-04
6.181019960497442269e-04
6.183471310658731008e-04
6.183395315092301593e-04
6.160468253291708678e-04
6.175441437561231435e-04
6.173680327834685146e-04
6.179693213988480789e-04
6.184977316863831103e-04
6.174286496190030653e-04
6.162474608956786072e-04
6.161247886731547902e-04
6.182939049271943873e-04
6.185464676753962224e-04
6.185609102565540378e-04
6.171673295727582529e-04
6.158691192458603733e-04
6.180263083053773570e-04
6.164500778691447752e-04
6.179959686101418360e-04
6.170129463418445219e-04
6.184493542847305410e-04
6.191886279503422321e-04
6.168229863614123039e-04
6.179929225801185713e-04
6.180294168459083510e-04
6.178569767771219289e-04
6.170001600666670961e-04
6.169734596717655391e-04
6.182401582311017676e-04
6.166728014115961231e-04
6.174648839004162615e-04
6.172125569900030690e-04
6.176085622202669373e-04
6.160621859540562012e-04
6.178316282206842416e-04
6.180867492284785247e-04
6.185989128733254769e-04
6.153289888391302084e-04
6.175711193357892159e-04
6.195528480617022368e-04
6.187606842364604511e-04
6.189996184829516619e-04
6.176939505215776763e-04
6.165488890153132629e-04
6.173638584915139933e-04
6.182934590441949195e-04
6.181515792055975985e-04
6.192999291287702539e-04
6.172575807104000844e-04
6.188453149072222891e-04
6.183931503716885844e-04
6.188522812766176964e-04
6.176547734456981457e-04
6.193590732801251223e-04
6.175537401393612182e-04
6.204865291880172539e-04
6.181841480112081370e-04
6.165825756166597648e-04
6.182385803558032491e-04
6.184273878757674814e-04
6.169665315157782642e-04
6.183643959108706470e-04
6.185442001035938026e-04
6.152855962642507850e-04
6.168859545898639288e-04
6.194412832971809418e-04
6.166818426648453455e-04
6.189310807167396891e-04
6.169116700327141427e-04
6.187336352672357341e-04
6.172018986939833279e-04
6.199887385202409746e-04
6.167023749699771656e-04
6.189336374218213851e-04
6.173442292420792347e-04
6.165216014792935378e-04
6.165460459144937126e-04
6.169963541189837832e-04
6.187613964983287515e-04
6.159344194354808696e-04
6.161106146687020130e-04
6.188037080530640064e-04
6.165073550581484348e-04
6.180943213600199968e-04
6.159299092857379362e-04
6.179328470994812370e-04
6.172665245401244387e-04
6.179068896268223934e-04
6.177893197878168768e-04
6.194998666914172279e-04
6.171734405686140831e-04
6.171906171584592028e-04
6.188032242999563391e-04
6.163833961259253258e-04
6.182713355151505915e-04
6.178966671643355444e-04
6.185724538408102690e-04
6.173904912036818921e-04
6.182067451531495211e-04
6.173079165183694350e-04
6.176859230045962353e-04
6.181767542817379925e-04
6.213409058595365355e-04
6.194081526022327195e-04
6.181398853881842894e-04
6.180096420821980501e-04
6.181570621169286094e-04
6.198596158689759911e-04
6.170810250117358562e-04
6.174161805469165817e-04
6.170813088777312360e-04
6.188836983771272638e-04
6.182631801293483670e-04
6.160810289792537694e-04
6.177777586423726817e-04
6.168244297800938667e-04
6.178439986217745469e-04
6.175289705780532580e-04
6.195499222684823417e-04
6.161767359453095396e-04
6.166180145337368280e-04
6.191597561494270206e-04
6.179133285620865999e-04
6.189887936816368006e-04
6.167556137578917045e-04
6.181524498366341557e-04
6.172863623930247533e-04
6.166291899190181692e-04
6.160586511065601093e-04
6.150301496342028404e-04
6.173435908611212214e-04
6.174952332908528047e-04
6.166240003023352751e-04
6.166708583066189643e-04
6.154412244576041875e-04
6.172475443424437543e-04
6.184046395620024488e-04
6.187708823727258159e-04
6.196518587415458974e-04
6.172825187801509210e-04
6.158652020221205489e-04
6.171708709832150232e-04
6.179670221122018003e-04
6.201614088801117759e-04
6.208318862527140852e-04
6.174957976302511507e-04
6.165069331496075616e-04
6.185680784168056051e-04
6.184981827387677888e-04
6.163212401165517199e-04
6.183884411901548195e-04
6.163353082972147703e-04
6.198014197617431704e-04
6.170540787068621181e-04
6.194606197639419441e-04
6.181339355425381722e-04
6.186441165080090862e-04
6.179460723742532602e-04
6.180474176497470756e-04
6.200072878117388530e-04
6.171883943923800421e-04
6.185551459967321896e-04
6.164982053526571254e-04
6.175482691610671227e-04
6.190351473439577659e-04
6.175649670068674010e-04
6.166769272791599536e-04
6.195764258247138606e-04
6.171887967544969740e-04
6.172592889613291419e-04
6.184609023896280120e-04
6.192780629115393837e-04
6.194938311563968946e-04
6.178097944965803756e-04
6.205017088456462162e-04
6.177823026546003715e-04
6.181048756282846862e-04
6.175038045657055491e-04
6.180012037060194675e-04
6.188695384273698282e-04
6.175401801116143976e-04
6.194433469705986402e-04
6.187762431235077892e-04
6.174809903212056866e-04
6.179391290351273847e-04
6.189583008327181847e-04
6.201479126216160112e-04
6.168306159847481958e-04
6.182554308606476789e-04
6.191654554770332315e-04
6.183027422321513275e-04
6.181859286292864684e-04
6.200885738410322852e-04
6.176106218090639732e-04
6.172173955287134969e-04
6.209494636681757744e-04
6.160675819990602551e-04
6.180055893840739108e-04
6.166842787623192648e-04
6.175077950805097802e-04
6.164037983754884010e-04
6.147149689977996802e-04
6.177366629241419277e-04
6.200503040033072564e-04
6.172924706156539482e-04
6.177926022985105823e-04
6.161953255068243398e-04
6.193955427930121580e-04
6.188201979077859313e-04
6.188945926259863031e-04
6.179249635143281658e-04
6.184634358440283799e-04
6.163172854614956024e-04
6.195451050190976848e-04
6.185836826538385373e-04
6.185109257310814849e-04
6.168391816924893899e-04
6.179433442056123929e-04
6.165032258542163133e-04
6.175915731465672241e-04
6.156940657798538582e-04
6.181812734483701577e-04
6.177136362230915573e-04
6.180772552990189839e-04
6.170611379633158134e-04
6.173182732053040297e-04
6.176770182635708470e-04
6.165662342115844040e-04
6.165602754175653196e-04
6.194153166761701005e-04
6.163389075418547296e-04
6.192105207847045613e-04
6.147062949453766271e-04
6.167041493329069712e-04
6.180231294817515892e-04
6.183911634218047706e-04
6.185119814399239876e-04
6.181540589904431634e-04
6.167962902523363477e-04
6.173412280593816928e-04
6.157221897824185922e-04
6.191471927657479302e-04
6.167205751683499772e-04
6.168342653356235052e-04
6.187272391974345514e-04
6.194100679066936489e-04
6.165298654387068016e-04
6.199038708015859947e-04
6.183636515255103291e-04
6.173373424013451531e-04
6.174036391023104454e-04
6.164693781062183416e-04
6.188933886798413759e-04
6.194156549522273313e-04
6.175688854764967931e-04
6.184584673791515552e-04
6.174964264623006250e-04
6.187228416526937636e-04
6.191233284545433636e-04
6.202097190943694832e-04
6.161203990801068005e-04
6.183665116348199819e-04
6.191416974052484871e-04
6.187571850990487713e-04
6.173216017899308154e-04
6.198957925511536932e-04
6.185602424786331875e-04
6.164999249489320696e-04
6.181321424513872443e-04
6.168308452050079395e-04
6.187322425409213589e-04
6.183291037806305009e-04
6.198514723216571936e-04
6.177339925617313489e-04
6.187705429693254660e-04
6.173296301219359777e-04
6.180370041322709061e-04
6.191573710397431547e-04
6.166166138000950129e-04
6.180769817643330883e-04
6.186300323399698993e-04
6.182728670814141613e-04
6.176990107654213059e-04
6.185062488506608931e-04
6.183478384900818314e-04
6.193223613000504828e-04
6.191500716247995764e-04
6.177211812856388479e-04
6.179003391685320215e-04
6.182556112384880558e-04
6.197249427702132335e-04
6.165556015963932204e-04
6.191547426573496948e-04
6.166782751685721256e-04
6.194354565363767310e-04
6.201770751003359656e-04
6.181665287252364072e-04
6.182798479265213219e-04
6.166723704457186634e-04
6.176871518220573235e-04
6.190365530458070671e-04
6.192071306114693219e-04
6.194196322522471524e-04
6.174590959694294503e-04
6.178715285395819812e-04
6.186167469510355302e-04
6.176761210948646585e-04
6.181079192897393935e-04
6.169639659451620680e-04
6.178141939779185302e-04
6.159621490694460865e-04
6.184047437594599687e-04
6.187769640432485771e-04
6.208624196191136731e-04
6.180924040873534125e-04
6.177586930488175978e-04
6.169207078034400675e-04
6.159490913195197299e-04
6.189792485055361062e-04
6.189960249364612286e-04
6.181687921930790336e-04
6.161539470789850412e-04
6.164868872813042758e-04
6.172596386919417758e-04
6.178036636352736812e-04
6.202949915640217212e-04
6.174038857982101563e-04
6.179853751489442848e-04
6.174868971513340068e-04
6.169217001631503152e-04
6.178115264991068016e-04
6.201824717461378597e-04
6.177698150961618987e-04
6.180085285275318217e-04
6.190666853466955579e-04
6.158905024985558002e-04
6.172018121079759752e-04
6.185375804110624775e-04
6.167533288809624436e-04
6.189053300336576271e-04
6.178344894619907345e-04
6.181733924912892171e-04
6.158261760911679962e-04
6.174677050705988180e-04
6.183477105568056624e-04
6.167046538939801236e-04
6.196197891715647579e-04
6.184365917357999938e-04
6.185836979821680718e-04
6.183600453170417675e-04
6.196150560379008916e-04
6.172601431643331537e-04
6.159458122967707665e-04
6.203665357226267581e-04
6.200305011160922369e-04
6.205898337979838400e-04
6.165516898215974264e-04
6.177825013524485855e-04
6.168247684435365337e-04
6.171182824318283003e-04
6.163327145680715232e-04
6.161277080835970239e-04
6.158900038347791877e-04
6.188843318605030458e-04
6.165986127506395019e-04
6.162616970826399840e-04
6.174373384809451809e-04
6.197603660729402060e-04
6.155957831506157860e-04
6.194775137884990556e-04
6.151375050615566801e-04
6.199857801888575097e-04
6.166180693106034644e-04
6.159752885241943877e-04
6.170969386144958347e-04
6.166919194197733288e-04
6.191000867213213455e-04
6.193978163507272983e-04
6.189170933736592517e-04
6.167610040286769816e-04
6.190225684785652166e-04
6.182621488237096058e-04
6.170164684498227314e-04
6.175380655311766718e-04
6.174426727072844642e-04
6.168928320266116316e-04
6.171630482123231310e-04
6.193395659492622815e-04
6.193697887795606956e-04
6.181948953988545322e-04
6.163690215709094131e-04
6.183439460668304927e-04
6.182051507260628506e-04
6.198668523285763739e-04
6.183301491856450088e-04
6.197054286839091342e-04
6.185040716815219100e-04
6.184123703836034948e-04
6.172900601414736633e-04
6.186227822408155120e-04
6.185497087914782312e-04
6.196001583578618615e-04
6.180701839647447741e-04
6.189347134290879623e-04
6.178633569503159473e-04
6.165975226615998507e-04
6.165513714947900214e-04
6.176045598835072908e-04
6.185700432296325829e-04
6.188511787745251463e-04
6.174657616448081879e-04
6.179417623291289657e-04
6.186473377614613248e-04
6.178966690197053519e-04
6.167240800166559796e-04
6.155013890608995600e-04
6.190332213744586479e-04
6.190097214526290919e-04
6.186669228779361016e-04
6.160534609945479603e-04
6.185586871441916537e-04
6.157209948548279061e-04
6.165381941996686327e-04
6.198094554385124525e-04
6.193433736877328394e-04
6.182434826313538100e-04
6.176185965524417848e-04
6.172757058499451447e-04
6.176226580984001732e-04
6.185956675219757327e-04
6.159497310820113026e-04
6.176688278367569720e-04
6.156784235427900697e-04
6.181925979002849932e-04
6.191906103166738666e-04
6.172215663573038741e-04
6.197112623652705713e-04
6.187705297710520457e-04
6.174336388613489365e-04
6.179535873476490028e-04
6.208331145008311224e-04
6.175101829724054985e-04
6.195184188976985383e-04
6.180367990732298696e-04
6.176884681097136696e-04
6.184519790666268219e-04
6.165151269806438700e-04
6.182104083276843869e-04
6.174904447614432221e-04
6.176637230199145132e-04
6.169666470257253576e-04
6.181340354604855690e-04
6.158422220851237456e-04
6.168885601589195813e-04
6.199259194781168124e-04
6.165619059057025116e-04
6.196704540247995356e-04
6.185178070140822564e-04
6.172709433346468917e-04
6.178222851533920774e-04
6.160277664718382578e-04
6.177574278420217132e-04
6.195776947446336291e-04
6.191287347478122193e-04
6.177472600859118795e-04
6.194852274166208223e-04
6.168853779374945190e-04
6.166657364479133591e-04
6.183042825794712915e-04
6.155460615579710871e-04
6.164072372521991377e-04
6.168405048953058039e-04
6.154291652045034170e-04
6.176701691408201245e-04
6.167286124609855542e-04
6.176946363059149800e-04
6.160360070842549850e-04
6.184462042839355056e-04
6.181056211137828885e-04
6.182620098102203010e-04
6.179245850415969292e-04
6.176335217364045411e-04
6.167444216629297407e-04
6.175287921049514009e-04
6.157827442120372046e-04
6.197538482289284079e-04
6.187115719726830627e-04
6.164757220132367505e-04
6.163826380521068718e-04
6.162356960214730121e-04
6.195160055259520604e-04
6.168107334307876451e-04
6.204912014562262998e-04
6.192393963767927690e-04
6.187229402509783569e-04
6.157530070222479342e-04
6.204850195200116306e-04
6.196639139957763141e-04
6.197479455464380499e-04
6.187658448034185884e-04
6.182202172303694889e-04
6.171573785776815870e-04
6.176316124342786339e-04
6.176010800405959617e-04
6.194941019637092332e-04
6.163790478744736066e-04
6.178051475396994499e-04
6.174579132591739806e-04
6.202832172250402664e-04
6.179201315744835060e-04
6.178686929166417492e-04
6.178460162270413237e-04
6.188620197739774570e-04
6.194923684336001678e-04
6.196171392876059043e-04
6.194628902295019716e-04
6.193720917648267267e-04
6.184728136658044486e-04
6.183352409437141125e-04
6.177546345813948996e-04
6.160326887717771076e-04
6.188670596125962677e-04
6.168113693374927594e-04
6.181015640431405597e-04
6.167311402468281765e-04
6.169242235532507038e-04
6.177575583097022092e-04
6.195958005214697705e-04
6.172062955795147750e-04
6.184031177350197668e-04
6.167317373178880877e-04
6.186275119948480596e-04
6.178834386566213954e-04
6.168944376619979984e-04
6.172716792561828416e-04
6.160453603223702088e-04
6.180448653711414922e-04
6.193808120348412742e-04
6.187432508948709003e-04
6.204418838633699767e-04
6.157217469823429061e-04
6.194482070118663983e-04
6.177225801475925288e-04
6.169650577441988804e-04
6.173542329905264744e-04
6.164101596456366241e-04
6.160950827447087517e-04
6.174621669248513741e-04
6.203366923840070938e-04
6.161375898581519057e-04
6.197635500101224704e-04
6.177685233517438710e-04
6.206413964510688148e-04
6.175059406292301772e-04
6.194831027715616513e-04
6.175487836517435302e-04
6.170810857799196355e-04
6.149388578626025555e-04
6.175130879661621134e-04
6.187044847254047570e-04
6.180497444092832027e-04
6.213967735030653892e-04
6.185861310152594760e-04
6.184166328648968772e-04
6.175158306379414713e-04
6.183858896652785634e-04
6.197790036489724983e-04
6.191444758692230075e-04
6.189784467753921358e-04
6.180996233670759408e-04
6.175897374351543758e-04
6.182170543695433796e-04
6.179856943405026689e-04
6.184114290355998246e-04
6.168102096457851865e-04
6.171173364878569266e-04
6.187367172092457079e-04
6.171284519773207952e-04
6.184422600933573051e-04
6.171313561720844854e-04
6.186579232027085038e-04
6.180859527600489041e-04
6.177115695377842931e-04
6.166027809313802746e-04
6.189341957015851662e-04
6.186945782582206404e-04
6.193608148649181692e-04
6.188626030213238184e-04
6.170664974771426954e-04
6.159806265115555469e-04
6.180787618967981340e-04
6.160919699033069004e-04
6.187486244113193272e-04
6.193284600345756903e-04
6.181480693357999101e-04
6.173013680081589983e-04
6.175347918794165183e-04
6.181905893752180246e-04
6.178533448325396063e-04
6.167609936627845924e-04
6.172054709558829179e-04
6.175290657181427495e-04
6.174866295924734145e-04
6.191688623144182401e-04
6.169140580099814579e-04
6.177143518376724965e-04
6.165386771367979387e-04
6.166826950332512372e-04
6.194680522890097909e-04
6.185004096841975000e-04
6.194122518811542378e-04
6.185279290365378133e-04
6.169300571515398115e-04
6.166502908550194851e-04
6.171458677398700176e-04
6.175384818436028276e-04
6.157428904544823538e-04
6.171927994887682883e-04
6.166808353808532353e-04
6.181042265360127842e-04
6.188634184508947983e-04
6.178219341825416048e-04
6.162430178640350550e-04
6.199530796638190715e-04
6.171438226947703913e-04
6.180388114900437890e-04
6.197435418523553757e-04
6.195596776475599142e-04
6.160405503414957814e-04
6.190294599199135670e-04
6.203932297579113804e-04
6.188746715999691572e-04
6.204241278023039582e-04
6.194256719225515063e-04
6.182879748606681268e-04
6.194278015571944018e-04
6.189175729334806843e-04
6.175913516954716987e-04
6.186411282897766577e-04
6.201697787669946350e-04
6.193164597394897140e-04
6.183945401066287756e-04
6.174601268812060766e-04
6.186781537504194069e-04
6.190890570745670451e-04
6.182592800289215098e-04
6.197596302915190638e-04
6.178268640347940469e-04
6.179191080056969194e-04
6.178140208766416197e-04
6.177564826253374936e-04
6.162080432740592827e-04
6.182125381690518938e-04
6.192699691815859884e-04
6.184530029725113795e-04
6.175107243854404543e-04
6.171006678165531258e-04
6.181283949328046819e-04
6.202790807671185267e-04
6.204320415055271766e-04
6.170692737231977913e-04
6.171946522855143932e-04
6.189244612332386397e-04
6.177693103230907923e-04
6.175204673054725127e-04
6.195827834509975767e-04
6.177617661540936011e-04
6.178387826226127691e-04
6.192304993378379158e-04
6.195933210407505044e-04
6.185173000403675113e-04
6.171342267866016277e-04
6.178260426091107147e-04
6.167689162964660717e-04
6.177425113450251424e-04
6.189976214964840878e-04
6.157923151554509870e-04
6.195673051203945663e-04
6.164777400727937786e-04
6.172141947548546483e-04
6.192609358526888043e-04
6.169437985804040667e-04
6.179863533767182429e-04
6.173072677990577677e-04
6.186648726371123076e-04
6.199911911994943547e-04
6.183795395356386695e-04
6.171463342328334161e-04
6.188262898947749068e-04
6.176621133468005289e-04
6.159053262862739658e-04
6.199283114768834070e-04
6.172852508001167547e-04
6.180906952060849328e-04
6.172598698186498260e-04
6.178849967674467612e-04
6.194654376450450198e-04
6.188248461016202136e-04
6.164647571216893976e-04
6.148469316521640001e-04
6.187864015968720438e-04
6.196613530646853185e-04
6.181639293891139780e-04
6.196431694795996419e-04
6.155445253923382378e-04
6.183632827358313041e-04
6.158468422056000450e-04
6.172892408271235748e-04
6.172270906368702197e-04
6.174427421628300543e-04
6.166482448196558899e-04
6.203488909656813908e-04
6.180368485517327617e-04
6.174655791338080598e-04
6.198657552162489554e-04
6.168461483366591410e-04
6.163156292671143109e-04
6.152101811505623647e-04
6.188367205782499504e-04
6.186449491910497693e-04
6.172568698964237205e-04
6.165470132701024149e-04
6.162286958498580094e-04
6.185892560384585650e-04
6.185655773565905532e-04
6.181097715734894943e-04
6.175700074988868310e-04
6.162556965434196369e-04
6.177096056178212231e-04
6.158080307988209826e-04
6.165087285708516392e-04
6.169355878688071153e-04
6.187571814481524542e-04
6.191263385224914052e-04
6.195764927100170377e-04
6.176399810163919410e-04
6.183535313801545932e-04
6.178830337348394184e-04
6.187114728576138291e-04
6.194903572377619344e-04
6.190181460804114813e-04
6.181919386037440208e-04
6.180483336048342435e-04
6.162452987804127027e-04
6.164557402306618337e-04
6.179216519845749525e-04
6.195116600805750497e-04
6.201115309397649310e-04
6.166128831355457019e-04
6.168362148787193654e-04
6.173592483965677962e-04
6.183104065621590007e-04
6.203245412773736225e-04
6.162469633986711499e-04
6.203293720744413285e-04
6.162757170474114686e-04
6.189601324361578482e-04
6.187812182845202303e-04
6.190962963020797379e-04
6.170316063868400277e-04
6.169610048888564272e-04
6.195689415352656883e-04
6.202539536465292297e-04
6.169746108651160375e-04
6.165004215776090542e-04
6.181040473891938770e-04
6.170832281386491808e-04
6.177734927850773473e-04
6.184582857176681731e-04
6.171222433575101465e-04
6.193620379030155077e-04
6.203513448734813323e-04
6.186925834284055271e-04
6.196715485641356548e-04
6.164157819747225365e-04
6.172677777461537318e-04
6.169819891823710581e-04
6.183664558131107478e-04
6.174956001407662072e-04
6.176638632940936128e-04
6.170714691795998628e-04
6.181480581113347594e-04
6.163235879963810783e-04
6.156056998749846526e-04
6.168067168325650027e-04
6.181585727226631853e-04
6.183446329192042977e-04
6.201791956721903641e-04
6.167097160149801697e-04
6.171952955103896660e-04
6.179735571013763836e-04
6.175013984976880903e-04
6.172244528648791534e-04
6.164394069213535851e-04
6.183198152101795127e-04
6.146600337575035744e-04
6.159165333160136280e-04
6.192781444247768413e-04
6.170352863152454284e-04
6.197250357751866393e-04
6.167534014843868012e-04
6.163077334352601907e-04
6.175555270444831350e-04
6.191047265834940952e-04
6.203342970132420722e-04
6.185604453627874342e-04
6.177459865666331314e-04
6.158694236950623332e-04
6.168102974703912810e-04
6.178752335405472956e-04
6.184494593003640999e-04
6.179864531280344995e-04
6.149008292026964537e-04
6.173545145275852230e-04
6.166499383055200172e-04
6.178196257074167891e-04
6.184770240317805610e-04
6.190836168584425625e-04
6.184028795349775023e-04
6.194937126799989315e-04
6.177174855899905757e-04
6.190587829148426783e-04
6.177203991746034071e-04
6.168647204953960463e-04
6.174839754067133497e-04
6.167299526654094468e-04
6.175997948538745940e-04
6.177952328156949757e-04
6.181789121744785728e-04
6.168074822071033811e-04
6.153875380833026413e-04
6.162441463298965003e-04
6.184062725690361905e-04
6.165860001504512881e-04
6.165654651232903771e-04
6.201062277115148343e-04
6.186166263406984913e-04
6.164844189858895368e-04
6.185250980570254761e-04
6.188764341196348545e-04
6.159744493411858229e-04
6.177957413207306892e-04
6.166750452627122120e-04
6.163468185185705600e-04
6.183213298698894515e-04
6.180927165553681997e-04
6.176089064245376004e-04
6.177828264841754655e-04
6.178628216197264112e-04
6.171488509659272615e-04
6.171154109509670522e-04
6.194736270939662148e-04
6.168958394759210774e-04
6.183939196600868674e-04
6.179242042303833117e-04
6.177971449524641018e-04
6.162310208230662150e-04
6.161930936703791930e-04
6.179635712676656784e-04
6.188790894849200384e-04
6.163246680387449985e-04
6.168445438732452326e-04
6.175400350656249640e-04
6.158620750671119299e-04
6.151793997339738808e-04
6.189434285768635052e-04
6.156843631370192841e-04
6.178957448053275800e-04
6.184951776687478168e-04
6.171953498896281913e-04
6.169818102111200445e-04
6.181911686277102424e-04
6.155559728606951582e-04
6.163071614986773529e-04
6.178578701970080696e-04
6.186854087012593623e-04
6.191218564444738630e-04
6.189776845193871837e-04
6.173074887115036560e-04
6.177494014049504135e-04
6.180770735092736175e-04
6.199001387971487392e-04
6.193314771626175609e-04
6.172494903621074175e-04
6.180766667618094569e-04
6.188568596934254824e-04
6.190737723305609827e-04
6.190169038444670547e-04
6.186960203265141943e-04
6.177621551030986575e-04
6.187573455683713884e-04
6.180189936987368115e-04
6.212786889280043356e-04
6.204193692051050571e-04
6.196748507360387613e-04
6.188282531028521313e-04
6.184204856056845206e-04
6.186379326062115555e-04
6.198475200714490983e-04
6.200601882237024350e-04
6.175509025945127156e-04
6.181404027219668728e-04
6.185067312686970756e-04
6.176798018958122236e-04
