5.951382133169282691e-05
5.951382133169282691e-05
5.951382133169282691e-05
5.951382133169282691e-05
5.951382133169282691e-05
5.951382133169282691e-05
5.951382133169282691e-05
5.951382133169282691e-05
5.951382133169282691e-05
5.951382133169282691e-05
5.951382133169282691e-05
5.951382133169282691e-05
5.951382133169282691e-05
5.951382133169282691e-05
5.951382133169282691e-05
5.951382133169282691e-05
5.951382133169282691e-05
5.951382133169282691e-05
5.951382133169282691e-05
5.951382133169282691e-05
5.951382133169282691e-05
5.951382133169282691e-05
5.951382133169282691e-05
5.951382133169282691e-05
5.951382133169282691e-05
5.951382133169282691e-05
5.951382133169282691e-05
5.951382133169282691e-05
5.951382133169282691e-05
5.951382133169282691e-05
5.951382133169282691e-05
5.951382133169282691e-05
5.951382133169282691e-05
5.951382133169282691e-05
5.951382133169282691e-05
5.951382133169282691e-05
5.951382133169282691e-05
5.951382133169282691e-05
5.951382133169282691e-05
5.951382133169282691e-05
5.951382133169282691e-05
5.951382133169282691e-05
5.951382133169282691e-05
5.951382133169282691e-05
5.951382133169282691e-05
5.951382133169282691e-05
5.951382133169282691e-05
5.951382133169282691e-05
5.951382133169282691e-05
5.951382133169282691e-05
5.951382133169282691e-05
5.951382133169282691e-05
5.951382133169282691e-05
5.951382133169282691e-05
5.951382133169282691e-05
5.951382133169282691e-05
5.951382133169282691e-05
5.951382133169282691e-05
5.951382133169282691e-05
5.951382133169282691e-05
5.951382133169282691e-05
5.951382133169282691e-05
5.951382133169282691e-05
5.951382133169282691e-05
5.951382133169282691e-05
5.951382133169282691e-05
5.951382133169282691e-05
5.951382133169282691e-05
5.951382133169282691e-05
5.951382133169282691e-05
5.951382133169282691e-05
5.951382133169282691e-05
5.951382133169282691e-05
5.951382133169282691e-05
5.951382133169282691e-05
5.951382133169282691e-05
5.951382133169282691e-05
5.951382133169282691e-05
5.951382133169282691e-05
5.951382133169282691e-05
5.951382133169282691e-05
5.951382133169282691e-05
5.951382133169282691e-05
5.951382133169282691e-05
5.951382133169282691e-05
5.951382133169282691e-05
5.951382133169282691e-05
5.951382133169282691e-05
5.951382133169282691e-05
5.951382133169282691e-05
5.951382133169282691e-05
5.951382133169282691e-05
5.951382133169282691e-05
5.951382133169282691e-05
5.951382133169282691e-05
5.951382133169282691e-05
5.951382133169282691e-05
5.951382133169282691e-05
5.951382133169282691e-05
5.951382133169282691e-05
5.951382133169282691e-05
5.951382133169282691e-05
5.951382133169282691e-05
5.951382133169282691e-05
5.951382133169282691e-05
5.951382133169282691e-05
5.951382133169282691e-05
5.951382133169282691e-05
5.951382133169282691e-05
5.951382133169282691e-05
5.951382133169282691e-05
5.951382133169282691e-05
5.951382133169282691e-05
5.951382133169282691e-05
5.951382133169282691e-05
5.951382133169282691e-05
5.951382133169282691e-05
5.951382133169282691e-05
5.951382133169282691e-05
5.951382133169282691e-05
5.951382133169282691e-05
5.951382133169282691e-05
5.951382133169282691e-05
5.951382133169282691e-05
5.951382133169282691e-05
5.951382133169282691e-05
5.951382133169282691e-05
5.951382133169282691e-05
5.951382133169282691e-05
5.951382133169282691e-05
5.951382133169282691e-05
5.951382133169282691e-05
5.951382133169282691e-05
5.951382133169282691e-05
5.951382133169282691e-05
5.951382133169282691e-05
5.951382133169282691e-05
5.951382133169282691e-05
5.951382133169282691e-05
5.951382133169282691e-05
5.951382133169282691e-05
5.951382133169282691e-05
5.951382133169282691e-05
5.951382133169282691e-05
5.951382133169282691e-05
5.951382133169282691e-05
5.951382133169282691e-05
5.951382133169282691e-05
5.951382133169282691e-05
5.951382133169282691e-05
5.951382133169282691e-05
5.951382133169282691e-05
5.951382133169282691e-05
5.951382133169282691e-05
5.951382133169282691e-05
5.951382133169282691e-05
5.951382133169282691e-05
5.951382133169282691e-05
5.951382133169282691e-05
5.951382133169282691e-05
5.951382133169282691e-05
5.951382133169282691e-05
2.895333806192704976e-04
2.895333806192704976e-04
2.895333806192704976e-04
2.895333806192704976e-04
4.945293655745228861e-03
4.945293655745228861e-03
4.945293655745228861e-03
4.945293655745228861e-03
4.945293655745228861e-03
4.945293655745228861e-03
4.945293655745228861e-03
4.945293655745228861e-03
4.945293655745228861e-03
4.945293655745228861e-03
4.945293655745228861e-03
4.945293655745228861e-03
4.945293655745228861e-03
4.945293655745228861e-03
4.945293655745228861e-03
4.945293655745228861e-03
4.945293655745228861e-03
4.945293655745228861e-03
4.945293655745228861e-03
4.945293655745228861e-03
4.945293655745228861e-03
4.945293655745228861e-03
4.945293655745228861e-03
4.945293655745228861e-03
4.945293655745228861e-03
4.945293655745228861e-03
4.945293655745228861e-03
4.945293655745228861e-03
4.945293655745228861e-03
4.945293655745228861e-03
4.945293655745228861e-03
4.945293655745228861e-03
4.945293655745228861e-03
4.945293655745228861e-03
4.945293655745228861e-03
4.945293655745228861e-03
4.945293655745228861e-03
4.945293655745228861e-03
4.945293655745228861e-03
4.945293655745228861e-03
4.945293655745228861e-03
4.945293655745228861e-03
8.185637248948466390e-04
6.442809517253224707e-04
5.574113479328160828e-04
4.632286765010870731e-04
3.718867435237123084e-04
3.172329607240542671e-04
3.007466363952934611e-04
2.980452662304169270e-04
2.949446478333221980e-04
2.926708676752218480e-04
2.917721016757509190e-04
2.912411430287752102e-04
2.899134263432951819e-04
2.881488042571322527e-04
2.871258737148370786e-04
2.862901000165473699e-04
2.867581446193543824e-04
2.867465233718799011e-04
2.874499650993804631e-04
2.884886998135113866e-04
2.884183295346290517e-04
2.884511850330508998e-04
2.880595497720173678e-04
2.857221788324577666e-04
2.840354051454289518e-04
2.859661261505691229e-04
2.879568033204529288e-04
2.884197845668494127e-04
2.903906734197145940e-04
2.888102772665277927e-04
2.894094062971261177e-04
2.888700169558093599e-04
2.883648431517302842e-04
2.883303681273008856e-04
2.882988614268669415e-04
2.882123226076802459e-04
2.871393596960117485e-04
2.871788869815790801e-04
2.889220232708208675e-04
2.895010971920944929e-04
2.897188009278215759e-04
2.902707146822253170e-04
2.893649053779561082e-04
2.897456343089576791e-04
2.881534444612657286e-04
2.870138370307912749e-04
2.872249974906316921e-04
2.880736172768863621e-04
2.893220521945318513e-04
2.904646213996232070e-04
2.895465732224545923e-04
2.904799288912148772e-04
2.896209081173091427e-04
2.889548307134382626e-04
2.881179200308490920e-04
2.874000637284813064e-04
2.882974230876491923e-04
2.877084226499309672e-04
2.880154217892306307e-04
2.890528433325705352e-04
2.895589753756907321e-04
2.905325567754014752e-04
2.893345083430239571e-04
2.879568372883571019e-04
2.879297044977307965e-04
2.881971379535454162e-04
2.886524032418290070e-04
2.885337408617654332e-04
2.895702307071277258e-04
2.883268925543264996e-04
2.888240779973780584e-04
2.894219074846626576e-04
2.892354030480147136e-04
2.889097467271961985e-04
2.882815991037204501e-04
2.884153061362419355e-04
2.894884359427950639e-04
2.882408305787366931e-04
2.892062730156381143e-04
2.878615575163622734e-04
2.878936361661640756e-04
2.894857606901266901e-04
2.900229865359950625e-04
2.898251290006002520e-04
2.900154324512798851e-04
2.880212225504598985e-04
2.883720614633812694e-04
2.893824870299308450e-04
2.885590750942513194e-04
2.890442936352039536e-04
2.890189307132223556e-04
2.905980305972814207e-04
2.900023029888321906e-04
2.892751350624637877e-04
2.901664674306810346e-04
2.880390501522359049e-04
2.892553080967096382e-04
2.896368183417728347e-04
2.888333425518517972e-04
2.889403636278974410e-04
2.884677132030028283e-04
2.892034692211104007e-04
2.897005150092527405e-04
2.894385339867325334e-04
2.898810684146976521e-04
2.890389837169640946e-04
2.891424535386031484e-04
2.891016061489737831e-04
2.894243312947980041e-04
2.894195250369900824e-04
2.897227560767695132e-04
2.894375125801334223e-04
2.894604516780385143e-04
2.889258936524380090e-04
2.906407627352836196e-04
2.893586968393615263e-04
2.886849622220686142e-04
2.889808286843593478e-04
2.897759823489518406e-04
2.901910920038391450e-04
2.887420527926458326e-04
2.889285446029984765e-04
2.901904737230041409e-04
2.897596096097981898e-04
2.902212157049103257e-04
2.878832473280840197e-04
2.895946109709835012e-04
2.901573974904831624e-04
2.889018017330709817e-04
2.897609489711401305e-04
2.900783143627649690e-04
2.891863311026116696e-04
2.887684669147704214e-04
2.901626966047291456e-04
2.890980918418370352e-04
2.896326760395780044e-04
2.899530908785326929e-04
2.890888229630390318e-04
2.891931146234755137e-04
2.888873142715534296e-04
2.880548322743993451e-04
2.915107613264559042e-04
2.898946202042978169e-04
2.898722320429696292e-04
2.895891032791711125e-04
2.889170323309512558e-04
2.889478861830891061e-04
2.908699274487509053e-04
2.891801691247610092e-04
2.894283657562824060e-04
2.887554925369026164e-04
2.898639512167271431e-04
2.892291538027019163e-04
2.895878679167626603e-04
2.891413593621383290e-04
2.877754267590173273e-04
2.896164548749366810e-04
2.892196425526542694e-04
2.889789342750208562e-04
2.882315462491042302e-04
2.884459146292686648e-04
2.882005541057302785e-04
2.887739264917733644e-04
2.884613879307691611e-04
2.899247720988492628e-04
2.883744371958929737e-04
2.882324551820877423e-04
2.882030183480979485e-04
2.875997605738170163e-04
2.887002997050520871e-04
2.893538787902034276e-04
2.894964447614166957e-04
2.891989591640021888e-04
2.881867613811041687e-04
2.896399988943240363e-04
2.893216684026858913e-04
2.898446900190526231e-04
2.899255869531391547e-04
2.890777637779257765e-04
2.887647722924470634e-04
2.890697260201792853e-04
2.890977164218059810e-04
2.905043577598519309e-04
2.899986287175252775e-04
2.897362906944198893e-04
2.913371269031646456e-04
2.919867313245255616e-04
2.908688802703790575e-04
2.900753469121963878e-04
2.888834214785742423e-04
2.900067535749877175e-04
2.898277319226228127e-04
2.914431849736496324e-04
2.909866543893700253e-04
2.906499542975472090e-04
2.886866624735249512e-04
2.918324909086105899e-04
2.904866335052856750e-04
2.909349847943696037e-04
2.899153822477946335e-04
2.899985063692299371e-04
2.905379438110180005e-04
2.888785376372140536e-04
2.902765765331767871e-04
2.906209548535285537e-04
2.886270873438432174e-04
2.904142355815003402e-04
2.893477566473454392e-04
2.910776512586809271e-04
2.886630696260559354e-04
2.874453239659538321e-04
2.893345346511073273e-04
2.877056562254834285e-04
2.874571352810340649e-04
2.899401333449580466e-04
2.901273278900546758e-04
2.902838525359456600e-04
2.913545707399887606e-04
2.890178254558962642e-04
2.889729281585222864e-04
2.893774837547386371e-04
2.891859449849663801e-04
2.893375049065475321e-04
2.885681330995492917e-04
2.888365847225359581e-04
2.886825708675180369e-04
2.884338503359083435e-04
2.915784443900231717e-04
2.911821749329155024e-04
2.904161462382297970e-04
2.899978306432315065e-04
2.879987546589234354e-04
2.884968164086549377e-04
2.886731299649418362e-04
2.891627928760867605e-04
2.892815292284268264e-04
2.891183105299898436e-04
2.902350813819961012e-04
2.900600408934818765e-04
2.894220520208999115e-04
2.893404865028520196e-04
2.887208877671301136e-04
2.874985963164263230e-04
2.876675795819826900e-04
2.887675200247693348e-04
2.886238178284701518e-04
2.878557791338463628e-04
2.890530926125294605e-04
2.889007360160132480e-04
2.901953887007684943e-04
2.897207481802476664e-04
2.886022824334876749e-04
2.874501892474399514e-04
2.862241437385680477e-04
2.886348846433908375e-04
2.881457705024549295e-04
2.894449999122383245e-04
2.892795186729728231e-04
2.895716842390322647e-04
2.892044081404562643e-04
2.879363016830794805e-04
2.893472680301264338e-04
2.894959422406620866e-04
2.890093441011039039e-04
2.899046860362129263e-04
2.903195665290935856e-04
2.885013685155655917e-04
2.884957432235597851e-04
2.891109351182735883e-04
2.907613974778956527e-04
2.900115778870286610e-04
2.895400151717329252e-04
2.899757540684828818e-04
2.909674185853853689e-04
2.905396756000758066e-04
2.897816318627978384e-04
2.892342025847334692e-04
2.894565259501278524e-04
2.897768401732158825e-04
2.903378392800023164e-04
2.897192761198127465e-04
2.891275567075224460e-04
2.891664667419348040e-04
2.893118365955054316e-04
2.904908786288805541e-04
2.893844356143557370e-04
2.896562954973691474e-04
2.897767701533859961e-04
2.896548225045926213e-04
2.906027667922366875e-04
2.888581876475868862e-04
2.906988069239892030e-04
2.874085879280900658e-04
2.853837745823010791e-04
2.804683278625731083e-04
2.777671892115074633e-04
2.767220980831289917e-04
2.758429468446324225e-04
2.756033330259557404e-04
2.711155059269687172e-04
2.640490612248197889e-04
2.657544104661703748e-04
2.796971254722530054e-04
3.078383347525662727e-04
3.425670464645465675e-04
3.977403691531325924e-04
4.607798149854964889e-04
4.828112565086097453e-04
4.691651012189868714e-04
4.532614124568987634e-04
4.063614184161666175e-04
3.296551949295937751e-04
2.379650299718707996e-04
1.296280366782695385e-04
2.130740556155921080e-05
1.322209735187197170e-04
2.444408292340425541e-04
3.217279169454654707e-04
4.251391963817611639e-04
5.313642739058091567e-04
6.336701093288532854e-04
6.273972402997896394e-04
5.545366788921668802e-04
4.405448428102257054e-04
3.024542101774386734e-04
3.171777166227599692e-04
5.629151943704482170e-04
8.997592827577262798e-04
1.383643090395035797e-03
1.844988795326665517e-03
2.288068496572343447e-03
2.771646595813393420e-03
3.237987984928118994e-03
3.669428545541288979e-03
4.030681337510643933e-03
4.290507658733275220e-03
4.455706439208272432e-03
4.679162548796549602e-03
4.888353494225481516e-03
5.076034291435707266e-03
5.169144546575465959e-03
5.192667775352730573e-03
5.193036660748604101e-03
5.196017763062927772e-03
5.119307335819406161e-03
4.958588837837577847e-03
4.729972636764302567e-03
4.498212091351537142e-03
4.171893138098238876e-03
3.762464146520418714e-03
3.312986690377440948e-03
2.813944418946241494e-03
2.281447856217235816e-03
1.779453598613043967e-03
1.415758013169117089e-03
1.211200486573616852e-03
1.273332122915410555e-03
1.518042056190434730e-03
1.840493309400454162e-03
2.128805847630416050e-03
2.429080256936564167e-03
2.579630475699246344e-03
2.618593753409754078e-03
2.567137241050830489e-03
2.402739019276026178e-03
2.318774769241313885e-03
2.211901288253028276e-03
2.186433724422716472e-03
2.148894039792983730e-03
2.195241740475905538e-03
2.300490926483243510e-03
2.440307628618824595e-03
2.575518024669586851e-03
2.682941695982665915e-03
2.734998756605441263e-03
2.656213289959016583e-03
2.607497277246896301e-03
2.561689362657653280e-03
2.521046635285618259e-03
2.437100682514786645e-03
2.390435052388100150e-03
2.365587949394146357e-03
2.276673396046067360e-03
2.152432067127182415e-03
2.065022783582315911e-03
2.013414904938220108e-03
1.908715039409408960e-03
1.731153881866484383e-03
1.634092928011489669e-03
1.659105929850254214e-03
1.869997138326810922e-03
2.226313651526094090e-03
2.666938280614931673e-03
3.056458070972271641e-03
3.452323429174066708e-03
3.708323900434908841e-03
3.884169247621967452e-03
3.964522815651604255e-03
3.960134285776431735e-03
3.983932870410834479e-03
3.877928929989324369e-03
3.720145963665114075e-03
3.544353803964567316e-03
3.461349023743549077e-03
3.382461311712415663e-03
3.306377310549364970e-03
3.163997328515757556e-03
3.056195001222506303e-03
2.956864721828043538e-03
2.841572781759055602e-03
2.852671783451840928e-03
2.923413055602025728e-03
3.005032094072434667e-03
3.140788710561798463e-03
3.351072136658686616e-03
3.585203143971458367e-03
3.842593026255139606e-03
4.045671670314831235e-03
4.114072353814233855e-03
4.101226826887983783e-03
4.105913721175432837e-03
4.116426420978447701e-03
4.130356638313526993e-03
4.156643944022979376e-03
4.205790446533939214e-03
4.184025521121822848e-03
4.154366543945752638e-03
4.029395161077259022e-03
3.921058476397772628e-03
3.800316553171445046e-03
3.615234728276389871e-03
3.400292497240027870e-03
3.165411437724685410e-03
2.877692395420747631e-03
2.643907170307654726e-03
2.460396431381550383e-03
2.295182083643611346e-03
2.168252200881566009e-03
2.012597032698417842e-03
1.883035043984061536e-03
1.757301609230604291e-03
1.573896611315316052e-03
1.310195638121313061e-03
1.068331465813485712e-03
9.760079966302671189e-04
1.022531671862451008e-03
1.066847683231874613e-03
1.021870079522965930e-03
9.241607570807222659e-04
7.767566866949341797e-04
6.231369239019006684e-04
6.107405249662950682e-04
7.947785103265793882e-04
9.117618197864951713e-04
1.033004924361730298e-03
1.076646136707656810e-03
1.006827330584072989e-03
8.195974114323247668e-04
6.241762362634875562e-04
5.189508131739946220e-04
4.933190058584369835e-04
6.107876868330575559e-04
7.382848618515707633e-04
8.153501216252777252e-04
9.076738213578950092e-04
9.738204642737283189e-04
1.054174799040450512e-03
1.151546859824945654e-03
1.294058671847130720e-03
1.457441505874627853e-03
1.634464391041999531e-03
1.824672070626751682e-03
2.027699649517110663e-03
2.245972692340423866e-03
2.488548139958427375e-03
2.678968503652611691e-03
2.802456261838580810e-03
2.862733421880819459e-03
2.922727389198677590e-03
2.967100507873211227e-03
3.065743690362152107e-03
3.191459283348701496e-03
3.311499688873777766e-03
3.410732174786537760e-03
3.452469844684908067e-03
3.452358805325604803e-03
3.393127645428025384e-03
3.260768570987425136e-03
3.089858895485854753e-03
2.971116734870475878e-03
2.897682800026982544e-03
2.860283417823994943e-03
2.826739189621164678e-03
2.809736748139570438e-03
2.793607604132396054e-03
2.768622721111597615e-03
2.739914482032348476e-03
2.702279652929645819e-03
2.679510879207991966e-03
2.663911173189169746e-03
2.652341559146704532e-03
2.632717946410223758e-03
2.611288165137546670e-03
2.570588349770588314e-03
2.519954807899858155e-03
2.478568570665219944e-03
2.469787797778810225e-03
2.480755391702028304e-03
2.518593575083172015e-03
2.602205575321384946e-03
2.780218336747641156e-03
2.841359950615064429e-03
2.857286933392203920e-03
2.865730013500448082e-03
2.870105364982168152e-03
2.859113412636382894e-03
2.817678762869543687e-03
2.769148297125025460e-03
2.718053356219711936e-03
2.693947935860241654e-03
2.670059090999045339e-03
2.618877888562166044e-03
2.562625218538014307e-03
2.524528368316025957e-03
2.511955040792105982e-03
2.499977626830398366e-03
2.488410716850639540e-03
2.496625993914003763e-03
2.507752129161683764e-03
2.524875350713894767e-03
2.546139590238544453e-03
2.554325417426033060e-03
2.568931111136663666e-03
2.577448960761374950e-03
2.582633449441008693e-03
2.580878973362971378e-03
2.585030452660111531e-03
2.590080932233398796e-03
2.593375101570399421e-03
2.596534629317682769e-03
2.596516228293111947e-03
2.602697770345616460e-03
2.606579220712914886e-03
2.610283316038080389e-03
2.605790233851222430e-03
2.609746375041213824e-03
2.611435279125795886e-03
2.613217625372319178e-03
2.613328894601355933e-03
2.614726490951072707e-03
2.613930832182768428e-03
2.612694494643837649e-03
2.616980278414750977e-03
2.613188278690197451e-03
2.614702632586145357e-03
2.614306265169707641e-03
2.612451409775301808e-03
2.614654813653894804e-03
2.615088269193006215e-03
2.616406523760150642e-03
2.611743573371901744e-03
2.615973662554130219e-03
2.614647162014070020e-03
2.613874920639303479e-03
2.615122783077477534e-03
2.616102312776212840e-03
2.615657925362723912e-03
2.618580750263093965e-03
2.615026404358111994e-03
2.614425327416627746e-03
2.618746782770774769e-03
2.616304137818314338e-03
2.614423901306216994e-03
2.613797972025341029e-03
2.617706474434232811e-03
2.618047027441811492e-03
2.618133480832399423e-03
2.617412258489876589e-03
2.618228268624559017e-03
2.616027776446694635e-03
2.615790145531290793e-03
2.616159052528686541e-03
2.616245034649395448e-03
2.619622470790019218e-03
2.618436887193254219e-03
2.616035189461465675e-03
2.617152081036354903e-03
2.617762600433317689e-03
2.618614422186799854e-03
2.616003353523504299e-03
2.616035190040458692e-03
2.613843032436700270e-03
2.618428527913203938e-03
2.617504870246632233e-03
2.615833236050379030e-03
2.615132208881748750e-03
2.617235628152777931e-03
2.619351894003437049e-03
2.616047016372598840e-03
2.618768298060423615e-03
2.615700946410530556e-03
2.618495922183665565e-03
2.617359700377620141e-03
2.620872155931440288e-03
2.616962164806508305e-03
2.615848925794439853e-03
2.616416173503330073e-03
2.616829528538076356e-03
2.615906739278602185e-03
2.614897348195804796e-03
2.616865825302982541e-03
2.617530225520595111e-03
2.615507910557624514e-03
2.618064140813846936e-03
2.618073516576216540e-03
2.615235876966992556e-03
2.615508246149384191e-03
2.616279973425827358e-03
2.617398875416574681e-03
2.617121359862656631e-03
2.614060642574064786e-03
2.616324143459157481e-03
2.614350261430657164e-03
2.618794701864097466e-03
2.616847276622709818e-03
2.615018571786944385e-03
2.616821425058621191e-03
2.612532830566514745e-03
2.598776060287268357e-03
2.569228803027394370e-03
2.546549861867684374e-03
2.539985948331532038e-03
2.543011729994712651e-03
2.546981414877518869e-03
2.533545361532301386e-03
2.488869532882623768e-03
2.415630875015470878e-03
2.363341553886726121e-03
2.361874743375947088e-03
2.378428585718012859e-03
2.394023127946667915e-03
2.408638739663106643e-03
2.438491515594261826e-03
2.486225036076746952e-03
2.548771781929008544e-03
2.561627248659364715e-03
2.556011864296976830e-03
2.570195032971900762e-03
2.639313049313001501e-03
2.700583183206014051e-03
2.731758138983876854e-03
2.713350752637181968e-03
2.690512132101864108e-03
2.668839071122117851e-03
2.647450122195849336e-03
2.635833871036734246e-03
2.629238902544476977e-03
2.637898772778558658e-03
2.639289694288517694e-03
2.640931530458233770e-03
2.638002159859805483e-03
2.635366074794548256e-03
2.633117973645496181e-03
2.629649766738316463e-03
2.629500780104028143e-03
2.632297449950643173e-03
2.633363039620481485e-03
2.623607461232051272e-03
2.606812598752378859e-03
2.588065054946363935e-03
2.584638191944456202e-03
2.591341336583143345e-03
2.611230906733141236e-03
2.615238650609266313e-03
2.615509982892825526e-03
2.613050458660909174e-03
2.608734998095541251e-03
2.613372775956654924e-03
2.617881364447278633e-03
2.620157700945680533e-03
2.617595191369495675e-03
2.606051959794188858e-03
2.597198058797863928e-03
2.594945650169520196e-03
2.598781301126008338e-03
2.599245143223307374e-03
2.591367864599721047e-03
2.560615841848289456e-03
2.530693498915285045e-03
2.522179980524236285e-03
2.521087450412093454e-03
2.525774162162366162e-03
2.526985157563203192e-03
2.531503696912289648e-03
2.530587726422011893e-03
2.531164469770418989e-03
2.536448860927024724e-03
2.540039388590964974e-03
2.547866966784950900e-03
2.557081446071531820e-03
2.569476166921260459e-03
2.585251571776321818e-03
2.596146986323828731e-03
2.598073506004174114e-03
2.595340465000853594e-03
2.595558152576740284e-03
2.604829728268917306e-03
2.632998290902472359e-03
2.647788161529320613e-03
2.656844059694219839e-03
2.653585021841826930e-03
2.650776914708862127e-03
2.650912179686934662e-03
2.651789925492415659e-03
2.652340812755739439e-03
2.645496368773731389e-03
2.635647473636884563e-03
2.636649969129875332e-03
2.643749301596315989e-03
2.652946161777625361e-03
2.662755618578410872e-03
2.661957234747907262e-03
2.660517498047777762e-03
2.663745556911457403e-03
2.670450313390302418e-03
2.677233126312062155e-03
2.676190248328953920e-03
2.675025469145720248e-03
2.669823711061867794e-03
2.672527876662515647e-03
2.679976605255950540e-03
2.681252519224486611e-03
2.684413925004414721e-03
2.682616313360569344e-03
2.682946890746247450e-03
2.686782616133672700e-03
2.684272453155635545e-03
2.682300418719750588e-03
2.677799440234747332e-03
2.678947624858657971e-03
2.678539154983157998e-03
2.678217202536111678e-03
2.677157112945382535e-03
2.669755177566535045e-03
2.666415927636163734e-03
2.667526622834675686e-03
2.671668370059587447e-03
2.673304969052978097e-03
2.678889057227117412e-03
2.676532969244325988e-03
2.679261261205671298e-03
2.687032403873850818e-03
2.691777246639711491e-03
2.693714791006919518e-03
2.687104011828787570e-03
2.690082345162859122e-03
2.699551992684578322e-03
2.723411377273321325e-03
2.734680952351915828e-03
2.735127758310096097e-03
2.729462945540250905e-03
2.725305778572514968e-03
2.718583980311370385e-03
2.714235767681940758e-03
2.701765510138701750e-03
2.682677366250445835e-03
2.667220242816974955e-03
2.652175871476814429e-03
2.652076656252285759e-03
2.649023792175443648e-03
2.645560845733159212e-03
2.638554046331393569e-03
2.635950114451313196e-03
2.630301772868185502e-03
2.630888730108633337e-03
2.630536532776116352e-03
2.626619930751861610e-03
2.622552223083534934e-03
2.621959264573277878e-03
2.619734314594039052e-03
2.623859285071998212e-03
2.620520268822167965e-03
2.620889069254440235e-03
2.619245535914144305e-03
2.618464438920825501e-03
2.614751526835767947e-03
2.615513052697966516e-03
2.619783451379255248e-03
2.620649225308433871e-03
2.616858142495117820e-03
2.613935407028989896e-03
2.615823527109324698e-03
2.615482102619951735e-03
2.614963384303172281e-03
2.612900902115438805e-03
2.613872690749039288e-03
2.617236884893845913e-03
2.614901957089839444e-03
2.614995996008726183e-03
2.613785779486188683e-03
2.613278569792138514e-03
2.616421287636085807e-03
2.610927898346816507e-03
2.609114424292555134e-03
2.614848832094091025e-03
2.616927242444996166e-03
2.617231903801976647e-03
2.615304942826369647e-03
2.616363988809559428e-03
2.616169950003214336e-03
2.614466668459524898e-03
2.616447979785541372e-03
2.616413921037709801e-03
2.616072821383645230e-03
2.613102841692276600e-03
2.615477050040389100e-03
2.614601960417851402e-03
2.616860106951189591e-03
2.615617329136123940e-03
2.614994302571012775e-03
2.614916555339901784e-03
2.618221974425097472e-03
2.618641781414924197e-03
2.617989198906664830e-03
2.615464075675001925e-03
2.615133665834388881e-03
2.614904325088057962e-03
2.617577659112313177e-03
2.615955093032308956e-03
2.615308677775632709e-03
2.617155946608881473e-03
2.616089279286782764e-03
2.619000911795812264e-03
2.617541679356981833e-03
2.618155860917098510e-03
2.614488745459402855e-03
2.613649247743012310e-03
2.617040138459896057e-03
2.616817298166582151e-03
2.617089905035977545e-03
2.616219483351241333e-03
2.615866052185349903e-03
2.617348861434567586e-03
2.615936014774850309e-03
2.620850970779154201e-03
2.617308375464674590e-03
2.617577714272993020e-03
2.616536355957163953e-03
2.616269715669726666e-03
2.616040674704519717e-03
2.618128786782929988e-03
2.614995565338244267e-03
2.617989655312344139e-03
2.615384779137493784e-03
2.615474986729691021e-03
2.618099121710752621e-03
2.617407289019764265e-03
2.614957098939630145e-03
2.619774379485370272e-03
2.616928657722661627e-03
2.618413153855916279e-03
2.617708918411606588e-03
2.616593416728958156e-03
2.616638051010113358e-03
2.616749087242798300e-03
2.617822851834617718e-03
2.618658168955343910e-03
2.616322152226697745e-03
2.613898502843601309e-03
2.618446189175497284e-03
2.619184159126172837e-03
2.618280674822818024e-03
2.616784779337206785e-03
2.616273457168804238e-03
2.616381027750555848e-03
2.617751011267500580e-03
2.616613959431226578e-03
2.617852080649697797e-03
2.613416287693379886e-03
2.619576088371767565e-03
2.618306958063494790e-03
2.616325122974913313e-03
2.617869332943749058e-03
2.617653057320199102e-03
2.617749847291309107e-03
2.619842017219441849e-03
2.619981128606796179e-03
2.617940308837531961e-03
2.617762965225540160e-03
2.616597993199046030e-03
2.614695202483929577e-03
2.619453065436652944e-03
2.617893374795416100e-03
2.617183662748502268e-03
2.617663792952728326e-03
2.618473156834353298e-03
2.615333989989662797e-03
2.619723494673628032e-03
2.619177863536009503e-03
2.615342763986846977e-03
2.613849822428848235e-03
2.615378326629726972e-03
2.616043855931993439e-03
2.616440660460827346e-03
2.616623632384699506e-03
2.615626746319110480e-03
2.617131626749976108e-03
2.616316603234716126e-03
2.616919071554797780e-03
2.618052974176783999e-03
2.619735371820199402e-03
2.616924390175313139e-03
2.615175966530394747e-03
2.615764398899078289e-03
2.619801850006196232e-03
2.618066335836827588e-03
2.618501734102408277e-03
2.617682745517456010e-03
2.616180301733292066e-03
2.615483532410713650e-03
2.620288503962777890e-03
2.617015892261168042e-03
2.617695234147234332e-03
2.617072168911836142e-03
2.616167662965845388e-03
2.616012099096835363e-03
2.617474075127496948e-03
2.618508896339871109e-03
2.616813742230037799e-03
2.616024506290527511e-03
2.617092037577927865e-03
2.616267086562156126e-03
2.619835179980174907e-03
2.618990137950580072e-03
2.616911924150730744e-03
2.617898626236906962e-03
2.617702687027002092e-03
2.616704835259406857e-03
2.617579168525592005e-03
2.616560397272805344e-03
2.620353108708475126e-03
2.618398934315034274e-03
2.618073970320728555e-03
2.616720859447091950e-03
2.617075527920141587e-03
2.615725240080166852e-03
2.616858093421435636e-03
2.617934920019505170e-03
2.616902602650370956e-03
2.618974756151315648e-03
2.620341352185379807e-03
2.618313526773386347e-03
2.617582929267098409e-03
2.618114354620286639e-03
2.618129903630337513e-03
2.619465232782950109e-03
2.618453022601834653e-03
2.619271996176556882e-03
2.618211049128410170e-03
2.618485070677473679e-03
2.619444102630690257e-03
2.617128981225221550e-03
2.618630400511169631e-03
2.620610722791825303e-03
2.617517892501494779e-03
2.617389907302777961e-03
2.617112187120370411e-03
2.616542710732968919e-03
2.618799845706153758e-03
2.619885026492014494e-03
2.620678918008955728e-03
2.619088665528991611e-03
2.615356371655506388e-03
2.617153498163224748e-03
2.619335808042056856e-03
2.619043982921647438e-03
2.618857186872890035e-03
2.617414504042273830e-03
2.617230779493461435e-03
2.616297524357621626e-03
2.614892278931097141e-03
2.614779901150617904e-03
2.616892265014894581e-03
2.617132182125437006e-03
2.618492364053365187e-03
2.616133277338740602e-03
2.620878945932283554e-03
2.616440235752802521e-03
2.617792116206719456e-03
2.618629788915412520e-03
2.617589408211583053e-03
2.617342062510639826e-03
2.618585089747589231e-03
2.616606763495549388e-03
2.616256951764831841e-03
2.614896299074421279e-03
2.618694230956313505e-03
2.617887413286064391e-03
2.615768985909172097e-03
2.615888122766645615e-03
2.619285050805781733e-03
2.616912506283694539e-03
2.614727777108403085e-03
2.615336412007567175e-03
2.615018603878283953e-03
2.615781208963170301e-03
2.618659850285771657e-03
2.617621581368459547e-03
2.616106953921404528e-03
2.616613259529535288e-03
2.611676601918480611e-03
2.615608014375694380e-03
2.611398006391716601e-03
2.611677824056320325e-03
2.615767657872347489e-03
2.618197126107622667e-03
2.619640422883142902e-03
2.623128094529252659e-03
2.624798378026850509e-03
2.626171896988786260e-03
2.628493052815779069e-03
2.630868081181437623e-03
2.631996112047482132e-03
2.634534548205373899e-03
2.633684723544102955e-03
2.639130726165883883e-03
2.642750283635594746e-03
2.641692736392213005e-03
2.629741305583080651e-03
2.610257123457422612e-03
2.616432996449907962e-03
2.614031592940897070e-03
2.617114970910700607e-03
2.610910582303724043e-03
2.608331832830101515e-03
2.612342628663555377e-03
2.618237968272425168e-03
2.637628980158914470e-03
2.658705169027070908e-03
2.670194029238221085e-03
2.680348531006326081e-03
2.678663771070992610e-03
2.658187353913007631e-03
2.597933618948803421e-03
2.497406801646366234e-03
2.434411529955411192e-03
2.413015860646753642e-03
2.406126989900235751e-03
2.413630892138814155e-03
2.422488665967320771e-03
2.431419701581075989e-03
2.443605565908824311e-03
2.467625124122737029e-03
2.512346556114345916e-03
2.557404497800348352e-03
2.594996410442374120e-03
2.622575162331721235e-03
2.659270402373794910e-03
2.695520680089969444e-03
2.719177373676371235e-03
2.725696954438425537e-03
2.715122227897997717e-03
2.687013112043638938e-03
2.651329582070482103e-03
2.633575437946612547e-03
2.634613167367265505e-03
2.643837349966533194e-03
2.654350869455192070e-03
2.632192928707938022e-03
2.572742723844122052e-03
2.538671931537534766e-03
2.508023360981748249e-03
2.520421937206103642e-03
2.549314782489459520e-03
2.580253492502631793e-03
2.593187775176135357e-03
2.583305088934309286e-03
2.572141988477563267e-03
2.577481908968370580e-03
2.590749012187642652e-03
2.602282912440473904e-03
2.603451362986423587e-03
2.603229877270890787e-03
2.634520612892492838e-03
2.668438040620107077e-03
2.686239675031763113e-03
2.653765270002890909e-03
2.565779138797513216e-03
2.462985601689065759e-03
2.357799858717534846e-03
2.236150440830479875e-03
2.127824068457590239e-03
2.045819963393542829e-03
1.946594100193036435e-03
1.856360533841041943e-03
1.750988554443247153e-03
1.642617532791133773e-03
1.522897119545009144e-03
1.393823475893271385e-03
1.238367766751126333e-03
1.064293184240882109e-03
8.895839664276437462e-04
7.003228605217098456e-04
4.992547286805533707e-04
3.150628559777101669e-04
2.757913854158708790e-04
4.252382476113322459e-04
6.600476523625923089e-04
9.213900645685107072e-04
1.212509266520556562e-03
1.526734585972807029e-03
1.832118932597457143e-03
2.123951254758902132e-03
2.409146607236465135e-03
2.701071082055223060e-03
3.001915792980436922e-03
3.254705387721217643e-03
3.561131132370676418e-03
3.858985623813226441e-03
4.146890558977608422e-03
4.449803439126225404e-03
4.757906594348990277e-03
5.109622067869370142e-03
5.421597948536294002e-03
5.750722667741578822e-03
6.063756139286139921e-03
6.365505112952661582e-03
6.671323417544443302e-03
6.928619925554446897e-03
7.217576375039416042e-03
7.494737837293092078e-03
7.753931818308470829e-03
8.002466621725604773e-03
8.271500857767349543e-03
8.570730244332743636e-03
8.829136619619754392e-03
9.054838453891114747e-03
9.318174029112920656e-03
9.545872906045848108e-03
9.737836992283466914e-03
9.924550114958253719e-03
1.006294238042597378e-02
1.014256450331415225e-02
1.017239784026956369e-02
1.019536729209950636e-02
1.022160320299992514e-02
1.024309811454592739e-02
1.025970983991838364e-02
1.026582281476474262e-02
1.027483951701459869e-02
1.028688706029432139e-02
1.030375235566790594e-02
1.030311791436642338e-02
1.030120868854251040e-02
1.029243554220542894e-02
1.029210093144002254e-02
1.029362149137642846e-02
1.028690941842400931e-02
1.026282269233159961e-02
1.024136588273895365e-02
1.022412043792568850e-02
1.022042096844799457e-02
1.020989962863778390e-02
1.019936279843126382e-02
1.017838596883274653e-02
1.014423081367899805e-02
1.012231413290987959e-02
1.010420049855458025e-02
1.006509934620391719e-02
1.000844316089449793e-02
9.926157017475038466e-03
9.829980169045408195e-03
9.748370507179190264e-03
9.632950666545481502e-03
9.532424246789355723e-03
9.409359964325441500e-03
9.248812384945756179e-03
9.060494257211134869e-03
8.842026204600209396e-03
8.570556681526744769e-03
8.278350683889370773e-03
7.974150557488684718e-03
7.663442352411136207e-03
7.400499806190879298e-03
7.075339898872542305e-03
6.805317298409720508e-03
6.562718357159285157e-03
6.243602269884502773e-03
5.875545430608680036e-03
5.494813049106898536e-03
5.118363525841202084e-03
4.742989530285844288e-03
4.343000762619449867e-03
4.081364333507304758e-03
3.624307599331182128e-03
3.273307169286672827e-03
2.919001323769823079e-03
2.499410354128538646e-03
2.052878801986218488e-03
1.667216309209044881e-03
1.289634087168922911e-03
9.319329254561902051e-04
5.891330895915001652e-04
2.546991849588087892e-04
1.953914999987894419e-04
5.174852701472580077e-04
8.433321321545975092e-04
1.144877550022454322e-03
1.474590271820818690e-03
1.759383760476532872e-03
2.019015755140091389e-03
2.253793489695464763e-03
2.476446723343108704e-03
2.689600107805336163e-03
2.873452287695642347e-03
3.053003239990668711e-03
3.233141963115676761e-03
3.424872267776900292e-03
3.602734768703195947e-03
3.773779031141046882e-03
3.969064113605288817e-03
4.170403053786184318e-03
4.361765446149745706e-03
4.548261724825697350e-03
4.747559475217385562e-03
4.936271658369957398e-03
5.134708149335042576e-03
5.364061093725284307e-03
5.613006467407803679e-03
5.899357100329032447e-03
6.192516011295155255e-03
6.496600981521949598e-03
6.778086648300534790e-03
7.068032562811967304e-03
7.379691908253482695e-03
7.764122603284528273e-03
8.043124113476084885e-03
8.337637556062923311e-03
8.647344723033779934e-03
8.957557389686336691e-03
9.273547941907885062e-03
9.595268603599034149e-03
9.921782889913948605e-03
1.022090843979628697e-02
1.052580357921620823e-02
1.081755942061153435e-02
1.111727938440080013e-02
1.143947550742640401e-02
1.174232824870640769e-02
1.204232067182506305e-02
1.232930629982861848e-02
1.262254393110432034e-02
1.292419323384903611e-02
1.320574576009564578e-02
1.349291071174630978e-02
1.376682435657723344e-02
1.404677725184424325e-02
1.430459019716270701e-02
1.453752229063481199e-02
1.476082402652723752e-02
1.499497173787909740e-02
1.521378282039323633e-02
1.543187559251031626e-02
1.565182138467409445e-02
1.587934321044228228e-02
1.608492178854162985e-02
1.627468103027608984e-02
1.647622174385489358e-02
1.664664761064189175e-02
1.681471756065617065e-02
1.692876402100496752e-02
1.705070421821711438e-02
1.716077433025684981e-02
1.728580109756525443e-02
1.738414530140754838e-02
1.749259552891680239e-02
1.757561438641350171e-02
1.763229327036279145e-02
1.767225121002731145e-02
1.771587522129267067e-02
1.776002348432053485e-02
1.778281878041440903e-02
1.779559523602655680e-02
1.779887065667874052e-02
1.779565597197344320e-02
1.779829130591247324e-02
1.779349959441195450e-02
1.777690462507471036e-02
1.771179385857189065e-02
1.764850779070458592e-02
1.760053663156523757e-02
1.755150503453124788e-02
1.748001683629860775e-02
1.739680477758437371e-02
1.729597914134876208e-02
1.718865186874523471e-02
1.705636562024194502e-02
1.695558483788170770e-02
1.686361378793785337e-02
1.676229054784785302e-02
1.667071392691231099e-02
1.656892209478401726e-02
1.645116959618469002e-02
1.635582684690517485e-02
1.625839939537082612e-02
1.615172547499866412e-02
1.608035946094098570e-02
1.599696933388563072e-02
1.592029464092710456e-02
1.585320935298073844e-02
1.580605944166949342e-02
1.575171970831952539e-02
1.569930855582838888e-02
1.566326459706151100e-02
1.564795337269495740e-02
1.563958568220447098e-02
1.563512594924194865e-02
1.563090803041266436e-02
1.563139835631704305e-02
1.563315620079593418e-02
1.564694626637969099e-02
1.567034487404255286e-02
1.569733259781101731e-02
1.572434583302783490e-02
1.573276565937663934e-02
1.573922881994510928e-02
1.574857324497851846e-02
1.576395437470298755e-02
1.580092195471295355e-02
1.582339192064757469e-02
1.585605832136307083e-02
1.590780972077618025e-02
1.595424600972134010e-02
1.600352478074457130e-02
1.607096926884113083e-02
1.613140872676722265e-02
1.617888316576613847e-02
1.622668676857979067e-02
1.625645586114234445e-02
1.628283851215935052e-02
1.631738892747638253e-02
1.634652722554252174e-02
1.637176493085653120e-02
1.640250469814043613e-02
1.642799818864995945e-02
1.645019349146575882e-02
1.646760755136348134e-02
1.648252485088426075e-02
1.649894857067361539e-02
1.650630484803718157e-02
1.649649836632674851e-02
1.649087643740439202e-02
1.647172086413867947e-02
1.643192117401023195e-02
1.639703464262933647e-02
1.637355866054652706e-02
1.632072311438893114e-02
1.625018983908485884e-02
1.619743609550332655e-02
1.611998838035482925e-02
1.598764686176136485e-02
1.583896617037712160e-02
1.566031941111889828e-02
1.545837920436120110e-02
1.521529665784219013e-02
1.494933945294439279e-02
1.467241748835513941e-02
1.438350002763032383e-02
1.406243661572289909e-02
1.376343207535640940e-02
1.349262632413293118e-02
1.320356582057926297e-02
1.289764289261206322e-02
1.258743510655910974e-02
1.227970543271385620e-02
1.200945299769694274e-02
1.170981430467683652e-02
1.140785725935034543e-02
1.111047945543452119e-02
1.086337916198180931e-02
1.062743459476394453e-02
1.039752232135040914e-02
1.016570733707171728e-02
9.942357314262299101e-03
9.725265821799668545e-03
9.516649969297748257e-03
9.326094944642026111e-03
9.079155301080426427e-03
8.895273765435498387e-03
8.748961942502408995e-03
8.595524657872222196e-03
8.439267473142778725e-03
8.283839038830159013e-03
8.132553843900625426e-03
7.970783161849142109e-03
7.833549250046372911e-03
7.679250920639518058e-03
7.531811247081090198e-03
7.389414630427149251e-03
7.240840530486135178e-03
7.087115843281301293e-03
6.925916491737221098e-03
6.753867933194208743e-03
6.570113930442674118e-03
6.370345265364105170e-03
6.061648518250952779e-03
5.810515310803635036e-03
5.563324357732639218e-03
5.337978511243641339e-03
5.088785828721978377e-03
4.827881972808959268e-03
4.572272068806791483e-03
4.330356755354198076e-03
4.064320338585946345e-03
3.777465127601869858e-03
3.525891686160572119e-03
3.229373203151068242e-03
2.947951224773028619e-03
2.678973146486920542e-03
2.383834504199937483e-03
2.103847290062553239e-03
1.838873463009194336e-03
1.565658748266024816e-03
1.300843727376048376e-03
1.002918962334019108e-03
7.627302689626198461e-04
5.538815286028875816e-04
3.866560494937363993e-04
3.698706355708119707e-04
4.749925840651455676e-04
6.480661060140497374e-04
8.245975221586897058e-04
1.018414045816050861e-03
1.203182946969476265e-03
1.412251651334270591e-03
1.624843509511953842e-03
1.846377104326570344e-03
2.037070590326232108e-03
2.227292212378524996e-03
2.419903183114508523e-03
2.636681867735779158e-03
2.816880623426499131e-03
2.996888911216135602e-03
3.182714775828006121e-03
3.401384146806432814e-03
3.604449195360018982e-03
3.727372094976328081e-03
3.995504908214357435e-03
4.186001644391358807e-03
4.372282820324412470e-03
4.552359704969742051e-03
4.730892364912441840e-03
4.899827641310130696e-03
5.046229628401187155e-03
5.133447176071052886e-03
5.211423963124685657e-03
5.348633195191241849e-03
5.519089999655630435e-03
5.677385116445265827e-03
5.828703333802841453e-03
6.007337049760389999e-03
6.228700707253465203e-03
6.443955409363430649e-03
6.623342353890375282e-03
6.749761710488293154e-03
6.874011304545280671e-03
6.966244128098993127e-03
7.045671969263817523e-03
7.161588066996296513e-03
7.281353433083808356e-03
7.417862009352776259e-03
7.549157569577857017e-03
7.657758966064025404e-03
7.783704540283282319e-03
7.871905498769671619e-03
7.957598188426799959e-03
8.043569048327781426e-03
8.093840488691491503e-03
8.160626220653116256e-03
8.216984168275914130e-03
8.264224922559548422e-03
8.320528455267222137e-03
8.385259515886783754e-03
8.433438400422054587e-03
8.453591224945327873e-03
8.468225054591344697e-03
8.486874164887569030e-03
8.502703725226453887e-03
8.524128945500718257e-03
8.543460294971980118e-03
8.562907521658880833e-03
8.579024860706661523e-03
8.594348771829664335e-03
8.602767593101873916e-03
8.610501538324388110e-03
8.611373505596684602e-03
8.607045981829909709e-03
8.604991628594040737e-03
8.600113759962774510e-03
8.591400661946914721e-03
8.573822027523353428e-03
8.551829462273974683e-03
8.530815615333538215e-03
8.516324941546271968e-03
8.511976592585174597e-03
8.505981866006442904e-03
8.502274798715068679e-03
8.495419556290335558e-03
8.486298892859267182e-03
8.460131982708091192e-03
8.428355797262920834e-03
8.390650023712678887e-03
8.358728459189803534e-03
8.347099915583229210e-03
8.343324680170835506e-03
8.348865357950886398e-03
8.353673642583697018e-03
8.356133550009373079e-03
8.362916010724582433e-03
8.360983636506478384e-03
8.373780258394079509e-03
8.391232247050026474e-03
8.420196291484757789e-03
8.439688155698392424e-03
8.451850979898234070e-03
8.454609468320668786e-03
8.453478296371975953e-03
8.445993891795655281e-03
8.441287407926077041e-03
8.432006579439932370e-03
8.413826188157880887e-03
8.389654632215458666e-03
8.364800280713092021e-03
8.346127310147702719e-03
8.335221699229148837e-03
8.324334020346480650e-03
8.300761956209014997e-03
8.267319258849097074e-03
8.230716941877847317e-03
8.199754563522100581e-03
8.198004004749348539e-03
8.193011475501676272e-03
8.181403487580680978e-03
8.162266482514149782e-03
8.119993784895562436e-03
8.085742543607332689e-03
8.052152638484097111e-03
7.986054944653942986e-03
7.926444841773348446e-03
7.855567019855175595e-03
7.755039773638002648e-03
7.697233111319579796e-03
7.596901591133958277e-03
7.500777415174144334e-03
7.361912470509899241e-03
7.172436655261261833e-03
6.975304234715971365e-03
6.753560962962197427e-03
6.509887042846310493e-03
6.202570812312600997e-03
5.878145037219999203e-03
5.560220957132464698e-03
5.239809079142892546e-03
4.906070814777219007e-03
4.548844726606452761e-03
4.192263263241340944e-03
3.821009046325114962e-03
3.423040026230878170e-03
3.007740866155314205e-03
2.646099223284405569e-03
2.206510837662503666e-03
1.829024003337790388e-03
1.452373471333070088e-03
1.094376050172998771e-03
7.617057820103787609e-04
4.360969351995344786e-04
1.407715177681344765e-04
2.934841614308992988e-04
6.169154214011295925e-04
9.163231210239627987e-04
1.194627300871948421e-03
1.617126953930778967e-03
1.897406711696724259e-03
2.164448575319211782e-03
2.456829707663686982e-03
2.732917231421748590e-03
2.973333790257573668e-03
3.214477652054940730e-03
3.489965048367502532e-03
3.724887700786399906e-03
3.951499699677796414e-03
4.178942308652665652e-03
4.400732685903922282e-03
4.588842208469130941e-03
4.775302615367982631e-03
4.948657094407730300e-03
5.104176986644125107e-03
5.268562301240913362e-03
5.418160637715206153e-03
5.572988710490325501e-03
5.722380671122876024e-03
5.864468326081276849e-03
6.010816506039363613e-03
6.144909348003078225e-03
6.253980151909952628e-03
6.380964306935653363e-03
6.469579882401593242e-03
6.572810102835408702e-03
6.653455735776480501e-03
6.766758558174313515e-03
6.859826956293802250e-03
6.962288025413881573e-03
7.037049807132400928e-03
7.103724992418654696e-03
7.188127743100197579e-03
7.243717564946714621e-03
7.327515447559725982e-03
7.400278010283374563e-03
7.465159057482671258e-03
7.560574006163043627e-03
7.653776315993515364e-03
7.776082149234624791e-03
7.903375695284684671e-03
8.058251068792187874e-03
8.229627541713895739e-03
8.400385850631112220e-03
8.554457070783024961e-03
8.692169291773950077e-03
8.805737139696465446e-03
8.925423007443167647e-03
9.020714899148294871e-03
9.133745149852993267e-03
9.217057411182442983e-03
9.298433987890363309e-03
9.377938545056247258e-03
9.432376742043379128e-03
9.464156856989907468e-03
9.484654319522160815e-03
9.505037955614621323e-03
9.510954939318676943e-03
9.495771247153323921e-03
9.446130761797771197e-03
9.368279709490483914e-03
9.282580001191186383e-03
9.156193780754195641e-03
9.036752956413081003e-03
8.911011569869264556e-03
8.778153951146469222e-03
8.620827003505589226e-03
8.477059196030166388e-03
8.318853257833845605e-03
8.171201509526502052e-03
8.033020720389723660e-03
7.878305091590664250e-03
7.735375513245872948e-03
7.605034055198169052e-03
7.475439308156992500e-03
7.359985201927259080e-03
7.245922435869825602e-03
7.132714820111952375e-03
7.027759285695300492e-03
6.925662864942637442e-03
6.824025918931923666e-03
6.732971774467577664e-03
6.639083860282814220e-03
6.542579177834483006e-03
6.425770694878729997e-03
6.322871709849082165e-03
6.217212042137019307e-03
6.117358019921716877e-03
5.997381838579501391e-03
5.864672616520842652e-03
5.739296107675383868e-03
5.596435100492510445e-03
5.444002236833385237e-03
5.280917509601001578e-03
5.081960306560785387e-03
4.892404549825878773e-03
4.693036449367268478e-03
4.503233355843609502e-03
4.308007288592925581e-03
4.087741505345393773e-03
3.878434905525511827e-03
3.662295270837732323e-03
3.417035948097081003e-03
3.169682712215160167e-03
2.936358119184695990e-03
2.686993084902932274e-03
2.439124068189612356e-03
2.179505799494062084e-03
1.921047649413169453e-03
1.680863577865343355e-03
1.434355521267779380e-03
1.172924628787835053e-03
9.261284974152735961e-04
7.285041833072433432e-04
5.217060823718697778e-04
3.355762982748034841e-04
2.521601546851034016e-04
2.987402763358529387e-04
5.653355456763760811e-04
7.578532682149844660e-04
9.524782550749506197e-04
1.153861202756068611e-03
1.362094844781571194e-03
1.582384887342724736e-03
1.785366263132500200e-03
1.977873469430999065e-03
2.144206393898551426e-03
2.308708679416921188e-03
2.489023155035386802e-03
2.683106426476377857e-03
2.863072841847826618e-03
3.035962695256617157e-03
3.221458219507356696e-03
3.442930422289222116e-03
3.653285553575226063e-03
3.840963677171384261e-03
4.022975751544161788e-03
4.196560084760725569e-03
4.368867543857461039e-03
4.533538850822406603e-03
4.722128479802589936e-03
4.949540635962648531e-03
5.161593808352842906e-03
5.364938833417396379e-03
5.582435637978960634e-03
5.809531768114501414e-03
6.016880115287601138e-03
6.241780268865752303e-03
6.507636777541435553e-03
6.732649348233691287e-03
6.924047325922260548e-03
7.185175814565790929e-03
7.404619827761008480e-03
7.600290094990240497e-03
7.754101151601233526e-03
7.894497632689999669e-03
8.006632913964245937e-03
8.168884331512242525e-03
8.357176085658508946e-03
8.544716977514228359e-03
8.726915933119999691e-03
8.903309594189216802e-03
9.073005968230846499e-03
9.230384668813918642e-03
9.386051086873636179e-03
9.512483288782031671e-03
9.613993740547568945e-03
9.705805669548850032e-03
9.822351602515768179e-03
9.930708635297559247e-03
1.005125605845273717e-02
1.015342121404738500e-02
1.025670025303753417e-02
1.034656742068283328e-02
1.045183411925687533e-02
1.052540149582354215e-02
1.062938887714027190e-02
1.070756750027939373e-02
1.081878126154746551e-02
1.092371432907505817e-02
1.107171685289902625e-02
1.120539300422313846e-02
1.134478837225198419e-02
1.149366557456374047e-02
1.163129604227359018e-02
1.177508236844520759e-02
1.193372624356718419e-02
1.208228897539508247e-02
1.223170647944760853e-02
1.238467141446586602e-02
1.254253865562617205e-02
1.268959766199064150e-02
1.282637195892299097e-02
1.295258998258487851e-02
1.308957972902397536e-02
1.325478547363464349e-02
1.342614150380632386e-02
1.358468828976536549e-02
1.375723823286307407e-02
1.390860992585558203e-02
1.403689704360484847e-02
1.415805220969781897e-02
1.425511055411727949e-02
1.436640239785357161e-02
1.444851361844896528e-02
1.457487044768658417e-02
1.467920852704474900e-02
1.481354574606833473e-02
1.491559440134601101e-02
1.504240176491697042e-02
1.514893860869970243e-02
1.527626110192481165e-02
1.539506685187937846e-02
1.551103196669467027e-02
1.562712913768036713e-02
1.570988934534850098e-02
1.577086923057807039e-02
1.579201892731215209e-02
1.577496036694917003e-02
1.575374232972644520e-02
1.573077002936734345e-02
1.571024990033890664e-02
1.570277334440569467e-02
1.570174192797233262e-02
1.570668915592576126e-02
1.570936434451125283e-02
1.571091988711420182e-02
1.570557471145500594e-02
1.570292093360099381e-02
1.570214375006314528e-02
1.569883568319189321e-02
1.569237017682687668e-02
1.568081815227416465e-02
1.566922867935990893e-02
1.566710015172013970e-02
1.566983108670396904e-02
1.567453299788571994e-02
1.567962969891685196e-02
1.567892792484988640e-02
1.567788806661176912e-02
1.567481257045666085e-02
1.566076954882425140e-02
1.565480868945601234e-02
1.563643572119627692e-02
1.562658729960041820e-02
1.561586970957316856e-02
1.560417160574933265e-02
1.557273250403075522e-02
1.552353505757266515e-02
1.545317160377698840e-02
1.533078164485374498e-02
1.524792496374020520e-02
1.517668228015605497e-02
1.509356973247843320e-02
1.500883904366611885e-02
1.495732716379600397e-02
1.490320863393302699e-02
1.480802701073842889e-02
1.471841322651504073e-02
1.460465633691715101e-02
1.448912201657524476e-02
1.442168515867015867e-02
1.432697912159992468e-02
1.426617749878305100e-02
1.415963388600383413e-02
1.405585257600722518e-02
1.391913105672175355e-02
1.380247810581479613e-02
1.365691216409134316e-02
1.351840639339869053e-02
1.337885368899901367e-02
1.321430387288344797e-02
1.306245704519353595e-02
1.291876239871444024e-02
1.277879399414834881e-02
1.263082234883025450e-02
1.245708896672443992e-02
1.224424342106232230e-02
1.202840502440110856e-02
1.178816126881141943e-02
1.155358207579455093e-02
1.130206617547666395e-02
1.100031776788752864e-02
1.067295395992741598e-02
1.038683706236511080e-02
1.010389153432533424e-02
9.809065684341321950e-03
9.515997418341987785e-03
9.223315124534234646e-03
8.928369849841725006e-03
8.629594208394687771e-03
8.276855718255315963e-03
7.925557217845576388e-03
7.579647700140901972e-03
7.216312357009072379e-03
6.831522587089194562e-03
6.473312507679154955e-03
6.032474845309414822e-03
5.615900206276378849e-03
5.188716640661067067e-03
4.766840227960052363e-03
4.316043422677332680e-03
3.865918165802834441e-03
3.423587899397074683e-03
2.977233983841579522e-03
2.561117133559995870e-03
2.087292029866827468e-03
1.632410720551221274e-03
1.149325656375094554e-03
6.965005279529941102e-04
2.409843685240946451e-04
2.649913136775158850e-04
7.400582994627170289e-04
1.169173592095409074e-03
1.626783198490391793e-03
2.029537359651837486e-03
2.414867200340933742e-03
2.771121572560887245e-03
3.103137130820594978e-03
3.420610574238950805e-03
3.761332065228910858e-03
4.075825047880264791e-03
4.399848014405131208e-03
4.698992259773541146e-03
5.017645308387895346e-03
5.303482588427229673e-03
5.573330952710712875e-03
5.824131927210859060e-03
6.075278189894691046e-03
6.291213906032435202e-03
6.501370774307050140e-03
6.689786169720570580e-03
6.886169015332066490e-03
7.109601552652253069e-03
7.323891955606070744e-03
7.501388368339571844e-03
7.644566222525908498e-03
7.748004509455453694e-03
7.850953025675882352e-03
7.902352604813124570e-03
7.904793165767497187e-03
7.806832859378590520e-03
7.667051665267174063e-03
7.470420199844870005e-03
7.252828795256040066e-03
6.997554707516353244e-03
6.683697238429993359e-03
6.291323418272139721e-03
5.762893446361095490e-03
5.175564160499964567e-03
4.456210100270504952e-03
3.715095430456114185e-03
2.923846458482642387e-03
2.170407654807113545e-03
1.476982284283670337e-03
1.017467729176640924e-03
1.081579126540729114e-03
1.567552550035830519e-03
2.189902709772129172e-03
2.861652562977805986e-03
3.487026947060556121e-03
4.152388075677047874e-03
4.779864759593952829e-03
5.355448764041597851e-03
5.929555207610649574e-03
6.511100385666462008e-03
6.984706470716555392e-03
7.437192355228268263e-03
7.883453635807873700e-03
8.286744527110125047e-03
8.655151425596592507e-03
8.900913645518222089e-03
9.129972182054749835e-03
9.322454955453893938e-03
9.465140070650452861e-03
9.561337189550876345e-03
9.599844527725534885e-03
9.582066167468693621e-03
9.505257178794503103e-03
9.339218067285784408e-03
9.060495656736344133e-03
8.746345116470341172e-03
8.431734981999347914e-03
8.036956428849018411e-03
7.594336231913735753e-03
7.125085695543168819e-03
6.615666289876885597e-03
6.077896612388872417e-03
5.482157354981261922e-03
4.877843828198740253e-03
4.197363080841586859e-03
3.425533866415763056e-03
2.682029002645806588e-03
1.880189188715022551e-03
1.057458874927966067e-03
3.927183694308650393e-04
6.374496335588120772e-04
1.368395187867673139e-03
2.104231152691378014e-03
2.793801792574984212e-03
3.156432305153395422e-03
4.049760720826188140e-03
4.601037928720257478e-03
5.133076044227182985e-03
5.650125616968374592e-03
6.076107636175899149e-03
6.486309357074543543e-03
6.821864263788751659e-03
7.100082662138774980e-03
7.361563454792292155e-03
7.593148702507717014e-03
7.775622879977455749e-03
7.947447475556694563e-03
8.107661974515061043e-03
8.252262357529641101e-03
8.366682852706719756e-03
8.447906466205374471e-03
8.531973074953942346e-03
8.556993246596564934e-03
8.572718398210291135e-03
8.513064680848080046e-03
8.412576325558120127e-03
8.338804234101417079e-03
8.160847346265152555e-03
7.922797279049384814e-03
7.664795375958249196e-03
7.370570296723840710e-03
7.024434602215882603e-03
6.644191147384039681e-03
6.183547896710424839e-03
5.665100554175276151e-03
5.118637172876193929e-03
4.471664111263553253e-03
3.815465621791317742e-03
3.087751876777458052e-03
2.395943293311317279e-03
1.755453669675578580e-03
1.206506684260347587e-03
7.331374463162736773e-04
6.139592580646521889e-04
9.652054442469716871e-04
1.432926747372283800e-03
2.000960176509729120e-03
2.567887047088766948e-03
3.110347550414484675e-03
3.645954538700418336e-03
4.243300799771620654e-03
4.750683118187291887e-03
5.217383528992804338e-03
5.670543421469572895e-03
6.179246285679665038e-03
6.659713102107240462e-03
7.053069644478745896e-03
7.482366617867882569e-03
7.873726700914561796e-03
8.267251435414591301e-03
8.613406530414202678e-03
8.908268338446222873e-03
9.110209532162004756e-03
9.299413493031993133e-03
9.471332625621437309e-03
9.615074850512540100e-03
9.758129075466869667e-03
9.896967882646628967e-03
1.002254847978981990e-02
1.010896457592065298e-02
1.014941727368113417e-02
1.015825541269797794e-02
1.013597066134348107e-02
1.001783101646745375e-02
9.886032760797035940e-03
9.762003603856287889e-03
9.590856963319146708e-03
9.386286418843202070e-03
9.142324202700708932e-03
8.842540852632920292e-03
8.473375939807327450e-03
8.035683088249206615e-03
7.567575812502181851e-03
7.069038481100253964e-03
6.524558479263160155e-03
5.919816041106976817e-03
5.304949704823857907e-03
4.655928749097178534e-03
3.966790565533812908e-03
3.215282426211830882e-03
2.501523404161321018e-03
1.734468624577360828e-03
9.453035693559220945e-04
3.655381755284667572e-04
7.492655211057678471e-04
1.494848292021340279e-03
2.227383755201874007e-03
2.961482485380063055e-03
3.661158088791223800e-03
4.327618455885426721e-03
4.916612014015044226e-03
5.498830988105615249e-03
6.010376406881713651e-03
6.511052506934137708e-03
6.940905029103648129e-03
7.333817548079186489e-03
7.720254496969977502e-03
8.035884231569322828e-03
8.316322433699840921e-03
8.597794660704842148e-03
8.842907530200267915e-03
9.043491147457444548e-03
9.216251531482892376e-03
9.348514041987476472e-03
9.455523383834910436e-03
9.539783373732875840e-03
9.591179281851514374e-03
9.637199445962519456e-03
9.706000878505144716e-03
9.753670503869823344e-03
9.763622664327663639e-03
9.722258599345268842e-03
9.689433227304984630e-03
9.631769347120377675e-03
9.506499387420461883e-03
9.332201469800198781e-03
9.085310758910777190e-03
8.760429134996163686e-03
8.381814186693989713e-03
7.914788086215851157e-03
7.398410693355026400e-03
6.821363128407450897e-03
6.264401889173240416e-03
5.638497669167370947e-03
5.074540732352278427e-03
4.413214789491013736e-03
3.807918628377625521e-03
3.214392539885413229e-03
2.664140767984441837e-03
2.173248731951989057e-03
1.667755023005300288e-03
1.218141925449910991e-03
7.610183048973836236e-04
5.185698140079135661e-04
6.953621056818224929e-04
1.112792164750420589e-03
1.628496640567072586e-03
2.125674739490602139e-03
2.597297402497975635e-03
3.075739868248386893e-03
3.498168911233375498e-03
3.965381648548718663e-03
4.343733688090659767e-03
4.702902922831661905e-03
5.011725034827206084e-03
5.318610771628917537e-03
5.573836628408005735e-03
5.821414685669147777e-03
6.039262745278574200e-03
6.213947198064195300e-03
6.407152232343063351e-03
6.584199448217021439e-03
6.744720050534960820e-03
6.913148335581318846e-03
7.095399689116111026e-03
7.283942535038140376e-03
7.451377257485118644e-03
7.600717801304442828e-03
7.719218952832025867e-03
7.805680648878350961e-03
7.881522701134388575e-03
7.940440813269786582e-03
7.959046160417499599e-03
7.991119845972635347e-03
7.994334778603083558e-03
7.998562202202092603e-03
8.000690834860702677e-03
7.942048009281010151e-03
7.857646260518125550e-03
7.825321505322438073e-03
7.712420972467069757e-03
7.553106501453413918e-03
7.354150092136801931e-03
7.122671766179508417e-03
6.839024063096593026e-03
6.489307124118318636e-03
6.019974470260897915e-03
5.509522799438834779e-03
4.974564077064058155e-03
4.399778864878767584e-03
3.741734590598876694e-03
3.083659854991946479e-03
2.408115134978046270e-03
1.669680451236003850e-03
9.371161809984782402e-04
3.510522124495561833e-04
6.653479413433249562e-04
1.377138247499903791e-03
2.087038722398733975e-03
2.785152921244768778e-03
3.446538488739038248e-03
4.088658870804817366e-03
4.649233426864652144e-03
5.177658480836063587e-03
5.670315768526870172e-03
6.160150046997840169e-03
6.631915278623938537e-03
7.060634155890522373e-03
7.523170830865298468e-03
7.943298181747217648e-03
8.316382029473670667e-03
8.658339499093668443e-03
8.967186975546676680e-03
9.226175101633947440e-03
9.436022293124870369e-03
9.611623662845817859e-03
9.782359747259408017e-03
9.928241738435907016e-03
1.007910603511098964e-02
1.024566880669869860e-02
1.037525150572415206e-02
1.048301417970096822e-02
1.061974580457039630e-02
1.075719069907227383e-02
1.088641348266221158e-02
1.102684962890337905e-02
1.117282640681925218e-02
1.129673454032833341e-02
1.144840069398727310e-02
1.159545168105348585e-02
1.177501121143476222e-02
1.193719128392905365e-02
1.212305306682481300e-02
1.229592179034954408e-02
1.243138147267162930e-02
1.253681866414655018e-02
1.262645234383547206e-02
1.269533780143642342e-02
1.278410460138574255e-02
1.284677365835230380e-02
1.287764058989468961e-02
1.291734665225950304e-02
1.299050877218971972e-02
1.308712798082266836e-02
1.317019179934137210e-02
1.325471986440634846e-02
1.333960194428738047e-02
1.339289542248236001e-02
1.342668095522283299e-02
1.345708976541110796e-02
1.348259913303034158e-02
1.349035120138578764e-02
1.347023565486940230e-02
1.342641375235408691e-02
1.340865703624497668e-02
1.341217334799655464e-02
1.342196006150814594e-02
1.343220601385457062e-02
1.343964290846777140e-02
1.343814052399327184e-02
1.343061398405231283e-02
1.341481007928767635e-02
1.341435531092188653e-02
1.341986827477572274e-02
1.342489475259162242e-02
1.342728223521412294e-02
1.343634811740275666e-02
1.343571776709525517e-02
1.342295020411070350e-02
1.340661723046969629e-02
1.339160358584166356e-02
1.338243148115960367e-02
1.335494698255816279e-02
1.330044192831829515e-02
1.322424861215867192e-02
1.314117310774691634e-02
1.304221967324744290e-02
1.291723193591061761e-02
1.279373558421645872e-02
1.269721699103161690e-02
1.263849577551327298e-02
1.260915348661442205e-02
1.258233119147254483e-02
1.255958355687127742e-02
1.254595392065543935e-02
1.253375014724249746e-02
1.250030813331342271e-02
1.244155212378651558e-02
1.235667158497679927e-02
1.226091721414723779e-02
1.217158379749585032e-02
1.205242677598816758e-02
1.195233342267363469e-02
1.183317286105907071e-02
1.173808486274624009e-02
1.161679124134697670e-02
1.150182096224688574e-02
1.137238255758782866e-02
1.120352261977834718e-02
1.101612335025516087e-02
1.080113929048392464e-02
1.057512395011043528e-02
1.030362303789906370e-02
1.000029121785415108e-02
9.691917061831156061e-03
9.364717072074207546e-03
9.079055949392140362e-03
8.751927162947283761e-03
8.439761304274378748e-03
8.119261928743994050e-03
7.781164891962100670e-03
7.446200546398358024e-03
7.100858792942384319e-03
6.762205664542110008e-03
6.491829520685693522e-03
6.179577896510766999e-03
5.876435583151228860e-03
5.563741669389253748e-03
5.267710302464918663e-03
4.937166050175501551e-03
4.576044453395037258e-03
4.237899252774931028e-03
3.895319024095948279e-03
3.539100523128639684e-03
3.218641079236551298e-03
2.862768077414223379e-03
2.568832335282751709e-03
2.241128482831286888e-03
1.878238180265332131e-03
1.561879565887553572e-03
1.210848463507120968e-03
8.459239487184910811e-04
4.961886156477423671e-04
2.400217845955913889e-04
3.986213647029043143e-04
7.407381550285227967e-04
1.134662670961491052e-03
1.518727185912197844e-03
1.961294597802022005e-03
2.351147852529998899e-03
2.723609300372675183e-03
3.091249998724464581e-03
3.449511625265854874e-03
3.835542038019683266e-03
4.252279751603398744e-03
4.607195991415665402e-03
4.969677569655325117e-03
5.320396794818307330e-03
5.682476400965835728e-03
6.028049739942617329e-03
6.362802911221455797e-03
6.702031003858173117e-03
7.067723589461540924e-03
7.451665184050496743e-03
7.857393446096407053e-03
8.202681616515822630e-03
8.586824362111373718e-03
8.931427579422201654e-03
9.268939652534348081e-03
9.563394045082336536e-03
9.847162331149832831e-03
1.014977362428987583e-02
1.045113284688043223e-02
1.077825555939551302e-02
1.112677499029810987e-02
1.150684569764213322e-02
1.181253431704101624e-02
1.218267543732479315e-02
1.253938608935002003e-02
1.287676867938750309e-02
1.321071081743349987e-02
1.354131733459977387e-02
1.388238772719669126e-02
1.423041177433317754e-02
1.452237383041560422e-02
1.477423165655306590e-02
1.501279655574390068e-02
1.521240842252185622e-02
1.539877867286875562e-02
1.555757101444990402e-02
1.572350792649558279e-02
1.597641677387865236e-02
1.625584069041071875e-02
1.653345167077869410e-02
1.680205707359121864e-02
1.708159473726845665e-02
1.737907297904612083e-02
1.766184781965911277e-02
1.792936871685559680e-02
1.817283293855282908e-02
1.840352264962825946e-02
1.859923605696432725e-02
1.877024374473996310e-02
1.885341379973728623e-02
1.892161475555702299e-02
1.898213220007621133e-02
1.908435393355710843e-02
1.920087508440570384e-02
1.934849761597154383e-02
1.949110163734573548e-02
1.966987815790471536e-02
1.988418291597065374e-02
2.010113083485614779e-02
2.033559148927920751e-02
2.053577902068721983e-02
2.074177277316324036e-02
2.089727446027921445e-02
2.104708441030601201e-02
2.113125224172993435e-02
2.121075328533468876e-02
2.128979507116090727e-02
2.138043699072255180e-02
2.151429151962793579e-02
2.164832078933904419e-02
2.180759703822540696e-02
2.191772336184144576e-02
2.197987295116385700e-02
2.200690200091318105e-02
2.202043788038699629e-02
2.202743215710693467e-02
2.204288360699304880e-02
2.205407705236403504e-02
2.206293683071387790e-02
2.206490025161152516e-02
2.206452501859622675e-02
2.206069354370907010e-02
2.205496236488998715e-02
2.205331635519583791e-02
2.204710709588555972e-02
2.205142527143648390e-02
2.205086377142757501e-02
2.205568424422216234e-02
2.206601985844513017e-02
2.206948127791638278e-02
2.207326278118036320e-02
2.207321624063260379e-02
2.206892744663245878e-02
2.206249716178744144e-02
2.204431635594889319e-02
2.201205744901679057e-02
2.197553106560506606e-02
2.192020218118842859e-02
2.183674462788257054e-02
2.171784380186260466e-02
2.161408713155742178e-02
2.154640895200661196e-02
2.150960120604628045e-02
2.148000958822966766e-02
2.138836497157569835e-02
2.122135652692074687e-02
2.105222990093973470e-02
2.083668741071811534e-02
2.062242879022681968e-02
2.038427656563943785e-02
2.014989541324283678e-02
1.989056334595929940e-02
1.962731959261489537e-02
1.937437755135509865e-02
1.907252563086952318e-02
1.876370047802451355e-02
1.845180223402548281e-02
1.805762375778907289e-02
1.760870984571960909e-02
1.708837258494812564e-02
1.656783306713119699e-02
1.594768934357035373e-02
1.534034204830722267e-02
1.478012415061369725e-02
1.423918840251306439e-02
1.366016708267098374e-02
1.305619635704014306e-02
1.242324935860858633e-02
1.170270998387755966e-02
1.084350399131239935e-02
9.953661498691727602e-03
9.024842547493003991e-03
8.037975302107208328e-03
7.071284203926628785e-03
6.063349185969583478e-03
5.011581996658171119e-03
3.896329346473300596e-03
2.783651057065798535e-03
1.698093025177710089e-03
6.431896732769247288e-04
4.454403919427076908e-04
1.496968251609290257e-03
2.578708101790765355e-03
3.729932579233878782e-03
4.893245546199038315e-03
6.072142919332290840e-03
7.179788176898679181e-03
8.212449596179019484e-03
9.189449345925637669e-03
1.004876987647141708e-02
1.085185468120737282e-02
1.163756554506409878e-02
1.243319867636501035e-02
1.322021037747211393e-02
1.392874279075877707e-02
1.454885875121024637e-02
1.514636234847432407e-02
1.559101812102734949e-02
1.595200131190829471e-02
1.620840638729632160e-02
1.630506458081003654e-02
1.640519651291194939e-02
1.640383147057847962e-02
1.637824328027039436e-02
1.619825727351993649e-02
1.586324045821182679e-02
1.554900458671564303e-02
1.514093031824443984e-02
1.461597601244701145e-02
1.403351165622444656e-02
1.336707814974075204e-02
1.281061014610142615e-02
1.217485096798026981e-02
1.160112444439506674e-02
1.096576998506001641e-02
1.039007894442443500e-02
9.814188362518424733e-03
9.281756097709972439e-03
8.841110031925726934e-03
8.445482730849869155e-03
8.053593196599442838e-03
7.720907047353467445e-03
7.479329552128418344e-03
7.281324785620128456e-03
7.168130170872684045e-03
7.101694252120664165e-03
7.069118502224287434e-03
7.119022407757051238e-03
7.200421482249023085e-03
7.405834221560388987e-03
7.672303617472019804e-03
7.948748549145822836e-03
8.336503894662800757e-03
8.840291310016937590e-03
9.432542549382506858e-03
1.019032471691393681e-02
1.099065378205777918e-02
1.178403847829692132e-02
1.262884541439048165e-02
1.340802122101083724e-02
1.428217051725690079e-02
1.491507678909730940e-02
1.549070175969921061e-02
1.595638918230169942e-02
1.632681736567522315e-02
1.662971754296525481e-02
1.683124785131434251e-02
1.688783734590651453e-02
1.687053688177142866e-02
1.675897988906731306e-02
1.649632434403980677e-02
1.619193133451959574e-02
1.581551733806882409e-02
1.535913824732878033e-02
1.458483249836292454e-02
1.400322535215286004e-02
1.343644193525007913e-02
1.279905959171589482e-02
1.215079938139589782e-02
1.146031217008344240e-02
1.080442055068652797e-02
1.019558396798482883e-02
9.581982936770804329e-03
9.008133145981379528e-03
8.512649213147292088e-03
8.041951814811152885e-03
7.669362756484517270e-03
7.419098936840225027e-03
7.270769670716970522e-03
7.234102026464005533e-03
7.331440878006595212e-03
7.429138815461632309e-03
7.708497184092394025e-03
8.123073377566548958e-03
8.617643546098773324e-03
9.106964032800059922e-03
9.725980103331326523e-03
1.046143273315489931e-02
1.131035340176465148e-02
1.220693279671776314e-02
1.316462013403616425e-02
1.410552664507806232e-02
1.505764221665688470e-02
1.588081819174654713e-02
1.664124444302901573e-02
1.722604239905985157e-02
1.766117299066577440e-02
1.795159128325961653e-02
1.808401863236816162e-02
1.811244563656086090e-02
1.796318775834592277e-02
1.760335531872827056e-02
1.717833261671978737e-02
1.669016104786009633e-02
1.608514647755537180e-02
1.540919187637735874e-02
1.464260700863664888e-02
1.387320876581868943e-02
1.307928724272799416e-02
1.225810247049364740e-02
1.149041556506451116e-02
1.072470963760831578e-02
1.002282061412770875e-02
9.370764718530412429e-03
8.774592729662987478e-03
8.233226691262255509e-03
7.756844097538473544e-03
7.335690075333910730e-03
7.005471098313097340e-03
6.767089640413925453e-03
6.690499940886972426e-03
6.762768633121035364e-03
6.875128102292632146e-03
7.142469327465358030e-03
7.568653678996249690e-03
8.076557042865440197e-03
8.676285808546759654e-03
9.355396397648948689e-03
1.017970215832022032e-02
1.113694059555024249e-02
1.212312609277924058e-02
1.302292163045479408e-02
1.411939607436170363e-02
1.499133341991725106e-02
1.564513201685030150e-02
1.608392067727148003e-02
1.659944087498422399e-02
1.675877213171870356e-02
1.674657777798452263e-02
1.663505192166901681e-02
1.642943634261244748e-02
1.612644346118550717e-02
1.573464716793818163e-02
1.539381231509588839e-02
1.502699524661531803e-02
1.457397900593618116e-02
1.393763696046669207e-02
1.337038625350382183e-02
1.277886660697646025e-02
1.182273041491276912e-02
1.111558491417251673e-02
1.046262462391814828e-02
9.808120990630539437e-03
9.053400337942328277e-03
8.550486531144249613e-03
8.105980527802524385e-03
7.766267547950007726e-03
7.552201686255106267e-03
7.386671036275852149e-03
7.233760181447889369e-03
7.062703491514076004e-03
6.914471564694458887e-03
6.789058225804725337e-03
6.717362292875400306e-03
6.650875328711722441e-03
6.654553927064352052e-03
6.799412491130563639e-03
6.989934694543410362e-03
7.203199832032420799e-03
7.445748628854154810e-03
7.734429916058231137e-03
8.072165550690447305e-03
8.407601284202927475e-03
8.674390655598149258e-03
8.893971440010623938e-03
9.025050725532763815e-03
9.101691103805582481e-03
9.153747190680610463e-03
9.271371079533003920e-03
9.424967357281856251e-03
9.636748498983122718e-03
9.830395491537795294e-03
9.971243782520615440e-03
1.006433208862465324e-02
1.009496934372944819e-02
1.008170474612702684e-02
1.006173124921231135e-02
1.002454164436783132e-02
9.962550102429327745e-03
9.888558655714063325e-03
9.865241989849752799e-03
9.867289787162353970e-03
9.801144293089964973e-03
9.740659310718650932e-03
9.685629314477707183e-03
9.619330998994856177e-03
9.577447304967083921e-03
9.504242272012828480e-03
9.441635727539214942e-03
9.329799797705940964e-03
9.215985273680249792e-03
9.110898845316931990e-03
8.996001476239962394e-03
8.889104684210193813e-03
8.744565462930665306e-03
8.534139557096934170e-03
8.286993923736489520e-03
8.023358539957677060e-03
7.842813096714633392e-03
7.765901589920451431e-03
7.762841398836634217e-03
7.755048877980772783e-03
7.739910499481490042e-03
7.688291624743288227e-03
7.556531530148398283e-03
7.447001332333851378e-03
7.367372647264623479e-03
7.292583773511712199e-03
7.215065296358121744e-03
7.135121994503336798e-03
7.054108215669204623e-03
6.967678358826297387e-03
6.883873246358603211e-03
6.807816458685935108e-03
6.764530170137679488e-03
6.729084226445443753e-03
6.679759653068910105e-03
6.623655265818516498e-03
6.587505895269415469e-03
6.570272515665292849e-03
6.558865934224118732e-03
6.557059458266832966e-03
6.569478441815906032e-03
6.589245467625674813e-03
6.612585499931646245e-03
6.657609723593064036e-03
6.726111231632453565e-03
6.812793883616054605e-03
6.913914344178623272e-03
7.021129257579502084e-03
7.163702435120302726e-03
7.325362420066885115e-03
7.468937403705452893e-03
7.584372210232390339e-03
7.609158366479950968e-03
7.588369681752439415e-03
7.527618265524567420e-03
7.436838097478143048e-03
7.319412489001034944e-03
7.188927141712778135e-03
7.028328693271176930e-03
6.870765992188994191e-03
6.739261119912476512e-03
6.646053149592988027e-03
6.573218328487655075e-03
6.542916284061287696e-03
6.541853153503750760e-03
6.574582957172560652e-03
6.638023014110291768e-03
6.685785452783562892e-03
6.700265085259134341e-03
6.705860931992800762e-03
6.767669450297068325e-03
6.905984842088650974e-03
7.063188309373023485e-03
7.185637681179691573e-03
7.275405791765401919e-03
7.338522161382101359e-03
7.389799847850698350e-03
7.432519901299238646e-03
7.467453814810368247e-03
7.468941504244727345e-03
7.488450016533960626e-03
7.521202303441083294e-03
7.562137310444869490e-03
7.594096270393483478e-03
7.612223916221089876e-03
7.622406538522524290e-03
7.642536295218777496e-03
7.650676508256770356e-03
7.663805921970371672e-03
7.683002890569886473e-03
7.726858999721620234e-03
7.779200130583005350e-03
7.836649972710900761e-03
7.908337148038305231e-03
7.987998765371883553e-03
8.051113251205528967e-03
8.086454490223765959e-03
8.110706104024386839e-03
8.126397372598450838e-03
8.134162489678083141e-03
8.145659582918289565e-03
8.142310412297293354e-03
8.126003791940023674e-03
8.106438886032157898e-03
8.077583020234414130e-03
8.031422029103261334e-03
7.968267339063314983e-03
7.899269535955856514e-03
7.833873975012650356e-03
7.761507181991692504e-03
7.687723413712132733e-03
7.627497896278348857e-03
7.560915424499114329e-03
7.509671673677152139e-03
7.404427465641910330e-03
7.310281041807628610e-03
7.175138901926026228e-03
7.028192233370366380e-03
6.864685228236760799e-03
6.701143965551875116e-03
6.531447549238081351e-03
6.346514818142201704e-03
6.197673742015124589e-03
6.004745047953140291e-03
5.795752226725446946e-03
5.589564099782170364e-03
5.385391922007951547e-03
5.115751553932072933e-03
4.937643826192697830e-03
4.781102441700406901e-03
4.642353799995161366e-03
4.503200417941577785e-03
4.346341555917550802e-03
4.229589260329826017e-03
4.111026648864357473e-03
4.041918435010085492e-03
3.986086613153361213e-03
3.951010614170797144e-03
3.942257209847097391e-03
3.983304757608509793e-03
4.071990531930396590e-03
4.156003171108301267e-03
4.248456462283646540e-03
4.341053125521726792e-03
4.450796379459982452e-03
4.518541732438627161e-03
4.608231434987708139e-03
4.722265551041091025e-03
4.854733278158499671e-03
4.998014880423170408e-03
5.167599232995177122e-03
5.349129026085986012e-03
5.521476320052775937e-03
5.671224108462949443e-03
5.809618661512152248e-03
5.931094544809238991e-03
6.030690264022459286e-03
6.100807766395897024e-03
6.174328985156620105e-03
6.208853333646938491e-03
6.228327792428454100e-03
6.242983125858850811e-03
6.249670884162572722e-03
6.247750050269737856e-03
6.243968650386824172e-03
6.240629258007138365e-03
6.203272869455446134e-03
6.159117313277120802e-03
6.086521318270074477e-03
6.035302100643607365e-03
5.983993893216060095e-03
5.877205627973821310e-03
5.736585149800903227e-03
5.516914993270519152e-03
5.273419037498589847e-03
5.045451474304644447e-03
4.848505736323956150e-03
4.679657812151730677e-03
4.561049166199489246e-03
4.468609354355037623e-03
4.354596730197948622e-03
4.258010640946796946e-03
4.148007516758592944e-03
4.046415536446607876e-03
3.976770235056655695e-03
3.908405777839469263e-03
3.846206253655686750e-03
3.808972978177618644e-03
3.798091224783112230e-03
3.806586613527685511e-03
3.813056510090275571e-03
3.816278035913456875e-03
3.823894800819582513e-03
3.838698144153952427e-03
3.862121838431212088e-03
3.891162854956824613e-03
3.933638981643557825e-03
3.977461528715709946e-03
4.007368385895091790e-03
4.019826653741178160e-03
4.043579598348989550e-03
4.083441655948815384e-03
4.108740216389477132e-03
4.125085954020194998e-03
4.143637563279518009e-03
4.161360486894483297e-03
4.168970310954226051e-03
4.169750983052724139e-03
4.161683774549824674e-03
4.152069052922710037e-03
4.147076239922094752e-03
4.149354393346489124e-03
4.191775910735825311e-03
4.258321410290536596e-03
4.335102122582592914e-03
4.394021234864264880e-03
4.426501117835643373e-03
4.438446088608734470e-03
4.457011728851657285e-03
4.491218884837725606e-03
4.520581597284883957e-03
4.516397631585958132e-03
4.501887806154174221e-03
4.501659655413845461e-03
4.529564809038348280e-03
4.553719823167740044e-03
4.538474161380108736e-03
4.509710206030954557e-03
4.483327044873040672e-03
4.481742523723984684e-03
4.496752448041674635e-03
4.505845592530853018e-03
4.501461739320402645e-03
4.494187631773861706e-03
4.491158130193994777e-03
4.485638475788740129e-03
4.479292620230161670e-03
4.461074491149746510e-03
4.417858432306485082e-03
4.352693894351336405e-03
4.267700967268353227e-03
4.186856219956016159e-03
4.117430657422429911e-03
4.033315749810291971e-03
3.938015716917118124e-03
3.864774190848054014e-03
3.810918751164090509e-03
3.739369199486704699e-03
3.659444222445352914e-03
3.574020258058142798e-03
3.446473458589729370e-03
3.352087599058380281e-03
3.237051554942910973e-03
3.147411357729073926e-03
3.060829047835698230e-03
2.969520787618801141e-03
2.884384157846094521e-03
2.781895986900933745e-03
2.686663291545402996e-03
2.579079474087636516e-03
2.466230897523627279e-03
2.350290241143555316e-03
2.219642627913074803e-03
2.121989703567769055e-03
1.991763585929575385e-03
1.862962495847012446e-03
1.728854005924697953e-03
1.563784474844460331e-03
1.298351756091564464e-03
1.088415767340656639e-03
8.949644056082866955e-04
7.148366197023510102e-04
5.480174578894206425e-04
4.009101592198103321e-04
3.230877422257587240e-04
3.665547694501213494e-04
4.784503896534782132e-04
6.264635835322050414e-04
8.041450159029248437e-04
9.578499139225612026e-04
1.130378912990571191e-03
1.311101257922824654e-03
1.506841817175768759e-03
1.671643912331638188e-03
1.829345764135330331e-03
1.937032562366534406e-03
2.020848509130978698e-03
2.104168088790587740e-03
2.214230454923645387e-03
2.325061114287395314e-03
2.397834196973344482e-03
2.504689010792384828e-03
2.599063812726851077e-03
2.730543421751690202e-03
2.863241844202355033e-03
2.988787039981752412e-03
3.091856969331386023e-03
3.177886525858846043e-03
3.230852327655252959e-03
3.239180260158382608e-03
3.213024897459987924e-03
3.190452437068139798e-03
3.172107322925735162e-03
3.149297090310620648e-03
3.123661173110603775e-03
3.096832119793775911e-03
3.089724753506895624e-03
3.144212185109505810e-03
3.280274010608986469e-03
3.464414183673440468e-03
3.676222075282229492e-03
3.920453613001187963e-03
4.140957347218356295e-03
4.392491856747012847e-03
4.665483468682857932e-03
4.958967616370399054e-03
5.287005227804566013e-03
5.591163831872962564e-03
5.897805293959377561e-03
6.232400710160061752e-03
6.591333113011682912e-03
6.959542991697818468e-03
7.355672705686123851e-03
7.804350171924974086e-03
8.258147579832340532e-03
8.777501351093236134e-03
9.257293313768392984e-03
9.727285919976192893e-03
1.020555738969742415e-02
1.065998338920576792e-02
1.113626139700864444e-02
1.162832418129788187e-02
1.212076028692608137e-02
1.268972236439416985e-02
1.328552585533878880e-02
1.398140349837882247e-02
1.464251231618615701e-02
1.528785427679335215e-02
1.586729484096823656e-02
1.644083166093566681e-02
1.704705265279431864e-02
1.757839542900777388e-02
1.814480693669437775e-02
1.875660519237744989e-02
1.927355279075059630e-02
1.977677945113700403e-02
2.023004997744791422e-02
2.065735115039642883e-02
2.114020206811425065e-02
2.163336399708254421e-02
2.206321941321061353e-02
2.258771644014419960e-02
2.284912420898337418e-02
2.312116747841087838e-02
2.339268266948880959e-02
2.369841132793949409e-02
2.401493802208421249e-02
2.434444462169580228e-02
2.465419269452218468e-02
2.492302777798988817e-02
2.510837797947640046e-02
2.519759559116105732e-02
2.522506527429607334e-02
2.517273315122696767e-02
2.504707510847112642e-02
2.486296793236633662e-02
2.462866079643074788e-02
2.441119141457388439e-02
2.422993118391370687e-02
2.407127258704168382e-02
2.384631002868873792e-02
2.351740222730151070e-02
2.304701029103084498e-02
2.253128061727495413e-02
2.206029802885676322e-02
2.168223803363950042e-02
2.143853712401140588e-02
2.130123969304281023e-02
2.118907458110327879e-02
2.112091713180722433e-02
2.110366575338461920e-02
2.104313192158882226e-02
2.100310235444846282e-02
2.095624541353055884e-02
2.088006604460874299e-02
2.078041324494333056e-02
2.067237736809524398e-02
2.058090167873060858e-02
2.048400725516309751e-02
2.045151396267912494e-02
2.053902437887761626e-02
2.069630452131275208e-02
2.084671194264283572e-02
2.106612022322779110e-02
2.159867651714170167e-02
2.200856015173262639e-02
2.242554750970501137e-02
2.286772232847926467e-02
2.325452484826507141e-02
2.363085002117534805e-02
2.397152649816767719e-02
2.433571774840578156e-02
2.466908277721055823e-02
2.493943112857690408e-02
2.518320851375236563e-02
2.532751197391502201e-02
2.538906567949989618e-02
2.537969029805237434e-02
2.526841406366459736e-02
2.509727913431684249e-02
2.488830915765924065e-02
2.462056029206433766e-02
2.430378864236627107e-02
2.399811042621640203e-02
2.370428882584869196e-02
2.341886760481313307e-02
2.312608686377165892e-02
2.286625755524746700e-02
2.260231660728389408e-02
2.235661684710198160e-02
2.211868571590058091e-02
2.189220774092830862e-02
2.168968972468349188e-02
2.150921072770030015e-02
2.136491645368970849e-02
2.122645711450984324e-02
2.112759482770201758e-02
2.104444075304368750e-02
2.100637042834033533e-02
2.099755865487958062e-02
2.096569711363265379e-02
2.097560217996728357e-02
2.105365956141850084e-02
2.117863360018119520e-02
2.132878451505273998e-02
2.152917683701670651e-02
2.177180658988299780e-02
2.210025312141163448e-02
2.252281461937783932e-02
2.293545816654244535e-02
2.339224883366794808e-02
2.378310496051693965e-02
2.414563692630375749e-02
2.440544832062804814e-02
2.459026300218049646e-02
2.464971895610304498e-02
2.463530599732477455e-02
2.454166060049138218e-02
2.434205162218289545e-02
2.406275030613757443e-02
2.377410805966540669e-02
2.345403292087740177e-02
2.314526044064745339e-02
2.285792583943318731e-02
2.257796433657024635e-02
2.230079899436378243e-02
2.196042834410583122e-02
2.156137081825764551e-02
2.108927742296737295e-02
2.069612993292075862e-02
2.027076712639138203e-02
1.985541104841423432e-02
1.956689546574138377e-02
1.931523987036052464e-02
1.912495215178310753e-02
1.898497372758922372e-02
1.884073044424030424e-02
1.872904607626384860e-02
1.867011002204313139e-02
1.869505456551013786e-02
1.871273511697002859e-02
1.873645425329666797e-02
1.883558129646905124e-02
1.891996972402242710e-02
1.895630486538468773e-02
1.907481467431480782e-02
1.922947622847098401e-02
1.942821047269783358e-02
1.968706786974916065e-02
1.996705642106354900e-02
2.019340145383347745e-02
2.038611342067126603e-02
2.049470823363526428e-02
2.055982927086642820e-02
2.055725200567111444e-02
2.045698213168929691e-02
2.031524867067937418e-02
2.015108319108476626e-02
1.999640706535037171e-02
1.982263842345204780e-02
1.962034712537863435e-02
1.930774966823840116e-02
1.897398030093079904e-02
1.855291860835798709e-02
1.807130951604222005e-02
1.751416058431246731e-02
1.696994728778102035e-02
1.641468576477241731e-02
1.596223237386507759e-02
1.552405927521488538e-02
1.513168295505418204e-02
1.476733623449302986e-02
1.446126889192031993e-02
1.425960379680712292e-02
1.419444502357874484e-02
1.421191993793235152e-02
1.435066340868194380e-02
1.454964168073039597e-02
1.479541717083393895e-02
1.500930246428151468e-02
1.520075209194882496e-02
1.539201213600563736e-02
1.557950530020093399e-02
1.581656259869892653e-02
1.608299999061482341e-02
1.633148055945985236e-02
1.658214923391242157e-02
1.677499639951442884e-02
1.692642732583581403e-02
1.706971429288623235e-02
1.719833205011116195e-02
1.725589825858831264e-02
1.731143531779414865e-02
1.733320441340835405e-02
1.737338032108574903e-02
1.742415992631212232e-02
1.745389076091727332e-02
1.749194300320985190e-02
1.753730051678684468e-02
1.758616289598277996e-02
1.763272552527258077e-02
1.762437822973959498e-02
1.756871938948717168e-02
1.749152732173503422e-02
1.740109675258669913e-02
1.731287421232678356e-02
1.722511144577291986e-02
1.714027768533950280e-02
1.704937831704301035e-02
1.700708977798115820e-02
1.697295649399312850e-02
1.693931004212606908e-02
1.690228391286752521e-02
1.686193489603150450e-02
1.682452669780259286e-02
1.680521315697082810e-02
1.678719570503458408e-02
1.676366274880947485e-02
1.677458012856785155e-02
1.680274559261387204e-02
1.681579180579754335e-02
1.682149563767772887e-02
1.686048759382109685e-02
1.689777261716129270e-02
1.696324601407085686e-02
1.700699813403752300e-02
1.703878412875064335e-02
1.703756224287710994e-02
1.702012031537663422e-02
1.697627263099172126e-02
1.690364223264934768e-02
1.684947335482977690e-02
1.678697227861912500e-02
1.669102280999910926e-02
1.660596816440235157e-02
1.648118795937721440e-02
1.632210438991136062e-02
1.612986863758903225e-02
1.589467230784441520e-02
1.565306607203015982e-02
1.541850576294361529e-02
1.515902181840533477e-02
1.490019089599924941e-02
1.464996829401605562e-02
1.439651949557226723e-02
1.414177811167752034e-02
1.385086731640192657e-02
1.353502723426128554e-02
1.309512568560031176e-02
1.275648311294952895e-02
1.243082757580602285e-02
1.207902190816894337e-02
1.173689195148742460e-02
1.142929749535710922e-02
1.114380161537659522e-02
1.081495397198872430e-02
1.051211707019673695e-02
1.024288165605642155e-02
9.973306001533966889e-03
9.719071662846041210e-03
9.478004015109380703e-03
9.258408044405103815e-03
9.046006478567821321e-03
8.834779004651733061e-03
8.596837391000960310e-03
8.354410364117759863e-03
8.127011801355372642e-03
7.907083913491324764e-03
7.715218461097212745e-03
7.523977615047205275e-03
7.311864834729372813e-03
7.085069529113406997e-03
6.874757325006426723e-03
6.675916196412420671e-03
6.469565875670615050e-03
6.277883702075616121e-03
6.081880326441690965e-03
5.896965337452736433e-03
5.738489609170630869e-03
5.570564236195605680e-03
5.407704405325480801e-03
5.277624891913805689e-03
5.136202508588726123e-03
4.969784900161462390e-03
4.771381791121707093e-03
4.570401769001750276e-03
4.333749201989914833e-03
4.095944510179375976e-03
3.861396412111201947e-03
3.609446533602179465e-03
3.362483640752060229e-03
3.149263768197430383e-03
2.957670461001706778e-03
2.744848428564007018e-03
2.491778010824891813e-03
2.251519915904082181e-03
1.970593214008957775e-03
1.682561106080994419e-03
1.372942129916474322e-03
1.061036211804842989e-03
7.737474599177355996e-04
4.913148338613601345e-04
2.487997023255089624e-04
2.503230682625842739e-04
5.228602914277235246e-04
7.856138723021149819e-04
1.265737915139369734e-03
1.719838467777405145e-03
2.015703170498797572e-03
2.309647827372343122e-03
2.590041643014883484e-03
2.900576605704396991e-03
3.176139380602765582e-03
3.482946533067015661e-03
3.764438397809138654e-03
4.031566636740173924e-03
4.301454823802039300e-03
4.554419515192396212e-03
4.799307010819989922e-03
5.038662705133119604e-03
5.266382584722575921e-03
5.596926988717732150e-03
5.788611376286600767e-03
6.004435066671779016e-03
6.204532500340102265e-03
6.382243147837734359e-03
6.555000431918091633e-03
6.709807268357740467e-03
6.835056290130134271e-03
6.967704620905727786e-03
7.108060415405334509e-03
7.230238025026322971e-03
7.374169177926366212e-03
7.516327580570636435e-03
7.634635286730790879e-03
7.779480247030311213e-03
7.905172503199234257e-03
8.022167794372219232e-03
8.172864629893167310e-03
8.328727876920462639e-03
8.494564878919374368e-03
8.675678600641606800e-03
8.847121102035700527e-03
8.986398518585037368e-03
9.123680607237571322e-03
9.238714641901167937e-03
9.332527776795685251e-03
9.409769994991216274e-03
9.514694005195256307e-03
9.601509826167567777e-03
9.717273429746013311e-03
9.800720490088728892e-03
9.885968096962153770e-03
9.985210261508713561e-03
1.005222153063594151e-02
1.009177124808476565e-02
1.011373117753930351e-02
1.012578142183863557e-02
1.012409723468402252e-02
1.009681870111545261e-02
1.002627408508828012e-02
9.940130025004628722e-03
9.840160488105367462e-03
9.721703822408086018e-03
9.566861449752094362e-03
9.462571139647510052e-03
9.350510805202605358e-03
9.247348068953300387e-03
9.083607142153768410e-03
8.902160152690262451e-03
8.667679099892439121e-03
8.400748820406313613e-03
8.103641673394949146e-03
7.801626066002547918e-03
7.509106432203351868e-03
7.194916518469313474e-03
6.904772351041359169e-03
6.632927431321756356e-03
6.328259919744514198e-03
6.029322249876791287e-03
5.717640784633255466e-03
5.429161180103423551e-03
5.135079509502340350e-03
4.834912541161439682e-03
4.523557375274292643e-03
4.242948741821785281e-03
3.949359331074395706e-03
3.695764945334015748e-03
3.471812409445682122e-03
3.254572275142141990e-03
3.063168762001157279e-03
2.862735375856113526e-03
2.661923584873996523e-03
2.463462084621548514e-03
2.278334249498509007e-03
2.109704832805361571e-03
1.962122388644775388e-03
1.831794588822772095e-03
1.725912936393083751e-03
1.619430854938494610e-03
1.536846464448895708e-03
1.439028330283204180e-03
1.358405941810535188e-03
1.241088688102760752e-03
1.134733522714329902e-03
1.029751435631075891e-03
8.844554929485643749e-04
7.654531969214744928e-04
6.299955039309918263e-04
4.905960586173805250e-04
3.215750118495704752e-04
1.797563505389747102e-04
1.692212028516981920e-04
3.193812491275842139e-04
5.187237401827243712e-04
7.152089271827486014e-04
9.277598714693949169e-04
1.158671006376272130e-03
1.426793955428031814e-03
1.683397467093363659e-03
1.966992713141899572e-03
2.248114137316144841e-03
2.505457911853027110e-03
2.803558800595358502e-03
3.058850584673215769e-03
3.353426867469549381e-03
3.663303483667149432e-03
3.955781178081295597e-03
4.228895341276517339e-03
4.503656503461685515e-03
4.796074938559949374e-03
5.074459655075825096e-03
5.312047291407158249e-03
5.565397435510107717e-03
5.817449558209777591e-03
6.034989585231408625e-03
6.290538459118236517e-03
6.539529122606839266e-03
6.735150749347865520e-03
6.919303934513528972e-03
7.078176904196225964e-03
7.232977305152342440e-03
7.357976100339308489e-03
7.443246379513991998e-03
7.535781490298152849e-03
7.636558393553602789e-03
7.718653261599331405e-03
7.829202899118059902e-03
7.937627030311651677e-03
8.029669692995384730e-03
8.139781197367357279e-03
8.195044727229783624e-03
8.232564598151269342e-03
8.242252234119319676e-03
8.246270252229286057e-03
8.235076549962900769e-03
8.189001942509883947e-03
8.118855933421337961e-03
8.065680946814542118e-03
8.002397372200714329e-03
7.894092666302345018e-03
7.806185417214476716e-03
7.683582693811170407e-03
7.546078323797596708e-03
7.359453296857521379e-03
7.126225010519622420e-03
6.896624303757876127e-03
6.650958761895439317e-03
6.358128964167470906e-03
6.032951919512046304e-03
5.729989594030240364e-03
5.418060215389765635e-03
5.106182057268284641e-03
4.793285102216333915e-03
4.460961701117205358e-03
4.099622650447509037e-03
3.709755053181368941e-03
3.295765851471219032e-03
2.896554748495273977e-03
2.529172998142638091e-03
2.102681333412223519e-03
1.735306984048201910e-03
1.346914903110624966e-03
9.748669058453933922e-04
6.204156843720730384e-04
2.534854172479272523e-04
1.792072850786253320e-04
5.563186578639474356e-04
9.142476627160222268e-04
1.287332527794648671e-03
1.670302582660501906e-03
2.007727586069968980e-03
2.347939335090860283e-03
2.687536023497287801e-03
3.003723949902626852e-03
3.339059528331158027e-03
3.694564186135953013e-03
4.013619303024720288e-03
4.334993434867652831e-03
4.631042700001035579e-03
4.950574293779230230e-03
5.236039398090571416e-03
5.516368524599460886e-03
5.803164793814104272e-03
6.096182871932914228e-03
6.362403392828365305e-03
6.620525054942301944e-03
6.849639627123360434e-03
7.090763989060830559e-03
7.344297507075424683e-03
7.606389078191898995e-03
7.815103470602543373e-03
8.005592859788131926e-03
8.170970668275896048e-03
8.304372995133788710e-03
8.382568456924678613e-03
8.452371929354943886e-03
8.480971858402248931e-03
8.532386771475757720e-03
8.581263193916867371e-03
8.622749478570572793e-03
8.682857906914679194e-03
8.725287584701917065e-03
8.754240375753903625e-03
8.787885855145264116e-03
8.812218020471390342e-03
8.828135634038154420e-03
8.832617727231338589e-03
8.832904977348688888e-03
8.813447437887035954e-03
8.777379504608986624e-03
8.732657941876604060e-03
8.689184604303120535e-03
8.598711993648124052e-03
8.566671494790322958e-03
8.568554451802176328e-03
8.519077534652740383e-03
8.464492169806043034e-03
8.364896844095826359e-03
8.248341571701961125e-03
8.117959221073729748e-03
8.034333694298675249e-03
7.960285059175224720e-03
7.903710647457769245e-03
7.785310753541437728e-03
7.677631853675107899e-03
7.535211806903000138e-03
7.392730031950452835e-03
7.197596336175054489e-03
6.977777552693498718e-03
6.747911293915389089e-03
6.538481695682306534e-03
6.371238639097210471e-03
6.194682142308565072e-03
6.056928320692431429e-03
5.950594412131683837e-03
5.874568793105069617e-03
5.860795383445956651e-03
5.842172046441902050e-03
5.837569239210026704e-03
5.765318171839358026e-03
5.635961352847068499e-03
5.453726747126932256e-03
5.237725491785496373e-03
5.023497989166107562e-03
4.839574055257508771e-03
4.657873545878076123e-03
4.512062974955960426e-03
4.395830351044491095e-03
4.281669700388337704e-03
4.144743810187212670e-03
4.000619617189100571e-03
3.851973914704746697e-03
3.667714331789167191e-03
3.433919369563004451e-03
3.172199542081228108e-03
2.901579435648124396e-03
2.617756402054854416e-03
2.326607392563351685e-03
2.039926999973971315e-03
1.815861937735572130e-03
1.591393386537611788e-03
1.367156869253762083e-03
1.135441998070516696e-03
8.991662796812195527e-04
6.968488739378063661e-04
4.793158744478060633e-04
4.141365372316899141e-04
5.689038409788140915e-04
8.254321454367870379e-04
1.139954893212621152e-03
1.475276578116979176e-03
1.795769053274055317e-03
2.106263172077999131e-03
2.399569473005560335e-03
2.708305610904867319e-03
3.013576815179506378e-03
3.292484706668579158e-03
3.612634840958292570e-03
3.902882842409965882e-03
4.154595701116014714e-03
4.389930516545633744e-03
4.603725159294215323e-03
4.797215311657846738e-03
4.988238431819561752e-03
5.151243246945243562e-03
5.299918749239890432e-03
5.438434511754663622e-03
5.620662568155601786e-03
5.799321507833173593e-03
5.935681640657351765e-03
6.084178376763899575e-03
6.252147922274430003e-03
6.398893754608529424e-03
6.526761909472361851e-03
6.646089313094095778e-03
6.740329070766509605e-03
6.854568273117959791e-03
6.963042163129834310e-03
7.071470420973023641e-03
7.213776849281130533e-03
7.350325525423351963e-03
7.490589381800826820e-03
7.642696410587426943e-03
7.790585767247061935e-03
7.914215059316290213e-03
8.033265829102041733e-03
8.169014135200792018e-03
8.300189690176875204e-03
8.450511068171890836e-03
8.615518830425336963e-03
8.791338784860951508e-03
8.957411109670930516e-03
9.128118054199895609e-03
9.314296481454121049e-03
9.445148784173748938e-03
9.562302252701427446e-03
9.643040281807572361e-03
9.732475005297801240e-03
9.786219881923916356e-03
9.863197860613260107e-03
9.913830413857479748e-03
9.962461373977217829e-03
1.003543734520057247e-02
1.009069886948163290e-02
1.013607347401785340e-02
1.018488915005712724e-02
1.024607662909320441e-02
1.030409813409084371e-02
1.036004125678951018e-02
1.042085615069637990e-02
1.048906613420383035e-02
1.054428535890600260e-02
1.057993178638551648e-02
1.059343705778249996e-02
1.059838317908169160e-02
1.059582452186071111e-02
1.058098667131488965e-02
1.055568284820085009e-02
1.052802676202654539e-02
1.050510858175484133e-02
1.049356172462931336e-02
1.048761461544939211e-02
1.049117890311416189e-02
1.048832997022183799e-02
1.048562101959212532e-02
1.048837679142875998e-02
1.049519669776326734e-02
1.050254972418263391e-02
1.050374124862400206e-02
1.050357264744716974e-02
1.051420418558996796e-02
1.052342482781450268e-02
1.052460354660588772e-02
1.050773986344731049e-02
1.047260752405112030e-02
1.044069238448538592e-02
1.042958048885818043e-02
1.043193714448594801e-02
1.043460736735810947e-02
1.043744079419918133e-02
1.043248733505260789e-02
1.043851571379342084e-02
1.044890956309845430e-02
1.046030245785800616e-02
1.047195304986675568e-02
1.046556878299029214e-02
1.044368120547235247e-02
1.038717306421686748e-02
1.030428718537399965e-02
1.022922521443444741e-02
1.019126118303052483e-02
1.013212058094737494e-02
1.007343932713737795e-02
1.002155704733028244e-02
9.995484894956338864e-03
9.925500356818070177e-03
9.845391379761670239e-03
9.723870876910279543e-03
9.582874270881286058e-03
9.415451201731402445e-03
9.187296653363621196e-03
8.952774466598029460e-03
8.704080725636002130e-03
8.442278489646298442e-03
8.201354601345661743e-03
7.954750435680746704e-03
7.702454442582564419e-03
7.452160245112444438e-03
7.192115966151311525e-03
6.940356019792793228e-03
6.713741491397633154e-03
6.471780130442764123e-03
6.178251826691310081e-03
5.867986440371228581e-03
5.528284988149078684e-03
5.190424944074947464e-03
4.822875253753052330e-03
4.435039775923473905e-03
4.077716928775372042e-03
3.741943975435313430e-03
3.405156769248680708e-03
3.080614538770063467e-03
2.815744885889353861e-03
2.552215304453965116e-03
2.251816467387462734e-03
1.974536195476593505e-03
1.682485435216804926e-03
1.405566562270578858e-03
1.103841392280081836e-03
8.259600471769065191e-04
5.659957416666546500e-04
3.561716506331435690e-04
3.048324566603703776e-04
4.616391630084130991e-04
7.019925221972112776e-04
9.315155667801009896e-04
1.196816706658553574e-03
1.477788514418359100e-03
1.735147507042452981e-03
1.980990299818846147e-03
2.223170434841128390e-03
2.495053917633407309e-03
2.756793742915914988e-03
3.013426096303225849e-03
3.270023860548495684e-03
3.555026162831277734e-03
3.799039765116307699e-03
4.036404449527009747e-03
4.281675302056097560e-03
4.515249949053613300e-03
4.797515142999894504e-03
5.104119608406801345e-03
5.432391161010574621e-03
5.753054950659675613e-03
6.073917919195899809e-03
6.373486852904628255e-03
6.635124498765573170e-03
6.848144154716856100e-03
7.046858425533732845e-03
7.270018217818682849e-03
7.504616033775576497e-03
7.711941657574567649e-03
7.940539875886573271e-03
8.170897190889255673e-03
8.393554761753936957e-03
8.618913265722203537e-03
8.835071021224013763e-03
9.031631163361843184e-03
9.224276974319045586e-03
9.418256491020429028e-03
9.637926744448667427e-03
9.853994214429588269e-03
1.010797150763846630e-02
1.031621388454467998e-02
1.062502108575427880e-02
1.084183076704598250e-02
1.105141000875292656e-02
1.125786627580703005e-02
1.143917137163138684e-02
1.158442950442891035e-02
1.171998800780525186e-02
1.181384364093105051e-02
1.196646893080584480e-02
1.207170020520425061e-02
1.217493378150820947e-02
1.222614636981609985e-02
1.223981087689601961e-02
1.222861707912150687e-02
1.220983283152320478e-02
1.219921063975971075e-02
1.216260691381386774e-02
1.206285899082460214e-02
1.194342726866852618e-02
1.183945585767649800e-02
1.171873334880980770e-02
1.156901360263843520e-02
1.144750561748595838e-02
1.130816084628310202e-02
1.116689615411945065e-02
1.100612986512817214e-02
1.081923849392422976e-02
1.061399320858126202e-02
1.037678106724272860e-02
1.009141097707565334e-02
9.775642471426246316e-03
9.450173455175696693e-03
9.136053889596805824e-03
8.794315635586797200e-03
8.456018313284069735e-03
8.134634570266578713e-03
7.818760999281592489e-03
7.521551043982350332e-03
7.218703599510333663e-03
6.898253622837250548e-03
6.621075004959477844e-03
6.274022307199624872e-03
5.909140541616299779e-03
5.515834577532698589e-03
5.134282456364708605e-03
4.716268775797880820e-03
4.327330592773415315e-03
3.924248378608105776e-03
3.521706475523600412e-03
3.118121727074494535e-03
2.750833514075744918e-03
2.372425696733578872e-03
1.985748916127354387e-03
1.598651693828937207e-03
1.203280396596839502e-03
8.118954111341253116e-04
5.311714884693693236e-04
4.200680003408105000e-04
6.141119117007747463e-04
9.164924130168969211e-04
1.253611212898999390e-03
1.615737114364074753e-03
1.968186001540727856e-03
2.279837246702218385e-03
2.585162610668711135e-03
2.915991240997757063e-03
3.177065012320572698e-03
3.480574026012720357e-03
3.779428609346197673e-03
4.059439554084296430e-03
4.332869244216863355e-03
4.589681953173895684e-03
4.841509563347712146e-03
5.111669576582920406e-03
5.339533406504642921e-03
5.565583055576303791e-03
5.814529305051731843e-03
6.017108181211795748e-03
6.232193111626638943e-03
6.490928174606892288e-03
6.728093877262909112e-03
6.968099134355820908e-03
7.221550768900502487e-03
7.485499171442651367e-03
7.701705673721091598e-03
7.903804866442720040e-03
8.098963713558593111e-03
8.287520741287282902e-03
8.475188125239589351e-03
8.691454237913178241e-03
8.919050210332849643e-03
9.141199915369680254e-03
9.412091715343171017e-03
9.673517094051391207e-03
9.920486444216296620e-03
1.015942818245356948e-02
1.040010838446806841e-02
1.062853955566426048e-02
1.085463578675936042e-02
1.112593494041415679e-02
1.139982293840571294e-02
1.164950138644062216e-02
1.188547623178073942e-02
1.215772030048360708e-02
1.239570656587988921e-02
1.262218311183384810e-02
1.284782405794387093e-02
1.306630679240236050e-02
1.327297319414224436e-02
1.346299538459011860e-02
1.367921932446751303e-02
1.390590790179166945e-02
1.413808445508028810e-02
1.436160621423921736e-02
1.456445655105423863e-02
1.476861866604084472e-02
1.497886413283622958e-02
1.517588128224418159e-02
1.535338305172761000e-02
1.550021066100454661e-02
1.560984543908905918e-02
1.573053546917750622e-02
1.588233667149052675e-02
1.604494466562991772e-02
1.620765886624486729e-02
1.634043042374431001e-02
1.648978503745641283e-02
1.661225843164183119e-02
1.674843007979716705e-02
1.684856452962123913e-02
1.696272061085092944e-02
1.704958707770266174e-02
1.713333180108415205e-02
1.723229129163574014e-02
1.729089625332962468e-02
1.736452676703824707e-02
1.744642461474243608e-02
1.751137723017138700e-02
1.756101531830156492e-02
1.762992742895231127e-02
1.768467021554848834e-02
1.770804171467565274e-02
1.772087842431721225e-02
1.772949512225443711e-02
1.773613147874465376e-02
1.773948758673274742e-02
1.773437549311301584e-02
1.773211072763266824e-02
1.773573200013057322e-02
1.773321648671436282e-02
1.773295441695067753e-02
1.773227053699042571e-02
1.773057263630208047e-02
1.772306461306822484e-02
1.771045173179278814e-02
1.767695190882496992e-02
1.764638434731204825e-02
1.762122482681070107e-02
1.757535088215995966e-02
1.755809433352729931e-02
1.749526626923121261e-02
1.748320280044854749e-02
1.748644791839832832e-02
1.749797944008366427e-02
1.753295057568842949e-02
1.748902570358537925e-02
1.737765888537014247e-02
1.727957603839928510e-02
1.717035772009223651e-02
1.701795415493228061e-02
1.688331616555256015e-02
1.670406528378651917e-02
1.650878373484837916e-02
1.629073312175568361e-02
1.606591045720055094e-02
1.582023890646216263e-02
1.557902052930365371e-02
1.531588063695698242e-02
1.505466942063521385e-02
1.478390037832666253e-02
1.449550123264465792e-02
1.419887798278067319e-02
1.388143244622059604e-02
1.353024994326590923e-02
1.318813397468764775e-02
1.284424795934883956e-02
1.251711272917610182e-02
1.219668685064352089e-02
1.182949491407630366e-02
1.151404574512712720e-02
1.119681083507127577e-02
1.083944049336253539e-02
1.052730422981483678e-02
1.021537159880623290e-02
9.888356075626939662e-03
9.536645548506960182e-03
9.202896052129899696e-03
8.895718152143560278e-03
8.543419099183931914e-03
8.221643761918763157e-03
7.899041064152536457e-03
7.592109528460372347e-03
7.269688323189549620e-03
6.955414088966448832e-03
6.679468499119780266e-03
6.392248255218195216e-03
6.087108089007653607e-03
5.825147472777525599e-03
5.549461488519411879e-03
5.304111161075918471e-03
5.077662106646502541e-03
4.827715336813469260e-03
4.579125195741158387e-03
4.342093573904865465e-03
4.098012714328383606e-03
3.858705837970952211e-03
3.581338759397351742e-03
3.310900900279576450e-03
3.072600554939831918e-03
2.851025855110294726e-03
2.586117690960380248e-03
2.341550019891221884e-03
2.102378540254303766e-03
1.848520613263083959e-03
1.590053146245226125e-03
1.290448749247656568e-03
1.010767999043110481e-03
7.265074230424394463e-04
4.389320191431841673e-04
2.586679562563350978e-04
4.085427465931062052e-04
7.036037634491218657e-04
1.012641602652225754e-03
1.369209971915467082e-03
1.700157408710468781e-03
1.999724845524503310e-03
2.296590469691000766e-03
2.604791296137072727e-03
2.905336570263252535e-03
3.197586879854441566e-03
3.543576308048108827e-03
3.860555182843256050e-03
4.172415505932134359e-03
4.467468487545732565e-03
4.772064700109180171e-03
5.045555170908318059e-03
5.342747373522104860e-03
5.660787957235191743e-03
5.992463621740720496e-03
6.328616028501961657e-03
6.652571273057326234e-03
6.975151364487860647e-03
7.333887026756610687e-03
7.657104745976023655e-03
7.965766068590065044e-03
8.293038563587604509e-03
8.601955138205115425e-03
8.877184527958119700e-03
9.136550725396224218e-03
9.370606695226621138e-03
9.651398482089221242e-03
9.893623369845758880e-03
1.012869775814180008e-02
1.040099985600106101e-02
1.068415275168145724e-02
1.097620461836513843e-02
1.126456530448295863e-02
1.154803221286132900e-02
1.179862994778153873e-02
1.205150736957171648e-02
1.228054688520083780e-02
1.250042026013103817e-02
1.271897425633847743e-02
1.294106598206225429e-02
1.316713269931526521e-02
1.341994470287154705e-02
1.365240786599553925e-02
1.388401626170636220e-02
1.413621410942199862e-02
1.435985513203224401e-02
1.459348145367739442e-02
1.483297306246055339e-02
1.506696872068409923e-02
1.529290789104957929e-02
1.550168949261842948e-02
1.570153438732283663e-02
1.591963322928806671e-02
1.612001692502326028e-02
1.629769746421532925e-02
1.648417279040836209e-02
1.664700018402712894e-02
1.678688736134580778e-02
1.690712432273821716e-02
1.704624455307558045e-02
1.715895626473992047e-02
1.727375388287885963e-02
1.735316620666078197e-02
1.743575585308103706e-02
1.752883444273732605e-02
1.759421274616652583e-02
1.765118553853039021e-02
1.768679495775250451e-02
1.770874410109696609e-02
1.772808129261474464e-02
1.774887275688519228e-02
1.776956082867118397e-02
1.778921685871173719e-02
1.779274983974063820e-02
1.777378295370066891e-02
1.772845357163729124e-02
1.767423715993455061e-02
1.762034702843480113e-02
1.754552335202103422e-02
1.741217128670811617e-02
1.731792491574423928e-02
1.720653813607541868e-02
1.707383460377751017e-02
1.695310035055542369e-02
1.683231467653902025e-02
1.670707329965433544e-02
1.659924504427951961e-02
1.645104191456443765e-02
1.631975017483720120e-02
1.617552196363136047e-02
1.605825134166451867e-02
1.591826793732657383e-02
1.579290196296966389e-02
1.564345114684835558e-02
1.551339356499882582e-02
1.536868856626657891e-02
1.522042469523282419e-02
1.505823882563270787e-02
1.488854915812175793e-02
1.472521650460376606e-02
1.455641422199995330e-02
1.436027467314711370e-02
1.417862615492514015e-02
1.400614235370067386e-02
1.382837998999218894e-02
1.358991713916151735e-02
1.329668229642532590e-02
1.290354965811879411e-02
1.249977950524685730e-02
1.205772672135685224e-02
1.159897174733373788e-02
1.110054696253222686e-02
1.061500183368725182e-02
1.011043801558175921e-02
9.618802637938756589e-03
9.083354396531009498e-03
8.528268743106175859e-03
7.953176271309328471e-03
7.368364236645167514e-03
6.767054402895228242e-03
6.203863218136293316e-03
5.574096538045626888e-03
4.946878275268170276e-03
4.281708204928541539e-03
3.697443367871903856e-03
2.929712225589728002e-03
2.199419659908213778e-03
1.380508815966416305e-03
5.900938899510665926e-04
1.933637713961367172e-04
8.749722534412502023e-04
1.500320865641270552e-03
2.155538760602203428e-03
2.834779870706688118e-03
3.480883910888527086e-03
4.142876178449534860e-03
4.822376264164012459e-03
5.485090485108923275e-03
6.182271477865321566e-03
6.946910048293439277e-03
7.661256764000353402e-03
8.393184092122760523e-03
9.087702510778946502e-03
9.727144808237407625e-03
1.034079525398525282e-02
1.096501971214533348e-02
1.150552293033092234e-02
1.188052489753472357e-02
1.195226878265022268e-02
1.193434071820699549e-02
1.192212854761915374e-02
1.201143629566520099e-02
1.205798014187896804e-02
1.196987115131461187e-02
1.187227235927373198e-02
1.184363875795789445e-02
1.188868057253085649e-02
1.192070437744491458e-02
1.185593843737757502e-02
1.152780132848088036e-02
1.099604324831451527e-02
1.036175976849309718e-02
9.717853942808749729e-03
9.138265820024709177e-03
8.344173861392257738e-03
7.872779753220111171e-03
7.411949451329242350e-03
6.971932105265392018e-03
6.641830121382343022e-03
6.481753454923549172e-03
6.424734544577060183e-03
6.420789739137787097e-03
6.625853117105157293e-03
6.824587326966469539e-03
7.185074755863047995e-03
7.720059522341353800e-03
8.332534253820439440e-03
8.945418182961396153e-03
9.516651363102127462e-03
1.006252442437754677e-02
1.065017096445456703e-02
1.123727820678707169e-02
1.181503217870130858e-02
1.243537186033629414e-02
1.312161175202770230e-02
1.376615391920202845e-02
1.438626263574219535e-02
1.505101454092042795e-02
1.565136857906807705e-02
1.628737435515828502e-02
1.682304059695580514e-02
1.718757839114173208e-02
1.737393845112938928e-02
1.739072816033969057e-02
1.728957360762026219e-02
1.704731222100679122e-02
1.680729234699717897e-02
1.647276996730084528e-02
1.601558592938216383e-02
1.558553583595218874e-02
1.519598664381451025e-02
1.485149242464342371e-02
1.444808538613585013e-02
1.400828833883602242e-02
1.342898947210282093e-02
1.270773573516083797e-02
1.189443931228905717e-02
1.100044990133016744e-02
9.781208250144318023e-03
8.966412263037012303e-03
8.229166878314328817e-03
7.731633131517171194e-03
7.451841744122836980e-03
7.424638059121496658e-03
7.636643707804311940e-03
7.927876993034939368e-03
8.307321247840801157e-03
8.830273757204881724e-03
9.347184370415330054e-03
9.817038233258469984e-03
1.034067393952494210e-02
1.085031010959359304e-02
1.140532189585888659e-02
1.212157362278448725e-02
1.292321904993639324e-02
1.371867500679356186e-02
1.452573484168142963e-02
1.526283720425501179e-02
1.594644353783799748e-02
1.650520451991568938e-02
1.691107899358185174e-02
1.714287209785901600e-02
1.727292118435065985e-02
1.721133585664449614e-02
1.697851523493809980e-02
1.666823131062934032e-02
1.628204705549833944e-02
1.587417880621487878e-02
1.540144147562688172e-02
1.480338048978537685e-02
1.411462517881116423e-02
1.327532897598108184e-02
1.221332566120032423e-02
1.095246862933091023e-02
9.577228554925709680e-03
8.193844008725553740e-03
6.967976232151147122e-03
5.908924289588566095e-03
5.112298471883680931e-03
5.001858505947922098e-03
5.212497508401758156e-03
5.551176753316707305e-03
6.034423282428052863e-03
6.691918408323976886e-03
7.375279283574896413e-03
8.023171253413790768e-03
8.627065721563504860e-03
9.201806505029488589e-03
9.852160050052060150e-03
1.048347717761135070e-02
1.111292663135627148e-02
1.161173001096234801e-02
1.195558619621015645e-02
1.219734537990329291e-02
1.227692525181578974e-02
1.225125396767718158e-02
1.207995117554949704e-02
1.184053565023536134e-02
1.161891213291378275e-02
1.142304591080386782e-02
1.134555560891390563e-02
1.137632930928493200e-02
1.143056871818310706e-02
1.134102190202386853e-02
1.090712587541698211e-02
1.010759000972059202e-02
8.978165593407121808e-03
7.711027828996141337e-03
6.388127974323424413e-03
5.083608430373833670e-03
3.910490062953337828e-03
2.982189749420242116e-03
2.382026791491932954e-03
2.312309179637322618e-03
2.502279162578003192e-03
2.760288981946993833e-03
3.081984515971576081e-03
3.484399725509456335e-03
3.919981999746358949e-03
4.464174863519475116e-03
5.174310631043245109e-03
5.909069211194824950e-03
6.777695685943353580e-03
7.804814368256553919e-03
8.848774424208415146e-03
1.003950074197156907e-02
1.077555626727362201e-02
1.117949816270623342e-02
1.136311658042070925e-02
1.145046527625578556e-02
1.158597501224770121e-02
1.177144720361303007e-02
1.190636160979656813e-02
1.204994753156050750e-02
1.209905213583870737e-02
1.187977226764718418e-02
1.142757006392689650e-02
1.092080075457027045e-02
1.038453083526342906e-02
9.851223678076961865e-03
9.258424593994316748e-03
8.708606911994643679e-03
8.234749587422419276e-03
7.705859615328972470e-03
7.308194412088901692e-03
7.063431073211606272e-03
6.996435768013067706e-03
7.104656565404898240e-03
7.279978630175927383e-03
7.537655541792941116e-03
7.831436652467908474e-03
8.108193021043567580e-03
8.448057795686119559e-03
8.899886336380991719e-03
9.377682254337976059e-03
9.850172576495203058e-03
1.029548040089967899e-02
1.059628275621507520e-02
1.079557628119503371e-02
1.093036317110775667e-02
1.108369381185677141e-02
1.120758758211103275e-02
1.127648222058132838e-02
1.125627102456020802e-02
1.117463775281050953e-02
1.109654618517640252e-02
1.094600224414726125e-02
1.072948097680496808e-02
1.041947957506638746e-02
1.005492502596861716e-02
9.639280628040638663e-03
9.150819425750668368e-03
8.575317412712947854e-03
7.986163563345433786e-03
7.414845278097673999e-03
6.912814718419309917e-03
6.632384622471075401e-03
6.418714547158119003e-03
6.411888562606772937e-03
6.653229281288691212e-03
6.821811798839247896e-03
6.997450811527643373e-03
7.219109103820655661e-03
7.487508901067259359e-03
7.797606346247489342e-03
8.187487610266660359e-03
8.687639537367810444e-03
9.198768469298991557e-03
9.671375617335945668e-03
1.013158052556958379e-02
1.047514683558443786e-02
1.072204882376100177e-02
1.087346844922500340e-02
1.099781323563415840e-02
1.102420754934231584e-02
1.091391774595429874e-02
1.083810807447427305e-02
1.064197615363472391e-02
1.042398977659407359e-02
1.009298076919247847e-02
9.638564492588035104e-03
9.129527877235631486e-03
8.630492064886438261e-03
8.137230792397889129e-03
7.645329672636543006e-03
7.238775385681552911e-03
6.965764873009697676e-03
6.849067614028475116e-03
6.854535893214324695e-03
7.001381083084070103e-03
7.146006338618423985e-03
7.278194079589840777e-03
7.391765049361736714e-03
7.542434493379890532e-03
7.728086909722902374e-03
7.905893580994692235e-03
8.054063661542697553e-03
8.281501535097740563e-03
8.560188362905209181e-03
8.921660283155096252e-03
9.313250539326519556e-03
9.648934699529902390e-03
9.950605254225156071e-03
1.017792656589193261e-02
1.037800089529228309e-02
1.043132774259643812e-02
1.027380034826651939e-02
1.011572689148639535e-02
9.885668064853969650e-03
9.594932880405413964e-03
9.275146438015679021e-03
8.833411134597920697e-03
8.361461816548116169e-03
7.841524157763422875e-03
7.245140002157705178e-03
6.709218478043162646e-03
6.190783126010502430e-03
5.671738491486016769e-03
5.283392034872258329e-03
4.959924186757833260e-03
4.790008385031413983e-03
4.618624092604162179e-03
4.520968017839108871e-03
4.565306008918891545e-03
4.664344105173149659e-03
4.822329829623775259e-03
5.013761207894743346e-03
5.249741986689229929e-03
5.588184541008451960e-03
5.972677898327558195e-03
6.395857366047805366e-03
6.848121739012057695e-03
7.375578253739346196e-03
7.877922774819405560e-03
8.288843373630156927e-03
8.541232783065746959e-03
8.672601020418944581e-03
8.593439556154070305e-03
8.439144628922725516e-03
8.303801102709758644e-03
8.148757077703802990e-03
7.902335261346321235e-03
7.560175504729247688e-03
7.053469148500074795e-03
6.462993997978123961e-03
5.792024388832371466e-03
5.105616737724349812e-03
4.534345636096825775e-03
4.015292324065406621e-03
3.628855954236743283e-03
3.280926901316677090e-03
3.107689639639729488e-03
3.154311617109030897e-03
3.203960637680031663e-03
3.382669818451350136e-03
3.696415363695888280e-03
4.022297539829496407e-03
4.434663912215797837e-03
4.958264006016166285e-03
5.593423865254388248e-03
6.146459584860448216e-03
6.709401679722972606e-03
7.199314482359712997e-03
7.573989739162557272e-03
7.816713350136126129e-03
7.918699770650329539e-03
7.879588170339547892e-03
7.705386137795962841e-03
7.460608048252301110e-03
7.197231844573727909e-03
6.903593511767258314e-03
6.647737265453818566e-03
6.446633907667776234e-03
6.274140240912295420e-03
6.069679438279343073e-03
5.855046407101723027e-03
5.600040738668911333e-03
5.307407583876162793e-03
4.985950681760824288e-03
4.719057082219301272e-03
4.550274435838343699e-03
4.454775464038991488e-03
4.443781063483581185e-03
4.537621861109030798e-03
4.620861180741927914e-03
4.804913691511362127e-03
5.033039121714248491e-03
5.273756173383111791e-03
5.520275988522183215e-03
5.782529994543177641e-03
6.097596704721527927e-03
6.404173103232595199e-03
6.728890358777894938e-03
7.099605910963630202e-03
7.445690779590686745e-03
7.715253435625536553e-03
7.954489099674695932e-03
8.134775287657481507e-03
8.219767351385600523e-03
8.269490232642806929e-03
8.251331380233624738e-03
8.203033033886938594e-03
8.153006923272615447e-03
8.048881123299543236e-03
7.982693192003892727e-03
7.913452933466669920e-03
7.729629047586309906e-03
7.552606886321747669e-03
7.367565015032914548e-03
7.175198367382090714e-03
6.949638469388372090e-03
6.716924830838350360e-03
6.480285276134039804e-03
6.246978021556162490e-03
6.044238011611321668e-03
5.821242266618277712e-03
5.713073930188437496e-03
5.668720629418826443e-03
5.679119363534914679e-03
5.758123661124711808e-03
5.944208187834118355e-03
6.100411804528838543e-03
6.278463793969579071e-03
6.524583886348011078e-03
6.768585756651518924e-03
7.005370083697390511e-03
7.248091277509238588e-03
7.498837991967975160e-03
7.786129379858312480e-03
8.089789103570090012e-03
8.384989306357388053e-03
8.688277523768274738e-03
8.933852148819516545e-03
9.121856548510241802e-03
9.262408082317720101e-03
9.341243862493261649e-03
9.391954450380317343e-03
9.433213555761408436e-03
9.487659645542798753e-03
9.517714997225932075e-03
9.532404344609061303e-03
9.526108169991807234e-03
9.501134526513426229e-03
9.462889683844804070e-03
9.404941182059228799e-03
9.284771502021208281e-03
9.137129024428687282e-03
8.976905953061012355e-03
8.796208860757510212e-03
8.604474216455050908e-03
8.426757148877375703e-03
8.265336594969576942e-03
8.111804335360293591e-03
7.986473125075336382e-03
7.889511113380716367e-03
7.787061899041800711e-03
7.700116062899261225e-03
7.603893345507563122e-03
7.528993660310225218e-03
7.461377958501259205e-03
7.430249721825963466e-03
7.420995351455371425e-03
7.432135137316654878e-03
7.468913753988689827e-03
7.501915230076967520e-03
7.545009400068630225e-03
7.629291926377719177e-03
7.739682272688392164e-03
7.871347528942834737e-03
7.983158402940553067e-03
8.142714396053263651e-03
8.353470358434296125e-03
8.567056127659015280e-03
8.760622409847687933e-03
8.951661173327426710e-03
9.076898343096807820e-03
9.178231765343845827e-03
9.246002995013250306e-03
9.329733211180583213e-03
9.388923656186019123e-03
9.400434902035258167e-03
9.359621158997003323e-03
9.290826963980933564e-03
9.195892471881845012e-03
9.020206981801911703e-03
8.858156983758158978e-03
8.705435905534094840e-03
8.584277141475788950e-03
8.473203618394266681e-03
8.334567111737066838e-03
8.185941891796036721e-03
8.057707338749019177e-03
7.864078039614811472e-03
7.744949344509513035e-03
7.621292999936956150e-03
7.534472160109322025e-03
7.440806027746340277e-03
7.370427163369526816e-03
7.336744768415733031e-03
7.320978955963535449e-03
7.331199793348555302e-03
7.376332768075260712e-03
7.430744125713451345e-03
7.508645294185579966e-03
7.600797787932420113e-03
7.705090135749341831e-03
7.812603165673247252e-03
7.940500479655502458e-03
8.124322899516952037e-03
8.348878816997905641e-03
8.636529703003799699e-03
8.882129271424362912e-03
9.061491653629594537e-03
9.241446642131263475e-03
9.348316739556586721e-03
9.436036198488142665e-03
9.477022302299282705e-03
9.508087900577413126e-03
9.524319100461704768e-03
9.516678139033951656e-03
9.519838593354599046e-03
9.534908813131735481e-03
9.567891879273088609e-03
9.595252805934682133e-03
9.626654275127211058e-03
9.676942642618126256e-03
9.733546835489307117e-03
9.785261751487276879e-03
9.821389053234751490e-03
9.826277624305889552e-03
9.787246023550156063e-03
9.709193550446724302e-03
9.662537558446166602e-03
9.668960842878110071e-03
9.679528250353255231e-03
9.662889771245549222e-03
9.580367120235112888e-03
9.489121892483095774e-03
9.388642360072904647e-03
9.295408928806146373e-03
9.202952407365516674e-03
9.130003947889127683e-03
9.080701338127947567e-03
9.035199104388592223e-03
9.011328106241819902e-03
8.994611449711774342e-03
8.979961066756563665e-03
8.969496656485772407e-03
8.962934339156706717e-03
8.973143776951103545e-03
8.986858626442845860e-03
8.994298913806594159e-03
8.996886692426228280e-03
8.994331593677519845e-03
8.989898254715788031e-03
8.983832243952449143e-03
8.984016496040287889e-03
8.982845243944414734e-03
8.982145700542242678e-03
8.978617122293716321e-03
8.980028595563047805e-03
8.983885266601553815e-03
8.986170123017373987e-03
8.995917439112269959e-03
9.008230109527188417e-03
9.016487222288285114e-03
9.000819839123005636e-03
8.965068070290797136e-03
8.927256737831876926e-03
8.878520492249740090e-03
8.855829946157420599e-03
8.865535073221308265e-03
8.900566126115044135e-03
8.980757877614360327e-03
9.071116767700353536e-03
9.126345590034216915e-03
9.171634291451933457e-03
9.123417480496821136e-03
8.971754913919084695e-03
8.864443038423744717e-03
8.751555643502637732e-03
8.653040699905937758e-03
8.517465146645893451e-03
8.373068687032234059e-03
8.215516050795150169e-03
8.060117814339460771e-03
7.923267571623617694e-03
7.759882091795385593e-03
7.529166263827971085e-03
7.221790370313327379e-03
6.863261689388389965e-03
6.508022416403194503e-03
6.066018669231054532e-03
5.603979470183682171e-03
5.178005731613254635e-03
4.691681492942871047e-03
4.136264001295108725e-03
3.478457701831649557e-03
2.887823068203504775e-03
2.256505427622167506e-03
1.750554775195824067e-03
1.163115699133050220e-03
5.676418154473643861e-04
3.213259613763160298e-04
1.112570893030793637e-03
1.938556029960057788e-03
2.715024819535772054e-03
3.520857525051977657e-03
4.327940080881409815e-03
5.027468317183180976e-03
5.843571968824672058e-03
6.606187429239692745e-03
7.347427149666063521e-03
8.045538589162543053e-03
8.773773854611071482e-03
9.385116048427368657e-03
1.025438963959890773e-02
1.077867109652716482e-02
1.128189658363873416e-02
1.176858716398740748e-02
1.222329295421685849e-02
1.267974859981946950e-02
1.309452536450617967e-02
1.342654777391954352e-02
1.374573130461462754e-02
1.404420288169829119e-02
1.431902488933048390e-02
1.456825498524352142e-02
1.473909637008856410e-02
1.487172454387917890e-02
1.494306585417089217e-02
1.497434350805694654e-02
1.497346492281760588e-02
1.487366862769195358e-02
1.470185679965148318e-02
1.455026775628858772e-02
1.427918414029112626e-02
1.393873250763170632e-02
1.358797413216596486e-02
1.312214477385982396e-02
1.262146950062916807e-02
1.203259638966408009e-02
1.136547624728639731e-02
1.057607979283023934e-02
9.676472284763521989e-03
8.689503798716783148e-03
7.686826427698870146e-03
6.645567436011130640e-03
5.593983308850623316e-03
4.550979440749642647e-03
3.487322647151325315e-03
2.423483144178977065e-03
1.436145457398435967e-03
5.606098806942123262e-04
8.598629454959617717e-04
1.846160668400443402e-03
2.921482569814416990e-03
4.000282487450944162e-03
5.092586671630560703e-03
6.068995584546690338e-03
7.065535195251802965e-03
7.971235962142705911e-03
8.914565591604859882e-03
9.750622011455798571e-03
1.050087726250470942e-02
1.117249013435191868e-02
1.170348926476053909e-02
1.218984961053845920e-02
1.254762987959832411e-02
1.288565928340986051e-02
1.312355776930272666e-02
1.322462466718602944e-02
1.325937904067259199e-02
1.337785543972425280e-02
1.351135947036485180e-02
1.347289466352199865e-02
1.338646290251559699e-02
1.325025373275969323e-02
1.303793641298226294e-02
1.269246525659573598e-02
1.223405251481697598e-02
1.161699474897003384e-02
1.097982784706170480e-02
1.022026615846627524e-02
9.442055932771056120e-03
8.633572341420770943e-03
7.908980823938673715e-03
7.348963476448897719e-03
7.007118416983328622e-03
6.765789405149903561e-03
6.612147128202311257e-03
6.520924551353153228e-03
6.475281036850118709e-03
6.435073860961032857e-03
6.422488985690240869e-03
6.418780437185449099e-03
6.426800878195650622e-03
6.445380636134845007e-03
6.495085445884026150e-03
6.536941297173489915e-03
6.535955171368765075e-03
6.526393909669568963e-03
6.508388852497163507e-03
6.489875465777001154e-03
6.478095478266863300e-03
6.488620948545637500e-03
6.494980021259663325e-03
6.519300606860842402e-03
6.539874024901527229e-03
6.568359488362910184e-03
6.595992096649410871e-03
6.607416305457744672e-03
6.605491122031830614e-03
6.597279123105620480e-03
6.583255112622570654e-03
6.561366456267519326e-03
6.544982918988026706e-03
6.536375833348521784e-03
6.536949298244662705e-03
6.540360251819124851e-03
6.549659493817254659e-03
6.559052458336745405e-03
6.575075609599386264e-03
6.581553975213282059e-03
6.581659668904837023e-03
6.578829260591184495e-03
6.569486116682943071e-03
6.561987945085489930e-03
6.552642219913810268e-03
6.548704559749092373e-03
6.544568903401911178e-03
6.550823469449870359e-03
6.599109702820465592e-03
6.737450601329030703e-03
6.881697027650248398e-03
6.921052081458348333e-03
6.857047306194717813e-03
6.611453859809813399e-03
6.268066384330266486e-03
5.900778801416142402e-03
5.536471291606447596e-03
5.336556604708208099e-03
5.318718477768389144e-03
5.288072222089651789e-03
5.208841485965577320e-03
5.115859441651594147e-03
4.929874848024732789e-03
4.607027906089811338e-03
4.168800873818183025e-03
3.583141975159992443e-03
2.936868763759624152e-03
2.179464833213724025e-03
1.284437539671838069e-03
4.462783301404341270e-04
7.518809535777108439e-04
1.739824473313606465e-03
3.225990985202354354e-03
4.333967687134115433e-03
5.483884082063574320e-03
6.726137542419023847e-03
8.029636434759266500e-03
9.350467630005090958e-03
1.066660249747898581e-02
1.192274100022061231e-02
1.311200156816362018e-02
1.441915367066125275e-02
1.561117417011662588e-02
1.666009623806033457e-02
1.749597127116150896e-02
1.810910115800287365e-02
1.856279942909292574e-02
1.880556709759571496e-02
1.897910336192520919e-02
1.900548451879180423e-02
1.891976208869930454e-02
1.878668737018537524e-02
1.865021963243578690e-02
1.851695296798608337e-02
1.838727888236487903e-02
1.824530324406822140e-02
1.812107886242555685e-02
1.804226300009737285e-02
1.804435876826940635e-02
1.806126882783902834e-02
1.809555687754710665e-02
1.817911710474037074e-02
1.827570621327518144e-02
1.834546001000520593e-02
1.838803759104870594e-02
1.841661769244490668e-02
1.844641890269275650e-02
1.846929211962337197e-02
1.847993803408097546e-02
1.849501228950789847e-02
1.851191851480874992e-02
1.852309979325605580e-02
1.852826083169899565e-02
1.852891788685908508e-02
1.852894436511550585e-02
1.852075324067186876e-02
1.851493624545775055e-02
1.850984680102047211e-02
1.851142448437581231e-02
1.852087631648328611e-02
1.851950499043742218e-02
1.851799963010021879e-02
1.851509051241832793e-02
1.851261159934050604e-02
1.851201757012225710e-02
1.850867471156205507e-02
1.850930901852297292e-02
1.851247674403131913e-02
1.848944851912721205e-02
1.838812474891722212e-02
1.820435389416805161e-02
1.809906803091734448e-02
1.809142778598421542e-02
1.813224659875180278e-02
1.827213964025325640e-02
1.843097143260115714e-02
1.853204363667045051e-02
1.858236761851307997e-02
1.862383682845647828e-02
1.865788645931722514e-02
1.866919061342342187e-02
1.866606815081478174e-02
1.865921390770668500e-02
1.865219180408880448e-02
1.864693059961909996e-02
1.864845346450980795e-02
1.865374282726761646e-02
1.864973345336910435e-02
1.863990015050804791e-02
1.863251980197369248e-02
1.863900350181539947e-02
1.864670377397979750e-02
1.865242200174464099e-02
1.864115261498009227e-02
1.862232511321048126e-02
1.859883487635646468e-02
1.858375780062152677e-02
1.856106108580258054e-02
1.852621317458310463e-02
1.848657017990231605e-02
1.846433462591172067e-02
1.845599728875780762e-02
1.845788445795674623e-02
1.846618815109458273e-02
1.848113847109453950e-02
1.850149233979941216e-02
1.853549153447122885e-02
1.858073486821310363e-02
1.861091472806835137e-02
1.863564164852013830e-02
1.865088651618071469e-02
1.865860857397880906e-02
1.867094462558379839e-02
1.868255586376490682e-02
1.868375217457186530e-02
1.866939768938060545e-02
1.865579409030721642e-02
1.863494483233926746e-02
1.860523502949118849e-02
1.856904880636091326e-02
1.853366707943822703e-02
1.850182899119744498e-02
1.846599521145904019e-02
1.843194997245775277e-02
1.839562435729536621e-02
1.836815050413314124e-02
1.835512120649155504e-02
1.834678592372190886e-02
1.835048006018052610e-02
1.835984683384518992e-02
1.837431940069196232e-02
1.839391150442019549e-02
1.841960050423287198e-02
1.844770147409186684e-02
1.847650808796764965e-02
1.848901166178873803e-02
1.850195468212894115e-02
1.850818229116269614e-02
1.851629007917086553e-02
1.851992148969376639e-02
1.853103682161967927e-02
1.854090587647582583e-02
1.855286638358258008e-02
1.854924970775096923e-02
1.854686195814220229e-02
1.854642664405665997e-02
1.854707443881643825e-02
1.855016520513931913e-02
1.855162794236004872e-02
1.855477766266563563e-02
1.855594157390958593e-02
1.856059773607283969e-02
1.856434258496329759e-02
1.856713991943861192e-02
1.857108866176880591e-02
1.857044058887248258e-02
1.856803987619574936e-02
1.856471032348202058e-02
1.856461168491760697e-02
1.856556205542532825e-02
1.856482607596924780e-02
1.856557548444492597e-02
1.856279886969786075e-02
1.855952966936126255e-02
1.855963585271942773e-02
1.855592188594915037e-02
1.855653556619903111e-02
1.855494281828507994e-02
1.855871636034750125e-02
1.856156058032159759e-02
1.856965331841215622e-02
1.857635595221495198e-02
1.858586231056007579e-02
1.859918843156768004e-02
1.861259470169560407e-02
1.862280118722553501e-02
1.863174572775598559e-02
1.864201883183932290e-02
1.864811100070627725e-02
1.865294953952481571e-02
1.865581514207244329e-02
1.865980176252061279e-02
1.866081571549685694e-02
1.865975952341866403e-02
1.865051467179083128e-02
1.864260885807727391e-02
1.863065294456816429e-02
1.861641688712972753e-02
1.860353915189343066e-02
1.858292574549133894e-02
1.855348854981878071e-02
1.852249691889797101e-02
1.848451944116377699e-02
1.844965470776764246e-02
1.841233840147633513e-02
1.837966108667406576e-02
1.833498742731587416e-02
1.828072548886939055e-02
1.824023367224147582e-02
1.818848494448891892e-02
1.814128679499155822e-02
1.810749976114252313e-02
1.806341149902175938e-02
1.801410704665528870e-02
1.794069496035470210e-02
1.785178591022883177e-02
1.775029685896552592e-02
1.761808804382008348e-02
1.746619712620543774e-02
1.730344634833920481e-02
1.713158175884174281e-02
1.694565318605524562e-02
1.675757689302834197e-02
1.654591149695382180e-02
1.635229562211572285e-02
1.617562353902730204e-02
1.599708844500010926e-02
1.579424755396444807e-02
1.556642386749125355e-02
1.530371296494427956e-02
1.500164804709669397e-02
1.466513932914496193e-02
1.428304174107679174e-02
1.390617682511317323e-02
1.353414151871240936e-02
1.309818708026710098e-02
1.266535715820607359e-02
1.219008392435821063e-02
1.172197661994489083e-02
1.118084440650543576e-02
1.065627253531904739e-02
9.994192912434215689e-03
9.302252884329837226e-03
8.543967182082891701e-03
7.755458235116771334e-03
6.935644564367736929e-03
6.141802074244874163e-03
5.311401045830807348e-03
4.478644424440771966e-03
3.659240169848063367e-03
2.813599817137575013e-03
2.002117228745067465e-03
1.216060419569174253e-03
5.900706746345812112e-04
7.769693467889987430e-04
1.516734080569718266e-03
2.356117465486598506e-03
3.151982828044271826e-03
3.957612541597215969e-03
4.698078837799237600e-03
5.354162054251492171e-03
6.028295063886291577e-03
6.642023391649108481e-03
7.127400292671476345e-03
7.553870149964931821e-03
7.935878546656763635e-03
8.353477931889183652e-03
8.777819895025622265e-03
9.274392605872223277e-03
9.726875202261101375e-03
1.017874785040427839e-02
1.062572409331459349e-02
1.107385458014130061e-02
1.156937080654108635e-02
1.212503179319662783e-02
1.278479391019498625e-02
1.352347997277186450e-02
1.417986411370223722e-02
1.455460498760198160e-02
1.466815408186154454e-02
1.455461952243780090e-02
1.430714480729585944e-02
1.401842959729895921e-02
1.379913401468393398e-02
1.369530613457358229e-02
1.367390591787983473e-02
1.365639061712046499e-02
1.360648718408001383e-02
1.351455935210098963e-02
1.339167140825225748e-02
1.331056235950651978e-02
1.326456822821544396e-02
1.328361350337746785e-02
1.330349605681162457e-02
1.331412652612253174e-02
1.333755374792622642e-02
1.336938014786046014e-02
1.337834296660788194e-02
1.338459483781494555e-02
1.338514854134431088e-02
1.337442874278177256e-02
1.336844018096572211e-02
1.336154509760558926e-02
1.335504067349520783e-02
1.335630677638223116e-02
1.335633344949488030e-02
1.335452551252726272e-02
1.335991846279997036e-02
1.336419565994848013e-02
1.336267177774577708e-02
1.336461655770303930e-02
1.336478860883497446e-02
1.336248730670209529e-02
1.335891713106329183e-02
1.336063244863164301e-02
1.336046996832830625e-02
1.335595475519558289e-02
1.335248916856093468e-02
1.334956783788199958e-02
1.334866374639315754e-02
1.334739318104500271e-02
1.334837880279652819e-02
1.334815710297719386e-02
1.335522043385069940e-02
1.338052490853826847e-02
1.343876993836293221e-02
1.355637904183620152e-02
1.359177466803159276e-02
1.357630824359777784e-02
1.353101929969656447e-02
1.348201957312512855e-02
1.341791142192278775e-02
1.335881321040082934e-02
1.329518714859842347e-02
1.321635215311574990e-02
1.316873820103044330e-02
1.315112937157650840e-02
1.315546444141717404e-02
1.317208556605430937e-02
1.320741248578253570e-02
1.324790474265155789e-02
1.328697915471792682e-02
1.332220613028182142e-02
1.336429229600589325e-02
1.340178444078008423e-02
1.343435515624340042e-02
1.345492091635965871e-02
1.345493659240365979e-02
1.345279736491375618e-02
1.345157659027886032e-02
1.344084179620656100e-02
1.343054824393308776e-02
1.341329837968101464e-02
1.340433877130266932e-02
1.339477984282516632e-02
1.338652017965510574e-02
1.337217407417175784e-02
1.334793136022287968e-02
1.332617056477125063e-02
1.331613821469582355e-02
1.331213039024384433e-02
1.329208438950124464e-02
1.326791543436509069e-02
1.324964435035914934e-02
1.324295172175566845e-02
1.325054196798333868e-02
1.325947784400581357e-02
1.326920961836922618e-02
1.326987319003393971e-02
1.327679757700112040e-02
1.328234280120998284e-02
1.328917400464104184e-02
1.329059897427975652e-02
1.328160776317838590e-02
1.326764948344106090e-02
1.323507262126649708e-02
1.322111633288301086e-02
1.323086579076092686e-02
1.324843281150767799e-02
1.328022030998821795e-02
1.330807640524886773e-02
1.331899733339227121e-02
1.332847271783707890e-02
1.333705842235415745e-02
1.333200769405651874e-02
1.331848298296749167e-02
1.329568247344148531e-02
1.326866023874121239e-02
1.323173497332488270e-02
1.318808675602721123e-02
1.315483835671487842e-02
1.314080986537116691e-02
1.313701432799986232e-02
1.314554334399112984e-02
1.315160880332187816e-02
1.316248891198401605e-02
1.317408189633756041e-02
1.318447610029905778e-02
1.319110478522092858e-02
1.320662537188254347e-02
1.323221096096099600e-02
1.327021226354471901e-02
1.329934672247515964e-02
1.332495001840030766e-02
1.335356244019843090e-02
1.337510088227694162e-02
1.338982394864097862e-02
1.339557967760543651e-02
1.339238122635665919e-02
1.338477758599837530e-02
1.337296341323877119e-02
1.335220842238781132e-02
1.333994505012569935e-02
1.333174327092621035e-02
1.333107770922811568e-02
1.332766775467280826e-02
1.332513598158509109e-02
1.332255388474469157e-02
1.332654687884084026e-02
1.333130802469626938e-02
1.333336019705349228e-02
1.333247723845230361e-02
1.333516878165317068e-02
1.333264015637552515e-02
1.333039896381453190e-02
1.333126216802541474e-02
1.333068743654259453e-02
1.332812010382454677e-02
1.332410947196852914e-02
1.331858695366981704e-02
1.331288853798988890e-02
1.330861426298309350e-02
1.330632269658621990e-02
1.330530160934065981e-02
1.330508555118417764e-02
1.330645086108221166e-02
1.330893722745385595e-02
1.331322838618203240e-02
1.331431895551847544e-02
1.331492074601408997e-02
1.331185813809522729e-02
1.331508129181922968e-02
1.331693399263832005e-02
1.331814907008257477e-02
1.331575580754502594e-02
1.331682369854318704e-02
1.331471907203250586e-02
1.331619781396819677e-02
1.331357358366568044e-02
1.331403167113152236e-02
1.331992190186112417e-02
1.332348206151991177e-02
1.333464785987057387e-02
1.333498591832688734e-02
1.333996167174696622e-02
1.334130078803127083e-02
1.334233045339333623e-02
1.334003358460224449e-02
1.333939990110605094e-02
1.333930492368625396e-02
1.333799252871855669e-02
1.333465368115247657e-02
1.333479694890061552e-02
1.333424917571171542e-02
1.333376638041159842e-02
1.333572400795494418e-02
1.333199404274479534e-02
1.332859243017212383e-02
1.332924706274798109e-02
1.333132498444316964e-02
1.333192495102657540e-02
1.333272567704126693e-02
1.333124709830567529e-02
1.332702929604730885e-02
1.332387144608013566e-02
1.331951816550967435e-02
1.331329831861990248e-02
1.330512953544988469e-02
1.330006661959994528e-02
1.329587703030139616e-02
1.329705392191911188e-02
1.329807970029479695e-02
1.330203280132732924e-02
1.330078690683821237e-02
1.330225275940699961e-02
1.330648530698340208e-02
1.331253683850184763e-02
1.331926210878171639e-02
1.331498066416422765e-02
1.330667314175189124e-02
1.329356073037707593e-02
1.327814228988722159e-02
1.326149790870386619e-02
1.324392268816435708e-02
1.321571278387865742e-02
1.318573916042350275e-02
1.316341644392494611e-02
1.314305049094788812e-02
1.313051516664815073e-02
1.312636141659333927e-02
1.312965939662291345e-02
1.312732596191013186e-02
1.312786543120793986e-02
1.312692269281830366e-02
1.313711955809899502e-02
1.316278910217732155e-02
1.320465102310753279e-02
1.325009021975324941e-02
1.327007310535322643e-02
1.328338858950337334e-02
1.329671929706121268e-02
1.329684530168157713e-02
1.327854835112611022e-02
1.324065747328198248e-02
1.320573971566268295e-02
1.318652453773727293e-02
1.318672614075704595e-02
1.321414902803598468e-02
1.324341481176552135e-02
1.328350480814474190e-02
1.331642151207580033e-02
1.333350513699304782e-02
1.333865622736065022e-02
1.331866926015900197e-02
1.328263814182963250e-02
1.323517599672935537e-02
1.318161217258751773e-02
1.315357937274316651e-02
1.314673931067884653e-02
1.316627678023555258e-02
1.320087357437278730e-02
1.326620318499597412e-02
1.333819967331688339e-02
1.340171815811305733e-02
1.345313909796217074e-02
1.349059952047877015e-02
1.353131379901208013e-02
1.358724736845584938e-02
1.362930876212900717e-02
1.364218658228782445e-02
1.364155924794773107e-02
1.363531950241820244e-02
1.362612817847565563e-02
1.360432804305993816e-02
1.357906632419123190e-02
1.354823015222315213e-02
1.351868688429479735e-02
1.348802195258623840e-02
1.345699238561784764e-02
1.343499718565840419e-02
1.340822539805438217e-02
1.338354328267473033e-02
1.336593779314673366e-02
1.335870948776796824e-02
1.336377303774336812e-02
1.336408078169882760e-02
1.336630064939496598e-02
1.336893054417680020e-02
1.336995968435488770e-02
1.337416222088055016e-02
1.337568058938506423e-02
1.338141210489349198e-02
1.338770633828743895e-02
1.339509569254579424e-02
1.339749946412635215e-02
1.340212373211053729e-02
1.340698407480451701e-02
1.341371188390478621e-02
1.340780650861844205e-02
1.339272269855872055e-02
1.338169810058852799e-02
1.336823529089459922e-02
1.335695580196756202e-02
1.335164847053393715e-02
1.334415945985241783e-02
1.334353319387336298e-02
1.333736729103389765e-02
1.333778059442683114e-02
1.333715421104457628e-02
1.333805337570594107e-02
1.334051661921382970e-02
1.334348969536848853e-02
1.334554886203799355e-02
1.334793487105853660e-02
1.334034261841466132e-02
1.333289812687499590e-02
1.332444559766171772e-02
1.331332073462373512e-02
1.330481261108901192e-02
1.330978778823986575e-02
1.333874412203166736e-02
1.336775712773586103e-02
1.339173947318186494e-02
1.339903484459022479e-02
1.339083096177183345e-02
1.336863854177748265e-02
1.335512841595594760e-02
1.335855842608710785e-02
1.335900502462602536e-02
1.334832212092412936e-02
1.334262491853279754e-02
1.334761265583694727e-02
1.335221639569498554e-02
1.336631629071400630e-02
1.339271745251309660e-02
1.341803887261231072e-02
1.344417971809933054e-02
1.347528964193487645e-02
1.350423987477351526e-02
1.353706102515037091e-02
1.356329590945839526e-02
1.358884165104585692e-02
1.361148710351191109e-02
1.364445744025613062e-02
1.369923761518617757e-02
1.376219646459658254e-02
1.381839689878712821e-02
1.386068981269873539e-02
1.389394869638561382e-02
1.392837247638796863e-02
1.394996127254941043e-02
1.396457048122600429e-02
1.397053401582063967e-02
1.396866896762360977e-02
1.395336192537461641e-02
1.393571650582033951e-02
1.391857409385926191e-02
1.390764375412729438e-02
1.389738038095355427e-02
1.389883832699679959e-02
1.391388890245565634e-02
1.395358353609914975e-02
1.400312306995127667e-02
1.404958871286222065e-02
1.410305833281891991e-02
1.416091388699157461e-02
1.422302897310415322e-02
1.425513743691403379e-02
1.426112817365576303e-02
1.423855572096634908e-02
1.420137026507193104e-02
1.416713374074925376e-02
1.416083483884769331e-02
1.420056545860490758e-02
1.427474410382440287e-02
1.435983465042841613e-02
1.442755083656626844e-02
1.447320326599481517e-02
1.449689057529508426e-02
1.450194778495091964e-02
1.450964885377880112e-02
1.451648677146902267e-02
1.452529941075831992e-02
1.453981639758601153e-02
1.454476048720806242e-02
1.454945247560463992e-02
1.454500011973890519e-02
1.454350703120276672e-02
1.455554956740041234e-02
1.457392094387031413e-02
1.458816057039192052e-02
1.459287346574119487e-02
1.459006952242110182e-02
1.458998399571126946e-02
1.458238398057047462e-02
1.458340813794205791e-02
1.459177774770019538e-02
1.460953314505554143e-02
1.462394126721263884e-02
1.463463932613386087e-02
1.465005905726318204e-02
1.466867970522225430e-02
1.469126274529046310e-02
1.471016434843656906e-02
1.472862968241358574e-02
1.472712802307303386e-02
1.472929845188025721e-02
1.472488230063162540e-02
1.472141472923588039e-02
1.471868076213658262e-02
1.471297858775154864e-02
1.470345328352062365e-02
1.470231455132488610e-02
1.470063758967084765e-02
1.469709741661116148e-02
1.469385198557534959e-02
1.468058316126181172e-02
1.466926786871875985e-02
1.466245943611027558e-02
1.465477560108973884e-02
1.465261272906084183e-02
1.465438367745086276e-02
1.466600976875885240e-02
1.466355099997516953e-02
1.466776781501587246e-02
1.467617873902739463e-02
1.468773093206039368e-02
1.468872552501738343e-02
1.468545576675075147e-02
1.467897244120510043e-02
1.467113627927690671e-02
1.466380480229210852e-02
1.465516191043749264e-02
1.464998390786156728e-02
1.465078055806133192e-02
1.465101238480323413e-02
1.465462957353410797e-02
1.465285814344622142e-02
1.465422768478417785e-02
1.464776230531122589e-02
1.463987295993643932e-02
1.464322843630872992e-02
1.464648009122394845e-02
1.465415002388418403e-02
1.466319684841733972e-02
1.466993016793638471e-02
1.467044793162723508e-02
1.467512147117590142e-02
1.467834195710549308e-02
1.468979845318411394e-02
1.469188907705391151e-02
1.468766076992928347e-02
1.468574762917855374e-02
1.468318730727240923e-02
1.468328929849728112e-02
1.468527182584914922e-02
1.468597364130632896e-02
1.468838067128972608e-02
1.468473291870233711e-02
1.468295967966225073e-02
1.468490061695298422e-02
1.468525738580065548e-02
1.468589698345031287e-02
1.468894056212033915e-02
1.469153334984281065e-02
1.469236434159995261e-02
1.468654257350902187e-02
1.468864960753577323e-02
1.469006402185155102e-02
1.468997598444411225e-02
1.468608649898557779e-02
1.468713918814125614e-02
1.469057340306247419e-02
1.470615114155810789e-02
1.472350371003654929e-02
1.472448273101570858e-02
1.470851133285583194e-02
1.469081622973697487e-02
1.468759616786111111e-02
1.469146648639039175e-02
1.469695681102181281e-02
1.471464421120101396e-02
1.474973054404649098e-02
1.479262339315400368e-02
1.481901868781460713e-02
1.482194577289247701e-02
1.479396317888641288e-02
1.477797090808215599e-02
1.479997828607194400e-02
1.489943455811636522e-02
1.498021339405140352e-02
1.499090501144124433e-02
1.494553010016463554e-02
1.481859664282027082e-02
1.469102481074389607e-02
1.460446895376376654e-02
1.456992757934814919e-02
1.456653441906480967e-02
1.457762545418084255e-02
1.459018544657114495e-02
1.461060826864999697e-02
1.463990816461590606e-02
1.467853637501451494e-02
1.471670345649874791e-02
1.475860850171831738e-02
1.479909642990790038e-02
1.483985442786001259e-02
1.486250354899434217e-02
1.489546623539213591e-02
1.493851244101761927e-02
1.498446428654200656e-02
1.500798096774672713e-02
1.501599307267237164e-02
1.501254153577832873e-02
1.497732384330716440e-02
1.492690618272106418e-02
1.488988742614850633e-02
1.485618847037534912e-02
1.482431913529561919e-02
1.479519431851999273e-02
1.477478717294937113e-02
1.477616167662925903e-02
1.478471031454487057e-02
1.479995277781431980e-02
1.480733817828682429e-02
1.481075524369166417e-02
1.480864944322725363e-02
1.480939925321038061e-02
1.481170739562672790e-02
1.482597891197809555e-02
1.484022051884086209e-02
1.485098445602303814e-02
1.485287526211666494e-02
1.485116893987513398e-02
1.484850680877616673e-02
1.484098805942211941e-02
1.482559103119467092e-02
1.480467237966897644e-02
1.479016585826529312e-02
1.478318817895628474e-02
1.480210740674969827e-02
1.483764075402103921e-02
1.488604065316178650e-02
1.492623256131738775e-02
1.497120323733289009e-02
1.501985293895250102e-02
1.505978820270017018e-02
1.509161721377921296e-02
1.510449494178784172e-02
1.510019562973833121e-02
1.508860056209474117e-02
1.507325411773119059e-02
1.505958948951984649e-02
1.504364098387583892e-02
1.502619693818391805e-02
1.500990026768944836e-02
1.500755811889869194e-02
1.500639207953450086e-02
1.500667416694446976e-02
1.500735125530108099e-02
1.500160791484114048e-02
1.499374210494364666e-02
1.498431593113932515e-02
1.497654478556716129e-02
1.496809314375843053e-02
1.496490593946495432e-02
1.495879909398251627e-02
1.495796605482095469e-02
1.495681222466197988e-02
1.496284687906649161e-02
1.497207851696560899e-02
1.498819896286077667e-02
1.499355505700162607e-02
1.500020462727981625e-02
1.500014203429711306e-02
1.499724608393960927e-02
1.500462949036966004e-02
1.501698591113534431e-02
1.502934923410192795e-02
1.504295089404077655e-02
1.505037531064898348e-02
1.505386010435266070e-02
1.505960942104100052e-02
1.506705635014497606e-02
1.507412575889118325e-02
1.508965555402978775e-02
1.510763497278241885e-02
1.512321984220591636e-02
1.513342565013960778e-02
1.514256993414430860e-02
1.514760294423481840e-02
1.515631666847457731e-02
1.516586689085659169e-02
1.516840486416657675e-02
1.517264293968991797e-02
1.517268291570793119e-02
1.517905010527279344e-02
1.518319274237973047e-02
1.518827498997939174e-02
1.519128493077272386e-02
1.519558982119629566e-02
1.520539079262903277e-02
1.521537916473294887e-02
1.522153313671149345e-02
1.522891561310596616e-02
1.523169825741852411e-02
1.522911513453465739e-02
1.522434971335004036e-02
1.522614334090956721e-02
1.522643259371339597e-02
1.522651887202892962e-02
1.522908457324795989e-02
1.522715477137776344e-02
1.522585806351337522e-02
1.523315532759999223e-02
1.524022954245317536e-02
1.523197663878253852e-02
1.522885673384079090e-02
1.522928215070364424e-02
1.524054312143603707e-02
1.525185976412909462e-02
1.526713231801987529e-02
1.527987141451101621e-02
1.528796094440555524e-02
1.529121093895098767e-02
1.529555720422819641e-02
1.529312056769578480e-02
1.529007959278445503e-02
1.528747503688391608e-02
1.528259376484302975e-02
1.527632310121805788e-02
1.528532389741437715e-02
1.530662551423609893e-02
1.532108456097219101e-02
1.535058727387609082e-02
1.537862750763990469e-02
1.539256838012754286e-02
1.539420750911743227e-02
1.539187477079408117e-02
1.538540350230184657e-02
1.538282050578003088e-02
1.537109213489438499e-02
1.536643217260009152e-02
1.535503220386955602e-02
1.535093019463116062e-02
1.535347910118222033e-02
1.535991891172775077e-02
1.537361787686320098e-02
1.538720626738461668e-02
1.539352725286801359e-02
1.539972430753388556e-02
1.539465552762133566e-02
1.539299151488639043e-02
1.538806565142732639e-02
1.538754690257489871e-02
1.538801988282824038e-02
1.539563377974032324e-02
1.540415241562288068e-02
1.540420307116715376e-02
1.540409381200514433e-02
1.540018907168744580e-02
1.539696055347226401e-02
1.539275195918574611e-02
1.540197141859598468e-02
1.543987753599693202e-02
1.546858437689830300e-02
1.546985968239623227e-02
1.546818224014761232e-02
1.548682297184007794e-02
1.549433065089036651e-02
1.548497884743052153e-02
1.548823313157038535e-02
1.548638243574681703e-02
1.548871164085371087e-02
1.549254501397193985e-02
1.549215563833186010e-02
1.549065252417646497e-02
1.549109274470550357e-02
1.549028444581366550e-02
1.549675109216514142e-02
1.550748940570810010e-02
1.550783022175715974e-02
1.550092296601840447e-02
1.549694461337963562e-02
1.549072073393748146e-02
1.548345650438758686e-02
1.547884509133435650e-02
1.548231300949435944e-02
1.548964155466892902e-02
1.549419021534927804e-02
1.549865327533364763e-02
1.550258118673579315e-02
1.550625624249472173e-02
1.550148875293639802e-02
1.549472294175059488e-02
1.548074597507687576e-02
1.547514976414946300e-02
1.547058451018694727e-02
1.547676700335864734e-02
1.548431340346855152e-02
1.549160987850090390e-02
1.549579173661030755e-02
1.549317720003827968e-02
1.548644408627432301e-02
1.547170999421837272e-02
1.545852249689651930e-02
1.545074819608601574e-02
1.544528426424830042e-02
1.544040684113259267e-02
1.543903287612342738e-02
1.543099311661652769e-02
1.542028542419670092e-02
1.539956233887283289e-02
1.535668199245574309e-02
1.529002511538538750e-02
1.521544085049713647e-02
1.514986580940158589e-02
1.506222067877580062e-02
1.499247976773425590e-02
1.493895466386500372e-02
1.492690517653817370e-02
1.494917351205138009e-02
1.497519757138292447e-02
1.504302758455595967e-02
1.513667661611613896e-02
1.521196442948823807e-02
1.525950894097028408e-02
1.531167598963235725e-02
1.537485463298387395e-02
1.543246630753500326e-02
1.548270174167252523e-02
1.552223689339683743e-02
1.554631155501703943e-02
1.555605875144855897e-02
1.556486108974507697e-02
1.556404311532527326e-02
1.556198013364663846e-02
1.555413597919856790e-02
1.554987417920426773e-02
1.555241084460621398e-02
1.554949702330251163e-02
1.554790687965061473e-02
1.555015069300792405e-02
1.555701874304936047e-02
1.555707842739713354e-02
1.555545390574071887e-02
1.555743079572180845e-02
1.555709736233549731e-02
1.555389060262631941e-02
1.555242280262269204e-02
1.555292415966509460e-02
1.555356934715024057e-02
1.555270377151026125e-02
1.555569055898987918e-02
1.555488771021114151e-02
1.555577104629224383e-02
1.555390916278454917e-02
1.555194308512330287e-02
1.555166471950787839e-02
1.555370907807462726e-02
1.555026136835803777e-02
1.555116785946690679e-02
1.555267980722159493e-02
1.555384990529191241e-02
1.555427224070909421e-02
1.555534694144134443e-02
1.555307367960584788e-02
1.555239858680525743e-02
1.555681712667862301e-02
1.555466987572881078e-02
1.555196540181434661e-02
1.555132183329422345e-02
1.555383761332429678e-02
1.555548784417950907e-02
1.555342975054424190e-02
1.555038083861030006e-02
1.555290212324548366e-02
1.555370843360292382e-02
1.555613233166886281e-02
1.555347630378391827e-02
1.555376861100851021e-02
1.555442400228764475e-02
1.555336495936314976e-02
1.555375322075686767e-02
1.555205546190119997e-02
1.555003668545627479e-02
1.555483189835817591e-02
1.555359888481473891e-02
1.555483619675094610e-02
1.555619490180619457e-02
1.555238790645625986e-02
1.555311526237450857e-02
1.555342273073612343e-02
1.555167723734079445e-02
1.555003147331829837e-02
1.555185388050542815e-02
1.555311229871038890e-02
1.555252773974016844e-02
1.555506881884248689e-02
1.554997238308438237e-02
1.555405258583704431e-02
1.555253631478513941e-02
1.555171691744405144e-02
1.555069392911244928e-02
1.555158563011142456e-02
1.554817693626623677e-02
1.554911283854583208e-02
1.555263846672384417e-02
1.555052946048744375e-02
1.555141938706125146e-02
1.555357321818906860e-02
1.555292729076101360e-02
1.555262504015893742e-02
1.555115661066357353e-02
1.555437469636472732e-02
1.555142460660794909e-02
1.555155087504640418e-02
1.555065051232985135e-02
1.555260595946334617e-02
1.555265540701389858e-02
1.554961117364521243e-02
1.555461025528397795e-02
1.555380141437077458e-02
1.555072814141818076e-02
1.555115484015826693e-02
1.555130774424483622e-02
1.555218868721703653e-02
1.555214642707560338e-02
1.554811451644970595e-02
1.555111330534613041e-02
1.555156568304345496e-02
1.555210937175944066e-02
1.555350381708429409e-02
1.554974174611749478e-02
1.555449672762990003e-02
1.555387051674022095e-02
1.555162031970114093e-02
1.555381629531331876e-02
1.554994152547696691e-02
1.555529054270571830e-02
1.555131100762252756e-02
1.555646313113059724e-02
1.555226714863548049e-02
1.555307623470832297e-02
1.554994758335494047e-02
1.555166091811129719e-02
1.555308737852855588e-02
1.555368606808636180e-02
1.555389834723944903e-02
1.555202335951363923e-02
1.555096913282074701e-02
1.555084412319558511e-02
1.555247355213941994e-02
1.554956039909539608e-02
1.554992079557078813e-02
1.555221498430233926e-02
1.555237776268470450e-02
1.555068757731982790e-02
1.554943768193338058e-02
1.555291249442539853e-02
1.554952191704693336e-02
1.555142821775912405e-02
1.555216073923754855e-02
1.555190796647420125e-02
1.554947480286154524e-02
1.555193057406061181e-02
1.555050140167980009e-02
1.555017155137772798e-02
1.555031299332357286e-02
1.554993128925066283e-02
1.555029878436503532e-02
1.555137394589554273e-02
1.555066155446943078e-02
1.555042329209500342e-02
1.555102736842544318e-02
1.555534873267894712e-02
1.555082086742153730e-02
1.554969603412834599e-02
1.555201747737578431e-02
1.555359543368744525e-02
1.555073918275273921e-02
1.554989173931723041e-02
1.555167076656531304e-02
1.555429436823460056e-02
1.555112368523722463e-02
1.555107297340902611e-02
1.555232782560848903e-02
1.555445249351358056e-02
1.555295740927066864e-02
1.555380329919049849e-02
1.555093354469529524e-02
1.555154669096655076e-02
1.555554381349250927e-02
1.555330626379826039e-02
1.554944488991634628e-02
1.555241314804622216e-02
1.555023188083241512e-02
1.555251790847371300e-02
1.555219101666003266e-02
1.555059022776332858e-02
1.555135612950723882e-02
1.555355373129433880e-02
1.555499529835627399e-02
1.555236674527137215e-02
1.555194575010088349e-02
1.554634756414173362e-02
1.554879400152967169e-02
1.554966646123940970e-02
1.554819297753952043e-02
1.554892070221357975e-02
1.554882812763161599e-02
1.555076884491958869e-02
1.555051386566879898e-02
1.555177128056054944e-02
1.555053716609035470e-02
1.555092144812328034e-02
1.555115235879253946e-02
1.555075573701483749e-02
1.555382483561044103e-02
1.554958293392181938e-02
1.555003131915661842e-02
1.554996926081418998e-02
1.555251640850783580e-02
1.554950461896027931e-02
1.555172608684054700e-02
1.555063539431346051e-02
1.555357603798735236e-02
1.555323055420397040e-02
1.555260238006044189e-02
1.555251578046646689e-02
1.555034356803938062e-02
1.554922959028916425e-02
1.554819704212884700e-02
1.554751790251987162e-02
1.555193027084455885e-02
1.554975782672574254e-02
1.554921400690928608e-02
1.555216958081189621e-02
1.554882467755888675e-02
1.555170988645999432e-02
1.555087747046077738e-02
1.555373189685024804e-02
1.555105757109746453e-02
1.554659965322736405e-02
1.555329309428509811e-02
1.555615378341363049e-02
1.555325405602056912e-02
1.555517313583138980e-02
1.555128086490354181e-02
1.555165915339107481e-02
1.554779283031666390e-02
1.555032402133275232e-02
1.555317741470478056e-02
1.554792594150427448e-02
1.555290598630087659e-02
1.554973783168177824e-02
1.555112969677640081e-02
1.555240053161528573e-02
1.555093394658481169e-02
1.555178535732501879e-02
1.555156012971042369e-02
1.555307757504063686e-02
1.555143022960706924e-02
1.555161943289061315e-02
1.555144669111244680e-02
1.555118684661676957e-02
1.555008646365843919e-02
1.555167200891804068e-02
1.555360000554137194e-02
1.555474383804530264e-02
1.555391371250666385e-02
1.555177804288545435e-02
1.555119020347499326e-02
1.554753152442026401e-02
1.554973436601064969e-02
1.554769691053080848e-02
1.554797305392281205e-02
1.555029494397405440e-02
1.555073244665290157e-02
1.555183228322133335e-02
1.555108473846286005e-02
1.554878633241237040e-02
1.554927762819373685e-02
1.554914884913598423e-02
1.554877785355381764e-02
1.555036203519963474e-02
1.555290502271117724e-02
1.555111426326366043e-02
1.555336529214287021e-02
1.555184883436922828e-02
1.555005666761257420e-02
1.554891840095375989e-02
1.554913349355615225e-02
1.555368068236985188e-02
1.555027222359137498e-02
1.555111309862597033e-02
1.555352923933308457e-02
1.555301951357245319e-02
1.555232117953474560e-02
1.555125307301352157e-02
1.555517637409537142e-02
1.555125531545194749e-02
1.554760051771884519e-02
1.555102824673785210e-02
1.555055544042857271e-02
1.554952467655555497e-02
1.555329484166642282e-02
1.555216696671950748e-02
1.555067064169707129e-02
1.555541409344212561e-02
1.555235694222085151e-02
1.555267378840251465e-02
1.554977618514960871e-02
1.555072468247455444e-02
1.555241395189250163e-02
1.555203334851997313e-02
1.555354416281026601e-02
1.555612372246723517e-02
1.555475184606930177e-02
1.555373371263582029e-02
1.555462557071882537e-02
1.555387020419585729e-02
1.555410247781175218e-02
1.555125120604664360e-02
1.555306339521530211e-02
1.554808827412807425e-02
1.555056417554607183e-02
1.555331566657312120e-02
1.555332180713524422e-02
1.555273034236920142e-02
1.554858770490641709e-02
1.555313678082905285e-02
1.555361194463127268e-02
1.555154530756885228e-02
1.555045107705255863e-02
1.555139296529184888e-02
1.554820587319896176e-02
1.555048586288651676e-02
1.554893212473663390e-02
1.554754875688845774e-02
1.555057975634907205e-02
1.555074909348044994e-02
1.554949374252095895e-02
1.554950157128954027e-02
1.555045039952765613e-02
1.554934963638161631e-02
1.554942068021016380e-02
1.555425360336355756e-02
1.555341101068263496e-02
1.555277232933118155e-02
1.555118733059861549e-02
1.555126399677951576e-02
1.554921203229670326e-02
1.554822836909951905e-02
1.555016999723079878e-02
1.555320858331095575e-02
1.555299021687625918e-02
1.555503198016922571e-02
1.555513586553156774e-02
1.555480699369589034e-02
1.555189474306407048e-02
1.555298479008208369e-02
1.554901797480261368e-02
1.555127884745872123e-02
1.555156305144045001e-02
1.554963755808572504e-02
1.555418483747881761e-02
1.555016459817409880e-02
1.555663866461679326e-02
1.555221082611971811e-02
1.555353305239914712e-02
1.555283496199238828e-02
1.555190868516503726e-02
1.555348838447538282e-02
1.554974740275799280e-02
1.555223870691829768e-02
1.554946674955137546e-02
1.554974528388538592e-02
1.555158333976755167e-02
1.555285360969789997e-02
1.555360138640657190e-02
1.555512295724809264e-02
1.555181936517129569e-02
1.555250887745386265e-02
1.554927664164756744e-02
1.554819793658035118e-02
1.554929152290377391e-02
1.555143850058606642e-02
1.555262713756921239e-02
1.555030786613586374e-02
1.555183288625076009e-02
1.555190583879532268e-02
1.554914064280633890e-02
1.554693365793829996e-02
1.554907529213584057e-02
1.554982231909485951e-02
1.555321229241057694e-02
1.555328827490993354e-02
1.555104056640400217e-02
1.555200571084509008e-02
1.555209536387863051e-02
1.555016704610417272e-02
1.555001282581560708e-02
1.554626981489821980e-02
1.554896858459477865e-02
1.555084111426930163e-02
1.555335040184907189e-02
1.555642366033489071e-02
1.555424760359330749e-02
1.555283012041844617e-02
1.555361550450765767e-02
1.555385291855855556e-02
1.555141404484593377e-02
1.555197030857599812e-02
1.555009717521136335e-02
1.554977944210067346e-02
1.555362493489545299e-02
1.555336294387054362e-02
1.555309017529602454e-02
1.555176924718718913e-02
1.555231978620295712e-02
1.555459773552643477e-02
1.555416954232602227e-02
1.555288100349683060e-02
1.555556275726753708e-02
1.555000543891173377e-02
1.555117349478066409e-02
1.554958597278368118e-02
1.554846280346242927e-02
1.554911523254860067e-02
1.555065513247938340e-02
1.554700508774349739e-02
1.555082508917308461e-02
1.554951279955003006e-02
1.555153113262391050e-02
1.555355185868806563e-02
1.555077668910802291e-02
1.555218334292426605e-02
1.555221671940486793e-02
1.555231224889463450e-02
1.555012328408877931e-02
1.555158852281138607e-02
1.555028143833717992e-02
1.554924954050012666e-02
1.555203930307836810e-02
1.555113922598077431e-02
1.555203926596048294e-02
1.555079413886295038e-02
1.555204698825982459e-02
1.555024110444952826e-02
1.555056110982841987e-02
1.555021664265314289e-02
1.555297095805729946e-02
1.555424069064680580e-02
1.555115648333938762e-02
1.555202991175003331e-02
1.554910989484653561e-02
1.555099024591373273e-02
1.554817763440550192e-02
1.555162695454921813e-02
1.555395159142267981e-02
1.555087553116495276e-02
1.555087562958126432e-02
1.555181879046162868e-02
1.554957202762015898e-02
1.555136418700373870e-02
1.555010243508077664e-02
1.554856160699521171e-02
1.555008291445967271e-02
1.554836055388234863e-02
1.555265122249641432e-02
1.554899856701795827e-02
1.554951927562296145e-02
1.555341505329835804e-02
1.555114297351164673e-02
1.555587974274481519e-02
1.554952721242175949e-02
1.555086483571116972e-02
1.555699075603593842e-02
1.555279617958343560e-02
1.554966554417598797e-02
1.555154591365938074e-02
1.555170393804724063e-02
1.555351796403596845e-02
1.555034183668890270e-02
1.554921659365835450e-02
1.555407178911532608e-02
1.555101408402153294e-02
1.555018296279311353e-02
1.555199050205664443e-02
1.555083773176887084e-02
1.555237628447922460e-02
1.555186903014605694e-02
1.555220543859756575e-02
1.555295677897852724e-02
1.555227462293880258e-02
1.555037140563254178e-02
1.555448821759715210e-02
1.555530106798816946e-02
1.555195474650799235e-02
1.555157032033284079e-02
1.555511831794996469e-02
1.555565897772659759e-02
1.555413614247756066e-02
1.555292285649451621e-02
1.555134985162126386e-02
1.555027143385537616e-02
1.555112233272027376e-02
1.555496775879987824e-02
1.555312767842041526e-02
1.554826223108795105e-02
1.554889042218230051e-02
1.554942925343116671e-02
1.554906579264245421e-02
1.555199634808537498e-02
1.555450558376962611e-02
1.555195473339934104e-02
1.554998035699644253e-02
1.555090613934433791e-02
1.555068213014495181e-02
1.555033829910323559e-02
1.555019418420317510e-02
1.554991050513443961e-02
1.554882289463497061e-02
1.555028765637690366e-02
1.555167207063942389e-02
1.555121334495307255e-02
1.554933762370664697e-02
1.555258131685142292e-02
1.555309227280693256e-02
1.555077949695979518e-02
1.555174659102097345e-02
1.555206870485858865e-02
1.555202445055353828e-02
1.555143101726875511e-02
1.555073980014364150e-02
1.554886331046338201e-02
1.555139286913826725e-02
1.555069397673689534e-02
1.554816219135419890e-02
1.555032752332802942e-02
1.555019679951333104e-02
1.555155732174325588e-02
1.555156376282672455e-02
1.554961560156795444e-02
1.555121491011792444e-02
1.555360991503059245e-02
1.555293412830712450e-02
1.554985487397136067e-02
1.555060383075334771e-02
1.555067668814385899e-02
1.555018353090852762e-02
1.555182118056784232e-02
1.554995111798060554e-02
1.555026107623072411e-02
1.555027424401432892e-02
1.555174298353138168e-02
1.555083570829219469e-02
1.555309445313334676e-02
1.555077760102554704e-02
1.555076547670703434e-02
1.555495241938346061e-02
1.555145420721278614e-02
1.555042173931581173e-02
1.555038408204427458e-02
1.554827201626756382e-02
1.554871952888133881e-02
1.555235656268919020e-02
1.555045520878497144e-02
1.555188274961769208e-02
1.554782884335223318e-02
1.555005017821260542e-02
1.555342876610353239e-02
1.555325327919542845e-02
1.555432683703856372e-02
1.555070250348450020e-02
1.555106181236398308e-02
1.555197572516134157e-02
1.555176608035372873e-02
1.555184408079474633e-02
1.555392069653852363e-02
1.555091558996813880e-02
1.555305636950105562e-02
1.555128974757595366e-02
1.555053889820129723e-02
1.555141182098002464e-02
1.555298004387402865e-02
1.555066304837345037e-02
1.555221672314831445e-02
1.555254001469851682e-02
1.554958237166277277e-02
1.555247344731641550e-02
1.555340452044221174e-02
1.554924695893330350e-02
1.554998686888315641e-02
1.555101070015193002e-02
1.555271555422281168e-02
1.555106759253335746e-02
1.555226776610089089e-02
1.555103193608671150e-02
1.555103622769164924e-02
1.555077985532939307e-02
1.554924350836035807e-02
1.554896310846300839e-02
1.555000412662621741e-02
1.555058695941731288e-02
1.555292737542627972e-02
1.554956960196890621e-02
1.554919454349647755e-02
1.555055202413314214e-02
1.554937015396391613e-02
1.554998807256151826e-02
1.555105077048673373e-02
1.554908169024598816e-02
1.554939518048911382e-02
1.554993312447250364e-02
1.555097110724436987e-02
1.555248792739900507e-02
1.555224102166879313e-02
1.555248458049415805e-02
1.555367748631063252e-02
1.555263827408621784e-02
1.554866631042264337e-02
1.555314060252978824e-02
1.555168173496172465e-02
1.555284238492021104e-02
1.555125129007777114e-02
1.555129276551674503e-02
1.555221867894418866e-02
1.555385279863349610e-02
1.555106346503665714e-02
1.555402523006754571e-02
1.555131520223168411e-02
1.555217002544467472e-02
1.554783299313345322e-02
1.555381837160433635e-02
1.555214541475467664e-02
1.555333396955404374e-02
1.555043944638048736e-02
1.555333770584610940e-02
1.555119017253911440e-02
1.554886160978426191e-02
1.555070117738062418e-02
1.555502219691868616e-02
1.555158543916985818e-02
1.555186786763665396e-02
1.555216864783273006e-02
1.555242828468758436e-02
1.555178429296059581e-02
1.555302490463214039e-02
1.555086598053366694e-02
1.555380734946847955e-02
1.555448392380905445e-02
1.555285513408294004e-02
1.555152240316200196e-02
1.555133903517731155e-02
1.555630077702327245e-02
1.555298849482647343e-02
1.555263108949437971e-02
1.555352086064361143e-02
1.554914639999828777e-02
1.555220175073650409e-02
1.555381011955415428e-02
1.555004196555678439e-02
1.555355613494606958e-02
1.555202908951780136e-02
1.554894175010683617e-02
1.555151026901149293e-02
1.554948354937916305e-02
1.555160581372215176e-02
1.554984754661711994e-02
1.555169202734827706e-02
1.555272211715845974e-02
1.555142894590471822e-02
1.555208359323041571e-02
1.554921099342900653e-02
1.555054627706014408e-02
1.555140949212537038e-02
1.555127771029977610e-02
1.555258510048644627e-02
1.555019789675377885e-02
1.555370153665114677e-02
1.554859675461067389e-02
1.555083908801450053e-02
1.555058009875610013e-02
1.555574003520041743e-02
1.555425192407252841e-02
1.554984922864966271e-02
1.555055212635762622e-02
1.554989899941510746e-02
1.555170002615951716e-02
1.555102685153313992e-02
1.554793919503038267e-02
1.555156495829740360e-02
1.554877878108677260e-02
1.555066603606585982e-02
1.555589163786389589e-02
1.555490057792967111e-02
1.555466001271861923e-02
1.554802602145837279e-02
1.555124457145109530e-02
1.554750446508552063e-02
1.554947227730491682e-02
1.555319432680789433e-02
1.555127891914961924e-02
1.555124438035443250e-02
1.555350589774724679e-02
1.555434269784405216e-02
1.555637208452502820e-02
1.555461355546634318e-02
1.555233115619709429e-02
1.555175377999184518e-02
1.554944064639297158e-02
1.555171682314867437e-02
1.555505949672106834e-02
1.555062908711925956e-02
1.555345304884847915e-02
1.555320299146687249e-02
1.555139461823369651e-02
1.555479124819274424e-02
1.555210629088199861e-02
1.555059325600732789e-02
1.555232050339384192e-02
1.555250729881418881e-02
1.555040294860291980e-02
1.555115764839092203e-02
1.555003895493496831e-02
1.555312398658938167e-02
1.555415127478045230e-02
1.555254570842796828e-02
1.555365842983927153e-02
1.555093532729398195e-02
1.555166872930988792e-02
1.555038105070108423e-02
1.555165158734820273e-02
1.555253116807680559e-02
1.555261623389310108e-02
1.555035938805790670e-02
1.555213163205776579e-02
1.555162413643370982e-02
1.555110682265952414e-02
1.555012447710092498e-02
1.555040258340525602e-02
1.555022522636869027e-02
1.555055571002049442e-02
1.555205023815572213e-02
1.555256803035974349e-02
1.555610732611403986e-02
1.555611725120690549e-02
1.555283638111864403e-02
1.555123175199920466e-02
1.554998823846435139e-02
1.554968427683581580e-02
1.555161036341620034e-02
1.555068746775450580e-02
1.555584653429592686e-02
1.555299387910733661e-02
1.555206559846736107e-02
1.555202793725445932e-02
1.555306791353919769e-02
1.555427144961402629e-02
1.555113494613381830e-02
1.555194053106167748e-02
1.555164395999841277e-02
1.555298977630688827e-02
1.555061440313670537e-02
1.554895217545500079e-02
1.554990104451413856e-02
1.555150654482691935e-02
1.555205528075324743e-02
1.555513448179812741e-02
1.555346241176659705e-02
1.555162883356581149e-02
1.555190396378296203e-02
1.555379419513937093e-02
1.555198537246724362e-02
1.555126594500636124e-02
1.554985913592020139e-02
1.554957568055517422e-02
1.555261950224465402e-02
1.555314588230762539e-02
1.554994263962770212e-02
1.555183371932761585e-02
1.554893215575012776e-02
1.555178552097827294e-02
1.555232172834398671e-02
1.554971376550985142e-02
1.555010735686570070e-02
1.555179259049740102e-02
1.555116945227772232e-02
1.554919584551602355e-02
1.554884668073120910e-02
1.554741767346278468e-02
1.554794959135063180e-02
1.553744968179290691e-02
1.552505037322429553e-02
1.550608743959071799e-02
1.549904956609875727e-02
1.549925950734779706e-02
1.551020636868398299e-02
1.552813935428244002e-02
1.555078208025849687e-02
1.556392529064329171e-02
1.556947107459549264e-02
1.557807188829348627e-02
1.558248059087015934e-02
1.560793820079141997e-02
1.564911881368299951e-02
1.572596596129891347e-02
1.586743292705578706e-02
1.598231662504873835e-02
1.601828574711228192e-02
1.601386455725532787e-02
1.598859537191075000e-02
1.595706720629880629e-02
1.589227512009248541e-02
1.572375531763813353e-02
1.547752899615303761e-02
1.523999127596524679e-02
1.513704886543430946e-02
1.510875384338510041e-02
1.511936534566866129e-02
1.520443982162609717e-02
1.535644071826783308e-02
1.553512684930820169e-02
1.569536302761978530e-02
1.577895667215602205e-02
1.581544691924745630e-02
1.583108984464581467e-02
1.580795234249928946e-02
1.577112003622181680e-02
1.571282553931729886e-02
1.563572349479063969e-02
1.555820325683337883e-02
1.550546335900848671e-02
1.549440421128022924e-02
1.549247544195219567e-02
1.550305462777779378e-02
1.552889597244805353e-02
1.555716885892555017e-02
1.557281611172510981e-02
1.559614206444128078e-02
1.562710137708310174e-02
1.566932626150711536e-02
1.571696771542934953e-02
1.576112523661185247e-02
1.577752137204116445e-02
1.577205448074204402e-02
1.575594537461216110e-02
1.571724296289089134e-02
1.567962838364136621e-02
1.562905970383590346e-02
1.557816101749801875e-02
1.553876634312532055e-02
1.551552942889674117e-02
1.549785513650184590e-02
1.549367288597106214e-02
1.550247307334297504e-02
1.551701259404410053e-02
1.552815466444642557e-02
1.553826315548787439e-02
1.554221724867011802e-02
1.554904005601212731e-02
1.555051200884406855e-02
1.554977005236868846e-02
1.555229200111676348e-02
1.555166421949482659e-02
1.555154079524058604e-02
1.555175733648180361e-02
1.554784974417162957e-02
1.554636737103889770e-02
1.554115774952221328e-02
1.553756860350514329e-02
1.553833823484765744e-02
1.553951609955224640e-02
1.553675964125790857e-02
1.553411902074102076e-02
1.552740479208806514e-02
1.550383073297904694e-02
1.547566368044311046e-02
1.546424800871080800e-02
1.547598692032211599e-02
1.549016954494585561e-02
1.550431738997693626e-02
1.551271305279935953e-02
1.551469176742943136e-02
1.551531517519393923e-02
1.552342844140493054e-02
1.553732309743014080e-02
1.555276231883145899e-02
1.555610354288091378e-02
1.555252179827602138e-02
1.554650074269833815e-02
1.553702238524372510e-02
1.551942073271499710e-02
1.549476182810214341e-02
1.546716936320425423e-02
1.544402092276868713e-02
1.543121756324560521e-02
1.544058464851353306e-02
1.546760902997204416e-02
1.549197119842729217e-02
1.549939312449417038e-02
1.550875890989182430e-02
1.552599769399960229e-02
1.555798956818140767e-02
1.559503032456968120e-02
1.562573554248543328e-02
1.564671856533771457e-02
1.566110322160172916e-02
1.568266036544194164e-02
1.569201859562111695e-02
1.571236448003836272e-02
1.573974454539824042e-02
1.577288181317804475e-02
1.577887255126890487e-02
1.577682488649820303e-02
1.576312945518749606e-02
1.573355100483730604e-02
1.568600322558561661e-02
1.560743025581601620e-02
1.551490424570335647e-02
1.539502208340160459e-02
1.526759768302770465e-02
1.512089611346367594e-02
1.494847653098176250e-02
1.480799073752872216e-02
1.473428502624461907e-02
1.465630804643049644e-02
1.457630732454253016e-02
1.447017392459255813e-02
1.436020611714761662e-02
1.424664007874472740e-02
1.412381679602353092e-02
1.399436187885754954e-02
1.379854005558877293e-02
1.352972488020378131e-02
1.320648801980682172e-02
1.284419444527839897e-02
1.245185126469424558e-02
1.202537547588778018e-02
1.157721227288828307e-02
1.115960358298135474e-02
1.068806319516999760e-02
1.025626827808292195e-02
9.791802104008847166e-03
9.277739127485995843e-03
8.759506567363141080e-03
8.198782956522217280e-03
7.645723093672380719e-03
7.079532164014305101e-03
6.512576416902032816e-03
5.873481379927655149e-03
5.244415000371972085e-03
4.616403568641382071e-03
3.904429148491369433e-03
3.175740808421539593e-03
2.494447025970035047e-03
1.499658073818531433e-03
7.665056249333339301e-04
2.753394551451551135e-04
8.686777370606601090e-04
1.629572202412598756e-03
2.372478544477096569e-03
3.102189035278266407e-03
3.881512098848583989e-03
4.633823197605666661e-03
5.389089319116383177e-03
6.153662798135908774e-03
6.904266650474119062e-03
7.699066043386837595e-03
8.490507781389303524e-03
9.300465534650853919e-03
1.007649513277763739e-02
1.081117993206056130e-02
1.151893824995687751e-02
1.228270419382554955e-02
1.302196704405524270e-02
1.397598430230410395e-02
1.479885964966789862e-02
1.556913642500485501e-02
1.630156106328671875e-02
1.697916815387616810e-02
1.764314377566305464e-02
1.823509983519997282e-02
1.871639425380220226e-02
1.909345784763401624e-02
1.938994922814573155e-02
1.963196225919569549e-02
1.987749457988265828e-02
2.021000209596222202e-02
2.058487492036266062e-02
2.105416481287138847e-02
2.149746185111600649e-02
2.204704225345195320e-02
2.258494583461281499e-02
2.307865528852346901e-02
2.353088381125528414e-02
2.394396313477655663e-02
2.426159957187660685e-02
2.452014714081558397e-02
2.464663466431176245e-02
2.473010285875367614e-02
2.468838285771019631e-02
2.446751490393422532e-02
2.415177629943053572e-02
2.367566502578714871e-02
2.298766698781589887e-02
2.204097508490140619e-02
2.088447962811822850e-02
1.954017949786512540e-02
1.806565905479083634e-02
1.653204785665262841e-02
1.491509483916811894e-02
1.337092737156931471e-02
1.205057079277011001e-02
1.039897994046989557e-02
9.674617646599551618e-03
9.100445437807667265e-03
8.694315450427781214e-03
8.358945025897360215e-03
8.196432789986683731e-03
8.195570881392661225e-03
8.379657848163406253e-03
8.720544028763819663e-03
9.702634163152550409e-03
1.074676785715365616e-02
1.185565634872281018e-02
1.353027372671739524e-02
1.532426662335081499e-02
1.732493641623666231e-02
1.934942068845010507e-02
2.117619021266834919e-02
2.284403117750136505e-02
2.416211095661722347e-02
2.484436403571050125e-02
2.483318106321464117e-02
2.437315923895325837e-02
2.389809008509587857e-02
2.366461359264240144e-02
2.375347949374606929e-02
2.418798425286937739e-02
2.448269921958930520e-02
2.460420399051147303e-02
2.436731408842749552e-02
2.386374225241787161e-02
2.304003007557921257e-02
2.206630527298219721e-02
2.111149785585219110e-02
2.018394015574355785e-02
1.917933156171153231e-02
1.815956555947556561e-02
1.740687947799587909e-02
1.702465975407888021e-02
1.685761319297915048e-02
1.669043306001321073e-02
1.660957574172367696e-02
1.662198955789565696e-02
1.672924579203743239e-02
1.683135366799896893e-02
1.695030157055068404e-02
1.711868437515944030e-02
1.737722061139708105e-02
1.767720642777933365e-02
1.799706818772886519e-02
1.828721579324520466e-02
1.845105203031064192e-02
1.853845447306665117e-02
1.861492968011502908e-02
1.870765576496316238e-02
1.881732854202788907e-02
1.884774427575017924e-02
1.878674102152636666e-02
1.870069940199612854e-02
1.860259755210572075e-02
1.831250406666598551e-02
1.786751818871561842e-02
1.731663186773430702e-02
1.672187566713781784e-02
1.619043291609298385e-02
1.563754864965624311e-02
1.519663814010543089e-02
1.472347355746571329e-02
1.427387157028831011e-02
1.396854894411915862e-02
1.371120384103895196e-02
1.352655433368569679e-02
1.335338739567492466e-02
1.324365085064624706e-02
1.313695459140313063e-02
1.305311022560032459e-02
1.297649545689157254e-02
1.288480669112547841e-02
1.279471178547207134e-02
1.269660536291439094e-02
1.257734115435257122e-02
1.241682678578593345e-02
1.230741303746018048e-02
1.223544393391804742e-02
1.215115255922799391e-02
1.206561066495369892e-02
1.196208532077462985e-02
1.189395399059729394e-02
1.184258823507993580e-02
1.180849982187855488e-02
1.179868167246593894e-02
1.179644433649874868e-02
1.180263495106188831e-02
1.181017777508805260e-02
1.180943171143632002e-02
1.180721623457264835e-02
1.181291992200647449e-02
1.181801203904207613e-02
1.182680024415331405e-02
1.183134712864698269e-02
1.183602290741837988e-02
1.183424729319760421e-02
1.183194154361753847e-02
1.182777210089580415e-02
1.181029464580682538e-02
1.177927780172707307e-02
1.170329623184019827e-02
1.165707150555691553e-02
1.163445370769114993e-02
1.163505902320370773e-02
1.166971878394879557e-02
1.173242158951988412e-02
1.179930751322335464e-02
1.188006112731388245e-02
1.188325327083505044e-02
1.189841069673982198e-02
1.195974718760526440e-02
1.203514979950566846e-02
1.210250562116563580e-02
1.217050414945567219e-02
1.230674204786585610e-02
1.247439610161402493e-02
1.267206386904505024e-02
1.291199023892527185e-02
1.317734989593780624e-02
1.351570416025190020e-02
1.388591163771336207e-02
1.429663051055804664e-02
1.469795262941945950e-02
1.511027767566941980e-02
1.552933989601040267e-02
1.602677811964449417e-02
1.655282539704710718e-02
1.708025261142892548e-02
1.764145169500309224e-02
1.821282666599971165e-02
1.878565453020059756e-02
1.936820888031364971e-02
1.994433463849874452e-02
2.053969658458677794e-02
2.111300728775754310e-02
2.172043417209287147e-02
2.228326017394695324e-02
2.279013100705166994e-02
2.320389998674446050e-02
2.352448726395945516e-02
2.385571628198343216e-02
2.417421269583093849e-02
2.450161190522746543e-02
2.484089542920316432e-02
2.519172261861062079e-02
2.551423707148245054e-02
2.580816821942740272e-02
2.602262444484327447e-02
2.620434899792100508e-02
2.640860245174962359e-02
2.658675127448984279e-02
2.671995378012382780e-02
2.681817602901586869e-02
2.685196437475913592e-02
2.682632575713822173e-02
2.674634254987116530e-02
2.663134647805975516e-02
2.639388887678247378e-02
2.614984824236856603e-02
2.581900680394941597e-02
2.544978246580069728e-02
2.498520410877670336e-02
2.444395441280132128e-02
2.386036717105403590e-02
2.317901921407463858e-02
2.237708369666678923e-02
2.141838483609556990e-02
2.036508815672457076e-02
1.919500261421257584e-02
1.794503854967898632e-02
1.665889058442573956e-02
1.532367116159352206e-02
1.392374179638770568e-02
1.255633311488387784e-02
1.114565753890339392e-02
9.709614078196272466e-03
8.297971530870553586e-03
6.904811377337528693e-03
5.611700809804414346e-03
4.289775846178456309e-03
2.969956545326939146e-03
1.642621277929448261e-03
5.068420070585564000e-04
1.142544161451467108e-03
2.355368160716723828e-03
3.569543024446514366e-03
4.562314503219631369e-03
5.451507361383055826e-03
6.213262291189920912e-03
7.023340015163052549e-03
7.790039023745015841e-03
8.507307674281074095e-03
9.168283526412308870e-03
9.886940088019232839e-03
1.056813128843624335e-02
1.111631685799625152e-02
1.155023540872756986e-02
1.197472982187610183e-02
1.248335453957936415e-02
1.299104963764057159e-02
1.345115597224133021e-02
1.379994924087851564e-02
1.376782610221856558e-02
1.322341327092179351e-02
1.247351701351190160e-02
1.173652417114409013e-02
1.106519660494034024e-02
1.044695333619383680e-02
9.856380002756686895e-03
9.282858350856581370e-03
8.786040361448492833e-03
8.428600872982116785e-03
8.190817681918540274e-03
8.058920277748193167e-03
7.873245027618307884e-03
7.583224822620783512e-03
7.208688656873063309e-03
6.779275986435470171e-03
6.354252314705559693e-03
6.052219387516771451e-03
5.887006172818494074e-03
5.823085396023986587e-03
5.710193920413373682e-03
5.497948443899120484e-03
5.145168642609366204e-03
4.686228960338812560e-03
4.194920070356717400e-03
3.755963628242501608e-03
3.466361798282400521e-03
3.297126858886602514e-03
3.231835675234552042e-03
3.211760663001525344e-03
3.207580545580714093e-03
3.226069028937464216e-03
3.238556716482563890e-03
3.224758084425835992e-03
3.206739234348100070e-03
3.194871450973425439e-03
3.197823871118270645e-03
3.207875807140894708e-03
3.220438511341664270e-03
3.229494258464935940e-03
3.234001345927100136e-03
3.236060386327478059e-03
3.246674728978339239e-03
3.259713489910265587e-03
3.279083776402388472e-03
3.302303399745402067e-03
3.321071414913334251e-03
3.326882460850098724e-03
3.327007947561416365e-03
3.304062369343487623e-03
3.247068150716493629e-03
3.156757866972971331e-03
3.102728464582931063e-03
3.101923248356285544e-03
3.112525390898810383e-03
3.118656447979474295e-03
3.121526504300308879e-03
3.127089588015061119e-03
3.128949584192453320e-03
3.132427058188665386e-03
3.153851286812137025e-03
3.188156331307411342e-03
3.251795838124107909e-03
3.319871680742473522e-03
3.439349772701902862e-03
3.586651132667892459e-03
3.753428551265999488e-03
3.914920928254577055e-03
4.078273938514999537e-03
4.284087129786052356e-03
4.485101902833876254e-03
4.720675897478327464e-03
5.002175057800536256e-03
5.268550375552837409e-03
5.582850504001734757e-03
5.870796203587825592e-03
6.531899822046534007e-03
6.948322318041291919e-03
7.362668789247203346e-03
7.795489816229721029e-03
8.256592330277423564e-03
8.777574671688527508e-03
9.320884032702932143e-03
9.926415417047994294e-03
1.050499007189976269e-02
1.108533191824725636e-02
1.165231536030738278e-02
1.214891820560412908e-02
1.265546764742767408e-02
1.312676423129143476e-02
1.359745495700910925e-02
1.405781109859796478e-02
1.448105331175648242e-02
1.486927952602007212e-02
1.528455394018471414e-02
1.563617301576071192e-02
1.604791245590155013e-02
1.639333445492413902e-02
1.671045291831010915e-02
1.699046594905485874e-02
1.724306949687296614e-02
1.746890181471996706e-02
1.767400207520937461e-02
1.783831479162022865e-02
1.798215470837007460e-02
1.809567302286848797e-02
1.819869848885231206e-02
1.825641661550100880e-02
1.828221847425294186e-02
1.828440516572457999e-02
1.825975869649516456e-02
1.820446511898243108e-02
1.814121890697978356e-02
1.805577287318203480e-02
1.797373637665512433e-02
1.787834868890211121e-02
1.782187765862163972e-02
1.772071892605798019e-02
1.757286491345393803e-02
1.735663343593548194e-02
1.709853989194630441e-02
1.679931615998218192e-02
1.649021704978506642e-02
1.619253433799464417e-02
1.594100868794046111e-02
1.570577830573709893e-02
1.550601331114214755e-02
1.527963265323187443e-02
1.503583378601615686e-02
1.476845318583087409e-02
1.444315058918951324e-02
1.413031426323302191e-02
1.351800765419066720e-02
1.306469335130912464e-02
1.260664172161968417e-02
1.217817830582483898e-02
1.171828082392796511e-02
1.128260613573285609e-02
1.084052286347157376e-02
1.038544757274908505e-02
9.897912038312280461e-03
9.324838209796581373e-03
8.688946454676195474e-03
7.940363372430564448e-03
7.165986912025294753e-03
6.378392825296156157e-03
5.501931168458693878e-03
4.659318248982195071e-03
3.783712460586488927e-03
2.901934433166449435e-03
2.040646390185460891e-03
1.114604928815161227e-03
1.946966241214659419e-04
8.563749555804485609e-04
1.926733868336162874e-03
3.095712227605379452e-03
4.297694132946344378e-03
5.469315243029335138e-03
6.630974847310384598e-03
7.739571240504969016e-03
8.828492462532451859e-03
9.892934691696079683e-03
1.091806320149368327e-02
1.192038244454425404e-02
1.286252357749981257e-02
1.370186068362200769e-02
1.445148700744287688e-02
1.505976320239089082e-02
1.555537446805653132e-02
1.599069922284760553e-02
1.639344869413152453e-02
1.675683072058318027e-02
1.709902571013222419e-02
1.743383045341470247e-02
1.774018134875475494e-02
1.797580627480614354e-02
1.816744572740755514e-02
1.832326033096357346e-02
1.842817655235919408e-02
1.847352093960916847e-02
1.847335834629117851e-02
1.844381012014409751e-02
1.840968918101532417e-02
1.837898288439500372e-02
1.833211308919759780e-02
1.827087202085806231e-02
1.821228777624645315e-02
1.817052892092426222e-02
1.813596753824523594e-02
1.809918580934249954e-02
1.811026949116828141e-02
1.814278699202967818e-02
1.818665500983719999e-02
1.823101622781615402e-02
1.828194638336126318e-02
1.832638624099059213e-02
1.836638479050288139e-02
1.839525882850197303e-02
1.840377239901699880e-02
1.840039006323085716e-02
1.840444655388611198e-02
1.842467121523869156e-02
1.846874925667702991e-02
1.849406253758623803e-02
1.849833986508430533e-02
1.849798192079363593e-02
1.849950442412101603e-02
1.849831802023388372e-02
1.849732158283126995e-02
1.850403425260188986e-02
1.850814510347591549e-02
1.851261467745373909e-02
1.850920187250889443e-02
1.850777871955620879e-02
1.850172516004279510e-02
1.849852221410195133e-02
1.849817149955939460e-02
1.849938437575596173e-02
1.849312154176540116e-02
1.848663109521152953e-02
1.847371491588455442e-02
1.846808228998273946e-02
1.846931201315003476e-02
1.847043760790207864e-02
1.847493453107507122e-02
1.847293508525765446e-02
1.846272976268619262e-02
1.845749981974943721e-02
1.845857148474766216e-02
1.846343195545454771e-02
1.847094076130080184e-02
1.847434381473538403e-02
1.847499529336871227e-02
1.847204707056941328e-02
1.846861842405625107e-02
1.846491323277319949e-02
1.846862871203739515e-02
1.847420413901996322e-02
1.847441472470041229e-02
1.847348846903416886e-02
1.847046010412873099e-02
1.846871361603663955e-02
1.847125655666890381e-02
1.846893390671438054e-02
1.846162079138859158e-02
1.844653019715744580e-02
1.843739188469607770e-02
1.842930688589494367e-02
1.843906471064645641e-02
1.845168205107602585e-02
1.847270633828387854e-02
1.849107410117393005e-02
1.849678707967796279e-02
1.849011859229053589e-02
1.848167618601026865e-02
1.846826871912533863e-02
1.844948470369358121e-02
1.842659325787503535e-02
1.841112961166193815e-02
1.840245739924967552e-02
1.840305224107468413e-02
1.840259080821502954e-02
1.838655253968745837e-02
1.836818702411535317e-02
1.836721591278213730e-02
1.837637715549850226e-02
1.839254322244816831e-02
1.840210289247289424e-02
1.840272767299995504e-02
1.838103709840599800e-02
1.836011397961290897e-02
1.836186267069853453e-02
1.840683759797138996e-02
1.847656829316090404e-02
1.852969880530673172e-02
1.855714165329813356e-02
1.856874364338526734e-02
1.857661026651702407e-02
1.853970191034347639e-02
1.844777924300843377e-02
1.834026339681164505e-02
1.811979286512871087e-02
1.782701906196498473e-02
1.751994111243953406e-02
1.719183231813446386e-02
1.676854101729744959e-02
1.629322234012556617e-02
1.577064286164794535e-02
1.520484145764508174e-02
1.447802817963027289e-02
1.368864986600222371e-02
1.272029473494957347e-02
1.167291225777275857e-02
1.054045576641700864e-02
9.344199325030706424e-03
8.156369505144986723e-03
6.953883247207655501e-03
5.730483482338852644e-03
4.483342563714993491e-03
3.265000504342618556e-03
2.031582292927282350e-03
9.512297128474395472e-04
5.107139041438325984e-04
1.352785358350022194e-03
2.334659442016483524e-03
3.341490502915563272e-03
4.267572594118281340e-03
5.185483557010908164e-03
6.014608579277747578e-03
6.867520923922351174e-03
7.637574902597066805e-03
8.577097973477056450e-03
9.465169983795734820e-03
1.033514435607347549e-02
1.121206878346469281e-02
1.208442512061806175e-02
1.285620894708730880e-02
1.349310116462970610e-02
1.404332860440965329e-02
1.449522678825047872e-02
1.484574665327667575e-02
1.514490640596461574e-02
1.538733852233855649e-02
1.546342328403801231e-02
1.545101307656275222e-02
1.534895788567915489e-02
1.515038985539896021e-02
1.493131761720027650e-02
1.477098248695329560e-02
1.462543006844790709e-02
1.448435034162671477e-02
1.430548245081380079e-02
1.415361905167496215e-02
1.401660673444568572e-02
1.392447125133751407e-02
1.382856906997564223e-02
1.376599500876496927e-02
1.371814960848780421e-02
1.365135926868195175e-02
1.358979860874433981e-02
1.353738194216261986e-02
1.351039937943833945e-02
1.349280192577426846e-02
1.347866841750381198e-02
1.346618592134834341e-02
1.345215798603679146e-02
1.344056001056082028e-02
1.342968557865093990e-02
1.342193931231247701e-02
1.341668312040396153e-02
1.342248311044538268e-02
1.343181040445196039e-02
1.343838758299660714e-02
1.343579204924201867e-02
1.343324916862550719e-02
1.342807375671932132e-02
1.342662553083978812e-02
1.342190978311747114e-02
1.341231239801706811e-02
1.338589540191801111e-02
1.336263373541818865e-02
1.334713851301365384e-02
1.332416303473766064e-02
1.327439705137901244e-02
1.318628674315741427e-02
1.307970756756339677e-02
1.298252325436262053e-02
1.285943065757734656e-02
1.267881596011479275e-02
1.248634558245437752e-02
1.227563056828564342e-02
1.204108794568828529e-02
1.185423750570768937e-02
1.172983349193510751e-02
1.159552396813460541e-02
1.148211994740827580e-02
1.142034802886698550e-02
1.130772485565868096e-02
1.110139905407334267e-02
1.074924205344915569e-02
1.028586103448780355e-02
9.763809800238722539e-03
9.147704000804340527e-03
8.456022602815534139e-03
7.677289361289869885e-03
6.905594310168329530e-03
6.135822618913307734e-03
5.271042439402236907e-03
4.404894842609981265e-03
3.398107804514779919e-03
2.361918334840012231e-03
1.267653352624197082e-03
4.543312278706499049e-04
1.164013368722693204e-03
2.239568739270651580e-03
3.363565745927395156e-03
4.524959024860618177e-03
5.662018717166513240e-03
6.821294113871955583e-03
7.967008762061746421e-03
9.109768529367158474e-03
1.018976418763310396e-02
1.112884611550075779e-02
1.193485135603973742e-02
1.256821689293927298e-02
1.318622689640507571e-02
1.368762688632513096e-02
1.421143808095416163e-02
1.471391388762587418e-02
1.518488010565720824e-02
1.556498291610090498e-02
1.590526118981035880e-02
1.613962125737918030e-02
1.613746245437613219e-02
1.587163233944969068e-02
1.540223309892351650e-02
1.491339378566860531e-02
1.474268453753394513e-02
1.487507941935361198e-02
1.514974418559681367e-02
1.563221385911095149e-02
1.613121961540004909e-02
1.654188168937542960e-02
1.701683262657483972e-02
1.741235349325240267e-02
1.767780375390318529e-02
1.775529799689182925e-02
1.773383786562318307e-02
1.766365995229694785e-02
1.758991933356442161e-02
1.753829140234274692e-02
1.754855510890199546e-02
1.755955919834383677e-02
1.753092676208219819e-02
1.747830842680806948e-02
1.741817920028512073e-02
1.737591458040731868e-02
1.735282899526576633e-02
1.735907289673107798e-02
1.737564171307144287e-02
1.738268974239811845e-02
1.738778713478348129e-02
1.739489550849021571e-02
1.740407542645969891e-02
1.742677425886006437e-02
1.743597731494404834e-02
1.743043534577653694e-02
1.741744230231065393e-02
1.739748710701501805e-02
1.737419544316329625e-02
1.736755990565531579e-02
1.737284929810379783e-02
1.737045217324087801e-02
1.736169599454956067e-02
1.735713988271331276e-02
1.735998810437787421e-02
1.736704053534691289e-02
1.737373675561964051e-02
1.736925920804394119e-02
1.735192663266774821e-02
1.733112329005786004e-02
1.730140176220158754e-02
1.727486352343412038e-02
1.725344520792426034e-02
1.719340930531224054e-02
1.710206232068373078e-02
1.702840149643588055e-02
1.701454388079554070e-02
1.707632070307111422e-02
1.718560657059857791e-02
1.730829874463279960e-02
1.738529855127886672e-02
1.742364629238984594e-02
1.745270702792545495e-02
1.749569262376338141e-02
1.756307734767194664e-02
1.759120209273775520e-02
1.758441709440546757e-02
1.757040470249415787e-02
1.754980976674254747e-02
1.753296823100651547e-02
1.752182401319298671e-02
1.750073330096334548e-02
1.746411797350928136e-02
1.740481081092836238e-02
1.736841196628556572e-02
1.735464732904564225e-02
1.734459970254598193e-02
1.734140161529889451e-02
1.733817211904293068e-02
1.733430298228221672e-02
1.733192685057943425e-02
1.733169974804249849e-02
1.732985457658035855e-02
1.733343549010451720e-02
1.734786382758612966e-02
1.736761104831363936e-02
1.739502287447738590e-02
1.742898559587887156e-02
1.746747252668338912e-02
1.748923626470113776e-02
1.749893855639612916e-02
1.750003182242831912e-02
1.749721149920642482e-02
1.749779537814228486e-02
1.750651252194302537e-02
1.751157235754243618e-02
1.751482556509325814e-02
1.751253113576663190e-02
1.750937533271782962e-02
1.750374573527913036e-02
1.748485097758818371e-02
1.745426954156437810e-02
1.741467194751279701e-02
1.736880183795422999e-02
1.731800696001661519e-02
1.726187970088984697e-02
1.722127144815554026e-02
1.720299994373100660e-02
1.719187940675635101e-02
1.715657937556031368e-02
1.712054881156727798e-02
1.708362409212903568e-02
1.707585317488713450e-02
1.708815922524653877e-02
1.710358715634242160e-02
1.713693232821496618e-02
1.710387165872650703e-02
1.698377632443866941e-02
1.670899616724848963e-02
1.629135852675103746e-02
1.577212005882635062e-02
1.520289681144370436e-02
1.445522441263249157e-02
1.367512991039614330e-02
1.276262663398707205e-02
1.184645841247153504e-02
1.098018788710564825e-02
1.005825845918580617e-02
8.978317918839410355e-03
7.836459016618542092e-03
6.503815974319329674e-03
5.090451805953349375e-03
3.524514974728910725e-03
1.999346631131021512e-03
8.539148254937292508e-04
1.642098321852023804e-03
3.086394669444676459e-03
4.556568057528763427e-03
5.923240238117809947e-03
7.197082374816483885e-03
8.407900509393979524e-03
9.489490789908256591e-03
1.037287615437910808e-02
1.108831845057556102e-02
1.169083861128975346e-02
1.229249188451889997e-02
1.294697187771260034e-02
1.352126984245725222e-02
1.410371797057733377e-02
1.460506223446710918e-02
1.511874008870567679e-02
1.551033202281168824e-02
1.588232931762708147e-02
1.612060094545713848e-02
1.634657386217565345e-02
1.648336578897914920e-02
1.649088478589098503e-02
1.644315037951343123e-02
1.628452032528797042e-02
1.589877694675157979e-02
1.535584489005818558e-02
1.465891528451498949e-02
1.398005189946317089e-02
1.300755195792917436e-02
1.209337218114175591e-02
1.105489768417469362e-02
9.985605871893081867e-03
9.036470339948336414e-03
8.373677160920847337e-03
7.848994339863125252e-03
7.699534702485692078e-03
7.726402102126123800e-03
7.845838452160676033e-03
7.945472014540051753e-03
8.144179800086970289e-03
8.496684838500479994e-03
8.899615874777749847e-03
9.406373442742704469e-03
1.000219928643890886e-02
1.088058601359664750e-02
1.183013585794809482e-02
1.279630232469976779e-02
1.361256125164106781e-02
1.406127595000756028e-02
1.413597522826079596e-02
1.401459294375321206e-02
1.386615011258576780e-02
1.374607367440339525e-02
1.362978501787194888e-02
1.349157986288047548e-02
1.339716170914615617e-02
1.330457363273056769e-02
1.324193287962371728e-02
1.330639424152434309e-02
1.340112234702035658e-02
1.343823501900366819e-02
1.344841938273079636e-02
1.340263599858720032e-02
1.335001292364701789e-02
1.329668930489193157e-02
1.324932058539072220e-02
1.318626547980212248e-02
1.314820324752257082e-02
1.315701570959360543e-02
1.318671856812606881e-02
1.322269503731640476e-02
1.327657757454945436e-02
1.332468981966935043e-02
1.332823169507911520e-02
1.331215703560155623e-02
1.328264392116665187e-02
1.326747196155014623e-02
1.324573776156175858e-02
1.323688294421021538e-02
1.324481400922536238e-02
1.326302385297521355e-02
1.328693794173309642e-02
1.331071018589792543e-02
1.335731552059923541e-02
1.336693987725990317e-02
1.335780335542314720e-02
1.334904885196531478e-02
1.333132835683952140e-02
1.331041939403635778e-02
1.329291950557965479e-02
1.327360913581985061e-02
1.327151805439935259e-02
1.327576860008364279e-02
1.328488324433732895e-02
1.329078866684198744e-02
1.330240614245171808e-02
1.329351035781328912e-02
1.326397847275282045e-02
1.324475054300591759e-02
1.323342588672509444e-02
1.322313048881317531e-02
1.322430394457762594e-02
1.321375138311453763e-02
1.319620021824906113e-02
1.318394525070229820e-02
1.319424744389516117e-02
1.319776374784743800e-02
1.316640036363321727e-02
1.311919774443051113e-02
1.306128020415386372e-02
1.301870811261649809e-02
1.301135157948804001e-02
1.302656647709495019e-02
1.304926637993736489e-02
1.308080889309517526e-02
1.311322769984474973e-02
1.313499793047645525e-02
1.315158654338968378e-02
1.315226369386904813e-02
1.313398824669680456e-02
1.310759172375357100e-02
1.307585420540007849e-02
1.305129692605913605e-02
1.304655176203618067e-02
1.304726156132632320e-02
1.305052701993163894e-02
1.305747450509940621e-02
1.306592162034576204e-02
1.308018741445198842e-02
1.309561157063480336e-02
1.310143749997506706e-02
1.310369719885153168e-02
1.309656148924670874e-02
1.307313676716957175e-02
1.304575031808956516e-02
1.300956982209783980e-02
1.297402322977874584e-02
1.293260331494866522e-02
1.286394825040224933e-02
1.278891405350393064e-02
1.272236202756091110e-02
1.266607808643834335e-02
1.263075586208345369e-02
1.261909374595973632e-02
1.261790086718036011e-02
1.261031596148796084e-02
1.260230720537142135e-02
1.260520363777611029e-02
1.260253956601671728e-02
1.259448707515158083e-02
1.257008039971710400e-02
1.254172970307829843e-02
1.252502278462669719e-02
1.252464274533941942e-02
1.252292833968777705e-02
1.251974744489523297e-02
1.250569724344644494e-02
1.249586430109322736e-02
1.250550017323747050e-02
1.251636363374167282e-02
1.253396871636883007e-02
1.254577067108473068e-02
1.255079754091764990e-02
1.255315606324354169e-02
1.255296851894602793e-02
1.255985022874885233e-02
1.256110880002179672e-02
1.256006280080619771e-02
1.255690565062569410e-02
1.255047510605429226e-02
1.254436299542083244e-02
1.254137250105521149e-02
1.254447808844126079e-02
1.254662001318101842e-02
1.254566928926743007e-02
1.254593120139377641e-02
1.254458474062160669e-02
1.254540077119351872e-02
1.254261920001913284e-02
1.254313264394495663e-02
1.254069762010783136e-02
1.253730563345825146e-02
1.253977851204089722e-02
1.254081971847940263e-02
1.254011585545007634e-02
1.253906786093977356e-02
1.253925734350374091e-02
1.253674743182503666e-02
1.253674050009294036e-02
1.253819288674792691e-02
1.253924934287086249e-02
1.253789833042170086e-02
1.253493373724475293e-02
1.253494902458862810e-02
1.253720596868415464e-02
1.253807495859412396e-02
1.253623148901918984e-02
1.253616065979462450e-02
1.253477439042276556e-02
1.253281171558713256e-02
1.253436106007463531e-02
1.253749664234945008e-02
1.253823450400684894e-02
1.253876368143319597e-02
1.253458645133348828e-02
1.253638637637862971e-02
1.253685028972143997e-02
1.253643436394549261e-02
1.253403678606004011e-02
1.253424280824818639e-02
1.253419695096424057e-02
1.253589067513051838e-02
1.253469246224945925e-02
1.253831594556131801e-02
1.253532301681499657e-02
1.253485124856161537e-02
1.253283875675701223e-02
1.253919444919208287e-02
1.253785641703620592e-02
1.253430533945047894e-02
1.253732842941276786e-02
1.253055307695371580e-02
1.253605373531257658e-02
1.253515788533579069e-02
1.253582056136731855e-02
1.253284057749182341e-02
1.253488130214609579e-02
1.253479456527269338e-02
1.253815998644556076e-02
1.253467478861776049e-02
1.253637158906144300e-02
1.253772806538921980e-02
1.253625202031417342e-02
1.253321801300121517e-02
1.253369782053920072e-02
1.253216675996282094e-02
1.253599201675503587e-02
1.253664727574698400e-02
1.253608550984031123e-02
1.253512886469060512e-02
1.253597501355115627e-02
1.253999473935378008e-02
1.253603813954124596e-02
1.253819770481003938e-02
1.253454376560826991e-02
1.253638055822756288e-02
1.253681880080107468e-02
1.253683220266059439e-02
1.253683830480403945e-02
1.253613043714358471e-02
1.253480529815568373e-02
1.253571967742246607e-02
1.253532789780720941e-02
1.253817218083239961e-02
1.253693957698612249e-02
1.253755453412952470e-02
1.253854348154230872e-02
1.253586273403996428e-02
1.253769828765428571e-02
1.253977293670753557e-02
1.253726597388144827e-02
1.253669690644144789e-02
1.253780636093515359e-02
1.253757385369690114e-02
1.253721671679978306e-02
1.253584776622153861e-02
1.253752546063616018e-02
1.253555699300573298e-02
1.254090568420531369e-02
1.254085967825144601e-02
1.253854837877744002e-02
1.253759739929391666e-02
1.253796025264300625e-02
1.253687393932671930e-02
1.253838575555587739e-02
1.253798630162688589e-02
1.253423538580203563e-02
1.253310953325309160e-02
1.253501213396388328e-02
1.253651731057903521e-02
1.253713977563039594e-02
1.253685228628350842e-02
1.253683802102224798e-02
1.253708774663018707e-02
1.253880279517780201e-02
1.254069030555616214e-02
1.253902228681624126e-02
1.253674454282653269e-02
1.253634612808395346e-02
1.253656664984766599e-02
1.253788131949787332e-02
1.253724794834562214e-02
1.253829639094578875e-02
1.253596542485306553e-02
1.253718135614859293e-02
1.253460414020772865e-02
1.253477148567654076e-02
1.253235074545157486e-02
1.253481554465283448e-02
1.253448514641235419e-02
1.253527388639944298e-02
1.254032049864488990e-02
1.253800542196155908e-02
1.253482451334069284e-02
1.253705617772085841e-02
1.253352674321845002e-02
1.253163765624014901e-02
1.253206979591862079e-02
1.253586549953178420e-02
1.253593435577745122e-02
1.253605081319679980e-02
1.253394175652465005e-02
1.253629503908923297e-02
1.253812559934187887e-02
1.253495953651451687e-02
1.253264406517064569e-02
1.253325933882734784e-02
1.253162767159482840e-02
1.253564811066934861e-02
1.253526666124366029e-02
1.253456048225454027e-02
1.253413070131166596e-02
1.253763975140517913e-02
1.253661353633699418e-02
1.254227134988450572e-02
1.253627735112271616e-02
1.253720870345430456e-02
1.253354146776271445e-02
1.253460122160900483e-02
1.253533280441226916e-02
1.253643354960559154e-02
1.253279292509791240e-02
1.253753114452556446e-02
1.253497855062080286e-02
1.253578630254320765e-02
1.253632331666335378e-02
1.253668680502078268e-02
1.253638843938239059e-02
1.253832238081665877e-02
1.253771913623549610e-02
1.253581509035290448e-02
1.253576582404250517e-02
1.253982197459947538e-02
1.253809944855812340e-02
1.253734509569051116e-02
1.253647159931740862e-02
1.253661489498449771e-02
1.253604595289550643e-02
1.253603422256684662e-02
1.253668828923638554e-02
1.253892187651135283e-02
1.253867703614302588e-02
1.253666816530590693e-02
1.253840488193216918e-02
1.253890274577449011e-02
1.253922165818457425e-02
1.253777799621697171e-02
1.253927572945305428e-02
1.253673352641443417e-02
1.253829706426737994e-02
1.253772515804893115e-02
1.253709447133279954e-02
1.253419049098169168e-02
1.253330067767528637e-02
1.253670390958228423e-02
1.253494494779394848e-02
1.253414654322158525e-02
1.253438356801155583e-02
1.253731720026199717e-02
1.253998296757218196e-02
1.253782742577180288e-02
1.253572242224323778e-02
1.253544169354648720e-02
1.253617884604344909e-02
1.253276337374272138e-02
1.253472704528435164e-02
1.253383905921201177e-02
1.253550366996970984e-02
1.253684364737748212e-02
1.253913110165484970e-02
1.253553951567483449e-02
1.253929210883538391e-02
1.254049032143623489e-02
1.254316114681472936e-02
1.253684049427513866e-02
1.253723303915545671e-02
1.253500332080567832e-02
1.253380928690721839e-02
1.253750310099619250e-02
1.253628254235326228e-02
1.253130000972442828e-02
1.253482555354152282e-02
1.253635096298220432e-02
1.253811550114978732e-02
1.253738320052888260e-02
1.253454890225208160e-02
1.253447935334889643e-02
1.253531564964085673e-02
1.253145869571697761e-02
1.253700251253557323e-02
1.253702864774103309e-02
1.253390679340474906e-02
1.253584392845447960e-02
1.253412213045932908e-02
1.253704568131320911e-02
1.253315958253041658e-02
1.253633487037261567e-02
1.253344128305129181e-02
1.253712713273578451e-02
1.253704849285030946e-02
1.253636078331676201e-02
1.254006631484960201e-02
1.253606253614954549e-02
1.253518214037322755e-02
1.253616620035366384e-02
1.253537506751020367e-02
1.253592525896723119e-02
1.253576071091997736e-02
1.253467328011810718e-02
1.253748955518409029e-02
1.253505109165991595e-02
1.253746776852867999e-02
1.253599643850801526e-02
1.253652620933661845e-02
1.253651699264230965e-02
1.253405486126977705e-02
1.253491455703618744e-02
1.253592527712667042e-02
1.253633700426178867e-02
1.253570353213932613e-02
1.253630298343293321e-02
1.253544961415510410e-02
1.253261913759916128e-02
1.253391946303700558e-02
1.252941638687579684e-02
1.252973883161618944e-02
1.253193315565068189e-02
1.253210283200711928e-02
1.253929581514360084e-02
1.253910308893777317e-02
1.253780120149572755e-02
1.253632842334055468e-02
1.253707293076955151e-02
1.253861479102364763e-02
1.253758785278797673e-02
1.253773042135107423e-02
1.253614031826710828e-02
1.254068180953424837e-02
1.253751090263280181e-02
1.253589315462723050e-02
1.253689251869809056e-02
1.253434258559251238e-02
1.253734605502218255e-02
1.253717020968984214e-02
1.254333702067467193e-02
1.254292236086070045e-02
1.254092859280276848e-02
1.254108126254170619e-02
1.254001870143889308e-02
1.253705586767841530e-02
1.253607008897173088e-02
1.253768991683436827e-02
1.253902925207980509e-02
1.253890483303877340e-02
1.253885668537093462e-02
1.254247775740700670e-02
1.254375927022608611e-02
1.254019373676531351e-02
1.254000251819074180e-02
1.253476175399773594e-02
1.253300768016229680e-02
1.253793850447655969e-02
1.253320697369063666e-02
1.253556366276404460e-02
1.253632447963338309e-02
1.253829392970993821e-02
1.253918993953816348e-02
1.253991932072022128e-02
1.254064383217481926e-02
1.253587310426845444e-02
1.253630221186303323e-02
1.253207845998098938e-02
1.253842215542668760e-02
1.253655053426691937e-02
1.253286174449174534e-02
1.253621954446317369e-02
1.253774002381432585e-02
1.253733045374012811e-02
1.253704566681675646e-02
1.253547227582435877e-02
1.253159764403375363e-02
1.253459614267823756e-02
1.253440913551222106e-02
1.253893376621809108e-02
1.253619420252062404e-02
1.253910226067627733e-02
1.253639929427923135e-02
1.253823163124582162e-02
1.253571096103561072e-02
1.254035283739518211e-02
1.253802381294705746e-02
1.253907130443332636e-02
1.253613911192118062e-02
1.253792979490854845e-02
1.253682891007883507e-02
1.253722949655937564e-02
1.253605509487368090e-02
1.253500388175110905e-02
1.253884634451679983e-02
1.253672602756937884e-02
1.253761906379699184e-02
1.253893022490890942e-02
1.253784066325310496e-02
1.253814526019295800e-02
1.253366076906017521e-02
1.254031257159626302e-02
1.253899475022702235e-02
1.253988899168797209e-02
1.253743599646551556e-02
1.253620381825921483e-02
1.253816270123597060e-02
1.253713144972054896e-02
1.253567485971613001e-02
1.253568838004758337e-02
1.253347354972465626e-02
1.253496230621108098e-02
1.253739062870349100e-02
1.253548709460254075e-02
1.253559940779821677e-02
1.253672408467175481e-02
1.253744825544929331e-02
1.253363042568903310e-02
1.253671629698279583e-02
1.253786025546396038e-02
1.253841548771389078e-02
1.253991845677724162e-02
1.253982862916515513e-02
1.253371165205849000e-02
1.253297238135697191e-02
1.253397268006252799e-02
1.253247375640512314e-02
1.253339809016673287e-02
1.253718217230332353e-02
1.253759289246304115e-02
1.253739120006782878e-02
1.253902021266517681e-02
1.253725785863381813e-02
1.253580117900602968e-02
1.253342925626600018e-02
1.253649971701240734e-02
1.253382166416936762e-02
1.253150121969033061e-02
1.253254505702978278e-02
1.253471344863148033e-02
1.253382178254218958e-02
1.253446750108342701e-02
1.253517252063486576e-02
1.253403429438761270e-02
1.253296397294504511e-02
1.253164723168474770e-02
1.253322893460550279e-02
1.253308285061422930e-02
1.253361010390862708e-02
1.253563705639080920e-02
1.253930936243612126e-02
1.253980674425651462e-02
1.254112444739423349e-02
1.253728893015387466e-02
1.253207358883513638e-02
1.253218571222106115e-02
1.252950161090475405e-02
1.253080827418552590e-02
1.253158423574047067e-02
1.253389462932077113e-02
1.253807102708168371e-02
1.253649656354443795e-02
1.253779447745232908e-02
1.253971147281439033e-02
1.253735864041066392e-02
1.253756673180008233e-02
1.253405342516207208e-02
1.253722615217850618e-02
1.253561587728023972e-02
1.253439355220348043e-02
1.253845474152080405e-02
1.253621532865249050e-02
1.253846907857828104e-02
1.253636145295735499e-02
1.253538847834086666e-02
1.253783652165398402e-02
1.253384627394241342e-02
1.253727383170660445e-02
1.253877663537119637e-02
1.253998173378012386e-02
1.253637113237917461e-02
1.253938080261826973e-02
1.253843501765162377e-02
1.253890957498609085e-02
1.253883065389865478e-02
1.253778396693300788e-02
1.253863748534722079e-02
1.253878186710365682e-02
1.253711632660769321e-02
1.253628928345410301e-02
1.253268418813546607e-02
1.253328618859955550e-02
1.253299273753016169e-02
1.253617481313718841e-02
1.253919163550418041e-02
1.253846123834793068e-02
1.253829750185951608e-02
1.253856197041380328e-02
1.253478356032297625e-02
1.253319226065546278e-02
1.253036205612915663e-02
1.253333632999250810e-02
1.253234329212583008e-02
1.253279390608721088e-02
1.253612415890122643e-02
1.253306921481881983e-02
1.254248514088055627e-02
1.253669739288372498e-02
1.253787415428856723e-02
1.253866532664812093e-02
1.253456981254318092e-02
1.253598214020424165e-02
1.253660950440712782e-02
1.253429070714180346e-02
1.253401007533916367e-02
1.253438494310037642e-02
1.253648759953127599e-02
1.253625863925234354e-02
1.253756463004434933e-02
1.253686824014025453e-02
1.253609753447152558e-02
1.253561282335691543e-02
1.253429138881999305e-02
1.253440899171961651e-02
1.253510968506460835e-02
1.253741192536129978e-02
1.253803485899371642e-02
1.253553708636826088e-02
1.253337731958611978e-02
1.253736247974326229e-02
1.253523300558851729e-02
1.253976807315165636e-02
1.253472573565792871e-02
1.253474048317809383e-02
1.253249865607643926e-02
1.253455006838301647e-02
1.253548869036285283e-02
1.253869582417858203e-02
1.253732619081849610e-02
1.253758807824299770e-02
1.253708978992256959e-02
1.253514429627377094e-02
1.253682013200636824e-02
1.254031417463549389e-02
1.253645312804687467e-02
1.253632372348661463e-02
1.253709993672162508e-02
1.253700909033525837e-02
1.253716168801973299e-02
1.253705956611033540e-02
1.253707262919712996e-02
1.253691432189386369e-02
1.253810360433642128e-02
1.253643574434558892e-02
1.253661290584221454e-02
1.253433610936791238e-02
1.253823397199765530e-02
1.253869160435562395e-02
1.253812567449722089e-02
1.253624512101296842e-02
1.253480452478148224e-02
1.253899654782002042e-02
1.253620338534152702e-02
1.253548811908612032e-02
1.253600437433537163e-02
1.253545380404346050e-02
1.253786218651829418e-02
1.253865800443748450e-02
1.253844708860606290e-02
1.253694795807097813e-02
1.253902985100813217e-02
1.253532630380519396e-02
1.253681565938216322e-02
1.253644260345780637e-02
1.253534006426203044e-02
1.253612275078670041e-02
1.253648214252284926e-02
1.253752752382035485e-02
1.253740572279818215e-02
1.253672904045039296e-02
1.253930500348177969e-02
1.254106999485264141e-02
1.253734347718968994e-02
1.253607221397932091e-02
1.253618379839489122e-02
1.253399599362272493e-02
1.253451249727887372e-02
1.253685908971818690e-02
1.253701503182693376e-02
1.253837186031897533e-02
1.253556123394727710e-02
1.253391384484388131e-02
1.253799864654915434e-02
1.253558068493895380e-02
1.253567222994378567e-02
1.253484825699596912e-02
1.253544505201770708e-02
1.253543633691294942e-02
1.253611767489432038e-02
1.253783448862494029e-02
1.253390126664205226e-02
1.253401552317076270e-02
1.253860262908427364e-02
1.253758110093153473e-02
1.253880888542130076e-02
1.253518652391304514e-02
1.253687348934915714e-02
1.253706721573181852e-02
1.254085358827931179e-02
1.253639207045414809e-02
1.253730952309055693e-02
1.253805158771438902e-02
1.253876188428980874e-02
1.253746474601183207e-02
1.253808990063896497e-02
1.253677818454243705e-02
1.253610636684760436e-02
1.253305280073663264e-02
1.253431751929743806e-02
1.253631008599194463e-02
1.253537307714718343e-02
1.253613945373387682e-02
1.253546410447828330e-02
1.253843390671852652e-02
1.253703577943798483e-02
1.253633194136971954e-02
1.253698539623988341e-02
1.253507620897626428e-02
1.253115778831778368e-02
1.253702347413274826e-02
1.253769884882345934e-02
1.253893100996234487e-02
1.253583169405242219e-02
1.253723059067241019e-02
1.253627460203135015e-02
1.253608366191708012e-02
1.253767870655850269e-02
1.253722092266736782e-02
1.253470254624846833e-02
1.253535679056812409e-02
1.253562720504086160e-02
1.253517246440425705e-02
1.253715458328444159e-02
1.253565750150499071e-02
1.253728760623763934e-02
1.253532126467567578e-02
1.253674939462525763e-02
1.253597364550571372e-02
1.253678433290341017e-02
1.253424456635230874e-02
1.253878308203415157e-02
1.253554127995231207e-02
1.253846968085708252e-02
1.253476058247019603e-02
1.253521406951134225e-02
1.253715828690546430e-02
1.253890437602960158e-02
1.253378133632266321e-02
1.253657458856541167e-02
1.253615327417363125e-02
1.253619501709150354e-02
1.253500940394294653e-02
1.253511114715325295e-02
1.253653505153591238e-02
1.253753360627365976e-02
1.253483294019639219e-02
1.253764271204565843e-02
1.253574191180580229e-02
1.253652899589612069e-02
1.253687725853345689e-02
1.253833726538583666e-02
1.253844645570833388e-02
1.253479311087746240e-02
1.253784786598481464e-02
1.253319179587717574e-02
1.253426651337351261e-02
1.253744846153499737e-02
1.253582112493389564e-02
1.254019079641181811e-02
1.253592605396592133e-02
1.253785596230353599e-02
1.253563091888136236e-02
1.253833305136377654e-02
1.253751701007598494e-02
1.253571393244380661e-02
1.253519457914342543e-02
1.253600810259910235e-02
1.253647382149293034e-02
1.254033330032427659e-02
1.253674074383313332e-02
1.253869945070630598e-02
1.253764311788910756e-02
1.253690165189241812e-02
1.253555078362000863e-02
1.253883751929494965e-02
1.253518160889486276e-02
1.253659378123390088e-02
1.253598096761040191e-02
1.253641291886057642e-02
1.253498797254788862e-02
1.253505191894719456e-02
1.253661747130595944e-02
1.253625622424746344e-02
1.253525209780931293e-02
1.253631118113143240e-02
1.253851754327231331e-02
1.253517369565764102e-02
1.253557677024490571e-02
1.253404953449411240e-02
1.253315844140185167e-02
1.253605929785122676e-02
1.253644795447785704e-02
1.253473206860266330e-02
1.253860761443397094e-02
1.253779454984933414e-02
1.253663980244292160e-02
1.253791110713236602e-02
1.253389422468935595e-02
1.253540179915996026e-02
1.253400406961940189e-02
1.253434745417777302e-02
1.253285775809048069e-02
1.253741164192481369e-02
1.253671910327675346e-02
1.254000503717982856e-02
1.253956272046575018e-02
1.254063070891014986e-02
1.253971908286366510e-02
1.253721897933700834e-02
1.253465188538125004e-02
1.253560034356949147e-02
1.253598429809891016e-02
1.253646964575143817e-02
1.253777203172883221e-02
1.253953678340955641e-02
1.253743450639203602e-02
1.253837500365179158e-02
1.253584367269907143e-02
1.253639022670706600e-02
1.253547655325650510e-02
1.253585703241841438e-02
1.253878798256101088e-02
1.253856499836103651e-02
1.253749465721781461e-02
1.254100201783612048e-02
1.253729616880173633e-02
1.253920700519016614e-02
1.253746948522706760e-02
1.253608203679880233e-02
1.253572249209555442e-02
1.253304907589327701e-02
1.253133526588073691e-02
1.253237426943959454e-02
1.253191902753168947e-02
1.253595150182956926e-02
1.253584788700353586e-02
1.253721210108326399e-02
1.253779295491081261e-02
1.253683047319428638e-02
1.253838533835738463e-02
1.255400755742787713e-02
1.261295746752858458e-02
1.265555477575828862e-02
1.266663429673931147e-02
1.264581610488944678e-02
1.258087013010993765e-02
1.250677199212732807e-02
1.246659194188067497e-02
1.243184228853346993e-02
1.236121252734786145e-02
1.228654529014500639e-02
1.221882144721615771e-02
1.221425796515621283e-02
1.228991657652479114e-02
1.241148173446549388e-02
1.253131565600156851e-02
1.258594304573528409e-02
1.257930818011430973e-02
1.251530331283216488e-02
1.239133144228914130e-02
1.229940844229667624e-02
1.223748509427409308e-02
1.222395353069899611e-02
1.221300370742049897e-02
1.222025371258859960e-02
1.225268501964276932e-02
1.228645653513411699e-02
1.229985624156964934e-02
1.224542167433242956e-02
1.217662876206620365e-02
1.207729786641410785e-02
1.186312268154469073e-02
1.156903363261458165e-02
1.122339865168030769e-02
1.084897056512677295e-02
1.050017124407520708e-02
1.016467856770513281e-02
9.747145438950558655e-03
9.181209686115231541e-03
8.509789416976609733e-03
7.769932986970664278e-03
7.000987086490288204e-03
6.246604145502618853e-03
5.482207844955992553e-03
4.787253368215389597e-03
4.102759959770990207e-03
3.656912034013889805e-03
3.471107278645870018e-03
3.555720792710780759e-03
3.657942755877741873e-03
3.683128200162348424e-03
3.647436690065273580e-03
3.594476676560756298e-03
3.553085104968883075e-03
3.517306544074175027e-03
3.459448393608229727e-03
3.447719425098336871e-03
3.480403156240339645e-03
3.563014411181933752e-03
3.673481931696345650e-03
3.752202767627340219e-03
3.760498250667087053e-03
3.731679175765341850e-03
3.636272523705612152e-03
3.451879416066399794e-03
3.311515382053182611e-03
3.099190914470191776e-03
2.862431336836255853e-03
2.596760168345336409e-03
2.343429653789552616e-03
2.071060587015345188e-03
1.749222581140279708e-03
1.369586267631483925e-03
9.893259845130172175e-04
5.490046670912547035e-04
9.232920518982685695e-05
4.082129162131351192e-04
9.070439907317516927e-04
1.398595684004397700e-03
1.907550615692760708e-03
2.374520523367405159e-03
2.857985822643066900e-03
3.287073836635790759e-03
3.694789735562194460e-03
4.070795759476823761e-03
4.399052548747538378e-03
4.685269122474080943e-03
4.930330252536611543e-03
5.115021541934035819e-03
5.265422525107785884e-03
5.413422909271485561e-03
5.511657758155387096e-03
5.591952159370192250e-03
5.632274699596775958e-03
5.626448900421946245e-03
5.582274794117927583e-03
5.517857895565691194e-03
5.319236791692960077e-03
5.115214202847003823e-03
4.874521487283192678e-03
4.628754443041991663e-03
4.348483166995812353e-03
3.982841628829524895e-03
3.638471866309574750e-03
3.242132176433530546e-03
2.853366018769956051e-03
2.434215137230024643e-03
2.060693905929486102e-03
1.679489090508694228e-03
1.330938588541018264e-03
9.888043683553106918e-04
7.322527928686335631e-04
5.695147919490483549e-04
7.772581261725262751e-04
1.115406499265783440e-03
1.480055736387226890e-03
1.806133924370806375e-03
2.108616607024343340e-03
2.344479798585598698e-03
2.587633874933583256e-03
2.805972927537420027e-03
2.950365848362130478e-03
3.059227295583275604e-03
3.169445491469442735e-03
3.233932465452600200e-03
3.236885866594710164e-03
3.210760003965029263e-03
3.168257793346380621e-03
2.982201617087911448e-03
2.745081967989381703e-03
2.488785800186201890e-03
2.211874796390094454e-03
1.896167368623467506e-03
1.401056869356113056e-03
1.018355848049824677e-03
6.644369105305411756e-04
3.451892639036221858e-04
1.337437538867812048e-04
2.127532583900037166e-04
3.256924322543127315e-04
4.155381547808337304e-04
5.080316095903688938e-04
5.290636460585083130e-04
5.213533219020256588e-04
5.084449517403331767e-04
4.982636188010528076e-04
5.048020746859598323e-04
4.937105844385877634e-04
4.852781811575771777e-04
4.995093336639576604e-04
4.917744789548849195e-04
4.729419082218167610e-04
4.456769017023502581e-04
4.222465784029862958e-04
4.048508354450122714e-04
3.907596885870075806e-04
3.826100606577118968e-04
3.778108329155189073e-04
3.728307245704024766e-04
3.663029177066060645e-04
3.677343382356452074e-04
3.757357815853600513e-04
3.949237197828784685e-04
4.117650301738056458e-04
4.214808220032558914e-04
4.242150908818421756e-04
4.250856837398608043e-04
4.205487469374493640e-04
4.189670212236235145e-04
4.122580656561381689e-04
4.074396941213899231e-04
4.025520383068093076e-04
4.049963184170180365e-04
4.118896578998815726e-04
4.121740296809915118e-04
4.152957087054086902e-04
4.224578100089130769e-04
4.307589171413179130e-04
4.399657248601499915e-04
4.560413610940649881e-04
4.684544765471854318e-04
4.727121717700059574e-04
4.644518203380030414e-04
4.507631379737532659e-04
4.317128517960627777e-04
4.126890457776613845e-04
3.954849910540083192e-04
3.807416412024787326e-04
3.602586731696031416e-04
3.377043875923624794e-04
3.074315697526425173e-04
2.784563729142501033e-04
2.575808002940012994e-04
2.453434266175513702e-04
2.373931637087381571e-04
2.265457064431702992e-04
2.192066374570280827e-04
2.237296165554356249e-04
2.469761708921991428e-04
2.776326315892949028e-04
3.307829094728327699e-04
3.976058083563485321e-04
4.521145498165660159e-04
5.069526229818726529e-04
5.612827795900283533e-04
5.842790813899704410e-04
5.953850549876172488e-04
6.150666631667342510e-04
6.438288574274735748e-04
7.164422628238625770e-04
8.028693627155173438e-04
9.323281960209813023e-04
1.065670155613140111e-03
1.228683118176749148e-03
1.361489658623905212e-03
1.496303151287275068e-03
1.598746052860678139e-03
1.719206258350930742e-03
1.811284416284720698e-03
1.928497805360967305e-03
2.014875886931648957e-03
2.117209948229803809e-03
2.177874101893055407e-03
2.262567886210373799e-03
2.324627954461149990e-03
2.408075167491880147e-03
2.479248563766417099e-03
2.535772029085189058e-03
2.623503700302679247e-03
2.690899062461927626e-03
2.801135986650175793e-03
2.932701535423602388e-03
3.051030073949188934e-03
3.170998555431582631e-03
3.222584713232245091e-03
3.255461039768252351e-03
3.269140078329081742e-03
3.259224896529983734e-03
3.253255561633055203e-03
3.291126219670344969e-03
3.353308218366339057e-03
3.422037403631809135e-03
3.527358370104922373e-03
3.630555562296474727e-03
3.683284808137389250e-03
3.700569589576827370e-03
3.702864642141360640e-03
3.700965069062079910e-03
3.689844227314973985e-03
3.677371121781222718e-03
3.663110185801852440e-03
3.652222396579792984e-03
3.634291627206274328e-03
3.623923585794108348e-03
3.609314731147407994e-03
3.602727360870280719e-03
3.591938379379570976e-03
3.584437899698147793e-03
3.576705415197290079e-03
3.570636321185742361e-03
3.567231650981012719e-03
3.558563143546974051e-03
3.533001169811825649e-03
3.504600102351236503e-03
3.464190840308881310e-03
3.419632988278392422e-03
3.385291914876133526e-03
3.360163290364977500e-03
3.313355627536435609e-03
3.261011128459122971e-03
3.211265288859193115e-03
3.110956726698209645e-03
3.002220115658682607e-03
2.868075125747300905e-03
2.707063382428534590e-03
2.502823616242934660e-03
2.301128270846822775e-03
2.106936713531231287e-03
1.968876609889315746e-03
1.755666411120667151e-03
1.602012810522371105e-03
1.439169723683129823e-03
1.167108609382907234e-03
8.668451203874195281e-04
5.685159382936785539e-04
2.658003439840371193e-04
5.204657723547415082e-05
3.790351181637303794e-04
6.613557254054318758e-04
9.429473106811345423e-04
1.260141912822005479e-03
1.562897725742878061e-03
1.857541707869191311e-03
2.148121339242228724e-03
2.428828294195160484e-03
2.690088555051133295e-03
2.988872734777962056e-03
3.161391958263057821e-03
3.283770645629582874e-03
3.323736982129753270e-03
3.324489027826058648e-03
3.322602670515918850e-03
3.331734227859208756e-03
3.340548480127002434e-03
3.352013972893143692e-03
3.366922133396549072e-03
3.365672315105396311e-03
3.362763880802800871e-03
3.357208100556324532e-03
3.349334054541071130e-03
3.345303702151176603e-03
3.337503084535790171e-03
3.339032452852074007e-03
3.345640512376648473e-03
3.343688650538782607e-03
3.348899851329264262e-03
3.359227111430193851e-03
3.373762674668465394e-03
3.384123962840014915e-03
3.390072550878678662e-03
3.395737887893265656e-03
3.395245176219514535e-03
3.390917381954989575e-03
3.387980915789591367e-03
3.383874578086710268e-03
3.375904028512243232e-03
3.365969892805984430e-03
3.362834595360361147e-03
3.361739728582054804e-03
3.357786019853767259e-03
3.361969693247622310e-03
3.350320355399741268e-03
3.350020412101836157e-03
3.324397240492327644e-03
3.311299437349933365e-03
3.301313138264502442e-03
3.306228712162976192e-03
3.307123337994411893e-03
3.312106905146985567e-03
3.318947396450412472e-03
3.326885955904622730e-03
3.334236519165230308e-03
3.341696657109409756e-03
3.348342344966902945e-03
3.354186267467521541e-03
3.353527458994018818e-03
3.355096545078109071e-03
3.358536176103578408e-03
3.356489254051016162e-03
3.329897360552390093e-03
3.264612353965017956e-03
3.206601821331415102e-03
3.142944096155572600e-03
3.061663881160892140e-03
2.999807750503459460e-03
2.955471066121998381e-03
2.869196424296628720e-03
2.799493001307527124e-03
2.705281748719117006e-03
2.575375299758039544e-03
2.414215322788617821e-03
2.231019929364948164e-03
1.980762398768394668e-03
1.697357367550696942e-03
1.406376990373105120e-03
1.071288551903450126e-03
8.216651627287757274e-04
5.845953133245941711e-04
4.237951794267820027e-04
4.727421444271773655e-04
6.912744854004237082e-04
9.938705907635086382e-04
1.343254287264146170e-03
1.705878359036120144e-03
2.090736001078405751e-03
2.487856949083203182e-03
2.907586222554732654e-03
3.306817767005606253e-03
3.755872849375700359e-03
4.261238780390816730e-03
4.633285059308806138e-03
5.014766219898264023e-03
5.333418784803520274e-03
5.686646874682111524e-03
5.979918285214577515e-03
6.280514835707472036e-03
6.551523300948049536e-03
6.812324036920180265e-03
7.096653995369829604e-03
7.346021074024297430e-03
7.563144523401963207e-03
7.738462670825976136e-03
7.876004289310350667e-03
7.992998748924912827e-03
8.099887078109170233e-03
8.191200839252364696e-03
8.256609033147351007e-03
8.300368175092187953e-03
8.299498091050162840e-03
8.229661490161323950e-03
8.191656747698986343e-03
8.121679311457852268e-03
7.971208231963448909e-03
7.602444997104342538e-03
7.363449808232208800e-03
7.086150387134887776e-03
6.750230177196817408e-03
6.325243678149808368e-03
5.852023470086602057e-03
5.341997992538140456e-03
4.812807057526911729e-03
4.356266924784172982e-03
4.080054232290585697e-03
3.948467170556261598e-03
3.889502253809128639e-03
3.852927300633523199e-03
3.837740188044000151e-03
3.818247008417708678e-03
3.798962431143058666e-03
3.827260273628672101e-03
3.858715526844376260e-03
3.892886695773552837e-03
3.959457573429864784e-03
4.029990107909667968e-03
4.096142459108528637e-03
4.197512782669285750e-03
4.273376752610729551e-03
4.348264077425935577e-03
4.425108804139004162e-03
4.469531502482265543e-03
4.518424847460874964e-03
4.551692093962132757e-03
4.578188148092442351e-03
4.611982098670833370e-03
4.638531934039860638e-03
4.648136844563290591e-03
4.645776916317147058e-03
4.643691089587054059e-03
4.639609208687513718e-03
4.637640337881326381e-03
4.633112451538187043e-03
4.629371224604582509e-03
4.625668281119483909e-03
4.622053433850620459e-03
4.623498974752998994e-03
4.621043838579125436e-03
4.621039165443879479e-03
4.626325018931234760e-03
4.632554456492007922e-03
4.638067572007853467e-03
4.637899605208273268e-03
4.636849764215328351e-03
4.639029881473517684e-03
4.643041581553274816e-03
4.642152731827654116e-03
4.608920459481986170e-03
4.609366527092289244e-03
4.732950881795706423e-03
4.866420204686958129e-03
5.052203618111929598e-03
5.269998379338890725e-03
5.526857999563894799e-03
5.812254037630683497e-03
6.074998429767752492e-03
6.321677197655941466e-03
6.547932601941830813e-03
6.758554379915629289e-03
6.948017765430907801e-03
7.168974817685225785e-03
7.409591115591310923e-03
7.679156532260874614e-03
7.972478979304397848e-03
8.285297925070362821e-03
8.620649559497766887e-03
8.906603204264377030e-03
9.197500951721566953e-03
9.459503162905835705e-03
9.613672200022472733e-03
9.644325537219514133e-03
9.637527731413004714e-03
9.636631429585549094e-03
9.648508589017683670e-03
9.662745568036147994e-03
9.677194069999929538e-03
9.702297310679149425e-03
9.707755545532149172e-03
9.661180718900128778e-03
9.585554190703504673e-03
9.496751223685826263e-03
9.363337146086265703e-03
9.171279276040104900e-03
8.922174615104867812e-03
8.665170020113419427e-03
8.379922890115885231e-03
8.088024398844175650e-03
7.812537990902281709e-03
7.588672942193929946e-03
7.364815169932069534e-03
7.143719681926634715e-03
6.951547708747808467e-03
6.822674538985063104e-03
6.762216405425001443e-03
6.749075268013785857e-03
6.738358260469362940e-03
6.731399826281015721e-03
6.714955815348840409e-03
6.700645281391155034e-03
6.689568668454900710e-03
6.667656964738854011e-03
6.638888374824474317e-03
6.615894881210935587e-03
6.604009436062869068e-03
6.602160292583400363e-03
6.600184374217729112e-03
6.596919715590660212e-03
6.594678002300910849e-03
6.578698129347284630e-03
6.576468803493548849e-03
6.567329216858577325e-03
6.570853379569739118e-03
6.576260176018562144e-03
6.563868702344551054e-03
6.549405378757564705e-03
6.540129970489822614e-03
6.534314483071257743e-03
6.527285747693792155e-03
6.531647262146358240e-03
6.536322180655760108e-03
6.544090560045176704e-03
6.564733242544368817e-03
6.599695979509575053e-03
6.625695964860916012e-03
6.636604177202169545e-03
6.643858399828145300e-03
6.659697724410218456e-03
6.677457472584400790e-03
6.686429973625427486e-03
6.681862277416229963e-03
6.679574669466802062e-03
6.673898485287003447e-03
6.672777460759764072e-03
6.678081242042626167e-03
6.683860768306606505e-03
6.685042147519974082e-03
6.685440920770323661e-03
6.683754018725069322e-03
6.688187335667949984e-03
6.689123461327408510e-03
6.689427323287242856e-03
6.682182596267838975e-03
6.679472363613382126e-03
6.675083712028850001e-03
6.662699956625980045e-03
6.652662579788372853e-03
6.640246533762645884e-03
6.633904378010793169e-03
6.628150057896325942e-03
6.627613474351308313e-03
6.631793933623991895e-03
6.643941301449482126e-03
6.695283266263085155e-03
6.819172667986386771e-03
6.891967152821951853e-03
6.907837822224489020e-03
6.860363380427202291e-03
6.823377841278191469e-03
6.861510576935416460e-03
7.013475104962860369e-03
7.215884056070141252e-03
7.278478434270476034e-03
7.229542297272155069e-03
7.109357292346738140e-03
6.990684751141752577e-03
6.937149408117868586e-03
6.926394847133181092e-03
6.946545245377524005e-03
6.963102540417920143e-03
6.958700596981443401e-03
6.978153669082780459e-03
6.949147750769914256e-03
6.922833872525686015e-03
6.925954052983731776e-03
6.942154425346128838e-03
6.984786419978837070e-03
7.026554874377857404e-03
7.045591781550335220e-03
7.082425308686715777e-03
7.130197772431254820e-03
7.149308583577121574e-03
7.197269091110062265e-03
7.263031346571133424e-03
7.348257166392419340e-03
7.482837309191568177e-03
7.596409593930385055e-03
7.731588079711576925e-03
7.847081870900036657e-03
7.921791707406254310e-03
7.978267956100586547e-03
7.999952156265054126e-03
7.993371623066274773e-03
7.985759271294112435e-03
7.983689412492767784e-03
7.976791579112636754e-03
7.960765284262037375e-03
7.946052404272435296e-03
7.931957633593895995e-03
7.923132188661695038e-03
7.912489317894044402e-03
7.896470865294921704e-03
7.872373115265559468e-03
7.866881659831520199e-03
7.873571903218074333e-03
7.899747873011238319e-03
7.934230073650926085e-03
7.948259302731006115e-03
7.956851787715105845e-03
7.963544070355524709e-03
7.974154097265467173e-03
8.002377080391271519e-03
8.025946570488004875e-03
8.037277101675706706e-03
8.044101951475474480e-03
8.046521008187297250e-03
8.055814448059346253e-03
8.066966303111822167e-03
8.079353525163477864e-03
8.079268593142051660e-03
8.072803670668810341e-03
8.072569482811625674e-03
8.072361201790429971e-03
8.078374935915155416e-03
8.078619732492537536e-03
8.083583992449202768e-03
8.088232369054855139e-03
8.091111621316945599e-03
8.094009493078755876e-03
8.093758465428086205e-03
8.089874833671031884e-03
8.087780979786702434e-03
8.085062401305857099e-03
8.086260574579708094e-03
8.083817034910898910e-03
8.086240426609067264e-03
8.089509610455791755e-03
8.087925580840369874e-03
8.090726503590299143e-03
8.088269884062049622e-03
8.089520034203564677e-03
8.083474111789661076e-03
8.083982782068638989e-03
8.088450390101600829e-03
8.087252643391105653e-03
8.081222355685693456e-03
8.082368249014305200e-03
8.085281587107744083e-03
8.082922574445068967e-03
8.085180508373038949e-03
8.085051354318577299e-03
8.086230404025543730e-03
8.080820747438363649e-03
8.085019689758162625e-03
8.082986108731341976e-03
8.082681303152459279e-03
8.083448155377526839e-03
8.083210000908188850e-03
8.083069973433273242e-03
8.086397841172140999e-03
8.084524178466849856e-03
8.088087653081514963e-03
8.082992081465751461e-03
8.082982333817771009e-03
8.081655940391249335e-03
8.083432523572088232e-03
8.081808524972299360e-03
8.083726934556766455e-03
8.080789132848565162e-03
8.081934760290713018e-03
8.084063872378604090e-03
8.083417595698610958e-03
8.083947569126580246e-03
8.082367783651241144e-03
8.082492510255090065e-03
8.081844646403178734e-03
8.084968050278397433e-03
8.084031397475505837e-03
8.082205653305389245e-03
8.083308779170701036e-03
8.085001049282383376e-03
8.082071478282527865e-03
8.085834598407086113e-03
8.086349301142744042e-03
8.083225174197801455e-03
8.080755040369176981e-03
8.080507700507322949e-03
8.079351374059776450e-03
8.083246485324132105e-03
8.085183243483839988e-03
8.083510400691764838e-03
8.085330950191626717e-03
8.084959445990915275e-03
8.089236540506854201e-03
8.085210871378449224e-03
8.081589242695691802e-03
8.081376238398408143e-03
8.074000814178730959e-03
8.078086544566761423e-03
8.082154423671791474e-03
8.086523573303059514e-03
8.091248877241911594e-03
8.088138830119254510e-03
8.088719153889386768e-03
8.084401852009591091e-03
8.082161009592124870e-03
8.081099291518602235e-03
8.080777674544096720e-03
8.080548391089934640e-03
8.083556401449473044e-03
8.082144739036390552e-03
8.084349092841260076e-03
8.085973518126197968e-03
8.083955953856143684e-03
8.087872415488897918e-03
8.081925263227270062e-03
8.086026828222302870e-03
8.083953123580992287e-03
8.081212605549054420e-03
8.081373503711096473e-03
8.082037244601901482e-03
8.084307678260115385e-03
8.082316005517932445e-03
8.082095949708522839e-03
8.084638452613130896e-03
8.087607839205418828e-03
8.086555553494405302e-03
8.089691448243773245e-03
8.083277203876637618e-03
8.083856425926898293e-03
8.082658032795118561e-03
8.078878991032066581e-03
8.077633529037059681e-03
8.078615322775100846e-03
8.077001544689625320e-03
8.081402805765086281e-03
8.084073021163401540e-03
8.084617081080082424e-03
8.083959874162915601e-03
8.083888682429842681e-03
8.080426383392069756e-03
8.082670861880416127e-03
8.080896763465024446e-03
8.078271563888558826e-03
8.080781887882443337e-03
8.076443398673718160e-03
8.081721870881134612e-03
8.083846355527900956e-03
8.084274666809974225e-03
8.088275878028393720e-03
8.088515724988986494e-03
8.085007513600705326e-03
8.085075664420918184e-03
8.082980279540697907e-03
8.082903691889057121e-03
8.083443711075687099e-03
8.082830832404856031e-03
8.085698924680469885e-03
8.085512571111912530e-03
8.086644285199850318e-03
8.086849776940832971e-03
8.084927654161093782e-03
8.084290555341345011e-03
8.081891273003453946e-03
8.080153459687931458e-03
8.082665956903925183e-03
8.084992002446550821e-03
8.083759800497729991e-03
8.086111010759129691e-03
8.082659061803602885e-03
8.083470926875184828e-03
8.086879636488488593e-03
8.082444030826075460e-03
8.083132121478604770e-03
8.085023539925517699e-03
8.082693464565155611e-03
8.082761434896312477e-03
8.087525769473379034e-03
8.084106543872496276e-03
8.084121258263328794e-03
8.083317211172488803e-03
8.082354295453949428e-03
8.082325435884286577e-03
8.083924781781401045e-03
8.085678707211425495e-03
8.087195354665153296e-03
8.080645937059597467e-03
8.079931388193371811e-03
8.084711110568042203e-03
8.082055099407297813e-03
8.081834270565538270e-03
8.082278386433281239e-03
8.085662772337728899e-03
8.081714418474094178e-03
8.080761142788136023e-03
8.082458865700631670e-03
8.082615203174116011e-03
8.084960911079307894e-03
8.083626102232158508e-03
8.081656231284603878e-03
8.085345302530808423e-03
8.081242278684041755e-03
8.082670136142944273e-03
8.082479533887349313e-03
8.084410623497047602e-03
8.082768200570394218e-03
8.082844149405750411e-03
8.080594617153899137e-03
8.083965329373162673e-03
8.082377572714486910e-03
8.077828361024321988e-03
8.083811258542855302e-03
8.084024774169426900e-03
8.080974415117731305e-03
8.079693138165311428e-03
8.082803962141296705e-03
8.084333962917106264e-03
8.083676019438981383e-03
8.083937753464904424e-03
8.084032357805139360e-03
8.083040957928588552e-03
8.084361283101307999e-03
8.085083596912834986e-03
8.081926026711884134e-03
8.083006486080422659e-03
8.083873213914634370e-03
8.083452017341528906e-03
8.085695849935783594e-03
8.081780211151509685e-03
8.083066672988371490e-03
8.079553448733817200e-03
8.082704484115700236e-03
8.084191301785205452e-03
8.083054911403044288e-03
8.081883345276746206e-03
8.079989372246389190e-03
8.080474060319349158e-03
8.083669587077740512e-03
8.084225636563992928e-03
8.082930518586323512e-03
8.080611993385946115e-03
8.081404086911572054e-03
8.083143308281874953e-03
8.084254654903186288e-03
8.082501986913518538e-03
8.083528149092491372e-03
8.081458627165163250e-03
8.082522494928915530e-03
8.083815497910634001e-03
8.085984436528977082e-03
8.079842519918991814e-03
8.080272296747591232e-03
8.080567956137775162e-03
8.084757251317577567e-03
8.085437942085401883e-03
8.085139836203755412e-03
8.082496316878446871e-03
8.083062227638706729e-03
8.082026643091372656e-03
8.087265964776135449e-03
8.080716814258736766e-03
8.080350689840977776e-03
8.083624751149333029e-03
8.083182887419593926e-03
8.085130852626165252e-03
8.085495532607159599e-03
8.084983311828282393e-03
8.081875526173374485e-03
8.081146310072619479e-03
8.086526275881992729e-03
8.081035988358636554e-03
8.083489403083135572e-03
8.080113030870510887e-03
8.081845048105862003e-03
8.085194465627512650e-03
8.085011080085104801e-03
8.084323654741499762e-03
8.083048048609793937e-03
8.082600015216210784e-03
8.082821575423903421e-03
8.081548318755545426e-03
8.084491104081877738e-03
8.081814609071423169e-03
8.080432918714434629e-03
8.080352882690823926e-03
8.082102130509227420e-03
8.084252719714999508e-03
8.083018376801113722e-03
8.083161112838717702e-03
8.081240353979239968e-03
8.082887749158822188e-03
8.083970300396734615e-03
8.084317231650180527e-03
8.084296513693229810e-03
8.082415480769671381e-03
8.082367245429565583e-03
8.083321063845815002e-03
8.085384983124084893e-03
8.085244607122645671e-03
8.082231931326932725e-03
8.080228929731234772e-03
8.081052929308468746e-03
8.083318284895816067e-03
8.084139520697001743e-03
8.083184684848053470e-03
8.079335224250531328e-03
8.080130178686353512e-03
8.083139546037104023e-03
8.085466297117522780e-03
8.085734141947367726e-03
8.082167960382946256e-03
8.084476570935490020e-03
8.081141850270284754e-03
8.083280724867088207e-03
8.083065803017425513e-03
8.082344795816837763e-03
8.079298571628940745e-03
8.080781183450330002e-03
8.084108924670638241e-03
8.082067032773551304e-03
8.082069138586209234e-03
8.084023080653257587e-03
8.081565033254765884e-03
8.085470422325859163e-03
8.083625898447138400e-03
8.081162198267132987e-03
8.083551343447209492e-03
8.081356207701017452e-03
8.082978639055051276e-03
8.081682825549918112e-03
8.086198104039116902e-03
8.081719667731822321e-03
8.081700174662477879e-03
8.080280227128226397e-03
8.084937130774984965e-03
8.086201344679137121e-03
8.084863933812261316e-03
8.082364591389813724e-03
8.081677107059625706e-03
8.082312374988590009e-03
8.079813031733993831e-03
8.083313318421304905e-03
8.085234900425444446e-03
8.082345148022184247e-03
8.082534170485976624e-03
8.082861265638955489e-03
8.082897867497329525e-03
8.082981802362927334e-03
8.080624061611623582e-03
8.083360764645067253e-03
8.081831418056673738e-03
8.083758611009341996e-03
8.083193098377744121e-03
8.082961209104861516e-03
8.078568396674916385e-03
8.078663149655631454e-03
8.080020252835310238e-03
8.083121749662648334e-03
8.081041099083400084e-03
8.083006483952138999e-03
8.079870719463502077e-03
8.083070964110150580e-03
8.083636042807316666e-03
8.085893225233795403e-03
8.084058151673147868e-03
8.081367980933340522e-03
8.082385164973010169e-03
8.086682335696449356e-03
8.085069329161038987e-03
8.083900676838817398e-03
8.080610032048039792e-03
8.082354035278634108e-03
8.082872403060796171e-03
8.084042257403802750e-03
8.084728946731491173e-03
8.081498591783101149e-03
8.082028102701400984e-03
8.083378640829991940e-03
8.084647423225394328e-03
8.083255882148513219e-03
8.081648562700124647e-03
8.084851416046189357e-03
8.084630575662065527e-03
8.085901715509054288e-03
8.084142861620440684e-03
8.083266200128438536e-03
8.079084588154348406e-03
8.080014077208723736e-03
8.078194370661350918e-03
8.079127006117388030e-03
8.082814667291098043e-03
8.086875029450222088e-03
8.082084791941425428e-03
8.084345440721141599e-03
8.085723061967210398e-03
8.087006899931617823e-03
8.081281360289032170e-03
8.083404928872430992e-03
8.080621893744695944e-03
8.081129644330794712e-03
8.080674663457387483e-03
8.081731221295499271e-03
8.084801726423602661e-03
8.083977819569567597e-03
8.083523447448694860e-03
8.082672806794647530e-03
8.085104062460209823e-03
8.084336232282090390e-03
8.081816079286253257e-03
8.080628431610625134e-03
8.083155803444383794e-03
8.082979151322085623e-03
8.081329954092110815e-03
8.084893512984716452e-03
8.082227446155157077e-03
8.081149928119582201e-03
8.086527062105908562e-03
8.084782848218433418e-03
8.082119985427597617e-03
8.083946369388020012e-03
8.081686940548367740e-03
8.079112825930082412e-03
8.084382958864514898e-03
8.084935538814994049e-03
8.084177312849511604e-03
8.084237227669783393e-03
8.081499768891721794e-03
8.083583467214768697e-03
8.083461902417760428e-03
8.079092439928655528e-03
8.081919139757021836e-03
8.082282762791269046e-03
8.082424266829122544e-03
8.082865902419737736e-03
8.083856031233464107e-03
8.081534661442147174e-03
8.085018949494404347e-03
8.082061707514369767e-03
8.083130765983534416e-03
8.080876633670392925e-03
8.080514837694875718e-03
8.076898182974101906e-03
8.082460817498887673e-03
8.083140078569431286e-03
8.085089635558095900e-03
8.079477791673015177e-03
8.082649060797924764e-03
8.081338991244940706e-03
8.080774379069840391e-03
8.084225882451584466e-03
8.082609217012880903e-03
8.080858324137355636e-03
8.082543046937271103e-03
8.082161599088595605e-03
8.085845434940754778e-03
8.082963292877868092e-03
8.086278063380410858e-03
8.080589577236733240e-03
8.083082464072900014e-03
8.083629576834255870e-03
8.085342401118543465e-03
8.084030736153512142e-03
8.082622024796164498e-03
8.081394405780732357e-03
8.079754682730521179e-03
8.082355021349730412e-03
8.079053167548807396e-03
8.074852293825074065e-03
8.077022764171180869e-03
8.077366806924937345e-03
8.087156141036494841e-03
8.083147259713022517e-03
8.087869034719393294e-03
8.088912805024368533e-03
8.088793368432245154e-03
8.084416994081102675e-03
8.082914155471167261e-03
8.079649658749342780e-03
8.081869853473517759e-03
8.078341441370182757e-03
8.081615176791906094e-03
8.079683707765152739e-03
8.083362754206744119e-03
8.082536814854247853e-03
8.079084608811491069e-03
8.079178683392624835e-03
8.078886465326949248e-03
8.080277710379526329e-03
8.080611377758738917e-03
8.076270198074895004e-03
8.077900321578670648e-03
8.082389479527286522e-03
8.085043489976576764e-03
8.091863071333159352e-03
8.087979034036107615e-03
8.085981930524122063e-03
8.082540360036780808e-03
8.081509703075806517e-03
8.079201833478899877e-03
8.079101179072619571e-03
8.074638749035571716e-03
8.076557946264367044e-03
8.083770464068168113e-03
8.085530952564864288e-03
8.088413974120052877e-03
8.087271714884188348e-03
8.084916290599337280e-03
8.082738282115031758e-03
8.083759949780975479e-03
8.085447244108135562e-03
8.085498502875718488e-03
8.080604521951527050e-03
8.082037924756908451e-03
8.083654188541440286e-03
8.086440356052302519e-03
8.083882975132549928e-03
8.083026550224638521e-03
8.081709106325156433e-03
8.082300267763777024e-03
8.080667064169308467e-03
8.082563470200521821e-03
8.083482582154606980e-03
8.081418392695645034e-03
8.082638306822952090e-03
8.085596051874316056e-03
8.087477587575489166e-03
8.085495266659093946e-03
8.081906692447618154e-03
8.083397852162539296e-03
8.083365366259625401e-03
8.084092160370986643e-03
8.083228480330021878e-03
8.080739591421049264e-03
8.080056932762839580e-03
8.084575836241007091e-03
8.085611084503577239e-03
8.086563298398180902e-03
8.090314791785523790e-03
8.089160494915252630e-03
8.086386660796732531e-03
8.081790278126244412e-03
8.074385699852953263e-03
8.066520809990616880e-03
8.056631724087819080e-03
8.061343846857102133e-03
8.075501228798099077e-03
8.082711196325861186e-03
8.102320432921174265e-03
8.112162851347007667e-03
8.100920354954526878e-03
8.093125201510316738e-03
8.086170523083040587e-03
8.074836437543584863e-03
8.064975240638443468e-03
8.067117687059210257e-03
8.062212964514701638e-03
8.075198266500075925e-03
8.085242545349610385e-03
8.095424443372422479e-03
8.103694335301754939e-03
8.098583751291551017e-03
8.093689495457868574e-03
8.089364730041712775e-03
8.084834806759873260e-03
8.079094863371319088e-03
8.077686594984536186e-03
8.076610642657402681e-03
8.075691435146834657e-03
8.082602613867881369e-03
8.085908303081069948e-03
8.090347004331630010e-03
8.088258899377021721e-03
8.087556192500228516e-03
8.090264316389544560e-03
8.087331030336628729e-03
8.083240636871911328e-03
8.079942960861648607e-03
8.080786697208082459e-03
8.083883477747926330e-03
8.084107723567301659e-03
8.085243910625958957e-03
8.086824445808309808e-03
8.083319496292356438e-03
8.083909597846548542e-03
8.082173756812143992e-03
8.079322125123659590e-03
8.080989304766294026e-03
8.076321938966343067e-03
8.076605001533022563e-03
8.079852870341313123e-03
8.084371591222183975e-03
8.081486012100853877e-03
8.085413626992284108e-03
8.084671617919963332e-03
8.082627987428619987e-03
8.089205447675218430e-03
8.078693232267316129e-03
8.079708372684410791e-03
8.080071491592360003e-03
8.078208601486855031e-03
8.082143987990078604e-03
8.082110492692608922e-03
8.087376049260209046e-03
8.082956855515632810e-03
8.082508402105403195e-03
8.082225746253121970e-03
8.082645748273789565e-03
8.084594507925516385e-03
8.082249232809169195e-03
8.082354177330523456e-03
8.079053876530852343e-03
8.082901970600570377e-03
8.082423526272520392e-03
8.082102486670772121e-03
8.083129561699070598e-03
8.082945727484688175e-03
8.078021104766498761e-03
8.079187046567935099e-03
8.084939245749610953e-03
8.082558398921945927e-03
8.083473057146602428e-03
8.081160190325235165e-03
8.080704353446066870e-03
8.078521432669513030e-03
8.081997806646501817e-03
8.082263124479209179e-03
8.082931151413544693e-03
8.082397440475204767e-03
8.083458663903236169e-03
8.084682871927808753e-03
8.084736977981574549e-03
8.083385818825826810e-03
8.083984110305742626e-03
8.083793998327083036e-03
8.083772416637897279e-03
8.082910433844653353e-03
8.081433213194603310e-03
8.084361152096469078e-03
8.085427829477451200e-03
8.084347880906939815e-03
8.082809734656477840e-03
8.085166179521006968e-03
8.086535115720249953e-03
8.086187852031521614e-03
8.085845875408951416e-03
8.086782291291784788e-03
8.083774665646602242e-03
8.081971476719322298e-03
8.082433185180998986e-03
8.081141024316028376e-03
8.082418984558123465e-03
8.083829154229256811e-03
8.081547837004104604e-03
8.082584363645282585e-03
8.087507759707198915e-03
8.087352308326871755e-03
8.086498336709897067e-03
8.086453379617540918e-03
8.082944601421308481e-03
8.083873852830811280e-03
8.079116986252854460e-03
8.082985305648682575e-03
8.082673022050316722e-03
8.080534397854442427e-03
8.082559621303950573e-03
8.080209473948449586e-03
8.086231792122595963e-03
8.080701400743442800e-03
8.081427868700440109e-03
8.079287329197366516e-03
8.079146173150794641e-03
8.081242119698857362e-03
8.082514984775739098e-03
8.086095620244830931e-03
8.082369617869865352e-03
8.083201299373357629e-03
8.085516180307200651e-03
8.082164205993282516e-03
8.085725222645908858e-03
8.079928638455731102e-03
8.082363529861283716e-03
8.078060279815883760e-03
8.080621980258316864e-03
8.082309145203454490e-03
8.085978353527581083e-03
8.084138801732984950e-03
8.085577476264441121e-03
8.087105916709578721e-03
8.082538965584125032e-03
8.081265847387358869e-03
8.082471925333281279e-03
8.080047341979776018e-03
8.081044245204217075e-03
8.080721995424679227e-03
8.081981027317631031e-03
8.084192739611752512e-03
8.083553488167340151e-03
8.086481598286704431e-03
8.085086259664423652e-03
8.085335445444190999e-03
8.080938785655808823e-03
8.078949018031217344e-03
8.082670909412547136e-03
8.079012185435333754e-03
8.079605101347619653e-03
8.081662454912931851e-03
8.085005293321663108e-03
8.081142829714078185e-03
8.084128193246093927e-03
8.081808094983577648e-03
8.081338368326636962e-03
8.083359263713727969e-03
8.085661937076969036e-03
8.084501991810596339e-03
8.080592690059364841e-03
8.080578689404217460e-03
8.081374728258388165e-03
8.084213482792529729e-03
8.084926532258705084e-03
8.081297611582660689e-03
8.083511299998815541e-03
8.082463982721128232e-03
8.086597939689342887e-03
8.085925371858830937e-03
8.084109775786101071e-03
8.083066762376916667e-03
8.084422608530681537e-03
8.085196653238532066e-03
8.082606905104728137e-03
8.084137071852343440e-03
8.082640962988661346e-03
8.081637377428518149e-03
8.080677271982548981e-03
8.084311414861090200e-03
8.083062466289052742e-03
8.082706633099378743e-03
8.082053937974651575e-03
8.082206543819555125e-03
8.083491343685498404e-03
8.079421537181370391e-03
8.082758801369799295e-03
8.085104805966407404e-03
8.083018670023695354e-03
8.083193518705750896e-03
8.086795319331267079e-03
8.082620918927483147e-03
8.083689627923362417e-03
8.080749928003658211e-03
8.083546952648099776e-03
8.082313454030031277e-03
8.081366876352085934e-03
8.086411969600727778e-03
8.084583631796331618e-03
8.083253734774696261e-03
8.086731653403249689e-03
8.083506826111360594e-03
8.080765713516202889e-03
8.082815740526010442e-03
8.081285198560614683e-03
8.082338356002550031e-03
8.081922001498785535e-03
8.086823809794037310e-03
8.083630940873730991e-03
8.079468046022702382e-03
8.080381042048894943e-03
8.086306261508849000e-03
8.080399999935450675e-03
8.086534541716971017e-03
8.081516079949514417e-03
8.082551522816909875e-03
8.078990681650766517e-03
8.082646303170978527e-03
8.086366965127888412e-03
8.085330899197785623e-03
8.083924961709133480e-03
8.082611476654379123e-03
8.081566119975045620e-03
8.083252910015705991e-03
8.082575627210998245e-03
8.081896515313335277e-03
8.081055866998103701e-03
8.079494608370750910e-03
8.085230478356568440e-03
8.088111784822750450e-03
8.084138718586018207e-03
8.087008852612525417e-03
8.081499936143933874e-03
8.081790614560643848e-03
8.081957280063601506e-03
8.082302893113690184e-03
8.082024740223962139e-03
8.082618418154866383e-03
8.081444960056645421e-03
8.077723581592694338e-03
8.084562233662105288e-03
8.084386743774070808e-03
8.078513313869439827e-03
8.081470213234340227e-03
8.080170615411516252e-03
8.082645859324512003e-03
8.084529323381356436e-03
8.080471185421749664e-03
8.079763427293648603e-03
8.081331073003043472e-03
8.082349573526000086e-03
8.080317001773857158e-03
8.084323522853003111e-03
8.082322598483286658e-03
8.082429019720225802e-03
8.083755531227603333e-03
8.085941043579757126e-03
8.082703393455258067e-03
8.081337833726989425e-03
8.083045061946585522e-03
8.082015714577795926e-03
8.081454356593680000e-03
8.081858091412187639e-03
8.081744484306992160e-03
8.083471277070498548e-03
8.084424540802629885e-03
8.084046479478421490e-03
8.083314481654587172e-03
8.087674401267321012e-03
8.084558816292729960e-03
8.080436610158909377e-03
8.082233346873283000e-03
8.083998242138058093e-03
8.084175969236518169e-03
8.080312828823637411e-03
8.082771421136397336e-03
8.080902470300715956e-03
8.084822933685786861e-03
8.081614280186319443e-03
8.083020983627946243e-03
8.082301800416902965e-03
8.081044621305027292e-03
8.081572249373279379e-03
8.079508524842739584e-03
8.084932904366844836e-03
8.082326431048086901e-03
8.080896011002158125e-03
8.082592326680527670e-03
8.081352361629996761e-03
8.080714803433032903e-03
8.082476560309618044e-03
8.083651587464922919e-03
8.082216424086182543e-03
8.083609543680999807e-03
8.082503903037340648e-03
8.083270468847129561e-03
8.084062425704179738e-03
8.080957059990883512e-03
8.081978659987245489e-03
8.080788387509587126e-03
8.082412792569231355e-03
8.081123542781641633e-03
8.084219034225927775e-03
8.082003090936479631e-03
8.083361510702789798e-03
8.081778993849177833e-03
8.081428090286179450e-03
8.082052787752204773e-03
8.081935745697117063e-03
8.081496590695513849e-03
8.083459221123924163e-03
8.080050281925604469e-03
8.083707739243812737e-03
8.083113632919344815e-03
8.085915445413913161e-03
8.088036286081332071e-03
8.082472365908402803e-03
8.082796439087143112e-03
8.078466542021905950e-03
8.081626886283624356e-03
8.083195532849231368e-03
8.082002923939367312e-03
8.086446675161007569e-03
8.084465044812551987e-03
8.084103689821471248e-03
8.084770708012799234e-03
8.085500395580577648e-03
8.084028753384682811e-03
8.082106717957910497e-03
8.083359832964523775e-03
8.081705254533130475e-03
8.082207541845730717e-03
8.084507717354161641e-03
8.085893197601518728e-03
8.085618594506250797e-03
8.082298845521824343e-03
8.081029475026689848e-03
8.082218078158955391e-03
8.083372114061702918e-03
8.080215340273592256e-03
8.084412403781137887e-03
8.083196087807971789e-03
8.082399844986211737e-03
8.083645106628976895e-03
8.080835430986022666e-03
8.081120703242305331e-03
8.082264439356291394e-03
8.081618725578562992e-03
8.084192002800040175e-03
8.082914402421263050e-03
8.083821245540022057e-03
8.082264000638912996e-03
8.084343680560065679e-03
8.085256175453902142e-03
8.078799819033605917e-03
8.081065754248469360e-03
8.081162003509102104e-03
8.083484266395360787e-03
8.083269218039599094e-03
8.084254303893584695e-03
8.085418054755018694e-03
8.084039758016374824e-03
8.082704531761257874e-03
8.078926382296154965e-03
8.079153687638923609e-03
8.081622849175693415e-03
8.079210122355002729e-03
8.085184035495181915e-03
8.087624272754626031e-03
8.085167490669368726e-03
8.086728482898724105e-03
8.085651312231276547e-03
8.085304295746578024e-03
8.081085575953399561e-03
8.081257692138877138e-03
8.079973878977185150e-03
8.077754807505142104e-03
8.081754114955685617e-03
8.082222096199862330e-03
8.082772558495194756e-03
8.082682489457095401e-03
8.083754875561548897e-03
8.085293110421202037e-03
8.083450227502465488e-03
8.087536657836505091e-03
8.083521848942046631e-03
8.086571364624555239e-03
8.085554916636952111e-03
8.083199411339501636e-03
8.081936161887716408e-03
8.080926802065926257e-03
8.081331428802214847e-03
8.081191472497733369e-03
8.085628772230284145e-03
8.084707247907036917e-03
8.084851886250285502e-03
8.083155075099022341e-03
8.081066098465629344e-03
8.080566769557970264e-03
8.084007924977293369e-03
8.082706094743360992e-03
8.081409317132937434e-03
8.083954242626664385e-03
8.082451774192877386e-03
8.081012028415431730e-03
8.082541992995182986e-03
8.082143181129174125e-03
8.083188891197001444e-03
8.082980712173660348e-03
8.081319567740377283e-03
8.084532727763124246e-03
8.083529700749542482e-03
8.081626522627347389e-03
8.083206259799668655e-03
8.080939156855758074e-03
8.081008428850469660e-03
8.081515819584808927e-03
8.081116912830171861e-03
8.080546231327720083e-03
8.083820375002697539e-03
8.082877595801674087e-03
8.082979194709865103e-03
8.083781105452705548e-03
8.081880640683807709e-03
8.080657388481071735e-03
8.081883149069483963e-03
8.082753916063629279e-03
8.081155065888171243e-03
8.082709771064362086e-03
8.078993073256525437e-03
8.081264265920408418e-03
8.082928219547742474e-03
8.082976909047112288e-03
8.083980981206764435e-03
8.081339907240130127e-03
8.082042255668003480e-03
8.081414927317684752e-03
8.083762373304308885e-03
8.083635543714915578e-03
8.081161364254895244e-03
8.081027921998530650e-03
8.083227343475017646e-03
8.084122531145784482e-03
8.083354998107916689e-03
8.086110093609889457e-03
8.081323905371959326e-03
8.080380113451298557e-03
8.081974421818668985e-03
8.084625847679023994e-03
8.080551665668008615e-03
8.081654207780382057e-03
8.084048587243500283e-03
8.084675144194659185e-03
8.086213048642059212e-03
8.086449149943482004e-03
8.086877393250393314e-03
8.081503415374675925e-03
8.078892146107852223e-03
8.082957251499166967e-03
8.080734971517304979e-03
8.083069117423147612e-03
8.084234795478312599e-03
8.082430785977279611e-03
8.081402207506608801e-03
8.083152707649313845e-03
8.085919473038119532e-03
8.084041806403230793e-03
8.085658586134792519e-03
8.079724988766351715e-03
8.080583950869335216e-03
8.081712674291018431e-03
8.084316885312282930e-03
8.080989371315008482e-03
8.080748751379804307e-03
8.083906002796957188e-03
8.082697016923880498e-03
8.084139638546695289e-03
8.084930666286634093e-03
8.080597345751035568e-03
8.083420089476713380e-03
8.085436057824916395e-03
8.082594133973107151e-03
8.081623229068808645e-03
8.083143397219915913e-03
8.083265022364876512e-03
8.080033878551644982e-03
8.085366434968186550e-03
8.084086234094466777e-03
8.083816417576826160e-03
8.085840064117675099e-03
8.082727484044767430e-03
8.081801644749723665e-03
8.081925457019618550e-03
8.082117478441723513e-03
8.083268774784990729e-03
8.080874788152081836e-03
8.084172971372835179e-03
8.083563504764679913e-03
8.084566561408860000e-03
8.086136509828414573e-03
8.083081317178060499e-03
8.084816108547601340e-03
8.082043646244303423e-03
8.082855229345776646e-03
8.082452053297380784e-03
8.083625488853819069e-03
8.079859339172648300e-03
8.079130809205215327e-03
8.081591124485110536e-03
8.084394533607522706e-03
8.085318938174476666e-03
8.083333604574411205e-03
8.081471001665578927e-03
8.083342491177099298e-03
8.083671391341126777e-03
8.082541871271994166e-03
8.084618823850342126e-03
8.084914479917156699e-03
8.081704767174463164e-03
8.084906101987763063e-03
8.081628396951283030e-03
8.086016770991487357e-03
8.086903256959716846e-03
8.082423029790619662e-03
8.080639613420325523e-03
8.081303552170343921e-03
8.081999689700074263e-03
8.082459915036513745e-03
8.081635535770780379e-03
8.081615954397955090e-03
8.084820527849019209e-03
8.082212318637819332e-03
8.086080114412795908e-03
8.083525786157673074e-03
8.080259544645194622e-03
8.079778862929128461e-03
8.079482995056471925e-03
8.078754131463696322e-03
8.082618201967421701e-03
8.082164327430609724e-03
8.085458133247873033e-03
8.086401531410660273e-03
8.085422274235127757e-03
8.083358120696751761e-03
8.080894696120777265e-03
8.080417607374275335e-03
8.080238581805537779e-03
8.079209105263144078e-03
8.077543864670952423e-03
8.079971093098435239e-03
8.081317726542599708e-03
8.081464479201532630e-03
8.081003155261778925e-03
8.085930835022289015e-03
8.084331298742745975e-03
8.081782919395258738e-03
8.082199586583968878e-03
8.083051697654842702e-03
8.082112204588933271e-03
8.081469750153323986e-03
8.083072513035253343e-03
8.082898530306747986e-03
8.081733885613975182e-03
8.082293229165796525e-03
8.081790303021850821e-03
8.080547931686315327e-03
8.084521396797971979e-03
8.085071034850030078e-03
8.085252150099281332e-03
8.083783807919754302e-03
8.084742539549733681e-03
8.084690837595911311e-03
8.080958394591197455e-03
8.085444750485918861e-03
8.083389563743222095e-03
8.083751990019365230e-03
8.083851185330127517e-03
8.081831269056516040e-03
8.084932945320016245e-03
8.084468477715133980e-03
8.085821323667618729e-03
8.085214911150891137e-03
8.082094181294319571e-03
8.082165281274198906e-03
8.084385791886392753e-03
8.083477017574055429e-03
8.082526374868254093e-03
8.081716522457536508e-03
8.083313360432888353e-03
8.082469721887251476e-03
8.082092660506754248e-03
8.083888777108604040e-03
8.086641450301515141e-03
8.082354443843611097e-03
8.083028689559202187e-03
8.083328558961414348e-03
8.080162103664469478e-03
8.081813234119009093e-03
8.082103694734969410e-03
8.081445159417856988e-03
8.079685499281214975e-03
8.083529656128520327e-03
8.082353804212863424e-03
8.086206817098789967e-03
8.083433045994120950e-03
8.080438444225368846e-03
8.083507147238903554e-03
8.080207400988038621e-03
8.082554158620990081e-03
8.079190611185895279e-03
8.081396042972156454e-03
8.082349740926675005e-03
8.082361728929536235e-03
8.083672066548940049e-03
8.081163880552010362e-03
8.084159089232500345e-03
8.081868016508146277e-03
8.080365729812712811e-03
8.085269756878451369e-03
8.084468936003324363e-03
8.082396434690660575e-03
8.083724017858088737e-03
8.084585701693045717e-03
8.081387827532243023e-03
8.084824233908778635e-03
8.079462282495050718e-03
8.085104429689191421e-03
8.080101207142070113e-03
8.082016024555693443e-03
8.083845638622442348e-03
8.081052560393405318e-03
8.081596571387640246e-03
8.083183813247879490e-03
8.085750067471831129e-03
8.085151546120621438e-03
8.084512275543713142e-03
8.082181513415135840e-03
8.081749721102702774e-03
8.081358913858938467e-03
8.082690213523882616e-03
8.081304162501398713e-03
8.082656358834700364e-03
8.083962550580161416e-03
8.080953850140780784e-03
8.083448850942150099e-03
8.083394635991411267e-03
8.083831048150752138e-03
8.083881156085588257e-03
8.083551446774759133e-03
8.082550239852511961e-03
8.082030254697310581e-03
8.082414074477664925e-03
8.081866711352579322e-03
8.085306072480353753e-03
8.082525824860742336e-03
8.083340761388202109e-03
8.082788107334955632e-03
8.082482146194161152e-03
8.086265940651893649e-03
8.078031494549459818e-03
8.081741748560758443e-03
8.083223182881205462e-03
8.084119198700705916e-03
8.083054942425576053e-03
8.082741677126541527e-03
8.085127617471331990e-03
8.080251407047985696e-03
8.082495065675899051e-03
8.082073919229260800e-03
8.082560881497429656e-03
8.083106320270838988e-03
8.082460765097483277e-03
8.082270149040917534e-03
8.081313027469371954e-03
8.082923166819447683e-03
8.083714088811717186e-03
8.083341877919631921e-03
8.083418472885054232e-03
8.081793299593031249e-03
8.085327049033851424e-03
8.081961197701825750e-03
8.081082976973474191e-03
8.080444235788651619e-03
8.083677678521420523e-03
8.084703504720427286e-03
8.085207685370012984e-03
8.081689668971671001e-03
8.084213664852561709e-03
8.084566105117638180e-03
8.084266779348281765e-03
8.083144187290957489e-03
8.083532796266281253e-03
8.082953812548769948e-03
8.083185806998608239e-03
8.085915685536043673e-03
8.083186832097645144e-03
8.081749400289130886e-03
8.083986410492965610e-03
8.085181536470243541e-03
8.080382851127785107e-03
8.084772184046913612e-03
8.082936239951000676e-03
8.083031820009429352e-03
8.080864214021914876e-03
8.083901187575358999e-03
8.084177213511928306e-03
8.084129173560324760e-03
8.081995458781798813e-03
8.079936290736057861e-03
8.084465461554864521e-03
8.082744962971791930e-03
8.085122871423315594e-03
8.081505108583048047e-03
8.085415059779610392e-03
8.078335989355117652e-03
8.083166811110265026e-03
8.083878442001993236e-03
8.087316930080938257e-03
8.082392146699916846e-03
8.081524552235820960e-03
8.083178210414153006e-03
8.086099607612673087e-03
8.084590682960694080e-03
8.084075668943145263e-03
8.081937555373645485e-03
8.082205299015248617e-03
8.081340516328422083e-03
8.081471527845688826e-03
8.083755416719035775e-03
8.082725752204302991e-03
8.082706224044240023e-03
8.082260455036354915e-03
8.078783831402657628e-03
8.081459138504790141e-03
8.085330218183098272e-03
8.083084112631311324e-03
8.085151363174326172e-03
8.084190432366281445e-03
8.085342404899973495e-03
8.082003097587022594e-03
8.082988793876751815e-03
8.081478341776365468e-03
8.083800219575032128e-03
8.082427338252880233e-03
8.083710897715238111e-03
8.082984175602041244e-03
8.086763888905843314e-03
8.085139801735443527e-03
8.085128064189629760e-03
8.084752963988318594e-03
8.085208362370359392e-03
8.083777412665645035e-03
8.082907505736491166e-03
8.082335173489161792e-03
8.085137207903877327e-03
8.080964437902404818e-03
8.083769308034656140e-03
8.085923710169275885e-03
8.084109115447128333e-03
8.082876850557689508e-03
8.081028641119489611e-03
8.082823055926665473e-03
8.086710486330236924e-03
8.083014192461598219e-03
8.085517919434881060e-03
8.084995702371498838e-03
8.082342631055700055e-03
8.082147879466778512e-03
8.083949587767617559e-03
8.083251640400815341e-03
8.084771078942329381e-03
8.083182668288899433e-03
8.081904242824546059e-03
8.080715550040725240e-03
8.082812597716277497e-03
8.083215724922909393e-03
8.082461807309407678e-03
8.081639138920074933e-03
8.082611658803761506e-03
8.084347707453646420e-03
8.087455248815747857e-03
8.083524312310611318e-03
8.080092117351004438e-03
8.083238448581343480e-03
8.083478736424967726e-03
8.082254063620808796e-03
8.083434721595053260e-03
8.081806568362185847e-03
8.080176540052911791e-03
8.081709654407628202e-03
8.081836773492872411e-03
8.081788775891498092e-03
8.083067397311082675e-03
8.085066115471370440e-03
8.080192682764027537e-03
8.080664392881410987e-03
8.083287932404117221e-03
8.082566333827520544e-03
8.082935844681449211e-03
8.082025790761084710e-03
8.083153658302661554e-03
8.081553975583822061e-03
8.082921036366300452e-03
8.081048252621110192e-03
8.084326677889249260e-03
8.081550384028574410e-03
8.081000392764783880e-03
8.083611518361587256e-03
8.082982499541976201e-03
8.082712778153602895e-03
8.085064151633574933e-03
8.084370836026732662e-03
8.080653521697072836e-03
8.083129257520551419e-03
8.087363177144491974e-03
8.084092254023265284e-03
8.082962166567651124e-03
8.081871845272653107e-03
8.082026395413015665e-03
8.085181786820579489e-03
8.084059617055492850e-03
8.082995149595709888e-03
8.082249868687383862e-03
8.085761656451299906e-03
8.082002830373288815e-03
8.082823602967338650e-03
8.086178356141188878e-03
8.084862344883878352e-03
8.083176231846362497e-03
8.080641657259513694e-03
8.082626664442663089e-03
8.082357957844671717e-03
8.082371228944921701e-03
8.081210808711049645e-03
8.083037042904677588e-03
8.080287741129685633e-03
8.083774063975595822e-03
8.082297526564249240e-03
8.080151125444013510e-03
8.083048122783473288e-03
8.084544805535670217e-03
8.084659533585041719e-03
8.084789615713513372e-03
8.082746258851216531e-03
8.083885382527892030e-03
8.085228085495292996e-03
8.081670983053599461e-03
8.082197251579900307e-03
8.083679118401005878e-03
8.084516912366283142e-03
8.084378571441789424e-03
8.084586736400537280e-03
8.081413441770433567e-03
8.087168796956450967e-03
8.084775901240910667e-03
8.082220529571325363e-03
8.087308864714256446e-03
8.085233995137814864e-03
8.085796142332055125e-03
8.081784437907611057e-03
8.084292600136600004e-03
8.083797733285699727e-03
8.081867744336966586e-03
8.084344562393399464e-03
8.083590633180103707e-03
8.083674031510954330e-03
8.081301890505512148e-03
8.082988483671560420e-03
8.085721414312919617e-03
8.085209954824573025e-03
8.079654393078420857e-03
8.083229384388395181e-03
8.082418440977295546e-03
8.085388193195840179e-03
8.084240438463717940e-03
8.081782367021389871e-03
8.080128091371732019e-03
8.083379416501869363e-03
8.084598920344361617e-03
8.083884553977536969e-03
8.083318664699570485e-03
8.083484193899068831e-03
8.081034866109107137e-03
8.080226855588399856e-03
8.084479647190858514e-03
8.084323245682201176e-03
8.082647464290470748e-03
8.079594083743965593e-03
8.083821789892550388e-03
8.082867746466599126e-03
8.082666542956912573e-03
8.086840758196420231e-03
8.085292963460709650e-03
8.083990371565029712e-03
8.081345627509926161e-03
8.084453320437447535e-03
8.083746234458195207e-03
8.081628350332055455e-03
8.082977970948885399e-03
8.081494332830141750e-03
8.080750520618329089e-03
8.081987456626707478e-03
8.081044426960471219e-03
8.084984986063498136e-03
8.084818097784765220e-03
8.081850013419709586e-03
8.084940232534585866e-03
8.084570113546164782e-03
8.086610134341547587e-03
8.081138215037201450e-03
8.083405873140967618e-03
8.084359920146874656e-03
8.084098050721742409e-03
8.082209525560313940e-03
8.080598642291039399e-03
8.083843789089500617e-03
8.083239820135125486e-03
8.085066567469519419e-03
8.085526838069276301e-03
8.083154760853332108e-03
8.083191680362991627e-03
8.082758360664833719e-03
8.081996937963666083e-03
8.085126423682280003e-03
8.083775596553084350e-03
8.084434034877716752e-03
8.083415352818869651e-03
8.083988218479656526e-03
8.083829006854236637e-03
8.084144717905328639e-03
8.082540548614191439e-03
8.080703896447395326e-03
8.081108763789836974e-03
8.082666666845891509e-03
8.083325773854281582e-03
8.083497444425035219e-03
8.083213950523153793e-03
8.082758133187158134e-03
8.080864106959387630e-03
8.082459299353592433e-03
8.084560065865708037e-03
8.082137819293767900e-03
8.082488367229218040e-03
8.084224212383098185e-03
8.085336941526320709e-03
8.085287370350947855e-03
8.082867994053683641e-03
8.081601083967195065e-03
8.081172916320733882e-03
8.083865556349541931e-03
8.082822751589845839e-03
8.082389901083205166e-03
8.082559736673874257e-03
8.082464553338610316e-03
8.083365507470526012e-03
8.084177623979255101e-03
8.083317578036436010e-03
8.084502951579725094e-03
8.085567398116574531e-03
8.080665974593061532e-03
8.081836180988195145e-03
8.085155495783941798e-03
8.085408650825656046e-03
8.080484730532452864e-03
8.080075922751074266e-03
8.083242088183510005e-03
8.086398076735024434e-03
8.081480706147727358e-03
8.083130411059838080e-03
8.079555743739726473e-03
8.080789350241153468e-03
8.081938924269551835e-03
8.087194147706462319e-03
8.084170613597927574e-03
8.082603646146489448e-03
8.080413475980669641e-03
8.082299798121798939e-03
8.084420149997106897e-03
8.082368645471352947e-03
8.083556887461413806e-03
8.080812681038782377e-03
8.084420388360276377e-03
8.084056436964290326e-03
8.083563601022369233e-03
8.083741341551405404e-03
8.083601933962496905e-03
8.083951766850304421e-03
8.083659948485396110e-03
8.083787632763718423e-03
8.084278787779165115e-03
8.080567697418295295e-03
8.081872352311565699e-03
8.079654874680909649e-03
8.082744201301585857e-03
8.082607244824442302e-03
8.082674250255701340e-03
8.083020323433316376e-03
8.080031070393919532e-03
8.083982442759955409e-03
8.084040115291898226e-03
8.083116423380807408e-03
8.083057604677762117e-03
8.081867785574041105e-03
8.081779209525512264e-03
8.080786543169630326e-03
8.084220762543425573e-03
8.084103890012812182e-03
8.080489779678026729e-03
8.085412440430574110e-03
8.082894735944284870e-03
8.083878923876635855e-03
8.081672437254612540e-03
8.082936442459914828e-03
8.082373337231668273e-03
8.080019105838852356e-03
8.081953945835726807e-03
8.085426907317195058e-03
8.083837037218597962e-03
8.083239370615998703e-03
8.080993102454274088e-03
8.084231632473995802e-03
8.084508244304459273e-03
8.082944752402489164e-03
8.081066189773989522e-03
8.082433600974466351e-03
8.086929378517031600e-03
8.083076682489444970e-03
8.081357061277796155e-03
8.080662642438835377e-03
8.083388340000252290e-03
8.082636653324015361e-03
8.082073961314830204e-03
8.084782301874683663e-03
8.081864336120146708e-03
8.083343842759898104e-03
8.086150389625370444e-03
8.084090692796487218e-03
8.082813253759060096e-03
8.081563665578500241e-03
8.079910042270920315e-03
8.080114197118772046e-03
8.079224750781512782e-03
8.082723369413978565e-03
8.079957794772741134e-03
8.085432634972158222e-03
8.083567936712705501e-03
8.085243851906146959e-03
8.086590739298906219e-03
8.085280307437457681e-03
8.081687505875229452e-03
8.079964289415091094e-03
8.082071751805870730e-03
8.081132623225939157e-03
8.087613879846324710e-03
8.084592032526767558e-03
8.083870108729879211e-03
8.083951030283255748e-03
8.084723345100573375e-03
8.085350699989722265e-03
8.080687874969271975e-03
8.083715119142386926e-03
8.084785222032367033e-03
8.082799748865393194e-03
8.084023882422205695e-03
8.083347617510869970e-03
8.085486586659940481e-03
8.083273233431260626e-03
8.086843289330507278e-03
8.087729321086135209e-03
8.086781278976299878e-03
8.084540182265405328e-03
8.082313218915402123e-03
8.081899305026819802e-03
8.083756845377548447e-03
8.084017943877022314e-03
8.084175454652030302e-03
8.086065897191073090e-03
8.083627556093271604e-03
8.084670246442842226e-03
8.083108293902307312e-03
8.084264281902219310e-03
8.081392328677666423e-03
8.084240050571019076e-03
8.079821283082197492e-03
8.080489959563270583e-03
8.084311460616999678e-03
8.082953506326267731e-03
8.079617912034009822e-03
8.084008173168351352e-03
8.081477426265606251e-03
8.083033199656064136e-03
8.085371489344517215e-03
8.081504330651419210e-03
8.080896511464423504e-03
8.080271381655687937e-03
8.085397528619007318e-03
8.081171623487391764e-03
8.079515425434896300e-03
8.083115980051167049e-03
8.083277482801427133e-03
8.086339613947194846e-03
8.081396549944969143e-03
8.079769563512287714e-03
8.079028502815605375e-03
8.078811753792497150e-03
8.081706051230095819e-03
8.078401680691708539e-03
8.081792465030384828e-03
8.083401420218483749e-03
8.082425605992453119e-03
8.081442930640655997e-03
8.082120311382511718e-03
8.084971862320898539e-03
8.083268589990840261e-03
8.080781503678210673e-03
8.082759979166430353e-03
8.084387328868181122e-03
8.083364811268785657e-03
8.080964306557410909e-03
8.084717796263407585e-03
8.082608941289197435e-03
8.082728217670524795e-03
8.080440471811748890e-03
8.083610948685449396e-03
8.083885447188429371e-03
8.085928578033415443e-03
8.082758636246644562e-03
8.080920336228179096e-03
8.082732588418288511e-03
8.085401771978740354e-03
8.085777429356753865e-03
8.083370614535713428e-03
8.083403982305430863e-03
8.080817154802098778e-03
8.081245991475161441e-03
8.085354167279061588e-03
8.084552176999054360e-03
8.082902006794510583e-03
8.082689071187721189e-03
8.081302444076194497e-03
8.084033534328488591e-03
8.082636543516383623e-03
8.086429422178468412e-03
8.083113978499301827e-03
8.084451770348612468e-03
8.082917080403978841e-03
8.082072614782472367e-03
8.083578831000096110e-03
8.083660296744534651e-03
8.082973712412455658e-03
8.083339077088540561e-03
8.085542309269132255e-03
8.084248588228457738e-03
8.082932440632418711e-03
8.081291293298773284e-03
8.081960591374386105e-03
8.083757423725005178e-03
8.084196785235871208e-03
8.083144227048344108e-03
8.082978777965278347e-03
8.082772726994496074e-03
8.083392531325809746e-03
8.083670885700385694e-03
8.084192224128212978e-03
8.086287273145781329e-03
8.085255407633509805e-03
8.082497422373225923e-03
8.084560859968635549e-03
8.083841007266426640e-03
8.084443854860153336e-03
8.082774554627088215e-03
8.083146354654810115e-03
8.080237440749080124e-03
8.084210328577912802e-03
8.084732851684409485e-03
8.082556071282245153e-03
8.083247293165760766e-03
8.083929720127594823e-03
8.085567477880714268e-03
8.087953561419582854e-03
8.084901128956420435e-03
8.082057825602739082e-03
8.084755421499939879e-03
8.083771226822990957e-03
8.081165252434125215e-03
8.082285419639812299e-03
8.079041931917904304e-03
8.077338882267482909e-03
8.078100773531981041e-03
8.082950558909531708e-03
8.086064471548550653e-03
8.088094092048754569e-03
8.087807330653793217e-03
8.085973218249498107e-03
8.084006039518802644e-03
8.082552141360464792e-03
8.079571016596402006e-03
8.080257089308869739e-03
8.079197919661653890e-03
8.081955187709804339e-03
8.082178795455849385e-03
8.080714640450608471e-03
8.083488031933906692e-03
8.082844740058889657e-03
8.081827164323642995e-03
8.080581370575642963e-03
8.078563336840779638e-03
8.080597140757999133e-03
8.078799844822006845e-03
8.082155821185202024e-03
8.079873144435556834e-03
8.086343893276186703e-03
8.085054434781892285e-03
8.082039955441024104e-03
8.082849568144720095e-03
8.084394757218072922e-03
8.084109741377651023e-03
8.084502768620776755e-03
8.081014654058801122e-03
8.082989762876633885e-03
8.084593632422238871e-03
8.080855821547621234e-03
8.084114713256460721e-03
8.085547721759806655e-03
8.082485322508686787e-03
8.082666559993619687e-03
8.085500489253759707e-03
8.083744235161146111e-03
8.085440507078326539e-03
8.085019894598319615e-03
8.085830505962229159e-03
8.082614213157099728e-03
8.081934134074215959e-03
8.080617877661878945e-03
8.084824541366371006e-03
8.086275170927203354e-03
8.082996111164716599e-03
8.084918114398964226e-03
8.081620191278943502e-03
8.088090492501738213e-03
8.089000085564006237e-03
8.086680321175560709e-03
8.083444936484105933e-03
8.080374630119471768e-03
8.078203025008050264e-03
8.082517011089309159e-03
8.082651324521586411e-03
8.081371276078103474e-03
8.080018572658222500e-03
8.082380393027461390e-03
8.086573187475670083e-03
8.084739454505421655e-03
8.083647174164600505e-03
8.081107023631987560e-03
8.082014235315182482e-03
8.079400155493639268e-03
8.080244153478114214e-03
8.079595005400288035e-03
8.082086340054249127e-03
8.081457805116709636e-03
8.083872762141132082e-03
8.086692537989973242e-03
8.084767778830640253e-03
8.084270403041875219e-03
8.080433640262707148e-03
8.082706258850876763e-03
8.080785521636820595e-03
8.081507747640709685e-03
8.082595227730894616e-03
8.082624407765876678e-03
8.082000658417116609e-03
8.082599414491391937e-03
8.081711901830133243e-03
8.084181291094694535e-03
8.081556220500810475e-03
8.082559558838690178e-03
8.085101772688058422e-03
8.084367205247458207e-03
8.083753440152439615e-03
8.083672675145772701e-03
8.081191188583356985e-03
8.080781947401428564e-03
8.084227557906980416e-03
8.086479431506790952e-03
8.085964139536426856e-03
8.087292542089018904e-03
8.081313512270390728e-03
8.086079532820677693e-03
8.083475772914461288e-03
8.081517078085118100e-03
8.080161092302005216e-03
8.082874074232493725e-03
8.083407289530192275e-03
8.086226970472126449e-03
8.086246152884687607e-03
8.085747682035402881e-03
8.084999374076109330e-03
8.085970347708732950e-03
8.084628925288236609e-03
8.082492983549120769e-03
8.084101112560788602e-03
8.080826401101044026e-03
8.078120350026318092e-03
8.082438940560212129e-03
8.079203016877601826e-03
8.080931939385653864e-03
8.082908448420664943e-03
8.085364572761351634e-03
8.087233631933195971e-03
8.086062705091450267e-03
8.084837230639154576e-03
8.083576322654408702e-03
8.081854016990517794e-03
8.082056805445074141e-03
8.080560135232093405e-03
8.080384831465061216e-03
8.078908408799729407e-03
8.079822899008883355e-03
8.082339067172299857e-03
8.081822060055907087e-03
8.085625303064385150e-03
8.089978217787415979e-03
8.086659989843019564e-03
8.086541669423050888e-03
8.084418824023276162e-03
8.085692959182667547e-03
8.085259834144507829e-03
8.084936150321568593e-03
8.082799872534062249e-03
8.081650206776780712e-03
8.083631455541836000e-03
8.081425686086277788e-03
8.082220236345177139e-03
8.084105304491207705e-03
8.084618317986026412e-03
8.082856693892912989e-03
8.084822187298775636e-03
8.080250559556498985e-03
8.082284855602873616e-03
8.082888951999756683e-03
8.082943018410842714e-03
8.083450326096705899e-03
8.082685151602094636e-03
8.084749354076329469e-03
8.084209516784651717e-03
8.087654840489628960e-03
8.082492559747037064e-03
8.084152617117415160e-03
8.083086886967625825e-03
8.080560436534609328e-03
8.080288240819671203e-03
8.082004750807610799e-03
8.079995065207208962e-03
8.081115032153488031e-03
8.084826238286088596e-03
8.083093383401171450e-03
8.083347128559488851e-03
8.085864159073440083e-03
8.083135019488206160e-03
8.082380567461253454e-03
8.083440159936589042e-03
8.083617283328459191e-03
8.081214759064781275e-03
8.080358169608404736e-03
8.083152459392449127e-03
8.079356311878626434e-03
8.081040864283966715e-03
8.082505076579234518e-03
8.085730780829761266e-03
8.084947411804257675e-03
8.083769539651591840e-03
8.080867917800819977e-03
8.079721136312939880e-03
8.080321165818533935e-03
8.083060314825810805e-03
8.080319844474735669e-03
8.083684994776919527e-03
8.083520807537608252e-03
8.083696833726897873e-03
8.085441636588770048e-03
8.083091793870468209e-03
8.081652530717131633e-03
8.080815421109591515e-03
8.082185595251936694e-03
8.080185098315977033e-03
8.082623670555118961e-03
8.083736402676820060e-03
8.080139789052857846e-03
8.085087433436321039e-03
8.085516148654667626e-03
8.086317766325994832e-03
8.083881106814749112e-03
8.082359692452724398e-03
8.084059607506152365e-03
8.084285959439094227e-03
8.082445396755009656e-03
8.078893288913280638e-03
8.078648779178710174e-03
8.078939450566802877e-03
8.082260598319072203e-03
8.082262733878539315e-03
8.085688826016309769e-03
8.086198051834773623e-03
8.083269554399493892e-03
8.079539285415814412e-03
8.086344710183643314e-03
8.083630744314640806e-03
8.080726275413032539e-03
8.079578483511588860e-03
8.084021051742362393e-03
8.083997371761731526e-03
8.083241877623423277e-03
8.083415886256335725e-03
8.079125211716100749e-03
8.080893801096142998e-03
8.083577557112135714e-03
8.085833254207289503e-03
8.082226323250688016e-03
8.083602351813485090e-03
8.082743451335723875e-03
8.084805785414414525e-03
8.085723080396669746e-03
8.081578319067838842e-03
8.083043151368523443e-03
8.081742673120522261e-03
8.081513490890515974e-03
8.082516912411873145e-03
8.083263366512246154e-03
8.082146450822226894e-03
8.082402229075500572e-03
8.084335521666976762e-03
8.083510013824150506e-03
8.084005834556769188e-03
8.082790550244398076e-03
8.082261828837351489e-03
8.080552153270073243e-03
8.080739862632701359e-03
8.080785541588132032e-03
8.084405918714451106e-03
8.086680036469092239e-03
8.082597985412026675e-03
8.083741859805284452e-03
8.080112894272881846e-03
8.083155829436612996e-03
8.084099171691517746e-03
8.083065019773882573e-03
8.083068699279763111e-03
8.083449116439182444e-03
8.084486565227606142e-03
8.082243009087998822e-03
8.081655074989001208e-03
8.084231813635874703e-03
8.078128156148651692e-03
8.080076478405822174e-03
8.081376882826143276e-03
8.084662458328483944e-03
8.084181135755760111e-03
8.081743429280268190e-03
8.084929626266345454e-03
8.083999523415532837e-03
8.082385996863828553e-03
8.082302686118619794e-03
8.083437643661433789e-03
8.078784824650984964e-03
8.083458298825816485e-03
8.083774148201453014e-03
8.085659020287832427e-03
8.083925218663103734e-03
8.082328696557250849e-03
8.082754994087233691e-03
8.081076925603133607e-03
8.084309958603768873e-03
8.083702865441006954e-03
8.081744583735174861e-03
8.080931865686898433e-03
8.082520953295523405e-03
8.086233801335943744e-03
8.083553496909616151e-03
8.086132631994752754e-03
8.082221501602640176e-03
8.081819006542634992e-03
8.084773205381869457e-03
8.086414680150661588e-03
8.086140852907828039e-03
8.083860672651908136e-03
8.084086649248362413e-03
8.083853144894539294e-03
8.082933821360823584e-03
8.082418871902800894e-03
8.079959077776170326e-03
8.079702310845577815e-03
8.081475309993951806e-03
8.083430048225943160e-03
8.088214007385336954e-03
8.084636388952425035e-03
8.084697650945223135e-03
8.079685935398745952e-03
8.081584509244031655e-03
8.082254082128179778e-03
8.080599881182395222e-03
8.082032202751195452e-03
8.084023572640770816e-03
8.083711938748608730e-03
8.082550720112142636e-03
8.084266724413497612e-03
8.082319488859979542e-03
8.081468103798023633e-03
8.081709463775225977e-03
8.080575534540841709e-03
8.083309029036455859e-03
8.082248080806745186e-03
8.083588696066177845e-03
8.084607028235173479e-03
8.084732459148532419e-03
8.085033985737823115e-03
8.084360693165806508e-03
8.082905643077134550e-03
8.079195268394326682e-03
8.079770684849855653e-03
8.079726131330566830e-03
8.078840312785105435e-03
8.083912538600112815e-03
8.083178733424156368e-03
8.082893222256753649e-03
8.085723959777524339e-03
8.087681375406705064e-03
8.087770118158576008e-03
8.082620995482570070e-03
8.081033966574509286e-03
8.074808548932194130e-03
8.072860292480665834e-03
8.072527891290095028e-03
8.075960259534775698e-03
8.082196224052899322e-03
8.081529953045840653e-03
8.085194139973037042e-03
8.090620411727802649e-03
8.086918070043854628e-03
8.087274036699640054e-03
8.084881186514101398e-03
8.084619312612024294e-03
8.084374403063516665e-03
8.083863346268486266e-03
8.082780194520045383e-03
8.082088548669076611e-03
8.082954627233030973e-03
8.082963395089260220e-03
8.082432761450274866e-03
8.085828157426335622e-03
8.083151832875504900e-03
8.082704558155816288e-03
8.084714281474366174e-03
8.084233178868319158e-03
8.086448768194837156e-03
8.084658082549494793e-03
8.084170155794987919e-03
8.083444099482367182e-03
8.079457904150755959e-03
8.079783488384345222e-03
8.083678403368061566e-03
8.079858053760293618e-03
8.083987938066460391e-03
8.083495084620161142e-03
8.081712131659011394e-03
8.087852685195223018e-03
8.082981609730002098e-03
8.084012809906251235e-03
8.081148101594829575e-03
8.080305578525388485e-03
8.080274592226833683e-03
8.084501465494291564e-03
8.079495693340857723e-03
8.082607039200419285e-03
8.080098896981576656e-03
8.082459218381438104e-03
8.085086284284165661e-03
8.082503774814550623e-03
8.085426062685776433e-03
8.084269512211306186e-03
8.083634783210943281e-03
8.082269724991266238e-03
8.083691724543805648e-03
8.081518144458111480e-03
8.084807643018122533e-03
8.083104790357887454e-03
8.083543664619384159e-03
8.083679294902612611e-03
8.085441921716172639e-03
8.085140799058736921e-03
8.082382869324177682e-03
8.083779091419156237e-03
8.081945178240431196e-03
8.081638673208702689e-03
8.080656836290455586e-03
8.081492197166924296e-03
8.084652089817396040e-03
8.083820926683315394e-03
8.084354919339873519e-03
8.085985746059952059e-03
8.080170684904469311e-03
8.082505015863911124e-03
8.081882510663955868e-03
8.082850511376599850e-03
8.081261377833453066e-03
8.080884980664160971e-03
8.083055520106964889e-03
8.082047054598378091e-03
8.084693982811780311e-03
8.081335750389908451e-03
8.082063496268580491e-03
8.085578592240494009e-03
8.084891238140254344e-03
8.082244490176441684e-03
8.078374451029461320e-03
8.082487673324539532e-03
8.080210452172798333e-03
8.081532546431260261e-03
8.083903689241106819e-03
8.082022141203159746e-03
8.081060304088458560e-03
8.085128466473424577e-03
8.083431208776845067e-03
8.084223983609781922e-03
8.085142408780339462e-03
8.082625597083295532e-03
8.084706956301217565e-03
8.080901878000710040e-03
8.079899827857684944e-03
8.077755041909325667e-03
8.076895121208625336e-03
8.073677387716794024e-03
8.077887459509295806e-03
8.085505979121226580e-03
8.093273083357796147e-03
8.102063424312216933e-03
8.104591681764078751e-03
8.094471080916137290e-03
8.087492807312428658e-03
8.078155509919842520e-03
8.064075815936853214e-03
8.049082357536985199e-03
8.055525696687330234e-03
8.066164198988387199e-03
8.076875922937687066e-03
8.091491471327564786e-03
8.111106851755789035e-03
8.107604769993356428e-03
8.102656707530585950e-03
8.097056813269689485e-03
8.082443156095976342e-03
8.067228269833592175e-03
8.056329811131399121e-03
8.054341313962468454e-03
8.057209241703486291e-03
8.071811106309717890e-03
8.084950860629047664e-03
8.105516215918822862e-03
8.109953102145746329e-03
8.108101474064039263e-03
8.100668963194593633e-03
8.094188696633985297e-03
8.078908594604767429e-03
8.065185442584978104e-03
8.062364244277786182e-03
8.065447483421611663e-03
8.067815698913566660e-03
8.080249404377860475e-03
8.090179580010918928e-03
8.098413380441949264e-03
8.093555136282183995e-03
8.092580002853351495e-03
8.093847440022087711e-03
8.086067658553320117e-03
8.076351876228092530e-03
8.070738211680332161e-03
8.073146065608494126e-03
8.077219875499782112e-03
8.082361880009485133e-03
8.086680336072562744e-03
8.093108296295671925e-03
8.093205602994844178e-03
8.093818859913590874e-03
8.091955034852892775e-03
8.087750431605497323e-03
8.082612098455758606e-03
8.080323362279748234e-03
8.082976142139009293e-03
8.086776018695852539e-03
8.087033174890383841e-03
8.093806354668720004e-03
8.141109963531033278e-03
8.194113680109756104e-03
8.201321602422670040e-03
8.182554468077170642e-03
8.135017259086335314e-03
8.103507764194144841e-03
8.098723236746905446e-03
8.115729633811435972e-03
8.117697905263992347e-03
8.108014248849245223e-03
8.085508521292623582e-03
8.068841238498460772e-03
8.060734805352680332e-03
8.053862106156337367e-03
8.044221586045645009e-03
8.036877918209638094e-03
8.028465001024814168e-03
8.034068072754476167e-03
8.049344221518445891e-03
8.066070540235531494e-03
8.082137858566783295e-03
8.089941828361339390e-03
8.088711723947815055e-03
8.111987255094708568e-03
8.165022221550031004e-03
8.241353336853201456e-03
8.334642686966202418e-03
8.325518385969206750e-03
8.270130980199769111e-03
8.179512268956521878e-03
8.157262136706203842e-03
8.196101020864043907e-03
8.237101864008323365e-03
8.240060384355428133e-03
8.222629551812511012e-03
8.177121762591216605e-03
8.155884351718498473e-03
8.142065001455674536e-03
8.142842199920358875e-03
8.142433255385182755e-03
8.128769722630584810e-03
8.113908189626296841e-03
8.119850501152750880e-03
8.151731012780584484e-03
8.192976809583939202e-03
8.221939755616115841e-03
8.239036595243874952e-03
8.241314938783180985e-03
8.238376598360094491e-03
8.227470488475857602e-03
8.221690570544773133e-03
8.212228700312294502e-03
8.207034954702902008e-03
8.204765959973592954e-03
8.201594625119627488e-03
8.201975856773961043e-03
8.203438819893950004e-03
8.193951789999258384e-03
8.182309892370856486e-03
8.171078807137518302e-03
8.170478895739206882e-03
8.166980687098287020e-03
8.163040341379275422e-03
8.162538709655876162e-03
8.155536057543662232e-03
8.136435050005103378e-03
8.112717254476070616e-03
8.098276758134253031e-03
8.089936559136185965e-03
8.082868539657011783e-03
8.075523591420592437e-03
8.060299628421628906e-03
8.051109233069645918e-03
8.041217239607026737e-03
8.044736875061717779e-03
8.048431952022315136e-03
8.065354931893324933e-03
8.088053847104748756e-03
8.121517602111157780e-03
8.159438083964578106e-03
8.178812072088188431e-03
8.178537890274811817e-03
8.163524467815076735e-03
8.136905112919871202e-03
8.074247751145883015e-03
8.005908946612389984e-03
7.926206762998853211e-03
7.830229765986943327e-03
7.728616746503281718e-03
7.640229740193457859e-03
7.574749376501001795e-03
7.544705232013292767e-03
7.543014772170361301e-03
7.552325549607681772e-03
7.596470209343917333e-03
7.677914935962388415e-03
7.749187165034522769e-03
7.814599178123183068e-03
7.889175266515890961e-03
7.962724482738336301e-03
8.021216942626264654e-03
8.067722204280383669e-03
8.101842762978015561e-03
8.119287535671643533e-03
8.122377678523910738e-03
8.135808130151444759e-03
8.154441994174099068e-03
8.155032626411463925e-03
8.153311030060686471e-03
8.158436577123428721e-03
8.165453549533591843e-03
8.183067318384687136e-03
8.204521091522077453e-03
8.224042635290364570e-03
8.194108992491497268e-03
8.165242840804533275e-03
8.127724441653888174e-03
8.111088817484696928e-03
8.120606957173905072e-03
8.129763978509762720e-03
8.134260306089035122e-03
8.140762067463927845e-03
8.173641522929717476e-03
8.218115807481007201e-03
8.251291976551730981e-03
8.273934850446527586e-03
8.292271611991695532e-03
8.298224041904811096e-03
8.311787307691533011e-03
8.309105856607056778e-03
8.279131060604856540e-03
8.239559313887591732e-03
8.196242632685328891e-03
8.141141478633394379e-03
8.083755930535624010e-03
8.037392557684245112e-03
7.982956819901573103e-03
7.941423092099674647e-03
7.913226982868287393e-03
7.894402687498060234e-03
7.891267810827291146e-03
7.898620579221972762e-03
7.912162448764975195e-03
7.924445688748227301e-03
7.936648528741671246e-03
7.948909332596220192e-03
7.959234203912902983e-03
7.980146129207098607e-03
8.013004819452471811e-03
8.049286960569069713e-03
8.066360653252188304e-03
8.077753900205153492e-03
8.097982839313455639e-03
8.122831240887879584e-03
8.142843557817899813e-03
8.159371431040793668e-03
8.178341503906325083e-03
8.195756703916525984e-03
8.223903789160000657e-03
8.263961757448663042e-03
8.296009288268174978e-03
8.317091825673984459e-03
8.327423471437087749e-03
8.344426325691040383e-03
8.380782901100771939e-03
8.412841007010223027e-03
8.432898541453508201e-03
8.449835753820822762e-03
8.450700108391303103e-03
8.425358925214333078e-03
8.386584398831468598e-03
8.339040461931625584e-03
8.298931043375888661e-03
8.266885238662818533e-03
8.222247344797187565e-03
8.170174583366780763e-03
8.122264637742841742e-03
8.097259340842309985e-03
8.078773052143273237e-03
8.071774475866762971e-03
8.083205001895490266e-03
8.101979775844952991e-03
8.112375284990831076e-03
8.109041059489098535e-03
8.094624171653430969e-03
8.067461207887559327e-03
8.038943708887656692e-03
8.020481423413102634e-03
8.024165013015041939e-03
8.056737160945520379e-03
8.040544957004356133e-03
8.005415069873820372e-03
7.972912547659456381e-03
7.933226729055692372e-03
7.876322885768314436e-03
7.800921380464960475e-03
7.744748370529254064e-03
7.702450099736067070e-03
7.675032964148968163e-03
7.649224024972691056e-03
7.645876312978252924e-03
7.655299225423514882e-03
7.680457228434801366e-03
7.739374587488001209e-03
7.829624519408280581e-03
7.937653232094598124e-03
7.994878360657360281e-03
8.028839626106402255e-03
8.050985642104236187e-03
8.060413091314147863e-03
8.058697669404903119e-03
8.064525580415416589e-03
8.061278828060550530e-03
8.054997917664513327e-03
8.060987550377398531e-03
8.076879750634587823e-03
8.084008994888794777e-03
8.079678961301203430e-03
8.069367657223975795e-03
8.055709623792942087e-03
8.045420189788696219e-03
8.036397280755900110e-03
8.025620026353898900e-03
8.023330052989120428e-03
8.026475057280135425e-03
8.027411468642118089e-03
8.027000140785164189e-03
8.027596146806217914e-03
8.040144646066388692e-03
8.079312442877814235e-03
8.118905620271035101e-03
8.146370085552951876e-03
8.170578675457534912e-03
8.192392928601967619e-03
8.224698824254717336e-03
8.245560523027457150e-03
8.252466016600739848e-03
8.250586892058063559e-03
8.246565406891110186e-03
8.241547417641992279e-03
8.238097740062996777e-03
8.212301043422416680e-03
8.167693327689046212e-03
8.114483280746119520e-03
8.066640956792388295e-03
8.050714128198266720e-03
8.046368658637233218e-03
8.042812549458816865e-03
8.073252257735362078e-03
8.142322796265779455e-03
8.195142202959922184e-03
8.214652508324607472e-03
8.240819098800393136e-03
8.260686584526525864e-03
8.276128206403644827e-03
8.308334083242368412e-03
8.368456101437422509e-03
8.450598965205413995e-03
8.500616767685740399e-03
8.522245117517516025e-03
8.525894557930272302e-03
8.514053819890976885e-03
8.485511723285302579e-03
8.403399214593595262e-03
8.269481987252089508e-03
8.128877852612471575e-03
8.013535997523224194e-03
7.863843474478026882e-03
7.663487640539783617e-03
7.438794384110766940e-03
7.258013411526036997e-03
7.189075166500842259e-03
7.199198405247019504e-03
7.264178738972218094e-03
7.427102521230707563e-03
7.656112896192791492e-03
7.844449383208490847e-03
7.969796950784372586e-03
8.055966117836241974e-03
8.134202749447408745e-03
8.166390060481787047e-03
8.148560173760369812e-03
8.131884167058190879e-03
8.109623526395919740e-03
8.098679303503787327e-03
8.100346437718838194e-03
8.115649694371880260e-03
8.145468817150324295e-03
8.188387750062326581e-03
8.235027747120989006e-03
8.275427742320311253e-03
8.300046982609382909e-03
8.296895006394661154e-03
8.292378439624428429e-03
8.279667429475487395e-03
8.253458877800098209e-03
8.247303448185821020e-03
8.251853454547318154e-03
8.262799516606663189e-03
8.290583239835936508e-03
8.312503615922719677e-03
8.294954488672541884e-03
8.258453560394339241e-03
8.216791889134530957e-03
8.176850854683788417e-03
8.122025698797486620e-03
8.050142585318475694e-03
7.955245679423012320e-03
7.852600317528744128e-03
7.775791467952812563e-03
7.742706223304645849e-03
7.720799172970960016e-03
7.719451951490853558e-03
7.734205256746959703e-03
7.762253038336685597e-03
7.808762956814348580e-03
7.867935716578329172e-03
7.925505172825805106e-03
7.966391191549227618e-03
8.013400874179206837e-03
8.074136579767550795e-03
8.101513783803705390e-03
8.108927769688344458e-03
8.110150198064375662e-03
8.108554966952091769e-03
8.105565793401060468e-03
8.105189930831728159e-03
8.105426313931253166e-03
8.118803599397971318e-03
8.147780439772493027e-03
8.173656219447792901e-03
8.183933297389447276e-03
8.182312134547627125e-03
8.170849888550602014e-03
8.161767060831602236e-03
8.143944520995829994e-03
8.117429758825631461e-03
8.065002159085163380e-03
8.022053118706637745e-03
7.990665929124547359e-03
7.982169219989511746e-03
7.985732307638703301e-03
7.995968945912075229e-03
8.012681941991450785e-03
8.031094927262652852e-03
8.053344248258251237e-03
8.091801902373230854e-03
8.140929131581294345e-03
8.178074272639028128e-03
8.193518154804256548e-03
8.188070210392582246e-03
8.166602008265733820e-03
8.132539027879023136e-03
8.103395814032599356e-03
8.080183896315087586e-03
8.072112005620052377e-03
8.084764140697944107e-03
8.102825230934715059e-03
8.120498405363921549e-03
8.142147740285928664e-03
8.160063452561712449e-03
8.166636429762116206e-03
8.158277166823730414e-03
8.139564378026110589e-03
8.116848218241875385e-03
8.078082930776291429e-03
8.028392217565287481e-03
7.979848914930511017e-03
7.943646656352503985e-03
7.928125773176305374e-03
7.933127669673125867e-03
7.944153365395823646e-03
7.957148806895743623e-03
7.974564007364149179e-03
7.997350092968249710e-03
8.028149801082382769e-03
8.057913539145403550e-03
8.092693125963003678e-03
8.120789232761245827e-03
8.138077603397362095e-03
8.138876528489377010e-03
8.123364195702441337e-03
8.118389962937379301e-03
8.109941131495197394e-03
8.103145266517435691e-03
8.111035074412091886e-03
8.109489819263583296e-03
8.113351100678515421e-03
8.115580644768395635e-03
8.112585980360928137e-03
8.110362799945786128e-03
8.106824266060214113e-03
8.100269077598337697e-03
8.094071082598151834e-03
8.088256627999584891e-03
8.087217260882583608e-03
8.088774598881933592e-03
8.084757017543010155e-03
8.085565887173009822e-03
8.084659041904956184e-03
8.083755538047732864e-03
8.077596672952684284e-03
8.078395400203840920e-03
8.077869943957550689e-03
8.076081329792686794e-03
8.074330463562517587e-03
8.080620194282434055e-03
8.080404558536556647e-03
8.082924964791970285e-03
8.079349082806462634e-03
8.079888954777214236e-03
8.079698860993486317e-03
8.076891271665645813e-03
8.079992894866617689e-03
8.079082585129737648e-03
8.080614276651843647e-03
8.080020123346897190e-03
8.079529527208454201e-03
8.079719468774186966e-03
8.078524992381937164e-03
8.079612361211916186e-03
8.084227524698847991e-03
8.080952162650362550e-03
8.081697984274808025e-03
8.078925253080645671e-03
8.083679616905776327e-03
8.080845381882986733e-03
8.082507044153353776e-03
8.081062137767968875e-03
8.080180778262956859e-03
8.082297786057389757e-03
8.081484240181829176e-03
8.080955324293665615e-03
8.079413408000096081e-03
8.081598259796018632e-03
8.081474333605266624e-03
8.079556400514633502e-03
8.080050169186371589e-03
8.082482688111451707e-03
8.080496106900352665e-03
8.081590859265297411e-03
8.081243957980776410e-03
8.082475305588865400e-03
8.081010699452179785e-03
8.079744235330718269e-03
8.080989385007487924e-03
8.083677468998580473e-03
8.080265535825394141e-03
8.082368837677732232e-03
8.084605584972608464e-03
8.083217946319689456e-03
8.081866929267426947e-03
8.081673040463468669e-03
8.079961697247178484e-03
8.083380008426462038e-03
8.081462858566835009e-03
8.083442081648909566e-03
8.083267342325284321e-03
8.084402417615692976e-03
8.082637875808491856e-03
8.080939286425689247e-03
8.084243604355601659e-03
8.083199837699074283e-03
8.080902514203030032e-03
8.082966178414403499e-03
8.085911002151113802e-03
8.080247810600887232e-03
8.080495465365152702e-03
8.082059869236501298e-03
8.085565200891754040e-03
8.084319141825587265e-03
8.083932081499382166e-03
8.083811393046898622e-03
8.082926723298572771e-03
8.080406840998158313e-03
8.083375387257335856e-03
8.083724772349167725e-03
8.082869763226724347e-03
8.081172440752088654e-03
8.079257081492850073e-03
8.080628240125847447e-03
8.082526337077702155e-03
8.081464003164692475e-03
8.082836228532177050e-03
8.080822111275410419e-03
8.080894084819311221e-03
8.083474886909958884e-03
8.082508585358385428e-03
8.079633159969002582e-03
8.081646591608307104e-03
8.083702599280585127e-03
8.083456927583027030e-03
8.083405882484344385e-03
8.085797424015300772e-03
8.079129948651930446e-03
8.080066264606394419e-03
8.085097514203090988e-03
8.080175539357354123e-03
8.083508340966105710e-03
8.081541496977340602e-03
8.080808816055036134e-03
8.084227907828924267e-03
8.083863357156302956e-03
8.083394973094864058e-03
8.079624584525373077e-03
8.080457402741129599e-03
8.082010553836999414e-03
8.085394409768863894e-03
8.082899011737582420e-03
8.080430437339223421e-03
8.081246793902480477e-03
8.081415708522282290e-03
8.083174627770365467e-03
8.079399742636090773e-03
8.085735139706388963e-03
8.080751532231441811e-03
8.082275418456651150e-03
8.081751256201417585e-03
8.082858904434180383e-03
8.082780648689521716e-03
8.082962031774004394e-03
8.081199957341154982e-03
8.085601668237503079e-03
8.083993908680243284e-03
8.084577496456753221e-03
8.082405723737223768e-03
8.083694678763667443e-03
8.081691881379046358e-03
8.080405567920476845e-03
8.082555434229369423e-03
8.082738385056253277e-03
8.081269185193527479e-03
8.082898245863303494e-03
8.080218765481176832e-03
8.083465496364140510e-03
8.081125361636696050e-03
8.084739441031323082e-03
8.083021505750544872e-03
8.083076569092110045e-03
8.086327759331013790e-03
8.083243836849647243e-03
8.080969313692178482e-03
8.080812966782580792e-03
8.085942266719650315e-03
8.083516323541331539e-03
8.083269602225062050e-03
8.082855506115513983e-03
8.083765383822556772e-03
8.084218951086366567e-03
8.080927108652479277e-03
8.080734142958290178e-03
8.081547840855985224e-03
8.082308279153901237e-03
8.082695030869731234e-03
8.080185025225977702e-03
8.081043377651886753e-03
8.083454470444549969e-03
8.080827056585115561e-03
8.081072366540046487e-03
8.080777687341172619e-03
8.083428346876118248e-03
8.082309955452220140e-03
8.082698003971718059e-03
8.080940911372269317e-03
8.082547997442438362e-03
8.082886765698521145e-03
8.082229446777330212e-03
8.081851062473003472e-03
8.083272316811985353e-03
8.082606068606364505e-03
8.082890093744337506e-03
8.081796867976491494e-03
8.081204195772377294e-03
8.083414587121142206e-03
8.085140252018008233e-03
8.088222668936433102e-03
8.083911101969277688e-03
8.083023741758199945e-03
8.081871471114164193e-03
8.083184078694616997e-03
8.085979217630935925e-03
8.081504873650008011e-03
8.081518527072421507e-03
8.084261152731647346e-03
8.083515398556617715e-03
8.084369120301438186e-03
8.083718358146257596e-03
8.080782687225573219e-03
8.083726185123769892e-03
8.083262346550230265e-03
8.084463113086338970e-03
8.085191699517130237e-03
8.084188837112605761e-03
8.082600893108788861e-03
8.082268476740232452e-03
8.082173467665198022e-03
8.081000478546243940e-03
8.081451910096640323e-03
8.079441762264976540e-03
8.083387911715849555e-03
8.082062020801372010e-03
8.085518437833554006e-03
8.083761908230577622e-03
8.081429406745757951e-03
8.080551801086962443e-03
8.083789813081524930e-03
8.079123709503662973e-03
8.081743192818081553e-03
8.084997843645245694e-03
8.080759400107129578e-03
8.081004703082827340e-03
8.083605283393564475e-03
8.081115705313180950e-03
8.083530636595068555e-03
8.081455093309156817e-03
8.082414956212648563e-03
8.081505032535770197e-03
8.085364503389978405e-03
8.082068317398641635e-03
8.083585741552726245e-03
8.084315954310175925e-03
8.082841062056547732e-03
8.081569448407694908e-03
8.082247098158088297e-03
8.082712887685505540e-03
8.081999724817262934e-03
8.081947153126035205e-03
8.080956900054295233e-03
8.085933692010119356e-03
8.082508350678186543e-03
8.085019193085110981e-03
8.081744792564498486e-03
8.079454116229688870e-03
8.079817181140218699e-03
8.080982275118242866e-03
8.082155953069266457e-03
8.083651218690281887e-03
8.081685213483385394e-03
8.081183047903440358e-03
8.086440134069061703e-03
8.081943671351850267e-03
8.083667644484772083e-03
8.082632793029835561e-03
8.084833243956547275e-03
8.082984972297993509e-03
8.081524977602795243e-03
8.080551191932516808e-03
8.080888803818500957e-03
8.083691370502757434e-03
8.079991030792344278e-03
8.082026536169625158e-03
8.082450312306921347e-03
8.085198341832822502e-03
8.083645850938094707e-03
8.081119114527931732e-03
8.082845579540785114e-03
8.083249280447526997e-03
8.082704421373284806e-03
8.081690569492060161e-03
8.082364419359132357e-03
8.080027542331202559e-03
8.082059278816080411e-03
8.082080621356298178e-03
8.083471144661267399e-03
8.081741064872196081e-03
8.082406911869200253e-03
8.083416371059869848e-03
8.081503182484890344e-03
8.085496631099029982e-03
8.082708036884411404e-03
8.082868402951184569e-03
8.082498185547695724e-03
8.081073313269879904e-03
8.082565086175110339e-03
8.079652502744746542e-03
8.080336014123976757e-03
8.082629417037049888e-03
8.084369862285400304e-03
8.087548837478350516e-03
8.082724010782880997e-03
8.081547326019504485e-03
8.082986190267569399e-03
8.082747410908046673e-03
8.082259949120691386e-03
8.078861509664405846e-03
8.083885729919863122e-03
8.083672567321672359e-03
8.081347035259258196e-03
8.083065744854464954e-03
8.083945280987599874e-03
8.080863127832021639e-03
8.082985280858000915e-03
8.079912437387454238e-03
8.080755364343295347e-03
8.082451407351575259e-03
8.084354470447372223e-03
8.080638850073285431e-03
8.084127988896707556e-03
8.080620755513981401e-03
8.080509408970688520e-03
8.082198840501134476e-03
8.085843944463433353e-03
8.084557250666380909e-03
8.082058366979125510e-03
8.083656564339122136e-03
8.083237557440536500e-03
8.082081468956977058e-03
8.082989055825716071e-03
8.082391893154995677e-03
8.082661935631703723e-03
8.082014780633181572e-03
8.084116683344154397e-03
8.085870361278108334e-03
8.081436165383671169e-03
8.084565559953012931e-03
8.082146650912299876e-03
8.083993076486674020e-03
8.082484098965293448e-03
8.081994663398614151e-03
8.083356723139712915e-03
8.082724463088291136e-03
8.083315720505652308e-03
8.082991081522276217e-03
8.081839092754920448e-03
8.082821955425971427e-03
8.083895368138721560e-03
8.082111516789055455e-03
8.081274524101053625e-03
8.082472867926829632e-03
8.083944024077954066e-03
8.083973101243873902e-03
8.086708676602494261e-03
8.084138442180649128e-03
8.082217866598165670e-03
8.083336584721819568e-03
8.081551363227105697e-03
8.082814432339265748e-03
8.081271883321035354e-03
8.084941250762193998e-03
8.081029728298810139e-03
8.081849707984849890e-03
8.083003056892853339e-03
8.085839192107754231e-03
8.082379612408726807e-03
8.081799023539839102e-03
8.081345725269748967e-03
8.083709973957450834e-03
8.083396706157220876e-03
8.080496926297855639e-03
8.084921013700650111e-03
8.081554254830269207e-03
8.081052923843588462e-03
8.083210668207127178e-03
8.082648449991456860e-03
8.082510221065800429e-03
8.083522611564815386e-03
8.082593229349557470e-03
8.084790031645323199e-03
8.083012745940528626e-03
8.085139985990195607e-03
8.083297167432180672e-03
8.080918977783424842e-03
8.080897350935541124e-03
8.084348121200029061e-03
8.080520938809168316e-03
8.082405534756652993e-03
8.081241983363074421e-03
8.083129543751305796e-03
8.082080765718088061e-03
8.082630825988408249e-03
8.082431278795097415e-03
8.082130255399354313e-03
8.083791393383795917e-03
8.082886994901478106e-03
8.083855109226382313e-03
8.084362288963789847e-03
8.083829033912665052e-03
8.081628661099640731e-03
8.083708751369550125e-03
8.084691195500202585e-03
8.084754135138146752e-03
8.082985036274987350e-03
8.082043704052497418e-03
8.082340185388807094e-03
8.082653399393483970e-03
8.081271112983260882e-03
8.084270532058823386e-03
8.079980364921725278e-03
8.081135064244595462e-03
8.083038972904516353e-03
8.083642224772612239e-03
8.081084413783573908e-03
8.082562505735274572e-03
8.081102334873111609e-03
8.080720942923037831e-03
8.079306205651655068e-03
8.084808413713858929e-03
8.083562199896440412e-03
8.085046945545827646e-03
8.084914742841241980e-03
8.082256145107640649e-03
8.082604434493939269e-03
8.082902822397769124e-03
8.082541259023939828e-03
8.079686486566694040e-03
8.082668014592241795e-03
8.083078493876292778e-03
8.082193269307839587e-03
8.085490677340722437e-03
8.082533872447046283e-03
8.085406362475856465e-03
8.083193037941485692e-03
8.080955789000827255e-03
8.080515552959891337e-03
8.083163864042102603e-03
8.079475138587805319e-03
8.083030054539707548e-03
8.081060367504694364e-03
8.082782662232104384e-03
8.083840676367113481e-03
8.084629846546866755e-03
8.080888326648725042e-03
8.083511980249787413e-03
8.083170766446393096e-03
8.083655884577772496e-03
8.083367556148135513e-03
8.083250438089368758e-03
8.084470387185804102e-03
8.081680699362122841e-03
8.082523325648936080e-03
8.080482424180445919e-03
8.082666234852996928e-03
8.082558891971149823e-03
8.080778119672853491e-03
8.082009086309396503e-03
8.080277656828732322e-03
8.082779213514461325e-03
8.081141910041304485e-03
8.079785125863752498e-03
8.082536840465219530e-03
8.081746366601217160e-03
8.082581072656760957e-03
8.081654295201504482e-03
8.081762925262969688e-03
8.083853174562892138e-03
8.082758172283318471e-03
8.085482200761945001e-03
8.082371091725118473e-03
8.085140229724934596e-03
8.081224291948956029e-03
8.085153258883542512e-03
8.083647341138394671e-03
8.081393776184253239e-03
8.081447798355293616e-03
8.083336133166682536e-03
8.082653584078286144e-03
8.081725241076457081e-03
8.080355418664971617e-03
8.085320213726276267e-03
8.082679775728268678e-03
8.086355207249895996e-03
8.081806177336482711e-03
8.083812043502754466e-03
8.083658241789422327e-03
8.086157359741070333e-03
8.079773703289185732e-03
8.081860849131039526e-03
8.082610153265045241e-03
8.084852684522641705e-03
8.081239422999453650e-03
8.080784750720488088e-03
8.084888444261405585e-03
8.083280792532640188e-03
8.084788632199852235e-03
8.084002822096227753e-03
8.081302643404810609e-03
8.082649206283662804e-03
8.083996424233885411e-03
8.080390025529474163e-03
8.081975554094631212e-03
8.080821954935157175e-03
8.081206043427548516e-03
8.084443714033431524e-03
8.082296734717558592e-03
8.081430130822039523e-03
8.081245383478085145e-03
8.084023133005619616e-03
8.081929486966715065e-03
8.079163773910278193e-03
8.083504302941696071e-03
8.079945067564374070e-03
8.084862920503319353e-03
8.082340464537691657e-03
8.082905579409032509e-03
8.081626895160454183e-03
8.083644861324535205e-03
8.084144583212545671e-03
8.081862345988783183e-03
8.084479624542936782e-03
8.082220186479575907e-03
8.080723248885039040e-03
8.084102459345220842e-03
8.080910739621605457e-03
8.084214802488744883e-03
8.084298663565650522e-03
8.079457056054601891e-03
8.083215470826162277e-03
8.084705862888506497e-03
8.084036675237948194e-03
8.081983949679684767e-03
8.081400799589114406e-03
8.085010957466458661e-03
8.081604744861524067e-03
8.084115240245120029e-03
8.082632061353430333e-03
8.083562571107755571e-03
8.084161179176709358e-03
8.083575827901208488e-03
8.082161251075005437e-03
8.081527702289894449e-03
8.083534393267604104e-03
8.080910744271151830e-03
8.083382011368177300e-03
8.081796950387812317e-03
8.080433825194875685e-03
8.081973971268684512e-03
8.081043567022544796e-03
8.081343178972091867e-03
8.080869430527349087e-03
8.081266720877409993e-03
8.081397101810916181e-03
8.082618673553384689e-03
8.081061994747472388e-03
8.082330356092111076e-03
8.085677043936603803e-03
8.083020351219067506e-03
8.083116648691438672e-03
8.083122837141073352e-03
8.082066031781789603e-03
8.082435977895976661e-03
8.081188032681459535e-03
8.080422141151472754e-03
8.080748616189587646e-03
8.081483544385542270e-03
8.082361665160676251e-03
8.082653358891274745e-03
8.081549451640274162e-03
8.082684936279975127e-03
8.083571168093233242e-03
8.082617029528858799e-03
8.080349991252188530e-03
8.085190881117554698e-03
8.084787808895179534e-03
8.082444513232908689e-03
8.084980452132465439e-03
8.082295958551167017e-03
8.084273192169909653e-03
8.081843713393684417e-03
8.082338262473402063e-03
8.082253716355174145e-03
8.080661254063592480e-03
8.082028221255671552e-03
8.081294087502693610e-03
8.083794498085387220e-03
8.082584662930027142e-03
8.082872214087937976e-03
8.085219342419836669e-03
8.080800513548484082e-03
8.080706542881144552e-03
8.080770509142886845e-03
8.084391208273582208e-03
8.084664871440931655e-03
8.080451321362812009e-03
8.083746096095623807e-03
8.080128230838399400e-03
8.081753237911078538e-03
8.081328570435385161e-03
8.083393634572857284e-03
8.080416954767011967e-03
8.079364845715421642e-03
8.081433425273974736e-03
8.083057784747289115e-03
8.083009425725522917e-03
8.084461162152445368e-03
8.082797977076689594e-03
8.082427550554561677e-03
8.079872753927245382e-03
8.084348341826474993e-03
8.082291618991569934e-03
8.082601188364983355e-03
8.080596939567188594e-03
8.080047534151542366e-03
8.082004874335699598e-03
8.083451840834029317e-03
8.081746690579068651e-03
8.085405100596071773e-03
8.082906306586371686e-03
8.081403425305076771e-03
8.082787207405555535e-03
8.084352158819203826e-03
8.086234782564547321e-03
8.085143646019929756e-03
8.082533835698936520e-03
8.081926810520423041e-03
8.082948596232176000e-03
8.082682334858641571e-03
8.084320199480856187e-03
8.081837393746800491e-03
8.083733038159028952e-03
8.083412328541338121e-03
8.084605802657735332e-03
8.083764703932742185e-03
8.083543516347760013e-03
8.083221065274480074e-03
8.082762458897545244e-03
8.083414854583205120e-03
8.084648433555587099e-03
8.083840741421134679e-03
8.083676432921299213e-03
8.082793956106920641e-03
8.080219918370573629e-03
8.083047778918118695e-03
8.085160783495290437e-03
8.082362575234879748e-03
8.084432466037865320e-03
8.083537795324608269e-03
8.083855174547977668e-03
8.084215349467986297e-03
8.083007156615676717e-03
8.083540615932832685e-03
8.086339685684668446e-03
8.081895170569963066e-03
8.079258931101536770e-03
8.078646078111512141e-03
8.084298547243117319e-03
8.082574955480993292e-03
8.080742835741720753e-03
8.083060224097935939e-03
8.085010671995138468e-03
8.081026791076582547e-03
8.084007912731758921e-03
8.081188701614647890e-03
8.081617043697555264e-03
8.081374435668432429e-03
8.083528435241519455e-03
8.080769348858214685e-03
8.081397684606595952e-03
8.079807483076632130e-03
8.083644267583674908e-03
8.081159110697335932e-03
8.083820171483211553e-03
8.079598180851679454e-03
8.080103509735172412e-03
8.084244278810409634e-03
8.084618713047924538e-03
8.084062394983732719e-03
8.084147434431117676e-03
8.081347300904543479e-03
8.081622133022797749e-03
8.081232035659103100e-03
8.084111602712646880e-03
8.083899472866345332e-03
8.082524139368010840e-03
8.083787032102661071e-03
8.082751930058505035e-03
8.082456626338300684e-03
8.080464608776765853e-03
8.080716874024257423e-03
8.080360658454110653e-03
8.081682163008988007e-03
8.082367124644770223e-03
8.081728010437131890e-03
8.080477640777836146e-03
8.083262897308384626e-03
8.083152508975384107e-03
8.084985632457278651e-03
8.082080217685364693e-03
8.083158467264862229e-03
8.082613030423639947e-03
8.083792874296455780e-03
8.081301340856191298e-03
8.082989146740441472e-03
8.082919625002075309e-03
8.082383340811242350e-03
8.081659901751109265e-03
8.080736038138851274e-03
8.083519550980591828e-03
8.083187878137250773e-03
8.084068836671154043e-03
8.079976474794230840e-03
8.082373733429288123e-03
8.082839991393154719e-03
8.080714964488960178e-03
8.084115149500966518e-03
8.080662736521901368e-03
8.082649878720144301e-03
8.081219999631421638e-03
8.084041592987104008e-03
8.083409995772885756e-03
8.085313615974322118e-03
8.083058538866693191e-03
8.081041946624501621e-03
8.083559139451751072e-03
8.083568479714461907e-03
8.082651574589311619e-03
8.083691815020549801e-03
8.083842454990913806e-03
8.081839530067318547e-03
8.081399744613989786e-03
8.080968540282775989e-03
8.083178934492236956e-03
8.083025538713066102e-03
8.081933486399623182e-03
8.085204677297218659e-03
8.084206735745913877e-03
8.084268141674054789e-03
8.086321329318963205e-03
8.081765190028011858e-03
8.082029939680806380e-03
8.081735813553880127e-03
8.082299603122851395e-03
8.081223537334309218e-03
8.080617346977387802e-03
8.085392558642304564e-03
8.082534466000721243e-03
8.084434174736669296e-03
8.083151359466977243e-03
8.083519736987445845e-03
8.079966999404566974e-03
8.080896848020867676e-03
8.084032526883368208e-03
8.085037196781576924e-03
8.084349080028543910e-03
8.080895730250049064e-03
8.081326708657295826e-03
8.082917552233812725e-03
8.081058595611272447e-03
8.084174105653508038e-03
8.081674314303996520e-03
8.081887145046548829e-03
8.081855311677467457e-03
8.082543218229851917e-03
8.082417363193736964e-03
8.084001676028020403e-03
8.082877893116322682e-03
8.082658458324723169e-03
8.080729645850067908e-03
8.083658696325806553e-03
8.084331427629747741e-03
8.082043849621576778e-03
8.082579177443302565e-03
8.081768843047801298e-03
8.082445482034815443e-03
8.083542937200502085e-03
8.083302261674162048e-03
8.080293076025337612e-03
8.082495419018122587e-03
8.082816991035524090e-03
8.082171749107171232e-03
8.083361040381941559e-03
8.082481881232306611e-03
8.083613069472700072e-03
8.084293778254779406e-03
8.082116299599069811e-03
8.086071160512797729e-03
8.084531607290727090e-03
8.081016575889542544e-03
8.083072468598554230e-03
8.082670406618738812e-03
8.082476305051627952e-03
8.082170734834800280e-03
8.083510342410013885e-03
8.085333053872123879e-03
8.083210085293919892e-03
8.083405626721237511e-03
8.080938870965602774e-03
8.083788794615446097e-03
8.083260015398625181e-03
8.083932886509520577e-03
8.084474299846130044e-03
8.082847685897662227e-03
8.081899867249340078e-03
8.083576591371295986e-03
8.083152861968759956e-03
8.080794693402349946e-03
8.082080614403118826e-03
8.079693347989311616e-03
8.079829888869209317e-03
8.084376627404719212e-03
8.083542673354631586e-03
8.080768778144899536e-03
8.082828528016318403e-03
8.083732386637513395e-03
8.079692465677006802e-03
8.083353545878482760e-03
8.083634656747709299e-03
8.084494919579139627e-03
8.079323600329202382e-03
8.080585361049188314e-03
8.080215100367762679e-03
8.082137800054725249e-03
8.083133932188289392e-03
8.081843603587096983e-03
8.082318890381495757e-03
8.083925351451649519e-03
8.081715542715700237e-03
8.082308515801203685e-03
8.083925636813213758e-03
8.083774819217702523e-03
8.080217819192915540e-03
8.085487369876081729e-03
8.081754372182163582e-03
8.083109502631812687e-03
8.082427471758893769e-03
8.082883423140918913e-03
8.081979604072538070e-03
8.083979956463734420e-03
8.083639482062126430e-03
8.082180295882541998e-03
8.082572408872296804e-03
8.080476226942273632e-03
8.081787879077324821e-03
8.085463879128635539e-03
8.082739936794538019e-03
8.085843804545482863e-03
8.082404800377388995e-03
8.082808638376732038e-03
8.083729726643262489e-03
8.082497054842296622e-03
8.081267572757655157e-03
8.082878748876684560e-03
8.083047946104133727e-03
8.079328317533466738e-03
8.083193545195979310e-03
8.083127778320981296e-03
8.083544309844733003e-03
8.083329698391069143e-03
8.081950234179246378e-03
8.082758506647936061e-03
8.080773517617429250e-03
8.082186045950455131e-03
8.080140202853955400e-03
8.082382436375382811e-03
8.080343684844297839e-03
8.082477479152160027e-03
8.081827090378858672e-03
8.084404469988936554e-03
8.083701541269978919e-03
8.081739840471930877e-03
8.085713543325559471e-03
8.081377580696840271e-03
8.081324924149960523e-03
8.082118250442471563e-03
8.081792134167058508e-03
8.083725830885476679e-03
8.082195315663700391e-03
8.082831697764285978e-03
8.080286716662806248e-03
8.085241701284681323e-03
8.081333616924778196e-03
8.085061862998680488e-03
8.081161600126802319e-03
8.079588952989774295e-03
8.085023525435230257e-03
8.081300537805020598e-03
8.082835028508131639e-03
8.082066805880402938e-03
8.082180648781729301e-03
8.085194829746388326e-03
8.079884777958987879e-03
8.083997771787743841e-03
8.082924611568955212e-03
8.079751460929438314e-03
8.080551197402519731e-03
8.082654626865484748e-03
8.081949393027717740e-03
8.083001555180947470e-03
8.080628211627508342e-03
8.081100847068416193e-03
8.081804202970643489e-03
8.086736000935760768e-03
8.085329642262025288e-03
8.084131412095156219e-03
8.079807299256799510e-03
8.084676061378144596e-03
8.080908973936658246e-03
8.085603914694951960e-03
8.084453490833958672e-03
8.078899411894102656e-03
8.084044708163434442e-03
8.084534752331680452e-03
8.081248968542713990e-03
8.082144910537937890e-03
8.084286693318017136e-03
8.080174689136123897e-03
8.081710715839551459e-03
8.083249583660445312e-03
8.082391759950284527e-03
8.084386303655603095e-03
8.079953405938975972e-03
8.080355205397475940e-03
8.078366185395830651e-03
8.084525221259748762e-03
8.079772361510115936e-03
8.080632332476026664e-03
8.081971136767757136e-03
8.081119325722058155e-03
8.084342905391833992e-03
8.084436294033159331e-03
8.084584821560485135e-03
8.080451785436749274e-03
8.084731829966412819e-03
8.082080234108442868e-03
8.082726132596421836e-03
8.083713596512382207e-03
8.083653238537715294e-03
8.083801222934115446e-03
8.081136513683239223e-03
8.082032406503340816e-03
8.082557068206453268e-03
8.082435335229528825e-03
8.081327543338307634e-03
8.086313020413307684e-03
8.083435298670029606e-03
8.083893914087198276e-03
8.085625267655325785e-03
8.080708578099679920e-03
8.080176459077726900e-03
8.082448575964880713e-03
8.081107781703972953e-03
8.082387628107737601e-03
8.079781340302630982e-03
8.079754637930232700e-03
8.079991855883171537e-03
8.080659569622207494e-03
8.084829136959100285e-03
8.082722134131596972e-03
8.083243762542815722e-03
8.083929146740161803e-03
8.080699703420167815e-03
8.081667818619554799e-03
8.080885604854631116e-03
8.082202945902582092e-03
8.080058037611104541e-03
8.082528828768384063e-03
8.081742823442039647e-03
8.080645534250316744e-03
8.084666520743499438e-03
8.080959588067414615e-03
8.082177883367720403e-03
8.082492566853831384e-03
8.081241274770013458e-03
8.081226396620387956e-03
8.083563935271476791e-03
8.079855388350034792e-03
8.081671430041879184e-03
8.081455421688719942e-03
8.082914559804612459e-03
8.082906965438374156e-03
8.081841591920921331e-03
8.085002235391838821e-03
8.084062395222513936e-03
8.082765336573217649e-03
8.082225037141860940e-03
8.080921395585607264e-03
8.082897303590430918e-03
8.080453869528596289e-03
8.082551761673570020e-03
8.086739221911897618e-03
8.083348194367349221e-03
8.085098782467827275e-03
8.083793433858696073e-03
8.084384349531502714e-03
8.082702121216828878e-03
8.085976032843261024e-03
8.082408055193378640e-03
8.082401103197777922e-03
8.081631016302562309e-03
8.083304457692785938e-03
8.082344877481235229e-03
8.081510863551698981e-03
8.082227509905604707e-03
8.083213078856692560e-03
8.083165796165765055e-03
8.081616409430888298e-03
8.082763022412732881e-03
8.081768274860758744e-03
8.082861046085488069e-03
8.081809202010379473e-03
8.082280112109973061e-03
8.082982967746945788e-03
8.083056223852408753e-03
8.080583814567509487e-03
8.081143899757673582e-03
8.084859906266339546e-03
8.083107259570877778e-03
8.080896395864489365e-03
8.084178329421083317e-03
8.082536935908128314e-03
8.086293684473109741e-03
8.082397845368237063e-03
8.082556807107585048e-03
8.084159497280045750e-03
8.081738617950116194e-03
8.080595142028652172e-03
8.084595531573127505e-03
8.087639546697281828e-03
8.083489077070706713e-03
8.080760854310323205e-03
8.081647009472746335e-03
8.082515699650681326e-03
8.082062564416295919e-03
8.083395819254077935e-03
8.082754505026993469e-03
8.083051865714813156e-03
8.082020718182585106e-03
8.082641379922385003e-03
8.083538749339031285e-03
8.082451320499348460e-03
8.082978976696736720e-03
8.083848946890924425e-03
8.084139901018996127e-03
8.079531492389857225e-03
8.084555201947082534e-03
8.080546172741516486e-03
8.080079291550244444e-03
8.080384992068329747e-03
8.080819616954056789e-03
8.084127822687657561e-03
8.082308967204850786e-03
8.083856062889667807e-03
8.084184802186871951e-03
8.084091334386440258e-03
8.084095967276633266e-03
8.082223772470037079e-03
8.080499649907365439e-03
8.085623699380015822e-03
8.081754376242955215e-03
8.084152948788468629e-03
8.084701251359792049e-03
8.081145703346776302e-03
8.078874964082662438e-03
8.085243078811213402e-03
8.081397701547607046e-03
8.080643558023034231e-03
8.083782954606502646e-03
8.084188734548906907e-03
8.079832768473895963e-03
8.081103019283266894e-03
8.081780139580439434e-03
8.081995999565693908e-03
8.083964618991168125e-03
8.081889609850919851e-03
8.081138380962202619e-03
8.085461755253367175e-03
8.081351772160665775e-03
8.086644420663065616e-03
8.083054884270437362e-03
8.078839121886650931e-03
8.081371357110119641e-03
8.082200387383808513e-03
8.080454980200622861e-03
8.082303538924534222e-03
8.081408171519258860e-03
8.081861131395761538e-03
8.083106933393622434e-03
8.084223870042123172e-03
8.083036649144056257e-03
8.082249000748456536e-03
8.079307391496084664e-03
8.083975274762504604e-03
8.081700971045113063e-03
8.082274921761212899e-03
8.082240641718210772e-03
8.082184289183778556e-03
8.081100890470069992e-03
8.083385117790857152e-03
8.085087757976828354e-03
8.084454415257768742e-03
8.082812610801756378e-03
8.082780286117642946e-03
8.084687296074082041e-03
8.082975106113209421e-03
8.082211149878651760e-03
8.083506234975394028e-03
8.079575897714269539e-03
8.083991763211744244e-03
8.082772799953393678e-03
8.082592337011498124e-03
8.083474729723975905e-03
8.079233883896865323e-03
8.083948430021230952e-03
8.083624947973894886e-03
8.080632219232535690e-03
8.080880421934975161e-03
8.081446066330967570e-03
8.083758572356049624e-03
8.082468108362887010e-03
8.083425513362087200e-03
8.082256265733247375e-03
8.083040477695377715e-03
8.081934610614819811e-03
8.082543096695097434e-03
8.081650897903245798e-03
8.083859170782919587e-03
8.081873263756709017e-03
8.083879644713859100e-03
8.078101147829743964e-03
8.081503992146524956e-03
8.084999040756954067e-03
8.085400512637485812e-03
8.082210135506213283e-03
8.081571059654532249e-03
8.079274742346494176e-03
8.081956941027600844e-03
8.083412916810537099e-03
8.082840023770529805e-03
8.080003067296977551e-03
8.085661646456670376e-03
8.082607522757153870e-03
8.080769368965607866e-03
8.081115810785520145e-03
8.083228211419159551e-03
8.082711343515784630e-03
8.084569691184820966e-03
8.082838989139466690e-03
8.084981586837012776e-03
8.083091647541123734e-03
8.081843086218218342e-03
8.081437582674638048e-03
8.083045839391178600e-03
8.082832651061617676e-03
8.083190978256280315e-03
8.082880156722451609e-03
8.083257916724480990e-03
8.083342431841866391e-03
8.081433768684810962e-03
8.083854487272876255e-03
8.081926225944819839e-03
8.084599016145730191e-03
8.085141165877756525e-03
8.082383649967269518e-03
8.082991449469759462e-03
8.081314105547779750e-03
8.082254018417677627e-03
8.083744964497879479e-03
8.083206466198939594e-03
8.079600813719025471e-03
8.081949381291426981e-03
8.083365191626045235e-03
8.084074913383226813e-03
8.082077914782827624e-03
8.083905397524583300e-03
8.081459890504710808e-03
8.080501574472532395e-03
8.082375525272713496e-03
8.082101565115844266e-03
8.082856495311150843e-03
8.081707898012968280e-03
8.082733217146977414e-03
8.082713363219850081e-03
8.083744363128256977e-03
8.084136004916555457e-03
8.081409466873882771e-03
8.083394959601808427e-03
8.082038056123196090e-03
8.082615920727710679e-03
8.080924752700776453e-03
8.081538063024243032e-03
8.083523803323370074e-03
8.082578586456392114e-03
8.080395001758410023e-03
8.083145152961903473e-03
8.081799988920900651e-03
8.081432975118242601e-03
8.081752767829256112e-03
8.082844325568239521e-03
8.084671777359414557e-03
8.085717378485825224e-03
8.084898113685611357e-03
8.080175550556277855e-03
8.081767157540524146e-03
8.081751651121774419e-03
8.084398678473759398e-03
8.082448886045846825e-03
8.081858146141030624e-03
8.083506465115844128e-03
8.083647448586724418e-03
8.083232453678071763e-03
8.083763548226314058e-03
8.081725798084185217e-03
8.080057075842939432e-03
8.083107615589380651e-03
8.082923292220078534e-03
8.081625661348316655e-03
8.084002662143614099e-03
8.082773887272026378e-03
8.083611575044346437e-03
8.081883653349504482e-03
8.082560831976948190e-03
8.084196624458734812e-03
8.081353498512307276e-03
8.083400884216381671e-03
8.083980155875612056e-03
8.080782993001448325e-03
8.081398587229679867e-03
8.081039818885674478e-03
8.083820651759391490e-03
8.083718846965222068e-03
8.082325087058115504e-03
8.078872281676011471e-03
8.084079510354350018e-03
8.082454553414835860e-03
8.081376035501946359e-03
8.085723361960128058e-03
8.081134395767042636e-03
8.086445955945499239e-03
8.083174773645918423e-03
8.081736732416883173e-03
8.083574455503927600e-03
8.082666286946867812e-03
8.084583176708824009e-03
8.083426609347191955e-03
8.085644875120104325e-03
8.082234667620941809e-03
8.082342891092896692e-03
8.084596254196045606e-03
8.085674528920418908e-03
8.083863840706792536e-03
8.082252389223601105e-03
8.084124688489107563e-03
8.081987170384661787e-03
8.083120242812470713e-03
8.080903174461218433e-03
8.081901227659320924e-03
8.082239144149652027e-03
8.083857809903317870e-03
8.085278618293041328e-03
8.082339489559149312e-03
8.079446201804191957e-03
8.082024545548543992e-03
8.080446035218733988e-03
8.081319710102737031e-03
8.083596312357489017e-03
8.082664278574137537e-03
8.081999367732174006e-03
8.081755086102660954e-03
8.081199195857214843e-03
8.084749608734394938e-03
8.081599490608951109e-03
8.081889993464990915e-03
8.082641292246369250e-03
8.081637643094739809e-03
8.082439917686578060e-03
8.081269491812339417e-03
8.082195987242612664e-03
8.081740242469104274e-03
8.085158533407306447e-03
8.083052458129996037e-03
8.082079273130302055e-03
8.081057960623753283e-03
8.079512477045783583e-03
8.082538923888013191e-03
8.082274205155105112e-03
8.080999175800820250e-03
8.085470968056757135e-03
8.080637854713546356e-03
8.081863858517487897e-03
8.083121434676125358e-03
8.082722273304816796e-03
8.081591234522473438e-03
8.081670524436793471e-03
8.079714003850437323e-03
8.083089602581763899e-03
8.080656438044736198e-03
8.080823221741618989e-03
8.083266785775035726e-03
8.083497821575386100e-03
8.080077777760078309e-03
8.082323230110589202e-03
8.081771420865035277e-03
8.084393674814586636e-03
8.083663595952019984e-03
8.082233423806397393e-03
8.081362103748091635e-03
8.084103374142901158e-03
8.081252898811978544e-03
8.080538705539600658e-03
8.081169560700401933e-03
8.080169554054966730e-03
8.082037736341749976e-03
8.083970842916822497e-03
8.081446892198911047e-03
8.082824230719008740e-03
8.081391496312777603e-03
8.081115441436866054e-03
8.082318141456800928e-03
8.084547253038336032e-03
8.080563265926734434e-03
8.080788796765093346e-03
8.083618799631217891e-03
8.084321625678982798e-03
8.082880086245946769e-03
8.081991160713440994e-03
8.080369808290691763e-03
8.082227033116718556e-03
8.084074486521253960e-03
8.081508383163803905e-03
8.082649610341588811e-03
8.084384330475057057e-03
8.084855341601566645e-03
8.083911268604830266e-03
8.081302833188998974e-03
8.082774201610893813e-03
8.082966224421946760e-03
8.079199109351991454e-03
8.083161305340858666e-03
8.085063474669524144e-03
8.083194380086708777e-03
8.083068066999127277e-03
8.082640747972148071e-03
8.083388285060805201e-03
8.083918534706070053e-03
8.085096439512110683e-03
8.081296424808662171e-03
8.084618932763002266e-03
8.079358848656726516e-03
8.083582480616958305e-03
8.079569917509587390e-03
8.084604443663231596e-03
8.082543349404060565e-03
8.081964143542900297e-03
8.083833949278772246e-03
8.083423644860181917e-03
8.081676803433711365e-03
8.083946292908270395e-03
8.081430144737311236e-03
8.086726777068056413e-03
8.080967727644591814e-03
8.082827607102492304e-03
8.082300095286583039e-03
8.082072748236621140e-03
8.084173083209467148e-03
8.081073348890705638e-03
8.081077091143010552e-03
8.080880170610068094e-03
8.083636384394949845e-03
8.084637853738458821e-03
8.081872112714593229e-03
8.083035944000524151e-03
8.081402626782054760e-03
8.082468237723836046e-03
8.083583363262987487e-03
8.083865079605614609e-03
8.080694064669364726e-03
8.082050775630567063e-03
8.080294549829501391e-03
8.081382023212806479e-03
8.084743817493437665e-03
8.081452448722235837e-03
8.081546228415713642e-03
8.081749074249487685e-03
8.083060023811214703e-03
8.083043731534296505e-03
8.082052878888650385e-03
8.082598334902196119e-03
8.086155731047477147e-03
8.082543809693896325e-03
8.084041240086737093e-03
8.086586918220667677e-03
8.082982529276064657e-03
8.079793596759260108e-03
8.080802057615174561e-03
8.081451595346405767e-03
8.083966492669718978e-03
8.081846481070624477e-03
8.081770291932762959e-03
8.081169571770329893e-03
8.081051740885006676e-03
8.084671694374266290e-03
8.082304059872527299e-03
8.081530632475537185e-03
8.080303088199474251e-03
8.084478098324911557e-03
8.084399824223313658e-03
8.081911512290429478e-03
8.081645636056738677e-03
8.082459076487224711e-03
8.081439869175718535e-03
8.085073685179392303e-03
8.084719385891721982e-03
8.083152361411164583e-03
8.081090629945594794e-03
8.082468911568517489e-03
8.084429167691266002e-03
8.082197958417370806e-03
8.080861778641063031e-03
8.080751194778662549e-03
8.081953652667997132e-03
8.081420687834035138e-03
8.082917181959107730e-03
8.082854374352670818e-03
8.080137211530809618e-03
8.080408913774567159e-03
8.084089487083202796e-03
8.084603997539919693e-03
8.085897592743435808e-03
8.080880774205462247e-03
8.082596893702293644e-03
8.080345462740536056e-03
8.085848450282382208e-03
8.082158579440890112e-03
8.083844636032797362e-03
8.082124982817327080e-03
8.079962648886470158e-03
8.082541856812617762e-03
8.082912917111184994e-03
8.083801799799075760e-03
8.081337309949289394e-03
8.081510930474723395e-03
8.079825290402005075e-03
8.083687537083756799e-03
8.082631980461791460e-03
8.084216967820741923e-03
8.079874283552928443e-03
8.081071793216900584e-03
8.082878486087618011e-03
8.083436366121464142e-03
8.083352628840736673e-03
8.080410534792270907e-03
8.079635716456130476e-03
8.083360580888281424e-03
8.086035476596616436e-03
8.085988310890000058e-03
8.080748383660713019e-03
8.082235570062063640e-03
8.081714051191240741e-03
8.084003985461420128e-03
8.085533273310907543e-03
8.083058875924656328e-03
8.081865742150072876e-03
8.081062271299574787e-03
8.083279904632851773e-03
8.084008194429182989e-03
8.082290140105120868e-03
8.083601591555201679e-03
8.081430888052073408e-03
8.081672131159301983e-03
8.082696649870433833e-03
8.086458997233312782e-03
8.084751502609214061e-03
8.086046394383311978e-03
8.083427832841506497e-03
8.081477793512783364e-03
8.082417902042669453e-03
8.081737679964002066e-03
8.084241195664147034e-03
8.081807806374168707e-03
8.084237032378255652e-03
8.083927326492547707e-03
8.080429873676249486e-03
8.082961303509959838e-03
8.081480888295529408e-03
8.085679384532265535e-03
8.079949222037656822e-03
8.082752478384868516e-03
8.084739077512666933e-03
8.082215902488986553e-03
8.084420890542322324e-03
8.084433430645722451e-03
8.082318484239287351e-03
8.083498870368117581e-03
8.082763315382419586e-03
8.083235370327250882e-03
8.085756996664176036e-03
8.080910360953656030e-03
8.081229552616682119e-03
8.081578553368185328e-03
8.082683111103345502e-03
8.081698777939945108e-03
8.081863349387456361e-03
8.082373749715142733e-03
8.082684338008599978e-03
8.081982923211659606e-03
8.082976147752942223e-03
8.082971489988904912e-03
8.083410274728633146e-03
8.085058108609328997e-03
8.084979514190203387e-03
8.081680854853520377e-03
8.081794659468597569e-03
8.081217841086348053e-03
8.081053164174189368e-03
8.084475032758255131e-03
8.081670447271736141e-03
8.081215827940059493e-03
8.081730143293934521e-03
8.080989592865309157e-03
8.081684023319404137e-03
8.081705694561040418e-03
8.081804899272709841e-03
8.079821385660572106e-03
8.080004639393718532e-03
8.083686682347353616e-03
8.082213015076899348e-03
8.082135158537201436e-03
8.082055229412766009e-03
8.081952918664689345e-03
8.081905441968705028e-03
8.081199962574843465e-03
8.084534186952223658e-03
8.081630859453004662e-03
8.082689908796998265e-03
8.081461370101770264e-03
8.081838568881805421e-03
8.083106921435968817e-03
8.081904682886791383e-03
8.083208373267015967e-03
8.082448062014090800e-03
8.081587975199141377e-03
8.083827982680202862e-03
8.085131401593975697e-03
8.080707275391096553e-03
8.080711245015310962e-03
8.082144146855157682e-03
8.081373420603511423e-03
8.083863511706932195e-03
8.080755205226138396e-03
8.083699518230671663e-03
8.081518990098127825e-03
8.080908782913634458e-03
8.083257301782605792e-03
8.081415105264319609e-03
8.082494257810079671e-03
8.081596675481821437e-03
8.082375680032803655e-03
8.085594707151469093e-03
8.083507315815774766e-03
8.083422230851487061e-03
8.082123538123068759e-03
8.081128129882219485e-03
8.083666878575897566e-03
8.082165021786543585e-03
8.081836800837228357e-03
8.084610034724038635e-03
8.083094229423021249e-03
8.081801812853124656e-03
8.084797827252984334e-03
8.081358558726516733e-03
8.082624968555579548e-03
8.082545084819630493e-03
8.084315516932189666e-03
8.082950198311414369e-03
8.085067508688943000e-03
8.081473285647199079e-03
8.082082751146904206e-03
8.081375197289004594e-03
8.082944940484252869e-03
8.082798472745096954e-03
8.081815003254217214e-03
8.082382105452434046e-03
8.081374506288178591e-03
8.080592721916919630e-03
8.081415080848024235e-03
8.083630734206575380e-03
8.081465320238241656e-03
8.082740155263896942e-03
8.081501683963593710e-03
8.082858284204640781e-03
8.080457022607873130e-03
8.086324791833047684e-03
8.080082147681459659e-03
8.081577704553638899e-03
8.081942947065965527e-03
8.082915862284292124e-03
8.081377349597702181e-03
8.081323279476465907e-03
8.081158978461042836e-03
8.078721024285070995e-03
8.082969918839017637e-03
8.081391150482593669e-03
8.082339536740899139e-03
8.083160731308807606e-03
8.081740132903964327e-03
8.085538521547700613e-03
8.082331088736804253e-03
8.080768580593412215e-03
8.081895964377366556e-03
8.081287978192068511e-03
8.081891996386815838e-03
8.080482914562243588e-03
8.083786085778268959e-03
8.082087570514706609e-03
8.080465644189217811e-03
8.082095264693209269e-03
8.080551082197132834e-03
8.084922260970664812e-03
8.083034852423299707e-03
8.083160914480292530e-03
8.082303788254393065e-03
8.082045321506116375e-03
8.082035478412982407e-03
8.082267742477850653e-03
8.080258730834581973e-03
8.085213393496812340e-03
8.080602798420703781e-03
8.085067818450282842e-03
8.081530262321013833e-03
8.082715516276992376e-03
8.083267532902499788e-03
8.081065441026123730e-03
8.079591268605929716e-03
8.082974271016280313e-03
8.080926674599208520e-03
8.083400146530856159e-03
8.083395030356141375e-03
8.083723843575585377e-03
8.082686258077126026e-03
8.083637159057117591e-03
8.084540306450801669e-03
8.081028212281279877e-03
8.084099389970508115e-03
8.080459241769541792e-03
8.082381780490180759e-03
8.085070982007395296e-03
8.084861700948155899e-03
8.081625739909935671e-03
8.081555028863020296e-03
8.084095683883246383e-03
8.081521237981720632e-03
8.081495127277732796e-03
8.081414392115314482e-03
8.080210565927893954e-03
8.080148341965191078e-03
8.080724995959813819e-03
8.082361639807311010e-03
8.082850988731531475e-03
8.083064398676828577e-03
8.079805767829109989e-03
8.083409736547543176e-03
8.081610246374080347e-03
8.085213494282664226e-03
8.083742296130791427e-03
8.081159038079944665e-03
8.081684082308282155e-03
8.084588262990228744e-03
8.083258987684728558e-03
8.081640784733293281e-03
8.082340576690058911e-03
8.080696097468021560e-03
8.083029551036752941e-03
8.083585635521303020e-03
8.084003817855203028e-03
8.083203200062017910e-03
8.081738029050830954e-03
8.083167801497042823e-03
8.081824082020773459e-03
8.082881280462080736e-03
8.082274298090623768e-03
8.082885091221450255e-03
8.082674876344467241e-03
8.081148404990108960e-03
8.079973420591274325e-03
8.082006234272735845e-03
8.080274616588667413e-03
8.083434957752176631e-03
8.083842847457068867e-03
8.080687610431198237e-03
8.080512350050266315e-03
8.082309902488907585e-03
8.081878859942104310e-03
8.085232528533733629e-03
8.081816398151291797e-03
8.086120559279210210e-03
8.082393301129168692e-03
8.081396354919761355e-03
8.083395044655238004e-03
8.081320290131623063e-03
8.085061924678409520e-03
8.086009759606464439e-03
8.080362064713027259e-03
8.083648173852115565e-03
8.082489294515793690e-03
8.079728569614544331e-03
8.084488406930117124e-03
8.082500445380128018e-03
8.084469287387405917e-03
8.086331050635968062e-03
8.081850259108049050e-03
8.083505465915852284e-03
8.082276877644015839e-03
8.085769702350491597e-03
8.085127879098267384e-03
8.081801418132722459e-03
8.082262378498180494e-03
8.081514800223637066e-03
8.083650463466393252e-03
8.083895221620495189e-03
8.080107856081509068e-03
8.082630544006841680e-03
8.081665578536633560e-03
8.084795371800771249e-03
8.083519059717913721e-03
8.082508673616617748e-03
8.083889922241458900e-03
8.081006306984732726e-03
8.082581496830994888e-03
8.082356948866508545e-03
8.081698455052941515e-03
8.082950634452811672e-03
8.082635161498635118e-03
8.082861416936528917e-03
8.082654335437729556e-03
8.080572945173163102e-03
8.081883148809957187e-03
8.083434782915666778e-03
8.084246194898680321e-03
8.084569648640444958e-03
8.080642623471592789e-03
8.079423514725023528e-03
8.080498805238414337e-03
8.082188949214643217e-03
8.082153593682014914e-03
8.084085876023225717e-03
8.082452554988043755e-03
8.082766699205963870e-03
8.081149680888364065e-03
8.083280185457931977e-03
8.082405591901880779e-03
8.082373012435693435e-03
8.081365369356597467e-03
8.082029771711426655e-03
8.081141967090662778e-03
8.081082176443774370e-03
8.084008335459288985e-03
8.086520444378169498e-03
8.082158253378561932e-03
8.081478061324190096e-03
8.084215111620704497e-03
8.083455799926177188e-03
8.083510248164187464e-03
8.083787749343082640e-03
8.080625948575727649e-03
8.084049540779713813e-03
8.083968445042879689e-03
8.084085497155750130e-03
8.082036503704479943e-03
8.082287838920829137e-03
8.080490264768121558e-03
8.083285119795082657e-03
8.080538739525744418e-03
8.081035236190133725e-03
8.081779298630357294e-03
8.084819981211169640e-03
8.082993825834060980e-03
8.081096021747584054e-03
8.084126029812104680e-03
8.081458583062490347e-03
8.081836043572489595e-03
8.080986005720732987e-03
8.082680861489624502e-03
8.083611614397556364e-03
8.081446323724868902e-03
8.083053283685581736e-03
8.083519602666514731e-03
8.082256886038507657e-03
8.085687443250517276e-03
8.082521912205467909e-03
8.079370959117591552e-03
8.082822370318650668e-03
8.083105679835734733e-03
8.084479758577673217e-03
8.082853636268315031e-03
8.084211629293867885e-03
8.081641590654485910e-03
8.084403072204083412e-03
8.084013853495230356e-03
8.083350713692909889e-03
8.084822351590420161e-03
8.081971779678754145e-03
8.081034566583340101e-03
8.082563908346862211e-03
8.082489111740275012e-03
8.080170313858256459e-03
8.079582015047791221e-03
8.083707983647310177e-03
8.082275170563500699e-03
8.084489264605320552e-03
8.085379904154296749e-03
8.082076365703343146e-03
8.081982535342485327e-03
8.083658471549917679e-03
8.083548660031147221e-03
8.082398755079000380e-03
8.081510048431344087e-03
8.080299860776324339e-03
8.083414098248862742e-03
8.083072679978089634e-03
8.081288040691018970e-03
8.082722118799397920e-03
8.084378860837689029e-03
8.080989195494313673e-03
8.081488509903108838e-03
8.082287400419971984e-03
8.083082836035442378e-03
8.081286691836251507e-03
8.082249165529263590e-03
8.083027342921753067e-03
8.083382960327758354e-03
8.082051852374138104e-03
8.083344511611407004e-03
8.085487236320600818e-03
8.083586381358498843e-03
8.084511092415874386e-03
8.083587780133450612e-03
8.081244275029019972e-03
8.083016927436270302e-03
8.082174039004259153e-03
8.080200507815285538e-03
8.083810440137968040e-03
8.082215002730229469e-03
8.079608761530932340e-03
8.079421474832352082e-03
8.080548629979379324e-03
8.083550233924693962e-03
8.081247218336883031e-03
8.083511048703849802e-03
8.080670119841801280e-03
8.081801790596913893e-03
8.081429870543374583e-03
8.083599057890730744e-03
8.081574936471642642e-03
8.081283364071189732e-03
8.081594474453022980e-03
8.083253954837462882e-03
8.082460580871156375e-03
8.084856053255925351e-03
8.083109080523079304e-03
8.081453947207613286e-03
8.085119552963180439e-03
8.083087347775628692e-03
8.080483354329478368e-03
8.082485164820170029e-03
8.082200588486375403e-03
8.080971270738443110e-03
8.082304142250746129e-03
8.081664398207429392e-03
8.082500217213232918e-03
8.082906135301583250e-03
8.081196191433329817e-03
8.081777873451588892e-03
8.083429205192858846e-03
8.085033713096035496e-03
8.082719065260009564e-03
8.081560163714448033e-03
8.083083017654398364e-03
8.082608833600556444e-03
8.085023332591272441e-03
8.080376710769025458e-03
8.082799651524320492e-03
8.082155992296754035e-03
8.081121410041157416e-03
8.083153625626974745e-03
8.082797449412676416e-03
8.081576834961476732e-03
8.082827513136107284e-03
8.082389938019662531e-03
8.082805423212496496e-03
8.082418037069247913e-03
8.084037009253150843e-03
8.082982940810565578e-03
8.083454017773630124e-03
8.081238228255367001e-03
8.080738878258400537e-03
8.085726682456443465e-03
8.082776136668981537e-03
8.080628981215070422e-03
8.081745616573760352e-03
8.083693089575497495e-03
8.084165085888536662e-03
8.084186191968602622e-03
8.083387957303364221e-03
8.081275972597562127e-03
8.085660440883655695e-03
8.081408810830444447e-03
8.086126652314040361e-03
8.081707127614716143e-03
8.082418940346185535e-03
8.083012472069286969e-03
8.082148210138152475e-03
8.079161623348428065e-03
8.083653820548621777e-03
8.082876542614515075e-03
8.082225404320639642e-03
8.081035510004422676e-03
8.082727754557877606e-03
8.080913302693967445e-03
8.080629239412983125e-03
8.082767247037591155e-03
8.082505932483077110e-03
8.080725139828010689e-03
8.081553741338492330e-03
8.083636498692460537e-03
8.080283740055481043e-03
8.079797114197834890e-03
8.081445077600486401e-03
8.082164433515249061e-03
8.085886004024617907e-03
8.080264394007313083e-03
8.079849073935588613e-03
8.082802768119580136e-03
8.082958212339235934e-03
8.082638539121580340e-03
8.083674358860216611e-03
8.083089696941729921e-03
8.081554349482671443e-03
8.084622145793857531e-03
8.083890337727751840e-03
8.083185071364235377e-03
8.080508610644868139e-03
8.081558513101397279e-03
8.081435643303856026e-03
8.081886297934853802e-03
8.083297364632419449e-03
8.083779731684575046e-03
8.081926606101968655e-03
8.082024043888727874e-03
8.082633172510615693e-03
8.083667801719618753e-03
8.083924556964732291e-03
8.081471916156024102e-03
8.081892951017414367e-03
8.082262868653121435e-03
8.084396228402969051e-03
8.084156588501225510e-03
8.084026616379915223e-03
8.084399041803623856e-03
8.079628357092038388e-03
8.082242999792235011e-03
8.084086024873319426e-03
8.084314818683721940e-03
8.082061318187510821e-03
8.080269363366594793e-03
8.083118408263742505e-03
8.079832016157974597e-03
8.086258103677180370e-03
8.086612223564279903e-03
8.083504886661076194e-03
8.078436110524703576e-03
8.081475338452319412e-03
8.082718397632231849e-03
8.084379788514608686e-03
8.081670741817871886e-03
8.081694481663711030e-03
8.080789054125266449e-03
8.085108830483639028e-03
8.083675923246529810e-03
8.080526979545076330e-03
8.082301257587050716e-03
8.082476446849879911e-03
8.081462529392893432e-03
8.083190229558530684e-03
8.083360175554409055e-03
8.081264289835254216e-03
8.084641319866997522e-03
8.081252248473615521e-03
8.082054274665198546e-03
8.083138935648451207e-03
8.083723747113901251e-03
8.084577351187473976e-03
8.080505779795998586e-03
8.086479256683643674e-03
8.082195624634497255e-03
8.084337593560635138e-03
8.081057989189706706e-03
8.084618481776448609e-03
8.082331776519919436e-03
8.081100714574603397e-03
8.082571940482537534e-03
8.082848553077622011e-03
8.081240513870593598e-03
8.086373258667244740e-03
8.081034538420317839e-03
8.082296131058286717e-03
8.084390273035134758e-03
8.083335502171152404e-03
8.080213433806141335e-03
8.083737629142365502e-03
8.080818885607157082e-03
8.083416680259723069e-03
8.082597292459432065e-03
8.082751156381641142e-03
8.084803713159343860e-03
8.081605040410166918e-03
8.081546247705420627e-03
8.082782864289844715e-03
8.082290346521409444e-03
8.078047264567499511e-03
8.084363014148509413e-03
8.082369415753088912e-03
8.080662715948044514e-03
8.080562130829154269e-03
8.084808132980098039e-03
8.081842604651086684e-03
8.081803412581979248e-03
8.080396490443706586e-03
8.083411821074800580e-03
8.081221304532551497e-03
8.084706578226063048e-03
8.081556252686514230e-03
8.079664686630742138e-03
8.083416111897723244e-03
8.084392613812864392e-03
8.080083373618878947e-03
8.082419686010903007e-03
8.081665911524911136e-03
8.081526288182355050e-03
8.081581191590478733e-03
8.081656112016411334e-03
8.082309251000813211e-03
8.083161333764781603e-03
8.081146520097637689e-03
8.084484611847806215e-03
8.082722009281860520e-03
8.081865006090933889e-03
8.082022805976935703e-03
8.081230411213009834e-03
8.081772092550853354e-03
8.083548446659861303e-03
8.081934440425026997e-03
8.080987183540739444e-03
8.082810291192867730e-03
8.083893147677221128e-03
8.081559213850503590e-03
8.080583262594271537e-03
8.084413701828673665e-03
8.081971953758877725e-03
8.081629851836507478e-03
8.083238234119790797e-03
8.081971277377921273e-03
8.081450672893571163e-03
8.080217509339099324e-03
8.083581100517522530e-03
8.081647038723948490e-03
8.081369717823317853e-03
8.083419616818280154e-03
8.081549911199272657e-03
8.079868339001641461e-03
8.081560051896483424e-03
8.083567102543426711e-03
8.081285975714211367e-03
8.083035142697843692e-03
8.080558749253804671e-03
8.081581909426489851e-03
8.084438393202343295e-03
8.082596375037748304e-03
8.084205702480352224e-03
8.082781617279060152e-03
8.080595372880017974e-03
8.084659671639644191e-03
8.083031416459687118e-03
8.081123156736797972e-03
8.083452488062943878e-03
8.080911369365654032e-03
8.083043044152445414e-03
8.084218163459675269e-03
8.082295280324733669e-03
8.082667815073451417e-03
8.082987578131972661e-03
8.082376390103096150e-03
8.080763298635487354e-03
8.082834508556232395e-03
8.080768250702143399e-03
8.084893220991684268e-03
8.084547927076475571e-03
8.080740087863906573e-03
8.084274428800369144e-03
8.085049293768534207e-03
8.083403658531249786e-03
8.085874146364012763e-03
8.080528567473653154e-03
8.081017024984741073e-03
8.081060910100291289e-03
8.081002100469218338e-03
8.081385681326084050e-03
8.085400478107065622e-03
8.083959157727440420e-03
8.086295932424960448e-03
8.082780014825036510e-03
8.087417933713475851e-03
8.080760896583197642e-03
8.084857355143535221e-03
8.080785998009275967e-03
8.083057351702798224e-03
8.085979373793801550e-03
8.082501938860762319e-03
8.082533814364731284e-03
8.082580178801682461e-03
8.080738315393888593e-03
8.084288999360896358e-03
8.084566022188282089e-03
8.083036598028487882e-03
8.083380294559495971e-03
8.080102145637037617e-03
8.084463442281877854e-03
8.085638707206580650e-03
8.082875350957788654e-03
8.080138604711600836e-03
8.082403355666605699e-03
8.083466351987063717e-03
8.081471597289634212e-03
8.085580435157923782e-03
8.083048354161825530e-03
8.083013677829251065e-03
8.083282908870869851e-03
8.083131918255407819e-03
8.082374662612369295e-03
8.088093810914258677e-03
8.083557768842375077e-03
8.080364902163045260e-03
8.082520167851403939e-03
8.081397734160241861e-03
8.083356222290546955e-03
8.084592998642893893e-03
8.081737082411201423e-03
8.082282049417912131e-03
8.082101860183073597e-03
8.081440258252799852e-03
8.083389778146158472e-03
8.080881274949335696e-03
8.082906510066314651e-03
8.080852169178450242e-03
8.085008844303326336e-03
8.083939299999178332e-03
8.083608403051532193e-03
8.080730578748515636e-03
8.084037973862265650e-03
8.084156383895825179e-03
8.082917932199945935e-03
8.084562442950466235e-03
8.083079038447463921e-03
8.082170349286222841e-03
8.082949596063537800e-03
8.086102050244617021e-03
8.084044244014806924e-03
8.083664686758761792e-03
8.081214644501217778e-03
8.083810313263819700e-03
8.082982702243434250e-03
8.085012147487566359e-03
8.084765777888013386e-03
8.081684179330379109e-03
8.082273908039278379e-03
8.083990099449527705e-03
8.081660007174303745e-03
8.081892972378235465e-03
8.084779939114036806e-03
8.081450758692820813e-03
8.084238683113887172e-03
8.083606507299646859e-03
8.086731452497124620e-03
8.080072834318774433e-03
8.080215677325648660e-03
8.084481280714346865e-03
8.081750362305515842e-03
8.082796186863317953e-03
8.082138868118373190e-03
8.082958704639349803e-03
8.081272881210859946e-03
8.083712579202925047e-03
8.082181454993824649e-03
8.086371745833339716e-03
8.084614800507339619e-03
8.085254605548626919e-03
8.081800668980195987e-03
8.080826143838454323e-03
8.081770180307430718e-03
8.079272764325989842e-03
8.081073103698113713e-03
8.081182201121367079e-03
8.085506185539862237e-03
8.083244403562048208e-03
8.084601685458259884e-03
8.081182917349180247e-03
8.084264053209872999e-03
8.080503700631600644e-03
8.081928037275776591e-03
8.085219174199374803e-03
8.083855777804521345e-03
8.084466623395498638e-03
8.081539959996279082e-03
8.081151243362750050e-03
8.082501513924303035e-03
8.081903907504925030e-03
8.084704832588317583e-03
8.083978889546448998e-03
8.081169641745123214e-03
8.082834429024333966e-03
8.081910317115073225e-03
8.083370027589161302e-03
8.081039774369414008e-03
8.079015708002562982e-03
8.079217246140611014e-03
8.079879161071796406e-03
8.085695227720327352e-03
8.083099266514896797e-03
8.081912427894331202e-03
8.085057907907280267e-03
8.080736611839712397e-03
8.083810934306512666e-03
8.082477472781518166e-03
8.086572072250058571e-03
8.081188651448207444e-03
8.082823547799508276e-03
8.083885216201364826e-03
8.080883206038566927e-03
8.082864138037996332e-03
8.083290955890940974e-03
8.081597406936973094e-03
8.081914567272044381e-03
8.082976030445125984e-03
8.081485572451946320e-03
8.080690632437308868e-03
8.082733415983818503e-03
8.081704442193580681e-03
8.084592254589259216e-03
8.084097657618537908e-03
8.085539224795988342e-03
8.081924897124637477e-03
8.080973551085866152e-03
8.082511320078041017e-03
8.081959637727278642e-03
8.080247102822110672e-03
8.083305564153077383e-03
8.083168420086526279e-03
8.080972849536250877e-03
8.082727196144078030e-03
8.082026467486361221e-03
8.083941790743183475e-03
8.082824165748878770e-03
8.080780995275340522e-03
8.083489982299588150e-03
8.082279393735626941e-03
8.081624786892949164e-03
8.082753807588305070e-03
8.082363793592495932e-03
8.080548044718855252e-03
8.080549531903145899e-03
8.082183969037308457e-03
8.082313748424715255e-03
8.083592442593717439e-03
8.083360549334065587e-03
8.082367518594276920e-03
8.083087977172965025e-03
8.080831770960524713e-03
8.082198713043815472e-03
8.083457414411306108e-03
8.079360360590715981e-03
8.080871557255460413e-03
8.080463495261924756e-03
8.082359751980485590e-03
8.080980895331718247e-03
8.085777048352112834e-03
8.082634172862559335e-03
8.083101000053615620e-03
8.083985781836357937e-03
8.083485593318636905e-03
8.083976180436337408e-03
8.084509710989234640e-03
8.084823983963852767e-03
8.081862414261809305e-03
8.085658401775401918e-03
8.084417692258564700e-03
8.083838034235983280e-03
8.083812974997746717e-03
8.083475542882015072e-03
8.082417612084998731e-03
8.081948783324639785e-03
8.082883377577449249e-03
8.082439025008802611e-03
8.083002281531154881e-03
8.081213192241351595e-03
8.083806573976609969e-03
8.080839173661995625e-03
8.082309005257873324e-03
8.084967012089093810e-03
8.080122796519848688e-03
8.082528794067331268e-03
8.082661075597940767e-03
8.081924775039004208e-03
8.081491664004401485e-03
8.081819951620739309e-03
8.084846029782820007e-03
8.083793362569256444e-03
8.082844011183511201e-03
8.081816878883270328e-03
8.080997192469038456e-03
8.083877646099564204e-03
8.080193017564510014e-03
8.081387564294035750e-03
8.083433666940012877e-03
8.083939905272371010e-03
8.080759722824249966e-03
8.081648354683692442e-03
8.082259282064369749e-03
8.082417689442454242e-03
8.081698967004275272e-03
8.080995117992220700e-03
8.080875555225202136e-03
8.082398761897469780e-03
8.083548372777266816e-03
8.084615965164090867e-03
8.083673462009437205e-03
8.083532254776025841e-03
8.081677616818577770e-03
8.081268049167396675e-03
8.083223197974134105e-03
8.084623433813175469e-03
8.083301078026834327e-03
8.081138586264260959e-03
8.086682022870017930e-03
8.084247985218902255e-03
8.083039178533365371e-03
8.082295261025424990e-03
8.083669473442149991e-03
8.081956034040792269e-03
8.083185059455473206e-03
8.082867804417030039e-03
8.084751723151362840e-03
8.082518088479370005e-03
8.080758781720541115e-03
8.083103164791849773e-03
8.082727453571221868e-03
8.079265469086969326e-03
8.082584277140543449e-03
8.082110524429609102e-03
8.082051262386447457e-03
8.082399072680327562e-03
8.085098366323158203e-03
8.081993340419252672e-03
8.083666335535883568e-03
8.086201211359911670e-03
8.082416671889063736e-03
8.083109022078059647e-03
8.079990078923430727e-03
8.083169981343063526e-03
8.081907934740169969e-03
8.083216737924356007e-03
8.079739942451508172e-03
8.083648168540593509e-03
8.081268884000590569e-03
8.084095742028517967e-03
8.081884102121135449e-03
8.080326304956168479e-03
8.082092288405657785e-03
8.081969746746140229e-03
8.082909859020883173e-03
8.080996086542700102e-03
8.083603629211984568e-03
8.081998504909600201e-03
8.082975077692461027e-03
8.082197039311896786e-03
8.085176079678407443e-03
8.084726740761272179e-03
8.084647536874113236e-03
8.083165060281519154e-03
8.081613861555951225e-03
8.083588254882281138e-03
8.083636628661803117e-03
8.084371457870416847e-03
8.082347355847847858e-03
8.078653725857171120e-03
8.082272976566157521e-03
8.080313394360714649e-03
8.083010438191618255e-03
8.079757566232196458e-03
8.083491832319100734e-03
8.078824745082755984e-03
8.080890279667208090e-03
8.082583250883750361e-03
8.081910979546328908e-03
8.083490398926463510e-03
8.083489785476790507e-03
8.082377551346723449e-03
8.079572212152661900e-03
8.082378255435519396e-03
8.081777864254183902e-03
8.084279028594022753e-03
8.083486812295875498e-03
8.086155422936376277e-03
8.082743584095865297e-03
8.080514872371862695e-03
8.084394306030771860e-03
8.081340073910528096e-03
8.081157321401263513e-03
8.082035828751214790e-03
8.080722722480400411e-03
8.086295257030440622e-03
8.084236313609036162e-03
8.082775502099643489e-03
8.081874117050174416e-03
8.084222014550689062e-03
8.082802662470441393e-03
8.082701518527746209e-03
8.085158322889120230e-03
8.082234011295274384e-03
8.081667064352426877e-03
8.082443913775824024e-03
8.080142269245518469e-03
8.081011846879915944e-03
8.082288606265843056e-03
8.081160222225476294e-03
8.082977159941256290e-03
8.080776519534338745e-03
8.081627847742385920e-03
8.082979335260436285e-03
8.082372224476183295e-03
8.081983298566226478e-03
8.081129648330015805e-03
8.080876733880758972e-03
8.082140490975801492e-03
8.082221429405043317e-03
8.085300220663753021e-03
8.082395025153028129e-03
8.083046140426168938e-03
8.080598629707780312e-03
8.084532486167759005e-03
8.081714944810304904e-03
8.082415070405569307e-03
8.082786944827221459e-03
8.082208384969483822e-03
8.082309510317407450e-03
8.081264573793628392e-03
8.081893492405014048e-03
8.082820518313433081e-03
8.084280319734677214e-03
8.082321828666890265e-03
8.083982787597053521e-03
8.080841866633348483e-03
8.081102341230314567e-03
8.083150568894824362e-03
8.084868605624599344e-03
8.084218948022995829e-03
8.084340695982595096e-03
8.084239249005713626e-03
8.082548240323903302e-03
8.080000413327736997e-03
8.084566133151990797e-03
8.080951095791689964e-03
8.081194758394314240e-03
8.080533072814147927e-03
8.082502009956436806e-03
8.085395215219203999e-03
8.084150466621595546e-03
8.082115889351421459e-03
8.081632413781174307e-03
8.078395619115085954e-03
8.080415044849329625e-03
8.081467884014795558e-03
8.085653150152694035e-03
8.082879720560907227e-03
8.083209186390365869e-03
8.081790709915345414e-03
8.083837944720225627e-03
8.080310052573057289e-03
8.085438545183386630e-03
8.085079465793050188e-03
8.084321886970979518e-03
8.083541518860747413e-03
8.083491644856144118e-03
8.080257944653307378e-03
8.083978144657309045e-03
8.085233419099138036e-03
8.085538062826644681e-03
8.084669297363712703e-03
8.086091584091872203e-03
8.082819611437868854e-03
8.081864756489483270e-03
8.084592145534644919e-03
8.080204196219678212e-03
8.083597487817119689e-03
8.084868993861290404e-03
8.082051760770300741e-03
8.082419032516682464e-03
8.081721118460737791e-03
8.081132320793712326e-03
8.084111948646971468e-03
8.081186034269802893e-03
8.083337241006478130e-03
8.083252690426446022e-03
8.082295614286361118e-03
8.082353932590937221e-03
8.081898285440024601e-03
8.080493373152466616e-03
8.082601405635068958e-03
8.081543157473874278e-03
8.082016414397505052e-03
8.082233084350130478e-03
8.085442877339305348e-03
8.081031217269562389e-03
8.082079748465573199e-03
8.082732172978073296e-03
8.080723792477102763e-03
8.083668838622095829e-03
8.083007581057337354e-03
8.082006878087072757e-03
8.084199679857651324e-03
8.082907595701880471e-03
8.082859524633100382e-03
8.084666812384381021e-03
8.084940523390916206e-03
8.081288443971650082e-03
8.081555957501153700e-03
8.081944706606138812e-03
8.082202402248481188e-03
8.083420399494936279e-03
8.082441317304175227e-03
8.080849276657590258e-03
8.083330561717118681e-03
8.079951336105865509e-03
8.083883669457298665e-03
8.083132145603307006e-03
8.079896975645572618e-03
8.082715597192365736e-03
8.081665329809931131e-03
8.080405419792290045e-03
8.079659108200198253e-03
8.082968700147283303e-03
8.082358291531361108e-03
8.079980490893510364e-03
8.085055339225651755e-03
8.084487929735375070e-03
8.085074398406532845e-03
8.083903759797308325e-03
8.083583423259313103e-03
8.080854513510234496e-03
8.081316689563338568e-03
8.083291054413844351e-03
8.083817926695328199e-03
8.084724758673259362e-03
8.081746634674768365e-03
8.082877321682356564e-03
8.081221162426870108e-03
8.081935272512311488e-03
8.082841516884877245e-03
8.082620940731029963e-03
8.084849251117838184e-03
8.082994292535507566e-03
8.081446088688612819e-03
8.083380754155671324e-03
8.079042089088843762e-03
8.082074209132997233e-03
8.082776911557511615e-03
8.081064274884603577e-03
8.080287591501388034e-03
8.083165563314004612e-03
8.082274590655302848e-03
8.081133383039318038e-03
8.081223066844209213e-03
8.079903688400766337e-03
8.083410859455764444e-03
8.084772553773803341e-03
8.085019005464105443e-03
8.080413533401971729e-03
8.084503422557537400e-03
8.082225179990611130e-03
8.081966376021949144e-03
8.083252420989141956e-03
8.080742349889386694e-03
8.083017295060624871e-03
8.083256856442276941e-03
8.084866757950046057e-03
8.083966856388968142e-03
8.082091499790829831e-03
8.083469262500090485e-03
8.083035683775118690e-03
8.082673728690207421e-03
8.082870431067703046e-03
8.081375442114391988e-03
8.082116315922802108e-03
8.083691313718183863e-03
8.085816209067125601e-03
8.082184490293572304e-03
8.083111737985508236e-03
8.079596337998824762e-03
8.081922076474741534e-03
8.082150830902180144e-03
8.084697326659178937e-03
8.084235608402256038e-03
8.082882162120661948e-03
8.083859707441635317e-03
8.081250880471029310e-03
8.084534714987460721e-03
8.085228015346484359e-03
8.082171679888576835e-03
8.081780838703580758e-03
8.086382506738451145e-03
8.085051406788773889e-03
8.082865015358391483e-03
8.084948269597738019e-03
8.080660154789741714e-03
8.081266790678099526e-03
8.083553471826350825e-03
8.085000913674910208e-03
8.083995406378085766e-03
8.082374301004321970e-03
8.083356167903640518e-03
8.082566523008314838e-03
8.081707750105138199e-03
8.082546205650156107e-03
8.084485354960323916e-03
8.083318651524564261e-03
8.080713225187255780e-03
8.082373293571391490e-03
8.083947082603676684e-03
8.082037485225028808e-03
8.083284072029059408e-03
8.085440105711603695e-03
8.080562023660352658e-03
8.081326123580661117e-03
8.081772604008620117e-03
8.083857177389120602e-03
8.084021791241955898e-03
8.079244243052806362e-03
8.081982494471794815e-03
8.084128786019518023e-03
8.082367702453439190e-03
8.084205357551487239e-03
8.080675014137655293e-03
8.082752582808230835e-03
8.084433483818312047e-03
8.083232900196232751e-03
8.081182362889112111e-03
8.082900926676853809e-03
8.080633650272679713e-03
8.080284325050762426e-03
8.083960051068064118e-03
8.085657564455337940e-03
8.081968194856681276e-03
8.081665674437214439e-03
8.085686727169322935e-03
8.084028225557433889e-03
8.087510858947629180e-03
8.084063742696077220e-03
8.083822054418097688e-03
8.081983546922587996e-03
8.085434284596213633e-03
8.082870437900662591e-03
8.084420190585953417e-03
8.079455184236790030e-03
8.082646715663383344e-03
8.081666826111779181e-03
8.078907652429453967e-03
8.079441925975162572e-03
8.082751985386221402e-03
8.079482017822253032e-03
8.084362764178058824e-03
8.081378993999072460e-03
8.085828362727252513e-03
8.081560097134725396e-03
8.081661032215159760e-03
8.082896378259197406e-03
8.082612510618468818e-03
8.085049922907662154e-03
8.082788754050997462e-03
8.082953112894853548e-03
8.079511757895006460e-03
8.085293651686045746e-03
8.082574393846303148e-03
8.081266029168383130e-03
8.082331014918779644e-03
8.081516154281105646e-03
8.083555606950966130e-03
8.082629592716362998e-03
8.083676106842881473e-03
8.080934064915973325e-03
8.082286967451854029e-03
8.083320407840941316e-03
8.080891423252386033e-03
8.082743670384227169e-03
8.085108262667353718e-03
8.083373825229552695e-03
8.083082165098655347e-03
8.082987583587457683e-03
8.084836578193914380e-03
8.086146713535490027e-03
8.082467516472353897e-03
8.081719154292302254e-03
8.082442064671678181e-03
8.082040646847371210e-03
8.083090723986410125e-03
8.083954208915227965e-03
8.084168239246916632e-03
8.081240950723643859e-03
8.081897400081390972e-03
8.081549033198943965e-03
8.083289063733931773e-03
8.083509082602489959e-03
8.083498702800439098e-03
8.081238681554555117e-03
8.081086182597445322e-03
8.084123149935512273e-03
8.083996766437060930e-03
8.081663420797326886e-03
8.081121363156381840e-03
8.080646633347426944e-03
8.078556549179077839e-03
8.083266544900808911e-03
8.083131587484868388e-03
8.081448180685105523e-03
8.082553018873249451e-03
8.081760195623588841e-03
8.085197895827272302e-03
8.080555082774960179e-03
8.081918406689531445e-03
8.082203017653182345e-03
8.083848790211671520e-03
8.082537841107836907e-03
8.082372340780201794e-03
8.085015373619086274e-03
8.082983361610491732e-03
8.083421096970506634e-03
8.082329406308602290e-03
8.084634033916814067e-03
8.082122253112696345e-03
8.082033466800463486e-03
8.081182589340549574e-03
8.084846382192546407e-03
8.080124369318649608e-03
8.083627260916638468e-03
8.082097654799006575e-03
8.083086012444951063e-03
8.081593253195027207e-03
8.083846978121604979e-03
8.084221066078449078e-03
8.080604786044630339e-03
8.083015565684074921e-03
8.081439202382148523e-03
8.078995762876682238e-03
8.082144632174931634e-03
8.084623410128952484e-03
8.081540826167932581e-03
8.080671372287745111e-03
8.083853715298567125e-03
8.083074336331550272e-03
8.082172946097978053e-03
8.080264097464694498e-03
8.082688043818495038e-03
8.080985333889584982e-03
8.079247424348932199e-03
8.080862140207544647e-03
8.082785404986450942e-03
8.083907846185785923e-03
8.081168783939281230e-03
8.083689593831971248e-03
8.082688949685881349e-03
8.080901630746062728e-03
8.082906724654507352e-03
8.084504534088243419e-03
8.083650736573209927e-03
8.084198727483875996e-03
8.081167912528152211e-03
8.084861046490185443e-03
8.083501753963280578e-03
8.083860107781783502e-03
8.081965276944868062e-03
8.084198236985510114e-03
8.084224902021016138e-03
8.084018196266397338e-03
8.080234275112991790e-03
8.085222467750081271e-03
8.084297633823659193e-03
8.083138996163830373e-03
8.083989298195631140e-03
8.085632160090004336e-03
8.081324571765281795e-03
8.086435537318100927e-03
8.083705503102079151e-03
8.085801343666243132e-03
8.079564210957939502e-03
8.080388956980943255e-03
8.083243336415092337e-03
8.083615455491407337e-03
8.085380482948654676e-03
8.082084215089140738e-03
8.083146474508438872e-03
8.082499416639058257e-03
8.081819424474872421e-03
8.087011729159017739e-03
8.082012672579626938e-03
8.079904693817252515e-03
8.080778145989878439e-03
8.082677004738218415e-03
8.084206941543511590e-03
8.083231947384812710e-03
8.082361999847558626e-03
8.080436028371452625e-03
8.086579532056209843e-03
8.082336959613670505e-03
8.083871484596345108e-03
8.083486760084163114e-03
8.083974574727627316e-03
8.080064345880443727e-03
8.082381994919389523e-03
8.083242463132443018e-03
8.080945605978192073e-03
8.081247034449368441e-03
8.084912311147666314e-03
8.083670141028452202e-03
8.084274090387958203e-03
8.083227276134606620e-03
8.082782586072256859e-03
8.082098287236430187e-03
8.083449902099667031e-03
8.082946167711598656e-03
8.080659162364516382e-03
8.080513049895106381e-03
8.083895173485330932e-03
8.083181636520265362e-03
8.080784267827649525e-03
8.077723709413847306e-03
8.080965161217411666e-03
8.084014970508261039e-03
8.083640712606645143e-03
8.083725763771237166e-03
8.080179295788454327e-03
8.081747116622807134e-03
8.081501682955849475e-03
8.084706369639709997e-03
8.082881432650530079e-03
8.082617428539846244e-03
8.081415330746483799e-03
8.085421958499330874e-03
8.082570645478164700e-03
8.078970649429311965e-03
8.083729401078232693e-03
8.082381529604431084e-03
8.082459379087688495e-03
8.084267182361624948e-03
8.080945066359611351e-03
8.083522775277402275e-03
8.080533579953188758e-03
8.082974164599139588e-03
8.084708446400657236e-03
8.085382589960814909e-03
8.081808047224131944e-03
8.079952005704488585e-03
8.082420719932847594e-03
8.081817224131529129e-03
8.083714926117868682e-03
8.083082697696631486e-03
8.082454076955101346e-03
8.081284552170019120e-03
8.081468993960847294e-03
8.083264162306693854e-03
8.082007330125737937e-03
8.083136903951690724e-03
8.081118268719655884e-03
8.082050665040788409e-03
8.084500347566072817e-03
8.083520266298768048e-03
8.081211769594053018e-03
8.083989691192432908e-03
8.081607209009383785e-03
8.084343012078464008e-03
8.081578723979928811e-03
8.083530529299495088e-03
8.082657138120757923e-03
8.084213982610959429e-03
8.081185703328974332e-03
8.082845161126313641e-03
8.083767793801488466e-03
8.086193600436162796e-03
8.083458301111330277e-03
8.080955637150489396e-03
8.082671569840894563e-03
8.082670488920749505e-03
8.082957231658060779e-03
8.083179776397036304e-03
8.082064221454989678e-03
8.085031378050397746e-03
8.082434716192254259e-03
8.081974212629653917e-03
8.081499075729093803e-03
8.079589084051977052e-03
8.083749106626205577e-03
8.083241285187338712e-03
8.080081404250550811e-03
8.081835749288619752e-03
8.081609798975755363e-03
8.083583659453811091e-03
8.081371308745146156e-03
8.082205034634248886e-03
8.080982771273203732e-03
8.083161898397733108e-03
8.083302942989960965e-03
8.080964953596893666e-03
8.082515933342672432e-03
8.081669894169278209e-03
8.082743007634254212e-03
8.085367020672310640e-03
8.081928398707079880e-03
8.082503303875462550e-03
8.081842298150079817e-03
8.082147221400305670e-03
8.082134532772646679e-03
8.081750639435097278e-03
8.083638121097767859e-03
8.080166841128026342e-03
8.083789707738918764e-03
8.081469255495129372e-03
8.082475017160166073e-03
8.081275263960968278e-03
8.082025296084500293e-03
8.081892495073851948e-03
8.083724082961729965e-03
8.082883374279651451e-03
8.083693893422521162e-03
8.081456360910597297e-03
8.084128868454904665e-03
8.084487986296655035e-03
8.083542190459151039e-03
8.083274842730791068e-03
8.083887634052563595e-03
8.086319125475955813e-03
8.080683074809575164e-03
8.082301655971379714e-03
8.084083894740455925e-03
8.083386100891026133e-03
8.082980504453194520e-03
8.080540142485020949e-03
8.080538630780152026e-03
8.084340690594755616e-03
8.080914443724274143e-03
8.080579061587886761e-03
8.083720501998190380e-03
8.082791286529550714e-03
8.082921378431607087e-03
8.081516403812596602e-03
8.082545049223486405e-03
8.081280849088568266e-03
8.081858464597430763e-03
8.083960947398058719e-03
8.083292538177164893e-03
8.085990675193685182e-03
8.082402326817342969e-03
8.083962932977086305e-03
8.083400403922113772e-03
8.084091993325707992e-03
8.085672750881563869e-03
8.083256252250535165e-03
8.084388819669113477e-03
8.082145249882197180e-03
8.083299267041205508e-03
8.080722785290784041e-03
8.083289973223066818e-03
8.083139091615039809e-03
8.083723599679449451e-03
8.082444917361758865e-03
8.084353091987787898e-03
8.084989946252516338e-03
8.081738551011822744e-03
8.082401852675814846e-03
8.082256989118359602e-03
8.080010958451065359e-03
8.083393930876030253e-03
8.085046741556748545e-03
8.082725363913812952e-03
8.080174042073597074e-03
8.081494992467538538e-03
8.084409016993273842e-03
8.085224044235566829e-03
8.079216954017337526e-03
8.083638996950760422e-03
8.083112666692598633e-03
8.081305143994113940e-03
8.083724088021470786e-03
8.081971450842436594e-03
8.081790599293594071e-03
8.081356728045227880e-03
8.081583440788004877e-03
8.081197953486501592e-03
8.080755496502953564e-03
8.082597160544869458e-03
8.081778333607087667e-03
8.082626363518911894e-03
8.084101436019499806e-03
8.083741103289552449e-03
8.087613372128339001e-03
8.084484303066130639e-03
8.083718403410404194e-03
8.083790769491727701e-03
8.081078920121820969e-03
8.083564910431379272e-03
8.083653182230629564e-03
8.078881808284324451e-03
8.080697353556615808e-03
8.083289128817453678e-03
8.083825925300583762e-03
8.081313240994796726e-03
8.083177209053708789e-03
8.083708557928040786e-03
8.081255233140155481e-03
8.085094301397380279e-03
8.082022448039927545e-03
8.083998567358403539e-03
8.080171663961631043e-03
8.080559892998079308e-03
8.083036188796455940e-03
8.081222821182553265e-03
8.082580365928355992e-03
8.081769490742869017e-03
8.083657123173059594e-03
8.080893321733560383e-03
8.081167744399393033e-03
8.082813822744080653e-03
8.081205350394820089e-03
8.084154889245860620e-03
8.082487391396343465e-03
8.081664222024441055e-03
8.083392266313634347e-03
8.083162776132649108e-03
8.081306768854525091e-03
8.080101533852565576e-03
8.081572835146381278e-03
8.083922194720925478e-03
8.084781721339929714e-03
8.082098649010813207e-03
8.080365134435295305e-03
8.081461560257623133e-03
8.082042006780615351e-03
8.083063522465743986e-03
8.082729692030009988e-03
8.081471147832025928e-03
8.081279475547219898e-03
8.081939530712185793e-03
8.084328213970492366e-03
8.083124388008794056e-03
8.082323224474521201e-03
8.083909946863776855e-03
8.080446583148380088e-03
8.082942120548957179e-03
8.079800376846125315e-03
8.084830027938125219e-03
8.085655687415335344e-03
8.082153151497663279e-03
8.081714184640497595e-03
8.082622590678347624e-03
8.082915058319633389e-03
8.083164069793015438e-03
8.079917185640833263e-03
8.085453404046748574e-03
8.084762922171046667e-03
8.082033726326478748e-03
8.082211592807928349e-03
8.082180182833726897e-03
8.083868346802145291e-03
8.081176655954702692e-03
8.082908414071792239e-03
8.082230751633985230e-03
8.083727493020491373e-03
8.082550157454633510e-03
8.083295845668334728e-03
8.079648290834207450e-03
8.083805713500055376e-03
8.080544316708839978e-03
8.083694603577261731e-03
8.082479997045362990e-03
8.083879049336639352e-03
8.080974509432186856e-03
8.081761049406938416e-03
8.081771209421930932e-03
8.081001839397704972e-03
8.081863727720465379e-03
8.082125446515086090e-03
8.080574740409065745e-03
8.084487550575183978e-03
8.084927928874132558e-03
8.084449776055095682e-03
8.080775242063426705e-03
8.081572774451961302e-03
8.080917817913174650e-03
8.083053564993140580e-03
8.083817391441993488e-03
8.081341470656701678e-03
8.081762087846116813e-03
8.084044502935976151e-03
8.084188471688022806e-03
8.082259337947173342e-03
8.081683496356871499e-03
8.082270288687999626e-03
8.081007814875949130e-03
8.083736726059298841e-03
8.081374815832233910e-03
8.082518532774876641e-03
8.081591119114309510e-03
8.083734372904339757e-03
8.081441748733682665e-03
8.078716089696638680e-03
8.083980481074278662e-03
8.082212441970751740e-03
8.081138873195753414e-03
8.084521393192893937e-03
8.084778596420639368e-03
8.082326962552439584e-03
8.081285781026457601e-03
8.081258459647458134e-03
8.080676752324373116e-03
8.081041918449214864e-03
8.081706912117361807e-03
8.080757745338642412e-03
8.084365592323946442e-03
8.083261542287034293e-03
8.083086291836674361e-03
8.082135981634354371e-03
8.081335173333493646e-03
8.083182363024476319e-03
8.082931245558179489e-03
8.082722136172932823e-03
8.084971908788365566e-03
8.082024984609014265e-03
8.083840950575451809e-03
8.083745923478801929e-03
8.081182038236977075e-03
8.082611562611651673e-03
8.082848648674726896e-03
8.084258557862359154e-03
8.083181505867186728e-03
8.083046227918276247e-03
8.078167660592598665e-03
8.086245528365780533e-03
8.082360850142319628e-03
8.083648931972338414e-03
8.081900000618816998e-03
8.081172058783963122e-03
8.081238179884433007e-03
8.081390062609699471e-03
8.082308223711550874e-03
8.083597807890462519e-03
8.081293472830640770e-03
8.082668464046318182e-03
8.082645345424603264e-03
8.081157156044987966e-03
8.082113521059369407e-03
8.084298588504908178e-03
8.082217319578536424e-03
8.082691628952188428e-03
8.082208387666886887e-03
8.081265359883236729e-03
8.083335943034643950e-03
8.079469209837000787e-03
8.085361387912024661e-03
8.083208345900360151e-03
8.084244435029194070e-03
8.082407480376696540e-03
8.084250103402270543e-03
8.084178744381022991e-03
8.080983271431856074e-03
8.083819745553826042e-03
8.084718244978167379e-03
8.082771962115613620e-03
8.082421217953338760e-03
8.085700076656269358e-03
8.085754731996620120e-03
8.083066341881267949e-03
8.082681886566847260e-03
8.083054656201973942e-03
8.083726215776694535e-03
8.082680575343495141e-03
8.084364311884639775e-03
8.082791720969016019e-03
8.081872660026656954e-03
8.082614852677564091e-03
8.082848154673158078e-03
8.081260369988563924e-03
8.081991551376871419e-03
8.082898165225694057e-03
8.083702766317299448e-03
8.083682196302382356e-03
8.083042561330465101e-03
8.084025745429584270e-03
8.083971991084735673e-03
8.082604510883793780e-03
8.082643732496156211e-03
8.082617425983693038e-03
8.080039157061220598e-03
8.084427181256558306e-03
8.081814420574521055e-03
8.082595869626235316e-03
8.083181703269756713e-03
8.084981925504495723e-03
8.081553632407789331e-03
8.083403090693788706e-03
8.084122370217515507e-03
8.082081690408656968e-03
8.082140978256583189e-03
8.084196284795524060e-03
8.083230669787742906e-03
8.086825135654732849e-03
8.083768915980260247e-03
8.084537282541010700e-03
8.085337458419782769e-03
8.083784150763679427e-03
8.081760121200624522e-03
8.081203624000412450e-03
8.085505729491718543e-03
8.084269855632861268e-03
8.082967637201010636e-03
8.083630039345994847e-03
8.084058278850309032e-03
8.082069494063537363e-03
8.082036344925132634e-03
8.083120013662854764e-03
8.080483950236048984e-03
8.080741529315049049e-03
8.083914873149205052e-03
8.084009817140091342e-03
8.083156364760609933e-03
8.082587071123237960e-03
8.079327457074046009e-03
8.086121311032220746e-03
8.086031557365582975e-03
8.082808970612391161e-03
8.085477009498532805e-03
8.083318465120658061e-03
8.080737999222967552e-03
8.081571143808434846e-03
8.080696083333550189e-03
8.083113866931123520e-03
8.081058776701411858e-03
8.086186676620350441e-03
8.081366120453129659e-03
8.081483616664971240e-03
8.078934369080146075e-03
8.084344546486240193e-03
8.083911888872401946e-03
8.082738082862110304e-03
8.083611444400210302e-03
8.083581537888037336e-03
8.078589318177349654e-03
8.082438518747118994e-03
8.084130109427116809e-03
8.081245579013046632e-03
8.082965693404373098e-03
8.081541559571053801e-03
8.085251237323136733e-03
8.081704840338179568e-03
8.080817212568799923e-03
8.083127454298880479e-03
8.079101275504886256e-03
8.083181167131803235e-03
8.080599361845783313e-03
8.081899666270075597e-03
8.082799240007513750e-03
8.084701079132516205e-03
8.084787321962135301e-03
8.083882701619469688e-03
8.082824398712162850e-03
8.081672492199685337e-03
8.083107335416244224e-03
8.081335382227234493e-03
8.079124538882697174e-03
8.083185386227854929e-03
8.082257853924962668e-03
8.081394188591647931e-03
8.083009053710331696e-03
8.080327134771103995e-03
8.081230821631087829e-03
8.079908058198154858e-03
8.082124712210861026e-03
8.084360866674904222e-03
8.081429349797318931e-03
8.081287964288325770e-03
8.083191241897271298e-03
8.081539349190149449e-03
8.082096097780270411e-03
8.084652174126993537e-03
8.085099200769416822e-03
8.083012997376577691e-03
8.082320309804512382e-03
8.082111561169561670e-03
8.083213811341569133e-03
8.080441545177396989e-03
8.080717333458850224e-03
8.081776022220654720e-03
8.082514098223759699e-03
8.083424699715780620e-03
8.083670449880526326e-03
8.081406526043619434e-03
8.080645801131816283e-03
8.083305478773686326e-03
8.084723412137050438e-03
8.081580367471894594e-03
8.082989439716742677e-03
8.079565896713188436e-03
8.082139175689558724e-03
8.083831855361253704e-03
8.081151658134772334e-03
8.082093900638171943e-03
8.081870804873020342e-03
8.082988589025008608e-03
8.081102688592514335e-03
8.080741151319995388e-03
8.081728526872484705e-03
8.081822109418297997e-03
8.083857958866097482e-03
8.077894732536877037e-03
8.084269092873307833e-03
8.082606441976095471e-03
8.083662817281676502e-03
8.080771080511620422e-03
8.083145492732242074e-03
8.081166608222636188e-03
8.081510627052401405e-03
8.081115389964466794e-03
8.080380446272466752e-03
8.082333607157151517e-03
8.081914455749909104e-03
8.083519022951303132e-03
8.081887000025142487e-03
8.082962066384431765e-03
8.082197521968023657e-03
8.084578488918234274e-03
8.083497548360459722e-03
8.080267894896962441e-03
8.081985828481396197e-03
8.083221048150323815e-03
8.082091685461565561e-03
8.081116535510727075e-03
8.080816812016836798e-03
8.083430664621532244e-03
8.085431010725466217e-03
8.081538656723277411e-03
8.082398005306844560e-03
8.083163295616251076e-03
8.081845201638838266e-03
8.082252104028957163e-03
8.082986475759650763e-03
8.081795869060269186e-03
8.082789287406671325e-03
8.079484592415428837e-03
8.083838745786272456e-03
8.082389665843545817e-03
8.084688364217329504e-03
8.082186672539022620e-03
8.079111691353840427e-03
8.080055290297741624e-03
8.084110721091350080e-03
8.082809399316517179e-03
8.081201841549198045e-03
8.082680873689376128e-03
8.082631455580049223e-03
8.081078480066951689e-03
8.083023572480706881e-03
8.082984991052250337e-03
8.082258564566272355e-03
8.080752734567034010e-03
8.083059142595648908e-03
8.083482011562672168e-03
8.083272462360647018e-03
8.085247121553633745e-03
8.083293257888046063e-03
8.087132300348853775e-03
8.081159400404535134e-03
8.080136903468794485e-03
8.082056820359338409e-03
8.082359914338083443e-03
8.085415101053948506e-03
8.081465550963347344e-03
8.079138112521410189e-03
8.083491241709615804e-03
8.081793910313465543e-03
8.080680110705451558e-03
8.084263075848561325e-03
8.080739839235741642e-03
8.083083837802356592e-03
8.084762561546502552e-03
8.084582533846888450e-03
8.084646912921473680e-03
8.081759877870936526e-03
8.083751803247484283e-03
8.083303970495133925e-03
8.082899865507310946e-03
8.083660831602786090e-03
8.080744975326351748e-03
8.085015291950518532e-03
8.083083015296159760e-03
8.081810383543285708e-03
8.082348131088754051e-03
8.083089181336678211e-03
8.084086226340077633e-03
8.081501421702212695e-03
8.082834238367453059e-03
8.081014939485795662e-03
8.084935992675396435e-03
8.082660360480699302e-03
8.081454063084653888e-03
8.081063309360845409e-03
8.080753432298080560e-03
8.082444438654559984e-03
8.083541536252483034e-03
8.079889031857951862e-03
8.083667085465012780e-03
8.081984059433574771e-03
8.082744219910863170e-03
8.081458525467263149e-03
8.081775351732411669e-03
8.085158175199029171e-03
8.080075985974717601e-03
8.081963329371534555e-03
8.081870922750608241e-03
8.082041057067401030e-03
8.081871257820094287e-03
8.081132822326475562e-03
8.083073776580107159e-03
8.081826900223625099e-03
8.083874612167781318e-03
8.081566813186369033e-03
8.083818784618092279e-03
8.082433745938505387e-03
8.082635550901093313e-03
8.084654235814628387e-03
8.084877976599348995e-03
8.082903448776219968e-03
8.086627451454008603e-03
8.083751459509406351e-03
8.083766794012249221e-03
8.080900587482023334e-03
8.083461697133885460e-03
8.084004686708463200e-03
8.081954533670403576e-03
8.081104146438856245e-03
8.082595644187173800e-03
8.080803751262284271e-03
8.082973847964082872e-03
8.082620678749027898e-03
8.083450304269223369e-03
8.084561327516521373e-03
8.083473691049961052e-03
8.084013664931555265e-03
8.082713320408161858e-03
8.083594890699733956e-03
8.082434323628861009e-03
8.081084811710676635e-03
8.083310870393616357e-03
8.083988414310811638e-03
8.081888738200263683e-03
8.083229995534102139e-03
8.081152093452965285e-03
8.084493710741299036e-03
8.082063399600540599e-03
8.083080500282635930e-03
8.083532823728900238e-03
8.082698125072397891e-03
8.083104506512475002e-03
8.084429270160989681e-03
8.081561416058485534e-03
8.082407736265291576e-03
8.083838798602648729e-03
8.083316866477667506e-03
8.079499456748373901e-03
8.082670304109451295e-03
8.080222054233525408e-03
8.084049213620684779e-03
8.082085820165190240e-03
8.083986314630113232e-03
8.081204813157752756e-03
8.082520441374913336e-03
8.079983763777784725e-03
8.085617369483604974e-03
8.080795704055759865e-03
8.082639919366405024e-03
8.081849110813731779e-03
8.083098865065876937e-03
8.084956599734715796e-03
8.080574048687729286e-03
8.082014524765156888e-03
8.081359498237135341e-03
8.081456716369722973e-03
8.085225583348091757e-03
8.082024776494362017e-03
8.081324740779761290e-03
8.081030817371822467e-03
8.079997822045112757e-03
8.082113745415573161e-03
8.083399427106981519e-03
8.082036016404269343e-03
8.082895882098307255e-03
8.082968822614002360e-03
8.081847631597093712e-03
8.081395829633575278e-03
8.082934485185542736e-03
8.082639749417218356e-03
8.079859987512219566e-03
8.082171176210559138e-03
8.084498438361795505e-03
8.082562053075073583e-03
8.080772013527496786e-03
8.084565230740628147e-03
8.082519485032267637e-03
8.079598802756481415e-03
8.083311670861348386e-03
8.082890383198572393e-03
8.082512235746663540e-03
8.081664321734519790e-03
8.079810459932007180e-03
8.081009180508491943e-03
8.083258388882803847e-03
8.085476643591790399e-03
8.084477730657334618e-03
8.082705342590619860e-03
8.083036440609094389e-03
8.078056339078041811e-03
8.080795549053228222e-03
8.082959197279976013e-03
8.082501497057232795e-03
8.080257485251369012e-03
8.082354862616299498e-03
8.082085978779237484e-03
8.080966421827078666e-03
8.081475167240117011e-03
8.080983489749343426e-03
8.082822738971895751e-03
8.081990785863107929e-03
8.084081950851642120e-03
8.082438114486976272e-03
8.081868218221252564e-03
8.085265426715443696e-03
8.082760931747270949e-03
8.083811821396473182e-03
8.082604675563584418e-03
8.080620943523634386e-03
8.084388655535266338e-03
8.081532318123018158e-03
8.083985716776303371e-03
8.083248117050946535e-03
8.082080024698260964e-03
8.080929362365282462e-03
8.081189892243875045e-03
8.082853564827076689e-03
8.081353238813837950e-03
8.081625295537409048e-03
8.084582135642458950e-03
8.082766469403181164e-03
8.080641816333640828e-03
8.081760314158496425e-03
8.084161389502219838e-03
8.082364366593911345e-03
8.078606054069415940e-03
8.083029942564066983e-03
8.082281711723664566e-03
8.082455099769373860e-03
8.081918062682637294e-03
8.080498644027437477e-03
8.080924964061736437e-03
8.081159431933429213e-03
8.084907449748462982e-03
8.083763889936597391e-03
8.078643189298895938e-03
8.080862891124038563e-03
8.079903889503855380e-03
8.082728162487617940e-03
8.079426351821844890e-03
8.083436366121436387e-03
8.081483565825775539e-03
8.083135478754301800e-03
8.081029936577206405e-03
8.083688149721480337e-03
8.083186683953073881e-03
8.082283895539617291e-03
8.079987571030664006e-03
8.084915869537186855e-03
8.084679397833392095e-03
8.080971249129606862e-03
8.082020552792133772e-03
8.084937481687032648e-03
8.083084254290270193e-03
8.082121765327280119e-03
8.082487088890519256e-03
8.080376179070779263e-03
8.083048703696691858e-03
8.083500196857182005e-03
8.082806832997863067e-03
8.081608229809956329e-03
8.083786836250907853e-03
8.079920249015467085e-03
8.083029545064191954e-03
8.084506971316126472e-03
8.083426136314554589e-03
8.081900244893308258e-03
8.081817113172032330e-03
8.084600731860718675e-03
8.079604746405771171e-03
8.082399314583443156e-03
8.083021534742914141e-03
8.082123332106208938e-03
8.080790186333362823e-03
8.084335017785529778e-03
8.082505872845867009e-03
8.083476198305244650e-03
8.081471991608515579e-03
8.080502995455462675e-03
8.080186596778140412e-03
8.082006314609304840e-03
8.082497484927415182e-03
8.083719552765314051e-03
8.084218966411621521e-03
8.083315637073047732e-03
8.083359469139005452e-03
8.082195824656900410e-03
8.083105773644476758e-03
8.081920754378279712e-03
8.081546884094943303e-03
8.081708636426624889e-03
8.083188956614903442e-03
8.082727859563213629e-03
8.083084023377727634e-03
8.083650603284118358e-03
8.081439675733463265e-03
8.081469032732822508e-03
8.084919739875672320e-03
8.081991228517352785e-03
8.079609091857151842e-03
8.082220453504439933e-03
8.082562841281408852e-03
8.087493073665253870e-03
8.083434294068504375e-03
8.083704431335303128e-03
8.082137935879524573e-03
8.082677011788661978e-03
8.083212151394689529e-03
8.080247527906626870e-03
8.080864233742867178e-03
8.083305591855103819e-03
8.084615112562060224e-03
8.083980371195753981e-03
8.080615276936656960e-03
8.082434327596943816e-03
8.084415239818511581e-03
8.083334441356636313e-03
8.084396475788561964e-03
8.083672762375803192e-03
8.080388634505475051e-03
8.083628502155663226e-03
8.082532914422155962e-03
8.081872830118706774e-03
8.082849979856516695e-03
8.080638436365970498e-03
8.082268445803496640e-03
8.082068774742568254e-03
8.080525554043892222e-03
8.082713022049438714e-03
8.083744841234996939e-03
8.081648365891272445e-03
8.082486426521240039e-03
8.082625893552729604e-03
8.082940119409270929e-03
8.079811217963998524e-03
8.083572100661681054e-03
8.084056012387492995e-03
8.080886122913235811e-03
8.081592048327541911e-03
8.083859173011104238e-03
8.084205157049065282e-03
8.086628749135063229e-03
8.083673725369125429e-03
8.081587118378950191e-03
8.083104084038244055e-03
8.082184199504937813e-03
8.082379714056777895e-03
8.082619120091486323e-03
8.081626827650137401e-03
8.082680585229286979e-03
8.081263097540151291e-03
8.082662790180664830e-03
8.083646089949185140e-03
8.080720909050532336e-03
8.082870832486974133e-03
8.085171993108779612e-03
8.082132712514136785e-03
8.082931157762008115e-03
8.081282274640000374e-03
8.079878356146978635e-03
8.084918414744226775e-03
8.085171229199666562e-03
8.082369336354391226e-03
8.081544353310918249e-03
8.080867759846597359e-03
8.083013802262950520e-03
8.080444257061728669e-03
8.084376454886448710e-03
8.087494516463573924e-03
8.082218017858047027e-03
8.081781442158538636e-03
8.082020407658535924e-03
8.083869870204351757e-03
8.081860362522855223e-03
8.084214209174017673e-03
8.086070403506536233e-03
8.084973682767896547e-03
8.080545927657794072e-03
8.083470234648199026e-03
8.082547736261424046e-03
8.080372761767186385e-03
8.081963248557286900e-03
8.082452722119463570e-03
8.082058521625388320e-03
8.084114949624483099e-03
8.081679312206510243e-03
8.082707664236398262e-03
8.083080965038831264e-03
8.082674959333846498e-03
8.086732082930873228e-03
8.081672939923120053e-03
8.078815339285321667e-03
8.085761764641119856e-03
8.080449232372412943e-03
8.079632902074369849e-03
8.078810063502687988e-03
8.081021234691149191e-03
8.082272710670797972e-03
8.080806585866996683e-03
8.080981730656746145e-03
8.080410231363499216e-03
8.081488339905604917e-03
8.081712090152995756e-03
8.085367354258811076e-03
8.081902272844474627e-03
8.084805755227568447e-03
8.079898340961405231e-03
8.085244373289434197e-03
8.082577544345383516e-03
8.085974939169852244e-03
8.080953381155444107e-03
8.081718089167796298e-03
8.081250109945575105e-03
8.082332141059776071e-03
8.082809091825442910e-03
8.083303873506392234e-03
8.084354951683969670e-03
8.080116632350975436e-03
8.079932838268827355e-03
8.079506137424335988e-03
8.081402636948762513e-03
8.084058304829954550e-03
8.080431085641567521e-03
8.084349041934940985e-03
8.081499336071950451e-03
8.081647613607818165e-03
8.082799585098401907e-03
8.078913135459135295e-03
8.083003814717618085e-03
8.079862313379846533e-03
8.081050409501742623e-03
8.085088463085990385e-03
8.082133169979950280e-03
8.082490624752927677e-03
8.079386001240345533e-03
8.081676502184491351e-03
8.082113651156266204e-03
8.082368599748628729e-03
8.084577716087662166e-03
8.081484641126887580e-03
8.080356256512287449e-03
8.081271579066174465e-03
8.082583258369984217e-03
8.085010784249132762e-03
8.082251683812794948e-03
8.086118931380262623e-03
8.083392253821325077e-03
8.083796534448489668e-03
8.081691962122343822e-03
8.079032588427497580e-03
8.081018161679992887e-03
8.082049376075641986e-03
8.082411076600900385e-03
8.082346752092170461e-03
8.082013675359099245e-03
8.081945961656875760e-03
8.084146054758094280e-03
8.081595883413209350e-03
8.085293590926388024e-03
8.081366497169964469e-03
8.084030409062050587e-03
8.083323391411044098e-03
8.083649710836676022e-03
8.083182636495203285e-03
8.082662400636689629e-03
8.081379881983178845e-03
8.080040966483320597e-03
8.082628618757109473e-03
8.081460228799476272e-03
8.083257791065667774e-03
8.081245191170679035e-03
8.079728518222384706e-03
8.080396323194837319e-03
8.087110185912087593e-03
8.084646954928447968e-03
8.082674521170099893e-03
8.081212696445643287e-03
8.082454937043405743e-03
8.081218134265192102e-03
8.082755761268120218e-03
8.086109030753935167e-03
8.083961173368127764e-03
8.079533242126485382e-03
8.081026030453838938e-03
8.085513852998197151e-03
8.084020737661307826e-03
8.082595929273751409e-03
8.080907911258814955e-03
8.079891892176109536e-03
8.078062220057488294e-03
8.084776537741134722e-03
8.082056617826266498e-03
8.083436459823633430e-03
8.083695532420208732e-03
8.080733110316424064e-03
8.083951561212367187e-03
8.081753082255066153e-03
8.081402591625319598e-03
8.083487255637627697e-03
8.083655550902549627e-03
8.082502277960160186e-03
8.085558098731500040e-03
8.083276039386575948e-03
8.086136797986372138e-03
8.081835288375723361e-03
8.081624673170036133e-03
8.083755072868892971e-03
8.078769853500944800e-03
8.081993001448344038e-03
8.082075401313906782e-03
8.082803851511903906e-03
8.080168505662906064e-03
8.081850989705303620e-03
8.080164668045158177e-03
8.081574795517083853e-03
8.083365938065530110e-03
8.081932019210267062e-03
8.080398983429376916e-03
8.079894334329209074e-03
8.082380165984663634e-03
8.084725628135362371e-03
8.082416502486327106e-03
8.083721915436123048e-03
8.082284733884588859e-03
8.080653658300841063e-03
8.083026487457142459e-03
8.083806384415694393e-03
8.083477131226358275e-03
8.081734531960359583e-03
8.080013285914474860e-03
8.081637798506265472e-03
8.085768092022917186e-03
8.081209753359987896e-03
8.083694423642194885e-03
8.081441065609654834e-03
8.082634128650033334e-03
8.085068170462348172e-03
8.083250019766959060e-03
8.084450109331405010e-03
8.082035285953904219e-03
8.082971710933169532e-03
8.083027559891218031e-03
8.082509326844915590e-03
8.083394245662197872e-03
8.080366543377874231e-03
8.079905075751681043e-03
8.083256273750238224e-03
8.082167853166474444e-03
8.083176077288626096e-03
8.084853513118911428e-03
8.082938012425058827e-03
8.085199103204831345e-03
8.083001054438732416e-03
8.083894706661178681e-03
8.082222394157942413e-03
8.084432271112763219e-03
8.081399918027788731e-03
8.080965727151541086e-03
8.080669586367751622e-03
8.085258976285503510e-03
8.082188302256397561e-03
8.084650268695823053e-03
8.081538503205575388e-03
8.081389196725546897e-03
8.082902804205193206e-03
8.083491518134321846e-03
8.082080691514203705e-03
8.083768237212763177e-03
8.083766557476652556e-03
8.080178224793307593e-03
8.083494793695019526e-03
8.081071676317162431e-03
8.083681125762076647e-03
8.083269034028521885e-03
8.080083156726714996e-03
8.080727504666334118e-03
8.081366735230762974e-03
8.082328742653690015e-03
8.087151189201500709e-03
8.081632483452843782e-03
8.083914101507945482e-03
8.081914629621265653e-03
8.082614124180731788e-03
8.082331524684517945e-03
8.081752820725936204e-03
8.079874737299047247e-03
8.082762173498913433e-03
8.082198373520598639e-03
8.080943086939813141e-03
8.081782003664488012e-03
8.081449348300878688e-03
8.082690015724154631e-03
8.085347988219294263e-03
8.082068366111742896e-03
8.081354981664911480e-03
8.082681762468445566e-03
8.084039023451790318e-03
8.083867422373883921e-03
8.083657235001205296e-03
8.080603401998572022e-03
8.080816901571632668e-03
8.080136211932197401e-03
8.081504919291028488e-03
8.082386374831966244e-03
8.083337680600660366e-03
8.083497929224463252e-03
8.082816758967274057e-03
8.080516050252816926e-03
8.082431455401977577e-03
8.083012724184020573e-03
8.083554853662388781e-03
8.084670460757149846e-03
8.081936091464734725e-03
8.083382358457069650e-03
8.083099504030705901e-03
8.083615363645584723e-03
8.083231191737122456e-03
8.082728379807713887e-03
8.081370231960628703e-03
8.081423272225196283e-03
8.083339317699108489e-03
8.081532946599589290e-03
8.081144195601869945e-03
8.081818527196247756e-03
8.082553974735562363e-03
8.080929701967045839e-03
8.084847727151098923e-03
8.081771814447922045e-03
8.082422177168785415e-03
8.083777752699493335e-03
8.083585251969546692e-03
8.080485305788193476e-03
8.081909283248580808e-03
8.083373881422774646e-03
8.083121201470883782e-03
8.084371145658762747e-03
8.083141229922447685e-03
8.081478497480282241e-03
8.081245002431177576e-03
8.081941661295891782e-03
8.082260831593515368e-03
8.084143536562829122e-03
8.081401279206515756e-03
8.083124249357890798e-03
8.080576011784601845e-03
8.082282173263300937e-03
8.081667853096241930e-03
8.083515288097978951e-03
8.079528737792860543e-03
8.080497439335086393e-03
8.084051362696274140e-03
8.084904936166065204e-03
8.082747952848284151e-03
8.081410446286269034e-03
8.084833901917099636e-03
8.083075499942566841e-03
8.082625647539516331e-03
8.082563488899862508e-03
8.081410685537752242e-03
8.082206936204188591e-03
8.081418757022777732e-03
8.084977500323446004e-03
8.084493725194473804e-03
8.084998084308398295e-03
8.083968241166359855e-03
8.082591717676376741e-03
8.081381125167222401e-03
8.084821388317665197e-03
8.083055193471355704e-03
8.080834326890376160e-03
8.083259127015081369e-03
8.082543763734538478e-03
8.083491245993638594e-03
8.083038214294025955e-03
8.081909455990307981e-03
8.080572247584761128e-03
8.084099217654221875e-03
8.082826141592442185e-03
8.081433303996386069e-03
8.082281537555377135e-03
8.081106270566776675e-03
8.081174237150325415e-03
8.083101664766204411e-03
8.080037559166667813e-03
8.081017369372193657e-03
8.080701550912280234e-03
8.081932496276479985e-03
8.082993905362243631e-03
8.079852779427227835e-03
8.083829123401180608e-03
8.080901518119548710e-03
8.083841549243320559e-03
8.082848793184695124e-03
8.081663196303523131e-03
8.084741361741995189e-03
8.081491969796145841e-03
8.081968055115951871e-03
8.084535838259651261e-03
8.081867989582509210e-03
8.082133773799430806e-03
8.083496028530820846e-03
8.079840622676130735e-03
8.083748240790781386e-03
8.084307703256871785e-03
8.082139920908242361e-03
8.084245648012048854e-03
8.082348131088754051e-03
8.084570014751496156e-03
8.081769330767521811e-03
8.084140984077814104e-03
8.083417502359170614e-03
8.081617323507447534e-03
8.081672636870894377e-03
8.081988595652825694e-03
8.081787894245401685e-03
8.083717428319243600e-03
8.084796310746699202e-03
8.082015488279659446e-03
8.083485655034675435e-03
8.081017080023511490e-03
8.081086708198821980e-03
8.082939493546298371e-03
8.083506139250348083e-03
8.081988298788766317e-03
8.080595836911081548e-03
8.081852322536362682e-03
8.081209658731191778e-03
8.082883485522690536e-03
8.081970422181805960e-03
8.083342751489280831e-03
8.083080508274014322e-03
8.084268684613052369e-03
8.082156348304553664e-03
8.083571820893720519e-03
8.081608670156444768e-03
8.082895802020064607e-03
8.081172553252085819e-03
8.083952119675800671e-03
8.084611777397046270e-03
8.083018569352571139e-03
8.081874755288320777e-03
8.082373274678476480e-03
8.084201943183169647e-03
8.083650732539172934e-03
8.083208308087735591e-03
8.081327058925009965e-03
8.080692214935505588e-03
8.083061372435751402e-03
8.083011883831873329e-03
8.081051351495222371e-03
8.083143338700126204e-03
8.085331012307069715e-03
8.080547063022332568e-03
8.082746098554333125e-03
8.083473802141027953e-03
8.083284751847986255e-03
8.080793596549730798e-03
8.082488505039765736e-03
8.081155033388990813e-03
8.083987371012140224e-03
8.082777520138273789e-03
8.084051421462424072e-03
8.080353213281883662e-03
8.079639790134285696e-03
8.080705480161485751e-03
8.082179514708241405e-03
8.083823257434737120e-03
8.081106008458032244e-03
8.080684336992114206e-03
8.084503558723294889e-03
8.081170390420317970e-03
8.084248339364148370e-03
8.081649746816898031e-03
8.081445409833992732e-03
8.081895634167170564e-03
8.083816654875917995e-03
8.083966459194838125e-03
8.082771967807902275e-03
8.081912193476087705e-03
8.080694427646455819e-03
8.082908596997361028e-03
8.082377813205960868e-03
8.084290317723246203e-03
8.084157858358389376e-03
8.082419562648851530e-03
8.082356157446323949e-03
8.081392681806838160e-03
8.084672628026487798e-03
8.084576192439145784e-03
8.083994431838553360e-03
8.083501957032630109e-03
8.080477288557968291e-03
8.082770695471246103e-03
8.083927699786436563e-03
8.080889377745568286e-03
8.083477190935162149e-03
8.080730439787879235e-03
8.085106356779543299e-03
8.082807233101835589e-03
8.082145706961934087e-03
8.081924331075835896e-03
8.083492020166277783e-03
8.081314650705068853e-03
8.082280858804963622e-03
8.082111954120289182e-03
8.079144278655334827e-03
8.081019570943358613e-03
8.083034723194906096e-03
8.081504432723386408e-03
8.081908354768709696e-03
8.082888175502119660e-03
8.084374667492873548e-03
8.081132311119563691e-03
8.083624787447613383e-03
8.082182797515716915e-03
8.082461939559176106e-03
8.083382816233539159e-03
8.084784032272279708e-03
8.082393664554932133e-03
8.081657497629820067e-03
8.083905809001276296e-03
8.082730502412066587e-03
8.082523339185328573e-03
8.084936218468157659e-03
8.080960228248952604e-03
8.080788176881993634e-03
8.083774725697941144e-03
8.082807127727461433e-03
8.084827792266581492e-03
8.082492063679301564e-03
8.079870024584575108e-03
8.079959717570485075e-03
8.082608145431300489e-03
8.084531063615136431e-03
8.080962199797116913e-03
8.086093386486180659e-03
8.083822876417219236e-03
8.080866837003651201e-03
8.082498602412727801e-03
8.084305594550067128e-03
8.081948533812279359e-03
8.082314346562759558e-03
8.082590426891673660e-03
8.082288960465490099e-03
8.081141339399281268e-03
8.081657009178922282e-03
8.085204944687920253e-03
8.079814286232261250e-03
8.082901907566508032e-03
8.080656164753570458e-03
8.082145181326992264e-03
8.082713338543818030e-03
8.084467447246520763e-03
8.082031463502262550e-03
8.084084636457905537e-03
8.082281431163221633e-03
8.081619971746238987e-03
8.082780486433663661e-03
8.081386746837100274e-03
8.082802168711898660e-03
8.082639365640006957e-03
8.083718027375317444e-03
8.083066353869112694e-03
8.080629349839151335e-03
8.082103489650490497e-03
8.079894615599613611e-03
8.083382263320044656e-03
8.082893559855731935e-03
8.081497965677664555e-03
8.080855051386504062e-03
8.082815269261052829e-03
8.084382987543364124e-03
8.082200822449333785e-03
8.083264252612135797e-03
8.084466544473402350e-03
8.082517150094701425e-03
8.082753419952060786e-03
8.082834964535025313e-03
8.082047981495739039e-03
8.084082332164304122e-03
8.082896576300215019e-03
8.084968662086453040e-03
8.081340520912881631e-03
8.084064024200922696e-03
8.082305942602514837e-03
8.082660929581450202e-03
8.083638394199149646e-03
8.084534875508166823e-03
8.083639136543264644e-03
8.081883740964376436e-03
8.081515892021627623e-03
8.081662178131205840e-03
8.081311548728939767e-03
8.081634701458003528e-03
8.082984157937346884e-03
8.080560424759417396e-03
8.081961822430983045e-03
8.080538010214147193e-03
8.083169175944914311e-03
8.080981735618835912e-03
8.084884437359452988e-03
8.082123522665443996e-03
8.082027389234438391e-03
8.082640864114098295e-03
8.083184225140734383e-03
8.084772851884686543e-03
8.083613885305636002e-03
8.082149343835613037e-03
8.080742138437551486e-03
8.084018295307656907e-03
8.082670468318826559e-03
8.085212079742404995e-03
8.080745638971764677e-03
8.081798448257553752e-03
8.080079991985813365e-03
8.083005249910305001e-03
8.083262555061893062e-03
8.080493776000214831e-03
8.080048341518855995e-03
8.084736576113641521e-03
8.083368657121128842e-03
8.083087306320757906e-03
8.081419343382146778e-03
8.084882372184708232e-03
8.082494690513345251e-03
8.083781159202701322e-03
8.080810850341060489e-03
8.080325028719024735e-03
8.081059265954046791e-03
8.082722569410314556e-03
8.083417786457929022e-03
8.083651694635348231e-03
8.082744452029952745e-03
8.080408361266319672e-03
8.080883917296447644e-03
8.082713237593472724e-03
8.083308844534299251e-03
8.084052553963208196e-03
8.080001071288410788e-03
8.083424484734780605e-03
8.080977867228613179e-03
8.080512057095456599e-03
8.084078121191180105e-03
8.082076869246581502e-03
8.083730902481128799e-03
8.081590637081392456e-03
8.083451984711838290e-03
8.083493354349966659e-03
8.083868712032942286e-03
8.083141728738458751e-03
8.082088714457530756e-03
8.081046959546660594e-03
8.082992908725864303e-03
8.083649804031702371e-03
8.085070004073508648e-03
8.082792195825338685e-03
8.082735133895423141e-03
8.082444560649507115e-03
8.081971390630778018e-03
8.081099697666268081e-03
8.084940878569131170e-03
8.083038514368983893e-03
8.080311770300961649e-03
8.080187769794031430e-03
8.082819729493765509e-03
8.084091088573846021e-03
8.081736162888446609e-03
8.081868696174767872e-03
8.081886450110846096e-03
8.080563592874802012e-03
8.085030287135329397e-03
8.085213292140000507e-03
8.082940300023966004e-03
8.080472751047205332e-03
8.082966608715574930e-03
8.080813346157990351e-03
8.083634077163722592e-03
8.080508963988363227e-03
8.082081389228652421e-03
8.081562397967119796e-03
8.081222837262551709e-03
8.082835538875078260e-03
8.081586688316322320e-03
8.081485077176420867e-03
8.084769382382710895e-03
8.081509779330501783e-03
8.081481611381519797e-03
8.083341232013416255e-03
8.083493467107710773e-03
8.080250898214319522e-03
8.081317138194533262e-03
8.081412144521248758e-03
8.083678398063178297e-03
8.081906310876693991e-03
8.083156154146259320e-03
8.082043902002242555e-03
8.083744578809139852e-03
8.084234259308388168e-03
8.082723138178085284e-03
8.080776252699149384e-03
8.083706643747759490e-03
8.082333129519482517e-03
8.081050200707408371e-03
8.082916505708954633e-03
8.084356257353261105e-03
8.084875776005612247e-03
8.084475704968278886e-03
8.081210351494222746e-03
8.082237230406684111e-03
8.081253121972113013e-03
8.082253780648421954e-03
8.085625043464342299e-03
8.082355241647933702e-03
8.083466039188734811e-03
8.081792667172505579e-03
8.081065736241711817e-03
8.084226839372736159e-03
8.081699733869676314e-03
8.081841359270708000e-03
8.083026614474787125e-03
8.085226870098601720e-03
8.082080272630891987e-03
8.083134286444524849e-03
8.081378605721417641e-03
8.085087993898712813e-03
8.083389958417197887e-03
8.082340581238611418e-03
8.081951077501328684e-03
8.082583151843703365e-03
8.081595963018998324e-03
8.083216725902155064e-03
8.086105026298695542e-03
8.084181782877513864e-03
8.082217225767032720e-03
8.082639060760213670e-03
8.082170644120255029e-03
8.081833945830205895e-03
8.082005126681793272e-03
8.084679834417756242e-03
8.084107453521189451e-03
8.082276517289306225e-03
8.083246979610337821e-03
8.084474543344651737e-03
8.082666481014560284e-03
8.085293068820878157e-03
8.084474816931971203e-03
8.081758228938619448e-03
8.084595169866161044e-03
8.080215528830947749e-03
8.082919621359376319e-03
8.083427896273693083e-03
8.081834079728246120e-03
8.080070173103142891e-03
8.083889324406543647e-03
8.083244023142090520e-03
8.084251935970889966e-03
8.084181672315544562e-03
8.083395028374846039e-03
8.085404875503361677e-03
8.083048161278720209e-03
8.082928695508995523e-03
8.082489668288967560e-03
8.084850795063137918e-03
8.080986688233577839e-03
8.082544127594688821e-03
8.082397458454654293e-03
8.082076132291199366e-03
8.082517824483655827e-03
8.083486318294303211e-03
8.081527888356579079e-03
8.081686403703306279e-03
8.082340479929860100e-03
8.081505358477701628e-03
8.082386774226978099e-03
8.082145247999062906e-03
8.083809361873573601e-03
8.081243170966596889e-03
8.081855911555054298e-03
8.080062897537938771e-03
8.082562723150393466e-03
8.085050306444369755e-03
8.083427388498652319e-03
8.083921267501790672e-03
8.081377763444096834e-03
8.081947941049331258e-03
8.082060673586648550e-03
8.085280396245618159e-03
8.083958903466756732e-03
8.084032814541963069e-03
8.081795060608952877e-03
8.081044689233523454e-03
8.085755489530655621e-03
8.083622715722927482e-03
8.081569837559277394e-03
8.080425122100887148e-03
8.081254111384918171e-03
8.083587117281793369e-03
8.084274219833187045e-03
8.081247253358852731e-03
8.083183698301922224e-03
8.082911914213071480e-03
8.082592094526471274e-03
8.080234941569307272e-03
8.082647632369713980e-03
8.082444803079520679e-03
8.082255160163120608e-03
8.082761736229073304e-03
8.082546226765782715e-03
8.084432859748334060e-03
8.080013453034563461e-03
8.084253837135735310e-03
8.082184730645744497e-03
8.079964676170685658e-03
8.081146541125060548e-03
8.085846167306461052e-03
8.083006328515348823e-03
8.083154841976882693e-03
8.082170664868994561e-03
8.084165726400527330e-03
8.082329418342406799e-03
8.083964888059428852e-03
8.080680174525466802e-03
8.081225809231092766e-03
8.083937014514114977e-03
8.084682759531561930e-03
8.085947862668226363e-03
8.084034644910413625e-03
8.082144932330068490e-03
8.081636448541292331e-03
8.082995791551568152e-03
8.083242115991099569e-03
8.083715547805365303e-03
8.085053849448934835e-03
8.081905777301310462e-03
8.081885778672056111e-03
8.083795022025965643e-03
8.082739181576138049e-03
8.083721872713769616e-03
8.080293686336901052e-03
8.081402831666171377e-03
8.083695739638538033e-03
8.081376464303804963e-03
8.083506260952352460e-03
8.082928360953565289e-03
8.081866988901514545e-03
8.081542737430533890e-03
8.084460821222775456e-03
8.084266919992397910e-03
8.082991428997548730e-03
8.081813968229906164e-03
8.079757631106144686e-03
8.081605142889422902e-03
8.083634051400464746e-03
8.086625712545652753e-03
8.080035096740111750e-03
8.081830365920894196e-03
8.082304464050220350e-03
8.081911671197131511e-03
8.085204729013471467e-03
8.081679659684320657e-03
8.083359027619396384e-03
8.084115055341048808e-03
8.082370397856041694e-03
8.081916526363121245e-03
8.083254282458381124e-03
8.081980092120612247e-03
8.081495617709521725e-03
8.081644199611600493e-03
8.081353892235226127e-03
8.081371284147036149e-03
8.082945061018911512e-03
8.082173666519521654e-03
8.082294340425792006e-03
8.086181896735768551e-03
8.084584157063246651e-03
8.082929007568193450e-03
8.084646332175638578e-03
8.082724686365163821e-03
8.083208579251717485e-03
8.082738796957884136e-03
8.080840423785103088e-03
8.081538233996288581e-03
8.078687441208780642e-03
8.080119027078790789e-03
8.082499049247309289e-03
8.081052651591530758e-03
8.082142300833847909e-03
8.081292535928961268e-03
8.081609668299134797e-03
8.081810269477218353e-03
8.085056608344567616e-03
8.081233781090619434e-03
8.083161904987864327e-03
8.081170605274136734e-03
8.084665615402917421e-03
8.085529950293551468e-03
8.082701412529603655e-03
8.086260532718063734e-03
8.081883412017052196e-03
8.077980210217322946e-03
8.081372615830135012e-03
8.085551666304228655e-03
8.083228255842723337e-03
8.085512726015863308e-03
8.082602178711349034e-03
8.081546343191116366e-03
8.083582259133545098e-03
8.081586865331284036e-03
8.081154394872707564e-03
8.081145722969612644e-03
8.083506805039442078e-03
8.079382642398926992e-03
8.082979116891833571e-03
8.081898102064803344e-03
8.081742571287266891e-03
8.082783752724542053e-03
8.083972598854167677e-03
8.082585319959631476e-03
8.083327130069621266e-03
8.082580209375828106e-03
8.084444254864431301e-03
8.081556747643976399e-03
8.082318537581845153e-03
8.082163910340370641e-03
8.080669486937964302e-03
8.082581848000491148e-03
8.081239093409074356e-03
8.085130227789965110e-03
8.084228291325280466e-03
8.081669035718615224e-03
8.082294327769173198e-03
8.082472161662837898e-03
8.081826168835739080e-03
8.086485081714398296e-03
8.081513897695246501e-03
8.083383664993372408e-03
8.081727695749576362e-03
8.080903710681642399e-03
8.083607944816124241e-03
8.082776446896890871e-03
8.082797552148001871e-03
8.083205087171268025e-03
8.085519493535109695e-03
8.083017496939910729e-03
8.079406723524485898e-03
8.082966222677907819e-03
8.081660311956402609e-03
8.084059559944544934e-03
8.082579136069268158e-03
8.081145151088027154e-03
8.081131036409517840e-03
8.083680092681068755e-03
8.083370581808609415e-03
8.082226978723862018e-03
8.083326074856787488e-03
8.081550220550464889e-03
8.083244545407613016e-03
8.082795266788653926e-03
8.083093026574067128e-03
8.082855303375151290e-03
8.084343652543454078e-03
8.082027874750470284e-03
8.086982195264037082e-03
8.079846262267546125e-03
8.084390209313143533e-03
8.081573751064597549e-03
8.084471475596094817e-03
8.080511596814885997e-03
8.085029618538972299e-03
8.082943614250544945e-03
8.083343701800376271e-03
8.079461631280109371e-03
8.084186696702572519e-03
8.082447352041513544e-03
8.082613350987939010e-03
8.082528937894149779e-03
8.086219947990540627e-03
8.081548948174293451e-03
8.081777559894967253e-03
8.082920916902368649e-03
8.083486915678639653e-03
8.083891109054164303e-03
8.083311092105773671e-03
8.083448371459503803e-03
8.080971556247618440e-03
8.082974916408448840e-03
8.084106365361295662e-03
8.081706459811158899e-03
8.082636828118053979e-03
8.085582851689724834e-03
8.084378337676669316e-03
8.080280712773486515e-03
8.080730675396533350e-03
8.080323128742636710e-03
8.083620064222470786e-03
8.082765875974598849e-03
8.083550956760603146e-03
8.083863807409392976e-03
8.082126396615813349e-03
8.081936068937114331e-03
8.083539101772953608e-03
8.082965902072128048e-03
8.082404340830783365e-03
8.078679404801536110e-03
8.082096933527290611e-03
8.083052338695750558e-03
8.082456563221717544e-03
8.084022400086574717e-03
8.081648112273531054e-03
8.081850850229822109e-03
8.081970598597061628e-03
8.081115966350147298e-03
8.083823579076752225e-03
8.083546866224108549e-03
8.080322518714858418e-03
8.082973856977171759e-03
8.080866517837775181e-03
8.084615080485588537e-03
8.082447402435345013e-03
8.081990078603447369e-03
8.082414597254321958e-03
8.082207813581888597e-03
8.082616129599708502e-03
8.081437660432707129e-03
8.081063565387045650e-03
8.082534070683789276e-03
8.083934477795795201e-03
8.082502004986665683e-03
8.082001138332692639e-03
8.083598934131469224e-03
8.082562634000268684e-03
8.078606496273043822e-03
8.080865101116978949e-03
8.081898690365837967e-03
8.082963433549902876e-03
8.084464916908432400e-03
8.081773806991538259e-03
8.083146336560848022e-03
8.081759337250268502e-03
8.084180089906963657e-03
8.085505626546177563e-03
8.081320943054203648e-03
8.082198480841309984e-03
8.081942766300389408e-03
8.080311123239635254e-03
8.082649874356051881e-03
8.082228939844277385e-03
8.083142080476293789e-03
8.079788511471900497e-03
8.083482709197892593e-03
8.082787601026644383e-03
8.083467209226266950e-03
8.082663330734238955e-03
8.082611328017540175e-03
8.083120930448058072e-03
8.085355902126901625e-03
8.083675478047662455e-03
8.082381992022014475e-03
8.082716975812326982e-03
8.081586180869782671e-03
8.082305075003298409e-03
8.082831349346128805e-03
8.081620674047740663e-03
8.082045476696081421e-03
8.082781240217091698e-03
8.081504706315800757e-03
8.082624933788170110e-03
8.080181433656208681e-03
8.081438741426570996e-03
8.081948810381990936e-03
8.081885708175919406e-03
8.085598781279686176e-03
8.083892524524932677e-03
8.081397852195578574e-03
8.080418902594659405e-03
8.082402991183396460e-03
8.081545464048151342e-03
8.083148890259850283e-03
8.084861634688605969e-03
8.080783728440578059e-03
8.084743449634704607e-03
8.082587292157427175e-03
8.083165491984883183e-03
8.082421073917682094e-03
8.084293531920198200e-03
8.082542591168853305e-03
8.083218952801764223e-03
8.082873642708404693e-03
8.082057357917974902e-03
8.084457249139649637e-03
8.084723926356701673e-03
8.081214281677245523e-03
8.080605361377281651e-03
8.081675011410799359e-03
8.084759401999106268e-03
8.083860184425648368e-03
8.080666395583390935e-03
8.081357781179339048e-03
8.080601173273459573e-03
8.081767310401638538e-03
8.082533429957596688e-03
8.082797849373565477e-03
8.084405188862763339e-03
8.082938688905685551e-03
8.081858683062851864e-03
8.081819288865765144e-03
8.082065504393637356e-03
8.080668866019853971e-03
8.081263622515594616e-03
8.082759680671689276e-03
8.081572473611596530e-03
8.084036812762439989e-03
8.081468348850677150e-03
8.082420217127864182e-03
8.082285460043654030e-03
8.080916609033995598e-03
8.081394306022312082e-03
8.083163657178434047e-03
8.083674679074252453e-03
8.081647704584922487e-03
8.082389768745926878e-03
8.085072681329441222e-03
8.083752573059177840e-03
8.085177340346524216e-03
8.081342635500119581e-03
8.083375615818337578e-03
8.082498071041095342e-03
8.082912504561447567e-03
8.082703925146985172e-03
8.080950061526159106e-03
8.081669568884489521e-03
8.083631974397830627e-03
8.080700744740867622e-03
8.082222080242828025e-03
8.084045522903125086e-03
8.082138247644535950e-03
8.085043317572961075e-03
8.081396739547101749e-03
8.083729206615319907e-03
8.081375426320458119e-03
8.081332502036272028e-03
8.082590355115069902e-03
8.084449910748489274e-03
8.083944425084041777e-03
8.080431918796397370e-03
8.082844362275671754e-03
8.081477735911812496e-03
8.081948635314537346e-03
8.083509682804860402e-03
8.080376889171615035e-03
8.081998373606047101e-03
8.083028170943229104e-03
8.084210782495639125e-03
8.085653244021025546e-03
8.080553277886988461e-03
8.084561030741699642e-03
8.083531702533201455e-03
8.083332079005219398e-03
8.085572557209272718e-03
8.079528105125372700e-03
8.080308377457611629e-03
8.080146496542808462e-03
8.083073354500584784e-03
8.084141588471887088e-03
8.082455972066630856e-03
8.081391001587768380e-03
8.081565162578156422e-03
8.083595068776618792e-03
8.079352124505676316e-03
8.081375347219614189e-03
8.081278619999609711e-03
8.081441672919751143e-03
8.081950887709007936e-03
8.081216562177119533e-03
8.080756787500913141e-03
8.081118349677783239e-03
8.082632015649239901e-03
8.082373249474130925e-03
8.082444921890604914e-03
8.081807703631989359e-03
8.080837415502306609e-03
8.082104895348817333e-03
8.083781520027604264e-03
8.083471065456180465e-03
8.080294095529620690e-03
8.082275806794523426e-03
8.080863492657143141e-03
8.082570784261418687e-03
8.084206306876442691e-03
8.082636272599740337e-03
8.081837083065606178e-03
8.084525539954272658e-03
8.083566704080776683e-03
8.083288126514527258e-03
8.083349217653086616e-03
8.083528030613296167e-03
8.083446384414721617e-03
8.084197730408370502e-03
8.081796249322443365e-03
8.084910394984571799e-03
8.083065039697776705e-03
8.080175402382859876e-03
8.081939719053160553e-03
8.082901317615269129e-03
8.083866472118533819e-03
8.083816184049489803e-03
8.083931275962493238e-03
8.084018221394966702e-03
8.081617323507447534e-03
8.083935706586263883e-03
8.082607565912615713e-03
8.081977970483242985e-03
8.083910886023271819e-03
8.081262817741033389e-03
8.083356371878595500e-03
8.083404332355954153e-03
8.082916186136717904e-03
8.081387316973068224e-03
8.080225457272721332e-03
8.082056246817662451e-03
8.082267283544221706e-03
8.081971997744656286e-03
8.082896165803807320e-03
8.082417603471064513e-03
8.083998874837693832e-03
8.084393429149905330e-03
8.082674373892722100e-03
8.083612632798284695e-03
8.084349595750004239e-03
8.081062299794378526e-03
8.083620919049315512e-03
8.082956329317412397e-03
8.084745809655721760e-03
8.083770317166521016e-03
8.084812432130408094e-03
8.083780814009809690e-03
8.083662743758109059e-03
8.084093893241701620e-03
8.082099000951940490e-03
8.080927713864427542e-03
8.082977352211346764e-03
8.079936188620986254e-03
8.082581830315736446e-03
8.080604895417845684e-03
8.085144651964611476e-03
8.086516324995437002e-03
8.080703906108257714e-03
8.082711279040075136e-03
8.085015494482537465e-03
8.081743119265110548e-03
8.079261055423839905e-03
8.083128243546070651e-03
8.081354142902341664e-03
8.082831413830360995e-03
8.082060206373111594e-03
8.086425058529156731e-03
8.082862304986736940e-03
8.081192517316508270e-03
8.082876374450131615e-03
8.083599878718983334e-03
8.082673344969386678e-03
8.084525517689511442e-03
8.080683078538238376e-03
8.083533146230004185e-03
8.082402936527385839e-03
8.081191378113706733e-03
8.081218308840596581e-03
8.082656863134489791e-03
8.084262255095368485e-03
8.083413725492755511e-03
8.082237423380352406e-03
8.083086955196248230e-03
8.083240623788600851e-03
8.082339357839432581e-03
8.084150959052901347e-03
8.080964443189592172e-03
8.083573236836755216e-03
8.081317120502006998e-03
8.084477354086369236e-03
8.081741536421686509e-03
8.084622396799835686e-03
8.084449334223350880e-03
8.081653618173366069e-03
8.084710927654724030e-03
8.081449152655406643e-03
8.082550740849493709e-03
8.082286283868781937e-03
8.083701507214180806e-03
8.083754925016421386e-03
8.082501324349887842e-03
8.083302569147323563e-03
8.081318071060727276e-03
8.081763495806035605e-03
8.083285603718680032e-03
8.083485118349303944e-03
8.083168088378025334e-03
8.083917738644053400e-03
8.082770594448783139e-03
8.086294170668235567e-03
8.081271788973859449e-03
8.085554141993992958e-03
8.082738725703541433e-03
8.082849442118464692e-03
8.084151262333739291e-03
8.081796310363882629e-03
8.080908671995162135e-03
8.084656055326993815e-03
8.084927899719211025e-03
8.083727003984913714e-03
8.082226312833099349e-03
8.081900218491214205e-03
8.083470282807632065e-03
8.081734891563174122e-03
8.083097190668185258e-03
8.081373543571811896e-03
8.081203360905179350e-03
8.083760607415325233e-03
8.084060377769378830e-03
8.086401684362885811e-03
8.082814799678809947e-03
8.081267485242920115e-03
8.081900561579225331e-03
8.084220001416996329e-03
8.081531065803544342e-03
8.081800847873889249e-03
8.083307613606760533e-03
8.080738599162142280e-03
8.081654639763784231e-03
8.080889740139363814e-03
8.083217274454072496e-03
8.084046646222335306e-03
8.086018061739542670e-03
8.084055044829872166e-03
8.081281433776210318e-03
8.081591853390062558e-03
8.082930800305620708e-03
8.085871680194298139e-03
8.081665017409776774e-03
8.082487827344265324e-03
8.081606160759747387e-03
8.083687228206633268e-03
8.084262111892765931e-03
8.083293154282609333e-03
8.082913249759281563e-03
8.081724958837716022e-03
8.082094247938593004e-03
8.082265696386949777e-03
8.085523096612486083e-03
8.082004510440214673e-03
8.079856032084158091e-03
8.082528546276565931e-03
8.082854700062789416e-03
8.086630969526106133e-03
8.084608081820350914e-03
8.080937277630895546e-03
8.077947150103374427e-03
8.082066591196614830e-03
8.082116653217293056e-03
8.083851338837870493e-03
8.080609183784238578e-03
8.082491651409390646e-03
8.085207712798254953e-03
8.084486440841696583e-03
8.082959405371162656e-03
8.082740178441330872e-03
8.080590697986118898e-03
8.082255166395425211e-03
8.081487347269921198e-03
8.083473135149163435e-03
8.080597154331499096e-03
8.082482390158513344e-03
8.083252122176769541e-03
8.081036206941508843e-03
8.083682994340590788e-03
8.082719438356833833e-03
8.082345247958103163e-03
8.082850262624979853e-03
8.081942901484596986e-03
8.082924629190430671e-03
8.083232357432969598e-03
8.083353964548152873e-03
8.081079403439096059e-03
8.084383168735465378e-03
8.084075986454799384e-03
8.082692129570410652e-03
8.081032873059036670e-03
8.081115530000893693e-03
8.081103858193217082e-03
8.082302357764638637e-03
8.084845212352028548e-03
8.083184984282204555e-03
8.082594629191664284e-03
8.083550808887982747e-03
8.082106728583688532e-03
8.082978004558177831e-03
8.082441743189739888e-03
8.082995606925349324e-03
8.082946965071962156e-03
8.080902389172495495e-03
8.084157414018262183e-03
8.085013807809477565e-03
8.082869023634399464e-03
8.083323332478043258e-03
8.082146773084759525e-03
8.081222771729502236e-03
8.081668273918818368e-03
8.083227276414700277e-03
8.078913822095136824e-03
8.081465837902777893e-03
8.083386472734068601e-03
8.084562599069014879e-03
8.084503149721786880e-03
8.082067984135231711e-03
8.081642758120000797e-03
8.083344186943541496e-03
8.081056526232763618e-03
8.082125104193736004e-03
8.082117610854647888e-03
8.081320619088915025e-03
8.082754481227727092e-03
8.085686598613113854e-03
8.081872263447703250e-03
8.083505105442425134e-03
8.082480886220495819e-03
8.083287519184308156e-03
8.082822249144505297e-03
8.084125116648323978e-03
8.081804877244986446e-03
8.081702295125500063e-03
8.081180626929600555e-03
8.083254728098048653e-03
8.083435881722967134e-03
8.082319695948926228e-03
8.082556872291547442e-03
8.085236310025030806e-03
8.080494689902427419e-03
8.081905369483378260e-03
8.082813175029592706e-03
8.083003984278205878e-03
8.084771262655441812e-03
8.081525599154336381e-03
8.084172204297131875e-03
8.080403358808312814e-03
8.078168160563725664e-03
8.084241887935118484e-03
8.082040896576086347e-03
8.084061044247865813e-03
8.082590046719531629e-03
8.081729938891149892e-03
8.083100218292511852e-03
8.082104319604457160e-03
8.082150137121582936e-03
8.079047851946890429e-03
8.085464988038549086e-03
8.084199143386918904e-03
8.082504695684361584e-03
8.082525169225852207e-03
8.083707451025733126e-03
8.082529235914043264e-03
8.085189671009188755e-03
8.081541149026635895e-03
8.083994987971718921e-03
8.082031039009547266e-03
8.084263540937334375e-03
8.080619369176150410e-03
8.086691418543642471e-03
8.081109746121604986e-03
8.081049833689717826e-03
8.081147057157476998e-03
8.080191362142533432e-03
8.081821664504272237e-03
8.082824480292906746e-03
8.081122189578559059e-03
8.081003468138576312e-03
8.084293479779916525e-03
8.081754432455090856e-03
8.082788192545160844e-03
8.082486648872127741e-03
8.082897879208739145e-03
8.082652775457282654e-03
8.081001645281036053e-03
8.080385880335499635e-03
8.081241646468926426e-03
8.082873794647728663e-03
8.081852342991829863e-03
8.080970762694900111e-03
8.082308263678705459e-03
8.081944865712493639e-03
8.082914001197281928e-03
8.081188809234586892e-03
8.082309800392767016e-03
8.080758593214524763e-03
8.083838935719827451e-03
8.083377857266413336e-03
8.083054204508846596e-03
8.083550630924932201e-03
8.082576546770442460e-03
8.080942243306502362e-03
8.084454773955623147e-03
8.082270254923857103e-03
8.083007348101677383e-03
8.082376872483709035e-03
8.082029348446352623e-03
8.085195112154637889e-03
8.080468891954850630e-03
8.083910091580966475e-03
8.083296315398218190e-03
8.080930127625812753e-03
8.083169146941716898e-03
8.080625826097444925e-03
8.084494517569601121e-03
8.083360994489944759e-03
8.083641953176255723e-03
8.081509145980549438e-03
8.083017681039460570e-03
8.084804052178104841e-03
8.083727990698124852e-03
8.083861251497251321e-03
8.082091366963946658e-03
8.081449502090012893e-03
8.081893149551867134e-03
8.083081807759689638e-03
8.082911136270715113e-03
8.082676049422586259e-03
8.082579830911339192e-03
8.081868864824631044e-03
8.082813524299965746e-03
8.084094509073892418e-03
8.080245196210898012e-03
8.083560725219870319e-03
8.082222473780781985e-03
8.080925874446727789e-03
8.085980915622409046e-03
8.083573250615908382e-03
8.084913013004877552e-03
8.083437838111931159e-03
8.079190412235736848e-03
8.083918577197153621e-03
8.083025398944633164e-03
8.086319278844990299e-03
8.081712338598421447e-03
8.083360415031102739e-03
8.083555988870417056e-03
8.080242760975041294e-03
8.082581987230970724e-03
8.083729225768712320e-03
8.081730638608331657e-03
8.082109445239517645e-03
8.081611789637215687e-03
8.082765185585719103e-03
8.080521052656870415e-03
8.083844624711599910e-03
8.082705386834410782e-03
8.084673663386200693e-03
8.083539959749707488e-03
8.081292684738746943e-03
8.083094222489872749e-03
8.079499266518032005e-03
8.081527896658710630e-03
8.083942290458872443e-03
8.084178074714745699e-03
8.084051926889591205e-03
8.083373894853697686e-03
8.083444751746278467e-03
8.081506755800986486e-03
8.082637480989722165e-03
8.081616001669669411e-03
8.081653208571286384e-03
8.082193510098333034e-03
8.084029434225080760e-03
8.080444293738895181e-03
8.083146263809633247e-03
8.082165984106326473e-03
8.085603259821253289e-03
8.082928595329042648e-03
8.082568668884196339e-03
8.083192583637866663e-03
8.082815888484574246e-03
8.082989256788311594e-03
8.080591364128078199e-03
8.082669282813507647e-03
8.082806352535804040e-03
8.082579162859643632e-03
8.082778331876837308e-03
8.085243168910332540e-03
8.082022334197497271e-03
8.083261800770675035e-03
8.084371750509017698e-03
8.081198656184366766e-03
8.081554338445770883e-03
8.081165616676795962e-03
8.083312284860862812e-03
8.082137706340596778e-03
8.082261941534924984e-03
8.082849423744754153e-03
8.082680213279635345e-03
8.082998294746998602e-03
8.081802075152048556e-03
8.083694799497076824e-03
8.081711334760573531e-03
8.084219503510471291e-03
8.082809865691358703e-03
8.085799521636247503e-03
8.084185530388976471e-03
8.084057736257397458e-03
8.083561390846849201e-03
8.083354994625611967e-03
8.082204422461561344e-03
8.080578899751970565e-03
8.083692852563655051e-03
8.085264036579548411e-03
8.084636787806348882e-03
8.080327421068537672e-03
8.084621496666680174e-03
8.082585312542642578e-03
8.085085185301956606e-03
8.084672734117151829e-03
8.081241302351511308e-03
8.081491372966036202e-03
8.082089482675025582e-03
8.081748286174082405e-03
8.084434602626049474e-03
8.082003645717816820e-03
8.080138709156615973e-03
8.083369612000462431e-03
8.084182511867626930e-03
8.084044070148435970e-03
8.085162701289031958e-03
8.083725682938972673e-03
8.082434506566088875e-03
8.082916748316758271e-03
8.082350341719349296e-03
8.080228268711327558e-03
8.083914639157826695e-03
8.081918373037538794e-03
8.082055202362070992e-03
8.082596978296522836e-03
8.083428610177927423e-03
8.083304029032544955e-03
8.082874857715390340e-03
8.082867222912841487e-03
8.082708615250283959e-03
8.080634226875223203e-03
8.081213748851635501e-03
8.080326019330117890e-03
8.085633392982053205e-03
8.083347521735890009e-03
8.081871117815400685e-03
8.081185031195517801e-03
8.083172971476773605e-03
8.084493631315820689e-03
8.083250343441913954e-03
8.083238073317988368e-03
8.080498977995150336e-03
8.080658752401352271e-03
8.084931619800658775e-03
8.080976039605478750e-03
8.083745068805313697e-03
8.081759056718304524e-03
8.082694196456271032e-03
8.081391410315831927e-03
8.081850455632848956e-03
8.082481888275821688e-03
8.083758533690329692e-03
8.083126235938823539e-03
8.080618942489058501e-03
8.083089199492299315e-03
8.081476834326915479e-03
8.081497577652507411e-03
8.081851970756531722e-03
8.083919792606145821e-03
8.080826961924863702e-03
8.082542651589978006e-03
8.083429669529443654e-03
8.082189481323298966e-03
8.081218386127544256e-03
8.083479937288090209e-03
8.083250551647672144e-03
8.084074011151517331e-03
8.083623490994822774e-03
8.081316917924489737e-03
8.083406906049916962e-03
8.083011744863114953e-03
8.082907952011745764e-03
8.082788229359476329e-03
8.083208603461311884e-03
8.083557605530951665e-03
8.079329839898572244e-03
8.083251736715667268e-03
8.085327661710946245e-03
8.083572544126831072e-03
8.082685629850178133e-03
8.080602247233869759e-03
8.081858421432717640e-03
8.082958998582254542e-03
8.082106538497521239e-03
8.084088738157278048e-03
8.083997178646979906e-03
8.080410491131026149e-03
8.080627263605701452e-03
8.082534224948296694e-03
8.082897257600921842e-03
8.082819729493765509e-03
8.080767177620398409e-03
8.082753638493100218e-03
8.081950915293944007e-03
8.083685369199860096e-03
8.084663750802169313e-03
8.081425157464332959e-03
8.083754824552001617e-03
8.080272616781555839e-03
8.082062835240943349e-03
8.082014272267434504e-03
8.082795490408915123e-03
8.082352186480000825e-03
8.083725707755588449e-03
8.082642115298521723e-03
8.081831214516095249e-03
8.083790416044057264e-03
8.084088333050586800e-03
8.082372783513114625e-03
8.083003578045356435e-03
8.081968442574045258e-03
8.084102570258829001e-03
8.079478626368404373e-03
8.083690847101624236e-03
8.082850032446624311e-03
8.082450957561208849e-03
8.084638629982099367e-03
8.084464490045361468e-03
8.083062388064225084e-03
8.080228020921287335e-03
8.083028509285600585e-03
8.081193968128331379e-03
8.081895806027881990e-03
8.083828393323160000e-03
8.083882683640448638e-03
8.080211069192688375e-03
8.083925052514095988e-03
8.080840079754396388e-03
8.081919584327783984e-03
8.081535864180368692e-03
8.080075373119244633e-03
8.082440485412269171e-03
8.083546376224578014e-03
8.081703443684496238e-03
8.082458471257700228e-03
8.081645084574946153e-03
8.080670822128467601e-03
8.082760950662881347e-03
8.083492337269205033e-03
8.082047386161715641e-03
8.079263335196824880e-03
8.082222986593329619e-03
8.079023389257656770e-03
8.081384323664416933e-03
8.081176222731235176e-03
8.080805472459318128e-03
8.080705888014039565e-03
8.082807142898813454e-03
8.079494975174269025e-03
8.086057554944566655e-03
8.084368696046532674e-03
8.081345241842943436e-03
8.081066866496216389e-03
8.081528975087601957e-03
8.083661748783031037e-03
8.083201036664324282e-03
8.083770425150951441e-03
8.081958114800903356e-03
8.084742862055687915e-03
8.080248430607683136e-03
8.082187768955747392e-03
8.082269982663137925e-03
8.082348555912615903e-03
8.083650937557909297e-03
8.078937456245022242e-03
8.082497038640468548e-03
8.082823498341889720e-03
8.085026746783970097e-03
8.083247717414095146e-03
8.083045891546441347e-03
8.081499438243719760e-03
8.081976770639763205e-03
8.081332179066261917e-03
8.083647371813336424e-03
8.080180431694859722e-03
8.080289207133736426e-03
8.080952605510581532e-03
8.082740791309880185e-03
8.083059458285546742e-03
8.082568506440093031e-03
8.080582732470592208e-03
8.079196929238273428e-03
8.082747741155462892e-03
8.081743671207616136e-03
8.081448856714154236e-03
8.082817730942293624e-03
8.082020104586676648e-03
8.083643750430739849e-03
8.083222332562728374e-03
8.081904524755966976e-03
8.080274942479993491e-03
8.082180950929085048e-03
8.079833109551555134e-03
8.081496542448482479e-03
8.086107232630163760e-03
8.082436979346480782e-03
8.080772358055588606e-03
8.083193590184381203e-03
8.081926666249211744e-03
8.084228549716673817e-03
8.081698003338990549e-03
8.083469130626307758e-03
8.081507836362399402e-03
8.084894407264680768e-03
8.082873794647659274e-03
8.083420871326400803e-03
8.081939246340808652e-03
8.081759383772771366e-03
8.083527956147787755e-03
8.085827455011877427e-03
8.082634224010705817e-03
8.081964259409159593e-03
8.084089473344106130e-03
8.084347292875479485e-03
8.079967372066227185e-03
8.081900802487006902e-03
8.082416778686500949e-03
8.083248205792866597e-03
8.082995305338284975e-03
8.081685033680317126e-03
8.083283222559327005e-03
8.081622026072795076e-03
8.081724109505214124e-03
8.081617507253837165e-03
8.086691635130592234e-03
8.083000597328669073e-03
8.081871841770319267e-03
8.081499990528909563e-03
8.083650488321741934e-03
8.081595754094452258e-03
8.081244422237062602e-03
8.083927891085246689e-03
8.085510708022160611e-03
8.082343074046734535e-03
8.083052906856067962e-03
8.080906181202411262e-03
8.082751803667081666e-03
8.082688608982434991e-03
8.080091214913627876e-03
8.085154751167533335e-03
8.082966004939833721e-03
8.083431313442667951e-03
8.081977946769562660e-03
8.082411623928630398e-03
8.081815502370460341e-03
8.081493753392704482e-03
8.084804278742530048e-03
8.083038220408473445e-03
8.084756494431860271e-03
8.084166694177656598e-03
8.080535736281580644e-03
8.082492162400685062e-03
8.085053131494528839e-03
8.082887770709205194e-03
8.085874964830585057e-03
8.080437149655863432e-03
8.080576984861233270e-03
8.081924426042186652e-03
8.082762210604282557e-03
8.084717440799442031e-03
8.082981032125544779e-03
8.081668488846251858e-03
8.082437429669674447e-03
8.083296990814007460e-03
8.083231802869975113e-03
8.082561268429062223e-03
8.084527047405129507e-03
8.082245506306736174e-03
8.082954775054298352e-03
8.079985932388344949e-03
8.083954657350433601e-03
8.082310458229619715e-03
8.084581970060697106e-03
8.084399549969169957e-03
8.082313019941169199e-03
8.085054078925554832e-03
8.085483287535059210e-03
8.084045037085775195e-03
8.085755953284236297e-03
8.082249486668722366e-03
8.081850406427984815e-03
8.083594413714404250e-03
8.083597402933415457e-03
8.082068436170340708e-03
8.084215343548620605e-03
8.083986935278768965e-03
8.082980025728265031e-03
8.080917845989223081e-03
8.084889779000757615e-03
8.084822084457488067e-03
8.083279291103888028e-03
8.083133242311696040e-03
8.082896069431235939e-03
8.084441115627149718e-03
8.079328529347193019e-03
8.081109416353232655e-03
8.083627518293041644e-03
8.084726204959303414e-03
8.081074925029144151e-03
8.081178424428406976e-03
8.081474569029337487e-03
8.082174599001760648e-03
8.083216795941747246e-03
8.079440034836588708e-03
8.082220295182379610e-03
8.082539221341158639e-03
8.082325328073691056e-03
8.083218761134497096e-03
8.082615281939877286e-03
8.082008586213686868e-03
8.081712936647519538e-03
8.079631203784925012e-03
8.084369039063610957e-03
8.083065069192230459e-03
8.081667627337460469e-03
8.085656387469710923e-03
8.082229744964201240e-03
8.084914980872232732e-03
8.081153357366014159e-03
8.081092270508479988e-03
8.082475487724600713e-03
8.083033523541912832e-03
8.081870595983134051e-03
8.080836585091082450e-03
8.080288553122807679e-03
8.082549641766334156e-03
8.085823416004798980e-03
8.085719916888818234e-03
8.081712103255381252e-03
8.085995305125694144e-03
8.085372883712180214e-03
8.084912738866852772e-03
8.085188948351017604e-03
8.082601404099320000e-03
8.083419788355332078e-03
8.083934319216376507e-03
8.081420822810735094e-03
8.084963280259462037e-03
8.082954242904403022e-03
8.080501744094895425e-03
8.081265146782996150e-03
8.080998286676320530e-03
8.083964203289046094e-03
8.082762283719874263e-03
8.081670213851265688e-03
8.082936861634753764e-03
8.081347157021996977e-03
8.082141590967251848e-03
8.082296775210075918e-03
8.083890965466796613e-03
8.084152189330491220e-03
8.082973560445605096e-03
8.080909017023104116e-03
8.080908590229611208e-03
8.083055266432135483e-03
8.081818993111729299e-03
8.081406152508654323e-03
8.082056483975481875e-03
8.082309993938907935e-03
8.083047982426084382e-03
8.083474119186034521e-03
8.081798989511177270e-03
8.081961604945215802e-03
8.081324478996005159e-03
8.085464164853579244e-03
8.084203381303781827e-03
8.081884759907759230e-03
8.082122119169294835e-03
8.082486190344784910e-03
8.084132954949042535e-03
8.087213044707304913e-03
8.084429692918251170e-03
8.083351489959811342e-03
8.082244520553383965e-03
8.084890118145981672e-03
8.080413333087822780e-03
8.081691523814575270e-03
8.081113396432186569e-03
8.084246237645550601e-03
8.082911625191702143e-03
8.082309060671349216e-03
8.081780324528666307e-03
8.082719471025586952e-03
8.081530536897717221e-03
8.083788542056553894e-03
8.082708266029730443e-03
8.084650797256917251e-03
8.082758828028311499e-03
8.078359475602304302e-03
8.082835323016226634e-03
8.082175306240134416e-03
8.084314499726352743e-03
8.081633163178031376e-03
8.084017971360142260e-03
8.081721292732907402e-03
8.083531434756393783e-03
8.080266555457016331e-03
8.083968974426824355e-03
8.083024874591331066e-03
8.080197383857802215e-03
8.081600642786549230e-03
8.081371489489399054e-03
8.083488936228388003e-03
8.081370563110149702e-03
8.083002286931720293e-03
8.082164575290361544e-03
8.082094263714537791e-03
8.083436274227548055e-03
8.081463206909304461e-03
8.081543431698571048e-03
8.080397175840877896e-03
8.080922570006558378e-03
8.085820109739754250e-03
8.080207400405296433e-03
8.085461490315212427e-03
8.080173502803083413e-03
8.083308935243248283e-03
8.082125376321757509e-03
8.081308503734150467e-03
8.084568170412694682e-03
8.083990522006543125e-03
8.081096575361525203e-03
8.080189145488228877e-03
8.080981276638107488e-03
8.082975103990643409e-03
8.082331984004697059e-03
8.082531646046307167e-03
8.081897824430677585e-03
8.085640297930640069e-03
8.084493818085063122e-03
8.084648402469205367e-03
8.082760378405742102e-03
8.081449534325543110e-03
8.083564948974728340e-03
8.081295546184023848e-03
8.081190843122129652e-03
8.083077233408781162e-03
8.080565936016238099e-03
8.084672328611333669e-03
8.081522635358490483e-03
8.082845882384451924e-03
8.082049779242499524e-03
8.083001759387031804e-03
8.081869165965550536e-03
8.082204275354601050e-03
8.083480451840010378e-03
8.084480898225981232e-03
8.082545647376647088e-03
8.081913646652991168e-03
8.081731885549989225e-03
8.081973039031161224e-03
8.083638625177615167e-03
8.082196483946077481e-03
8.082596131130052181e-03
8.082074382647909741e-03
8.084484558188545153e-03
8.082224892470769861e-03
8.082176493425366481e-03
8.082131973439240016e-03
8.082666047968591408e-03
8.083797880352811688e-03
8.083291550716423246e-03
8.084507652798254146e-03
8.081645121655028213e-03
8.083467761928267437e-03
8.081302405966850691e-03
8.083365982721515616e-03
8.081935601133610064e-03
8.082056381494871072e-03
8.085685820740593985e-03
8.083383975753316228e-03
8.081516454913425032e-03
8.083347586415819824e-03
8.084176710615273431e-03
8.079341647332788368e-03
8.083335364949565879e-03
8.082278647419588458e-03
8.080062413490175094e-03
8.081736911081962432e-03
8.081618431539663860e-03
8.080059011476370748e-03
8.083063701254583622e-03
8.082028727383915034e-03
8.081382174522694709e-03
8.082144471675307626e-03
8.082176113700906273e-03
8.082438512468575337e-03
8.082019393123626716e-03
8.084129612482011951e-03
8.082351866791693748e-03
8.084381808289605245e-03
8.080552081162949152e-03
8.081431588014789669e-03
8.086279309930608991e-03
8.082346576227009485e-03
8.083526670046097332e-03
8.079836221854180822e-03
8.083236288259484578e-03
8.080847666976470958e-03
8.083536358640761726e-03
8.082080944233578645e-03
8.083372741962205343e-03
8.081781252893769849e-03
8.083274263349919664e-03
8.081680528696188331e-03
8.083518129897533308e-03
8.082830824523238797e-03
8.082128728490532710e-03
8.081438338013948244e-03
8.083599158977503377e-03
8.081995764875369442e-03
8.084502211921465106e-03
8.083054227262765137e-03
8.085429250958665187e-03
8.081099971134974094e-03
8.082941964373509605e-03
8.081468726778489459e-03
8.081420599003257335e-03
8.082375580411384902e-03
8.079928839208898664e-03
8.080415282296351739e-03
8.081964531388491010e-03
8.083588133590226613e-03
8.084120359616262311e-03
8.081853942429386220e-03
8.083323030004460619e-03
8.080992371893445242e-03
8.083478504978506771e-03
8.082351889921284005e-03
8.080523000263165403e-03
8.082985668733050702e-03
8.080095516578466447e-03
8.083280516437698140e-03
8.082714759055104753e-03
8.084467987189564164e-03
8.082323326558950652e-03
8.082784360404231608e-03
8.081695730780239992e-03
8.083614860189854492e-03
8.081833794337033722e-03
8.083055301751386479e-03
8.080963267271193060e-03
8.081916587102574642e-03
8.081451305761070888e-03
8.082821581938294878e-03
8.082041149027194976e-03
8.081568535098469785e-03
8.082524687197105429e-03
8.080195666356754583e-03
8.083625472781510654e-03
8.081711635720077377e-03
8.082338912051442725e-03
8.084317647391103118e-03
8.081765043822772970e-03
8.082249819168513955e-03
8.082711654729008224e-03
8.083456463995783783e-03
8.085898294902396991e-03
8.082051583798830277e-03
8.082955415973726992e-03
8.082228779855276171e-03
8.083318376652002049e-03
8.081010150955714524e-03
8.082508371665622290e-03
8.080121100852689919e-03
8.083587198321929776e-03
8.081959724122863772e-03
8.080088240564282931e-03
8.082717272043630358e-03
8.082278896887949357e-03
8.084315000895956824e-03
8.085467364024869971e-03
8.080954686244236351e-03
8.083419552053628179e-03
8.083188798974579037e-03
8.081422140177842856e-03
8.081962365737896392e-03
8.081215464493125486e-03
8.083135545872669955e-03
8.080630501166360252e-03
8.083122431123223803e-03
8.085699172783197483e-03
8.081818290105719990e-03
8.082536517502205559e-03
8.080564577471629692e-03
8.080688995566036661e-03
8.084601952964259874e-03
8.082526825147505478e-03
8.083044051929883303e-03
8.081438142930731303e-03
8.080239218278491981e-03
8.081656039934676655e-03
8.082432101181704145e-03
8.084746245452561347e-03
8.084765833053335349e-03
8.082874141047724156e-03
8.081390875247793440e-03
8.081947306054378805e-03
8.082520271760894326e-03
8.081980154971447894e-03
8.081268535076114451e-03
8.081538656723192410e-03
8.082386664396576381e-03
8.081065521077483368e-03
8.083373367941378354e-03
8.084121299827115928e-03
8.080003227830222234e-03
8.083285651879061964e-03
8.083486267709362461e-03
8.081795708599038078e-03
8.082534956452409186e-03
8.082342584714765493e-03
8.079578896257181772e-03
8.080299601403365464e-03
8.078207783873485662e-03
8.083567629382896330e-03
8.079982766000446542e-03
8.081885620108111151e-03
8.081555628887118412e-03
8.082769196888802202e-03
8.081955882908765237e-03
8.082244743104359877e-03
8.083435153621842603e-03
8.082215427740555014e-03
8.081428998699038274e-03
8.080889930585078568e-03
8.083366972454588892e-03
8.085983319192340674e-03
8.080713456395252972e-03
8.083858565933473017e-03
8.085630640217335643e-03
8.081465119889882226e-03
8.082081047491529446e-03
8.082538288566693332e-03
8.085649182755273029e-03
8.081880625155154693e-03
8.081485789950923482e-03
8.082489745270813805e-03
8.083235131610213425e-03
8.082144135459847639e-03
8.085053434035411810e-03
8.085520793600704803e-03
8.081811864176240492e-03
8.081822837321252923e-03
8.082883975849089811e-03
8.081540492058834554e-03
8.081631785153226000e-03
8.079369660436853950e-03
8.084930810885257099e-03
8.080963078762442783e-03
8.084536991222628088e-03
8.082949676794988839e-03
8.081862495375969832e-03
8.082118467031751061e-03
8.083370634349336392e-03
8.083471271225562901e-03
8.082954079176188009e-03
8.084035679484508422e-03
8.085077997301541239e-03
8.081313044107195018e-03
8.083133192384487839e-03
8.082213871232632463e-03
8.080786746222194672e-03
8.079733093135674921e-03
8.080386300707790431e-03
8.082937143897331658e-03
8.084342016037231876e-03
8.081956789138670591e-03
8.082534045210591073e-03
8.087157975328024273e-03
8.082172117267258718e-03
8.084562130910834254e-03
8.083792065396324875e-03
8.085186367025655810e-03
8.081479113761932953e-03
8.081414189367790851e-03
8.082364439117023860e-03
8.084853414872403277e-03
8.082891576559208396e-03
8.079904800816500518e-03
8.082284509906771663e-03
8.082087700833864852e-03
8.079544156366809393e-03
8.082613696536377831e-03
8.084403668755874017e-03
8.079336478549380141e-03
8.081442764635521012e-03
8.085078044058136362e-03
8.082330382304858327e-03
8.084510390207457972e-03
8.082248531733095265e-03
8.081639849474039558e-03
8.083789861473809901e-03
8.085165239255632727e-03
8.084092197882681782e-03
8.084259459031047437e-03
8.083012305661056024e-03
8.082005832138701440e-03
8.082862402828783904e-03
8.083526341559496564e-03
8.081610243944391953e-03
8.080652287049051863e-03
8.082070776831961831e-03
8.083639912052442353e-03
8.085808339628432900e-03
8.081554917972532531e-03
8.079916988540781705e-03
8.080821639427629086e-03
8.081171156616984846e-03
8.083132149506901468e-03
8.086631890492010366e-03
8.081720192205059730e-03
8.081055350651665872e-03
8.082958777606496018e-03
8.082242596364069137e-03
8.081947852754289841e-03
8.084156484471216944e-03
8.082361506928027045e-03
8.085594493264352742e-03
8.081528081112395595e-03
8.083129139736739202e-03
8.083471699886535938e-03
8.081074368321991552e-03
8.083445152288083052e-03
8.081362840261762867e-03
8.084271126866814441e-03
8.082813326305192392e-03
8.082374907631811531e-03
8.083775850084176304e-03
8.081819037498015612e-03
8.084489976733359382e-03
8.082042162034671490e-03
8.082634272558435889e-03
8.081354307861401964e-03
8.079816627941235549e-03
8.081706835256951410e-03
8.085107320086680482e-03
8.082057101655253789e-03
8.081148354065474659e-03
8.084256177788620365e-03
8.084772582137038713e-03
8.082936575237726143e-03
8.081178263328896508e-03
8.082741284900225864e-03
8.084358536605208007e-03
8.080981125982808488e-03
8.081033583256350822e-03
8.084127526365241304e-03
8.082007408439983651e-03
8.081981379720031694e-03
8.082117170859132171e-03
8.081507025168521707e-03
8.080629931685165412e-03
8.081277013453191244e-03
8.085488528278105338e-03
8.081965555507102106e-03
8.081466741622070002e-03
8.081167199106906521e-03
8.081847153021744223e-03
8.084330242423186375e-03
8.082093032745709185e-03
8.082086777416081641e-03
8.084482870679263536e-03
8.083104331107102483e-03
8.080172000739609811e-03
8.081973167837307528e-03
8.081851981674961077e-03
8.081342335534837801e-03
8.083741469844540201e-03
8.081393698353710880e-03
8.082443797910029634e-03
8.084137630634577465e-03
8.083031492095630807e-03
8.084086493191070324e-03
8.084694837406571077e-03
8.086553572634793546e-03
8.081452198320054209e-03
8.083914458556020616e-03
8.083844854207461461e-03
8.085632176985321079e-03
8.081373972565810207e-03
8.080575875919279380e-03
8.083033462053634821e-03
8.082484066011957208e-03
8.080934389002777593e-03
8.083557458868094459e-03
8.082631577824614388e-03
8.080290253359861258e-03
8.081244755557050533e-03
8.081238379628971624e-03
8.083989117042294018e-03
8.079116648362574468e-03
8.082190301665074378e-03
8.083029534924917117e-03
8.081683683802716803e-03
8.082199365008441855e-03
8.081898274859961734e-03
8.084323186376521017e-03
8.082351312619945327e-03
8.082014343971113957e-03
8.083201811715583565e-03
8.084530092196723708e-03
8.084030201477085745e-03
8.081406972322137047e-03
8.080526420567932244e-03
8.085396490270412712e-03
8.082523438507016600e-03
8.082037437954776860e-03
8.080998123096809482e-03
8.083164495243443798e-03
8.082743601884118806e-03
8.085179368824262428e-03
8.084013991196870377e-03
8.082283926463294105e-03
8.084491050072944995e-03
8.081631967335323533e-03
8.084745448271172738e-03
8.081359699551537989e-03
8.081823763404443958e-03
8.083970962907503083e-03
8.084404625546302153e-03
8.080886202696887718e-03
8.083192148223389620e-03
8.082477913765387378e-03
8.085803967137325868e-03
8.079034515893222801e-03
8.081808664261091665e-03
8.081691962122317802e-03
8.083090042569554892e-03
8.086389154234704252e-03
8.084701115662439388e-03
8.081074827299351143e-03
8.082193338665517174e-03
8.082127681062938399e-03
8.083212527099153596e-03
8.081545938602061399e-03
8.080741360147299795e-03
8.083085852570653235e-03
8.082706883025399594e-03
8.082272095082788585e-03
8.083460579112208486e-03
8.081958261623728088e-03
8.082384919636717222e-03
8.083758793233558615e-03
8.082984413747017205e-03
8.083754147089880493e-03
8.081412565670057294e-03
8.082704986166269756e-03
8.084754598892272132e-03
8.081665430459288035e-03
8.081610492614701990e-03
8.082461864291085735e-03
8.084311402815482633e-03
8.081395205269350027e-03
8.084036105197228705e-03
8.081548590575377694e-03
8.080974193195025398e-03
8.083143425241336166e-03
8.081539776105243003e-03
8.083518915848988268e-03
8.082064012827424801e-03
8.083622261027548911e-03
8.079637450158792811e-03
8.081459099448058334e-03
8.081647454242479531e-03
8.081344623987869041e-03
8.082067178885295536e-03
8.085180715362228626e-03
8.080900452648366941e-03
8.081106717815143489e-03
8.082994858623229403e-03
8.085022494109405169e-03
8.080786538846813916e-03
8.081626277063658215e-03
8.083170707266528962e-03
8.080533292943510582e-03
8.080560406041156080e-03
8.081476106399827081e-03
8.080181618374978475e-03
8.084304405545255853e-03
8.080860786327590320e-03
8.080172276505584103e-03
8.083926870245028776e-03
8.081775092990168760e-03
8.081170979867319595e-03
8.085877623591749414e-03
8.080397758230682681e-03
8.083551987350258428e-03
8.082360555211609565e-03
8.083257967388384618e-03
8.082707277623652972e-03
8.081590970640701102e-03
8.081767068663691170e-03
8.082340594852152268e-03
8.081666731204303206e-03
8.084948676196001757e-03
8.084565072754453657e-03
8.082960497948139464e-03
8.078081933160261713e-03
8.083318491478549625e-03
8.080601028208983516e-03
8.084837458042202357e-03
8.081024917650095687e-03
8.079997488836076006e-03
8.081811586255599131e-03
8.083601427857483104e-03
8.083257745218596843e-03
8.080138456816036985e-03
8.082549806066064227e-03
8.082403086716916790e-03
8.080591056637040359e-03
8.082817618238789109e-03
8.082346741289266751e-03
8.081767406967428624e-03
8.081721202531233147e-03
8.082300076724783372e-03
8.081444053148003487e-03
8.080533001751499106e-03
8.082101188794724167e-03
8.080331093307501975e-03
8.082016987870624738e-03
8.082169041149635941e-03
8.085771259282455159e-03
8.082638122048728391e-03
8.083592185073415481e-03
8.083942624378471012e-03
8.082903832506685773e-03
8.080449808364984290e-03
8.081921029638363535e-03
8.084925713111978940e-03
8.081827247700902953e-03
8.081733446322307904e-03
8.083002790941486507e-03
8.083327565557822322e-03
8.082939179046890951e-03
8.082227139610041397e-03
8.081409068829486717e-03
8.085885642776003551e-03
8.083656712863832028e-03
8.083089513280196023e-03
8.081656649220255242e-03
8.082187088192733723e-03
8.084735459043144654e-03
8.082991997495583836e-03
8.081139238170539918e-03
8.082835605488804948e-03
8.083873636111352928e-03
8.083483756074802407e-03
8.084832785018912851e-03
8.083385325235838484e-03
8.080235499879503958e-03
8.083724434380582316e-03
8.083158393674478442e-03
8.082631503246298643e-03
8.083608813128292936e-03
8.082281601804280208e-03
8.081776288668615638e-03
8.080437144270164601e-03
8.080147975882844349e-03
8.084040077763124735e-03
8.084161624292417539e-03
8.082718127711658110e-03
8.081729866714199711e-03
8.082521139543776337e-03
8.085339655209699411e-03
8.083337033722517301e-03
8.081930166511741218e-03
8.082048184375181452e-03
8.081867111868538261e-03
8.080186060941622894e-03
8.083189641520893004e-03
8.082775369275579241e-03
8.081992866794989600e-03
8.083492068871406255e-03
8.082756593955965976e-03
8.079643379829951413e-03
8.080699775204034860e-03
8.081130339938602178e-03
8.086090744356084353e-03
8.083885549809363691e-03
8.081128034324452925e-03
8.080716533962827020e-03
8.081577860960397972e-03
8.081512766234262568e-03
8.085225282173627917e-03
8.083641193918402953e-03
8.081420932294160892e-03
8.083872561624291103e-03
8.081244550268854368e-03
8.083783763767300040e-03
8.084812610099436497e-03
8.080670674875863393e-03
8.081870232935575021e-03
8.082076417304831853e-03
8.081612721751929226e-03
8.082954620002434643e-03
8.085195659498991758e-03
8.083956943559535840e-03
8.082173328337778628e-03
8.084109928332902650e-03
8.082518995359390737e-03
8.084468340946752637e-03
8.082259620498114319e-03
8.079678154847481919e-03
8.082152106429960764e-03
8.082455308300642502e-03
8.082643104150967830e-03
8.081808845607779332e-03
8.082267049748402196e-03
8.082023951079635865e-03
8.082914529829529279e-03
8.079856471011675687e-03
8.080647948856429022e-03
8.079278379428584539e-03
8.082516841824162121e-03
8.080508502741917676e-03
8.083613379586782055e-03
8.084786966436628697e-03
8.081936606141322532e-03
8.080519599094506192e-03
8.082070487060648983e-03
8.080518114206724015e-03
8.082033158488174593e-03
8.082984521767665187e-03
8.085962564706870165e-03
8.079816224097740446e-03
8.080212360731359525e-03
8.083172872939709680e-03
8.078695472292176175e-03
8.081905676545821440e-03
8.081199216057132970e-03
8.079952445431446556e-03
8.081667508622585733e-03
8.084331171396034674e-03
8.083596861377349840e-03
8.082216350108398575e-03
8.081653271924213455e-03
8.081823054513003618e-03
8.084722973469534932e-03
8.085498421682905598e-03
8.084710208335409848e-03
8.083572376905540438e-03
8.081289721762740033e-03
8.084404581509196594e-03
8.082631309152878488e-03
8.083939148894141863e-03
8.083606275166977870e-03
8.083630016000795809e-03
8.078324384135360248e-03
8.084913463256329993e-03
8.082816495042036489e-03
8.082154324524023353e-03
8.083952959083087406e-03
8.083384601821402490e-03
8.086370131561920055e-03
8.083273557668897366e-03
8.083611511337716188e-03
8.084648549373810167e-03
8.082697457171694397e-03
8.084613733848838510e-03
8.080896534859462882e-03
8.082188969743477058e-03
8.082643207171245903e-03
8.084074776049587560e-03
8.082085330790599043e-03
8.080029719283458173e-03
8.083237334558157280e-03
8.081456413561968408e-03
8.083249144781303949e-03
8.084761408269842617e-03
8.082080791707819262e-03
8.082043990259069749e-03
8.081804098799411085e-03
8.083900707759715185e-03
8.080788248500917967e-03
8.080426060027963431e-03
8.079540096048401510e-03
8.084242076215391801e-03
8.082913342324717781e-03
8.082994213095049882e-03
8.080403673234063874e-03
8.080449540084813642e-03
8.082329854509994957e-03
8.084578760609049952e-03
8.081569912375295359e-03
8.080846252636232283e-03
8.082640691900604829e-03
8.084570357025838705e-03
8.083097189924946455e-03
8.084919806455466082e-03
8.082885901885928509e-03
8.080156805562508857e-03
8.081300606050252980e-03
8.081507246552897816e-03
8.083756696705262160e-03
8.085684872357449399e-03
8.084113072327954799e-03
8.082386722853007049e-03
8.082761251167261407e-03
8.082481628622975589e-03
8.081304705536215480e-03
8.083700632777673228e-03
8.082284592991933678e-03
8.080638387843638512e-03
8.082583705812679958e-03
8.082114838840397802e-03
8.085693538787564610e-03
8.083005818593745617e-03
8.083092997630899820e-03
8.083457382277038639e-03
8.084291123359047329e-03
8.086080806933996015e-03
8.084928421598485196e-03
8.081992409802835411e-03
8.081595068822470737e-03
8.082158613641648656e-03
8.084412652045049053e-03
8.082793554226929550e-03
8.081853605872844903e-03
8.081205211314137354e-03
8.079748335123527331e-03
8.084438890613552739e-03
8.081288280474642483e-03
8.081366605043197385e-03
8.081749868880796356e-03
8.080936289772669770e-03
8.085414684350930928e-03
8.085978706125434776e-03
8.083148234488199760e-03
8.084532098037109857e-03
8.080420672570478094e-03
8.079440744134558025e-03
8.084545343973858350e-03
8.080258678198861538e-03
8.085708716278436348e-03
8.083705695976483099e-03
8.082556489562695359e-03
8.082332539647622827e-03
8.081417182787993536e-03
8.082209258897932527e-03
8.082503193341429235e-03
8.083991933265165242e-03
8.081360505719998102e-03
8.083117435698112044e-03
8.085844928279821084e-03
8.083126223578667238e-03
8.083184184039315240e-03
8.081980186351700457e-03
8.082227429959289514e-03
8.083687137048420346e-03
8.084847740814013473e-03
8.080880264131728996e-03
8.081908794221997691e-03
8.080394361263324235e-03
8.084144081705621140e-03
8.083706825217477215e-03
8.082647263224959286e-03
8.083513217543126378e-03
8.082634662366815909e-03
8.084978787093620792e-03
8.083662349877391087e-03
8.081870665987570326e-03
8.083210501713717841e-03
8.082082336219702234e-03
8.082001965531618315e-03
8.081660157243283557e-03
8.082437633518018902e-03
8.083110297586374934e-03
8.082175365350250523e-03
8.082100903292784369e-03
8.084645021273741128e-03
8.084463673298710254e-03
8.082674995391435704e-03
8.081346323495790587e-03
8.080637772820744788e-03
8.083578374032869898e-03
8.083391443401512222e-03
8.080704248664536196e-03
8.079592146481231682e-03
8.079414709622541324e-03
8.081411161919219502e-03
8.084219520010366491e-03
8.084561477929021536e-03
8.081781483190175058e-03
8.082653322126301734e-03
8.082837165308113386e-03
8.080218265601870481e-03
8.080611127552310424e-03
8.083607333525493280e-03
8.082209639234725837e-03
8.080606361613524441e-03
8.082104424202089799e-03
8.082211553792602657e-03
8.084873763420942147e-03
8.080953156176642893e-03
8.082977833679177646e-03
8.083343893971613528e-03
8.082998321724366858e-03
8.083758687304706120e-03
8.080000246770609532e-03
8.084624817576123446e-03
8.080462294287552721e-03
8.081523423577957610e-03
8.082964627297167109e-03
8.083186350467416389e-03
8.083044202172946086e-03
8.082451560724927472e-03
8.083383477542505080e-03
8.081983877142767322e-03
8.083148614759939204e-03
8.084528000268726561e-03
8.082611507291849115e-03
8.083332470216784277e-03
8.081992658207231423e-03
8.082958583335273645e-03
8.079928286461528220e-03
8.081099200539608798e-03
8.083391688793233054e-03
8.083673631062181231e-03
8.083349663880532235e-03
8.081349266413510868e-03
8.081886419636551133e-03
8.082558368292814752e-03
8.081819662927076584e-03
8.083511452079653048e-03
8.082146785585704249e-03
8.080602620495187446e-03
8.084113219912984066e-03
8.081350423788637161e-03
8.083105063263373857e-03
8.082970553769861649e-03
8.082898334313106531e-03
8.080702588368246855e-03
8.079831604442894166e-03
8.085723882329582182e-03
8.083937926264838508e-03
8.081172008308452198e-03
8.083680031317628384e-03
8.082027527462209635e-03
8.083501773311635094e-03
8.082351643583963671e-03
8.081667661666727329e-03
8.082512303015911004e-03
8.082596664838310324e-03
8.083733384524989171e-03
8.085954534573872379e-03
8.081664361523195617e-03
8.081835324023704456e-03
8.080144184973043001e-03
8.082678009833033084e-03
8.082737693819244673e-03
8.084436235805231644e-03
8.084080621268889197e-03
8.081327525514624133e-03
8.083391412680229066e-03
8.083793193484923104e-03
8.083592046214473775e-03
8.082344587339718514e-03
8.085075886494420133e-03
8.084468667610804349e-03
8.081160580714355501e-03
8.082962372723824854e-03
8.083397352183243484e-03
8.081696295404594207e-03
8.082233151536374893e-03
8.082816366132783426e-03
8.081778747408119301e-03
8.081022635361048700e-03
8.081455918050241272e-03
8.082876553280772883e-03
8.084727375357215681e-03
8.083991990337928424e-03
8.081527335318784699e-03
8.083776704277755021e-03
8.081777205125185992e-03
8.083737269365285846e-03
8.081668871766709353e-03
8.081766023880153707e-03
8.085696571968548768e-03
8.081835927902972228e-03
8.083841922432406096e-03
8.084807725143359700e-03
8.085213414447426847e-03
8.083228357644229797e-03
8.079361962228755190e-03
8.081673393866697225e-03
8.080032526317870376e-03
8.084176797635251460e-03
8.082741883383396872e-03
8.084648409685207468e-03
8.080219854375795402e-03
8.081287501345171473e-03
8.079904920179532130e-03
8.082103244114697410e-03
8.084812935862661920e-03
8.080223902865824731e-03
8.081130208514157934e-03
8.081790487841732443e-03
8.083146285614782947e-03
8.083961820617277874e-03
8.084151597018420302e-03
8.085817462323457647e-03
8.081802656209247440e-03
8.083227665887409569e-03
8.084797559974090872e-03
8.085420798483799326e-03
8.081647366976378935e-03
8.081175903037434230e-03
8.084051528886131155e-03
8.083150863533424338e-03
8.083968565110259338e-03
8.082319016214097041e-03
8.081411954925515548e-03
8.081513978610966806e-03
8.081744094558243260e-03
8.082977995168447519e-03
8.083340307394111524e-03
8.085193756249955954e-03
8.082139328471384110e-03
8.082078571287667698e-03
8.082288978786562189e-03
8.085275889297638408e-03
8.081850131509939889e-03
8.084036345790126740e-03
8.082176156268884928e-03
8.081673317913736290e-03
8.084538619084622596e-03
8.082936751159147670e-03
8.083280358773129240e-03
8.080592427708883224e-03
8.082615731660835676e-03
8.081406829749287687e-03
8.083275945140109414e-03
8.080864210650195306e-03
8.083518799394676796e-03
8.081431435968604998e-03
8.082329472106674143e-03
8.086243701240353882e-03
8.083148560392890147e-03
8.082990895706616483e-03
8.082547396965037920e-03
8.083425506811129507e-03
8.083460674214977895e-03
8.083435693787662663e-03
8.082659584426620664e-03
8.083832435273805711e-03
8.078894530019933851e-03
8.082664195694698114e-03
8.086365515924476624e-03
8.082147973089488791e-03
8.079800610874427261e-03
8.081881523895884101e-03
8.080632843166828810e-03
8.081949486367560540e-03
8.082983141478834038e-03
8.080814414502741558e-03
8.083387713256945731e-03
8.081818148858067527e-03
8.082279634413491731e-03
8.082473569086829485e-03
8.082682399550102093e-03
8.081998532452875153e-03
8.081337237551909636e-03
8.083396558006132257e-03
8.082384859044262557e-03
8.082431577271642978e-03
8.084188277256739233e-03
8.083162252882481955e-03
8.083916206132361199e-03
8.083887281596932942e-03
8.079893775349802909e-03
8.082088817987709978e-03
8.083381494796166439e-03
8.086486556538425088e-03
8.082406387268988024e-03
8.081736293006040392e-03
8.081656755549929474e-03
8.082730793228104504e-03
8.083710741652084392e-03
8.080944431459546537e-03
8.082306164199623555e-03
8.081152370859989720e-03
8.082381234360822009e-03
8.085834912140595770e-03
8.083062599004256152e-03
8.083365125946040397e-03
8.081876848204163147e-03
8.081521123493676587e-03
8.084996489833112115e-03
8.084770570047418795e-03
8.084579249684663294e-03
8.082199082223911688e-03
8.083331259840811217e-03
8.084038416485302830e-03
8.082756011261694670e-03
8.081917872831533706e-03
8.082761775541073140e-03
8.082298031780175626e-03
8.081401907486226999e-03
8.083608957055321217e-03
8.079847177682420237e-03
8.082339634609253184e-03
8.083451345408216096e-03
8.081323914253354945e-03
8.082928594186125290e-03
8.082436683576993755e-03
8.081381892837405032e-03
8.083078296184671024e-03
8.080942534268406238e-03
8.080707475698223341e-03
8.082087786475554772e-03
8.084899736060763981e-03
8.080712152934540343e-03
8.084035158331219495e-03
8.082329673963712172e-03
8.082612302555908582e-03
8.083762503492214480e-03
8.081126694137534885e-03
8.084137630944940311e-03
8.081716492878022323e-03
8.082708336929598017e-03
8.081531820388777182e-03
8.081844784935067819e-03
8.081465690319988154e-03
8.082512370437023100e-03
8.082288048299125088e-03
8.084002468502845748e-03
8.081981124300762626e-03
8.082480336656282238e-03
8.080804284962462072e-03
8.082603804929726007e-03
8.081767664692202438e-03
8.082784907631316434e-03
8.084004449407853482e-03
8.082139764137416874e-03
8.084567853676064703e-03
8.082837196251855746e-03
8.083449256930800783e-03
8.081913076283602296e-03
8.082812847695604666e-03
8.083167580633987548e-03
8.084189986621522633e-03
8.083773010846685356e-03
8.083757470530739814e-03
8.081384724213585419e-03
8.083066280430161593e-03
8.082113328741348524e-03
8.082831873548053728e-03
8.083462679210179011e-03
8.080967521036919871e-03
8.084114357301960471e-03
8.084925718408665640e-03
8.084108682449712632e-03
8.083049050527998589e-03
8.081693570514117755e-03
8.083354909454663548e-03
8.084561403628124504e-03
8.083131599181269181e-03
8.083283409344221848e-03
8.081360780679702413e-03
8.080853600699523798e-03
8.084029141207198232e-03
8.082050129170582561e-03
8.082398018080787921e-03
8.085433277160873622e-03
8.080771868664330185e-03
8.084258465072968400e-03
8.079548830784197277e-03
8.081802484871596776e-03
8.083564525920241065e-03
8.083448295406844841e-03
8.082440099979730855e-03
8.081028759155341537e-03
8.085969356798904800e-03
8.082808769700919674e-03
8.081455141533305450e-03
8.086268936421630096e-03
8.083669791256116108e-03
8.083774093046704190e-03
8.081948841482267804e-03
8.080224702680506230e-03
8.081227581315773151e-03
8.083228309563482081e-03
8.084418200181993711e-03
8.081413138163479754e-03
8.083492450771587873e-03
8.082234359528902082e-03
8.082775721314034920e-03
8.079973899122631226e-03
8.081896379152747265e-03
8.079979786429313318e-03
8.081479516817952069e-03
8.081859105191562323e-03
8.079712201718955086e-03
8.082870094484877199e-03
8.083231867350671937e-03
8.080407531317213704e-03
8.083280378444541309e-03
8.083220804713591237e-03
8.081122963565339976e-03
8.082228481994586933e-03
8.083748246468097642e-03
8.082406499961945420e-03
8.085142005643794483e-03
8.082412569383221751e-03
8.083473614355815226e-03
8.081007963121606200e-03
8.081946871722495845e-03
8.082561581727442518e-03
8.083448892802956587e-03
8.080531503858987691e-03
8.082393225504750506e-03
8.082984305690004215e-03
8.084428430972945973e-03
8.081958796879347429e-03
8.083241154172707277e-03
8.081507743943814465e-03
8.082369577238828623e-03
8.083299752262363899e-03
8.083588829164274625e-03
8.082184897572460003e-03
8.082458035573497970e-03
8.082941848939602381e-03
8.083899557213589798e-03
8.084504677017758864e-03
8.083462074362085525e-03
8.081960787585190653e-03
8.082832646423532622e-03
8.081043347028957213e-03
8.083920396433760466e-03
8.082585476379060968e-03
8.082324975927706809e-03
8.082130820181648162e-03
8.082571451652720632e-03
8.084752236720728694e-03
8.082866444228363478e-03
8.083401387904788626e-03
8.081513378452167412e-03
8.081841716671709155e-03
8.084980309067259924e-03
8.084651827823561426e-03
8.083815305942224083e-03
8.081673457343157424e-03
8.083487643987655180e-03
8.081825976810119716e-03
8.085965816095110406e-03
8.083109193745685941e-03
8.082641717414998719e-03
8.080567424072657504e-03
8.081161564504767483e-03
8.083801005988761404e-03
8.081230934315456610e-03
8.081484306787588279e-03
8.080668974265216298e-03
8.083436763531140490e-03
8.082585993492926585e-03
8.083457012403608144e-03
8.084630803101278823e-03
8.083650814116076153e-03
8.083993968765978283e-03
8.082827740816051626e-03
8.081373343989149000e-03
8.079817964158056767e-03
8.080054986384681975e-03
8.081709417971266393e-03
8.084832907140697758e-03
8.078787649125786577e-03
8.079039770532482970e-03
8.083382478512946348e-03
8.084218903501024650e-03
8.079926112544282349e-03
8.083656744794326734e-03
8.083898989981014652e-03
8.079809130487773661e-03
8.082456587263319586e-03
8.081912480886363839e-03
8.084146579573469465e-03
8.080928009921734684e-03
8.081661048097033700e-03
8.080732326605128552e-03
8.086425499356427252e-03
8.082464887896505593e-03
8.081021664644501626e-03
8.085089560642855222e-03
8.083184970577712153e-03
8.081467294661642473e-03
8.082856861804470910e-03
8.083019084763156878e-03
8.085353499219745388e-03
8.084560058116370407e-03
8.081436240623395342e-03
8.081003910169866356e-03
8.082340501408161876e-03
8.081557247002628050e-03
8.080626594286403550e-03
8.083577932567918498e-03
8.082740749366259733e-03
8.081633187657373540e-03
8.083754432941521462e-03
8.083245749888990500e-03
8.085205615714718616e-03
8.081640833849212946e-03
8.081394864778962406e-03
8.081696705212455464e-03
8.081011217037524161e-03
8.080106706623145507e-03
8.081775465506159037e-03
8.080588042262906376e-03
8.082097328261735394e-03
8.083300425261757960e-03
8.081819596545802842e-03
8.082182758815715379e-03
8.082939969813924402e-03
8.084839910478088670e-03
8.081858927859069883e-03
8.084917716281357636e-03
8.083680854725230902e-03
8.083262019040275345e-03
8.083703729322209638e-03
8.083849148533264403e-03
8.082210962067555224e-03
8.083048344508984503e-03
8.083766561443240031e-03
8.083072916471376393e-03
8.083500774371811873e-03
8.083580111896375778e-03
8.081658456072750990e-03
8.085456529613718746e-03
8.083387685567921047e-03
8.081269254709850733e-03
8.080723745021766227e-03
8.084771261389353883e-03
8.086420043147985598e-03
8.082251944899096832e-03
8.082028442489980202e-03
8.083315344674050357e-03
8.083647224409075752e-03
8.082133372499251955e-03
8.084709032165144499e-03
8.081852967364364440e-03
8.085368820953226301e-03
8.082360459974355718e-03
8.080885855645349169e-03
8.081518034422257787e-03
8.080200772418754881e-03
8.082942959973877378e-03
8.084045257147665781e-03
8.082458989790576587e-03
8.083897776779723487e-03
8.086217806173121025e-03
8.084432279010579300e-03
8.080866806971813074e-03
8.082179764022857232e-03
8.081498008783251363e-03
8.083974692314702809e-03
8.081605751414413716e-03
8.082742128963663064e-03
8.083086096406968957e-03
8.081982652578758100e-03
8.082720741237316153e-03
8.085207297350257769e-03
8.086108379163117407e-03
8.083317663409375631e-03
8.082301492636773457e-03
8.082890931375770471e-03
8.084267904027518659e-03
8.082554963983615628e-03
8.083760034662604982e-03
8.082830065710032083e-03
8.081835964918971868e-03
8.081374627949678910e-03
8.082257972576317034e-03
8.082533417346162222e-03
8.080667682026542592e-03
8.081416843217037113e-03
8.079906429432202886e-03
8.082232733565035063e-03
8.079275968582568662e-03
8.084165186349039425e-03
8.084643078041265155e-03
8.083412136801575165e-03
8.083301798394889465e-03
8.081843735281717470e-03
8.081671753904763611e-03
8.080814082949215604e-03
8.081317510858453818e-03
8.083932114342733469e-03
8.081174798199216788e-03
8.082634622761725868e-03
8.083401720016097566e-03
8.084257122052991920e-03
8.084003141049190752e-03
8.083861361517757915e-03
8.085111782534976782e-03
8.080636065141420452e-03
8.081987876465995813e-03
8.081569173004612625e-03
8.082489490156694739e-03
8.082586948264939772e-03
8.083072134882815160e-03
8.082710090879005604e-03
8.081349830293701672e-03
8.083089554831840093e-03
8.082910691548700691e-03
8.084179836098253497e-03
8.081009453211865715e-03
8.082194871692685925e-03
8.083759296294441496e-03
8.081785206584922096e-03
8.082432800527342837e-03
8.081492272300705437e-03
8.080941423625824863e-03
8.081303334597771115e-03
8.082166343040193476e-03
8.081843836767091394e-03
8.083456701951249879e-03
8.083757443649964430e-03
8.082441995034215718e-03
8.080645640060611298e-03
8.081354793404126047e-03
8.083578591613580291e-03
8.080643884905692326e-03
8.081983695933058626e-03
8.085000793165713837e-03
8.082924037624327276e-03
8.082388597614698425e-03
8.081706953535505028e-03
8.079947660295697109e-03
8.081775767923479389e-03
8.083493897300135858e-03
8.081827387720145681e-03
8.080362997257327720e-03
8.081050850224617485e-03
8.084432149946078894e-03
8.082153525827704202e-03
8.085909271644688145e-03
8.080574780046905631e-03
8.084874087022382930e-03
8.081167490606992743e-03
8.084077192595127623e-03
8.084921647580890075e-03
8.081673467667818689e-03
8.082118429118368558e-03
8.081964871488895447e-03
8.081672780568855893e-03
8.082393406062570937e-03
8.080624197550378626e-03
8.082780752414867736e-03
8.081728245744140143e-03
8.082486498144718021e-03
8.083519392444600202e-03
8.079808018872661202e-03
8.084317800100446552e-03
8.081564874457750416e-03
8.079914880864890250e-03
8.082334654063900309e-03
8.079450830020812671e-03
8.081592369029392403e-03
8.085528644868921963e-03
8.081999170435925223e-03
8.081778402283889759e-03
8.083310303695610127e-03
8.083384818467225300e-03
8.083972510946476134e-03
8.082275133900578001e-03
8.084211866609151628e-03
8.080803551231878837e-03
8.082779669030098688e-03
8.083055092904703476e-03
8.081091970864233073e-03
8.081719364224982868e-03
8.082247961332980971e-03
8.081888054041089925e-03
8.083692011609681927e-03
8.083439621972226749e-03
8.080305066481779583e-03
8.079991241170340552e-03
8.080568617455426844e-03
8.081435293560462058e-03
8.083912984055649856e-03
8.082089763455894624e-03
8.081875256023390505e-03
8.079263453315117804e-03
8.082747422206533125e-03
8.081443490195842905e-03
8.081231816727428227e-03
8.083520706504802866e-03
8.081622771238484645e-03
8.083264576644415972e-03
8.085861898981281520e-03
8.084451529108980031e-03
8.084133676801398202e-03
8.083224155437223821e-03
8.080732900000279356e-03
8.082865470650828915e-03
8.083429362575533447e-03
8.083607269336975931e-03
8.083233234222652122e-03
8.081982332167728794e-03
8.081877713779413511e-03
8.083434769569677533e-03
8.084474351822558413e-03
8.081280765300935184e-03
8.083424220831516779e-03
8.079722262228857671e-03
8.083290982282312701e-03
8.085671994035474597e-03
8.083862124234465416e-03
8.081228165629828625e-03
8.081451799359441399e-03
8.084375260915818012e-03
8.082567171949371979e-03
8.083157758752021818e-03
8.081912293049916055e-03
8.080928411801396177e-03
8.082098984659140048e-03
8.081766371566264512e-03
8.080689731736718368e-03
8.081238787523856160e-03
8.083885069689270703e-03
8.081072622857739252e-03
8.084431383050578665e-03
8.081871724132000043e-03
8.082819011771453371e-03
8.085274108096543802e-03
8.082613289659784650e-03
8.082318599159537750e-03
8.082168090158946966e-03
8.085099386605260063e-03
8.081682725192806602e-03
8.081534425122554807e-03
8.082520991157174720e-03
8.084042963261461531e-03
8.082134816968450722e-03
8.082848685890943116e-03
8.081453951931999100e-03
8.083268590742997278e-03
8.081590790369661687e-03
8.082738162684358074e-03
8.083541135531625496e-03
8.081734966503500636e-03
8.081333602625207987e-03
8.081599166379536958e-03
8.082442048525619732e-03
8.082436797615043592e-03
8.081597139924019679e-03
8.083525079709736466e-03
8.082486949373499791e-03
8.084540897285646260e-03
8.084438708979884564e-03
8.084756593569263419e-03
8.080461960436179092e-03
8.081426511268542320e-03
8.081903510428485593e-03
8.083257129286184131e-03
8.083829102694069235e-03
8.086602994877335054e-03
8.080445061961457134e-03
8.082452046336764673e-03
8.084065339533636971e-03
8.082436985912084745e-03
8.083001771652635267e-03
8.082762643688078813e-03
8.081992564014064268e-03
8.082624191792078805e-03
8.083666202695953540e-03
8.083554159256871319e-03
8.081332191252751582e-03
8.079414258597331089e-03
8.081576394924783885e-03
8.080543820893315923e-03
8.084929503270159301e-03
8.082047532742376444e-03
8.082902148668797207e-03
8.082309498885911075e-03
8.083691779321389159e-03
8.080907362989756329e-03
8.084867882531557304e-03
8.083837144739815586e-03
8.082313350327571463e-03
8.082162285328627419e-03
8.081951508401576459e-03
8.080505311876476013e-03
8.080631401331295899e-03
8.082515375353281628e-03
8.082261732464113974e-03
8.083402935112775356e-03
8.083621880515434038e-03
8.084064399189763023e-03
8.084302578300730027e-03
8.081563043304124117e-03
8.082064634987519078e-03
8.080877343623926387e-03
8.081809717720839920e-03
8.082927536431295384e-03
8.081904194857865084e-03
8.079799319398880963e-03
8.081446203390763375e-03
8.081885002612863508e-03
8.083287296488937332e-03
8.081434530665523863e-03
8.082275757740911559e-03
8.080107225047870531e-03
8.081311454937649061e-03
8.080826487982127951e-03
8.081371264415179376e-03
8.083378115064824426e-03
8.082200969378975849e-03
8.085766356281696293e-03
8.081136756222639245e-03
8.081598978584847437e-03
8.082820636002361128e-03
8.082198758001302857e-03
8.082305910396939824e-03
8.080164365160071374e-03
8.083211930659188471e-03
8.083407087989741280e-03
8.083381142943362602e-03
8.082178964609745137e-03
8.082596818638532882e-03
8.080180783774136913e-03
8.084645843163245499e-03
8.080715643127485762e-03
8.083720482216980724e-03
8.083092940232327814e-03
8.081573331416274514e-03
8.080846550163696754e-03
8.085610469652804513e-03
8.081949465381554204e-03
8.083014478848005863e-03
8.086828679201390341e-03
8.083074711492279144e-03
8.083086599454090276e-03
8.085149804909022922e-03
8.082066959018835428e-03
8.083041904725814242e-03
8.079949299670085086e-03
8.084395386163033270e-03
8.082557841140241423e-03
8.082904996837069617e-03
8.083930195734235699e-03
8.083285688267395283e-03
8.082196686954323112e-03
8.083266040218847759e-03
8.082660393694788767e-03
8.083255795163149862e-03
8.081152373903617570e-03
8.083775078706728276e-03
8.082628103638965153e-03
8.081973160674849402e-03
8.083095225798159894e-03
8.082892192582446025e-03
8.079756191005775870e-03
8.082028369146013885e-03
8.082078888079805359e-03
8.084491243340463304e-03
8.080901068546451210e-03
8.084145377817649608e-03
8.083477064057289357e-03
8.083212769633203731e-03
8.082916853588995379e-03
8.082051983122234481e-03
8.085751558934227423e-03
8.083188103024227869e-03
8.084206528768476951e-03
8.082271421785140048e-03
8.083571669970831750e-03
8.083397727982279471e-03
8.079919689090263660e-03
8.083618882822151200e-03
8.084734844611578264e-03
8.082517089947073227e-03
8.081394809076178007e-03
8.086498454326710925e-03
8.079849742383031844e-03
8.082952052265196530e-03
8.082452327384385612e-03
8.082288707116639520e-03
8.083259994634684267e-03
8.083996570701971335e-03
8.082919574147192504e-03
8.082297452428792786e-03
8.081835384478331871e-03
8.083763935934197217e-03
8.084123876591950419e-03
8.083663342365992807e-03
8.084338940143008523e-03
8.082694353700348167e-03
8.082600105195836965e-03
8.081607300029604660e-03
8.083559648776102863e-03
8.083418325937468188e-03
8.083201732227981301e-03
8.082729121508640258e-03
8.083344750543461701e-03
8.084497126361042674e-03
8.082807377459562750e-03
8.085434055717344651e-03
8.083395968365460899e-03
8.084429066779629316e-03
8.084820132606147791e-03
8.082766185535161796e-03
8.083102420782514730e-03
8.082971432239119056e-03
8.084273402378265583e-03
8.082624974147913435e-03
8.083135043849739784e-03
8.082006449549570398e-03
8.083000999283374705e-03
8.085361725345213690e-03
8.080262292516647571e-03
8.082078114855102344e-03
8.084041291943263111e-03
8.082609710170260420e-03
8.081155612922569925e-03
8.084392620105011751e-03
8.083371314246115893e-03
8.082496078177537138e-03
8.084961141364909246e-03
8.085436143394802641e-03
8.082843664678958720e-03
8.082402222670511185e-03
8.083765614202880964e-03
8.081171730300399855e-03
8.081647448766011294e-03
8.080228782591522899e-03
8.084703760505502698e-03
8.085545019308158776e-03
8.080031071323942951e-03
8.082757222754671789e-03
8.082789036136042021e-03
8.078674822074449410e-03
8.083583668574515282e-03
8.080713969827891391e-03
8.081752455535865312e-03
8.080292310854665996e-03
8.082411660278048665e-03
8.082323701562981952e-03
8.082775076349024701e-03
8.083609187923187708e-03
8.081431319269066077e-03
8.080631610873190152e-03
8.084049459003810056e-03
8.080710401061700840e-03
8.082703301895479212e-03
8.083505798768016518e-03
8.084963948878602993e-03
8.081021404076231540e-03
8.083203729838459375e-03
8.084006996854950500e-03
8.083600001158377027e-03
8.081944794756650008e-03
8.083085343573525802e-03
8.083078530588811220e-03
8.083110442207275259e-03
8.084441556110228549e-03
8.080759781132472799e-03
8.082744452029952745e-03
8.082903338342054683e-03
8.082573947292450225e-03
8.085126108550543325e-03
8.080464477857407166e-03
8.079858438433978884e-03
8.080477233189439085e-03
8.082351861285239081e-03
8.082266481671490296e-03
8.081090021299294768e-03
8.084537225056444981e-03
8.082093638890291629e-03
8.082796673843879731e-03
8.082511931102943567e-03
8.083224119266858507e-03
8.084819526160023570e-03
8.081512171490246380e-03
8.084465220416512179e-03
8.080546447480106004e-03
8.084506516049156516e-03
8.083223725956708433e-03
8.083801116254431263e-03
8.080311657404609660e-03
8.082305316611332335e-03
8.084575787715700054e-03
8.083049192077225789e-03
8.083228446714709955e-03
8.083154126735419415e-03
8.082243968400690606e-03
8.082931289933856234e-03
8.087376469898439890e-03
8.081075611314287449e-03
8.080795457101840745e-03
8.082877997243595458e-03
8.082234453958430515e-03
8.084076047364148129e-03
8.082466775469566989e-03
8.080466222647131325e-03
8.079719983823469703e-03
8.082238078230538636e-03
8.081872595409749643e-03
8.083447760689652442e-03
8.083208430225594446e-03
8.083376992048229778e-03
8.080105060139772255e-03
8.083936301018269238e-03
8.080897885289128543e-03
8.083986272276503030e-03
8.082886061534759123e-03
8.080926090239184609e-03
8.083021873756113598e-03
8.082921938324723332e-03
8.083070172043167398e-03
8.084985560599715348e-03
8.082434174523974585e-03
8.082366124202041563e-03
8.082408636328954066e-03
8.082060201769911828e-03
8.082026677397467079e-03
8.082766648313236338e-03
8.083966028475067511e-03
8.081086559121075305e-03
8.081590643962298023e-03
8.081839339844340553e-03
8.085053126096327855e-03
8.082814473661889890e-03
8.081604281521737390e-03
8.083943056704604238e-03
8.081070046768100770e-03
8.083021825646978867e-03
8.081317544873603889e-03
8.084326423427551020e-03
8.082507344901354931e-03
8.083154927212865895e-03
8.082504416108403714e-03
8.081106499247342478e-03
8.083287139551130832e-03
8.079527809872430813e-03
8.082925838257856710e-03
8.083243100759016087e-03
8.082818225122282221e-03
8.082315089988537093e-03
8.082755630884763329e-03
8.080979593378058781e-03
8.082938511487053682e-03
8.082105481940706979e-03
8.082126588717217577e-03
8.082933252364430179e-03
8.081054614388174726e-03
8.083192064201051921e-03
8.081846440300542722e-03
8.082275025335958901e-03
8.080548620140303590e-03
8.083181527332075622e-03
8.083629759072067517e-03
8.081536117336822825e-03
8.084827482813970387e-03
8.079956052060485380e-03
8.081562052586937009e-03
8.081697084821801158e-03
8.086381665256041351e-03
8.083186840263467329e-03
8.083948967276948297e-03
8.081960421895427460e-03
8.081152149885806324e-03
8.083785981645592519e-03
8.083498063537251574e-03
8.082649707600487662e-03
8.081673064390632738e-03
8.082341611533275239e-03
8.083030356387915435e-03
8.085000782643875228e-03
8.081942765958039995e-03
8.084491286277485297e-03
8.081298710750067088e-03
8.083413973400043959e-03
8.082239336441853286e-03
8.084049449997974049e-03
8.083618483904144933e-03
8.084264790142721077e-03
8.082620657251878352e-03
8.083000919289625233e-03
8.081598633438737828e-03
8.081718827760804233e-03
8.081744728572001421e-03
8.084653702824632499e-03
8.085881020141344813e-03
8.082931041594383983e-03
8.084346970632773008e-03
8.081448321394605130e-03
8.079187015388948623e-03
8.082663391492474203e-03
8.085099647184981059e-03
8.082836344870742568e-03
8.081582699327590977e-03
8.082587128186768943e-03
8.084512091756245258e-03
8.081717520395154467e-03
8.082049448935639535e-03
8.082196145609175583e-03
8.081857012187013134e-03
8.082257515397955894e-03
8.087767521303886389e-03
8.083895719923801793e-03
8.083081170024450021e-03
8.083957949020687678e-03
8.080973518385641680e-03
8.083325710382650853e-03
8.082463583392672513e-03
8.085122228701226502e-03
8.080128706636277927e-03
8.080598653169799098e-03
8.082650663036254624e-03
8.081703467573605679e-03
8.083300191573475693e-03
8.084957378483383778e-03
8.083018756173275879e-03
8.080239048409956076e-03
8.080098542193651923e-03
8.082631008370111739e-03
8.083169148613558383e-03
8.083064088718363432e-03
8.081779946374016352e-03
8.083952568652331971e-03
8.083452194307000696e-03
8.083716316514295147e-03
8.081793979747651374e-03
8.084034547163233483e-03
8.082534949317481121e-03
8.083365843367240969e-03
8.081108616940757203e-03
8.081643970517311815e-03
8.082887624513460448e-03
8.082341714985237513e-03
8.080638542550640929e-03
8.079957340182941303e-03
8.082076852114950319e-03
8.083966600296414728e-03
8.082808748716042643e-03
8.082628998499961220e-03
8.080843470633902390e-03
8.082332693665175011e-03
8.082359571510919216e-03
8.082841354450644514e-03
8.083295261398672563e-03
8.080152180847488194e-03
8.083525521560394958e-03
8.084641712484172404e-03
8.082350512466423761e-03
8.083537044165865423e-03
8.081591748300774591e-03
8.081231037196340977e-03
8.084712834845523416e-03
8.081346791636523363e-03
8.085559218147141819e-03
8.081211621069516599e-03
8.082521066319849415e-03
8.082409268467876870e-03
8.083222771544416180e-03
8.082207131527102684e-03
8.080796003680588285e-03
8.080584899043338071e-03
8.081101597992019006e-03
8.082577411325892261e-03
8.081753609311856726e-03
8.082075927276183985e-03
8.081459599398110177e-03
8.082120552066786312e-03
8.084159137135022571e-03
8.083840082843043312e-03
8.083208317351793862e-03
8.080966477212164073e-03
8.080666488017262256e-03
8.084812685919063116e-03
8.080277255020994198e-03
8.080661736607088960e-03
8.081339382172387370e-03
8.079148010698800758e-03
8.085190843387548079e-03
8.083437191634578606e-03
8.085150704757206735e-03
8.082601743080048903e-03
8.084182170662186293e-03
8.081901197061352321e-03
8.081707141877936956e-03
8.081640389170908351e-03
8.083126291507567590e-03
8.081703524004626993e-03
8.084592953624122197e-03
8.079714529117971653e-03
8.081838642136485520e-03
8.080776758210917246e-03
8.078655980343492707e-03
8.084649079662182408e-03
8.083052353645762272e-03
8.082649422866584540e-03
8.082318005377538486e-03
8.082377833982704041e-03
8.081394455195307219e-03
8.081864844184560165e-03
8.083455534333346473e-03
8.082533364594605627e-03
8.082791360564374125e-03
8.081832965221105031e-03
8.082877667440263245e-03
8.081817356225255711e-03
8.082876011669650612e-03
8.081020423617983964e-03
8.084191311715407946e-03
8.082811314543303371e-03
8.080264816419177251e-03
8.082478200666282780e-03
8.082713276894708601e-03
8.084857355143523078e-03
8.083479541210223523e-03
8.082983111672194243e-03
8.085179025031270089e-03
8.083422361194404077e-03
8.081776464993519968e-03
8.081982230526332106e-03
8.080502387919255569e-03
8.085707578647091318e-03
8.084751856787912583e-03
8.081060411193788373e-03
8.083342262180862395e-03
8.086712042011917623e-03
8.082111021919104882e-03
8.082082063188384194e-03
8.080380888419802857e-03
8.084253159594609675e-03
8.082764321458251605e-03
8.082148599313552714e-03
8.082727178470236473e-03
8.083194599213017889e-03
8.080669631488866800e-03
8.082684448790367418e-03
8.081497314926406120e-03
8.082214505732456672e-03
8.084119979461297512e-03
8.081988963060175030e-03
8.082616482644491146e-03
8.085888528662158597e-03
8.079767256462777950e-03
8.081612767536333272e-03
8.080461941474771995e-03
8.081502806131183464e-03
8.084773290793906275e-03
8.081795551384452977e-03
8.084572656104063379e-03
8.080753887712592218e-03
8.080807194576223804e-03
8.082412128390803821e-03
8.081600792465833821e-03
8.083063542595230605e-03
8.082159521587473083e-03
8.081973112944163679e-03
8.081032647477205677e-03
8.081552780267507383e-03
8.081832390577059141e-03
8.083523187049503067e-03
8.080065847366837278e-03
8.085203096413799695e-03
8.083277549827258199e-03
8.082246829827855264e-03
8.081310410367862490e-03
8.081247954605512429e-03
8.080598407076398232e-03
8.085740151168380879e-03
8.080618428201794684e-03
8.080255411829839057e-03
8.083806535507895644e-03
8.080396105462836487e-03
8.083977530726595487e-03
8.081973508813096799e-03
8.082179430836123821e-03
8.085265154850617905e-03
8.082927780653002478e-03
8.081441617022578836e-03
8.080443654032185702e-03
8.081079686850180591e-03
8.082152470525919008e-03
8.083874518350483637e-03
8.079363475734955766e-03
8.082681909173352469e-03
8.083122727697820281e-03
8.081763666148171835e-03
8.081282089809181321e-03
8.081545010327505218e-03
8.082882444451707643e-03
8.081264484126699996e-03
8.081223726729758194e-03
8.083235925536193939e-03
8.082714667977563411e-03
8.081536471260052090e-03
8.082980254742732143e-03
8.082157118771684731e-03
8.083888835593433866e-03
8.082943850702068236e-03
8.083134063433673744e-03
8.082540932449438012e-03
8.080313561528346816e-03
8.084482449754329739e-03
8.082455861174418776e-03
8.082463842263598944e-03
8.083545102083051354e-03
8.082603705555460247e-03
8.083198607126204985e-03
8.084607953132320196e-03
8.083314627779777245e-03
8.083255943151420805e-03
8.081268412709065666e-03
8.082545295523423448e-03
8.082017319783070183e-03
8.084612565748010640e-03
8.082681956690141584e-03
8.082201730884775240e-03
8.084687265647132887e-03
8.083963522686768433e-03
8.085924203571178553e-03
8.085283914094352695e-03
8.083483356980060777e-03
8.083902016589246051e-03
8.079947759230640680e-03
8.081288105511936701e-03
8.081961582284876919e-03
8.082441443868068273e-03
8.081574614855020419e-03
8.082170686926312339e-03
8.080360763120120887e-03
8.082921735005830360e-03
8.081699845255608042e-03
8.085816667858559265e-03
8.086426894799441864e-03
8.082442603720933066e-03
8.081947002014139639e-03
8.082401545383399374e-03
8.083149131270537385e-03
8.084928074722266475e-03
8.084385532662915000e-03
8.084856302235954653e-03
8.082076938987400525e-03
8.084008672300318013e-03
8.083446306953109839e-03
8.082269817221803682e-03
8.082751168935116762e-03
8.082368625740353127e-03
8.083744955847771071e-03
8.079686186546036417e-03
8.083709097524477763e-03
8.082956848126569491e-03
8.080380455716903304e-03
8.083967493999588694e-03
8.084285554777029953e-03
8.081335355889961852e-03
8.082610650296268712e-03
8.083241260237012185e-03
8.083606631138594636e-03
8.084160827662504462e-03
8.082507417746012321e-03
8.083476162556646125e-03
8.085827836367912719e-03
8.083094930266963157e-03
8.081560101448238484e-03
8.084220432697899680e-03
8.080361206436679697e-03
8.080744423609897975e-03
8.083808564730449522e-03
8.081747735804825292e-03
8.080425297597055093e-03
8.079475053261576598e-03
8.080860295581032346e-03
8.085917654775712574e-03
8.083593264642743512e-03
8.082189533552055008e-03
8.084270912164277442e-03
8.084925880527218597e-03
8.084274207963183800e-03
8.084464351707953966e-03
8.082541816649814123e-03
8.082269604707748717e-03
8.083141595062581092e-03
8.082293782847412705e-03
8.084345200328598921e-03
8.080812728285157592e-03
8.082569190369990123e-03
8.081198027513870896e-03
8.081686257360519432e-03
8.085695968697402189e-03
8.080268424315126263e-03
8.083488282400259212e-03
8.084068146921108769e-03
8.081352602831012519e-03
8.082995413961506503e-03
8.083769720852129054e-03
8.082414891581507846e-03
8.082198859449406247e-03
8.081696527565808072e-03
8.084264319185009012e-03
8.084137039666493968e-03
8.083330717509780439e-03
8.082034736870873440e-03
8.080247990525634208e-03
8.080428426064503733e-03
8.082276118959896838e-03
8.082865987219972279e-03
8.084297714767214871e-03
8.082057206618314601e-03
8.082884691487315573e-03
8.082434802749182551e-03
8.082541788370386712e-03
8.083103579620927112e-03
8.080857288526459986e-03
8.082780443618972632e-03
8.083076876468779301e-03
8.087713789847550058e-03
8.082635572539355676e-03
8.082148783069946496e-03
8.080593634247006107e-03
8.078104683863697455e-03
8.081263160549429642e-03
8.081804299945167386e-03
8.081627491252312348e-03
8.084639688342743283e-03
8.082033786863035418e-03
8.084850665334507303e-03
8.080271667636820809e-03
8.086003710317521409e-03
8.082389991246970509e-03
8.085001239698207109e-03
8.080229612276558851e-03
8.081030881224650006e-03
8.083752441687439699e-03
8.082038752233011714e-03
8.080516706832045412e-03
8.082124767731601808e-03
8.081433496103554784e-03
8.084237792116703153e-03
8.083540683007537850e-03
8.083152763137729790e-03
8.081044542158698912e-03
8.082038017007396949e-03
8.079619933617013250e-03
8.085094905183620034e-03
8.084452311280260900e-03
8.082367480068394783e-03
8.083103480761223703e-03
8.085100016116581606e-03
8.083931458891264327e-03
8.083199953138513541e-03
8.081614930923216103e-03
8.083802162041282477e-03
8.079704211498750857e-03
8.082841545892782698e-03
8.080780476882891764e-03
8.085143962167831017e-03
8.082938172404206811e-03
8.080315624883397871e-03
8.082283330457518122e-03
8.083671663246366421e-03
8.084914962659428203e-03
8.085165470145198874e-03
8.081376327918088007e-03
8.081619559923623047e-03
8.081111245504720916e-03
8.084759779965464133e-03
8.085847852196018787e-03
8.083081797709197949e-03
8.081008298859812533e-03
8.081660538061497326e-03
8.081753258768782991e-03
8.082776446896890871e-03
8.081418722571481750e-03
8.083245560490061668e-03
8.083505984510316530e-03
8.082780932578937164e-03
8.081601695531709373e-03
8.083356885871750830e-03
8.081624702470488822e-03
8.081661252484540620e-03
8.083005595612076030e-03
8.082483629010374718e-03
8.082779142298594788e-03
8.082558279249316482e-03
8.082966314356034715e-03
8.082684072669184608e-03
8.081482176521248215e-03
8.082377931037396449e-03
8.082033885705943235e-03
8.081737150983411833e-03
8.081911867481477926e-03
8.082648127666814189e-03
8.082256248100943771e-03
8.083596530130163910e-03
8.083054013062567628e-03
8.082965579844701015e-03
8.082361884500790031e-03
8.082923683652321056e-03
8.083756786720288842e-03
8.082946044344617095e-03
8.082306163412013994e-03
8.080836405725060415e-03
8.082462728824050049e-03
8.081414419886825268e-03
8.080918904849139495e-03
8.081594128706333022e-03
8.083783170513664587e-03
8.084354121961399506e-03
8.080301222908599368e-03
8.083149330650050285e-03
8.083520568107807613e-03
8.083043861917493800e-03
8.079873942810433460e-03
8.082351712000092336e-03
8.084036774045335813e-03
8.083579816617132013e-03
8.082621976043839404e-03
8.082895929792777157e-03
8.084794750423536860e-03
8.083958429164692094e-03
8.084988146674920023e-03
8.080997644185546405e-03
8.082695757589880570e-03
8.082673406065431568e-03
8.082616841044866496e-03
8.082972769255908005e-03
8.083316531865857024e-03
8.082417329482104520e-03
8.084664593668721908e-03
8.081474674132844982e-03
8.082918028311484801e-03
8.084326809908035788e-03
8.080686343406678213e-03
8.083293187708588332e-03
8.083325940758129963e-03
8.085247973154116585e-03
8.081992371338869025e-03
8.081726474760422829e-03
8.083971844586507194e-03
8.080031142065024347e-03
8.083014963947776979e-03
8.083891869584868689e-03
8.082094407434939690e-03
8.080743645527762795e-03
8.083096902764666525e-03
8.082843012586536993e-03
8.082399163632750239e-03
8.084409873264544744e-03
8.081743652420229559e-03
8.084884020103504446e-03
8.081493355184736146e-03
8.082411528608101151e-03
8.083141841239226133e-03
8.081419067772394743e-03
8.085612830510366042e-03
8.083026998423496756e-03
8.081531152136563201e-03
8.082811709325525909e-03
8.082044519909370797e-03
8.081963331167948267e-03
8.084077036391487323e-03
8.083657930111476722e-03
8.084720140481766945e-03
8.081034883473193001e-03
8.083433301662426920e-03
8.079588886126183242e-03
8.081591754432111349e-03
8.083340845688943843e-03
8.082191256406886029e-03
8.084830437810257980e-03
8.080072142917933339e-03
8.082815178954051369e-03
8.082813101272854142e-03
8.082188785452033841e-03
8.083049068888247674e-03
8.082532044095753002e-03
8.083100989070196585e-03
8.082110729146815831e-03
8.082961729580038363e-03
8.084387917662078440e-03
8.081985999820313210e-03
8.080182653825533634e-03
8.082588623089421997e-03
8.081627019885595856e-03
8.084940803926776373e-03
8.085273574131449439e-03
8.080414967100853565e-03
8.083394428735657042e-03
8.081825760356535493e-03
8.081820291584813562e-03
8.083226991241369147e-03
8.082712237154428617e-03
8.078324576884140726e-03
8.081847464846721521e-03
8.084974201848140613e-03
8.081270233713060830e-03
8.083965586122413005e-03
8.083201890251599797e-03
8.082846908813091924e-03
8.082525005783129310e-03
8.086679320595140108e-03
8.085567054640229942e-03
8.083563346823164145e-03
8.082777983572854430e-03
8.081375680776728410e-03
8.082310604313002952e-03
8.082559543778497502e-03
8.085523336797621752e-03
8.080510471802681075e-03
8.082764425769880384e-03
8.082146295865996755e-03
8.080514326416049151e-03
8.081949672527745029e-03
8.081128942519364561e-03
8.083326987696898280e-03
8.082133324716998107e-03
8.080325184961746621e-03
8.082464146787902287e-03
8.080490156382767047e-03
8.080422686557045889e-03
8.081986588485438536e-03
8.080919295564356619e-03
8.080999191868458789e-03
8.081294750818557651e-03
8.079863876892962385e-03
8.083264779921658233e-03
8.084164079411444020e-03
8.084323069154514610e-03
8.082552735601851793e-03
8.080678302737235447e-03
8.084399377648399457e-03
8.084143126512026781e-03
8.084573652886974798e-03
8.082645532010192257e-03
8.079861609981729004e-03
8.081502655407272681e-03
8.084297005362483732e-03
8.085557787538210153e-03
8.084406755258238472e-03
8.085722660091736527e-03
8.080993524585054072e-03
8.083979805305124486e-03
8.081166784864207350e-03
8.082413850268874503e-03
8.081325011726835095e-03
8.080194386058310932e-03
8.083820905624648431e-03
8.083230325922230453e-03
8.083116712561594364e-03
8.082945091899187279e-03
8.079930466876229442e-03
8.083626712883046003e-03
8.083287802925477605e-03
8.085311294673097962e-03
8.082597460225941083e-03
8.078766439945183828e-03
8.081271465271371024e-03
8.083339317699132776e-03
8.083244627081940040e-03
8.085923640939154250e-03
8.081098377240818545e-03
8.081239638815237297e-03
8.081904575005082608e-03
8.084488849026400317e-03
8.086392248194492274e-03
8.085090879338181769e-03
8.083132145603456192e-03
8.079140711138323855e-03
8.082514621485688278e-03
8.084040942135850907e-03
8.083696531008177991e-03
8.081739180045243581e-03
8.081723916572041214e-03
8.083556908911240096e-03
8.082776293217094551e-03
8.086493464850411789e-03
8.081703030170705321e-03
8.081756643804848678e-03
8.083100385390723855e-03
8.084433501321571305e-03
8.082848588137285517e-03
8.081888012985259315e-03
8.082895190956680687e-03
8.080325707209115235e-03
8.081893217820447159e-03
8.082089517089045827e-03
8.083062718359845800e-03
8.082239656887355017e-03
8.084401587410848869e-03
8.083428122111329869e-03
8.080157844129224123e-03
8.082877063449463162e-03
8.081695162428535750e-03
8.081477384709259346e-03
8.081853348325691161e-03
8.082810777893592591e-03
8.082036233497584890e-03
8.082454422250362480e-03
8.082152007998359353e-03
8.086015668152292390e-03
8.082820826475965031e-03
8.079458996991117567e-03
8.085006492277441517e-03
8.084626674680328237e-03
8.084842713326829966e-03
8.082293821222091140e-03
8.082421309956268340e-03
8.082946624995732826e-03
8.081145148998849365e-03
8.083558187346871760e-03
8.082124560836593738e-03
8.081501162373336614e-03
8.082995222795491194e-03
8.083763946240735826e-03
8.082176310964615112e-03
8.084821790924007559e-03
8.084175307574787556e-03
8.083859249913068201e-03
8.081553043904997694e-03
8.084471949796414453e-03
8.082430992191661986e-03
8.081799164501345459e-03
8.082598524547597932e-03
8.084383911916992113e-03
8.085347421152104183e-03
8.080771751712585022e-03
8.083089742605830894e-03
8.080627793286583940e-03
8.085381525388091531e-03
8.082219117418876567e-03
8.084188392562358452e-03
8.084361412360723670e-03
8.085488415241067275e-03
8.082401118581439281e-03
8.083161149488855488e-03
8.085467945714863020e-03
8.083294182893651161e-03
8.082985383281745748e-03
8.081700939772630196e-03
8.084802327109450945e-03
8.082276716120559770e-03
8.082078620627482918e-03
8.082762152527579388e-03
8.082697251482489145e-03
8.081592132779947049e-03
8.081733385933062216e-03
8.083113127551992683e-03
8.082835974370660564e-03
8.081725497697244201e-03
8.080678632639393122e-03
8.082436279784499522e-03
8.083416601606123811e-03
8.086179484622067065e-03
8.084653287120041956e-03
8.085004311246644579e-03
8.082701373611491866e-03
8.083779027780069182e-03
8.080595565725856230e-03
8.083054235833575865e-03
8.084107599392223453e-03
8.084044649018349779e-03
8.082703826203576150e-03
8.083009234593381553e-03
8.080729735995988150e-03
8.082566991458300237e-03
8.080842541744509902e-03
8.080738863201616592e-03
8.083930870619778983e-03
8.082130092888183126e-03
8.085096726938295966e-03
8.080878191074364336e-03
8.080142181132544954e-03
8.082966837461007248e-03
8.086335857436136032e-03
8.084961903810425690e-03
8.083971146057465293e-03
8.085114205113425392e-03
8.080765273627416034e-03
8.080056342561935806e-03
8.081647147104312201e-03
8.081230747696430822e-03
8.082680787389856514e-03
8.082003555189839344e-03
8.083576709957641590e-03
8.082461938560846215e-03
8.082894393206540434e-03
8.083406525656981062e-03
8.081948042085338943e-03
8.082179042812625072e-03
8.083539975989316104e-03
8.083378065327165990e-03
8.084093480924082337e-03
8.082659792499049742e-03
8.084514131648859459e-03
8.081860031455482055e-03
8.081659192518245854e-03
8.081754272378513862e-03
8.080848483366974769e-03
8.083572272912708731e-03
8.083242465389967046e-03
8.080307889768901033e-03
8.080318634112312534e-03
8.082125639232586034e-03
8.082405199189150388e-03
8.082265995235869346e-03
8.084136533306262445e-03
8.079873597127459894e-03
8.082717670196309587e-03
8.080351965662318711e-03
8.082204721538551948e-03
8.085220906442496316e-03
8.086208153579877225e-03
8.081045687608149480e-03
8.082767540025020611e-03
8.083279060428898502e-03
8.080274906433261919e-03
8.080867865274933559e-03
8.083247992706930549e-03
8.083105453556053976e-03
8.081857760864530685e-03
8.083974558273350139e-03
8.082636215288672987e-03
8.083217819495058798e-03
8.084124718565467368e-03
8.082500067262255936e-03
8.080610387414739401e-03
8.081817481065116382e-03
8.079608556450070325e-03
8.081896241026164177e-03
8.079626245466309947e-03
8.080408216430213023e-03
8.082024108068673954e-03
8.081988108481163308e-03
8.080873468585563282e-03
8.085548949882616701e-03
8.082821602817470003e-03
8.082264387881463522e-03
8.083369345467215569e-03
8.084113640775585780e-03
8.081124285047685402e-03
8.083723148765672648e-03
8.083004967545737510e-03
8.083049123177898573e-03
8.083239304705357176e-03
8.079419297400799310e-03
8.083108028778809503e-03
8.081571506015917603e-03
8.084813614395726725e-03
8.085002549217904649e-03
8.082295111203421228e-03
8.081573378654539896e-03
8.082674538964211564e-03
8.083696971454756505e-03
8.082195481996503825e-03
8.083910554575402668e-03
8.080579917974008500e-03
8.082915414627344156e-03
8.084263826566103275e-03
8.086041254448554649e-03
8.084313331344872636e-03
8.080292329805623119e-03
8.081572220551400468e-03
8.083922432418613399e-03
8.080324470305018728e-03
8.083382358457093936e-03
8.082437824492264000e-03
8.081905023093105891e-03
8.084193345025096969e-03
8.081463105004078884e-03
8.083210061353920603e-03
8.081901169455729672e-03
8.082011056597554824e-03
8.081994250780143510e-03
8.081303708283025730e-03
8.080978655791954540e-03
8.084710836831782849e-03
8.083221112752258727e-03
8.084554616634013688e-03
8.082721457138647425e-03
8.082042904459215207e-03
8.083035497754699136e-03
8.083724105606362662e-03
8.083822102857062333e-03
8.083170642313619592e-03
8.082069613512349315e-03
8.080755364861613374e-03
8.084183042973536182e-03
8.081626654581059235e-03
8.082893200696224245e-03
8.082045223478401957e-03
8.080161546505558456e-03
8.081983503190476315e-03
8.083533869826603491e-03
8.081254141567861121e-03
8.080485624890261162e-03
8.083391533589213279e-03
8.084602266704560974e-03
8.081683278838876563e-03
8.083718192543226308e-03
8.079980646719300136e-03
8.081957694053730143e-03
8.084233952980558746e-03
8.082793449262614532e-03
8.080179764056907854e-03
8.082178463923461037e-03
8.085618413615906427e-03
8.082294373660797032e-03
8.085787131200405237e-03
8.081837828249156461e-03
8.080693613918707441e-03
8.082188617895362179e-03
8.084460647643043271e-03
8.082559121843602493e-03
8.084968647858587626e-03
8.084964615939349911e-03
8.083084876359471899e-03
8.083693266171738598e-03
8.082378675050391759e-03
8.082022023098267560e-03
8.083720640645299799e-03
8.081133370597690449e-03
8.079974023098514604e-03
8.082874160331137564e-03
8.082438578663322937e-03
8.080761326582301673e-03
8.084445547930951478e-03
8.081927996173040793e-03
8.082543953020215888e-03
8.082713453560227621e-03
8.085564100673519813e-03
8.083224308775617886e-03
8.081833363213294583e-03
8.082066491981131778e-03
8.082902831624437165e-03
8.082966076030005664e-03
8.083479368205043897e-03
8.083340599176345315e-03
8.080994128293536582e-03
8.081162846360330151e-03
8.081999490157587562e-03
8.083299897263742859e-03
8.081396341382360987e-03
8.082146927628982430e-03
8.085939889249401866e-03
8.082443665208523600e-03
8.084583453954461915e-03
8.081964353165053266e-03
8.083703186330386259e-03
8.082246361154210232e-03
8.079911865796358603e-03
8.083698135231203244e-03
8.083644298491322877e-03
8.082686846529130165e-03
8.080428997870210683e-03
8.081750922051026201e-03
8.081828817337486856e-03
8.082420837287641879e-03
8.085218976423391712e-03
8.081029486570774981e-03
8.082745550666629170e-03
8.081380372292657627e-03
8.080735638218100245e-03
8.081410254042565439e-03
8.085712743074360831e-03
8.081386374844467396e-03
8.083072390232627635e-03
8.082368822132016475e-03
8.082451606750282874e-03
8.082163899825831749e-03
8.082963060145770609e-03
8.081739297782816744e-03
8.081373487138363704e-03
8.083253708192421685e-03
8.084077821618745538e-03
8.081164849870228067e-03
8.082222395859895228e-03
8.082717363834117028e-03
8.081029864637169144e-03
8.081819881662623620e-03
8.080967098546465791e-03
8.083055451583250409e-03
8.081855053649420612e-03
8.081738820581394270e-03
8.082419526776359053e-03
8.083820718206815442e-03
8.080622427211421599e-03
8.085276002494664813e-03
8.081567165320286544e-03
8.079816919424560873e-03
8.081730179294397548e-03
8.081850582126058960e-03
8.080197807513496075e-03
8.084602204677595813e-03
8.082463127929940747e-03
8.082264580927131514e-03
8.083244823615434380e-03
8.083541400972659233e-03
8.081098731855265727e-03
8.082602232032640860e-03
8.082103556862818214e-03
8.082750599035995812e-03
8.081952146125193429e-03
8.083475771592820575e-03
8.081378137558339891e-03
8.083810806769927207e-03
8.080821504735881747e-03
8.082931140949552173e-03
8.082804784101078194e-03
8.081944952128777490e-03
8.083122951071285839e-03
8.082196418660462026e-03
8.081647844499682820e-03
8.084474206518072956e-03
8.082785243666240280e-03
8.083413324248434756e-03
8.080580851798826320e-03
8.081744692378566020e-03
8.081859551694705809e-03
8.082236525314107772e-03
8.080038521355324688e-03
8.081840841911033801e-03
8.082231807019526343e-03
8.083386517935706173e-03
8.081572140213650127e-03
8.081033049958630601e-03
8.084162636650845529e-03
8.085202951037599034e-03
8.084634906815622857e-03
8.082277838152945176e-03
8.080587214453512426e-03
8.082406876816572786e-03
8.083703264187981630e-03
8.082165622116809986e-03
8.081734336488477846e-03
8.083512935008403330e-03
8.081202779267557604e-03
8.083040321813009937e-03
8.080087977261323634e-03
8.080994509640273757e-03
8.085545868439871636e-03
8.082984292943965615e-03
8.082096867215332950e-03
8.085556377674888578e-03
8.082161480881663515e-03
8.081998390167018445e-03
8.079509038985544303e-03
8.081632880100601823e-03
8.082478394233238647e-03
8.083716215345456216e-03
8.086483517247796890e-03
8.081331984767486931e-03
8.081859852867651767e-03
8.082528623268031218e-03
8.081486136639087769e-03
8.086103069293294060e-03
8.084945148848917199e-03
8.085038094694600372e-03
8.082608353134507553e-03
8.083259302731654605e-03
8.081628915122240561e-03
8.086070277854032207e-03
8.081829471044790422e-03
8.082558597100870587e-03
8.081292581405379039e-03
8.082350780226413289e-03
8.082398385262930252e-03
8.081860373814425333e-03
8.080700851235220888e-03
8.083863252557292947e-03
8.082416850452738000e-03
8.083430989648013668e-03
8.081980294335794346e-03
8.082691485526134409e-03
8.083268753325949588e-03
8.081318663562514493e-03
8.083343561790194004e-03
8.081571989692500763e-03
8.083114835714147808e-03
8.080285064863069328e-03
8.081440984730502500e-03
8.079317645774197060e-03
8.085921566173798203e-03
8.080573171057618340e-03
8.084553731624317952e-03
8.082138984593161338e-03
8.082722269792411152e-03
8.082440887771354457e-03
8.083097545880267229e-03
8.082245961082678773e-03
8.082307618231436910e-03
8.084566901940147196e-03
8.081695730780210501e-03
8.082157534221324699e-03
8.081944744197256530e-03
8.079824410596065168e-03
8.085791086723109755e-03
8.083145954711877176e-03
8.084782185978514266e-03
8.082293047565939845e-03
8.081349919554125377e-03
8.080768411158484321e-03
8.079054213946773935e-03
8.085107008899465597e-03
8.085458815015052203e-03
8.083448083018066402e-03
8.085066745380037334e-03
8.080310505657082448e-03
8.083557903572199596e-03
8.083734768655054942e-03
8.085193716949006307e-03
8.084280764000627631e-03
8.080412639074219250e-03
8.084278094705315068e-03
8.082254123444770552e-03
8.082487523301743262e-03
8.083971138287036895e-03
8.081173443797974587e-03
8.080707532964137574e-03
8.082807012355801290e-03
8.080754568940029525e-03
8.079457278350488450e-03
8.080920854059561037e-03
8.082493360383047679e-03
8.083290593046438266e-03
8.081483546267552442e-03
8.082857263802489117e-03
8.083317894828868574e-03
8.080763898994378427e-03
8.085529006451893860e-03
8.081253593677459671e-03
8.082962219210634847e-03
8.086122334998375669e-03
8.080577543147176786e-03
8.083112554803649139e-03
8.083678983056414441e-03
8.082468542732670208e-03
8.082392211293079262e-03
8.080882115055537315e-03
8.082879228211395373e-03
8.083183099028369567e-03
8.082734035993102001e-03
8.083658909247790417e-03
8.083523463339957124e-03
8.081531429561151711e-03
8.083664497209671826e-03
8.084431683783574463e-03
8.081111230532320860e-03
8.079410083069709508e-03
8.084293775439411675e-03
8.083776117011188048e-03
8.085579542959608554e-03
8.081068801639541485e-03
8.081683712768865727e-03
8.085328486909388809e-03
8.081786829111280157e-03
8.079998566484798000e-03
8.081247923685501086e-03
8.083008006975018686e-03
8.083048990938784817e-03
8.080451356410955216e-03
8.083906117822956330e-03
8.085264988171848161e-03
8.082917970272886568e-03
8.082759085010372130e-03
8.082177998294014579e-03
8.081023080001702857e-03
8.084881873821234480e-03
8.082139568107795519e-03
8.082968269818047516e-03
8.082250435982200887e-03
8.084979847194488992e-03
8.083429047936659465e-03
8.083228237742188377e-03
8.081974977830898299e-03
8.082000132746524484e-03
8.084126927013164654e-03
8.081597218614088030e-03
8.082922997579795876e-03
8.084761185512455428e-03
8.082582802654631610e-03
8.082667340644899417e-03
8.081411954221458943e-03
8.084079401180716343e-03
8.081477692285758338e-03
8.082880878609149597e-03
8.086117790517398374e-03
8.082648236066572109e-03
8.079681856224341444e-03
8.083885782660482286e-03
8.082340188112420096e-03
8.081975013044142078e-03
8.081854599130305558e-03
8.081297731557374880e-03
8.080836981963959026e-03
8.082519372917824907e-03
8.083100848754793191e-03
8.082025836150098438e-03
8.081226290619712704e-03
8.080713562351550527e-03
8.081267376488445939e-03
8.082861494207834591e-03
8.083337260779319480e-03
8.081988622561436450e-03
8.082143251848342494e-03
8.082955874394330553e-03
8.082658935199056593e-03
8.082533184631562895e-03
8.081617176325333815e-03
8.084065231430985141e-03
8.080385626564247359e-03
8.083211107549568078e-03
8.083570335409297550e-03
8.082699078760226252e-03
8.082986616732845686e-03
8.081285805376384190e-03
8.081478220801975240e-03
8.080037263956667271e-03
8.081456262541423380e-03
8.082081640466951683e-03
8.083286740033649234e-03
8.084896757691485344e-03
8.083607817363419601e-03
8.080795574296044739e-03
8.082487061235186371e-03
8.082888930109303691e-03
8.083745996002993442e-03
8.082728870425253537e-03
8.083988168291041110e-03
8.082775309815028175e-03
8.079880488198036906e-03
8.083024734586247151e-03
8.083285887726880670e-03
8.081304784436338026e-03
8.081912761551108756e-03
8.081789210529807810e-03
8.080759324985462011e-03
8.081922503327685151e-03
8.081617879615516850e-03
8.084487837412137473e-03
8.082210642680205323e-03
8.081868554827993309e-03
8.084969249828800886e-03
8.081866277482502303e-03
8.082436102882275750e-03
8.081425304383407088e-03
8.083822376389510761e-03
8.084269268359717958e-03
8.082135296624179052e-03
8.082986290048126479e-03
8.082267858981142042e-03
8.080589322418956985e-03
8.083508315823079160e-03
8.082164568003804769e-03
8.082546587243890149e-03
8.084220064345370646e-03
8.084095792494113211e-03
8.082439608159054656e-03
8.080570094737239348e-03
8.081321423816869437e-03
8.083366533517702054e-03
8.079794652277521444e-03
8.083817539898837529e-03
8.083914458556046637e-03
8.083809474780231583e-03
8.083473934731560256e-03
8.085126755551645325e-03
8.083656263964471636e-03
8.082437390179849843e-03
8.083216834981496110e-03
8.082007781453100573e-03
8.081524010801748037e-03
8.084109033804385419e-03
8.082627887047482557e-03
8.082849565940533609e-03
8.083248923354349053e-03
8.082781051682709147e-03
8.081203217089921037e-03
8.083995646879975003e-03
8.083388481323712169e-03
8.082101404880992837e-03
8.080670335127092610e-03
8.083183496185752936e-03
8.082816467643973504e-03
8.083956659013824195e-03
8.084076586901503894e-03
8.082037450439007523e-03
8.086973302926818083e-03
8.081084328792505905e-03
8.083902485946264579e-03
8.081593260952335891e-03
8.083135478754176900e-03
8.081237818790221183e-03
8.085851272669100642e-03
8.083396377227471119e-03
8.082910275109368020e-03
8.079601909267566245e-03
8.080129164513777731e-03
8.082725803790068164e-03
8.080535774200847329e-03
8.085063238977500955e-03
8.080194137133950641e-03
8.081950176389598312e-03
8.082143920757614217e-03
8.081631310622835324e-03
8.081104438326623673e-03
8.083973281332800312e-03
8.083607216393231057e-03
8.080681645915657046e-03
8.084083899803980178e-03
8.080816249733054762e-03
8.082861801030124388e-03
8.084500589190702843e-03
8.081050376970003168e-03
8.081879653716270498e-03
8.080221782233755479e-03
8.083666270510995316e-03
8.082494525726763301e-03
8.079713042423480179e-03
8.079255565936907177e-03
8.082747034694160240e-03
8.079223294457364701e-03
8.083768939069159096e-03
8.079984903149005360e-03
8.084113914253881344e-03
8.084458713026786147e-03
8.081533502433861996e-03
8.084116076853827687e-03
8.081547141648364602e-03
8.081684268844263261e-03
8.080728073583414231e-03
8.082892457017249940e-03
8.081394627681391662e-03
8.084100974419845473e-03
8.083375510678772122e-03
8.079076825272814635e-03
8.083471732021731485e-03
8.080696161382313822e-03
8.084098661481051856e-03
8.080540884312259475e-03
8.082709913914480973e-03
8.081984673903960803e-03
8.082696601396552674e-03
8.084479868390025137e-03
8.084890058475811825e-03
8.079885844165544950e-03
8.081559296115155278e-03
8.081748587456088692e-03
8.082838242828283698e-03
8.083637148722452176e-03
8.080780379550962789e-03
8.081222005275582806e-03
8.083529446799134904e-03
8.084571430451893345e-03
8.081711524300424360e-03
8.081653617385255173e-03
8.083100003770743447e-03
8.081377162059987657e-03
8.082841884542845551e-03
8.083216033879177947e-03
8.080810055765668895e-03
8.084499654246030814e-03
8.082201135328188554e-03
8.083461772681255902e-03
8.084093562991976484e-03
8.079807785531261180e-03
8.082185312016206685e-03
8.083074710092782306e-03
8.081212882240017964e-03
8.080948038810523495e-03
8.080441354658270472e-03
8.082593786190523169e-03
8.082722365048079088e-03
8.083360195574198701e-03
8.080633334493870362e-03
8.082610212234352109e-03
8.084658662866402168e-03
8.081728892277220688e-03
8.081349784713739992e-03
8.082888430396289667e-03
8.082852729424260321e-03
8.084008881447573083e-03
8.084078686109916895e-03
8.081805188368556062e-03
8.082600293446691106e-03
8.083179067480005323e-03
8.083664670465048885e-03
8.082180743018018212e-03
8.083691018920877505e-03
8.083277771291245972e-03
8.084159573929869391e-03
8.084466679186611687e-03
8.084810460235803894e-03
8.083333851663106195e-03
8.082793110701440645e-03
8.080946971149209970e-03
8.082492675934464799e-03
8.083091831183475059e-03
8.083232681216375934e-03
8.082625392261838862e-03
8.084370447571624305e-03
8.082470183832660485e-03
8.084095338423627139e-03
8.083900882664012827e-03
8.082840182573592519e-03
8.082993367323713235e-03
8.079632902074369849e-03
8.081836361224642440e-03
8.083033604823913060e-03
8.081381160604556024e-03
8.083977633097835444e-03
8.080247861231850195e-03
8.080922234709854782e-03
8.082804245704025559e-03
8.082263190080447163e-03
8.085011984397772952e-03
8.081646763238343675e-03
8.080127498289154178e-03
8.081580625655135006e-03
8.081316361413811919e-03
8.080560394075085584e-03
8.084132394398672525e-03
8.083645054144493122e-03
8.081423968334611185e-03
8.082222395859895228e-03
8.084485842943453515e-03
8.083134893050203731e-03
8.082395173895822252e-03
8.087218268384412101e-03
8.082608850313423646e-03
8.081491994751322655e-03
8.083830806194363186e-03
8.083475577303381870e-03
8.083171835619143430e-03
8.085257580054168100e-03
8.081107718023628969e-03
8.082087759403003974e-03
8.083717240153087333e-03
8.081528611620389033e-03
8.082266884878064328e-03
8.080974496762269657e-03
8.081212056111999539e-03
8.080423084854248400e-03
8.080762668286110492e-03
8.082697322580247035e-03
8.081660709522155497e-03
8.083045841909292789e-03
8.081523466768231884e-03
8.083146238539853923e-03
8.082574472352837755e-03
8.083937667361538668e-03
8.082094170916905365e-03
8.079430289674073215e-03
8.081572059331895708e-03
8.081235384441075309e-03
8.080206775835031136e-03
8.081832739172288213e-03
8.083658427487115661e-03
8.082931921756053226e-03
8.081914629469975214e-03
8.085471161571837831e-03
8.082812262532410724e-03
8.078335949857191889e-03
8.081259514778995831e-03
8.081109293625788129e-03
8.079718355600160051e-03
8.083152270363018130e-03
8.082550491232512110e-03
8.081521800675105574e-03
8.082040869818301124e-03
8.080842110054522326e-03
8.083192767746548088e-03
8.082135765779407607e-03
8.081993230239909592e-03
8.080667552671470799e-03
8.082214139951107018e-03
8.080569854192991633e-03
8.082371502327196852e-03
8.082943186311888212e-03
8.080716652782338541e-03
8.084099383925669874e-03
8.082450590521150779e-03
8.083966083755672258e-03
8.082782574222145688e-03
8.082700845977789511e-03
8.081645301969340306e-03
8.082021874467437694e-03
8.083317884542274082e-03
8.083890539216443891e-03
8.084037691376846912e-03
8.082430581436574057e-03
8.084540128285402569e-03
8.084030968806714401e-03
8.083376459311288412e-03
8.082657742852508709e-03
8.085406856400460807e-03
8.083982371524724153e-03
8.081422562377064620e-03
8.083308498961353991e-03
8.080950488128565284e-03
8.082292420200731450e-03
8.084132877500080361e-03
8.082735918991602181e-03
8.082283953701330584e-03
8.081957691660849111e-03
8.082852328531528116e-03
8.082493729667161383e-03
8.082676742137426609e-03
8.082808804982914014e-03
8.082651683474674151e-03
8.084425684967113529e-03
8.084155050106284560e-03
8.081241544433768326e-03
8.081156342260906178e-03
8.085160488096522491e-03
8.080202555823510352e-03
8.085589420199996991e-03
8.083671867025169280e-03
8.084057266206862505e-03
8.083190003707987556e-03
8.082311223805043951e-03
8.085106195570984644e-03
8.081982852922975011e-03
8.082947441229844376e-03
8.084620944433650036e-03
8.082052019255402120e-03
8.084335686656257680e-03
8.083328880648351852e-03
8.085077294362957162e-03
8.081837479049495954e-03
8.083470592629522430e-03
8.082629216188862847e-03
8.080082137827951025e-03
8.082874758197680296e-03
8.083073254837777263e-03
8.084526312728766359e-03
8.084384736557479953e-03
8.081055813437364524e-03
8.081209327210585672e-03
8.082684072669231445e-03
8.083305969532470631e-03
8.083898357884936048e-03
8.083354996196489076e-03
8.082098056265538469e-03
8.082823313408985660e-03
8.083151462846192153e-03
8.082831839407752031e-03
8.084142679328037290e-03
8.082660471130783883e-03
8.080841980538478603e-03
8.082201414039627899e-03
8.081966672859659806e-03
8.082025490408305604e-03
8.081591749394621826e-03
8.081223496644097601e-03
8.080614333337902272e-03
8.081184614704202407e-03
8.083617836651436905e-03
8.086701981563235164e-03
8.083600574996536309e-03
8.081717999336131622e-03
8.081228985020467298e-03
8.080716356560097360e-03
8.083492785541402173e-03
8.081528085233007433e-03
8.081201745579122409e-03
8.081318682705401421e-03
8.082825886010058802e-03
8.081605949354806959e-03
8.085040844680662156e-03
8.081563588504475995e-03
8.083271475574008505e-03
8.082821818370233141e-03
8.082864020054075088e-03
8.082317890995872889e-03
8.082884584955865245e-03
8.082388437406613779e-03
8.084597904881014527e-03
8.083053743638084904e-03
8.080925296006721825e-03
8.082916342979352270e-03
8.083533013435383399e-03
8.082756043512821786e-03
8.084297994573132889e-03
8.085945526271714340e-03
8.081979718523384440e-03
8.081800180259557376e-03
8.083941466065296469e-03
8.079926699690001546e-03
8.083947684455691091e-03
8.081499357808533471e-03
8.083386508680685811e-03
8.082793588102724081e-03
8.081337243713395888e-03
8.083748188601977760e-03
8.085096134007853375e-03
8.085663331014573268e-03
8.085873375794786280e-03
8.083318955633210512e-03
8.085805526767400261e-03
8.082408629579193593e-03
8.083499156713793918e-03
8.085150337020589537e-03
8.083719654277850275e-03
8.081438631570729558e-03
8.082047041944134119e-03
8.083456038441931210e-03
8.084098726451948574e-03
8.083369908884080815e-03
8.082784190937103777e-03
8.082011438383298468e-03
8.085502172105301852e-03
8.086928914033763779e-03
8.081462076402264050e-03
8.082323100808244329e-03
8.081679386476496238e-03
8.079932094417499600e-03
8.084376927284728925e-03
8.081171398995768557e-03
8.081324608743639670e-03
8.083637582511314645e-03
8.083211926680338236e-03
8.082312416119060566e-03
8.083092153807867539e-03
8.084261422845637549e-03
8.079966626741260510e-03
8.079357001891128431e-03
8.084655622188704691e-03
8.081143730080571352e-03
8.081379768527754970e-03
8.081822104545133625e-03
8.079939550485843933e-03
8.082741640296414037e-03
8.081460218965278580e-03
8.082544579939664534e-03
8.082945362415003623e-03
8.081194312262368618e-03
8.084285462941844663e-03
8.080414293726131264e-03
8.081083384355680285e-03
8.084213869276411085e-03
8.083745986760051960e-03
8.081087242209315791e-03
8.086126729735604313e-03
8.083589417677708791e-03
8.081025249514791134e-03
8.085329014384915608e-03
8.081282090781330765e-03
8.084547084654523930e-03
8.086337324878602184e-03
8.082071392165796064e-03
8.081603863750445871e-03
8.080495816980098195e-03
8.080531415573175003e-03
8.083176651093870735e-03
8.084282379554049575e-03
8.081537476399110881e-03
8.081230740433660575e-03
8.083779339088359092e-03
8.084144944393811122e-03
8.085722011927498967e-03
8.084526081823662294e-03
8.083975537121880148e-03
8.081094060388474207e-03
8.083633345430904157e-03
8.084475580916601969e-03
8.083755091699807230e-03
8.080799221221901529e-03
8.083914220674106796e-03
8.083018912483022275e-03
8.082682773054144024e-03
8.082840731622773639e-03
8.082863331012849969e-03
8.082783055880128284e-03
8.082647031325140494e-03
8.082108508090242796e-03
8.080995179005128967e-03
8.079032146565995331e-03
8.082275875538610238e-03
8.080859230736829948e-03
8.082877600904642482e-03
8.083949413300241249e-03
8.082256237675278232e-03
8.082627926455837608e-03
8.081105723485316680e-03
8.084781890672821172e-03
8.085282629457127973e-03
8.081439030889809097e-03
8.081377905452050842e-03
8.083450653417947190e-03
8.080633000180371603e-03
8.082216464016545379e-03
8.082867944089593484e-03
8.082365724639177865e-03
8.084723520459994803e-03
8.083348137981024792e-03
8.082507164421113069e-03
8.081223797621776145e-03
8.083196207541571560e-03
8.083057740984651504e-03
8.084107553660872456e-03
8.083960309034318378e-03
8.082858709773439732e-03
8.081812516703227797e-03
8.082594472939604383e-03
8.082910927628021713e-03
8.081314557117939487e-03
8.084430202271546823e-03
8.081642174629392536e-03
8.083434570018588339e-03
8.083772942266130926e-03
8.082011358368090467e-03
8.081219095493396773e-03
8.081024757906063449e-03
8.084345876379678622e-03
8.081629156735161204e-03
8.083257058354985716e-03
8.087359818500677519e-03
8.081868133960071199e-03
8.082227248145163259e-03
8.085859358229120775e-03
8.083258059171151769e-03
8.082137954233303140e-03
8.082604751140042704e-03
8.081436002044355138e-03
8.083201137541002820e-03
8.081582397801191642e-03
8.081206278199483048e-03
8.080910967918773086e-03
8.082848054099426444e-03
8.084305602120386500e-03
8.080089435201793374e-03
8.084858663158367084e-03
8.083346352839608159e-03
8.082911108506915174e-03
8.081872151463151410e-03
8.084636355653393100e-03
8.083789257068835915e-03
8.082468764061089342e-03
8.082685093846868687e-03
8.082468568820326549e-03
8.081265604109622372e-03
8.081374245600660144e-03
8.083469147012812758e-03
8.081099857572717274e-03
8.080944514435924042e-03
8.081055392771077997e-03
8.079725348646590172e-03
8.082166882532673680e-03
8.081477322584828746e-03
8.081946212012122710e-03
8.083159362687976357e-03
8.081555469157626626e-03
8.082614896828281895e-03
8.085820185633181209e-03
8.079501355441203597e-03
8.082909846635207354e-03
8.083711267398971390e-03
8.081896810356677466e-03
8.085818900908323462e-03
8.084666575481232881e-03
8.084299975908881136e-03
8.080038611506355425e-03
8.082094522945634449e-03
8.085161766825454260e-03
8.086835922942611776e-03
8.082547455402672859e-03
8.080989848317480725e-03
8.082433729941372949e-03
8.082127001196324004e-03
8.083167835932682926e-03
8.082635527809266252e-03
8.083591650479978255e-03
8.083195164372570726e-03
8.080937863538070753e-03
8.081824661254243675e-03
8.083160740288357349e-03
8.082594689757579415e-03
8.081819634063673596e-03
8.081397734697138777e-03
8.083145310323515062e-03
8.081524194256362384e-03
8.082613052727326622e-03
8.080495479249156024e-03
8.082561939540424886e-03
8.079366599918562028e-03
8.082114792792463240e-03
8.081195071282789785e-03
8.082223635803253287e-03
8.083602934690268388e-03
8.084743195840489796e-03
8.082362564000253671e-03
8.083034314615964583e-03
8.082295465860839245e-03
8.085039371957140897e-03
8.082017339859167218e-03
8.082403270157752229e-03
8.081788440529475218e-03
8.084308490309036546e-03
8.082447257751358000e-03
8.080145347489730082e-03
8.082514683531395391e-03
8.084400071432051513e-03
8.079640982600925017e-03
8.081688124136692311e-03
8.081328872613082956e-03
8.081216180413236874e-03
8.081027371669729023e-03
8.083467183432039085e-03
8.085620850591243233e-03
8.082106772742243816e-03
8.082478600518298861e-03
8.084222572756889075e-03
8.082680938834210099e-03
8.082488426905256457e-03
8.081307644537554652e-03
8.081623804645603204e-03
8.081829138816323463e-03
8.083526161318870321e-03
8.084075022140639610e-03
8.081298383657928991e-03
8.083169768609111544e-03
8.084198582764347968e-03
8.084218748221376136e-03
8.082353492297619790e-03
8.083805337889774650e-03
8.083521025910133176e-03
8.082481206367696236e-03
8.084358917553937166e-03
8.082095068359130066e-03
8.083266184637952906e-03
8.082879474739406919e-03
8.083009644522133955e-03
8.083838772489479810e-03
8.084154515005256836e-03
8.080869980290351570e-03
8.083872886412856937e-03
8.082526241107650805e-03
8.080198572701969423e-03
8.083454458881884214e-03
8.083257725054538920e-03
8.083441834396206879e-03
8.084175124084151676e-03
8.083565926204485524e-03
8.084472491154043317e-03
8.082775194625141033e-03
8.083691658844479461e-03
8.083923063581098523e-03
8.084759437827868100e-03
8.082563277247713576e-03
8.082484214147761178e-03
8.083428109713615070e-03
8.081433621147132706e-03
8.084546772212713658e-03
8.082641467818070524e-03
8.084737730470931832e-03
8.080757172207546010e-03
8.081844688272138422e-03
8.081462413086021312e-03
8.084330479837600891e-03
8.082005573556372280e-03
8.081806785247121205e-03
8.082820341882658577e-03
8.081005883674257512e-03
8.080175788066686765e-03
8.082084938454969780e-03
8.081061505817235813e-03
8.081735909178750996e-03
8.081844357394866660e-03
8.079954657848779226e-03
8.085018757404733789e-03
8.080552436809058936e-03
8.080351446292271742e-03
8.083375777036938548e-03
8.082848045485988356e-03
8.081827160229565488e-03
8.082973572952600536e-03
8.086019869575255398e-03
8.084870870411141677e-03
8.081061844317996221e-03
8.082808820458734292e-03
8.083928241770718670e-03
8.084025610122993685e-03
8.082369409513394387e-03
8.081337684270098118e-03
8.083774076873455686e-03
8.083411835945519819e-03
8.083679146593688442e-03
8.084311435990997052e-03
8.084136593758723191e-03
8.083511527074682332e-03
8.083397592598363587e-03
8.083086637504115213e-03
8.081051776663366118e-03
8.082964284045019918e-03
8.083672698580441837e-03
8.084785624728831749e-03
8.082737846528490963e-03
8.081250763168342649e-03
8.084312322772228832e-03
8.082872060006338066e-03
8.082997232818016353e-03
8.082130283691925723e-03
8.083073478102048917e-03
8.084172867339351962e-03
8.084692157372688759e-03
8.081812926549450729e-03
8.082198571418921368e-03
8.081311040171599430e-03
8.083189497070654775e-03
8.083307873359210985e-03
8.081393027086426067e-03
8.083535395869907367e-03
8.085213558915043536e-03
8.082286758401890925e-03
8.083675690072874079e-03
8.084529809908277617e-03
8.082858355495390126e-03
8.083078805640525263e-03
8.081572371769292842e-03
8.083931175637921671e-03
8.082199134902958576e-03
8.082289338262422726e-03
8.083717800113214211e-03
8.085213983072813207e-03
8.083009079808542094e-03
8.082504368840795483e-03
8.083550196955892678e-03
8.083200288856957905e-03
8.082391599653838271e-03
8.082193904577143762e-03
8.083272089944266298e-03
8.084219246982748616e-03
8.082689677444045845e-03
8.081680858740680068e-03
8.085541430407234068e-03
8.084027986547582048e-03
8.083042854071180450e-03
8.082930866302542178e-03
8.083284336448398263e-03
8.079935934405289150e-03
8.084190708236327003e-03
8.082250242679516264e-03
8.082577052053068964e-03
8.081511334702621077e-03
8.084709456572738637e-03
8.084679623825813052e-03
8.084001093961439705e-03
8.080122461092121428e-03
8.081567934815967261e-03
8.082031850248055926e-03
8.081746093071277143e-03
8.080617676625215934e-03
8.085273905772719441e-03
8.084079611070193669e-03
8.085655538619247046e-03
8.083958391865424253e-03
8.082216294230847725e-03
8.081858475845861770e-03
8.082447386513869070e-03
8.082765020617195886e-03
8.082056973169455399e-03
8.081919354347329165e-03
8.082009243427312403e-03
8.081724321386400331e-03
8.082976365776550071e-03
8.083016227771959439e-03
8.079676396105179084e-03
8.081148242682347979e-03
8.085107335163054659e-03
8.082881946731781606e-03
8.082356430599514988e-03
8.081522545790677248e-03
8.082904017045190043e-03
8.083124611745935717e-03
8.084295283560844966e-03
8.084295389758197961e-03
8.083435234909466804e-03
8.081901816339798553e-03
8.084671330242126919e-03
8.082307302579017777e-03
8.082856597257838047e-03
8.082438208847790573e-03
8.086173563814419082e-03
8.083107921615654418e-03
8.081287666418029633e-03
8.082373954801562801e-03
8.081116578101402853e-03
8.082778907223244977e-03
8.082438265484426926e-03
8.083564812517917211e-03
8.084668560216272393e-03
8.083298731897153172e-03
8.082790147273213877e-03
8.083185523305920842e-03
8.086076777285074180e-03
8.082859322934130356e-03
8.083680186290945549e-03
8.083623408166717289e-03
8.082575912126500894e-03
8.082739385619505321e-03
8.082709064873738747e-03
8.083071793066973904e-03
8.083130526309743186e-03
8.083790222764935390e-03
8.082499023557190854e-03
8.080713269602701060e-03
8.080931864764981376e-03
8.081703867566710289e-03
8.080061871603131177e-03
8.084185367241199932e-03
8.085081031506739097e-03
8.083594386842042276e-03
8.083073063553420853e-03
8.080824055869207170e-03
8.082738676039596601e-03
8.082922505131441213e-03
8.084220366053404203e-03
8.083980127674873437e-03
8.085582257917422674e-03
8.081023582184439225e-03
8.081694284860862706e-03
8.084304574085314499e-03
8.084807097278729621e-03
8.081639690087979652e-03
8.083158885393152901e-03
8.081868908261041762e-03
8.083284975997985164e-03
8.083924887045625465e-03
8.085461976600786735e-03
8.081612804930055072e-03
8.081761249791664589e-03
8.081301013881964090e-03
8.083434345237028654e-03
8.082745742799570671e-03
8.080066887824123578e-03
8.079400126962881651e-03
8.079751662020887362e-03
8.080831176797807422e-03
8.081850047188690253e-03
8.084729355242108867e-03
8.079842372299833597e-03
8.081686197374744404e-03
8.082317508228617498e-03
8.082508459806712203e-03
8.084239981859657823e-03
8.080616149403576851e-03
8.080131536961979166e-03
8.081474944404264810e-03
8.081589785909512949e-03
8.081049255236550516e-03
8.084810284991713822e-03
8.080444259562757567e-03
8.082139193461505833e-03
8.081547141648413174e-03
8.084121025235318711e-03
8.083602438630663536e-03
8.083001158352844107e-03
8.081744583255744130e-03
8.080769079528024590e-03
8.083229677348622438e-03
8.084374658671773448e-03
8.083493476708721731e-03
8.084948816491310114e-03
8.079600098851289283e-03
8.081553711299972048e-03
8.082570562289212446e-03
8.083019436647850137e-03
8.084514865383543580e-03
8.083520565020452589e-03
8.080485137817275051e-03
8.085605877816046463e-03
8.082686935418272739e-03
8.084783164543809034e-03
8.082511715100122035e-03
8.082033632870480599e-03
8.084754149342721768e-03
8.082878953316057977e-03
8.082902592521114954e-03
8.083371912567981904e-03
8.083737944802793854e-03
8.081461404793275141e-03
8.080231593779064331e-03
8.079817349164608239e-03
8.082872692595971520e-03
8.081094714399996229e-03
8.083395021367798319e-03
8.081465888512349982e-03
8.080710577057845581e-03
8.079885384867325701e-03
8.082902502638196138e-03
8.084072549540117711e-03
8.083488832691165804e-03
8.081297969046935883e-03
8.080225686271914204e-03
8.080896699552449561e-03
8.082639713806263199e-03
8.086008800127105628e-03
8.083264701906725178e-03
8.083231908062878113e-03
8.081645350373884568e-03
8.082209850391422132e-03
8.084570149470036299e-03
8.082810522516952617e-03
8.081677264642470049e-03
8.082472177786279022e-03
8.083671527077018054e-03
8.082100103213590500e-03
8.082694874520858150e-03
8.083048855352461398e-03
8.081898191743985826e-03
8.084100414082901961e-03
8.083168869022303721e-03
8.084299184411905537e-03
8.080659205485870092e-03
8.082754778530940390e-03
8.082161896765156089e-03
8.083181653601511502e-03
8.083315572171378624e-03
8.082191043304093672e-03
8.083949992109436267e-03
8.084867080653226207e-03
8.082225141742676797e-03
8.081056662886431166e-03
8.082987684299741682e-03
8.083218693213382183e-03
8.081492957971645602e-03
8.082259935802768233e-03
8.078872280446928664e-03
8.082075239341079270e-03
8.083540546987696626e-03
8.080739133512615871e-03
8.082020356141212530e-03
8.080489439402651144e-03
8.083029910760042291e-03
8.082423861984650362e-03
8.081158279460478808e-03
8.081485733549864311e-03
8.083463114920207832e-03
8.080380992093908615e-03
8.082228101918276231e-03
8.082592427442676294e-03
8.080433621197733590e-03
8.081902536349494515e-03
8.082156692558028349e-03
8.082452907371508177e-03
8.082958821103027047e-03
8.080193934760771662e-03
8.082639756315681059e-03
8.084777748835033501e-03
8.082967268607823413e-03
8.081441764103698688e-03
8.085497754750627097e-03
8.081464510208528212e-03
8.084101485571780488e-03
8.080884082712970137e-03
8.080874300730976623e-03
8.080634275930788368e-03
8.083334233534448035e-03
8.079861611569868346e-03
8.080792213785121386e-03
8.082424209549014804e-03
8.082692892205142060e-03
8.082177283536965892e-03
8.081477205836748792e-03
8.081863406631889513e-03
8.083091315248987219e-03
8.081599293911769996e-03
8.083182142722382044e-03
8.082581774666525512e-03
8.086014214262941466e-03
8.083421461783939568e-03
8.081470221138116819e-03
8.082967128303777254e-03
8.080750275846522099e-03
8.082334117541419352e-03
8.081437799874115202e-03
8.083439119707722456e-03
8.085102362615738045e-03
8.081810854190999219e-03
8.084448030333658483e-03
8.082466470320522067e-03
8.081134764844516080e-03
8.083835268378762942e-03
8.083926859710075657e-03
8.080570790207824983e-03
8.082828418811187354e-03
8.083446206867645617e-03
8.084071867494801653e-03
8.081607331780484363e-03
8.081222253518491674e-03
8.082650109688673326e-03
8.083560325994146659e-03
8.083149588419196591e-03
8.080798028383644541e-03
8.083811142727811982e-03
8.084938912396186228e-03
8.083197543745378882e-03
8.080912624997948351e-03
8.081773322549648877e-03
8.081941232175161513e-03
8.081891330948064861e-03
8.081455798578718319e-03
8.081989643824323208e-03
8.081735607652341252e-03
8.082664141986849182e-03
8.082959991588147333e-03
8.083596290438817278e-03
8.080722533030234786e-03
8.082340739378841496e-03
8.080893233354558350e-03
8.085778948398673893e-03
8.085458244174678968e-03
8.084312707139612239e-03
8.080762343168760783e-03
8.081452086767202184e-03
8.082021642392083968e-03
8.082708739687147551e-03
8.081660284016446705e-03
8.082167484178906514e-03
8.082399104967018244e-03
8.080688670660744755e-03
8.080151410121333422e-03
8.083016331474655175e-03
8.083861035343533133e-03
8.080958341865110070e-03
8.082463738602999742e-03
8.083240284368515063e-03
8.081704475833761600e-03
8.083890377216096726e-03
8.081063463252498302e-03
8.086801186564714430e-03
8.080044400137743887e-03
8.082955380133063222e-03
8.079084546510848994e-03
8.080534866041697017e-03
8.080455567218477325e-03
8.084247561451846087e-03
8.082661729758080019e-03
8.082210671504955202e-03
8.082512967279948876e-03
8.082407980421632554e-03
8.080919641336200068e-03
8.081872594354820930e-03
8.080438834190573072e-03
8.083335110484091146e-03
8.083744371260224298e-03
8.081751909724510866e-03
8.083212217222295048e-03
8.085043655768651277e-03
8.083218197214189077e-03
8.081297356643722674e-03
8.081863288145316529e-03
8.081300861832459159e-03
8.084264756376238412e-03
8.080972205013923007e-03
8.083006063207665015e-03
8.081258272296299242e-03
8.079264545618240756e-03
8.080367024248684416e-03
8.082909483710085108e-03
8.081697524836067500e-03
8.082702964595086734e-03
8.080074320852923681e-03
8.083216410764487367e-03
8.081054032483029129e-03
8.083004939929938973e-03
8.081614692858681004e-03
8.080444437207847178e-03
8.082646459196277111e-03
8.082181879773579422e-03
8.079373914994796013e-03
8.080986082410347715e-03
8.082287755400161325e-03
8.081243941819716073e-03
8.083060251676162100e-03
8.084151760227482886e-03
8.081247802508096170e-03
8.082647442241321784e-03
8.082370974661559973e-03
8.080012133014076448e-03
8.081685688286597766e-03
8.080663130670009617e-03
8.082030500880035828e-03
8.083359727831971805e-03
8.083561723326906576e-03
8.080911482827178929e-03
8.083625278397264108e-03
8.082650128984143062e-03
8.081456389800767068e-03
8.084939955281049764e-03
8.082210817372696698e-03
8.084267374777477297e-03
8.082647397265193059e-03
8.086208180403446633e-03
8.083602366416475782e-03
8.086064585213817088e-03
8.083453209527718952e-03
8.082522649108884669e-03
8.081632232497594145e-03
8.084789635427230142e-03
8.083908442910334169e-03
8.083631670144565684e-03
8.083524949299140949e-03
8.084290428169330772e-03
8.084836754049367843e-03
8.081907798763745404e-03
8.085836686002148208e-03
8.084830213620577272e-03
8.079731271638858695e-03
8.086935429991807742e-03
8.081366165730153109e-03
8.082151692399766954e-03
8.082122055256164839e-03
8.082373778259608135e-03
8.085320646156798213e-03
8.083495523152881695e-03
8.084263856797231640e-03
8.083681261242375501e-03
8.085550054548707941e-03
8.084615013977876005e-03
8.083336641058553457e-03
8.080956994696134738e-03
8.081586606267237780e-03
8.086495286908178606e-03
8.083842838188725829e-03
8.081451590225543699e-03
8.083721748547802177e-03
8.084080495043874381e-03
8.081826688640013356e-03
8.081760156474509030e-03
8.082798295537698893e-03
8.083368794535559371e-03
8.083222444502338733e-03
8.082621059337014371e-03
8.083430902764707562e-03
8.084859163070508281e-03
8.084351973989923473e-03
8.083792823386374074e-03
8.084458428951909678e-03
8.079389183071774075e-03
8.080421973705688085e-03
8.084316818872181246e-03
8.080913147442308694e-03
8.084428554029065087e-03
8.081899278156678273e-03
8.084399804294397501e-03
8.081861458253552372e-03
8.082305405037501500e-03
8.083916947617267659e-03
8.082564602724497463e-03
8.084864647302925436e-03
8.084317345426656615e-03
8.079859093184578109e-03
8.083938748776256858e-03
8.081095117849469711e-03
8.082940446697274919e-03
8.081520079506000764e-03
8.084948991059558859e-03
8.083955191731778331e-03
8.085688937256169107e-03
8.085541422063342518e-03
8.084536705114019062e-03
8.082653278586541395e-03
8.082906831287312369e-03
8.083066543494877437e-03
8.081413777020273609e-03
8.083278852257151301e-03
8.080547807428046722e-03
8.080858012174316901e-03
8.082639984219062990e-03
8.084039815067672538e-03
8.085012745288281538e-03
8.082016455642160313e-03
8.082237331131269034e-03
8.083571702935502673e-03
8.082864864561405474e-03
8.082544583382800935e-03
8.082692194511098896e-03
8.082372014030338517e-03
8.081166954594248136e-03
8.082931735778524709e-03
8.079706380446791125e-03
8.083598666036069177e-03
8.084195368423295960e-03
8.084333907956042786e-03
8.081574724164382328e-03
8.083807191782414747e-03
8.083463468049433345e-03
8.082479247680652082e-03
8.082063377665732462e-03
8.080901134332119790e-03
8.082381177780251919e-03
8.082162014684786747e-03
8.081520074143207222e-03
8.084530559325028495e-03
8.082448366377056187e-03
8.080452103237866293e-03
8.081021496458597186e-03
8.083168603621978740e-03
8.080033364989911912e-03
8.081409076772093358e-03
8.082873794529651240e-03
8.083792728700934030e-03
8.083318845817148018e-03
8.082457910840938620e-03
8.084681022188575442e-03
8.079795070018797043e-03
8.082323673389355326e-03
8.082811412552553393e-03
8.082518597098258331e-03
8.084466221889989243e-03
8.083721460176874346e-03
8.082410762153305686e-03
8.082350602239907547e-03
8.082339442259086140e-03
8.082808991558596001e-03
8.080879661361136876e-03
8.082537230510637369e-03
8.080630925538586848e-03
8.082699926757233935e-03
8.084001134596167926e-03
8.082887531989291566e-03
8.081601830478100240e-03
8.080990151988150932e-03
8.081079392214479337e-03
8.084745234049521903e-03
8.083119819817229448e-03
8.083248381186224421e-03
8.085692436751968151e-03
8.081639073476747093e-03
8.082604053415798004e-03
8.082304507142824487e-03
8.082761076623709920e-03
8.079433787762149363e-03
8.081914898078135234e-03
8.086054854574241738e-03
8.081764301820995242e-03
8.083042591090404405e-03
8.083314686736592369e-03
8.082663132847325502e-03
8.085088190043903181e-03
8.084856465064798811e-03
8.081248202574232639e-03
8.080693864785784553e-03
8.080634695816348717e-03
8.082737386316091524e-03
8.082939774248881076e-03
8.081390523797313610e-03
8.081544913659043788e-03
8.082244992092089617e-03
8.084043804317639359e-03
8.082641972874558475e-03
8.082656629746968677e-03
8.082848677034508433e-03
8.081193964640038391e-03
8.083959305837128129e-03
8.082428991779654071e-03
8.084862324892189492e-03
8.083511612270135455e-03
8.081866589277685725e-03
8.082790389123791636e-03
8.083432325470126315e-03
8.082711747430852689e-03
8.080623947287871728e-03
8.082148602289963499e-03
8.082449411164201875e-03
8.082527857962791898e-03
8.081856365281584603e-03
8.085247615097925986e-03
8.082420016000365845e-03
8.082413816052975292e-03
8.081150998474239538e-03
8.083189353933924876e-03
8.082004506401519947e-03
8.085189873192432861e-03
8.078995798069085049e-03
8.080364712882990089e-03
8.084067612922683430e-03
8.081332863133786765e-03
8.080150237757105156e-03
8.080883963515913399e-03
8.082569667807796426e-03
8.082554929403958782e-03
8.082587667109062887e-03
8.081521430074527571e-03
8.084647826952336830e-03
8.080942644767608041e-03
8.082504355236858062e-03
8.083450408113704994e-03
8.081646601691031689e-03
8.081490869041908082e-03
8.083532522489231611e-03
8.084216198299788020e-03
8.080841133724319877e-03
8.083431160444253666e-03
8.081970581982598351e-03
8.083197031611593850e-03
8.083201690750382168e-03
8.087387165989898610e-03
8.082243333878117234e-03
8.081095417875326301e-03
8.082740502373638933e-03
8.087950450031824307e-03
8.083480387751969948e-03
8.083419580976568611e-03
8.083165621806786411e-03
8.082244482050787021e-03
8.082263260249097567e-03
8.084186712481230414e-03
8.078993748789503951e-03
8.082341611533367179e-03
8.080982752412899789e-03
8.083850979671318090e-03
8.084870244803997463e-03
8.083418858391276662e-03
8.080293227069891213e-03
8.079123679917747658e-03
8.081778594351739231e-03
8.081024467308269357e-03
8.082393124401241261e-03
8.083151819061940024e-03
8.083036173359264484e-03
8.081277935119644470e-03
8.085749689784659661e-03
8.080159643214710613e-03
8.083910237708350974e-03
8.083314063444780109e-03
8.079036207385802484e-03
8.081910279510324049e-03
8.083219879120084883e-03
8.083339208170989276e-03
8.083118259975652364e-03
8.083176946948029615e-03
8.085299932736390513e-03
8.083258317196419587e-03
8.085004078003693584e-03
8.082459118707854481e-03
8.081904927912031064e-03
8.080952994396253461e-03
8.082219433491497768e-03
8.083666062429982826e-03
8.084962295608975891e-03
8.082321488076936455e-03
8.080999405758819074e-03
8.084889763893104639e-03
8.082479983217318378e-03
8.084128554057750521e-03
8.084783474388781629e-03
8.083181560565477763e-03
8.083412774238902046e-03
8.081738435789532701e-03
8.082471463926110128e-03
8.083854948744391769e-03
8.081271746876533824e-03
8.082362655775637839e-03
8.080577599535551658e-03
8.083434923049479318e-03
8.084559206383007748e-03
8.082458137502438952e-03
8.080962727693138947e-03
8.081898567139497377e-03
8.082217716363934365e-03
8.083849391603097762e-03
8.084914207426801766e-03
8.082757208886457920e-03
8.082097120654765585e-03
8.081785098973209153e-03
8.084216349727640916e-03
8.080980270460202605e-03
8.084280981879733013e-03
8.083301175149283299e-03
8.081051597178527668e-03
8.083005490435056159e-03
8.082644196269228240e-03
8.084285680628877993e-03
8.081771999902039386e-03
8.082175190074871243e-03
8.082221713894954113e-03
8.082568956104548008e-03
8.082109113621668145e-03
8.082796929968577571e-03
8.081990735506491483e-03
8.081952814537286464e-03
8.080084682498279644e-03
8.081249670944626665e-03
8.082763841514281622e-03
8.085836666059503450e-03
8.082277912647354082e-03
8.082140102642538376e-03
8.081253593726358056e-03
8.083063701254564540e-03
8.083340147445517224e-03
8.081008775413388648e-03
8.082072224717726239e-03
8.081548797714086657e-03
8.083522193808326262e-03
8.082597969434852231e-03
8.081809412447444815e-03
8.083014039300858919e-03
8.082175447198603271e-03
8.082149672784288627e-03
8.082903942537886938e-03
8.083224405622379399e-03
8.082893298850018365e-03
8.081444111290254917e-03
8.082915566647771652e-03
8.085218867433558929e-03
8.080275243185001260e-03
8.082376751160906536e-03
8.080975402488128553e-03
8.081381755668519407e-03
8.082643894008251576e-03
8.083193562403208007e-03
8.083290140905525015e-03
8.082471342468214304e-03
8.081860801360309446e-03
8.082275129295673002e-03
8.082969092206859080e-03
8.081172655313734882e-03
8.081575754238429221e-03
8.082458891643511459e-03
8.081258375745142483e-03
8.084381266407158345e-03
8.081104041835549326e-03
8.081599976631046942e-03
8.080877545949468124e-03
8.083864890867402050e-03
8.080742988268215660e-03
8.084733447599610351e-03
8.081880435104552701e-03
8.081235777537221221e-03
8.083105675709408716e-03
8.081272089461351976e-03
8.082717062470413938e-03
8.082828492989560867e-03
8.082579753817108886e-03
8.079667080244051433e-03
8.082858885607878754e-03
8.083331660241810032e-03
8.083406555894869644e-03
8.084953413919869492e-03
8.084049944444069227e-03
8.081398025049309902e-03
8.081104146438856245e-03
8.083055404848746989e-03
8.080981934659519153e-03
8.081122997660328960e-03
8.081699115197994721e-03
8.081597281815679559e-03
8.081150214214438340e-03
8.082073362364312549e-03
8.081860550781057653e-03
8.081638528027424231e-03
8.082827474831289633e-03
8.082155109561570475e-03
8.084314873283850178e-03
8.078527950628350621e-03
8.083370915411856872e-03
8.082857442341200710e-03
8.084940973873602083e-03
8.082372736915780995e-03
8.081569379667171218e-03
8.082372303193696705e-03
8.083226803739905139e-03
8.083550455676541749e-03
8.082143513858993517e-03
8.084756232375114177e-03
8.081889264623630387e-03
8.079820633270808766e-03
8.081362184226165493e-03
8.081802630441491456e-03
8.082404327134045177e-03
8.084306691037320552e-03
8.082690461540465582e-03
8.082645932885787129e-03
8.082115861624774092e-03
8.082414917023423781e-03
8.082296751715609129e-03
8.083839037841813666e-03
8.083447242860666154e-03
8.081979994585640828e-03
8.085658456156706933e-03
8.081863363379702958e-03
8.080471438413996607e-03
8.083436416852440853e-03
8.084404011369249188e-03
8.081687423316991428e-03
8.083398538027522159e-03
8.081122556686979111e-03
8.083655056733366623e-03
8.082003540820802134e-03
8.081500671600478497e-03
8.083029823672217493e-03
8.084324754857621226e-03
8.084448515922633763e-03
8.081546722563238624e-03
8.083349189442319560e-03
8.083104811986241076e-03
8.080110795449567049e-03
8.082339301585405103e-03
8.079545610679906426e-03
8.082015911260103519e-03
8.083553010212622680e-03
8.083883455551778632e-03
8.085792287742881237e-03
8.079979882756497395e-03
8.081275068607465806e-03
8.082142926288463092e-03
8.081536977882311859e-03
8.083851459730298505e-03
8.082979909101718069e-03
8.082717828734261450e-03
8.080925316780718931e-03
8.083094909838248882e-03
8.085194897774707415e-03
8.083343911338356988e-03
8.083485327271348539e-03
8.082561511401234119e-03
8.084679836066496414e-03
8.084848393171202574e-03
8.080920132053196620e-03
8.083041664452899830e-03
8.083403958692255212e-03
8.081782817142212430e-03
8.081833919409508668e-03
8.084432748269389929e-03
8.085904520930319375e-03
8.084294898532837226e-03
8.084099592544160412e-03
8.082145172400896291e-03
8.084819188544466531e-03
8.084732774539979752e-03
8.083053385508805200e-03
8.081364436765140283e-03
8.083411896192759308e-03
8.083841243365462795e-03
8.084127840222875630e-03
8.084617399856979664e-03
8.083606485905073247e-03
8.081443512469701010e-03
8.080423398341713553e-03
8.084586931197755566e-03
8.084357654466294008e-03
8.081448690494073134e-03
8.082468054254655226e-03
8.079387369313533254e-03
8.081987549121935968e-03
8.081409960547255786e-03
8.083610776399779291e-03
8.081841614205855645e-03
8.084624566507256360e-03
8.080833324017785632e-03
8.081783933676268614e-03
8.084778112449472406e-03
8.083095438041310032e-03
8.080784516190438194e-03
8.083676231129016676e-03
8.081467130076088953e-03
8.082488180176398626e-03
8.083750638977938927e-03
8.083141680725583825e-03
8.081824330328359757e-03
8.082349054296852561e-03
8.082164136162361956e-03
8.081550999398721610e-03
8.082399798774078659e-03
8.081430857432450252e-03
8.081096523751421859e-03
8.081928487407720463e-03
8.083614499642946191e-03
8.084505875370420758e-03
8.081588051033924275e-03
8.083986961593075601e-03
8.082939875794122042e-03
8.080490909637491267e-03
8.082289979801442550e-03
8.081389744501274452e-03
8.080841487274705026e-03
8.082413505924290406e-03
8.082518854571908370e-03
8.084409078343081020e-03
8.081260416138396144e-03
8.082717387158893166e-03
8.083634454967609725e-03
8.083532074884566473e-03
8.085666923915858784e-03
8.083667390111641884e-03
8.082142470201801598e-03
8.081703792944120932e-03
8.081951847283060097e-03
8.082812911139582168e-03
8.082186248167960024e-03
8.085161627504973761e-03
8.080368265707607925e-03
8.081877310006070625e-03
8.084081520363266271e-03
8.084067459428986510e-03
8.080897391604608196e-03
8.083752311330684795e-03
8.080162170261482105e-03
8.084426705297088553e-03
8.081030724085499356e-03
8.084780324745669336e-03
8.083875821946319082e-03
8.083084031270384648e-03
8.083294235070070596e-03
8.082891705865154555e-03
8.081854879597677108e-03
8.081173570636934061e-03
8.083289181573888316e-03
8.079985863221526843e-03
8.079501467664949518e-03
8.083841223834696901e-03
8.086634656178757694e-03
8.082815014252734548e-03
8.080726601793247060e-03
8.080979955755542704e-03
8.084057239535001604e-03
8.081233891078702311e-03
8.082594772323552570e-03
8.081174019794908764e-03
8.080854626057995538e-03
8.080215387210555253e-03
8.081506723216691848e-03
8.083450961881956734e-03
8.083350703311530105e-03
8.083688614265326436e-03
8.083084193238465956e-03
8.085075706960254821e-03
8.080477591007745319e-03
8.082612049418021194e-03
8.081758334974452340e-03
8.082660375480749115e-03
8.083805270876901969e-03
8.084575967735707636e-03
8.084579323412974944e-03
8.082335829375493150e-03
8.083456130315755730e-03
8.082417104816944781e-03
8.081924045726733910e-03
8.085674745442821346e-03
8.084020264938252681e-03
8.081503127130204231e-03
8.081587034651329868e-03
8.083811482176347235e-03
8.083519261501085490e-03
8.082759068687083923e-03
8.082882366988893702e-03
8.082548939439134286e-03
8.080772064163172994e-03
8.082747285589522018e-03
8.082467104000300856e-03
8.085421252270179326e-03
8.083096885827331310e-03
8.081614439166650080e-03
8.083020838286474746e-03
8.080224960344564722e-03
8.081962287916175103e-03
8.082394477778035574e-03
8.083381052729409974e-03
8.082005640047957087e-03
8.082709856289539696e-03
8.081833977150487333e-03
8.083024277880188763e-03
8.083436098493892996e-03
8.084878503966550986e-03
8.079744980218045436e-03
8.081576402118937144e-03
8.084238382496080483e-03
8.082118952017975852e-03
8.083291776526313130e-03
8.083049277712044470e-03
8.082140831198006067e-03
8.087106568347905353e-03
8.083102344645251569e-03
8.083088730943445085e-03
8.081556848189303671e-03
8.081901028137952747e-03
8.082639592753142546e-03
8.083221927425492115e-03
8.081136857015445638e-03
8.084819699539872243e-03
8.083891620664473976e-03
8.083055925956917492e-03
8.081299068940797636e-03
8.083732237242432020e-03
8.083285533428911235e-03
8.081328507612575707e-03
8.082558341212398717e-03
8.082080702795691601e-03
8.081408036855714655e-03
8.082285605596021064e-03
8.080610655916560872e-03
8.080676017697430505e-03
8.082066705762558367e-03
8.081156610369587268e-03
8.084580364143025694e-03
8.082920456897275605e-03
8.081795482272120801e-03
8.085650414381591322e-03
8.080364872734923862e-03
8.084345677908286523e-03
8.083542474980699721e-03
8.082605770417479463e-03
8.082236773447624978e-03
8.084359248743327314e-03
8.082598323950664770e-03
8.083278223777027455e-03
8.082470551876812931e-03
8.081530250761054246e-03
8.081491759316399362e-03
8.085005361939718790e-03
8.086354099782318283e-03
8.083555790224695656e-03
8.080636242741849606e-03
8.081401442540856600e-03
8.083400771696684986e-03
8.083204478993934877e-03
8.083338854423888220e-03
8.081930797032168753e-03
8.083761429724778402e-03
8.082243850147125680e-03
8.081999545950279210e-03
8.083626373256942721e-03
8.082316800829273534e-03
8.082198057996710372e-03
8.085531402809298038e-03
8.082718536305891210e-03
8.082048517973401680e-03
8.083109549333125643e-03
8.081637450976114981e-03
8.083867880450946314e-03
8.081691607038209851e-03
8.082843231033825029e-03
8.084254423836726919e-03
8.083034483238127690e-03
8.083175004939706365e-03
8.085320784517091922e-03
8.082112731122088889e-03
8.082653214336776165e-03
8.085029470889884898e-03
8.082667233411966815e-03
8.084611122511629541e-03
8.083160303278573086e-03
8.084074703357549407e-03
8.083218951430872976e-03
8.084359365443674617e-03
8.082741962730986135e-03
8.081675339266482933e-03
8.079912002889197420e-03
8.082810057410535695e-03
8.085703670692745773e-03
8.084470774029850482e-03
8.082562804915370200e-03
8.081515755667938866e-03
8.084794037658245627e-03
8.082371834458576543e-03
8.084373969931279991e-03
8.084542779024065859e-03
8.083353962385667404e-03
8.081951897334871751e-03
8.085513897243516365e-03
8.084223685646603486e-03
8.083298064143887296e-03
8.084013513740367224e-03
8.081921104635769390e-03
8.080810125904213173e-03
8.083091692877816467e-03
8.082635369454844662e-03
8.083152398678154424e-03
8.083325180114326811e-03
8.086305918250158431e-03
8.079254509072049395e-03
8.082849379416227192e-03
8.084322346532788264e-03
8.084332056511380274e-03
8.085784659180639267e-03
8.082248725471932738e-03
8.081269550115141240e-03
8.081744184658228025e-03
8.083282763561225326e-03
8.085889864873910954e-03
8.081104943972700766e-03
8.082382239866413992e-03
8.083556026409383782e-03
8.080477870698548823e-03
8.080893445577072218e-03
8.083536415143637022e-03
8.080676959540941673e-03
8.081647833994324084e-03
8.081432649467822776e-03
8.084307201031953882e-03
8.085257477698287384e-03
8.082509268018931575e-03
8.084106580094473082e-03
8.084696402853534108e-03
8.081699516235149594e-03
8.084765701690239600e-03
8.084092010288982527e-03
8.083398028987708386e-03
8.081001697122246197e-03
8.082696474890445001e-03
8.083038067529730794e-03
8.085043443237665411e-03
8.081614432317472604e-03
8.086648441284868122e-03
8.081276919453653923e-03
8.085876999675806198e-03
8.083625555860920325e-03
8.080818727014018460e-03
8.081206632981226962e-03
8.082280169665863670e-03
8.080987902488595553e-03
8.084233496220605969e-03
8.081515353620347467e-03
8.080820924744486558e-03
8.082078142751818531e-03
8.079935134092669155e-03
8.083352182772316624e-03
8.082486280804646733e-03
8.085400438975957546e-03
8.082318741547082214e-03
8.080834653732099984e-03
8.083508015181692374e-03
8.082362223332103732e-03
8.082872456183890636e-03
8.080506901908507400e-03
8.081873644591147654e-03
8.082339920935110306e-03
8.081766603876635105e-03
8.083060037898352410e-03
8.084695857017501486e-03
8.082267378689094589e-03
8.085041437371699030e-03
8.081272791523676918e-03
8.079856327444437727e-03
8.084329756296915193e-03
8.083389804748833396e-03
8.082267389787978554e-03
8.084848735134875231e-03
8.082127661374963190e-03
8.082740183464163716e-03
8.082048492088546657e-03
8.081702753751090693e-03
8.084367760197932670e-03
8.084331132397364061e-03
8.082311772716831502e-03
8.080197358179545819e-03
8.081366870592883792e-03
8.085029414243768281e-03
8.082035668219798505e-03
8.081841159443225314e-03
8.079181200835122353e-03
8.080914090311674611e-03
8.080971306455917227e-03
8.086246512173969961e-03
8.084563523350789260e-03
8.082214424302926886e-03
8.082138773126881087e-03
8.081522445562915394e-03
8.082428137479646599e-03
8.081392876094370403e-03
8.083340175450200865e-03
8.083300451035077203e-03
8.085446391485562323e-03
8.083318308189951784e-03
8.079526614424148781e-03
8.085011353920600746e-03
8.080968930867640787e-03
8.083219558775804267e-03
8.082613660529676738e-03
8.080863856779489998e-03
8.083079313192414669e-03
8.080579077782212155e-03
8.085559577995006866e-03
8.080289656982823226e-03
8.082782102387454579e-03
8.080275034674299500e-03
8.079358405229374387e-03
8.080040412277843948e-03
8.084254195513486396e-03
8.083328946831070880e-03
8.082771067215860361e-03
8.082972594932260474e-03
8.080823658714250679e-03
8.084356542186914296e-03
8.081527638020592763e-03
8.085510720198977458e-03
8.081041741475492729e-03
8.082805225601818674e-03
8.081118500204455962e-03
8.081951435679704532e-03
8.084213371553398975e-03
8.083478680474133482e-03
8.082582059748414163e-03
8.082866051592313070e-03
8.081546641271820583e-03
8.083155741461912555e-03
8.082704316420132734e-03
8.084919971562007368e-03
8.082931008218309510e-03
8.080623151119636222e-03
8.083461415521908666e-03
8.083259320169757650e-03
8.083459572045790381e-03
8.083755741187361246e-03
8.083209863191800210e-03
8.081417675522810026e-03
8.082216123818288661e-03
8.080052799358111715e-03
8.084128428861711221e-03
8.081979946718793190e-03
8.083400008324779368e-03
8.080068628401311168e-03
8.084409756038491227e-03
8.082544607718117682e-03
8.085141629214356515e-03
8.086536359928205367e-03
8.082849394274003660e-03
8.084256376198818358e-03
8.082311645820915852e-03
8.084418896163365204e-03
8.081265311757006298e-03
8.084323749442475990e-03
8.083030551770748612e-03
8.084363689861661512e-03
8.082995357251003890e-03
8.082364063783807964e-03
8.082432728957995166e-03
8.082692678738515740e-03
8.082604355724163844e-03
8.080471680873495266e-03
8.084113272830208488e-03
8.082308029978614930e-03
8.082663867295223833e-03
8.086013516881479860e-03
8.081242260610866854e-03
8.082950416347536512e-03
8.084307353378306429e-03
8.081480665651214965e-03
8.080003642733025321e-03
8.082523343330755630e-03
8.081800798556200427e-03
8.082643686804362113e-03
8.083570552433147829e-03
8.084331649349629778e-03
8.082153794110154277e-03
8.084463025228971755e-03
8.084178076200073185e-03
8.081115798502153114e-03
8.083263249838728084e-03
8.084358100711348805e-03
8.082125539351583260e-03
8.081964275009637100e-03
8.083822873454910019e-03
8.082200234571656691e-03
8.083657523438829776e-03
8.082857853375749121e-03
8.082409334334753059e-03
8.081719413213625872e-03
8.081229789094651270e-03
8.082900077657299495e-03
8.083916698338583159e-03
8.080499991999392020e-03
8.082425128587126043e-03
8.084562164526231179e-03
8.080565692544554313e-03
8.081532750797105688e-03
8.081694857598109225e-03
8.079512514422597033e-03
8.085588512501885872e-03
8.082633312454845509e-03
8.082635418642569736e-03
8.085502286536247474e-03
8.081810389704719919e-03
8.081504175113090466e-03
8.082623492150975072e-03
8.083677944115560954e-03
8.084356216141274157e-03
8.082916943067400967e-03
8.081957517176706698e-03
8.084666649792487947e-03
8.080078396842410582e-03
8.083333434149245905e-03
8.083151143339994613e-03
8.082554998028410390e-03
8.080599195001704829e-03
8.084662620743849823e-03
8.082547737236626603e-03
8.082106396961748554e-03
8.082000864422567155e-03
8.086769475955480485e-03
8.080977006331107118e-03
8.081047884604120046e-03
8.080775432450051574e-03
8.079970971664580948e-03
8.081244229956574196e-03
8.084090503748310799e-03
8.083848678321544148e-03
8.082800948164561849e-03
8.084082420784653028e-03
8.082664991703118751e-03
8.082732142848618809e-03
8.082176201491507450e-03
8.082092496995058745e-03
8.080841364951109329e-03
8.081770747057719778e-03
8.083531979940772327e-03
8.084746347712985434e-03
8.079333199273834587e-03
8.081928420774518035e-03
8.083150796636930785e-03
8.084015197854099374e-03
8.084487694379830988e-03
8.084276373913389449e-03
8.083689234444439362e-03
8.079166729405914613e-03
8.083222633242860208e-03
8.083780690561051530e-03
8.083590368262678905e-03
8.082121665019847620e-03
8.081237855505187320e-03
8.083047778449925502e-03
8.083311896210027339e-03
8.083165298915019267e-03
8.082800548268516752e-03
8.079392653717036576e-03
8.080636315208828205e-03
8.081114854533985592e-03
8.083594205632786342e-03
8.083012803678920818e-03
8.081007257956625972e-03
8.084028100373157749e-03
8.082614616607943642e-03
8.083981898435350921e-03
8.086046882653238205e-03
8.082252653761945460e-03
8.080750618193650175e-03
8.080763394918965073e-03
8.083281431771784445e-03
8.081173992664581265e-03
8.082363876229551117e-03
8.082961423931292466e-03
8.080218934952776780e-03
8.080401435318474920e-03
8.082650798662086369e-03
8.081925953636702811e-03
8.084611656964618351e-03
8.080537244626838367e-03
8.081318282274636486e-03
8.084028368279264770e-03
8.081316250097400969e-03
8.083876398664830570e-03
8.081898967127942521e-03
8.081881040820634160e-03
8.081550378564224951e-03
8.082610898065377761e-03
8.083340680433226746e-03
8.082579844805693609e-03
8.081432966039820559e-03
8.081410425657544611e-03
8.084386001219851306e-03
8.082450940174691276e-03
8.081328775251682764e-03
8.080159705069232118e-03
8.081323468156251244e-03
8.080092849643824571e-03
8.082756198285506039e-03
8.082879971193231150e-03
8.085146476048171021e-03
8.080067867662731398e-03
8.082755686055070887e-03
8.082088612149915252e-03
8.081497348482962959e-03
8.080325745914355637e-03
8.079438951628273996e-03
8.082832939619635435e-03
8.082498931567568337e-03
8.084813261587619343e-03
8.080939790848335261e-03
8.081413337602916941e-03
8.081911263780895346e-03
8.081382737689777121e-03
8.083972453080080431e-03
8.083971594406040573e-03
8.081614329937500049e-03
8.083253584332143749e-03
8.082679530079522542e-03
8.082402821412896718e-03
8.081488384873236966e-03
8.082410754320017848e-03
8.081479650634004058e-03
8.081609943671092672e-03
8.082170702958786299e-03
8.082348908733298296e-03
8.086114317230290796e-03
8.082597099962606293e-03
8.082688721153761038e-03
8.081980671209354483e-03
8.080440219801874116e-03
8.083263259618292396e-03
8.083363698094547106e-03
8.080180212663106917e-03
8.081584367515831299e-03
8.083245392257711742e-03
8.081766551512652164e-03
8.084954160833556641e-03
8.082497091992537838e-03
8.081535622552883311e-03
8.080985956122320804e-03
8.079534016804073085e-03
8.083727351894340676e-03
8.084786260958948950e-03
8.081046514993533644e-03
8.082079747435086739e-03
8.082641983140979869e-03
8.080891233857294409e-03
8.082626252438336600e-03
8.083863359372047905e-03
8.082077659306579828e-03
8.086374334705643749e-03
8.086160721549081123e-03
8.081172128588030162e-03
8.082449813764665258e-03
8.080090265961851342e-03
8.082986538885920599e-03
8.080790668904460489e-03
8.080426027532734701e-03
8.083674897189781564e-03
8.082984071388689754e-03
8.081228719897847260e-03
8.082419221187719591e-03
8.080415587465155161e-03
8.082759294089339810e-03
8.082437442343185993e-03
8.081840615187111179e-03
8.081881990307389005e-03
8.082681132727248877e-03
8.082329992925019191e-03
8.083049993734393521e-03
8.082774469650338620e-03
8.082172055979865155e-03
8.080967875617477494e-03
8.081593383822643570e-03
8.081401200886722397e-03
8.084358911018517391e-03
8.084282902692285430e-03
8.082842319251914640e-03
8.081479406891026868e-03
8.083163592159953864e-03
8.082136241419613648e-03
8.083783796882154649e-03
8.083393751219950310e-03
8.082306953649363510e-03
8.081357909012718346e-03
8.081577012625316969e-03
8.084485391177032368e-03
8.080799918510973498e-03
8.083402447722418116e-03
8.081993626794103588e-03
8.080729466467968455e-03
8.083620367542020818e-03
8.082345121596610713e-03
8.083800932377208787e-03
8.082605480933100287e-03
8.081985140331293324e-03
8.080286071567573808e-03
8.082071624770717500e-03
8.081097288899862993e-03
8.081426280363330703e-03
8.082419926049848324e-03
8.081803196016177498e-03
8.082167029753851636e-03
8.081177087326555861e-03
8.082815598375916663e-03
8.082678628497092302e-03
8.083665160605909075e-03
8.081985850361780854e-03
8.082015228427953321e-03
8.082180080550505075e-03
8.084816278438024251e-03
8.081880800653893498e-03
8.080016477780704517e-03
8.081939600142133695e-03
8.081866864706240688e-03
8.081701667130920114e-03
8.083925458837256869e-03
8.081650465422061252e-03
8.082570345212057583e-03
8.080731084448690080e-03
8.084565990739844485e-03
8.082980433904596307e-03
8.082777694913246061e-03
8.078941173884187504e-03
8.083325961921601979e-03
8.081968574017162066e-03
8.080294117743651652e-03
8.081151345442403808e-03
8.080167063369251765e-03
8.083142277960531086e-03
8.084737538573569249e-03
8.083715457701642210e-03
8.080744877306731550e-03
8.083834028491771254e-03
8.083627650126575317e-03
8.084669534982470707e-03
8.082490361868120005e-03
8.080353855570191271e-03
8.081451570211891505e-03
8.083377232065784221e-03
8.084664698586183779e-03
8.085630291526996888e-03
8.081613521079732826e-03
8.081881239563338745e-03
8.082929414300339677e-03
8.082322964494762993e-03
8.081506311835401704e-03
8.080678395759592625e-03
8.082258686590824276e-03
8.084586739593687885e-03
8.084106958705905219e-03
8.080991457804697839e-03
8.081876218239221824e-03
8.082237169265515594e-03
8.083701612438673120e-03
8.084087136452811073e-03
8.084050831056770886e-03
8.083633764413553080e-03
8.084828680908592163e-03
8.081486070670634847e-03
8.081763709338853768e-03
8.083578655739344018e-03
8.082555832974108040e-03
8.082018080771453603e-03
8.082993377656761888e-03
8.084453145890147310e-03
8.081029483817985665e-03
8.083799195093058915e-03
8.081658826722496261e-03
8.082139328835885941e-03
8.083481718471879213e-03
8.084545696214216759e-03
8.083462554981631423e-03
8.081993702773068028e-03
8.082691930666574542e-03
8.081627924395597476e-03
8.083714139428993181e-03
8.085506574571433083e-03
8.082932779918993241e-03
8.082288373233293202e-03
8.078742945838515016e-03
8.082558702390283192e-03
8.081767656050526522e-03
8.081217463540178378e-03
8.084619588257596634e-03
8.081397543631957739e-03
8.081347369578908285e-03
8.085420535779822698e-03
8.081019400409282169e-03
8.087292675430079320e-03
8.078074594238211781e-03
8.087025730228283513e-03
8.085707672487157244e-03
8.082500525747025183e-03
8.082018967671153117e-03
8.084614800507410742e-03
8.081972001575149500e-03
8.085798376491898365e-03
8.084898690236874685e-03
8.083009080330176913e-03
8.081429763669874949e-03
8.085459268000779257e-03
8.082620063509604255e-03
8.081971016755123624e-03
8.083008582680659831e-03
8.082361496586231916e-03
8.083355988147295293e-03
8.083155730680918402e-03
8.085370636146886614e-03
8.081603210975413926e-03
8.080083358336322477e-03
8.080918375657226982e-03
8.082974893651445961e-03
8.083058304858831492e-03
8.083824496762898049e-03
8.082612729548166106e-03
8.082783409352110870e-03
8.085398625407328940e-03
8.082188207195056817e-03
8.079547909184806725e-03
8.083259636126161052e-03
8.082942640571157827e-03
8.083143381662131685e-03
8.082980332586796671e-03
8.080770305366247186e-03
8.082442045895497917e-03
8.082051397952505836e-03
8.082630767682556783e-03
8.083045597730710921e-03
8.085749137365183178e-03
8.079747703511009835e-03
8.083127607944891324e-03
8.087378438873324069e-03
8.080627925628584146e-03
8.082583124347593809e-03
8.083823632817937338e-03
8.083426600240077586e-03
8.082978571858823527e-03
8.083124758386581524e-03
8.083660202024219726e-03
8.081285895816714762e-03
8.080940063887378025e-03
8.083785427647796965e-03
8.081996325612900503e-03
8.085349166053737088e-03
8.082816874543551772e-03
8.082687853148510029e-03
8.079549102019925599e-03
8.081835616172507869e-03
8.081785977202391238e-03
8.084082269221465680e-03
8.082070158773680194e-03
8.078789837321518827e-03
8.081423019506222064e-03
8.081223403081759168e-03
8.081150728210480250e-03
8.084489103324196679e-03
8.080022347379166303e-03
8.081518727737829408e-03
8.083135931648532599e-03
8.082512139308360016e-03
8.084561367620103287e-03
8.083914542013717966e-03
8.082085921440608847e-03
8.083010615267607543e-03
8.081653434063832894e-03
8.082572738063849294e-03
8.082366762700000928e-03
8.084838219597987805e-03
8.081173582225124538e-03
8.083151823379652878e-03
8.081649065460997511e-03
8.081738567584878172e-03
8.080590873070680330e-03
8.080378969600785985e-03
8.082671022052826185e-03
8.082313519890988590e-03
8.083756987871712485e-03
8.082729440116297875e-03
8.082847093929755242e-03
8.082627835685017928e-03
8.081531267351631589e-03
8.082201913173560001e-03
8.082980264667966389e-03
8.083716391355513439e-03
8.081476692865380285e-03
8.082592718227889911e-03
8.083204301682250445e-03
8.084222567525634409e-03
8.083952552474713699e-03
8.084215436424711104e-03
8.080954084169776619e-03
8.080618511554843106e-03
8.081736747899968473e-03
8.082893433213295814e-03
8.082020107932810782e-03
8.083001462746619917e-03
8.082010050345917254e-03
8.083112711193714967e-03
8.081401479211339223e-03
8.085528818140482257e-03
8.081045424373944214e-03
8.083001754858333207e-03
8.083531175975090105e-03
8.085018030452768151e-03
8.083055175629787203e-03
8.082726729504163821e-03
8.081317045918101974e-03
8.083211950736789511e-03
8.082210365502386432e-03
8.082133591435405884e-03
8.081102905158414965e-03
8.082721208902781534e-03
8.085170468945215155e-03
8.083708398482630786e-03
8.084372630532583870e-03
8.082966118685546222e-03
8.081273872991194887e-03
8.081288042190101079e-03
8.081110245836790884e-03
8.085110170950898789e-03
8.081798826654388451e-03
8.080890906591156608e-03
8.081642560379314125e-03
8.082847423814322821e-03
8.082464375693935305e-03
8.082870211794917353e-03
8.082745134708569507e-03
8.083986243415285794e-03
8.085073640616559712e-03
8.082079013759731895e-03
8.081589737791597047e-03
8.079543378619810645e-03
8.084454737072780880e-03
8.082305424053607898e-03
8.083772381316111852e-03
8.082922992442065357e-03
8.080214298417454435e-03
8.082351054270927801e-03
8.082424110264184447e-03
8.082808624501976527e-03
8.084335407539009269e-03
8.084426081932535868e-03
8.083131396695412973e-03
8.083054353979759674e-03
8.083042436981184228e-03
8.082126554690243631e-03
8.081374735025447301e-03
8.083631542415113669e-03
8.081962151746979392e-03
8.082350848568866514e-03
8.082390045990602012e-03
8.082522767463285601e-03
8.084307772635267175e-03
8.085706492310676397e-03
8.081924982941673247e-03
8.081176830066200481e-03
8.083129151668734524e-03
8.083711607425705589e-03
8.081018547772636854e-03
8.082365870984271894e-03
8.083440751685188816e-03
8.085581860717607969e-03
8.081559577872378733e-03
8.082380129388399420e-03
8.080214859754889303e-03
8.080409373770176470e-03
8.084828455685514129e-03
8.081511290091195412e-03
8.081910303232115941e-03
8.083793596364194714e-03
8.081660880261446259e-03
8.081662618928413602e-03
8.081706354427104985e-03
8.082761574237469146e-03
8.082240505807110689e-03
8.083892355304081803e-03
8.080700493575235926e-03
8.080121004818995034e-03
8.082024942272324555e-03
8.082656697825436887e-03
8.083087809342852370e-03
8.084772195648648810e-03
8.080741314776757403e-03
8.082602982521145535e-03
8.082875469578570254e-03
8.082276415995468324e-03
8.086190883173149241e-03
8.083358013009848964e-03
8.081284342322418018e-03
8.085331207840214945e-03
8.082386441048470746e-03
8.083051401735890165e-03
8.082912966709297070e-03
8.079630114553371101e-03
8.082105007662942348e-03
8.082672284184832731e-03
8.081824759183307838e-03
8.082423767290807318e-03
8.083531732782832380e-03
8.081016095237729055e-03
8.082816450436311126e-03
8.080682481322386951e-03
8.078993425450682955e-03
8.082463263228244557e-03
8.083194045846541984e-03
8.080932141524608744e-03
8.082530041251142355e-03
8.084148922238071702e-03
8.086170492876684074e-03
8.083465110537332507e-03
8.082598238764405682e-03
8.082344023055326732e-03
8.081774419004681548e-03
8.085462250938325532e-03
8.082999874774473778e-03
8.083420093499164155e-03
8.080557462902634991e-03
8.081772604008668690e-03
8.082291373283541358e-03
8.083842790053844332e-03
8.081394051101205289e-03
8.080791889035441114e-03
8.080750288317015487e-03
8.081691125219754926e-03
8.082813890290248965e-03
8.084107667811327169e-03
8.084376760431680187e-03
8.079976759635914066e-03
8.082499370265816205e-03
8.081918468008368606e-03
8.081434318561070071e-03
8.083667497435068072e-03
8.083853047442499801e-03
8.080538798025737462e-03
8.080772288108311469e-03
8.083058804430894029e-03
8.081346034756530655e-03
8.082475037484136010e-03
8.082341822130086062e-03
8.082543261208602683e-03
8.083045488288044186e-03
8.080575477190550526e-03
8.083013842688391293e-03
8.082281785861714432e-03
8.082703314444258935e-03
8.084421032197136939e-03
8.086178363218175444e-03
8.082384134690421759e-03
8.082622337480617480e-03
8.079958899209286824e-03
8.086763730138210593e-03
8.082808523629525510e-03
8.083131861419090916e-03
8.080970315558030914e-03
8.080348138090488047e-03
8.083031502094552637e-03
8.081314229241168615e-03
8.083766927336935582e-03
8.084117913951390302e-03
8.082789118717103802e-03
8.081416826405405165e-03
8.082423183224407906e-03
8.082977557321546422e-03
8.082130304683059902e-03
8.081021195654788242e-03
8.079482598361054091e-03
8.080866090322940884e-03
8.084944650186821208e-03
8.084074947662368837e-03
8.083889628622747958e-03
8.083587440311743380e-03
8.081705212752114328e-03
8.081045793659844684e-03
8.081084202195307903e-03
8.081590920478578383e-03
8.083710024376201606e-03
8.081837664096100729e-03
8.082497789603935306e-03
8.084036979298162701e-03
8.084581362310159711e-03
8.083255410604501048e-03
8.082247961765844785e-03
8.081355011091884491e-03
8.082213547674127821e-03
8.084354527301570656e-03
8.083552941581429938e-03
8.084715881668201251e-03
8.078588770052057971e-03
8.082560995966889608e-03
8.083801814337016056e-03
8.084123820514609732e-03
8.082494053394173594e-03
8.080847437660363189e-03
8.080325256322892780e-03
8.082200086921703663e-03
8.082135589405148660e-03
8.082926390875086464e-03
8.085183894636376392e-03
8.080561617925807738e-03
8.081921818909560545e-03
8.085355982861532412e-03
8.084153969422400166e-03
8.083538723879271984e-03
8.083740859049930866e-03
8.080863845464457754e-03
8.081078018532576734e-03
8.081277433506018834e-03
8.082695790538026517e-03
8.087993827769028587e-03
8.082292084123835971e-03
8.083400408512528626e-03
8.083011443550341610e-03
8.084456961610194531e-03
8.081182638653110553e-03
8.081309352730447343e-03
8.081932751468026699e-03
8.082792014218397394e-03
8.083644337453671849e-03
8.079071786357926860e-03
8.083373779043100463e-03
8.083703627608740394e-03
8.081467050614216108e-03
8.084860404738521480e-03
8.083744212951653185e-03
8.081107214244235767e-03
8.080906005374489595e-03
8.079939790021157392e-03
8.081138981730516188e-03
8.081331240475709415e-03
8.083784361068940480e-03
8.081706640055572044e-03
8.083986824217482062e-03
8.081148866276064574e-03
8.083071105400154582e-03
8.082702588811092534e-03
8.084121711567171173e-03
8.082170158474380819e-03
8.081262693584128146e-03
8.085014732919721184e-03
8.084953768942611599e-03
8.082635453195178774e-03
8.081833012800123880e-03
8.084184530544427302e-03
8.082864936679153012e-03
8.085185986080654572e-03
8.082516233295632471e-03
8.081443114980975048e-03
8.082963407544115075e-03
8.081605713644267330e-03
8.083091304444208272e-03
8.083306150975858723e-03
8.083443550496390712e-03
8.082104424475799673e-03
8.081471298365562952e-03
8.084023818493305327e-03
8.086991236343179373e-03
8.079399229099034144e-03
8.083380818508874646e-03
8.085000541893006334e-03
8.079780155939398495e-03
8.084493089043437442e-03
8.082204307665824192e-03
8.082332557662467651e-03
8.082517017984396090e-03
8.086138906642068372e-03
8.082361331392408019e-03
8.080636654964208285e-03
8.084169495025122013e-03
8.083653648933278313e-03
8.080970456290123560e-03
8.081127739366792198e-03
8.082404876020876996e-03
8.081583500493205729e-03
8.081705005129988240e-03
8.081108714922190933e-03
8.083418461718313089e-03
8.080543529013070256e-03
8.083502526876408176e-03
8.082184589391484472e-03
8.081609392288793478e-03
8.082922508055031402e-03
8.083422792642841817e-03
8.085060494583077434e-03
8.083694114384226692e-03
8.083914302720932726e-03
8.081900037374797202e-03
8.082504351803685913e-03
8.083011200377698130e-03
8.083030843084934927e-03
8.083932355488317872e-03
8.084810387102590867e-03
8.081756599052063866e-03
8.081191425190474564e-03
8.082648702804709831e-03
8.082065046310572820e-03
8.083850441100942294e-03
8.080786188119946228e-03
8.081550277499526674e-03
8.082814221864425067e-03
8.079991155155940089e-03
8.084709453754322997e-03
8.080752060074641516e-03
8.082727637923227751e-03
8.080919164075425765e-03
8.083539522805341382e-03
8.082281512095466913e-03
8.083569848130979160e-03
8.083913072300340924e-03
8.083474922034277269e-03
8.082689419919008092e-03
8.085991495855832795e-03
8.082365649584522665e-03
8.083305544482291549e-03
8.080634695816348717e-03
8.081663108740998192e-03
8.083340124159881651e-03
8.083031596357202406e-03
8.080607527531501189e-03
8.083138155035101205e-03
8.081940672585810961e-03
8.079788358300239379e-03
8.080760183464139046e-03
8.083190603895095902e-03
8.083868340658589141e-03
8.082304980392338717e-03
8.080843127773996992e-03
8.082220655495752498e-03
8.082255365628905619e-03
8.082649178064628057e-03
8.083830156527452640e-03
8.082412237896123564e-03
8.080678093922197269e-03
8.082914618306274307e-03
8.085250261674309380e-03
8.082253810892886872e-03
8.081320307091006613e-03
8.083927446653727325e-03
8.082018311212173928e-03
8.084432228071355975e-03
8.084492301117700633e-03
8.081876213831716213e-03
8.084915501437767854e-03
8.083656753352392449e-03
8.081749916469359654e-03
8.085138578658831315e-03
8.082242743528714191e-03
8.082836798134844167e-03
8.084349740444717047e-03
8.084714163478869120e-03
8.083570096255335291e-03
8.084362053644588222e-03
8.081269430289498776e-03
8.081898107987940325e-03
8.082608231173236610e-03
8.081479309571265243e-03
8.083140640528608395e-03
8.084463983836748247e-03
8.083157404813544333e-03
8.079487617447736816e-03
8.081082588601297759e-03
8.081837632445054362e-03
8.081932053530079679e-03
8.086587289881310911e-03
8.083320912073161529e-03
8.082579059749092285e-03
8.083970737247850660e-03
8.083268388219220016e-03
8.085939889796415689e-03
8.082579919411405842e-03
8.080360211576112506e-03
8.081307556619038435e-03
8.080658936211362886e-03
8.082467535087648966e-03
8.082479530005940230e-03
8.084187679524941147e-03
8.082722994746013509e-03
8.084811833440511825e-03
8.083852307909106943e-03
8.082466161522723971e-03
8.085463804862698389e-03
8.082056216495277223e-03
8.082269163984523441e-03
8.082841476411684739e-03
8.084504908500829423e-03
8.082226104576529374e-03
8.082639312595233522e-03
8.083631311238573952e-03
8.084988989457956091e-03
8.082039100221052874e-03
8.082105020032133089e-03
8.082919299966845675e-03
8.081405560360811410e-03
8.082827902417884236e-03
8.081442438220225177e-03
8.083712661121402257e-03
8.085417758311350470e-03
8.083013157971066787e-03
8.079994211373698124e-03
8.083475931509331164e-03
8.082740232762803539e-03
8.084378400861900668e-03
8.082950134729659925e-03
8.080829527275885590e-03
8.080976914416365675e-03
8.083039420456865701e-03
8.082272703686818605e-03
8.083775165067386484e-03
8.082108722998618613e-03
8.081504099810480832e-03
8.082525053018065758e-03
8.083067410742789810e-03
8.083673826475009511e-03
8.082954365574362282e-03
8.080722718178570685e-03
8.083071990259853984e-03
8.081838291929720891e-03
8.086957268646832730e-03
8.081543887409935525e-03
8.082483158195539683e-03
8.082325928385012542e-03
8.082149894054362071e-03
8.084513187451307717e-03
8.085094294078687752e-03
8.082569724317104076e-03
8.084300934411212461e-03
8.083637956102165609e-03
8.084462592123479313e-03
8.082310818567932723e-03
8.082855607551880234e-03
8.082563613966942465e-03
8.084710895816121096e-03
8.082638410894637387e-03
8.082971167471846713e-03
8.084592909140377384e-03
8.083098685560695384e-03
8.084495101295456967e-03
8.083878695456294186e-03
8.079877523084864552e-03
8.081589896611155246e-03
8.081528306846903070e-03
8.085636448573912602e-03
8.086157632734857631e-03
8.080246785052308880e-03
8.081719895276697624e-03
8.083371752127923096e-03
8.082512736285324406e-03
8.080493264662785835e-03
8.084482172088448132e-03
8.081813968229972084e-03
8.081960062554613411e-03
8.084311226650991652e-03
8.082088254712418984e-03
8.080819962212304128e-03
8.081111147536654965e-03
8.083528908164414745e-03
8.084230862395732492e-03
8.082196773645510327e-03
8.084628838529360484e-03
8.079914788311912816e-03
8.083482977887961052e-03
8.085138761776763591e-03
8.080645239594152693e-03
8.084611166162601267e-03
8.081983660554171306e-03
8.080696108185125848e-03
8.080781473569938894e-03
8.083975011887028009e-03
8.082430709799869745e-03
8.083666801327462487e-03
8.080578112693526105e-03
8.083527798904912784e-03
8.084354503172672124e-03
8.084291096761845458e-03
8.083999604022042151e-03
8.081049102163482406e-03
8.083092621933421484e-03
8.085080067190685005e-03
8.082693348188453933e-03
8.083864733357924368e-03
8.083357961467583716e-03
8.080937078052668338e-03
8.082246891392395188e-03
8.080047793543931878e-03
8.082781512402527346e-03
8.082602891327363842e-03
8.080767906642038340e-03
8.083413456359921437e-03
8.085040118981076662e-03
8.081112127091115080e-03
8.080740001213622403e-03
8.083386350031489601e-03
8.082130835484483550e-03
8.081765534075250473e-03
8.083022551390003571e-03
8.083882428625224423e-03
8.081921915536969744e-03
8.081204104531537757e-03
8.081929502214816458e-03
8.084342022937528183e-03
8.083822367646735160e-03
8.084053860224727286e-03
8.082146739002401062e-03
8.082398855830065856e-03
8.084013414008698120e-03
8.081747693077470651e-03
8.081405620336514634e-03
8.082090702370585411e-03
8.086050721178733927e-03
8.083228739186463369e-03
8.082047404792279746e-03
8.088560182186768990e-03
8.083587301564196942e-03
8.083544037104683708e-03
8.085193349240767449e-03
8.083966560964673739e-03
8.084413689511479525e-03
8.083512544002231445e-03
8.081843997396573331e-03
8.082180436321400457e-03
8.080769956224597567e-03
8.084302558162725916e-03
8.082971308354180290e-03
8.082714387031123687e-03
8.083922302470377200e-03
8.082341537624160299e-03
8.085732493863300938e-03
8.081692095230873230e-03
8.081011543656356835e-03
8.082503128592287422e-03
8.080699077798649682e-03
8.081726656428865271e-03
8.084281860901706279e-03
8.081738461974328352e-03
8.082224940075708949e-03
8.081707272487831384e-03
8.084856519587440421e-03
8.081367474163169556e-03
8.080898848688984962e-03
8.081043296275786450e-03
8.081782740299352230e-03
8.084614448003778556e-03
8.082093725700534650e-03
8.082104574191615806e-03
8.082495040738664482e-03
8.083864873720203459e-03
8.083131048014420908e-03
8.080949640870940115e-03
8.081466943227703231e-03
8.080338788206711115e-03
8.084557060695185884e-03
8.082179234118202354e-03
8.084930199120975505e-03
8.082820445300994971e-03
8.084628190607416956e-03
8.083744888267590037e-03
8.080933247681389500e-03
8.081461941038927191e-03
8.084168416046873251e-03
8.086784144408828284e-03
8.081368977833068221e-03
8.080409827070074089e-03
8.083615548000399123e-03
8.083413139498823313e-03
8.083455246176584133e-03
8.081573904313799073e-03
8.082319354618075491e-03
8.084156481502628028e-03
8.084958909935609228e-03
8.083400092776730009e-03
8.082754008610975802e-03
8.081287336765349480e-03
8.084955875350336926e-03
8.085424252327217190e-03
8.083380994830940969e-03
8.083142268788104379e-03
8.081486173771428375e-03
8.081778907004299323e-03
8.084362565680408216e-03
8.082759778815947621e-03
8.081604438935522522e-03
8.085144973777361535e-03
8.082519277657103721e-03
8.083887973624864429e-03
8.083110091625371474e-03
8.083290613470673486e-03
8.081657771843969718e-03
8.082507408667600687e-03
8.081180640129657922e-03
8.080957636850233730e-03
8.082856305313825679e-03
8.082391081072840683e-03
8.082868574549002122e-03
8.081537517282775390e-03
8.083432853207197372e-03
8.079129655173239444e-03
8.086025201175267574e-03
8.082320790291828982e-03
8.082056672077344087e-03
8.083654822751144137e-03
8.083228255113771715e-03
8.083623454891972898e-03
8.085254322252386286e-03
8.081192005930458444e-03
8.082379517896939522e-03
8.081857559649465242e-03
8.082389782394963640e-03
8.085108579335177625e-03
8.080409963329296744e-03
8.082289064856154615e-03
8.084908044166644325e-03
8.080658210115557877e-03
8.084515429210015203e-03
8.080552196042570592e-03
8.082626442016828394e-03
8.085638055135345101e-03
8.081446525925116767e-03
8.083950036246420265e-03
8.080372524857597216e-03
8.083953541371239129e-03
8.083351712071751294e-03
8.081176039268188338e-03
8.082530289485145153e-03
8.084049704712497827e-03
8.082365096855228040e-03
8.084764406188965635e-03
8.082283265001460881e-03
8.083332194218740413e-03
8.082967803156287934e-03
8.081266508098677859e-03
8.084334296168149345e-03
8.080454890062227849e-03
8.081333172396919229e-03
8.082824715089639150e-03
8.080615497261831731e-03
8.085227584675312024e-03
8.080608004166840025e-03
8.084108443202137756e-03
8.080303660754356229e-03
8.082074936656229863e-03
8.083012850605237817e-03
8.081562423781206775e-03
8.082515991542426476e-03
8.084491411658402751e-03
8.080520090071445852e-03
8.084511960861261171e-03
8.084263382266778514e-03
8.077821933336360241e-03
8.081568218840469095e-03
8.082874044796265964e-03
8.081807945143140715e-03
8.081794966678261527e-03
8.084045220054356454e-03
8.083629666716199771e-03
8.084541992651567491e-03
8.083661407890602169e-03
8.082757031806884693e-03
8.082123317983750527e-03
8.083920284082736149e-03
8.081649065459436260e-03
8.082835215095405049e-03
8.084183525189126557e-03
8.084311909343614572e-03
8.082305184120428670e-03
8.082032915030177775e-03
8.082677630185648374e-03
8.079680751862794788e-03
8.082962467975280882e-03
8.083595931531859305e-03
8.082803618678432653e-03
8.083015628749955564e-03
8.080044183871168059e-03
8.084124922064814950e-03
8.081505476246387057e-03
8.081443355502572479e-03
8.084511464772932768e-03
8.082899786535237274e-03
8.083175124427128058e-03
8.079367378259068658e-03
8.080965706112904975e-03
8.081809413693810673e-03
8.082893447740409701e-03
8.079279786538180047e-03
8.082519897875308640e-03
8.082080682283851111e-03
8.082715259151896856e-03
8.081378866430006039e-03
8.082767128938848564e-03
8.082388212673421654e-03
8.085850096708918980e-03
8.081069323002031124e-03
8.084301293640717978e-03
8.085132340586949351e-03
8.081247393925308775e-03
8.082521304006089896e-03
8.085079742438043560e-03
8.083523354532750824e-03
8.083235852670359045e-03
8.080272620744862952e-03
8.082593264853230389e-03
8.081911595076091484e-03
8.082164346502759833e-03
8.082108087190771270e-03
8.082633173692330142e-03
8.081670165107262063e-03
8.081596559877795086e-03
8.084280651295178491e-03
8.083727004044484118e-03
8.082023117589834382e-03
8.080286203591142968e-03
8.082247984165976881e-03
8.082351905226943523e-03
8.083293090068499609e-03
8.081521943819952244e-03
8.081279320403061961e-03
8.081842377231938934e-03
8.080643374439498705e-03
8.079690118957004452e-03
8.081103160866119975e-03
8.082480469231830000e-03
8.082787734194308779e-03
8.081482596946463690e-03
8.083093721808676593e-03
8.083712797654123150e-03
8.083484257754220900e-03
8.079831628274993655e-03
8.081687417649134619e-03
8.086159707632621652e-03
8.079396617091207100e-03
8.081928400920960001e-03
8.080072215205388875e-03
8.083760967049892152e-03
8.083797222956223133e-03
8.084887088923650364e-03
8.082567197566996320e-03
8.082260635164836490e-03
8.082220720285783477e-03
8.083895905227012069e-03
8.080362899805666396e-03
8.082529183140813034e-03
8.082531769065450650e-03
8.081693716304020475e-03
8.084634518185616209e-03
8.081636719697062043e-03
8.083752475809499044e-03
8.081801192063966729e-03
8.082738709286947654e-03
8.083138967344105988e-03
8.084443377977425585e-03
8.082384060327341829e-03
8.081320947214608308e-03
8.082127133492182300e-03
8.081561827711804605e-03
8.084174474688230957e-03
8.082162621970690602e-03
8.082601852592297131e-03
8.081183236301470174e-03
8.082736569835690874e-03
8.080945338690682239e-03
8.084893926606943199e-03
8.080474533103178605e-03
8.082637779328678135e-03
8.081117173269640463e-03
8.081416889229508724e-03
8.085200905223239101e-03
8.082861710269881317e-03
8.081513196611975203e-03
8.081488131206900766e-03
8.082742646466894304e-03
8.082803480534925603e-03
8.082298835359024922e-03
8.084379106777551255e-03
8.084525549780225209e-03
8.082281387089100544e-03
8.084330840769213614e-03
8.083661638850282369e-03
8.081948542143913353e-03
8.081851375323599596e-03
8.081638128362461648e-03
8.082700302921852487e-03
8.082442462268177308e-03
8.082422880957533182e-03
8.082375340913662901e-03
8.083078746800352946e-03
8.082012223835107964e-03
8.083644264289849626e-03
8.079968749472579356e-03
8.085011428501483882e-03
8.081816285280277179e-03
8.084217911736786208e-03
8.082861094895537821e-03
8.084016808421719616e-03
8.081074474089329149e-03
8.080366362926310816e-03
8.081072926296218456e-03
8.081910874565402178e-03
8.082578051725382642e-03
8.080449747905782409e-03
8.084016652932591099e-03
8.083806686167951255e-03
8.082267983690842941e-03
8.082473516778498207e-03
8.083590902504022777e-03
8.083171284011069976e-03
8.081178686212402498e-03
8.083110861328872063e-03
8.079937979134152806e-03
8.081263258330324134e-03
8.080831242414791490e-03
8.081537465194845934e-03
8.079684890734111641e-03
8.081193085717745805e-03
8.085818169326344437e-03
8.083352092031693276e-03
8.080713945926396025e-03
8.086574523580289386e-03
8.081485020430720714e-03
8.082316755014947243e-03
8.082908006656569153e-03
8.083404093860883238e-03
8.083931142442707732e-03
8.080358947413459475e-03
8.082094208061215562e-03
8.082126633591809467e-03
8.082256937662412460e-03
8.082235041945521822e-03
8.082273643563512439e-03
8.085793398726778131e-03
8.083434277347107538e-03
8.082480778164044879e-03
8.083794967774374576e-03
8.081846138729704976e-03
8.080342129641310614e-03
8.080706689157069952e-03
8.083371730688031567e-03
8.081197430856066136e-03
8.084236894703073634e-03
8.083867234258267087e-03
8.082794955161117650e-03
8.083806406852002413e-03
8.081955869907338913e-03
8.082116036564690811e-03
8.083810449774174803e-03
8.082547248657156319e-03
8.082101207578599664e-03
8.082042097679903447e-03
8.083504817916718765e-03
8.085176821692140886e-03
8.085312512449288613e-03
8.080545017916674830e-03
8.081922051090447909e-03
8.082966830145385181e-03
8.080432284084775041e-03
8.083399884754077086e-03
8.083224301553127919e-03
8.082642344113429717e-03
8.082846666365484795e-03
8.082202844513528689e-03
8.082770629023341633e-03
8.081544559855779325e-03
8.082618868387092884e-03
8.081768008871146464e-03
8.082158599247222033e-03
8.082605528704074963e-03
8.082465677280237584e-03
8.082078470107084689e-03
8.084162026129628614e-03
8.086384086073478486e-03
8.081456315779726035e-03
8.080966871819843939e-03
8.081774946654783978e-03
8.083370512498007018e-03
8.082112933809820071e-03
8.079359561497323830e-03
8.084971313394915746e-03
8.084835025942271186e-03
8.081755186999163912e-03
8.083490477953989353e-03
8.082344615831515977e-03
8.081567484064182405e-03
8.086650130135592321e-03
8.082432932703331740e-03
8.081515707338064042e-03
8.082386391763783304e-03
8.082180443898648314e-03
8.082657850801085869e-03
8.081179651068061409e-03
8.084186355384988948e-03
8.083762315464359041e-03
8.080559821245125035e-03
8.081531924371793824e-03
8.082189611004654897e-03
8.081620760520701399e-03
8.082702132060519407e-03
8.081410607208938321e-03
8.082478840226281491e-03
8.080914988208207778e-03
8.085517385062161375e-03
8.079808018051146470e-03
8.082138018872669916e-03
8.080292718202437829e-03
8.084826275677288107e-03
8.084859778342442377e-03
8.083133783714465878e-03
8.083209935514604205e-03
8.081349962396002992e-03
8.083563692270468587e-03
8.082154955175526595e-03
8.082852737251750713e-03
8.084512397838389264e-03
8.082859902871782076e-03
8.082326456894099731e-03
8.081340823912156607e-03
8.084075491296197763e-03
8.083089500184947179e-03
8.083740268868001497e-03
8.080915334395397803e-03
8.084372981080292786e-03
8.082337100340401120e-03
8.083265269973043121e-03
8.086800539946445085e-03
8.084072554482122849e-03
8.081966520247358537e-03
8.082674270163799080e-03
8.082183046556168371e-03
8.085438018251893399e-03
8.082187144043240234e-03
8.082316053607143877e-03
8.082192857968432606e-03
8.084264747264256409e-03
8.084168815141278344e-03
8.082106609573669678e-03
8.081029649573218121e-03
8.082339582404618472e-03
8.082221004198211767e-03
8.085439549130588044e-03
8.083349898578368053e-03
8.080761456222914155e-03
8.082599872751689701e-03
8.083836622589761489e-03
8.081534459011789975e-03
8.083372708127416206e-03
8.082317782907444056e-03
8.083747619815069563e-03
8.083312166393526177e-03
8.082159103807566927e-03
8.083123359593545262e-03
8.082426653766737121e-03
8.080571504047570977e-03
8.082225007631869268e-03
8.084092515330149400e-03
8.084005515926544552e-03
8.082508384759420905e-03
8.083063642632452167e-03
8.083967686224010837e-03
8.081426160985482818e-03
8.082417568524321097e-03
8.085301030943721143e-03
8.081927122829573804e-03
8.083912212542950643e-03
8.081904883382321284e-03
8.084299308786306940e-03
8.083752400402181501e-03
8.082415986083849035e-03
8.083505528316386676e-03
8.083196959112696339e-03
8.082116233549431830e-03
8.081998327421846540e-03
8.084472415727650754e-03
8.083670241925168531e-03
8.080794034514485538e-03
8.082276068477202424e-03
8.081834471742483164e-03
8.084257285313934879e-03
8.082486188422874362e-03
8.079167825056259369e-03
8.082064396340456897e-03
8.083223907161063773e-03
8.081794113623259890e-03
8.081867207169832895e-03
8.082554495487233315e-03
8.082118888207779142e-03
8.081281363711709242e-03
8.081415392345915952e-03
8.084117154606870748e-03
8.082077517567197444e-03
8.082658366642550898e-03
8.078790114143682977e-03
8.082205007538713001e-03
8.084655160097122678e-03
8.080616406853362299e-03
8.082003965829906433e-03
8.082860110822275707e-03
8.080723837200813608e-03
8.081684718267846679e-03
8.081739392264818828e-03
8.080761078380222992e-03
8.083705051460296151e-03
8.082421309956214564e-03
8.081428095994044186e-03
8.085286905497424126e-03
8.083618124459603094e-03
8.082565637638478365e-03
8.084991838197911826e-03
8.084869038373868055e-03
8.082250349040866547e-03
8.082812590900181199e-03
8.083208780647650402e-03
8.083451620317556180e-03
8.081772074585996321e-03
8.083106638046441694e-03
8.083644447366663752e-03
8.084130030292581079e-03
8.086011190618427880e-03
8.080889037482330561e-03
8.083096612488415572e-03
8.084682144765814940e-03
8.082813401169404444e-03
8.081527114496642877e-03
8.081749087301737938e-03
8.081670933788812766e-03
8.081943410235842978e-03
8.085804756640420712e-03
8.080606519920523895e-03
8.083723562259330364e-03
8.084020868180375602e-03
8.080348784467087861e-03
8.080794099180485524e-03
8.081347990819198399e-03
8.079740331786471746e-03
8.086137893327438250e-03
8.082286213964428798e-03
8.081927771599954971e-03
8.080196236981104438e-03
8.084012590354459557e-03
8.082754798120993928e-03
8.080071045920416209e-03
8.079642248251091285e-03
8.082224232328008226e-03
8.079586059710746476e-03
8.081401439012163637e-03
8.081756704179128906e-03
8.081262560951178384e-03
8.080480950727575787e-03
8.083524594856996912e-03
8.081728921426950193e-03
8.082914834513926783e-03
8.084756911206568766e-03
8.083073396842421418e-03
8.085621547222379690e-03
8.086741215657696283e-03
8.082178728276361718e-03
8.082168590386814774e-03
8.082467514195463415e-03
8.082729351298084675e-03
8.082199181596916304e-03
8.082499741277768268e-03
8.085249425395997155e-03
8.081801039394341524e-03
8.081505995463401926e-03
8.085042864877704794e-03
8.082873346455948099e-03
8.084002491425757581e-03
8.086901964396722708e-03
8.082997794070205175e-03
8.080127585935091561e-03
8.082163702574640674e-03
8.083500736644474993e-03
8.083192311691734383e-03
8.083104480661882502e-03
8.081333264756747348e-03
8.083554637486643074e-03
8.082064328097573330e-03
8.086497387326495312e-03
8.081012860769992007e-03
8.082280464873504988e-03
8.084134570108402959e-03
8.085708134922143381e-03
8.084001649409795418e-03
8.080282765956585747e-03
8.080463775350562802e-03
8.082994382822150312e-03
8.081012704233732358e-03
8.081596566311905275e-03
8.083137504993356814e-03
8.082809359246410225e-03
8.081956567733770969e-03
8.082874366679199465e-03
8.082614148139280474e-03
8.081330268428853214e-03
8.083543790557104480e-03
8.085538364557345870e-03
8.082201742593903698e-03
8.082532670033629185e-03
8.082334744034254392e-03
8.082629891349097859e-03
8.083349871977342851e-03
8.081835356256601363e-03
8.082873673219319668e-03
8.082831520509189960e-03
8.081966858506239512e-03
8.080596709324433177e-03
8.080844561213587976e-03
8.081465303922985219e-03
8.083464268253735471e-03
8.084238374615649800e-03
8.082216535266025653e-03
8.082355895147833730e-03
8.082017426569594251e-03
8.079560191189308696e-03
8.081359302490546265e-03
8.085121599050225025e-03
8.081943112957153466e-03
8.083635980953376293e-03
8.079831249830100176e-03
8.080905779137814368e-03
8.081949866373146565e-03
8.081647359522750942e-03
8.082741654944896117e-03
8.086737017287112805e-03
8.085029745213108757e-03
8.081911859165687162e-03
8.080492296724327284e-03
8.083845100898301092e-03
8.083058780526806986e-03
8.080960498434520967e-03
8.086276774783032750e-03
8.083032395211367516e-03
8.083902795443452874e-03
8.082210267259370279e-03
8.084316443977690794e-03
8.082193340272573676e-03
8.082233115636822465e-03
8.080638082030256950e-03
8.079842679407660613e-03
8.086557704885248554e-03
8.081443372218128501e-03
8.084538855824087433e-03
8.080811527045402357e-03
8.083097941969432168e-03
8.082818415886386387e-03
8.084413203431121270e-03
8.081214205045858523e-03
8.084524028182563105e-03
8.080061202477237595e-03
8.084150142420165955e-03
8.084132733891899458e-03
8.085619475393174965e-03
8.086301928329212713e-03
8.082095488782543163e-03
8.079680884544138131e-03
8.085012888165475989e-03
8.082682342145043955e-03
8.084577515717670734e-03
8.082984304301500320e-03
8.080690102053677756e-03
8.083393635724097845e-03
8.083576726478759397e-03
8.085859605734223993e-03
8.081763625613804305e-03
8.082477980322357383e-03
8.083693960585556712e-03
8.082158512722018365e-03
8.083828319210889859e-03
8.083648603492041632e-03
8.080351597124769275e-03
8.082816494227330548e-03
8.081020742662158723e-03
8.082838076266165434e-03
8.083141454516613866e-03
8.082267285884740110e-03
8.085213674858053937e-03
8.080539849108722000e-03
8.079980872923653995e-03
8.084269432561280028e-03
8.082155203563845189e-03
8.082694057020129580e-03
8.082713188660786696e-03
8.082998248889165446e-03
8.080451339360819607e-03
8.081195238635973180e-03
8.080223034321395645e-03
8.080980740491596620e-03
8.081249644428214335e-03
8.082370401635041376e-03
8.080320650147373648e-03
8.082143436520252203e-03
8.083105017363364370e-03
8.082487117652430511e-03
8.083345105298213318e-03
8.082355406450629498e-03
8.081824593309873059e-03
8.080726829704489023e-03
8.081791357435523515e-03
8.081439713714949277e-03
8.082016494829829048e-03
8.081140907612275812e-03
8.084205272415065022e-03
8.083346831843559246e-03
8.081057360778845164e-03
8.083729412258220184e-03
8.080334875009720710e-03
8.081110457174404960e-03
8.082219105340416807e-03
8.085275629077083234e-03
8.079705004153475700e-03
8.083230922116314138e-03
8.080004695172508106e-03
8.083894498034399634e-03
8.079743069874892672e-03
8.082831866163859777e-03
8.080458444712156421e-03
8.080358150105717077e-03
8.082365223090630379e-03
8.083116400448269595e-03
8.084623470613300916e-03
8.081623740906877101e-03
8.079313515269954601e-03
8.081192078943002371e-03
8.083536186554524106e-03
8.082435920519125128e-03
8.080803014851584490e-03
8.082486568654356079e-03
8.079615440294903028e-03
8.084607141732688684e-03
8.083051191279982256e-03
8.081049531195708818e-03
8.080493714143856254e-03
8.082843085430892541e-03
8.083956167942586701e-03
8.082194068973988857e-03
8.081256779006605953e-03
8.084122972238575247e-03
8.081426209572094982e-03
8.081612617431684076e-03
8.081477610490193225e-03
8.084114019809686760e-03
8.083410824702439226e-03
8.079981667697955922e-03
8.081475377096487139e-03
8.085258855848487247e-03
8.083654298726062129e-03
8.082758958884227879e-03
8.081178186413439865e-03
8.080950400177923723e-03
8.084990900781208537e-03
8.083288270635709261e-03
8.082612236773535977e-03
8.084678633165807635e-03
8.083279869138823917e-03
8.082823553083337206e-03
8.081759716921241982e-03
8.082863330414476188e-03
8.082816947509481945e-03
8.082007484177174475e-03
8.083831389401038847e-03
8.084779783525350774e-03
8.083857763169220376e-03
8.083470468938374828e-03
8.082114561130877492e-03
8.082351182527638608e-03
8.084624225574016387e-03
8.083240296373438161e-03
8.083486197624532160e-03
8.080405587922608740e-03
8.083284521798435665e-03
8.081890730577551141e-03
8.082278424929738997e-03
8.083637279792537517e-03
8.081222672375069568e-03
8.085536990275530786e-03
8.083440591101444597e-03
8.085744889010516856e-03
8.085685576817037284e-03
8.082433608159559149e-03
8.080799491958135308e-03
8.082181858897750579e-03
8.081615340983040741e-03
8.084443768092948804e-03
8.079675196847633384e-03
8.081073740022471502e-03
8.082593473772950454e-03
8.081536624941910996e-03
8.082268550459596398e-03
8.083808964566400329e-03
8.082498763057239383e-03
8.080496275938200620e-03
8.081475180797926400e-03
8.083307287640334807e-03
8.084807815641571055e-03
8.082574681594238003e-03
8.081613898858072687e-03
8.081292282497921226e-03
8.082248866077997723e-03
8.080688206999574533e-03
8.083565020352640601e-03
8.085701876074772448e-03
8.082243422408839917e-03
8.083958023416954602e-03
8.084658139267217325e-03
8.083080823068959642e-03
8.080699570936341822e-03
8.081192975125148226e-03
8.081521860882160194e-03
8.083027367490806456e-03
8.084404043301886278e-03
8.086105417659347760e-03
8.081101571280727841e-03
8.084692146414499542e-03
8.079766747889776529e-03
8.085362259505683019e-03
8.082727734673887318e-03
8.080501740756673365e-03
8.081913867005933658e-03
8.081152376100537299e-03
8.082803771339018215e-03
8.084429264460957221e-03
8.081839394990525047e-03
8.082651214733707970e-03
8.083016536926741075e-03
8.082253979947428071e-03
8.081396860701079224e-03
8.082097118169402974e-03
8.081177535323134931e-03
8.082687343208968048e-03
8.083357791934395881e-03
8.082513507293163577e-03
8.082505852676526853e-03
8.080565704545362646e-03
8.082506431904914329e-03
8.081789750597954264e-03
8.084546617219041248e-03
8.085666888047109840e-03
8.080734217469087016e-03
8.083109203315272384e-03
8.082808407903815245e-03
8.083601214646509922e-03
8.082262273639615954e-03
8.084311103246588637e-03
8.079779182262925713e-03
8.085382120483599125e-03
8.082356213888300042e-03
8.083741573651674964e-03
8.081712511018737319e-03
8.082532022124539958e-03
8.081719108035300553e-03
8.083216459489917308e-03
8.081587180699864245e-03
8.082990609441547541e-03
8.084395372907875882e-03
8.082061134262037011e-03
8.078816627165693459e-03
8.081886027110450968e-03
8.082407446284814445e-03
8.086829052755482514e-03
8.083895332436511275e-03
8.081049783680276793e-03
8.083031587400446930e-03
8.082132373829372524e-03
8.082910341555718178e-03
8.081744373875057730e-03
8.081572372181830902e-03
8.081634520489551499e-03
8.082493622026405700e-03
8.083259068442543924e-03
8.081929343365658672e-03
8.082810072477740124e-03
8.082051670987171893e-03
8.081898264216826056e-03
8.081746338118587711e-03
8.081651672067147185e-03
8.082866248615113922e-03
8.082449030080832153e-03
8.082763941925157417e-03
8.082106624690686691e-03
8.082750395711345293e-03
8.083975365573802321e-03
8.082986541065297070e-03
8.084348642972477225e-03
8.081791112727455470e-03
8.082674270856508858e-03
8.083980845074613744e-03
8.080749989185589260e-03
8.081658940904474370e-03
8.080569038188750025e-03
8.081769091215171633e-03
8.081186631896048259e-03
8.086186436886197773e-03
8.084706346523121492e-03
8.082109385299511561e-03
8.080591034619671528e-03
8.082883401543821539e-03
8.084492312253360735e-03
8.085192628789539260e-03
8.083500488934636241e-03
8.081551619671232048e-03
8.082553847113716980e-03
8.082757927918845370e-03
8.086856862663374668e-03
8.081713633728565202e-03
8.081380284046332449e-03
8.079641889793988743e-03
8.084495350486331500e-03
8.082077659216514720e-03
8.086511307896102063e-03
8.083752714320139102e-03
8.081594085834633776e-03
8.080726562863127516e-03
8.084955998715975811e-03
8.083912403211865327e-03
8.083299094748029254e-03
8.082351432476608116e-03
8.082491254820219420e-03
8.082230039613771608e-03
8.082914958740299027e-03
8.082737339373514962e-03
8.081189632110061249e-03
8.083265758284845573e-03
8.081638638070995709e-03
8.083290497724642670e-03
8.085073102178121779e-03
8.081254008051465265e-03
8.082442909131308875e-03
8.082503905552148454e-03
8.081596531280845624e-03
8.082321076047217084e-03
8.082993455520375015e-03
8.083582674967892956e-03
8.081190184400151647e-03
8.082919734669673228e-03
8.080571364365332979e-03
8.084063452312006265e-03
8.081779537721158271e-03
8.083152204858133627e-03
8.081172406698254249e-03
8.083037789383436603e-03
8.083111498745484610e-03
8.083624395343155106e-03
8.083376379050329075e-03
8.084805361928284681e-03
8.082302554232284608e-03
8.085583235332108321e-03
8.083533004147656562e-03
8.084501753023781365e-03
8.082939775948946512e-03
8.083877985804423932e-03
8.083387550047269055e-03
8.082229013404055445e-03
8.085130197856718257e-03
8.083680849978455013e-03
8.080052442796189366e-03
8.082719641264460297e-03
8.083806096327333934e-03
8.081531494821605002e-03
8.081417863836124621e-03
8.082501611203822545e-03
8.080295742844877116e-03
8.082629652848231233e-03
8.083970173879019908e-03
8.078145137764898565e-03
8.083704252144146424e-03
8.079825850342572946e-03
8.082908031298076737e-03
8.083304968781433036e-03
8.084008587419026781e-03
8.085308832348859359e-03
8.080217783598487094e-03
8.080675369702463792e-03
8.084041217811824276e-03
8.082185308355888109e-03
8.082837946854298794e-03
8.085077047134847650e-03
8.080698277809751640e-03
8.083028677904151998e-03
8.079776207117268100e-03
8.084553222532788602e-03
8.080385857296564292e-03
8.083574683081864998e-03
8.081791208870345994e-03
8.080931967274421548e-03
8.082584613957749520e-03
8.081988025031841202e-03
8.084769472893278686e-03
8.083119233025267206e-03
8.084267697089914453e-03
8.082274412959958299e-03
8.082989871651168404e-03
8.084630004906011996e-03
8.082835608707232208e-03
8.080870206789613625e-03
8.083559738932101849e-03
8.084078619009320982e-03
8.083589623305742489e-03
8.084475781015405815e-03
8.082990892470038810e-03
8.082306925288072763e-03
8.084574306040603203e-03
8.082719640739512157e-03
8.079585385406994752e-03
8.082060672301672952e-03
8.083185207688411283e-03
8.083945622705228026e-03
8.084215195520575922e-03
8.083007387362685023e-03
8.083110923741046450e-03
8.082243849266012789e-03
8.082634012737149876e-03
8.084390814624149713e-03
8.084803122045234811e-03
8.084707583051811697e-03
8.082907543696662631e-03
8.080288091652204630e-03
8.081075887659732240e-03
8.079888007027975771e-03
8.083209510305472412e-03
8.082870104503557529e-03
8.082054297286610234e-03
8.084334040750752043e-03
8.082161713986121127e-03
8.082164917857568784e-03
8.083207872019144632e-03
8.082478292412551349e-03
8.084958391506864850e-03
8.082143268423727656e-03
8.079891869324907702e-03
8.083863510755410348e-03
8.083524289212285982e-03
8.084673893775973924e-03
8.083292599236647016e-03
8.083294560523444916e-03
8.081512375424638323e-03
8.083775492149843089e-03
8.083853984935423370e-03
8.082779802662785201e-03
8.086152948080672226e-03
8.082293656274702059e-03
8.080112626437287865e-03
8.079731260662593659e-03
8.083315658161529388e-03
8.083631230840661666e-03
8.082643287406529597e-03
8.080981692134807035e-03
8.084012373081735439e-03
8.080649579078847886e-03
8.083259313815985975e-03
8.082909236608190606e-03
8.082367802409130483e-03
8.080795388610520491e-03
8.084200346647871585e-03
8.083533829858165209e-03
8.083293716397852574e-03
8.082658945495585848e-03
8.082142806943857713e-03
8.084548656107706788e-03
8.081023487084709050e-03
8.083494641850109616e-03
8.082529737522794328e-03
8.083335786972836376e-03
8.083157478318149514e-03
8.082225601045437552e-03
8.084561662727801981e-03
8.083079391262728772e-03
8.081774407497601537e-03
8.082165728749398162e-03
8.085747571042209078e-03
8.083474591368723303e-03
8.082710458316997096e-03
8.083080610845639127e-03
8.083200645183632668e-03
8.084121598459699867e-03
8.083431061228019479e-03
8.080449812651191097e-03
8.081432018339421500e-03
8.081638104291435226e-03
8.082825815086425517e-03
8.080434266257844819e-03
8.087356746243400812e-03
8.083464500957844925e-03
8.083977296637911286e-03
8.082803930479857610e-03
8.083911695350196741e-03
8.083675267496884254e-03
8.079861343672969237e-03
8.082380919413484702e-03
8.083357711556500569e-03
8.083541046372719543e-03
8.082487881284102296e-03
8.082755835539986652e-03
8.081770206903779105e-03
8.081215020443264369e-03
8.079345939325553033e-03
8.082399537566240313e-03
8.082694535040483783e-03
8.082513197914734451e-03
8.085122825071316965e-03
8.081557781053721329e-03
8.080621505001184604e-03
8.080905892078221395e-03
8.082968910073044105e-03
8.084406493107969965e-03
8.082417464260980081e-03
8.084884597489457730e-03
8.080961192288281872e-03
8.081090339705455580e-03
8.083007325194371123e-03
8.082590685793693275e-03
8.080424401938979609e-03
8.080775218744822713e-03
8.085470589572534006e-03
8.082229688219647740e-03
8.084551154085928629e-03
8.081061738982198844e-03
8.082618206621018653e-03
8.084778234534828120e-03
8.081638064578509570e-03
8.081986406548374163e-03
8.081495857218628717e-03
8.083631076069497032e-03
8.080119490130613369e-03
8.083720230050881958e-03
8.081803522863603359e-03
8.084451451703019917e-03
8.079583258698818868e-03
8.081474874250075061e-03
8.081913955497139340e-03
8.082715978381229197e-03
8.082133144178021977e-03
8.082474955391178578e-03
8.080767018400396642e-03
8.081778944092151210e-03
8.082691133781249454e-03
8.083017185824938403e-03
8.084432424553839036e-03
8.081173124901690208e-03
8.081840360423055841e-03
8.083101365571131180e-03
8.083142942826132896e-03
8.083485635540007402e-03
8.083310470213281307e-03
8.081236899508861815e-03
8.083581120269325154e-03
8.085766135618871475e-03
8.083974890789951198e-03
8.079970873109142832e-03
8.083272867815342877e-03
8.081846544433016200e-03
8.082000003193956159e-03
8.082492176306868559e-03
8.081058188263231731e-03
8.082144384048734961e-03
8.079784884968741962e-03
8.082795029415827670e-03
8.083113217726235755e-03
8.083946760766494780e-03
8.081944384933882272e-03
8.081391406006938408e-03
8.084023075794951121e-03
8.082876836323100306e-03
8.083356993234237786e-03
8.082194450795511173e-03
8.082787223359715403e-03
8.082720159000664900e-03
8.082672216109625801e-03
8.082491405875547388e-03
8.085827748339772386e-03
8.082820550020039171e-03
8.080443615875331290e-03
8.079065277603422746e-03
8.079953074255307593e-03
8.083763283954300063e-03
8.081573814494069294e-03
8.080620313276734579e-03
8.081060891270839402e-03
8.079817476738556173e-03
8.082876557188799563e-03
8.083173517684477671e-03
8.083735061272632680e-03
8.082783237538408716e-03
8.084934658512803532e-03
8.080190124467758264e-03
8.081722663816019031e-03
8.081063375721991154e-03
8.084384348469315917e-03
8.081937672137806325e-03
8.081556158684026145e-03
8.081920562076117670e-03
8.082513322344038117e-03
8.082718599646080207e-03
8.082563709939316610e-03
8.083861405031072395e-03
8.082083562840864516e-03
8.081763887558233994e-03
8.082836912037465876e-03
8.081547394168787576e-03
8.078986949031780052e-03
8.080312440335064503e-03
8.083751403194634061e-03
8.082688294350826030e-03
8.082495761832585168e-03
8.080620145404454266e-03
8.083692808924852410e-03
8.083039224656626831e-03
8.082790639329085619e-03
8.084400269623644858e-03
8.080911387392248138e-03
8.082924811185571851e-03
8.081739284805215112e-03
8.083270292593539713e-03
8.086364557080389162e-03
8.081223651335529140e-03
8.083472084926702356e-03
8.082040617381248959e-03
8.083267992474506974e-03
8.081445876148110261e-03
8.082994055763851465e-03
8.082551418585900635e-03
8.083366393593433702e-03
8.081087645160918431e-03
8.082314675116853211e-03
8.084788144365815180e-03
8.084238388526605520e-03
8.081909049660411168e-03
8.085059840014825402e-03
8.081655465012330813e-03
8.082604194486139176e-03
8.084516846443316404e-03
8.080400498686773902e-03
8.083683843542863526e-03
8.084965389791278628e-03
8.084219970816562684e-03
8.083025825227152864e-03
8.081251093490292997e-03
8.083659824957985587e-03
8.082153694211677633e-03
8.084105441992544411e-03
8.079623326753221021e-03
8.083736914817233471e-03
8.084861729211533649e-03
8.083525656094046538e-03
8.085052371454425069e-03
8.085795768750762488e-03
8.081311904392981388e-03
8.083109196267108248e-03
8.084484566122285623e-03
8.083039953933206928e-03
8.085621351278752048e-03
8.083361288976357445e-03
8.082528315963247167e-03
8.080013761691529767e-03
8.082545066292154065e-03
8.081042142929876354e-03
8.082878798326352879e-03
8.082042442799031168e-03
8.081307563987104661e-03
8.083826474123600309e-03
8.083651872153985174e-03
8.081922976828965002e-03
8.081059712741507986e-03
8.081277040793579877e-03
8.081614963797835796e-03
8.084053979837520915e-03
8.084313535078747892e-03
8.080441206183421737e-03
8.081626735230426628e-03
8.081706694474112898e-03
8.082068695329173991e-03
8.080119270892022545e-03
8.080032470654844104e-03
8.081235408860592065e-03
8.082885800548712113e-03
8.081827574132725497e-03
8.082532503541961511e-03
8.083433707817437586e-03
8.080603876097906466e-03
8.081673407334111908e-03
8.081841385603555361e-03
8.080507670952931029e-03
8.084337794891037141e-03
8.080598491549177698e-03
8.083312538178418979e-03
8.080723657144508673e-03
8.080982862683690551e-03
8.080602834637025389e-03
8.084937421480272932e-03
8.080881174322408766e-03
8.084580713917644684e-03
8.081663470846532984e-03
8.083279869138829121e-03
8.083135085970624689e-03
8.083881691658996796e-03
8.079962825566500140e-03
8.079994404747079667e-03
8.081049580458233433e-03
8.083857870810161675e-03
8.079524282822906842e-03
8.081501969004834321e-03
8.081138859099548308e-03
8.081929605349619239e-03
8.085029151628776029e-03
8.080611624360628867e-03
8.080893823883834870e-03
8.082353857506137731e-03
8.085110639286517339e-03
8.081901965093845827e-03
8.082950772797626443e-03
8.081025353789952556e-03
8.081620177687348638e-03
8.081520372908589447e-03
8.081566977139204716e-03
8.083449466308519071e-03
8.085756362139024864e-03
8.081231619724677309e-03
8.083094967437238695e-03
8.079933553880508379e-03
8.082076496454784070e-03
8.082317278848432512e-03
8.082586523042223359e-03
8.081263624747533209e-03
8.084340607326989669e-03
8.083830558547921638e-03
8.082095950802064763e-03
8.082791681149911409e-03
8.082627789218017542e-03
8.081843939109732700e-03
8.081743602301518295e-03
8.083763053184719535e-03
8.082496807582493711e-03
8.083940149120822857e-03
8.082040431450552773e-03
8.082983687214466070e-03
8.082473144398850257e-03
8.083393402388259347e-03
8.080283458331397745e-03
8.079884500753132387e-03
8.084172268347355333e-03
8.085221103123797770e-03
8.082381153506516119e-03
8.081656834901604011e-03
8.081881629174432133e-03
8.081907229768928863e-03
8.083885301014665306e-03
8.083438362352923789e-03
8.083296192595930754e-03
8.083632805511328095e-03
8.082616726607181473e-03
8.081716890307207371e-03
8.083480895299420196e-03
8.083757709289486962e-03
8.082840792458832052e-03
8.082957808281018494e-03
8.083327810840446395e-03
8.081442688251321699e-03
8.082766431109802280e-03
8.084477813021117079e-03
8.083273739129148705e-03
8.080408274209555097e-03
8.082863026615857982e-03
8.082186571353944943e-03
8.083637841025965304e-03
8.083092006028400056e-03
8.079096961623573325e-03
8.083942765665368124e-03
8.081255541231565503e-03
8.081000612544358627e-03
8.081490962106033932e-03
8.085191291802686434e-03
8.082133259983699525e-03
8.084210879990103016e-03
8.081917367468735222e-03
8.082979721389287400e-03
8.083282187261136079e-03
8.080832000047222241e-03
8.083857099460058093e-03
8.081268736837766975e-03
8.080347470660066353e-03
8.084394046010400306e-03
8.083153534004454410e-03
8.081332806815028080e-03
8.082128015206389154e-03
8.083772574872584785e-03
8.083032918272560832e-03
8.082454924096135751e-03
8.082128757640603955e-03
8.082736800428076337e-03
8.080531626106756890e-03
8.084672918776826533e-03
8.081843044223498140e-03
8.083584264585864931e-03
8.085484221968293125e-03
8.083317188084497215e-03
8.083029719246919223e-03
8.080691978187089577e-03
8.082104116724849949e-03
8.081625021801428985e-03
8.081379226684750477e-03
8.083183177445954493e-03
8.082714050284213816e-03
8.084917017743302112e-03
8.082779913771369340e-03
8.084223146831600454e-03
8.081946480165764363e-03
8.083246948567648568e-03
8.082207052404057762e-03
8.080750738030146804e-03
8.081672725690198719e-03
8.082809259418526418e-03
8.082069542671941123e-03
8.083851631238014521e-03
8.081299979203503125e-03
8.082424814122687179e-03
8.079893322891574040e-03
8.082321641862131104e-03
8.085681143889312736e-03
8.083913418216534183e-03
8.082485004031783951e-03
8.085127782869547947e-03
8.083015113699782914e-03
8.082521231241030293e-03
8.082458275518341478e-03
8.082255577979880964e-03
8.082387644879823058e-03
8.082945007375769500e-03
8.081602255873863994e-03
8.081330519089071490e-03
8.083584638524460297e-03
8.082146953129577122e-03
8.080063256529499208e-03
8.085305114347992109e-03
8.081603151070530788e-03
8.081534898624205890e-03
8.078241416318148252e-03
8.083807435531728883e-03
8.079494800300936197e-03
8.083734212343419295e-03
8.083722429277124047e-03
8.081393140297063113e-03
8.082129493792226255e-03
8.083553389202685971e-03
8.083257293213623462e-03
8.083958808631622195e-03
8.082041585770922965e-03
8.083607201970204048e-03
8.083822174573375777e-03
8.085750301481123975e-03
8.081297953337934076e-03
8.083065167546839638e-03
8.083524263246360392e-03
8.082550382251384169e-03
8.080472240158637770e-03
8.082619787147761123e-03
8.083734887969262761e-03
8.084817152900877074e-03
8.080269863003393740e-03
8.082778172203422193e-03
8.083268930196516391e-03
8.084339798289097434e-03
8.082643011372195319e-03
8.084068441274645106e-03
8.081336919262046420e-03
8.083396862503039113e-03
8.083354047756686686e-03
8.081746733762712812e-03
8.081994113007565442e-03
8.084326626971193031e-03
8.081635246262080380e-03
8.081417180808065162e-03
8.083732484736943016e-03
8.083218080069226943e-03
8.082767336698116686e-03
8.081109210941869389e-03
8.080229479289291819e-03
8.080520338537323932e-03
8.082284577746914889e-03
8.082637004477002257e-03
8.084455652923353344e-03
8.082676734605772489e-03
8.081955674233788633e-03
8.079979754949338441e-03
8.081377121606512018e-03
8.081537113972296626e-03
8.082540370099124127e-03
8.080784687115715598e-03
8.079839102959795322e-03
8.080940235170355410e-03
8.081827137242078574e-03
8.083701762847205971e-03
8.081215657312092876e-03
8.082768857331223966e-03
8.082342636986700538e-03
8.083589640060754797e-03
8.082942758406383779e-03
8.083500238007317387e-03
8.085963431057462125e-03
8.084266501418474124e-03
8.082617832304010708e-03
8.081688991923447959e-03
8.083633499519585208e-03
8.083307559676228618e-03
8.082441442151188163e-03
8.082828633135067178e-03
8.084570575604538983e-03
8.084416825338936602e-03
8.080301508869056071e-03
8.084121446271167258e-03
8.084091067824509744e-03
8.082759017056259307e-03
8.083069649107333873e-03
8.081499309513616794e-03
8.081035811833885141e-03
8.082560893998986737e-03
8.081813017464691343e-03
8.085349290386309104e-03
8.083435834924124555e-03
8.083359349869569110e-03
8.083633558285903409e-03
8.081875339485452420e-03
8.082175480256310884e-03
8.083130362918692496e-03
8.082580060988152695e-03
8.083288454844102591e-03
8.084408770458944432e-03
8.080121678996883897e-03
8.083080144670632544e-03
8.082924134724446888e-03
8.083292907611540346e-03
8.081811144345849018e-03
8.083363448055979131e-03
8.079910282024220861e-03
8.082696263038447251e-03
8.082654534312361597e-03
8.083169611191530837e-03
8.084799876311615438e-03
8.081606048286745989e-03
8.083631495238531584e-03
8.084239323291358970e-03
8.079863342118092165e-03
8.083243182837977769e-03
8.081317365077042569e-03
8.082504739063994803e-03
8.082449883578269809e-03
8.080583158446161263e-03
8.081247206324889201e-03
8.080555579250059059e-03
8.082949695323091502e-03
8.083812860056828822e-03
8.083755496800007143e-03
8.082224296204216368e-03
8.080998101678291481e-03
8.082830912459893283e-03
8.080733041513016648e-03
8.081710266572044582e-03
8.081712024301211661e-03
8.080132813801176039e-03
8.080211572227801939e-03
8.079972029481873042e-03
8.084509650462408034e-03
8.082111351467871629e-03
8.081332158261600104e-03
8.081407700484164250e-03
8.080856572511159117e-03
8.080455812457131362e-03
8.082317897915488811e-03
8.081409810224666340e-03
8.082436080044837212e-03
8.083936212322340165e-03
8.083024973771581884e-03
8.080962056335549634e-03
8.085325662949709863e-03
8.082017661317966034e-03
8.081402052705516717e-03
8.081378540122243978e-03
8.082533051077849667e-03
8.084147568649457244e-03
8.082946461181815534e-03
8.082603803260004355e-03
8.083494754352561415e-03
8.081168156238114145e-03
8.083330243050268829e-03
8.082685716432289405e-03
8.081604582626081973e-03
8.083544747135495631e-03
8.084290952876807893e-03
8.083479036247467886e-03
8.083641071067796530e-03
8.087115277978541850e-03
8.085738796164889525e-03
8.083175647215381718e-03
8.080829426995761108e-03
8.083754523912684356e-03
8.082225847767944560e-03
8.084861786969233313e-03
8.082827575144344370e-03
8.081241247141280823e-03
8.080912442579989141e-03
8.085891580716687843e-03
8.085312856506583420e-03
8.078680026473510425e-03
8.082872957922789328e-03
8.084732834302093413e-03
8.084345393998495014e-03
8.084735574507954242e-03
8.082663940247434078e-03
8.081442789647442365e-03
8.081049966260293871e-03
8.083233233068087831e-03
8.083000452059731569e-03
8.083420254565642019e-03
8.083883623393078519e-03
8.083982813309591522e-03
8.082168968258541739e-03
8.081632841974301096e-03
8.086448703648876565e-03
8.082206635125061683e-03
8.080658047489926166e-03
8.081848923034961815e-03
8.083074490135367177e-03
8.083700512674277250e-03
8.082749570802209502e-03
8.082882053820933388e-03
8.080718717356077940e-03
8.081342128215925763e-03
8.082372218526801683e-03
8.084999493644291074e-03
8.081899099905675773e-03
8.083549427743950272e-03
8.082582159805312694e-03
8.080954525188704593e-03
8.083769894915649595e-03
8.080884110968616224e-03
8.082594551312206194e-03
8.083504402981960338e-03
8.082184214918705298e-03
8.080783106942051805e-03
8.083387117522881221e-03
8.084348408605878181e-03
8.082519344302511663e-03
8.081346165409539900e-03
8.081095546896165452e-03
8.083437749586858470e-03
8.082986911585560846e-03
8.080808538748901482e-03
8.080521792155424821e-03
8.083347676312071725e-03
8.081478543527252298e-03
8.082091999157088244e-03
8.081652933491638088e-03
8.082798466616450753e-03
8.080334402917464798e-03
8.084066078789291926e-03
8.083160821255243322e-03
8.082098577505003253e-03
8.081145146204952306e-03
8.081403942045392239e-03
8.083201710797871878e-03
8.080468793634441524e-03
8.088088326006432141e-03
8.082913556260925073e-03
8.082086356453594550e-03
8.081450079373974846e-03
8.081366353623603907e-03
8.081529764458385973e-03
8.081466759582442774e-03
8.080936963901753922e-03
8.079687514023617401e-03
8.081566620204292534e-03
8.084637881634713572e-03
8.081568667114577900e-03
8.083673103316101755e-03
8.080121426434334897e-03
8.082834469737381483e-03
8.084543912279038361e-03
8.084029538850259072e-03
8.082982326747338228e-03
8.082592295619918724e-03
8.079867397170599486e-03
8.082957098691672879e-03
8.082136920216425810e-03
8.081463937388224869e-03
8.080668861203425465e-03
8.081044584782140147e-03
8.081050838604338094e-03
8.086037560396597962e-03
8.082173107857526517e-03
8.081567914006292097e-03
8.081286135537107604e-03
8.079745047291775686e-03
8.082373378543292533e-03
8.084936457147128344e-03
8.086392232064176441e-03
8.083670315014477442e-03
8.081053790419344060e-03
8.083369334057316502e-03
8.082796471032242455e-03
8.083289713154208009e-03
8.082270416109938946e-03
8.082422007198677982e-03
8.081567332026411143e-03
8.083268936768559648e-03
8.083016301878973367e-03
8.082803016528899293e-03
8.083144569359289322e-03
8.083209857840573803e-03
8.081270376635000738e-03
8.085533172806833729e-03
8.081507267565339603e-03
8.083199116520034186e-03
8.080151738328754732e-03
8.082560499077365290e-03
8.084935745533766357e-03
8.084279895571328672e-03
8.085913921547116523e-03
8.083414899837115114e-03
8.084056476740576758e-03
8.083080102722539975e-03
8.083167122395878632e-03
8.079436900352397408e-03
8.083501787657288232e-03
8.081279073013925007e-03
8.083045927145151091e-03
8.084080394730118815e-03
8.083383000784614969e-03
8.084111348010444842e-03
8.080744660694874626e-03
8.081973599620210363e-03
8.083150627379336733e-03
8.081792619840487066e-03
8.082706014843893741e-03
8.081490207544669152e-03
8.082783143497447934e-03
8.081615214185100537e-03
8.081132752684251283e-03
8.082688952229659038e-03
8.082047493975319172e-03
8.084462622673510568e-03
8.080036815014108795e-03
8.082943573861425812e-03
8.085735067260329395e-03
8.084415342020591713e-03
8.080529346234493690e-03
8.080070656977569529e-03
8.082760197685525533e-03
8.080866180226273926e-03
8.083155760839863188e-03
8.082521042679256459e-03
8.082808831407732944e-03
8.083278141299663974e-03
8.081534192405502581e-03
8.082505791968662770e-03
8.083069248920609837e-03
8.082115410931040023e-03
8.082271173937449760e-03
8.081849280974530425e-03
8.083226674674164405e-03
8.079731609028450653e-03
8.079592651909561080e-03
8.081490870062610701e-03
8.085278094561726067e-03
8.085137100690776082e-03
8.085663078474558327e-03
8.082239442506451363e-03
8.081991275508378439e-03
8.082803751050027241e-03
8.084517807295393127e-03
8.082816736979234196e-03
8.080839654897784691e-03
8.081766011902361685e-03
8.082228180912654977e-03
8.081667307840743192e-03
8.082061181390999202e-03
8.080552205096579871e-03
8.083478014401030559e-03
8.085451698525815759e-03
8.082401170869302556e-03
8.084571278289582816e-03
8.085402669958070138e-03
8.081637807426014092e-03
8.083691193016918908e-03
8.081994206706541103e-03
8.080850195250052770e-03
8.084138901791408302e-03
8.084072186921252220e-03
8.080750890904420808e-03
8.082822547919232478e-03
8.082661065344151630e-03
8.083198672572101950e-03
8.082070282665405198e-03
8.084146536487075638e-03
8.086105611397862575e-03
8.081088712342716224e-03
8.083486691618150741e-03
8.081735138326001308e-03
8.082512921628271993e-03
8.084237880910578183e-03
8.084565154211470137e-03
8.084204359254996627e-03
8.084012377507368910e-03
8.083621825130225466e-03
8.085396835286728576e-03
8.082789191170312165e-03
8.083979429145437753e-03
8.081819462471474813e-03
8.083453699720917485e-03
8.083102175055171743e-03
8.082046706968824476e-03
8.082530411454307354e-03
8.084324293930904293e-03
8.080418383581857919e-03
8.082260518545053216e-03
8.081437720710923575e-03
8.082179081262141213e-03
8.082054506109105987e-03
8.083013475142685617e-03
8.082487244358643741e-03
8.080909151762911968e-03
8.082945636307084514e-03
8.083550914599949705e-03
8.080942123600781332e-03
8.080498951898284349e-03
8.081686073817113264e-03
8.082912253260358254e-03
8.083871223071789625e-03
8.081232901337343996e-03
8.081909224844068679e-03
8.080434345853019021e-03
8.080743431120944106e-03
8.081610580424183898e-03
8.081593623007065838e-03
8.083344894308520587e-03
8.081764041243185911e-03
8.082021107061656412e-03
8.082787568248577664e-03
8.084666811947209888e-03
8.082791938289273295e-03
8.081326637163948126e-03
8.080591968926919416e-03
8.082517225195585270e-03
8.083926279331223042e-03
8.082278930922275062e-03
8.084699594444988771e-03
8.082230497505667882e-03
8.081838963188047592e-03
8.083623794963860215e-03
8.085983948542091806e-03
8.085055458524234920e-03
8.084914301931337907e-03
8.079793916615122390e-03
8.081298222698174785e-03
8.082039095232385409e-03
8.081549331774554382e-03
8.083222709507479828e-03
8.082142213381876897e-03
8.081352392217478961e-03
8.081562162599404894e-03
8.083872868791506378e-03
8.083503794726320038e-03
8.086435762772278824e-03
8.082565542637394976e-03
8.082467687589798763e-03
8.083108527461160125e-03
8.083365561318087839e-03
8.084608736696953513e-03
8.082835115890871572e-03
8.084354981972645751e-03
8.081662797889499136e-03
8.085170921510908409e-03
8.083403614639356194e-03
8.081029856785540075e-03
8.085135750204216695e-03
8.081213643072788014e-03
8.081584949195162737e-03
8.082900158055983733e-03
8.081646488375476833e-03
8.083104757712521876e-03
8.083030254688787150e-03
8.083240180020141372e-03
8.083842451324138589e-03
8.081092352315282640e-03
8.085430611570893975e-03
8.083606837964595407e-03
8.084784522696824433e-03
8.082671701292074365e-03
8.081312848867336016e-03
8.082412215444680081e-03
8.083433361432810008e-03
8.082460294103076606e-03
8.084078395102566733e-03
8.082536004995454978e-03
8.082762296667690693e-03
8.082869326166995660e-03
8.085616564537413675e-03
8.082079836445895879e-03
8.083710572570852737e-03
8.082776995473682502e-03
8.081508958123709979e-03
8.082969931760084631e-03
8.080438592808637799e-03
8.082462984431265998e-03
8.083995252955085767e-03
8.084375345119526254e-03
8.082032191893328762e-03
8.083309447355333660e-03
8.082791294235360663e-03
8.079582067856265828e-03
8.080771933368124590e-03
8.082324321033547074e-03
8.083773337402859818e-03
8.083453466041605473e-03
8.081932587465881501e-03
8.082579476192404411e-03
8.082278243527220990e-03
8.081906439727955249e-03
8.080491596989460013e-03
8.080506452544638368e-03
8.084300927494987923e-03
8.083183370074690371e-03
8.083710040186146972e-03
8.085309260360619074e-03
8.082207714752107433e-03
8.081455926934077647e-03
8.081113709669770009e-03
8.080291981742676599e-03
8.082576896724152568e-03
8.084998949707457999e-03
8.082280737702651416e-03
8.082437556659353636e-03
8.081419556219373787e-03
8.082952987659786440e-03
8.081310529595788633e-03
8.081547217305487529e-03
8.085555131170110710e-03
8.080546904052032103e-03
8.078591657627779907e-03
8.082790649805273245e-03
8.079974108829185431e-03
8.081393634624256875e-03
8.081662733504149654e-03
8.082175519030083272e-03
8.081527128434401810e-03
8.081216580858753898e-03
8.080644274023560461e-03
8.082210839639196107e-03
8.080950379522897423e-03
8.082006701148586325e-03
8.080802380270762572e-03
8.082635284555260771e-03
8.085204994802379710e-03
8.081154512449314001e-03
8.080840624004381745e-03
8.084321347718494838e-03
8.082321329356894138e-03
8.082180807151846669e-03
8.081207463443798936e-03
8.082707017754172871e-03
8.084011193407330403e-03
8.086600205665803176e-03
8.084527394872555867e-03
8.082213676831720428e-03
8.081475621468051790e-03
8.083132680084190169e-03
8.081131805887152228e-03
8.080430871987561575e-03
8.082313556367586374e-03
8.082736737626321222e-03
8.083760317167114351e-03
8.082160635964039802e-03
8.082066730638794855e-03
8.082571889314127747e-03
8.081669034195012799e-03
8.083404717554462660e-03
8.082799675173203691e-03
8.084444044602736093e-03
8.082725133241992765e-03
8.083170736417889107e-03
8.082013855724625578e-03
8.080761979767177652e-03
8.081677763761847821e-03
8.081891501981450232e-03
8.081003736360239942e-03
8.084172767336536905e-03
8.083725359770711424e-03
8.082774050400186663e-03
8.081156536851192770e-03
8.082583930300622083e-03
8.081361164945668682e-03
8.081941403907161661e-03
8.084503328429679114e-03
8.083668108265778737e-03
8.082475075281954704e-03
8.081591573384493479e-03
8.081450006632158803e-03
8.082602856821972243e-03
8.082543557880702764e-03
8.080149413485365750e-03
8.083539621858145535e-03
8.083354872577250966e-03
8.081611252454021926e-03
8.081431409966984003e-03
8.084200319392558995e-03
8.082875518278064345e-03
8.082738969541324731e-03
8.081846395358667848e-03
8.082437954193971708e-03
8.081748948978940278e-03
8.081515285344875385e-03
8.084161831656350855e-03
8.084457960511420155e-03
8.082044913184897525e-03
8.086332454861153846e-03
8.082786316172294733e-03
8.082195756104989734e-03
8.081994201103635811e-03
8.084248999132169836e-03
8.086519687706347076e-03
8.082138991464057551e-03
8.082357695715086318e-03
8.083597585195641602e-03
8.082002030627668393e-03
8.082956400290349994e-03
8.080335258972851098e-03
8.080660396531840275e-03
8.079602515620882761e-03
8.082394677287966719e-03
8.084379128831628569e-03
8.083884863887233832e-03
8.081698575341083809e-03
8.084971442862014246e-03
8.082649354950963497e-03
8.081846313074007859e-03
8.083965163159869544e-03
8.084729326843698508e-03
8.085886698338358089e-03
8.079698175861575044e-03
8.082515219139435950e-03
8.080404031835393061e-03
8.083113899600789104e-03
8.082608323409583642e-03
8.081437841234143452e-03
8.082360253283651236e-03
8.079989292432952080e-03
8.081923698048130988e-03
8.082389660716560176e-03
8.081930911582699273e-03
8.081546681135356666e-03
8.082660396185756269e-03
8.082049775316086510e-03
8.083310078394171164e-03
8.084104953423118176e-03
8.081359792135603404e-03
8.083901036423958575e-03
8.081665274081660175e-03
8.083418635916510622e-03
8.083904642628194845e-03
8.081679094317987047e-03
8.083815207843179571e-03
8.083269400337269109e-03
8.085522297385747473e-03
8.083529706586609423e-03
8.082140659474087996e-03
8.080478814731881232e-03
8.080763890906818292e-03
8.082548506468858335e-03
8.084617209228808429e-03
8.079796113218110434e-03
8.082145522484701985e-03
8.082557234015597461e-03
8.081672220322714748e-03
8.083455262071973305e-03
8.084525877945735600e-03
8.081409142333781381e-03
8.078999652091699984e-03
8.081178704960372688e-03
8.080803077628699593e-03
8.082851583691137362e-03
8.083014918679302246e-03
8.084737689838668653e-03
8.081380281276815195e-03
8.080135651105484207e-03
8.081798809423007199e-03
8.082393777553419437e-03
8.085622650055230773e-03
8.081287537169412616e-03
8.081692540911783809e-03
8.080739804743174853e-03
8.082782237609100959e-03
8.083798314868877177e-03
8.079924495890240810e-03
8.084382776239561544e-03
8.086327705797754367e-03
8.082344783055799009e-03
8.081160973763747146e-03
8.084041583599396383e-03
8.084687039124785132e-03
8.083216354795837513e-03
8.082370867056999295e-03
8.083894277410342416e-03
8.080416314466057348e-03
8.084466241382818469e-03
8.083679194409346125e-03
8.081131357068208412e-03
8.083905211825538617e-03
8.085931399489825963e-03
8.082884421506042125e-03
8.086217490188254281e-03
8.079884727649949694e-03
8.082581327141092134e-03
8.081569750024117718e-03
8.081521713270334653e-03
8.081275746159348461e-03
8.082206786242773777e-03
8.082452513817764764e-03
8.079244547903603746e-03
8.084689231774773790e-03
8.079805156036583627e-03
8.079936532242858530e-03
8.082136108221680063e-03
8.080959868216774922e-03
8.081451164080689920e-03
8.081746728089717752e-03
8.083170316935129815e-03
8.086420229821195474e-03
8.082716359152333080e-03
8.081643270138471821e-03
8.082219437657774466e-03
8.083394334057790800e-03
8.082466758756691114e-03
8.084321950198720269e-03
8.083684910534742057e-03
8.083246098061904611e-03
8.080237839193612701e-03
8.083732261248737644e-03
8.083944856817116414e-03
8.081234250118567858e-03
8.083197617738213311e-03
8.082253443754808253e-03
8.081877718295936083e-03
8.082060027231009400e-03
8.085551074974335617e-03
8.083171352464868162e-03
8.082697674721917025e-03
8.081518959935160215e-03
8.081512455340941065e-03
8.084807547745261752e-03
8.082576584332252026e-03
8.083237664433412864e-03
8.081712445798741248e-03
8.079239647539789362e-03
8.084431238595351371e-03
8.079473355077563049e-03
8.083089132175732064e-03
8.082271352367725523e-03
8.080498612172453549e-03
8.081992376658839183e-03
8.083568607105436413e-03
8.085569218071348221e-03
8.084045164492797628e-03
8.082453140662139782e-03
8.083212255917245070e-03
8.081715663604518290e-03
8.081569119405445853e-03
8.081993803566899642e-03
8.083216813359538414e-03
8.081896654257880383e-03
8.084085064439305857e-03
8.085792694960982491e-03
8.083071972549796605e-03
8.079813784680294625e-03
8.082172989970904178e-03
8.082116642808169840e-03
8.081266114283013752e-03
8.083858241158993138e-03
8.082350338353484417e-03
8.083507419070880620e-03
8.083534855890832024e-03
8.082683461151624060e-03
8.081181473747589550e-03
8.082107785135763528e-03
8.084291651024467368e-03
8.082572822761386472e-03
8.082594912792133782e-03
8.082849958872912952e-03
8.082204269914395472e-03
8.081463679480888757e-03
8.081404534263888703e-03
8.085181756411458087e-03
8.081715048690566935e-03
8.080807494318211978e-03
8.081580667534300072e-03
8.080327570078208593e-03
8.083694126681426409e-03
8.080928316541153775e-03
8.083953575147332163e-03
8.085329027922182402e-03
8.081037519921334400e-03
8.083176834808979833e-03
8.083062364890236315e-03
8.079203620857037735e-03
8.082280246564604517e-03
8.082845770592390205e-03
8.084052799779856482e-03
8.079325263206680457e-03
8.080015557190619452e-03
8.082357695567995645e-03
8.081551659874456478e-03
8.081562400421822903e-03
8.081003120870157430e-03
8.079691545279293896e-03
8.084735762538651158e-03
8.082074328778917141e-03
8.082011595424633266e-03
8.082978923315036618e-03
8.081539111365106803e-03
8.081643413425196321e-03
8.081752172071268031e-03
8.081272463817752022e-03
8.082530939561337682e-03
8.081414372102009233e-03
8.080969555402233231e-03
8.083816466918370899e-03
8.083022392962345426e-03
8.083882268204044610e-03
8.079901091724737625e-03
8.083772974746153070e-03
8.082735754046754470e-03
8.080969915080608856e-03
8.079517554429878345e-03
8.083962419312473724e-03
8.080197597572806242e-03
8.082654343090573193e-03
8.084911384082545463e-03
8.079133975725207722e-03
8.083226812237300635e-03
8.078669834840066996e-03
8.081556080108775672e-03
8.084203898951661249e-03
8.082583930300564837e-03
8.079531210435055705e-03
8.079897495318889150e-03
8.080810954745035538e-03
8.081572963685841604e-03
8.082205406048353219e-03
8.080593240403789387e-03
8.082298930544313392e-03
8.082789218230719899e-03
8.083698336693770359e-03
8.081655640043690011e-03
8.081231373908365559e-03
8.081181309066582871e-03
8.081031378564690684e-03
8.081845463999095050e-03
8.082977292005627881e-03
8.082966820764786453e-03
8.082753994628631006e-03
8.080472328249786729e-03
8.083771578274352027e-03
8.081811181138610564e-03
8.082939973256715593e-03
8.081634427907614590e-03
8.084128823768455679e-03
8.081390051318727841e-03
8.085708798728387728e-03
8.082015330552499988e-03
8.082450070605713688e-03
8.081684810091745857e-03
8.082187051270178432e-03
8.084301973103783651e-03
8.084048262816188879e-03
8.082418753428893127e-03
8.083274430129534088e-03
8.081223730510888117e-03
8.081460316408007813e-03
8.081820208473443345e-03
8.081738077282428490e-03
8.083527595018976872e-03
8.082198055866175040e-03
8.080819316560378107e-03
8.080760929234201070e-03
8.083470761147713152e-03
8.083747453743524158e-03
8.082767706688889081e-03
8.081523777141672374e-03
8.084314898479041597e-03
8.084730062542648185e-03
8.081766924833330354e-03
8.083455885393183923e-03
8.081755027160653429e-03
8.082511488153821741e-03
8.081362378713482369e-03
8.084494891805188085e-03
8.084487459890149844e-03
8.081893566907256965e-03
8.082312998203439527e-03
8.083519004216499493e-03
8.081608557551212338e-03
8.083678286713264632e-03
8.082245226575331468e-03
8.083831640804730115e-03
8.082952291808082057e-03
8.082247264620071384e-03
8.082486958212824896e-03
8.082563219186078216e-03
8.080722452566737810e-03
8.083141029162273575e-03
8.082587825498364562e-03
8.085795472586327498e-03
8.081230933278785861e-03
8.084620595919788169e-03
8.081185264758920794e-03
8.079375276866361186e-03
8.084034748788347657e-03
8.079820555257750947e-03
8.085083367973668750e-03
8.084371531408585457e-03
8.083068736476939006e-03
8.081667938434212994e-03
8.082289814438715567e-03
8.084776124091981597e-03
8.084889345755593912e-03
8.085622449232618761e-03
8.082689762614463438e-03
8.080835925935151223e-03
8.082141482032697763e-03
8.079241549940680694e-03
8.085825379250677347e-03
8.083702005131013571e-03
8.083702873627945928e-03
8.080443676299132669e-03
8.082812590900181199e-03
8.082084641651967466e-03
8.081260105661829812e-03
8.082505572415370557e-03
8.085409975701630600e-03
8.082155837432217910e-03
8.082365438240441541e-03
8.080521737435683929e-03
8.083530336424119694e-03
8.084122412977992958e-03
8.083412318390102366e-03
8.082359099061426494e-03
8.082495828106424016e-03
8.082626406066903066e-03
8.082441368296375273e-03
8.081514190304655426e-03
8.084078512391724286e-03
8.079815768146217381e-03
8.080842845657991089e-03
8.083436313613535582e-03
8.085098077413963025e-03
8.081969753782464877e-03
8.081061505747440948e-03
8.079836518214268334e-03
8.080732197371270562e-03
8.083219672164175876e-03
8.082855299551161554e-03
8.081672101780696532e-03
8.082225323174709389e-03
8.082214070541540382e-03
8.080211872788550104e-03
8.082702249757772392e-03
8.083082922756877967e-03
8.081813852521442521e-03
8.082378770717629779e-03
8.083204535105721969e-03
8.082366544654792304e-03
8.083370286019500930e-03
8.083265443490179544e-03
8.080924991572011745e-03
8.080873202575181158e-03
8.082951261420612266e-03
8.083402625209885548e-03
8.084163389330911373e-03
8.082778250696000949e-03
8.084030051526821734e-03
8.081711140692839426e-03
8.083551335640292920e-03
8.084658891585832716e-03
8.084131856802366511e-03
8.082140245170130535e-03
8.082132405946879095e-03
8.081541601762956550e-03
8.080318760192165689e-03
8.084513926734164871e-03
8.080223147772552100e-03
8.081610127177138100e-03
8.082331694396023211e-03
8.083140756328367066e-03
8.083320231860535721e-03
8.082999868010819905e-03
8.084126484507578661e-03
8.083295891559963767e-03
8.082145747340898148e-03
8.081549350991781150e-03
8.085792793503965292e-03
8.083080561098873393e-03
8.082740115511027543e-03
8.082105594314683422e-03
8.080298833657115209e-03
8.085978825975196835e-03
8.081082516051866019e-03
8.081147939357241627e-03
8.083993408380469453e-03
8.082564812041817884e-03
8.083704818921183186e-03
8.081561072187886871e-03
8.082402228299642027e-03
8.083500488636635034e-03
8.082439492988936422e-03
8.083399700335605273e-03
8.082413510175977950e-03
8.080924886113192984e-03
8.083363156402026406e-03
8.082549217646213188e-03
8.085599642362637646e-03
8.085039624013617282e-03
8.085159527079303562e-03
8.079487408153108313e-03
8.081231735618730344e-03
8.082919959800375503e-03
8.082840323174793340e-03
8.083895973064199325e-03
8.081976303714821785e-03
8.083173908201530394e-03
8.082662461142283220e-03
8.081833922107596949e-03
8.082740035181060906e-03
8.082362756838252713e-03
8.084706533318577332e-03
8.084092743777812964e-03
8.084499041635294370e-03
8.083132241800248044e-03
8.083841159771194135e-03
8.081884127153510927e-03
8.083157135380646466e-03
8.080903638390458943e-03
8.083712971251601556e-03
8.082785622189185906e-03
8.085132131341259132e-03
8.081873796427128942e-03
8.082095184028652637e-03
8.079776167040718382e-03
8.078737888467912853e-03
8.084139855853999385e-03
8.081540546974495115e-03
8.085156453073744781e-03
8.082806585516584541e-03
8.081863329597300735e-03
8.083850335673686827e-03
8.082340280875460400e-03
8.083521898570339426e-03
8.083941748908560904e-03
8.082409912343577890e-03
8.080837491845977577e-03
8.080070265088766870e-03
8.081166958894939883e-03
8.081372678277357752e-03
8.084759855572918458e-03
8.083517855678104894e-03
8.084608720469151424e-03
8.082654507382323536e-03
8.081505611909482398e-03
8.087119837325419322e-03
8.082337903778500157e-03
8.081323100348104457e-03
8.084525731747392238e-03
8.082048258473070734e-03
8.082901749479553047e-03
8.084111196267073501e-03
8.081846717831499272e-03
8.082243783485713179e-03
8.083326712561652097e-03
8.085160023380813868e-03
8.082024873468774892e-03
8.082138286874826841e-03
8.081018698144488976e-03
8.084008374521920587e-03
8.083332554120595259e-03
8.081292303995528739e-03
8.081903401944085311e-03
8.083842629407112304e-03
8.085107310744943029e-03
8.085805175089300426e-03
8.081371646277698412e-03
8.081962714345197404e-03
8.082545540647578797e-03
8.081842262534824281e-03
8.082986807781467054e-03
8.081478283103944379e-03
8.082565608254786704e-03
8.082449317938909805e-03
8.082126908699917636e-03
8.083540535361026513e-03
8.083933092853544042e-03
8.081832741910634221e-03
8.083945782426651613e-03
8.082172825241399836e-03
8.081923496369930807e-03
8.083337096115082374e-03
8.083996004399766552e-03
8.078519553221065463e-03
8.081725230408164443e-03
8.084873578433010924e-03
8.084580479201044362e-03
8.083915616863257200e-03
8.082923106464641461e-03
8.084489914639132052e-03
8.082850954201118224e-03
8.081907138586036030e-03
8.082530817732533693e-03
8.083320422104028555e-03
8.081966550399147589e-03
8.083019396186840594e-03
8.081376698002516387e-03
8.081949660840003977e-03
8.082461771151216653e-03
8.082261411837512316e-03
8.082776841625701272e-03
8.082942707130011742e-03
8.082305149178634421e-03
8.086462406942390366e-03
8.079603427548024200e-03
8.081194454775194810e-03
8.081066824982323371e-03
8.079955570421463312e-03
8.080827126162534041e-03
8.081761039091897927e-03
8.079261133234516210e-03
8.083393063654962726e-03
8.081925069961594030e-03
8.083154086909249275e-03
8.081567423669366521e-03
8.085240701996457974e-03
8.080493739565923483e-03
8.082363245806941168e-03
8.081657759173873842e-03
8.081399548283895243e-03
8.083791801111532907e-03
8.082783543669095488e-03
8.078958800680871230e-03
8.081821059017234993e-03
8.082955398523099244e-03
8.084316072577198836e-03
8.081576327199463741e-03
8.083428661102110696e-03
8.081054673881619618e-03
8.081316687558964471e-03
8.081133920917492330e-03
8.084346654284067096e-03
8.082349644719663898e-03
8.081157124950532830e-03
8.082088501862809415e-03
8.081927202811022351e-03
8.081358435314883390e-03
8.083419416691614914e-03
8.080329694064710896e-03
8.081437386502120582e-03
8.083393228377274906e-03
8.082265472513229868e-03
8.082083848675879895e-03
8.082135266194121273e-03
8.084575184207307488e-03
8.084872340809637348e-03
8.082403286728932421e-03
8.082179211457294482e-03
8.081497517756122684e-03
8.081901176872987452e-03
8.083848564356137592e-03
8.083755115174121736e-03
8.080302043507937848e-03
8.082152089659578806e-03
8.083581978378669153e-03
8.082882043267474240e-03
8.085376921520190038e-03
8.083422013018704000e-03
8.083165157555851840e-03
8.082556389389325760e-03
8.081834456435260661e-03
8.082971672335008406e-03
8.082594385325790609e-03
8.081948577837628697e-03
8.080724115548979306e-03
8.083960977857827107e-03
8.083410697190256122e-03
8.081898450528746808e-03
8.082371240495687253e-03
8.080533101105210128e-03
8.081913086535264662e-03
8.081344090308221692e-03
8.082883947322413998e-03
8.083706346615855340e-03
8.084476498408240189e-03
8.082295391281319602e-03
8.083872219684835186e-03
8.083025825227225722e-03
8.084297540389247944e-03
8.083919216663874516e-03
8.084481121631636319e-03
8.083402530148638479e-03
8.083284690400316386e-03
8.084843495050569526e-03
8.081057831006576916e-03
8.081419588630315773e-03
8.083746602102584097e-03
8.083085501796427597e-03
8.079579330584864966e-03
8.080792502734558680e-03
8.082210932595311134e-03
8.084476109671232327e-03
8.083787407334048700e-03
8.082935966060298891e-03
8.082011083991915909e-03
8.081643777321701264e-03
8.081466249754956990e-03
8.082997251354643448e-03
8.080880385553807985e-03
8.083862004667669715e-03
8.082848227200603933e-03
8.081513109154666447e-03
8.081252924449673636e-03
8.080534732851684179e-03
8.080929872041829956e-03
8.082570471733550518e-03
8.082702417236771811e-03
8.080509299165079470e-03
8.080846029627625909e-03
8.080905034231361875e-03
8.082994278839645413e-03
8.084549044905598239e-03
8.081686985791427039e-03
8.082710936028528886e-03
8.082039177339545022e-03
8.079636644968659492e-03
8.081381841059064736e-03
8.080971986739373530e-03
8.084632439656310940e-03
8.081562165298787279e-03
8.082923229057566855e-03
8.083778752804820014e-03
8.082910826701480284e-03
8.079891117700993552e-03
8.080236371838231402e-03
8.081657189816094169e-03
8.081588407176426916e-03
8.080529316335516299e-03
8.084080468447671711e-03
8.082628160856657543e-03
8.081532130480200207e-03
8.083992557591719239e-03
8.082506969144812731e-03
8.081794303178327712e-03
8.083668108265917515e-03
8.080199750057002334e-03
8.081937289320025378e-03
8.084707831413934231e-03
8.085699540252669001e-03
8.081800238110193116e-03
8.083569379946755132e-03
8.080467185937252605e-03
8.083497578499616518e-03
8.082092580651496425e-03
8.081234469746206850e-03
8.083529038375685330e-03
8.080961621885630886e-03
8.086557210327556880e-03
8.082490736844475526e-03
8.082431893577579282e-03
8.081460807764851914e-03
8.085770143807144081e-03
8.082364926318905129e-03
8.082777819541319547e-03
8.081986985051617736e-03
8.083703422590356180e-03
8.078974065275921004e-03
8.084397146815022056e-03
8.084609479421413572e-03
8.082107064223050322e-03
8.082193985539326900e-03
8.082055872130910340e-03
8.082245794740434974e-03
8.082976036434267458e-03
8.084327599699733108e-03
8.081471398831713976e-03
8.081884759907760965e-03
8.083273691369347383e-03
8.083444922363092547e-03
8.083017291431295395e-03
8.082900246501108221e-03
8.082460180420964271e-03
8.082200306995232508e-03
8.081545146008008509e-03
8.082262232224966467e-03
8.083659307581566103e-03
8.083234036087851362e-03
8.081593011645168967e-03
8.082650147292870860e-03
8.081401341187408396e-03
8.084584711681197175e-03
8.082483407955646376e-03
8.081265525278161915e-03
8.081243235581559575e-03
8.083839475515098433e-03
8.082892021990065526e-03
8.081792107535120534e-03
8.083133066862886046e-03
8.080825256841065590e-03
8.083080738092933426e-03
8.082204522027472415e-03
8.081645156144325048e-03
8.081221609163661765e-03
8.085932185805536423e-03
8.081636679222696865e-03
8.080940649205106338e-03
8.083754190195956493e-03
8.079232335184611397e-03
8.080305206120966949e-03
8.080845913378147116e-03
8.081518632682986938e-03
8.084422692371900226e-03
8.081714747472436636e-03
8.082801662873824108e-03
8.081998482950219706e-03
8.082324231357016983e-03
8.084042945790204451e-03
8.081265262329063656e-03
8.082358717243580057e-03
8.082088290566653496e-03
8.084909566673088160e-03
8.082031724897310518e-03
8.083452762511081705e-03
8.083261375201435464e-03
8.082328086259001412e-03
8.081792347863967635e-03
8.085594343214796628e-03
8.083720397914653452e-03
8.083837031819571251e-03
8.082565620078150173e-03
8.082722760367378953e-03
8.083982760093711903e-03
8.084164742349329164e-03
8.084745572259750823e-03
8.083039392215961294e-03
8.080143584730572690e-03
8.083630204811936143e-03
8.083221186487167531e-03
8.081695399759471904e-03
8.084698813758501093e-03
8.081001971936157408e-03
8.081514937507134136e-03
8.082471877240756525e-03
8.082870634899775794e-03
8.082021856250691874e-03
8.080744819387792807e-03
8.082581029681934134e-03
8.080800782991172729e-03
8.081238294878242620e-03
8.083270292593449508e-03
8.084580698586311259e-03
8.085721512498532035e-03
8.083330905790463150e-03
8.084321560504148518e-03
8.081819881662635763e-03
8.083224227834980014e-03
8.081982996476937131e-03
8.084151705765110774e-03
8.082874917173609938e-03
8.084743612952470168e-03
8.085302666069150296e-03
8.085285072666150222e-03
8.081531975801928280e-03
8.081978665083876939e-03
8.082529359554689596e-03
8.079743766105419028e-03
8.084699752017027521e-03
8.081199017546326219e-03
8.081472310801300629e-03
8.081001293157931073e-03
8.082982201831344013e-03
8.082019507354393922e-03
8.080955599478507542e-03
8.084639003610123720e-03
8.081948550364119119e-03
8.082816888554299195e-03
8.082373765599148649e-03
8.083753700608813098e-03
8.081986574744912458e-03
8.080444440222512084e-03
8.080690092287984294e-03
8.081911493526244827e-03
8.083261808681288171e-03
8.084386194647005808e-03
8.082248114141068335e-03
8.079147929799329608e-03
8.082438166798440460e-03
8.084264274626343227e-03
8.085587932675122880e-03
8.083397616125984411e-03
8.085094854475735962e-03
8.081765525026360364e-03
8.083096293572119423e-03
8.081692401159924419e-03
8.084240680382211858e-03
8.080992019494631987e-03
8.082138732469495643e-03
8.082440598436383544e-03
8.083181110032413783e-03
8.081501268789273440e-03
8.083318755422739046e-03
8.081538639652005931e-03
8.080152776357226937e-03
8.083124265875108946e-03
8.084659722698011794e-03
8.080965552411658800e-03
8.080543935757307505e-03
8.080580877136011794e-03
8.082625414343701242e-03
8.081730021767125072e-03
8.085101509369979275e-03
8.083357333442597534e-03
8.079632592552938794e-03
8.078579685999572046e-03
8.081147439981162944e-03
8.081168775777919019e-03
8.083831729835630822e-03
8.082805616737638588e-03
8.082319151766079873e-03
8.079153479788006575e-03
8.084690959225721701e-03
8.085371396230561433e-03
8.082038791947229739e-03
8.082830981516268484e-03
8.081282856209038093e-03
8.081378029920234865e-03
8.085759497418036970e-03
8.082106532858993400e-03
8.083023245059052855e-03
8.081532804752829258e-03
8.081691018548962935e-03
8.084651499664219712e-03
8.085498624430318207e-03
8.082773598181708721e-03
8.083574555677578224e-03
8.081856823275451393e-03
8.081266596371218178e-03
8.082286372412764847e-03
8.082723389689811661e-03
8.084107165913793219e-03
8.080953894826849865e-03
8.083003025796946239e-03
8.087386622642684167e-03
8.083355031054725165e-03
8.083139440090742964e-03
8.083526493805859650e-03
8.082542231163050359e-03
8.082068901883439002e-03
8.080867867934533530e-03
8.081915264036504745e-03
8.085231431634682872e-03
8.080481621485046187e-03
8.082998674357170024e-03
8.085403106551737606e-03
8.083538921522659751e-03
8.082195687311140644e-03
8.082565025206140882e-03
8.081559357022677359e-03
8.083383975753437659e-03
8.080506811105028081e-03
8.082147972361656066e-03
8.082043341701847933e-03
8.080814780474700892e-03
8.081153447483533508e-03
8.082156634705456658e-03
8.083612218961706841e-03
8.081355269326656598e-03
8.085507790581449722e-03
8.083205959515770214e-03
8.081591831974497056e-03
8.083871054456600105e-03
8.083243286818661208e-03
8.082337166382303970e-03
8.080365412063318306e-03
8.081577511164075855e-03
8.086571349782193524e-03
8.081879343788603634e-03
8.082509082819790830e-03
8.081857613715938762e-03
8.081961091951597731e-03
8.083975334818535932e-03
8.082310199507707765e-03
8.084760040327647335e-03
8.080217975462523905e-03
8.082292193743373376e-03
8.085289578453253023e-03
8.082024634572986324e-03
8.084443232245032418e-03
8.081548768318532958e-03
8.084022664829514093e-03
8.082986472179717538e-03
8.081441085630145307e-03
8.081563583877418577e-03
8.083722025176058937e-03
8.083010636807844151e-03
8.085949178718125629e-03
8.083049977431476171e-03
8.081678264509501233e-03
8.080668674296798137e-03
8.080696723632473447e-03
8.082809577780616581e-03
8.084652816826139177e-03
8.083703080563236013e-03
8.081871260055377426e-03
8.084876905065570621e-03
8.083874166645963963e-03
8.083392355849252850e-03
8.082092668129765844e-03
8.083132698870201110e-03
8.082209786170756888e-03
8.081344906934937594e-03
8.084145069252599361e-03
8.079034747769170063e-03
8.083978601381745094e-03
8.081929605349605361e-03
8.082888632212235566e-03
8.082118876240962715e-03
8.082163788009650435e-03
8.083684696281782933e-03
8.081606049212677195e-03
8.082410001462082133e-03
8.083544406897284762e-03
8.083729628254179150e-03
8.080645106475839445e-03
8.083648852032870175e-03
8.080670196081163326e-03
8.084597022722508561e-03
8.081751496816379568e-03
8.081853177443263161e-03
8.081662588321785259e-03
8.082602553481746041e-03
8.084461328609125405e-03
8.085094666452404683e-03
8.085419537532218329e-03
8.082967887889569089e-03
8.081609329048578330e-03
8.079262508894227354e-03
8.083552305211462799e-03
8.084028332587343130e-03
8.083482759638212917e-03
8.084735565235347254e-03
8.081950530278625769e-03
8.084137742741102917e-03
8.081218274416598207e-03
8.083082040105743493e-03
8.083016321467064932e-03
8.080815383691458686e-03
8.084782968308831114e-03
8.083123656873155913e-03
8.082233807601995126e-03
8.082629816063630762e-03
8.081598734566453404e-03
8.083997096055594786e-03
8.083095948489266505e-03
8.083982104249144013e-03
8.086182940988340118e-03
8.080197846913071691e-03
8.083647664640564168e-03
8.081505907630322574e-03
8.084150695241548376e-03
8.084539091682566014e-03
8.081620427517068050e-03
8.083648029094199841e-03
8.081840478197155342e-03
8.083048358803265540e-03
8.082960726504405391e-03
8.083888151845538758e-03
8.081652270969581775e-03
8.082048468181618137e-03
8.082495673481840046e-03
8.082902320384817083e-03
8.081872910117082753e-03
8.085510392973787805e-03
8.081532362263358846e-03
8.081502278004269735e-03
8.081031485169941353e-03
8.083632203272498110e-03
8.082885472230256357e-03
8.083399333457882627e-03
8.084086540951013894e-03
8.083488815579350367e-03
8.080979157639417432e-03
8.082076040547989115e-03
8.083549981662691009e-03
8.082931726476044049e-03
8.082306187150301371e-03
8.081679131417466785e-03
8.083877471521366820e-03
8.083132857201209137e-03
8.080069367485677792e-03
8.081537835160664332e-03
8.083242025428620178e-03
8.081516880062257838e-03
8.085425811923521722e-03
8.085400332200481932e-03
8.082708544376216928e-03
8.082660591201626041e-03
8.082546077696884865e-03
8.080060215855812411e-03
8.083551677432016316e-03
8.081412999418138149e-03
8.080940826131133986e-03
8.080040147447131033e-03
8.080570917946682669e-03
8.082759192595196859e-03
8.082718838882655202e-03
8.083168257790285596e-03
8.081700308570465008e-03
8.081703453595923820e-03
8.083816719524232475e-03
8.083755168725396262e-03
8.086197277104778189e-03
8.079824746354402967e-03
8.082064668144050418e-03
8.081004108101821903e-03
8.082129247210254400e-03
8.082986268464049939e-03
8.082093354987536157e-03
8.079816587657088003e-03
8.083344945573767842e-03
8.082289916021313803e-03
8.082633854577832636e-03
8.080348971973584302e-03
8.083364204939880171e-03
8.080641451519337062e-03
8.078951948486057938e-03
8.081822087213304945e-03
8.080202045213452644e-03
8.085332193762744327e-03
8.083537164680080350e-03
8.082446970793719793e-03
8.081990538784770972e-03
8.081526635315512339e-03
8.084282009484428794e-03
8.079840760465738583e-03
8.082055194117296337e-03
8.082252043870537250e-03
8.083566131695274840e-03
8.082705935667608421e-03
8.083854970458924719e-03
8.081322600311099599e-03
8.080439866492131543e-03
8.082361612084891164e-03
8.083275879005605291e-03
8.083824818393932354e-03
8.081689153249499435e-03
8.080806093779070720e-03
8.081619412599319249e-03
8.083352007273218731e-03
8.083291287178965764e-03
8.081221745520120875e-03
8.081769624708677949e-03
8.082947078512658229e-03
8.081097044512873181e-03
8.083136926386553719e-03
8.081842776192409497e-03
8.081378498688106607e-03
8.083339648411633563e-03
8.083374299637952412e-03
8.083743601957089214e-03
8.082021687228053974e-03
8.084144292778388044e-03
8.081381083191306602e-03
8.081004698549205598e-03
8.083655884226551708e-03
8.084484638635874507e-03
8.081373886225082237e-03
8.082127543407820192e-03
8.083422754213195199e-03
8.082447024979490247e-03
8.084150476746449626e-03
8.083455830673906203e-03
8.081531796852271105e-03
8.084470697018963231e-03
8.081467568323232389e-03
8.083542644154102438e-03
8.083897120134686531e-03
8.082712302181329148e-03
8.081226003891313001e-03
8.084359686348283058e-03
8.083905433675386137e-03
8.081622333140506612e-03
8.081424796595702842e-03
8.083703045148708799e-03
8.084305729118852063e-03
8.082565198530976269e-03
8.083749473785166798e-03
8.081644463936752537e-03
8.084491021041832412e-03
8.083534245573771246e-03
8.083288393733121732e-03
8.084709681403335485e-03
8.081842464779271165e-03
8.082102506601053504e-03
8.083241362723425638e-03
8.083477487989036703e-03
8.082350484940244509e-03
8.081463562071469764e-03
8.084733677790972850e-03
8.083770052385421193e-03
8.084567167560679710e-03
8.082968235607912791e-03
8.082398136809399933e-03
8.079506218871303214e-03
8.084457748840432126e-03
8.080481739669263808e-03
8.082379831740127071e-03
8.081862136364676916e-03
8.082006895779259015e-03
8.081640048768358453e-03
8.085237443778297423e-03
8.081709522467381279e-03
8.081612061662968305e-03
8.082096590409211523e-03
8.086275093453259427e-03
8.083336031128188562e-03
8.086514203312553800e-03
8.081790068398772911e-03
8.082035239735605933e-03
8.082294506396428546e-03
8.079895151238436837e-03
8.084892338363749986e-03
8.083805203938089837e-03
8.083918189937063306e-03
8.082855742798275914e-03
8.081887053868141990e-03
8.082639058154169817e-03
8.082485299624070710e-03
8.082727745849961273e-03
8.082119720543909716e-03
8.083849258839495566e-03
8.081621238680877783e-03
8.082259488560271724e-03
8.083151540254825476e-03
8.082079584951162854e-03
8.083339079970511265e-03
8.082910484834069167e-03
8.082781512402527346e-03
8.083075990911575345e-03
8.082226263077633976e-03
8.083513629734823819e-03
8.082575514586277932e-03
8.081422414791985046e-03
8.081316765588297465e-03
8.083541071851184368e-03
8.084432194117120718e-03
8.079359997282039435e-03
8.082218935029715501e-03
8.081710965408781325e-03
8.082778754801133586e-03
8.081752285010412179e-03
8.081728863211260980e-03
8.083421918934791464e-03
8.079334048100614285e-03
8.083470281271560448e-03
8.084004214544311673e-03
8.081195010131551199e-03
8.084601489387419765e-03
8.083323567029549947e-03
8.083240055618008679e-03
8.083634285182137585e-03
8.083751743121885339e-03
8.083544042283580949e-03
8.083623256227150458e-03
8.081143122175067639e-03
8.083144128199836603e-03
8.082488411387228622e-03
8.082847616654800782e-03
8.081393928047866937e-03
8.081706992061376757e-03
8.081230921090495553e-03
8.081971911610731640e-03
8.084227862743745621e-03
8.082487183248309934e-03
8.082825406217613445e-03
8.081085756128841835e-03
8.084347588725306760e-03
8.081502779302406417e-03
8.084068310261618290e-03
8.083636608370204854e-03
8.082776891708731010e-03
8.081081857548182146e-03
8.084538047824448015e-03
8.084487043104439732e-03
8.082313453181690782e-03
8.081998507446275931e-03
8.079923263588396909e-03
8.082799342959284122e-03
8.080784497682831288e-03
8.082229179375706798e-03
8.085192376110109796e-03
8.081770796429009820e-03
8.083232391908065986e-03
8.083662353052177910e-03
8.083838549240392191e-03
8.083777111839354074e-03
8.083625475181625483e-03
8.082047676035776160e-03
8.083076171610029809e-03
8.084771009657217011e-03
8.084524518655619371e-03
8.082528194423404741e-03
8.083437641543084889e-03
8.082797843650273845e-03
8.086507169095310393e-03
8.081947345452689807e-03
8.082674078395492984e-03
8.082339981176293875e-03
8.082249794168595153e-03
8.084232756935894396e-03
8.082688246908444410e-03
8.084609931837172941e-03
8.080513647012730824e-03
8.082102961872330779e-03
8.083045171983670868e-03
8.081333151723215161e-03
8.082669640601738981e-03
8.082224741098405565e-03
8.078170308743496883e-03
8.084828041810340413e-03
8.082666652533902416e-03
8.082608098670564581e-03
8.084622057578963808e-03
8.082309098577806702e-03
8.079859062363229164e-03
8.082479924976656085e-03
8.081077487089416422e-03
8.086988267104733979e-03
8.080450788124235451e-03
8.077903153866574856e-03
8.080638468162962620e-03
8.080679492661736393e-03
8.080369454784352978e-03
8.083386877020754327e-03
8.083021543470878673e-03
8.079889404107710657e-03
8.081002816157135255e-03
8.082091581622414742e-03
8.081851462704459088e-03
8.082179285481333117e-03
8.082278610214790188e-03
8.081604329377675353e-03
8.085243583110844970e-03
8.083537703063230911e-03
8.081893808077078925e-03
8.080782881025557959e-03
8.080711761482771774e-03
8.080587712367285139e-03
8.080506532462153682e-03
8.083485816803031090e-03
8.082187881346061462e-03
8.081159478675666030e-03
8.082646023947761063e-03
8.085448059107878602e-03
8.082826762658000541e-03
8.080498053095835215e-03
8.080336046872610423e-03
8.085047946995587570e-03
8.081486289348455490e-03
8.082544501302385553e-03
8.083926862110036096e-03
8.081679596769834537e-03
8.081001288532304802e-03
8.081741822628031591e-03
8.082722116331585507e-03
8.081883932989785899e-03
8.081685789407107301e-03
8.081865730508891801e-03
8.083898493621679074e-03
8.081038745523289393e-03
8.082492510125226931e-03
8.081696678123787350e-03
8.081081272997937132e-03
8.082628325779082218e-03
8.083575075597149162e-03
8.083258776823840780e-03
8.082533295652907790e-03
8.081672259687602833e-03
8.081058378334100498e-03
8.080750004872336301e-03
8.082869762234667216e-03
8.083920690450508914e-03
8.084679720845018222e-03
8.081472851116780487e-03
8.083127936920682377e-03
8.084992099828701775e-03
8.082435046238841542e-03
8.083082626902030401e-03
8.083079323125354557e-03
8.086137078161494823e-03
8.083124503242495110e-03
8.085043918704461555e-03
8.081274892013372291e-03
8.084849505396953309e-03
8.081949500412560078e-03
8.084176724330049274e-03
8.083954192185981505e-03
8.083249901413009156e-03
8.085041821463179873e-03
8.084074474122933743e-03
8.081236318146750586e-03
8.083714828562202012e-03
8.082808046916294120e-03
8.081684707627771053e-03
8.082637234035123033e-03
8.084305264357325924e-03
8.084312935492853069e-03
8.085217519272132683e-03
8.081912615800953756e-03
8.083862216724401265e-03
8.083312207907505931e-03
8.085055667714361946e-03
8.084727880173890255e-03
8.084266354332415513e-03
8.084625468435711892e-03
8.083847450448945413e-03
8.081783644931313584e-03
8.082661484163398274e-03
8.081662061461665492e-03
8.083813976987772390e-03
8.083916366547344579e-03
8.083093201611223771e-03
8.081827171565818604e-03
8.081350530231241891e-03
8.080641051556118268e-03
8.080686352402425068e-03
8.082408614214157960e-03
8.082712526886160279e-03
8.082623368751729390e-03
8.083405929268976109e-03
8.082337133746914787e-03
8.081368282726856048e-03
8.081852573254751440e-03
8.081796740455067518e-03
8.084210708703278014e-03
8.082485486115677589e-03
8.080056377113826668e-03
8.083335151004443844e-03
8.082026797816091804e-03
8.082936701960388021e-03
8.081612581318106669e-03
8.081657460686980654e-03
8.080474137393043807e-03
8.081674519176277119e-03
8.084435949363392646e-03
8.082195739550169719e-03
8.083615386533219219e-03
8.082111318071360379e-03
8.082192487767030087e-03
8.082101931980546078e-03
8.082936037791071254e-03
8.084022581637919855e-03
8.080249585076412083e-03
8.081698726349452813e-03
8.083763724627809899e-03
8.080977703770501550e-03
8.082942196573877913e-03
8.080771347964792878e-03
8.083257277599405211e-03
8.081702018769182025e-03
8.082981390615485637e-03
8.082705782365676508e-03
8.081233979179869298e-03
8.081615323889120711e-03
8.080368688985170231e-03
8.082035126047402984e-03
8.081368955717822822e-03
8.080869339631230330e-03
8.083410637357922590e-03
8.082718494813130594e-03
8.080899783068936845e-03
8.080633635685847971e-03
8.080475761079886771e-03
8.079983193918194653e-03
8.084002623227134685e-03
8.079375635825598520e-03
8.083293934488186561e-03
8.084287777822786111e-03
8.081128817037319667e-03
8.081861694418938230e-03
8.083187823205106870e-03
8.083252157893077924e-03
8.082621832276806403e-03
8.081510815593183350e-03
8.082375836512093251e-03
8.081986367037694713e-03
8.084013508275412346e-03
8.081179053361382120e-03
8.084141983910973078e-03
8.083682289655615485e-03
8.080089470003166963e-03
8.082649174113960139e-03
8.081886243423135746e-03
8.083401706817042870e-03
8.085252146519538927e-03
8.083009270184984135e-03
8.082561127089729625e-03
8.083851542332020843e-03
8.083065134664901147e-03
8.082419180688209595e-03
8.082746363064342507e-03
8.081201309455006421e-03
8.082310458229746350e-03
8.084819085096320648e-03
8.084063874837539923e-03
8.081401418241708837e-03
8.082816212510914727e-03
8.084554062218824583e-03
8.080266573513149309e-03
8.083930489878134173e-03
8.080580212727292780e-03
8.080879590085880346e-03
8.083329796755422264e-03
8.084297347200805270e-03
8.082580394643743699e-03
8.085560153469138756e-03
8.083439391296505169e-03
8.082764499521152834e-03
8.081794371832654728e-03
8.083495724350343165e-03
8.083071703449707171e-03
8.087423322688377589e-03
8.083760140642203343e-03
8.084714634248812981e-03
8.083004407277548028e-03
8.084688348332017341e-03
8.082478985322869014e-03
8.083303155100184448e-03
8.079963153212797386e-03
8.081604012340362284e-03
8.081965640680094029e-03
8.084514625790394440e-03
8.083930309402041769e-03
8.080805929208029897e-03
8.081250453234005773e-03
8.081676179701053828e-03
8.083663979105664213e-03
8.081580510474046380e-03
8.082530074621225094e-03
8.084579117442125193e-03
8.082430915682304109e-03
8.082781469266232463e-03
8.083270661114104472e-03
8.083093691121021052e-03
8.083962252084615427e-03
8.080772603481179914e-03
8.081859128952104468e-03
8.081252888039203511e-03
8.082160119249098135e-03
8.081650719247308531e-03
8.081247346840087636e-03
8.081217832756245820e-03
8.081836196999378844e-03
8.082595664435743982e-03
8.084937932636255056e-03
8.082391161342187408e-03
8.082761105256510911e-03
8.083549774048388523e-03
8.081070333356971461e-03
8.083725266279389102e-03
8.082508277870130084e-03
8.082658241623753501e-03
8.080662589671713109e-03
8.084567912104293971e-03
8.082734216471838123e-03
8.079662954174953934e-03
8.081825836915744118e-03
8.085496763083656335e-03
8.082512817118065948e-03
8.083188542137097199e-03
8.083321830184522772e-03
8.083320990293279412e-03
8.083758234438622944e-03
8.083446617707858162e-03
8.082490808281666758e-03
8.084552708183864039e-03
8.084338531124153279e-03
8.083217582853144401e-03
8.080079692292524082e-03
8.080799417528879147e-03
8.080569889647396670e-03
8.084029750419764043e-03
8.085029262434503469e-03
8.081032245068073619e-03
8.081343986372502286e-03
8.083374559067260309e-03
8.081445453107771390e-03
8.084829188177510007e-03
8.078135957530385020e-03
8.081362859799523166e-03
8.081567512810075224e-03
8.084669564471874681e-03
8.080259531696144804e-03
8.081421912128699050e-03
8.080492945217631479e-03
8.079205069234002973e-03
8.083167152503527644e-03
8.080610584380967451e-03
8.081379951367888628e-03
8.082502734869339081e-03
8.081663310726891480e-03
8.081350126136296885e-03
8.083875221857645885e-03
8.081681010974279059e-03
8.083564944545280212e-03
8.080910943149879552e-03
8.084602937097153108e-03
8.086176688609825886e-03
8.082716058185798400e-03
8.083510899985732120e-03
8.083196590705225143e-03
8.083185256470976077e-03
8.083131605723664279e-03
8.083195465276511379e-03
8.081071598452154586e-03
8.080753589102573561e-03
8.084517160534918090e-03
8.082387237841479055e-03
8.083204862066182411e-03
8.084183259362645937e-03
8.082316069543739670e-03
8.083624947113376633e-03
8.084790773595468619e-03
8.081887050999854785e-03
8.084059365546203760e-03
8.083470172979877535e-03
8.084878835989871282e-03
8.081288771756615918e-03
8.083859383989833516e-03
8.084713307966463411e-03
8.084039333390363388e-03
8.082800751643892320e-03
8.083012122983443404e-03
8.084021400312767572e-03
8.083073508308313490e-03
8.082784536617275764e-03
8.083225880271587699e-03
8.083891622845279859e-03
8.081901190049176759e-03
8.082027189447811913e-03
8.083265672642944016e-03
8.082364913850692903e-03
8.083539057048633875e-03
8.080730060420066030e-03
8.080975439709007710e-03
8.083226485946407025e-03
8.084262666441148840e-03
8.083120005107809203e-03
8.083051859255214674e-03
8.083109265033104618e-03
8.081421467406618708e-03
8.083856498257973450e-03
8.081427023444644198e-03
8.084556039124170604e-03
8.082794844554283195e-03
8.080706947957518038e-03
8.080984776300533662e-03
8.082404624357289458e-03
8.082529153447247719e-03
8.082269442631344336e-03
8.083294756093583125e-03
8.082239115336615001e-03
8.080401399035697790e-03
8.083870213649183359e-03
8.082638420014097783e-03
8.084110417256361661e-03
8.083949540284525448e-03
8.086836731187424868e-03
8.082644078035751412e-03
8.082462279269663277e-03
8.082549718510009806e-03
8.082580645570240294e-03
8.084390313754567792e-03
8.082427782383399054e-03
8.085311721828150611e-03
8.080868112960869556e-03
8.080803275597901389e-03
8.080141538079762056e-03
8.083920877483446663e-03
8.082889018998838312e-03
8.082741709951374656e-03
8.081802424541243215e-03
8.084246494537098565e-03
8.084656193253084502e-03
8.082605303105089289e-03
8.082399360090123178e-03
8.082387474222768597e-03
8.083791358663140747e-03
8.084105412039624058e-03
8.081512309128520422e-03
8.083442275939932073e-03
8.081394453047315365e-03
8.080535489654924047e-03
8.082892467250909346e-03
8.085090458228624821e-03
8.083706885298557951e-03
8.083084918786240594e-03
8.084330942884361548e-03
8.080870805340740690e-03
8.083527280848662108e-03
8.080773776756111984e-03
8.084301506200340659e-03
8.083131252192350680e-03
8.083514712788196499e-03
8.082642163441433256e-03
8.083715706656450367e-03
8.082497624853654181e-03
8.080261635787384586e-03
8.082542089735219107e-03
8.083680487437973003e-03
8.082861550261437322e-03
8.085868212397175764e-03
8.082048576374024559e-03
8.082427496446869392e-03
8.081273198979293040e-03
8.081152799332464234e-03
8.082610126917171706e-03
8.082363629971681118e-03
8.083046499955963762e-03
8.083486487759774380e-03
8.086302400664711551e-03
8.081252197439065671e-03
8.083395606567173389e-03
8.082187088656810417e-03
8.081241297604398882e-03
8.080378246421425839e-03
8.081759759251067390e-03
8.080141171024469646e-03
8.080755604312742438e-03
8.080750055800575357e-03
8.084384809560080445e-03
8.083276702884502687e-03
8.084424148215758887e-03
8.081710645389509826e-03
8.082384610502429609e-03
8.079678482273056420e-03
8.085612536134162073e-03
8.082986601232815607e-03
8.083100450202477041e-03
8.082810547257776590e-03
8.081447068675922871e-03
8.083987042554004535e-03
8.081965792979426896e-03
8.086948876385382720e-03
8.082551026061297536e-03
8.080620810479310565e-03
8.081782481758963479e-03
8.083237745749391120e-03
8.082204614967478801e-03
8.083888497114569138e-03
8.081761138749341683e-03
8.083353496425364076e-03
8.082340568137660539e-03
8.083640164418049931e-03
8.082042531255355031e-03
8.082659933505650235e-03
8.080262466511898070e-03
8.079186016803142564e-03
8.084050361115263303e-03
8.084972543889267990e-03
8.083742728937864594e-03
8.084303885149760061e-03
8.082437639740052207e-03
8.081749362656461336e-03
8.082509413872623547e-03
8.084247342765121108e-03
8.082980443317205888e-03
8.080785634562220529e-03
8.083183281817668889e-03
8.083401912634954195e-03
8.083173683258830511e-03
8.082750154121706374e-03
8.081652628843850189e-03
8.079844798886305288e-03
8.083004209662037268e-03
8.086482276830760443e-03
8.083868961597108493e-03
8.085590217458343137e-03
8.082723381772065341e-03
8.083974924486522773e-03
8.081766550069769892e-03
8.082400681648048771e-03
8.086213297487187743e-03
8.080797476225511089e-03
8.081870906969214688e-03
8.079425631692132084e-03
8.083122544400843726e-03
8.082974618885815574e-03
8.083717761136645710e-03
8.081070483596448570e-03
8.079863391542142087e-03
8.084077480680663952e-03
8.081961345279067843e-03
8.083751717637482556e-03
8.082389823523139158e-03
8.080218571442858433e-03
8.082913798363389885e-03
8.082825523070075180e-03
8.082011262506660562e-03
8.083622935249610772e-03
8.081375908981664261e-03
8.080882781555163638e-03
8.081224324446748680e-03
8.081893714152129510e-03
8.080342602063417257e-03
8.081000795885523794e-03
8.082761517016255268e-03
8.081121551299653635e-03
8.084662120119769438e-03
8.080218003922194289e-03
8.081337172685403372e-03
8.079542368109676742e-03
8.084509839397452727e-03
8.080891512530876883e-03
8.083320327087450616e-03
8.080082982684070117e-03
8.082480022979917841e-03
8.080486725670719267e-03
8.082167519216022084e-03
8.084582103184747084e-03
8.081159422619239169e-03
8.083533652284259977e-03
8.081557143955669931e-03
8.081863849416535267e-03
8.082607845249339604e-03
8.082381405162642612e-03
8.080286634810900787e-03
8.084071015922707562e-03
8.080202909362904293e-03
8.082489890486129272e-03
8.081625668595564596e-03
8.081416235575311982e-03
8.084168703322389127e-03
8.082112296843755109e-03
8.082759546314021923e-03
8.082657891877863265e-03
8.082369921072992888e-03
8.080007550536109917e-03
8.081231615905584698e-03
8.083059469388901089e-03
8.080807539061159173e-03
8.082423855546524288e-03
8.086704001026930391e-03
8.080461455012613245e-03
8.082457428070830008e-03
8.081927122829632784e-03
8.087478753269301476e-03
8.084398086591445404e-03
8.081877563848876775e-03
8.083724422141856658e-03
8.083208047966116902e-03
8.082409283962541449e-03
8.081836016729826086e-03
8.083482648863663661e-03
8.081787517970753093e-03
8.085831661564658879e-03
8.083429319371065666e-03
8.083763209649767051e-03
8.082259867456781377e-03
8.081327498539256013e-03
8.080734125675200288e-03
8.083000417441801519e-03
8.081725547746320196e-03
8.085174595193981434e-03
8.082747853874867883e-03
8.082665978234973223e-03
8.079942249867251569e-03
8.079514140302319555e-03
8.083690310842389301e-03
8.081980363818247123e-03
8.080595499036122634e-03
8.083555873200434783e-03
8.082128139653700985e-03
8.083954968707280156e-03
8.082580367596901502e-03
8.081279918915889801e-03
8.080455905241460193e-03
8.082006252436081672e-03
8.084058782302819615e-03
8.081913331818919161e-03
8.084031666810173253e-03
8.081500128082962781e-03
8.084021891697079285e-03
8.084405927535780190e-03
8.081722588830103984e-03
8.079897585811741945e-03
8.083891333702375795e-03
8.081669851386683034e-03
8.083732352243046954e-03
8.080632719779779968e-03
8.082410522282021392e-03
8.082582438000234654e-03
8.081634438231743295e-03
8.083088939500536821e-03
8.083743773560957482e-03
8.084053753477277865e-03
8.084034465226951072e-03
8.083391200424762391e-03
8.083022324516018695e-03
8.085073020063525406e-03
8.084132579691703444e-03
8.081285557313969831e-03
8.084511484172662854e-03
8.085759965182936701e-03
8.081331712824327967e-03
8.084210624706612489e-03
8.083866662044709300e-03
8.082713264184308161e-03
8.082449943954602214e-03
8.080266023108864659e-03
8.081511560391786350e-03
8.081300621545994822e-03
8.080548240295117035e-03
8.081970324635106076e-03
8.081109134621839232e-03
8.080841928519174808e-03
8.082798390851212919e-03
8.081975238199829575e-03
8.080861755950718636e-03
8.081964261787836709e-03
8.082232372526048161e-03
8.081501682048537055e-03
8.078806553221224915e-03
8.081614717507845658e-03
8.083447828300463489e-03
8.082693697904572844e-03
8.080537575126878896e-03
8.079610118883381528e-03
8.083211750225628017e-03
8.081555517787757797e-03
8.083046570683862994e-03
8.082631602525144204e-03
8.082621574232968370e-03
8.082248682805992512e-03
8.083290204681275321e-03
8.079108024149074876e-03
8.083030180084117486e-03
8.080735989090759297e-03
8.082974897293031258e-03
8.081117478935466447e-03
8.083488523089691138e-03
8.082361642345367581e-03
8.082735465903342562e-03
8.082582790730654179e-03
8.083795994350695055e-03
8.082106698979284534e-03
8.080421868438188507e-03
8.082034524209261162e-03
8.083547324776518134e-03
8.083829883769332730e-03
8.082860281341650369e-03
8.085306344223580632e-03
8.082190182012102819e-03
8.083295146624669761e-03
8.082039001124110417e-03
8.082695813109943075e-03
8.083095547786607951e-03
8.084905090975931519e-03
8.081820285206693308e-03
8.082926039019890443e-03
8.081685049940072821e-03
8.081636010813362039e-03
8.081884345497409444e-03
8.084442353411899415e-03
8.081601516721402534e-03
8.082871805631634474e-03
8.083815905601971288e-03
8.082126066579257972e-03
8.083807596452597527e-03
8.082257926139953599e-03
8.082631168023692025e-03
8.082721900251981645e-03
8.082770195619924311e-03
8.081556397902856653e-03
8.084518814725938363e-03
8.081977578388207725e-03
8.082947199171052963e-03
8.081063319057434427e-03
8.081587587216264648e-03
8.081842956920071500e-03
8.084391012388583014e-03
8.079830634629598524e-03
8.083068032201235278e-03
8.083742734789666276e-03
8.083713728686613836e-03
8.081190199694020249e-03
8.081809779365317636e-03
8.082490580155631335e-03
8.083652194918154732e-03
8.084796003840738488e-03
8.081544210391231747e-03
8.080741457294119898e-03
8.080950079303145586e-03
8.082378641153149107e-03
8.082769283116632633e-03
8.084145467377134436e-03
8.084331322797058336e-03
8.084399874992317242e-03
8.082446842955361838e-03
8.082887550725552372e-03
8.083412742808817816e-03
8.082388536877416901e-03
8.083011127867377466e-03
8.081495782200742717e-03
8.083279380247266471e-03
8.084027144849761232e-03
8.084444588939867019e-03
8.081341178682617879e-03
8.082275906912409630e-03
8.083371690295208800e-03
8.084633403497401213e-03
8.083804132580692942e-03
8.082017425379331085e-03
8.083321362951166600e-03
8.085217229359309768e-03
8.080212313211735872e-03
8.080874596904054005e-03
8.081939223466826430e-03
8.080355835204900902e-03
8.083334885250852836e-03
8.085052445269151969e-03
8.084251116273873106e-03
8.082561625398481525e-03
8.082160343803514863e-03
8.085328495109015551e-03
8.083422883690854696e-03
8.080914632477053175e-03
8.084411054535521612e-03
8.086606398370848117e-03
8.081503056346608233e-03
8.083615603899486565e-03
8.084817450670696293e-03
8.085855165252288715e-03
8.080115212649841006e-03
8.081179448397944609e-03
8.082023135136165090e-03
8.082375478602084329e-03
8.084557913329761675e-03
8.080910270568895590e-03
8.083783329252008237e-03
8.083215240193081935e-03
8.084170086522766280e-03
8.079829442306315015e-03
8.082151297927131842e-03
8.080333312837481921e-03
8.083953167007020685e-03
8.081972725208105141e-03
8.083553498649843905e-03
8.083055861284549337e-03
8.080337474030110240e-03
8.083374692085615321e-03
8.081746179887739148e-03
8.083167800865459496e-03
8.081673413519833982e-03
8.080769562384518961e-03
8.083034545304191784e-03
8.081580444711940550e-03
8.083654867364120644e-03
8.080602960370308549e-03
8.082536777043096074e-03
8.084532412612822558e-03
8.082199258082503265e-03
8.083256023341589547e-03
8.084287188019298812e-03
8.081471764447373252e-03
8.082607643446541174e-03
8.082309451597054217e-03
8.083751125861673645e-03
8.083818463948989896e-03
8.083404564506907128e-03
8.082265171519392374e-03
8.082487960645168626e-03
8.083481733097483760e-03
8.083110296641491874e-03
8.085741978293424156e-03
8.082991643052296615e-03
8.083797639366462756e-03
8.083178316326211643e-03
8.083690578698196280e-03
8.083127755341222576e-03
8.083030261101301767e-03
8.083063577795068441e-03
8.083453159758032316e-03
8.082055196775229239e-03
8.081106812231958134e-03
8.081659977831922789e-03
8.081455855946315103e-03
8.083501034958829115e-03
8.081560887535114632e-03
8.084241831933418679e-03
8.084675047664347664e-03
8.083321193010245889e-03
8.079884917717347279e-03
8.080793499792992760e-03
8.084824662881890875e-03
8.084321794615123916e-03
8.083643855043395193e-03
8.082384431563741090e-03
8.083840222447550086e-03
8.082447067812286584e-03
8.083397994875150122e-03
8.085748629313280547e-03
8.084275108313243932e-03
8.082373799169765421e-03
8.083341703287226163e-03
8.085117337076851846e-03
8.083044028027121589e-03
8.080945266247441597e-03
8.083403737603907929e-03
8.082652862589093101e-03
8.083091244803473213e-03
8.081601924014861910e-03
8.081939407771522935e-03
8.085606939847538727e-03
8.084758718292785543e-03
8.081957763365975322e-03
8.082946035378475030e-03
8.081053211405427386e-03
8.080211813733867085e-03
8.083808865929721643e-03
8.083490354953141999e-03
8.081277409170041157e-03
8.083921635301700992e-03
8.082799571852055179e-03
8.083994910280683024e-03
8.085173848236041488e-03
8.084851207179114679e-03
8.083547352258571225e-03
8.081839116504275361e-03
8.082522483245559858e-03
8.080789821008908108e-03
8.082452024705952948e-03
8.086339909971139786e-03
8.081329353120473777e-03
8.084432517705462604e-03
8.082351581303432245e-03
8.081757995815039980e-03
8.082831487297282777e-03
8.084213286664854864e-03
8.083642480280837928e-03
8.082169720017391354e-03
8.080182252845251670e-03
8.083592235912245155e-03
8.084971690104450839e-03
8.083535142035891061e-03
8.081832318424382947e-03
8.081095695605177570e-03
8.081867800551719924e-03
8.084195102639369843e-03
8.084596657570962408e-03
8.082653224402998327e-03
8.084113872025924102e-03
8.081303636264426313e-03
8.082226672678492416e-03
8.081061098820114044e-03
8.081294933132761316e-03
8.083158288276093978e-03
8.083441697128809778e-03
8.082180356968140383e-03
8.080941782256281791e-03
8.081384927800834908e-03
8.083686774004025452e-03
8.082247887154420107e-03
8.082990491918835493e-03
8.084806854723057892e-03
8.084727519508498605e-03
8.082536680645124871e-03
8.083021534742888120e-03
8.084203849277512774e-03
8.081685539192164786e-03
8.081358818039003147e-03
8.084649435289133906e-03
8.083119819211326967e-03
8.083183223470720088e-03
8.084044159450359465e-03
8.085565210410324000e-03
8.085358066694990631e-03
8.085332465410452127e-03
8.081723983140382331e-03
8.083570937534549986e-03
8.081654599051494789e-03
8.082876136229761102e-03
8.084030042536244354e-03
8.087557192734660255e-03
8.085038052523991353e-03
8.080364790108769679e-03
8.083790888184359813e-03
8.086578373518735555e-03
8.083397955130109530e-03
8.083531582057710760e-03
8.080004197106941885e-03
8.081605367982216265e-03
8.085507913290790674e-03
8.079773811505411643e-03
8.084358907468209773e-03
8.081890660437133361e-03
8.081443724903866754e-03
8.080272756188623326e-03
8.083383151592505450e-03
8.083528835652206701e-03
8.084439366920322806e-03
8.083727149718236693e-03
8.080162728556656085e-03
8.081688220213864571e-03
8.081455499826414174e-03
8.081916986854776469e-03
8.083022673227717100e-03
8.084290235006759764e-03
8.083546773667821261e-03
8.083705446227544555e-03
8.083590090429037395e-03
8.082500765021637459e-03
8.084808889810413471e-03
8.082725363913753971e-03
8.082156247018955700e-03
8.083575230554369828e-03
8.084574596706663868e-03
8.081802401942898145e-03
8.083801605831907044e-03
8.082681273260321902e-03
8.079812506834730887e-03
8.082690402255602105e-03
8.079723002307996269e-03
8.083517962032004539e-03
8.084038684156412066e-03
8.082384589798242980e-03
8.081893299206558551e-03
8.082745811776450434e-03
8.079353753077656713e-03
8.082763264901210096e-03
8.085860900755801814e-03
8.083268363946453927e-03
8.082332044249854880e-03
8.083053210326516386e-03
8.081815502370460341e-03
8.082431085111557723e-03
8.080105882418898988e-03
8.083414104209938125e-03
8.085826500100685640e-03
8.084115995747388414e-03
8.084298423522645952e-03
8.084668883760625160e-03
8.083474119185980744e-03
8.082572669528753292e-03
8.083333042910451072e-03
8.080235854184684638e-03
8.083592453900232191e-03
8.081225901370286610e-03
8.084591814530462522e-03
8.083881147573081585e-03
8.081831420689928464e-03
8.083044537904131993e-03
8.083655035040738027e-03
8.080311988667751577e-03
8.085198938645704603e-03
8.083812931913153532e-03
8.081436440915018907e-03
8.080506087420381151e-03
8.084658656409301689e-03
8.083634440653325592e-03
8.082125252614265343e-03
8.080831896543943377e-03
8.080795784848665217e-03
8.082552839658396424e-03
8.084436800094659328e-03
8.081108938363298563e-03
8.084115118025836724e-03
8.081719166471781901e-03
8.082393844212823128e-03
8.086444065927279184e-03
8.083629819562433705e-03
8.080506504689253383e-03
8.084002948846865516e-03
8.081668317363465553e-03
8.082646110302037223e-03
8.079505667150359977e-03
8.084733990307877566e-03
8.083618414947415717e-03
8.081544182608523322e-03
8.083736765897228671e-03
8.083259541285947244e-03
8.081774716391907504e-03
8.084241645500183510e-03
8.078412549003851154e-03
8.084515055238541623e-03
8.082201941258335826e-03
8.083672081335376014e-03
8.082204032114501113e-03
8.079076950408768318e-03
8.081437351254992449e-03
8.082102593183225492e-03
8.081533706986963883e-03
8.081017264534395492e-03
8.080812842499562887e-03
8.080352457865119797e-03
8.083006198629276440e-03
8.082151182763520555e-03
8.084314914580325098e-03
8.084011190370919003e-03
8.080242851666414108e-03
8.086082860019522256e-03
8.080536258731681187e-03
8.082117079682604038e-03
8.081143600432357313e-03
8.082510070539545774e-03
8.080555615747711182e-03
8.082766876297491077e-03
8.085734875385199028e-03
8.083944513229680134e-03
8.081532209234101177e-03
8.083145262039763065e-03
8.082242726684648118e-03
8.083116264783200139e-03
8.080810434401704614e-03
8.082332276988884318e-03
8.079993585354180649e-03
8.081123516900927395e-03
8.080470439917449010e-03
8.083205434153067220e-03
8.082583215286907180e-03
8.082612410481493717e-03
8.083668044950840376e-03
8.082776104632450123e-03
8.081033869770454930e-03
8.082030056399458484e-03
8.082137308217258662e-03
8.080748558812508864e-03
8.082965902612676556e-03
8.082830181897329713e-03
8.084405636694122141e-03
8.081976596399477811e-03
8.083648351604195981e-03
8.081378530309884720e-03
8.082787440307690613e-03
8.082423502866885323e-03
8.082382954000802769e-03
8.083703029571629242e-03
8.083533547415786696e-03
8.085206395499927243e-03
8.085614251156414758e-03
8.083293144862828405e-03
8.082564452115531192e-03
8.081068552964334323e-03
8.083959650124424717e-03
8.082077522756849972e-03
8.085128836502579464e-03
8.084738565783171349e-03
8.084742111579489368e-03
8.081998833253169548e-03
8.083110230736080537e-03
8.083578231893939064e-03
8.084763608805500823e-03
8.080558709975758577e-03
8.081652078791756039e-03
8.079886235365487182e-03
8.084880485183481083e-03
8.081845729721971044e-03
8.082443889226567299e-03
8.080844882883695193e-03
8.081293592277126459e-03
8.084249066761922328e-03
8.082846650426078750e-03
8.084789749626756714e-03
8.081470708419221174e-03
8.084234205489275807e-03
8.083013591921201293e-03
8.080894067326122032e-03
8.084892010962733966e-03
8.083415098952504221e-03
8.082053994546173348e-03
8.083017524189755471e-03
8.084474734769803508e-03
8.082652683044908026e-03
8.086182147941852263e-03
8.082007083394385574e-03
8.082025955892791630e-03
8.081905141192204101e-03
8.081940062215358864e-03
8.084258204885931554e-03
8.083641555078442328e-03
8.082836504255655821e-03
8.082469492501347108e-03
8.083423283432183276e-03
8.081477016524660217e-03
8.081148035275759547e-03
8.081914713619187118e-03
8.083626407127000521e-03
8.083208863114456355e-03
8.081974935079871622e-03
8.082852530725435566e-03
8.082264996552949998e-03
8.080959983962601040e-03
8.083381213717459254e-03
8.083129676090409013e-03
8.083072097928547389e-03
8.082068023871931753e-03
8.082631250612287710e-03
8.083067859509471612e-03
8.083896933960429965e-03
8.081947397321017149e-03
8.080499284984245939e-03
8.082782464241912435e-03
8.081133099118316745e-03
8.083193282698160689e-03
8.079983895666499952e-03
8.083709311213898088e-03
8.083545265164165938e-03
8.083318690126179221e-03
8.082246849685332038e-03
8.080685868044897024e-03
8.082911948997481208e-03
8.083124415760879408e-03
8.083690723970471392e-03
8.082833550442369841e-03
8.081647197194856760e-03
8.085299845938757196e-03
8.083244204559695417e-03
8.086189387920888691e-03
8.085809185154673936e-03
8.081742814693489152e-03
8.082310187723058120e-03
8.084108616333273920e-03
8.081864292639583808e-03
8.081814111243578250e-03
8.082275180882444315e-03
8.081197323034083890e-03
8.080510412868462458e-03
8.084816304878094870e-03
8.082269773673407889e-03
8.082737016553834253e-03
8.082366251322465125e-03
8.082401432118708345e-03
8.081808476637931601e-03
8.080810207737458215e-03
8.083752622260681822e-03
8.082078232266831988e-03
8.083254784083547875e-03
8.081608381321794127e-03
8.081514514430987103e-03
8.082389879805116500e-03
8.083821433397725409e-03
8.080882018262748254e-03
8.083883037775591723e-03
8.080270271463243018e-03
8.083175462206852388e-03
8.082755733216755167e-03
8.081413248895727777e-03
8.080893233354558350e-03
8.084209897784801549e-03
8.086977669324235327e-03
8.081161004464846795e-03
8.083076970880552839e-03
8.084734710176266423e-03
8.082859981483187656e-03
8.082113378432056669e-03
8.085521891791390761e-03
8.082390728299106847e-03
8.083129040351411110e-03
8.082465030643576701e-03
8.081151053396531947e-03
8.082272495256115352e-03
8.084202516954037271e-03
8.082408839156528246e-03
8.082020339470880749e-03
8.083949540931509650e-03
8.084319309756313882e-03
8.083610029065763439e-03
8.083760071892747562e-03
8.082316403622447076e-03
8.081231421282730407e-03
8.083099110389232317e-03
8.083378592241811586e-03
8.084518605151594373e-03
8.082331775930040596e-03
8.082731339947270971e-03
8.082293141348641935e-03
8.081941776584703266e-03
8.082745478940779951e-03
8.081278498408896518e-03
8.080928154534199048e-03
8.083179415211748028e-03
8.083507701771523030e-03
8.082224098687099123e-03
8.081320479505351567e-03
8.083173941731297898e-03
8.082538150899078178e-03
8.081011469533360900e-03
8.082176023599270051e-03
8.083351833580191756e-03
8.083887079178772583e-03
8.079981554946222624e-03
8.082185062362799363e-03
8.082460226616359003e-03
8.082279165015476483e-03
8.082414308385516347e-03
8.082301909563674447e-03
8.082583609425011278e-03
8.081705055520325975e-03
8.081835362822718805e-03
8.081978528487965274e-03
8.081721169878102948e-03
8.084718801642902519e-03
8.082159523104268453e-03
8.079998744786608816e-03
8.080920942323589068e-03
8.080873364646495860e-03
8.081436624211920869e-03
8.083390683550375350e-03
8.081621979361153577e-03
8.081566595403757644e-03
8.081525429395101934e-03
8.081377393817311058e-03
8.084716743055980065e-03
8.082480378813679603e-03
8.081909057012129360e-03
8.081678250306579409e-03
8.083244130632846400e-03
8.083967866273600658e-03
8.082805765856957911e-03
8.083427072025783575e-03
8.081516117522799178e-03
8.084557550432960524e-03
8.080340230674621857e-03
8.083841524708200096e-03
8.085267942994103091e-03
8.081632144363819562e-03
8.083138653736695114e-03
8.081638206657366930e-03
8.082377997990233820e-03
8.083372085944569296e-03
8.082181060576197618e-03
8.085063500283885471e-03
8.080783345951823848e-03
8.083231514494356590e-03
8.083319552542633443e-03
8.084380785270730771e-03
8.084160658754009632e-03
8.083482414781030176e-03
8.081611439301007727e-03
8.082600368468419519e-03
8.082338629880184144e-03
8.083943740397520755e-03
8.080607207400501354e-03
8.081559886832578171e-03
8.086177013136281941e-03
8.082056285797731623e-03
8.080525356414007543e-03
8.084777775415387738e-03
8.082837039638773868e-03
8.083263989614092315e-03
8.084698265443480969e-03
8.082822644032351678e-03
8.083575171539724227e-03
8.082735968125644502e-03
8.081891929654218959e-03
8.083454347003750720e-03
8.081224917727588067e-03
8.082333439656665813e-03
8.082720597144986072e-03
8.082796177066128851e-03
8.084844301165719851e-03
8.085905321195281312e-03
8.080750773964827383e-03
8.084540902920754959e-03
8.081471073685606021e-03
8.083639666014585598e-03
8.084561523193117827e-03
8.079819248349570313e-03
8.084098689859589223e-03
8.086363691285658115e-03
8.082897360638817766e-03
8.081412970048051925e-03
8.083397766719036329e-03
8.081274785025616830e-03
8.081404804553580373e-03
8.083113807009930513e-03
8.083272617399786530e-03
8.082036705023637468e-03
8.083108957438786546e-03
8.082489755190288769e-03
8.081188630500966974e-03
8.083360211692395755e-03
8.082818119740211096e-03
8.086044755496766406e-03
8.080716947295500663e-03
8.084335959112657136e-03
8.084083261855671415e-03
8.082928612305102095e-03
8.081616992184195714e-03
8.080691350319236382e-03
8.082759834244128763e-03
8.082561450084601792e-03
8.086035459623816535e-03
8.083204331751414617e-03
8.080100535750990229e-03
8.082317037321661707e-03
8.083453849888184994e-03
8.081829645231996748e-03
8.084609629527275340e-03
8.081765027234137991e-03
8.081141242586306964e-03
8.083571455622802840e-03
8.083925168351907553e-03
8.083236939990535649e-03
8.081332066333875991e-03
8.081798291909256596e-03
8.080948657663376139e-03
8.082371658996650304e-03
8.081905561747648736e-03
8.081847723294217564e-03
8.082368846452990530e-03
8.081100078440470180e-03
8.084255571577724647e-03
8.080171942688179829e-03
8.084989722563653766e-03
8.083696220048872810e-03
8.081615126992845385e-03
8.079633239897399816e-03
8.081579068084130540e-03
8.085418683353115879e-03
8.085456135788602131e-03
8.080990631292507553e-03
8.080892958470177467e-03
8.081507620945381845e-03
8.081728720211553418e-03
8.081355912480733469e-03
8.082191929120970120e-03
8.082279022063636881e-03
8.082662712989971757e-03
8.080962279817582861e-03
8.083567064477357317e-03
8.081075292751798561e-03
8.080896460929376870e-03
8.080527133611865170e-03
8.083302563013015224e-03
8.083654405102872267e-03
8.085927895482014627e-03
8.082265870985507611e-03
8.080715419088897733e-03
8.082594686686032925e-03
8.082709378997519553e-03
8.083685494129895163e-03
8.082547720987246290e-03
8.083712247825910677e-03
8.081505080093188270e-03
8.084158905522581540e-03
8.081387483484621034e-03
8.083453931089541397e-03
8.082482160797519605e-03
8.083003377608243348e-03
8.082291129509063324e-03
8.081616575694547389e-03
8.083840897462800379e-03
8.080251712057820793e-03
8.086279811596545214e-03
8.081531105734935869e-03
8.083681288322935518e-03
8.084632391435499915e-03
8.082541058017174776e-03
8.082045519668975761e-03
8.082205868306364602e-03
8.080495680042537945e-03
8.082880224291466228e-03
8.086259691874358307e-03
8.082588290848204821e-03
8.083795585689943983e-03
8.081317981668419484e-03
8.080993690971869856e-03
8.087000132858956913e-03
8.080434793907652347e-03
8.083027098574569955e-03
8.080747238032320520e-03
8.082954548562846023e-03
8.082359119186909371e-03
8.084514040132918800e-03
8.082776792254059081e-03
8.081945998308458570e-03
8.083148102636763740e-03
8.081926932590308491e-03
8.082563432179673199e-03
8.082355137169707285e-03
8.084452319925182484e-03
8.084186251025742009e-03
8.082410800119009184e-03
8.083602216004352053e-03
8.082540851048515551e-03
8.084785099133613359e-03
8.080561537911638836e-03
8.083533099212879616e-03
8.083329871074768080e-03
8.082565111841697250e-03
8.081380799856900318e-03
8.082483814875640604e-03
8.080876741978592140e-03
8.082640490371858014e-03
8.083182166740143781e-03
8.082118026165166502e-03
8.082647686923610103e-03
8.083247276057862335e-03
8.081566718246353115e-03
8.082533620503205493e-03
8.081950416883367308e-03
8.084019640354496439e-03
8.083138331053858067e-03
8.082204052685624043e-03
8.081332961882528587e-03
8.081986911325595921e-03
8.082201656948877905e-03
8.084802126122907565e-03
8.083749029446326770e-03
8.081354897461329873e-03
8.080072654955137643e-03
8.083762792954002352e-03
8.083582416783771304e-03
8.083882806945073829e-03
8.083783573236141481e-03
8.085165654038538666e-03
8.086660672473803060e-03
8.085190866815064950e-03
8.080549672102152817e-03
8.081260761645845184e-03
8.080667354169365421e-03
8.082780820585732523e-03
8.082639140699825892e-03
8.081439433747936163e-03
8.083989459496024321e-03
8.081270866257771884e-03
8.080725112557808967e-03
8.083921581823094032e-03
8.080866503627324657e-03
8.082734852000552847e-03
8.079639114601846681e-03
8.082654253734984293e-03
8.081397381151846776e-03
8.080572190631855195e-03
8.082684169488599940e-03
8.086162247119988572e-03
8.083761224828721684e-03
8.082600027242497001e-03
8.083609197264246884e-03
8.081436344419589204e-03
8.083593104978668148e-03
8.082228180912654977e-03
8.083954229600296207e-03
8.085014817945183549e-03
8.083376603917686448e-03
8.082938907069341095e-03
8.084505548079446921e-03
8.082940522920611590e-03
8.085435241161259556e-03
8.081524061819700053e-03
8.082309089932298782e-03
8.081349270878545113e-03
8.080659640430899737e-03
8.082529673529155814e-03
8.083764092269940180e-03
8.083083875466573823e-03
8.083445860138812472e-03
8.084330978117462707e-03
8.081138322376854241e-03
8.081827185740813116e-03
8.082031431836375623e-03
8.081286557357314840e-03
8.083294590452448636e-03
8.082793740551841646e-03
8.083476425852862551e-03
8.081326971389911004e-03
8.083265633327195443e-03
8.081254454488869671e-03
8.083572744792596326e-03
8.081137099271764809e-03
8.083438609846055681e-03
8.083496884503648186e-03
8.081910397202204596e-03
8.082422846776111600e-03
8.082657155433679852e-03
8.081428862842762392e-03
8.083260011666332928e-03
8.081762784697552743e-03
8.082744970961864076e-03
8.082778161873247977e-03
8.082219963863334494e-03
8.082511201025197045e-03
8.085965110203879522e-03
8.082852521324403530e-03
8.081865467148605098e-03
8.083254374148047400e-03
8.082518815446438146e-03
8.082523470185763032e-03
8.082449506418013657e-03
8.081582115289970628e-03
8.082918801152324736e-03
8.083572985319323334e-03
8.081350843728837829e-03
8.082753170996121589e-03
8.082692902899998519e-03
8.084558015851632876e-03
8.082246972051317438e-03
8.083022473475198755e-03
8.084498351890637147e-03
8.082839241564020172e-03
8.079560764674625223e-03
8.081532769487443160e-03
8.082567869161137730e-03
8.085946273116297045e-03
8.080977810668542316e-03
8.082725596526873710e-03
8.082185181283774861e-03
8.083302916548946657e-03
8.083045660374297420e-03
8.081843218972418336e-03
8.080632541022401277e-03
8.081570447315828201e-03
8.083779958797525020e-03
8.082991412479621079e-03
8.084331521744224369e-03
8.082986078646423045e-03
8.082675848186136880e-03
8.079184476240121662e-03
8.082262233250744887e-03
8.082043098725193511e-03
8.082501957173582330e-03
8.081362644927746544e-03
8.081314820514254663e-03
8.080248454380149770e-03
8.083196430652004466e-03
8.083462473790660810e-03
8.081081696706182704e-03
8.082856574653900228e-03
8.080430308522066826e-03
8.082521379035523951e-03
8.081912268431181920e-03
8.085988480515114360e-03
8.081912304025903535e-03
8.087059701864580952e-03
8.082583370687552657e-03
8.083619453077488942e-03
8.082930678747515113e-03
8.084173731929268983e-03
8.087086605654041083e-03
8.084375497585680539e-03
8.082560105904230616e-03
8.079493939401770006e-03
8.081357510309505540e-03
8.084580206343096320e-03
8.080391967304588127e-03
8.080180910824944288e-03
8.082379426426486782e-03
8.082497134767224409e-03
8.081979535166520026e-03
8.082611214312043768e-03
8.085931754546098540e-03
8.078417134821760590e-03
8.081877610707534354e-03
8.081688399516057456e-03
8.083895352302378906e-03
8.079204116884522446e-03
8.081683558791291980e-03
8.083679382829569993e-03
8.083656725691083442e-03
8.084417523837346756e-03
8.082908966414965174e-03
8.085165604510146861e-03
8.083010304754315381e-03
8.087520078977629076e-03
8.084596804602630499e-03
8.082032331886274817e-03
8.082640971923991252e-03
8.081079228673087103e-03
8.084882679498891014e-03
8.082820703937230664e-03
8.083852622469094376e-03
8.086491712710959165e-03
8.081430641566134110e-03
8.083943903319876917e-03
8.080865210273152632e-03
8.082416396555731214e-03
8.081561289431177936e-03
8.084868673593897936e-03
8.083652236735934873e-03
8.084302945110708252e-03
8.080261312317593703e-03
8.082661798945772053e-03
8.086269850927630537e-03
8.082510131503515757e-03
8.081066218028738757e-03
8.082097818935939787e-03
8.083666293527955182e-03
8.084584988900661573e-03
8.083978155759591333e-03
8.082011030840236671e-03
8.083609485178392534e-03
8.082881593933314082e-03
8.083634769606969431e-03
8.082435699048906227e-03
8.083814139534094279e-03
8.081193594302886821e-03
8.082096088798836758e-03
8.083841960366430074e-03
8.081120175874118017e-03
8.084331615482309372e-03
8.083274898441407744e-03
8.082029942244462264e-03
8.082274651615222252e-03
8.084998348313188546e-03
8.081538246730180647e-03
8.084082503776629167e-03
8.081845431238337402e-03
8.082389671705107054e-03
8.081091825118747948e-03
8.082392308867501762e-03
8.081001093018808784e-03
8.083707477619304221e-03
8.082114271556598006e-03
8.080597379151781279e-03
8.082818447411202131e-03
8.084250342014267024e-03
8.082654935396990648e-03
8.080529113407777450e-03
8.082556646358034225e-03
8.081078934504210345e-03
8.081219907391213111e-03
8.081878072329271717e-03
8.085587389938329872e-03
8.080482733245681129e-03
8.083040767102131485e-03
8.079697933892314443e-03
8.080103881191172052e-03
8.085802481006799936e-03
8.084419701456294766e-03
8.084643364487401063e-03
8.083081409338640014e-03
8.083340365618663440e-03
8.082196089756342808e-03
8.082716714153909826e-03
8.083743171105401554e-03
8.082737247565852795e-03
8.083931836865334772e-03
8.083452668529304483e-03
8.083866721378975967e-03
8.081470843076905483e-03
8.082361041145113070e-03
8.080872030362448027e-03
8.084495423273703116e-03
8.082641720727935450e-03
8.082074328779081940e-03
8.083218693213394326e-03
8.083428824603954704e-03
8.082594193090502158e-03
8.083391677226107325e-03
8.083824346444713066e-03
8.079924734762317443e-03
8.082474038283200476e-03
8.081826894177582959e-03
8.084167320892269096e-03
8.082718524591282760e-03
8.083022514276956560e-03
8.084612458644569941e-03
8.082662430936783660e-03
8.082885199499581508e-03
8.082775969698528448e-03
8.085909578625110131e-03
8.082952348045914157e-03
8.085125685795266359e-03
8.082402805620151134e-03
8.084256126501918049e-03
8.081098244957236887e-03
8.080776985881997151e-03
8.081447339683382400e-03
8.083497360203572082e-03
8.083351935843988145e-03
8.079171580641236056e-03
8.081699492989312048e-03
8.082241490520747709e-03
8.083103453274037564e-03
8.079434084762807805e-03
8.081093014785571335e-03
8.080629503135788871e-03
8.080250290995285786e-03
8.083790636647476477e-03
8.084570002493018936e-03
8.081901225119106358e-03
8.080641596786350758e-03
8.081787951975238221e-03
8.085918636566323189e-03
8.081761284286174268e-03
8.083590284491530900e-03
8.082674665321486901e-03
8.080672162962966587e-03
8.081738796140094591e-03
8.082770040267250877e-03
8.082651343231174110e-03
8.082446236224114997e-03
8.081140788246388845e-03
8.082542952785619350e-03
8.081243947361847063e-03
8.082040575809653835e-03
8.082913945463525776e-03
8.083832606529648551e-03
8.081758234982468897e-03
8.083687349654361878e-03
8.079156795243229439e-03
8.083325929720764497e-03
8.084094758256134966e-03
8.082081399769607682e-03
8.083496775143259386e-03
8.080980224173799076e-03
8.082123707943627416e-03
8.083585176194358485e-03
8.082134366228739542e-03
8.082789217307822724e-03
8.081189999959251594e-03
8.083631910815422192e-03
8.083733874774403153e-03
8.084619815928482250e-03
8.081525472080280242e-03
8.081984430864252653e-03
8.082652424772390071e-03
8.081490381310408797e-03
8.085283941016714604e-03
8.082237698946672169e-03
8.083222696056071438e-03
8.082756038643959529e-03
8.085323901146343473e-03
8.080924398665347008e-03
8.080802010724029080e-03
8.080959064378461301e-03
8.085706430552374799e-03
8.083656680153790755e-03
8.082525844619938352e-03
8.082746665810583778e-03
8.081519150391871381e-03
8.082715359292716104e-03
8.084617936477312902e-03
8.084535577171703125e-03
8.082560723313186174e-03
8.084643825924180474e-03
8.082325627861980735e-03
8.084430793231071194e-03
8.081835560891564851e-03
8.082563415442211088e-03
8.084972444454347623e-03
8.081441634592800155e-03
8.082316881568416336e-03
8.082195528217468380e-03
8.080676280140653908e-03
8.081305572651995700e-03
8.081078551977524671e-03
8.080300952493242594e-03
8.079937627363390981e-03
8.082759688929370273e-03
8.082774456770828661e-03
8.081993823768810967e-03
8.082189091973956269e-03
8.084626701987222830e-03
8.080772841969657144e-03
8.079866034221418886e-03
8.082935527021538683e-03
8.085737386109856720e-03
8.082755613484229190e-03
8.082000831795730159e-03
8.084103723987681039e-03
8.084193644894384356e-03
8.083031851207336457e-03
8.081439988876124372e-03
8.082951269260082658e-03
8.085124556563124537e-03
8.083031879716807283e-03
8.079090907967777929e-03
8.081524956692577241e-03
8.082845844626082576e-03
8.083868098897937712e-03
8.082473153606670527e-03
8.082590522152236986e-03
8.081074595069634783e-03
8.080587976173709761e-03
8.082632073335373549e-03
8.083801370574041772e-03
8.083362699036053187e-03
8.082029223170309612e-03
8.084033261779983992e-03
8.080358628985392574e-03
8.083914043835084204e-03
8.085475391349416369e-03
8.083246393264742480e-03
8.081953935636175534e-03
8.081188812537888969e-03
8.082352896509123127e-03
8.082174857015641742e-03
8.084664195830381511e-03
8.083019790727043186e-03
8.083972958374915918e-03
8.081275469569541847e-03
8.083029335718748196e-03
8.083332993307469627e-03
8.080527121590621795e-03
8.080395378598307851e-03
8.082204565867981763e-03
8.082823389275012663e-03
8.083307974107537333e-03
8.082902798358873250e-03
8.080018148335520525e-03
8.082744335566289379e-03
8.081676938867047785e-03
8.083610293347217798e-03
8.083095756143071978e-03
8.082463951330170690e-03
8.082696829761882792e-03
8.083650460405170102e-03
8.082160719984141442e-03
8.080379116802361567e-03
8.082017658956093184e-03
8.085493824388008399e-03
8.081599671039297120e-03
8.082119244621993256e-03
8.081477407965572887e-03
8.081564978461906398e-03
8.084433556798460013e-03
8.083082757194298695e-03
8.082249931057831210e-03
8.081846617682851217e-03
8.082272890958148992e-03
8.082220306316754282e-03
8.082153179496393350e-03
8.083544375978591809e-03
8.079241346225578616e-03
8.081183956291173448e-03
8.083307931255535872e-03
8.083192829139447533e-03
8.079443054777549205e-03
8.082722177725700993e-03
8.083979584201036322e-03
8.084270245583839026e-03
8.083828394322464805e-03
8.083878001592674847e-03
8.083037471065623522e-03
8.081541909294947743e-03
8.081942303571617442e-03
8.085285999279975822e-03
8.083536707351072353e-03
8.081789896829430844e-03
8.081514508633539512e-03
8.083084320944984927e-03
8.082695130770162911e-03
8.081112243180919516e-03
8.084106539955931287e-03
8.080691863054613108e-03
8.082860699990307776e-03
8.083659805754421501e-03
8.083914444344874467e-03
8.082768084650865034e-03
8.084250437870315817e-03
8.081054586664372305e-03
8.084866602021293508e-03
8.084114220110086291e-03
8.084262929177292445e-03
8.083272283182771356e-03
8.080282933202374146e-03
8.082532061890419783e-03
8.084717296938482428e-03
8.084925288705304205e-03
8.083590782220900772e-03
8.081180082531230421e-03
8.081599290352148648e-03
8.080704830346065529e-03
8.081733376455691939e-03
8.085541325198803558e-03
8.080699099936380567e-03
8.080320816755286878e-03
8.084116661839587173e-03
8.081461962486035169e-03
8.082678855614889094e-03
8.082729852430727002e-03
8.084287077170584923e-03
8.085183253964190950e-03
8.079362073362529248e-03
8.083289056826483202e-03
8.084115888382266413e-03
8.082694416230674569e-03
8.081852288289734579e-03
8.082866249715891377e-03
8.084245586476400749e-03
8.082734069831055274e-03
8.084824447145387560e-03
8.082511255488747035e-03
8.082952067939491725e-03
8.083977238102783153e-03
8.082773050971237341e-03
8.082517282599802066e-03
8.081661384285648841e-03
8.083742277891107358e-03
8.082661798945787665e-03
8.081993227969786267e-03
8.081935784300107659e-03
8.080299771739163014e-03
8.081821742976402073e-03
8.080381132909484829e-03
8.082942529157383788e-03
8.082079992813800615e-03
8.084849690373751077e-03
8.082871539915513492e-03
8.083118107588566775e-03
8.081624783586786528e-03
8.082475739273951507e-03
8.083332636138624780e-03
8.078826884187139193e-03
8.082449246467390130e-03
8.083360576747590162e-03
8.083796492221715507e-03
8.083852451198563632e-03
8.080351196897688631e-03
8.082608173102927632e-03
8.081569887159483281e-03
8.083519236425079982e-03
8.082026148939080654e-03
8.082948779262234124e-03
8.084898723800373888e-03
8.085426367181468982e-03
8.082693766089197457e-03
8.082871555154148499e-03
8.083674134479737136e-03
8.083124687304762274e-03
8.082739916328707599e-03
8.080352827376480543e-03
8.083336618623608930e-03
8.083216403379001047e-03
8.085127536923251632e-03
8.082668621603762704e-03
8.080465541455968820e-03
8.084258591698919444e-03
8.082867344287364766e-03
8.083639650483330497e-03
8.082259856096885714e-03
8.080907403056917723e-03
8.082450532289946199e-03
8.084583269786345394e-03
8.083923367543280336e-03
8.084844092258791637e-03
8.084614042720528887e-03
8.082202196856538151e-03
8.082263613058601401e-03
8.084996349343261460e-03
8.082488155323582640e-03
8.081210277252648053e-03
8.081366043752423109e-03
8.080087509786766306e-03
8.083266311180288544e-03
8.082209850391422132e-03
8.083753199021092087e-03
8.083444762995372138e-03
8.081874470555088993e-03
8.082200528143811125e-03
8.083153637725137494e-03
8.083384675419053034e-03
8.082043724967579584e-03
8.087425085645829487e-03
8.082093794233543779e-03
8.083117591663682364e-03
8.083025536195180896e-03
8.083284609497875389e-03
8.082233683623950282e-03
8.080623506616306517e-03
8.081831388166670072e-03
8.081386046683514124e-03
8.082492397413621257e-03
8.083242339437579638e-03
8.079774418087951049e-03
8.080061363981309863e-03
8.081728508604358110e-03
8.082312573379286241e-03
8.084210610084439225e-03
8.084634980213899896e-03
8.082911640305388487e-03
8.081442781752290819e-03
8.080858036890521678e-03
8.084460605591812718e-03
8.084783240730543039e-03
8.081134327190830219e-03
8.082286953368792923e-03
8.081581296174502466e-03
8.084142054775327393e-03
8.083481041099828401e-03
8.088499201680485542e-03
8.082251283893652008e-03
8.081830539101048441e-03
8.080128372605167864e-03
8.082541833553733360e-03
8.083263073142244251e-03
8.085487574128542160e-03
8.086033943394178164e-03
8.081861803609887915e-03
8.081608524980512728e-03
8.081521036157527857e-03
8.079981951995496292e-03
8.082449019950772168e-03
8.081432906626341214e-03
8.082045496417668631e-03
8.082646956926318321e-03
8.082839781169477711e-03
8.082614763990081386e-03
8.084614542273117418e-03
8.082199351508407431e-03
8.082925905498149904e-03
8.081734540449641777e-03
8.085973984004422854e-03
8.083834996838908105e-03
8.082673043286503142e-03
8.081673509240154540e-03
8.084035502240866783e-03
8.084040239439486270e-03
8.082305612925163446e-03
8.083160073150600852e-03
8.082477463631733069e-03
8.081009207714083889e-03
8.082483742401988525e-03
8.080730823432871746e-03
8.085274574541660708e-03
8.080432503153819196e-03
8.081929161059131159e-03
8.082192111978558566e-03
8.082271856963968784e-03
8.084909491002051016e-03
8.085333448787642568e-03
8.082459464470025112e-03
8.081861182682026704e-03
8.084897758241052154e-03
8.082421974666109329e-03
8.083943234239573603e-03
8.083667250297760926e-03
8.083613624014199597e-03
8.082450117131252318e-03
8.082613784057156650e-03
8.082887061050732583e-03
8.081678367221385370e-03
8.081264495421659755e-03
8.082740297133621243e-03
8.084342290747652954e-03
8.083202466623749458e-03
8.083532904961276966e-03
8.084770577324500510e-03
8.083864039483287800e-03
8.084498550490121227e-03
8.084442094349461247e-03
8.081605908475305786e-03
8.080187600607408385e-03
8.082738871389277477e-03
8.084055503867235842e-03
8.082544792506534889e-03
8.084078421813890858e-03
8.080052960703687503e-03
8.083441017467831238e-03
8.084269151782706025e-03
8.083596656158972826e-03
8.083134231891513435e-03
8.081450470348765583e-03
8.083818425904243724e-03
8.083074695196134155e-03
8.081983948166216597e-03
8.081017502083030768e-03
8.079503026207614236e-03
8.082185781144116815e-03
8.083235014655269432e-03
8.082152160990127912e-03
8.085105290168119116e-03
8.083605049693404557e-03
8.082637753666131394e-03
8.080422209700821243e-03
8.083122363100731650e-03
8.078939307192988320e-03
8.081700206375086112e-03
8.082387650879110930e-03
8.081393465560323883e-03
8.083414810467783734e-03
8.082948447557188748e-03
8.084440809032032368e-03
8.082549520293677570e-03
8.080800824919118219e-03
8.084463843873984645e-03
8.088732538737078773e-03
8.082083608923228135e-03
8.085125314935456484e-03
8.080710532887582648e-03
8.083783394127153424e-03
8.082320006416746083e-03
8.081781342789043365e-03
8.083019324383725057e-03
8.085506756631942113e-03
8.084835365659461329e-03
8.081753934051897140e-03
8.085422239418660340e-03
8.083002900837164134e-03
8.080375411175651570e-03
8.081240694703324332e-03
8.082380600385373481e-03
8.082121910035157744e-03
8.081720190206424098e-03
8.083588627899396598e-03
8.082867876684758299e-03
8.081671623159231155e-03
8.081981396218934632e-03
8.085384712064359880e-03
8.082561788073448772e-03
8.082556744135540802e-03
8.082778961796977663e-03
8.084015647671567370e-03
8.082133835708099970e-03
8.082764068772367236e-03
8.084037693284921305e-03
8.084666685703515571e-03
8.079906247448051179e-03
8.084436527192019606e-03
8.082225192352899407e-03
8.080289198388433333e-03
8.081572580507609405e-03
8.080994787538344631e-03
8.080335688305182937e-03
8.081254170125404604e-03
8.084352254967969859e-03
8.082117702610355087e-03
8.083678800061951109e-03
8.081701633350136388e-03
8.082693561260326578e-03
8.081577153841376648e-03
8.083632326119661107e-03
8.083319683479226608e-03
8.081766465171742048e-03
8.081673452901139490e-03
8.081073920544487241e-03
8.082710476907671235e-03
8.081467525807843610e-03
8.083382005356644015e-03
8.083739190416383558e-03
8.081725351500416987e-03
8.082684477384326216e-03
8.084118099392455584e-03
8.085254112121758110e-03
8.082454045848069465e-03
8.082486380167341888e-03
8.082478723569975348e-03
8.080511106038466493e-03
8.083455480986141348e-03
8.083101900917747176e-03
8.082392276474418755e-03
8.081832017719045580e-03
8.083202026268422602e-03
8.084367043322132629e-03
8.084414548074396467e-03
8.083167752083956353e-03
8.082347776488724156e-03
8.082671738687740789e-03
8.084215796962869460e-03
8.080612009342080099e-03
8.080710789737068772e-03
8.082368689553871832e-03
8.083122523924691702e-03
8.083576053184547347e-03
8.084025205930281399e-03
8.083452441916674780e-03
8.081702001765720886e-03
8.080140473186867706e-03
8.083932050604305738e-03
8.085472783467157268e-03
8.084660074529030974e-03
8.081865737610490624e-03
8.082424814122687179e-03
8.085228145056027813e-03
8.082400768237543026e-03
8.081580589855707347e-03
8.083063271447310516e-03
8.079219842384651948e-03
8.081649284114542434e-03
8.082231299603332211e-03
8.083968827838537707e-03
8.081464499213505612e-03
8.082991399560382484e-03
8.083889684004974541e-03
8.081435342370869163e-03
8.081985023366870802e-03
8.082283120883911390e-03
8.081767017397331956e-03
8.084458957316516953e-03
8.083437825973373639e-03
8.083751403194634061e-03
8.084841819070327784e-03
8.081601287390634616e-03
8.083936661262525539e-03
8.083167706751409609e-03
8.084392133536143221e-03
8.080992889059683895e-03
8.082957274243502896e-03
8.087096814057082375e-03
8.081589957976224523e-03
8.080982959669472804e-03
8.082325434204848738e-03
8.080212803594373147e-03
8.081653980855184674e-03
8.083663483591593465e-03
8.080093138065420205e-03
8.079826881482645579e-03
8.083088763087230982e-03
8.080047247594498647e-03
8.083953706684791907e-03
8.082726101880852859e-03
8.082549035416781991e-03
8.082578643639487179e-03
8.083013235540743163e-03
8.086121565871549205e-03
8.083194674285802683e-03
8.082805695922332112e-03
8.079308977490188073e-03
8.081931507847939580e-03
8.081422057640098855e-03
8.079222990137231372e-03
8.084001400898805853e-03
8.084943866178837674e-03
8.080542964723855942e-03
8.082706179865842971e-03
8.084647736955576786e-03
8.083886020293942071e-03
8.082527904368922572e-03
8.081832701474335814e-03
8.083174264393798783e-03
8.083252205464588891e-03
8.081333815813112817e-03
8.083031293934617167e-03
8.083583902448326225e-03
8.082683096738443873e-03
8.083396783737706315e-03
8.083809458958592445e-03
8.083659700754117911e-03
8.082726572166068144e-03
8.082919734669673228e-03
8.081838898817752040e-03
8.081794792557960017e-03
8.083464808329502566e-03
8.082487508690845701e-03
8.081650893427053811e-03
8.081339034013892281e-03
8.085394419550416198e-03
8.084803069810653567e-03
8.082749125791646380e-03
8.081615038611532700e-03
8.081711743703593603e-03
8.083142157039858305e-03
8.081155339187195280e-03
8.082964995890572907e-03
8.083335846178521869e-03
8.079392424546159857e-03
8.082735744453312110e-03
8.083988871153280006e-03
8.082619776792173208e-03
8.082137485591497222e-03
8.080001080335913119e-03
8.079540973577915841e-03
8.082490274294395691e-03
8.084669803735131458e-03
8.084776380044981711e-03
8.081796411684195880e-03
8.081910009790681595e-03
8.081807997960389553e-03
8.082230343809181788e-03
8.084811045418827460e-03
8.081289675712215528e-03
8.083286731872774480e-03
8.081408314861832781e-03
8.080832884904525990e-03
8.083047761011588270e-03
8.083204901912756368e-03
8.082355305403013043e-03
8.081192798234366689e-03
8.083965348645565790e-03
8.082160505495001451e-03
8.083102462496421364e-03
8.083109129808209101e-03
8.082497855576289622e-03
8.083482393796245086e-03
8.082707267614785973e-03
8.084587569052914882e-03
8.084739724408866735e-03
8.082222960527836106e-03
8.084306322031607414e-03
8.083816003975039660e-03
8.083580147114343209e-03
8.081715351855664128e-03
8.083827638416519329e-03
8.082879354914239770e-03
8.084393538367868129e-03
8.081563321609889702e-03
8.081955374980949111e-03
8.082373708368046847e-03
8.082612455563832621e-03
8.084421530650452020e-03
8.082158064120407645e-03
8.084919621254044175e-03
8.082278394881986516e-03
8.081873867106546122e-03
8.082461536415785908e-03
8.080457437921059749e-03
8.082475268011741695e-03
8.086734457589374314e-03
8.084170782419684495e-03
8.079195756502132592e-03
8.083136593536637687e-03
8.081848631291115720e-03
8.081190184400142973e-03
8.079456703215619900e-03
8.081575735364008098e-03
8.083325243488464346e-03
8.083105959552180919e-03
8.082745178869405953e-03
8.084429862520649268e-03
8.082678272544123813e-03
8.082187177825304186e-03
8.083413416807645052e-03
8.080073392412097724e-03
8.081362655344214579e-03
8.082061849123044206e-03
8.081685271128426912e-03
8.082855636618254541e-03
8.083735690352287367e-03
8.081713954913367914e-03
8.082755867014349699e-03
8.080978337978762110e-03
8.083586672822534042e-03
8.082383172659446044e-03
8.083471778572654323e-03
8.082456066518023743e-03
8.080088691542435322e-03
8.083459971850538717e-03
8.082686459950833013e-03
8.082836538974527696e-03
8.081170759768491543e-03
8.082639756315738305e-03
8.085041515473494894e-03
8.082709301274615052e-03
8.083704076603815888e-03
8.082719565784894991e-03
8.084885319460522260e-03
8.080620198247765590e-03
8.084659699271658923e-03
8.081240938411660829e-03
8.082523491331060350e-03
8.083674880128625256e-03
8.082515506223145185e-03
8.081388055059512618e-03
8.081081205938599882e-03
8.083117324945224280e-03
8.081679846632524103e-03
8.084253501362133679e-03
8.082245524963687158e-03
8.081385552844929515e-03
8.085359837324704660e-03
8.083794281167228438e-03
8.081137030628687476e-03
8.082046151058151079e-03
8.081709678655442028e-03
8.081992756170991790e-03
8.079085830550537806e-03
8.081737305915904016e-03
8.083904140109903977e-03
8.082658464255315992e-03
8.083255921633728663e-03
8.082827156479158517e-03
8.083345025442658857e-03
8.081442781752290819e-03
8.082483695885708114e-03
8.081674093939988229e-03
8.083180762901320815e-03
8.083272878661498448e-03
8.081203926286294539e-03
8.083165866180347728e-03
8.082233989369434768e-03
8.081579911112812126e-03
8.082607121294669086e-03
8.082739805903810942e-03
8.081431869894463785e-03
8.084071625757078064e-03
8.081819109113621419e-03
8.083139005378270348e-03
8.081589042606744655e-03
8.084830229112426395e-03
8.081467336523840209e-03
8.084836983679771077e-03
8.084289642415431326e-03
8.084045519202092550e-03
8.083299352150491446e-03
8.084747367644421617e-03
8.082212471023917863e-03
8.084149837451485437e-03
8.083127890659329989e-03
8.081371561533092981e-03
8.082469321213292188e-03
8.082758381565203695e-03
8.081193513913998566e-03
8.081258167577638415e-03
8.082118420399367342e-03
8.082113850263694665e-03
8.082504917466235700e-03
8.082045909442132220e-03
8.083579651404637287e-03
8.080835327480277025e-03
8.082565146487539001e-03
8.083839136997039362e-03
8.084054425825566020e-03
8.082999316411227514e-03
8.081739767800967880e-03
8.085685362091754591e-03
8.082272450279702133e-03
8.081586971497746810e-03
8.081474527929129181e-03
8.083239112311431732e-03
8.084995142475051924e-03
8.080110947442604996e-03
8.081094367502553166e-03
8.081801576733823461e-03
8.084610228815153343e-03
8.085037298281042006e-03
8.081549934058244317e-03
8.082279265090745735e-03
8.080438069044959537e-03
8.083563314065652164e-03
8.085563196716208031e-03
8.084382850041073321e-03
8.083314910922770671e-03
8.079396617091207100e-03
8.085706315848900649e-03
8.082422867183400306e-03
8.083232736801917312e-03
8.082778101803455087e-03
8.080819031460273125e-03
8.083900302122625295e-03
8.083194028340762172e-03
8.085194399423411421e-03
8.080611409896297156e-03
8.079681629638292908e-03
8.081182203279062976e-03
8.082465033347963762e-03
8.084117254060236429e-03
8.083348407355717483e-03
8.082273380121305154e-03
8.080913254299992854e-03
8.081017340622245054e-03
8.082444338759068800e-03
8.082240865548330142e-03
8.083206066943593796e-03
8.080521859744170185e-03
8.081196330184559073e-03
8.082053319399576732e-03
8.084465656365915492e-03
8.081621536908995332e-03
8.084745165881871559e-03
8.081918140503206727e-03
8.082499406096422048e-03
8.082391705376721844e-03
8.083586718888978104e-03
8.083056844813042360e-03
8.080206092666117335e-03
8.085322638475401710e-03
8.081705756638387153e-03
8.082205284407048551e-03
8.083201717839378145e-03
8.082869110410952421e-03
8.079504080816014844e-03
8.083048615955421012e-03
8.081357121264112417e-03
8.080499831619063211e-03
8.080734501339816023e-03
8.081304352926081680e-03
8.080765412716977084e-03
8.081532332431751176e-03
8.081543780420384626e-03
8.082723762827872041e-03
8.082004926728727015e-03
8.082280404721937234e-03
8.082033702198468395e-03
8.083961980069489725e-03
8.084078444747859818e-03
8.081903909722727361e-03
8.081209089914847057e-03
8.083166065935992045e-03
8.081753621371933621e-03
8.086007671177983941e-03
8.083643268230541676e-03
8.083369725441274731e-03
8.082610213273749844e-03
8.082694654150230154e-03
8.081860317496660645e-03
8.082785902875580172e-03
8.082179081249373648e-03
8.081937964443177205e-03
8.085030121438949169e-03
8.082700297348224122e-03
8.084298854691774130e-03
8.082423947305210007e-03
8.082144648081726612e-03
8.084108645088072809e-03
8.082196663985441107e-03
8.080902034977487103e-03
8.081966883953189615e-03
8.081446090269292851e-03
8.081069734516199352e-03
8.084028092090021420e-03
8.083332335833741389e-03
8.081364900934995613e-03
8.080392924570254168e-03
8.082785216620837904e-03
8.081725809636787841e-03
8.084287531730474652e-03
8.082886553216369480e-03
8.082200031844091054e-03
8.086420792966873133e-03
8.083918392967142166e-03
8.080819697808308902e-03
8.085033400692269445e-03
8.083392950668339197e-03
8.082296488967938286e-03
8.081976588656312327e-03
8.082457889125134118e-03
8.079857066892244533e-03
8.086011019673090133e-03
8.079386973542894770e-03
8.083430991234133792e-03
8.081044667201789378e-03
8.082568495651903245e-03
8.082574930305249858e-03
8.083964204640310680e-03
8.079947041555020359e-03
8.080179024287859751e-03
8.082489489382992456e-03
8.081967820088100524e-03
8.080089139869028186e-03
8.081873277128122368e-03
8.084994800586680144e-03
8.081309335313381290e-03
8.082696223039415387e-03
8.081249331162920421e-03
8.083228223785042174e-03
8.082059034898786062e-03
8.083557043899012792e-03
8.083298027504026012e-03
8.080634112540299729e-03
8.082684089805987002e-03
8.081544552470209739e-03
8.084149651940372022e-03
8.081004567109882630e-03
8.080452736517645604e-03
8.083315273727442393e-03
8.082291277133665103e-03
8.081458271166850824e-03
8.083136317855170450e-03
8.083851700296044648e-03
8.082798988713351188e-03
8.081474381280873143e-03
8.084574448751215628e-03
8.084091995434701527e-03
8.082105333066549185e-03
8.080663377084098403e-03
8.083582093346945371e-03
8.084729720870955511e-03
8.083885611596019344e-03
8.079857733644712006e-03
8.083914973411387289e-03
8.081739683401810079e-03
8.081882292698683301e-03
8.082082132924947940e-03
8.085508524071119765e-03
8.082422332496664447e-03
8.082893798732103743e-03
8.082020188010885162e-03
8.081396388964372235e-03
8.085440754391454848e-03
8.086711596935483581e-03
8.083869401127480661e-03
8.082271135794318745e-03
8.082745132439091498e-03
8.080940284713828900e-03
8.081955526424166453e-03
8.085800051925762927e-03
8.081025459473815259e-03
8.081648438256297876e-03
8.082860509687700770e-03
8.082355737374737059e-03
8.081488474432045252e-03
8.081704620396050823e-03
8.083664415176050611e-03
8.080448492608031247e-03
8.083440624346373976e-03
8.081216722961612892e-03
8.079962114589977693e-03
8.080779811424970357e-03
8.079306999179419399e-03
8.082056578150306064e-03
8.083116851953167301e-03
8.083858041281626744e-03
8.082454492209026342e-03
8.083796082943866049e-03
8.081678383770336815e-03
8.081491109844211526e-03
8.082339383417765435e-03
8.080956455300205774e-03
8.081983451109013908e-03
8.081147282938294651e-03
8.081983273231396758e-03
8.081759370295038547e-03
8.083172116953987740e-03
8.081472423641400740e-03
8.081070272800361387e-03
8.082696622676233816e-03
8.082840058584212992e-03
8.081147653178711102e-03
8.082532839507458253e-03
8.080969392493772205e-03
8.080333404019477903e-03
8.082970689764372441e-03
8.083863704342062265e-03
8.080066834064354372e-03
8.081202731705275366e-03
8.080087743420514071e-03
8.082060901047656912e-03
8.084533569729743935e-03
8.080971194724449400e-03
8.081928180329014250e-03
8.080297173615748688e-03
8.083595018594900636e-03
8.083461521956606527e-03
8.083357538434938344e-03
8.080548634852096138e-03
8.083111658928403623e-03
8.085694380186211547e-03
8.083044817639415541e-03
8.081737214332770577e-03
8.081770791351371858e-03
8.082423933898318091e-03
8.085400240950217643e-03
8.081639232896386041e-03
8.082098232055377751e-03
8.082558713880541590e-03
8.080429202105905012e-03
8.084102724248086111e-03
8.083604857435493576e-03
8.081254652622599580e-03
8.081344652203316381e-03
8.081510311155322077e-03
8.084172036718956580e-03
8.081987198783995019e-03
8.082510440599134649e-03
8.084412477547469472e-03
8.081992173995175555e-03
8.083553831717412222e-03
8.084991654434567007e-03
8.083106308966785808e-03
8.082579128626820458e-03
8.083387443341475548e-03
8.081851990461340687e-03
8.081525768046779815e-03
8.081422253853460386e-03
8.082015642397192418e-03
8.084202871721252875e-03
8.083712696930252933e-03
8.083622779687450396e-03
8.082974289562581960e-03
8.083855623677770053e-03
8.083878163689536822e-03
8.082027660284405585e-03
8.083380023230557487e-03
8.084867802641995324e-03
8.083069808384206814e-03
8.084118631346252568e-03
8.081944569499299041e-03
8.082840939865587257e-03
8.082666807417659277e-03
8.081533330997342501e-03
8.083995706476462470e-03
8.082169784143182836e-03
8.082583959768669876e-03
8.084399585543343772e-03
8.082580215911499416e-03
8.083744028567908801e-03
8.081387943890815106e-03
8.082630822540154414e-03
8.083400423773126967e-03
8.081410796804812044e-03
8.084647460230860727e-03
8.083838397016988170e-03
8.083656007817035041e-03
8.081450216302292489e-03
8.083087921264749467e-03
8.082314496513432964e-03
8.083968875800673706e-03
8.082135560986256420e-03
8.084017230465596893e-03
8.085504387884244124e-03
8.082592334927599098e-03
8.086082628243335471e-03
8.083330649024436307e-03
8.084207572219724233e-03
8.082911013990702609e-03
8.081820111967012027e-03
8.084220089893536659e-03
8.082847482785241247e-03
8.080220733128936836e-03
8.081288100477524577e-03
8.080833039609217755e-03
8.081821127766262297e-03
8.083788222288458211e-03
8.084826027896811415e-03
8.079855522941763180e-03
8.082787397277229474e-03
8.081105376226197651e-03
8.084582942021670618e-03
8.083991658930379451e-03
8.082496436276846025e-03
8.083355283952518150e-03
8.081816180897299223e-03
8.082464577328807298e-03
8.082777931150827641e-03
8.084081902034957051e-03
8.081758236842975437e-03
8.083292493022890476e-03
8.083162064215431222e-03
8.082686548735368293e-03
8.085505356970095620e-03
8.082098785013562200e-03
8.082449224330047824e-03
8.082205970109258841e-03
8.083125607310108485e-03
8.083360422622705432e-03
8.081782503838718171e-03
8.083236729778425778e-03
8.082681753632317556e-03
8.082727014301127610e-03
8.084154200798597881e-03
8.082762365686809239e-03
8.083556021480571216e-03
8.083626286910025258e-03
8.082000732855360373e-03
8.082554604946241145e-03
8.079889333479254449e-03
8.079850654636573648e-03
8.083298622419141446e-03
8.085903836964390343e-03
8.083006213862447067e-03
8.081734370696078140e-03
8.082984133937628005e-03
8.083319772123565006e-03
8.079131701778924715e-03
8.081843025271403039e-03
8.082401009386390445e-03
8.081543472160187744e-03
8.081129162207534994e-03
8.082748398426617062e-03
8.080479200500536099e-03
8.083141335351845536e-03
8.082072585326569372e-03
8.081864765528679745e-03
8.080992932157958844e-03
8.079306051676646977e-03
8.080272667761347408e-03
8.083402981640416471e-03
8.080312463069963536e-03
8.083315394594328337e-03
8.080491223344509963e-03
8.083559228473142025e-03
8.081286601845464115e-03
8.082038009980266335e-03
8.083367881059240478e-03
8.082822776864822395e-03
8.081441175598568644e-03
8.081458444398751870e-03
8.081810767162496759e-03
8.084169269521632867e-03
8.082656042543144917e-03
8.083819231101140729e-03
8.082737899177997246e-03
8.083386545853164448e-03
8.082287165685840546e-03
8.084735495302827410e-03
8.080020553417603668e-03
8.080256594681256566e-03
8.081177526854471660e-03
8.082248646138646270e-03
8.081495471641220174e-03
8.083025366643009982e-03
8.083284422454886653e-03
8.080864568083051189e-03
8.080422035656734808e-03
8.080729717946868659e-03
8.081403203341426186e-03
8.084017426849313473e-03
8.082634090072066124e-03
8.083259749673749051e-03
8.082634180027801693e-03
8.080799747037108877e-03
8.081772778077972799e-03
8.080401168167293535e-03
8.082778935368885309e-03
8.082360538024442945e-03
8.081963524346947106e-03
8.082543575220021981e-03
8.083838829789543809e-03
8.081492160567976465e-03
8.081644324161123966e-03
8.085105319389794543e-03
8.081629463198668553e-03
8.080877356780603524e-03
8.081867445658462781e-03
8.081060316023317910e-03
8.082628002433894787e-03
8.081511423928003368e-03
8.080022933952581143e-03
8.079226644342775432e-03
8.082400553793837178e-03
8.082943377452569619e-03
8.084553865783954477e-03
8.082427227595057051e-03
8.081035611569684085e-03
8.081368837507350161e-03
8.081407642357065629e-03
8.082836557763041843e-03
8.083005255404616604e-03
8.080746036167775134e-03
8.081096592659216260e-03
8.082224926074847715e-03
8.084496202565219850e-03
8.083149606603900333e-03
8.085065568247893839e-03
8.083583566035085211e-03
8.082018430365182568e-03
8.081322099815130278e-03
8.083030741587796109e-03
8.083572874912924033e-03
8.081719040069381202e-03
8.081626225115223078e-03
8.082589931931552160e-03
8.084886018293106075e-03
8.083723294227093334e-03
8.081062604711128361e-03
8.080183680669936544e-03
8.082776700937864892e-03
8.083871949941884988e-03
8.083740070170783096e-03
8.080933903681572494e-03
8.080308189910177449e-03
8.082085851851354349e-03
8.084454654784065109e-03
8.084038318586459285e-03
8.080669204809464920e-03
8.084469944095772423e-03
8.084222480156260521e-03
8.084186012046488956e-03
8.082340852476534165e-03
8.080922945717388881e-03
8.081423944739717785e-03
8.083640593743793290e-03
8.084160297458021713e-03
8.083623018169934157e-03
8.080720514395895240e-03
8.083749466918008914e-03
8.083469590584028974e-03
8.084259478291284939e-03
8.083902756901389236e-03
8.080299002067881445e-03
8.081356752925638112e-03
8.082384918067944332e-03
8.082526160143864782e-03
8.081822225142865079e-03
8.084401691671438614e-03
8.081568899016884286e-03
8.082985438907614242e-03
8.084470344091284830e-03
8.081996340436896700e-03
8.082733501613153723e-03
8.083083794673763881e-03
8.082308392954750190e-03
8.080093553666185813e-03
8.080345887307950267e-03
8.085731538127501408e-03
8.084405198659019159e-03
8.081889765751902946e-03
8.083405020227739726e-03
8.080992612340813855e-03
8.083746442554639797e-03
8.084641842905320244e-03
8.083387601392296243e-03
8.083612342414994364e-03
8.081100012270305347e-03
8.081498739763368078e-03
8.085111550463862720e-03
8.082019470966131727e-03
8.084020944858156046e-03
8.082352993643956290e-03
8.081849805345655072e-03
8.079339385775324497e-03
8.083053297018359326e-03
8.084015970759058159e-03
8.083603442581004800e-03
8.081965470844082455e-03
8.081044925419037309e-03
8.082563866084231316e-03
8.081588180697461127e-03
8.081976325928622029e-03
8.082723359917633882e-03
8.080796631507021488e-03
8.080361289452128379e-03
8.084908388279339261e-03
8.081971511709846664e-03
8.082605644268110734e-03
8.085076252204951436e-03
8.082711084803250595e-03
8.083331947071847184e-03
8.084025589621773172e-03
8.081938858416444146e-03
8.083381738371392400e-03
8.082445047395773671e-03
8.082644373916723912e-03
8.081894081094050802e-03
8.083050808709546856e-03
8.083143192789148460e-03
8.082048156984687065e-03
8.080848477010292227e-03
8.082934592990821329e-03
8.082914220372555344e-03
8.084619462886704147e-03
8.082442977221169014e-03
8.085339183721973813e-03
8.081221325446754158e-03
8.082657876321916110e-03
8.083431465031118077e-03
8.084236905227221159e-03
8.081929304076133913e-03
8.082280419454374726e-03
8.085904949528275112e-03
8.083393505093922765e-03
8.082346751911715851e-03
8.081102939199016899e-03
8.084178165491692422e-03
8.080505815435084019e-03
8.080643105740061005e-03
8.081705410559554895e-03
8.082168062754078661e-03
8.081539747529066856e-03
8.082020779581101586e-03
8.083797842349228768e-03
8.082357261490306921e-03
8.081027415448098841e-03
8.080903900576105400e-03
8.082432523843705030e-03
8.082284320209725398e-03
8.083611454141515287e-03
8.083941325352280577e-03
8.083533256938271391e-03
8.083306862929103345e-03
8.084086113144985444e-03
8.082056052691584391e-03
8.083086063204406729e-03
8.082269922100806733e-03
8.081394021383466603e-03
8.083076823243599829e-03
8.081440301376523194e-03
8.081515415565735522e-03
8.079313816125872905e-03
8.083059093980033902e-03
8.082813740308669725e-03
8.081695323347022619e-03
8.081964538966125711e-03
8.083940470874668646e-03
8.084103023635137719e-03
8.083481125194269881e-03
8.082267479954902828e-03
8.081962580868601309e-03
8.084661422279799600e-03
8.083438157041074670e-03
8.082166760570290778e-03
8.079128366274888548e-03
8.082590587149133740e-03
8.081785597076255809e-03
8.084440881872222845e-03
8.083743164326502931e-03
8.082841365322822672e-03
8.082193530917124169e-03
8.081104575634946371e-03
8.082716102938269226e-03
8.083166063220176625e-03
8.085116672568367149e-03
8.083086559755200268e-03
8.081995705418532419e-03
8.079583026429059886e-03
8.080855565338301849e-03
8.081713697839981031e-03
8.082584701889501677e-03
8.081676725718189847e-03
8.083204042438894496e-03
8.082181301572762336e-03
8.084451085642712850e-03
8.081721634270844223e-03
8.083000651398608571e-03
8.082122319091637405e-03
8.084549875649332459e-03
8.083906136105732665e-03
8.083117069054148590e-03
8.080831187683136518e-03
8.080290179193356723e-03
8.081569539576564237e-03
8.085081344760804145e-03
8.087993065425607558e-03
8.084119745188243431e-03
8.083943539527507424e-03
8.081889678958372250e-03
8.083103844541687788e-03
8.081128169352386204e-03
8.079222990137299026e-03
8.082148509216419835e-03
8.082411893928064667e-03
8.080661063813996889e-03
8.082832739201668490e-03
8.084439232471251138e-03
8.082870011223302481e-03
8.082351034215997862e-03
8.080403192650919414e-03
8.080777471615114074e-03
8.083185117581692322e-03
8.083717156796095885e-03
8.080325190798230695e-03
8.081892326343447300e-03
8.079640627812932629e-03
8.082361673019579015e-03
8.084141482579841956e-03
8.081307773773922787e-03
8.079466347618592323e-03
8.080422350867822942e-03
8.081203715523560885e-03
8.085493633039819369e-03
8.081342671990088614e-03
8.080017395685371723e-03
8.079911554003097254e-03
8.079537076425781852e-03
8.083431259587934778e-03
8.082928325669510097e-03
8.084445697997945032e-03
8.084728013507588504e-03
8.080665109890682388e-03
8.080267895799167835e-03
8.081778594250256173e-03
8.084277361233085935e-03
8.084340755437411166e-03
8.081906840177415299e-03
8.080242831469817977e-03
8.084095689591359185e-03
8.086328256402977241e-03
8.082798944884611939e-03
8.080361289452216850e-03
8.083048003211601787e-03
8.083288256526158927e-03
8.083578316692015611e-03
8.080038475553307994e-03
8.084919569594844688e-03
8.081726359610097790e-03
8.083962499229196269e-03
8.083740838811906068e-03
8.082417021271399299e-03
8.081582782201288465e-03
8.081538029240846813e-03
8.082953546629082636e-03
8.082961833239908980e-03
8.082791453525821693e-03
8.082096574550024295e-03
8.082123187516334142e-03
8.081702757409603421e-03
8.081339097592414936e-03
8.083755932080277304e-03
8.079754788105044522e-03
8.082135900211517149e-03
8.081859995629986707e-03
8.082698112891134948e-03
8.084568197578224924e-03
8.081845184011459543e-03
8.081899343557711821e-03
8.082994837579892192e-03
8.085061501439842063e-03
8.082399888512307659e-03
8.081393481991978531e-03
8.081290957760237093e-03
8.081810848215863902e-03
8.080849114724166990e-03
8.081622125962232076e-03
8.081799709204296606e-03
8.082872762323913690e-03
8.081408729077343631e-03
8.081318754103009733e-03
8.082963651562871665e-03
8.085209403171875545e-03
8.083971247285662992e-03
8.081317537670190676e-03
8.081361675754350493e-03
8.084013150485657925e-03
8.083984639022006105e-03
8.080872714956409408e-03
8.084021592818469923e-03
8.080299907564777659e-03
8.084393052597199647e-03
8.085460765186460244e-03
8.084791220957338390e-03
8.082168524604905341e-03
8.082468719835735060e-03
8.081537515088442133e-03
8.081613762392693759e-03
8.082197468531397005e-03
8.084168087496115471e-03
8.082903462075574641e-03
8.082857700047001853e-03
8.082129435088566266e-03
8.083076157972301709e-03
8.081991011631955990e-03
8.083857176020265919e-03
8.081012813554307520e-03
8.084316904179371377e-03
8.080490375322074703e-03
8.082658934357380906e-03
8.079919618685149629e-03
8.083645717712036050e-03
8.085165785061671981e-03
8.082444041375633215e-03
8.084175101637447458e-03
8.082309068873130484e-03
8.083348213294039297e-03
8.085502246800312445e-03
8.080749409716737885e-03
8.083161202133520157e-03
8.079881423486975217e-03
8.084619403543689270e-03
8.082947933367078119e-03
8.085152675684222079e-03
8.083244858047079415e-03
8.084791041977930706e-03
8.083206832198987571e-03
8.086037519384605549e-03
8.081528209638748350e-03
8.083132478335128268e-03
8.084649511758740595e-03
8.083983751598531123e-03
8.083268443236264755e-03
8.081078040384156308e-03
8.082021455694754497e-03
8.082649448843445827e-03
8.081663261399195039e-03
8.083812019714345723e-03
8.081219642242896614e-03
8.081878561549113438e-03
8.083821384941467306e-03
8.084588984825313504e-03
8.081326732241617822e-03
8.081654075819004468e-03
8.084154369343270891e-03
8.080607558139845173e-03
8.083296052797931189e-03
8.082533271850511972e-03
8.082036865200635870e-03
8.081056896440680024e-03
8.081985965733706409e-03
8.080981658056334352e-03
8.082972009740067160e-03
8.083314197845081761e-03
8.081569240069509663e-03
8.085170950739333645e-03
8.084093558656076789e-03
8.082567692734625442e-03
8.082670317859093345e-03
8.081457878598877903e-03
8.081432508438360363e-03
8.084133161328846406e-03
8.085907301345994849e-03
8.079763720540679428e-03
8.082896323239182820e-03
8.084163154032103157e-03
8.083312074716556342e-03
8.081430981546056797e-03
8.082594769262527179e-03
8.084959719861756211e-03
8.080899892687166269e-03
8.081017077379850158e-03
8.082768636438380019e-03
8.081930706876303341e-03
8.082659860290532239e-03
8.082646436682041843e-03
8.082360415729707842e-03
8.081217526610322971e-03
8.080744028451550959e-03
8.080766064480902899e-03
8.086225795665700697e-03
8.081834067956929560e-03
8.082477009332768303e-03
8.080415756087059795e-03
8.082651235613514534e-03
8.084696757993706587e-03
8.081417267415933608e-03
8.083631989101435281e-03
8.081596967817161400e-03
8.081974743030777980e-03
8.082527064996016322e-03
8.083045201784580872e-03
8.082974073640360885e-03
8.082655819013318324e-03
8.080847346680422594e-03
8.083284776383642747e-03
8.081883186457789955e-03
8.082705132550542515e-03
8.083517605483550583e-03
8.084279337036174781e-03
8.081059112295129604e-03
8.080746427266289819e-03
8.082022375434131170e-03
8.083146974695559761e-03
8.082162272018343988e-03
8.083590883499025548e-03
8.084315675122797848e-03
8.083763705788860401e-03
8.085066937671130105e-03
8.081985335803638232e-03
8.082963993514940756e-03
8.083339990949556936e-03
8.083908299344494397e-03
8.082717742826489235e-03
8.084123737593108469e-03
8.080771757332282437e-03
8.085292733609601018e-03
8.084314962771590313e-03
8.082721493696973236e-03
8.083037529637496568e-03
8.082927375373916146e-03
8.082214818836584366e-03
8.083983984642066981e-03
8.082682251871428983e-03
8.082061933934032300e-03
8.083666608906671380e-03
8.082233686204906564e-03
8.083758531751812637e-03
8.082666117174699266e-03
8.083321415362717394e-03
8.082434232680336256e-03
8.081340116312989846e-03
8.083291723654361521e-03
8.083214156446324669e-03
8.081509432533587681e-03
8.080955063038615035e-03
8.082406932297715035e-03
8.084572991879890660e-03
8.082584583421465949e-03
8.084402360192022990e-03
8.081613053146780024e-03
8.080123600404161971e-03
8.083059438065013161e-03
8.083744575473875496e-03
8.079635163749623178e-03
8.083486148571001825e-03
8.082190059134420831e-03
8.083213195348604163e-03
8.082370107913511639e-03
8.082428579351963113e-03
8.084639325239069418e-03
8.079883053473867205e-03
8.081941595091644837e-03
8.080312880517442897e-03
8.080787583499112608e-03
8.082847184243740699e-03
8.083520887562648666e-03
8.083417652673919110e-03
8.080925795988297064e-03
8.080607141495430024e-03
8.083159595216965476e-03
8.083745972515187991e-03
8.082777376616457829e-03
8.081631789115277173e-03
8.082315906421840002e-03
8.081415457125061541e-03
8.083129725775815844e-03
8.084856448880715224e-03
8.081805570172375525e-03
8.081720182928485430e-03
8.083229990128599704e-03
8.082062351063918487e-03
8.082360264346832857e-03
8.082874108830752011e-03
8.083588632350062128e-03
8.086260718255236166e-03
8.083229423175576980e-03
8.082280586668467992e-03
8.082654512495830376e-03
8.084155506771306329e-03
8.085184799797544633e-03
8.084336447651640709e-03
8.083547323609219237e-03
8.081071130236866865e-03
8.081856428883461840e-03
8.084585045559164115e-03
8.081753996848536556e-03
8.081871911833864511e-03
8.083182478657755313e-03
8.082025814312799109e-03
8.081561255066052607e-03
8.082154764601523836e-03
8.083264126087206375e-03
8.080772514636078499e-03
8.083397702399994916e-03
8.081261304458766531e-03
8.081733397278311609e-03
8.083269459414709965e-03
8.085384216803628149e-03
8.082340811383127710e-03
8.080648637427223155e-03
8.083616916321883020e-03
8.083358673112397974e-03
8.082544741937045321e-03
8.085185651559939624e-03
8.084379531564276147e-03
8.084582804931170208e-03
8.083111501132471052e-03
8.083604839541584999e-03
8.084633626837077827e-03
8.086560726338117705e-03
8.085424322638134001e-03
8.082203520463088903e-03
8.081086367586198804e-03
8.084359006137901982e-03
8.084834687114008864e-03
8.083305221549173802e-03
8.081542065485853438e-03
8.081685026840876654e-03
8.082395359604387097e-03
8.084809844957829492e-03
8.087652209374730089e-03
8.080559286017191881e-03
8.084133719625971951e-03
8.082307386939730637e-03
8.082425437173081442e-03
8.085993318146708284e-03
8.084359676337438474e-03
8.083868442089168355e-03
8.083896507476491522e-03
8.082562083629058272e-03
8.083529491221803573e-03
8.083373446383769825e-03
8.085955852539633212e-03
8.079908711067831581e-03
8.085004817179738609e-03
8.079662402820739914e-03
8.079212773839109657e-03
8.082271310689188165e-03
8.081682708149965505e-03
8.081569482485504927e-03
8.083717705915876781e-03
8.081522234938494711e-03
8.084575356945051736e-03
8.084301532335129437e-03
8.082987100005468994e-03
8.079455950135231920e-03
8.080469914109053922e-03
8.083376439371124308e-03
8.083497773266612452e-03
8.081442206513436005e-03
8.080236167019940602e-03
8.082333692453808408e-03
8.084342675261689884e-03
8.085102914628043702e-03
8.080934348630667424e-03
8.082174069884555737e-03
8.080725644404452082e-03
8.082334661112171997e-03
8.080988773198944861e-03
8.084002479853098083e-03
8.080437706456772631e-03
8.081545819078789911e-03
8.082026050517361962e-03
8.084619363783244333e-03
8.083295438099519226e-03
8.082411520230311369e-03
8.081981885662118531e-03
8.083509727549032312e-03
8.083157868393425413e-03
8.085074560562057963e-03
8.085385700798246311e-03
8.081672235752020150e-03
8.080099019052737128e-03
8.082760164703143083e-03
8.081543438516079411e-03
8.082847528665480091e-03
8.081639908257930507e-03
8.081442293472950247e-03
8.083766101166624599e-03
8.082885320672266241e-03
8.082842363220515969e-03
8.080860067148804352e-03
8.083258722526154641e-03
8.081569622587957136e-03
8.085204984050379726e-03
8.083517711604665951e-03
8.081362576077590065e-03
8.081705335817838606e-03
8.083808756154605563e-03
8.083190806791167374e-03
8.084133223669832946e-03
8.079812468294979635e-03
8.085252345841245636e-03
8.083451185099427283e-03
8.080355329498932482e-03
8.083744402127271064e-03
8.080394250474279630e-03
8.083104502462504573e-03
8.082100544327066108e-03
8.082386906471381027e-03
8.081380095899298038e-03
8.081352871107588820e-03
8.080346099233824686e-03
8.081375742183502173e-03
8.082635114345629659e-03
8.085129496777043040e-03
8.082077693881204242e-03
8.082541197474408731e-03
8.082320239586604504e-03
8.083470458650120205e-03
8.083460461174528031e-03
8.082211217851388574e-03
8.080406375493488780e-03
8.083318921195938034e-03
8.083840794356785334e-03
8.083881029072498975e-03
8.082395289024225590e-03
8.082486743740509988e-03
8.084114639813295977e-03
8.083755383698319405e-03
8.082111250248909598e-03
8.082726024226315545e-03
8.082649838627003688e-03
8.081304900553724566e-03
8.083175284434061109e-03
8.081433365746031397e-03
8.081041603763699371e-03
8.082223732743608335e-03
8.081600248938775391e-03
8.081018463028191018e-03
8.081629291891915048e-03
8.081961691981207063e-03
8.081080530285601055e-03
8.081049768794694443e-03
8.084987033712189367e-03
8.080323164512502945e-03
8.084141909096370648e-03
8.081875358094717590e-03
8.085445298186487786e-03
8.084500628428685498e-03
8.082240237304576247e-03
8.081706195236510251e-03
8.084149995058664481e-03
8.082845919056301509e-03
8.083037366910343635e-03
8.084608156051810435e-03
8.083675339066861629e-03
8.084038821945893280e-03
8.084135128483454016e-03
8.083420719865022641e-03
8.083078291140926089e-03
8.082751057021613991e-03
8.083067289094393593e-03
8.082524588296561424e-03
8.082946330321841635e-03
8.083292941761060363e-03
8.081451782075548332e-03
8.083018229164778273e-03
8.084609307102221670e-03
8.085502648826795730e-03
8.084132043720123825e-03
8.081793914909931112e-03
8.082376223406137830e-03
8.080234333838798993e-03
8.086444137095050513e-03
8.081349901291282750e-03
8.082037636398239910e-03
8.080211802689914874e-03
8.081558347508089116e-03
8.082625189313652828e-03
8.079736364392719680e-03
8.082388940111500178e-03
8.085048852097272143e-03
8.080756793329655144e-03
8.082130537246372259e-03
8.084105747674310768e-03
8.082154219441330806e-03
8.083250000583661748e-03
8.082226230119449184e-03
8.079918364862397409e-03
8.080756121519138205e-03
8.083158655634796463e-03
8.080638141898749058e-03
8.081513200783606993e-03
8.081644583072854562e-03
8.081952301909708924e-03
8.081118978323750118e-03
8.084829891194364807e-03
8.080931153507513523e-03
8.082521053188160970e-03
8.080383636284977841e-03
8.083889049112800984e-03
8.080889973981646157e-03
8.080545693871021146e-03
8.082702082245629346e-03
8.084316748940461109e-03
8.085800219445635900e-03
8.081820341856497947e-03
8.084669190289021576e-03
8.082372847152996184e-03
8.082128606230431361e-03
8.080765770864207706e-03
8.084312878165189620e-03
8.082181877951661805e-03
8.084676114088234361e-03
8.081680127182815435e-03
8.083483090962882006e-03
8.081685190474576994e-03
8.081191714692828945e-03
8.081653657746967409e-03
8.084052501225083565e-03
8.080617267316684421e-03
8.081645095859381345e-03
8.081996998099073154e-03
8.086199811688270928e-03
8.084419194738451733e-03
8.085514592705190726e-03
8.081836155112709363e-03
8.082506547655613285e-03
8.080337573983015567e-03
8.081337889577218381e-03
8.084263758096477473e-03
8.080796227382391894e-03
8.084749739397130777e-03
8.080678412018572898e-03
8.080871735692649049e-03
8.081359147674962301e-03
8.083141151519906281e-03
8.083491789541919631e-03
8.082066988618517508e-03
8.082040448131369223e-03
8.082825325016885012e-03
8.081771987664210580e-03
8.083350324543107229e-03
8.081847556895092183e-03
8.081426149919178695e-03
8.082497555322542410e-03
8.081639851855575499e-03
8.080926432387633071e-03
8.081113765680153840e-03
8.085978201956677686e-03
8.082426361334492035e-03
8.084519293226538617e-03
8.082832538315151000e-03
8.081626112377908802e-03
8.083868765723043262e-03
8.083091607887164798e-03
8.083364140067746464e-03
8.079330783425616933e-03
8.083658986358313245e-03
8.084431998298842459e-03
8.081248974215067202e-03
8.086149057974348353e-03
8.084990112378962271e-03
8.081638151089502384e-03
8.081552815642916582e-03
8.080750274175360626e-03
8.081889176903379185e-03
8.081746575336019173e-03
8.080961000462402039e-03
8.081780710876925247e-03
8.080182342806609477e-03
8.083309888255171133e-03
8.082763265887894788e-03
8.080421987218908142e-03
8.082756138045807393e-03
8.083723372006513391e-03
8.080188303780268602e-03
8.084359831150559131e-03
8.081653865905126521e-03
8.080060860732388162e-03
8.086554923103787124e-03
8.081591991950838258e-03
8.082452453953174049e-03
8.083318426117916053e-03
8.080967675410572620e-03
8.080152413071714154e-03
8.080901103725999721e-03
8.080964573387288546e-03
8.081620309472762817e-03
8.083692800664317793e-03
8.082888961778902925e-03
8.079889214036704848e-03
8.082285901545145645e-03
8.084140976199258657e-03
8.081580621962956498e-03
8.084038476102336362e-03
8.083766131431423946e-03
8.080480228348391539e-03
8.082760410544736693e-03
8.081357880034010024e-03
8.081686137051092081e-03
8.080646831251562731e-03
8.082247321716685279e-03
8.081885098040798160e-03
8.084118116394162917e-03
8.084001586860513691e-03
8.084241810212231330e-03
8.082240397792117906e-03
8.084476338145964516e-03
8.084051780546776603e-03
8.083098991175421619e-03
8.082547780246859132e-03
8.080175895071949055e-03
8.085324153752760160e-03
8.084661101989631948e-03
8.083337853055346314e-03
8.081044911687701796e-03
8.081064343115111626e-03
8.084852655778851371e-03
8.081020209470667764e-03
8.083342812764179180e-03
8.083566686273292029e-03
8.081480408706534155e-03
8.082726951330240425e-03
8.082341501261799260e-03
8.082013217679881803e-03
8.082356107484070865e-03
8.082345275802663154e-03
8.080188691434031859e-03
8.081513704260861672e-03
8.082659267489368179e-03
8.082477447087919875e-03
8.082491996007381413e-03
8.081289980171690521e-03
8.084637715499840352e-03
8.084143999610089379e-03
8.081718903980478902e-03
8.079809316378149670e-03
8.079959847714019913e-03
8.081869672717361189e-03
8.081820906203787333e-03
8.084188060026951256e-03
8.080133023233446177e-03
8.082995002321452863e-03
8.082224073886390761e-03
8.082713768333461141e-03
8.084888090053882898e-03
8.083782039210844067e-03
8.081144073879154704e-03
8.083540409894422393e-03
8.082233645075619088e-03
8.081382838588569914e-03
8.084832342709088668e-03
8.079485576914579442e-03
8.080879287655001394e-03
8.082079026372743225e-03
8.082309831711119441e-03
8.082656976420164036e-03
8.085002186731776730e-03
8.085169470983871384e-03
8.084403977398476812e-03
8.082487863790208810e-03
8.079955643482478883e-03
8.081818173216636508e-03
8.081386037096325442e-03
8.080286785112803655e-03
8.082108590510872145e-03
8.080288818033486142e-03
8.080623151303025983e-03
8.082293997956698992e-03
8.084857981927158488e-03
8.083621690842222873e-03
8.082048674746667924e-03
8.084776466497904657e-03
8.084648997818714641e-03
8.082218988113369293e-03
8.079897324909046663e-03
8.083326026170014125e-03
8.083519001545797292e-03
8.082517810064941341e-03
8.086016833245536495e-03
8.083636642874170511e-03
8.080909515588796319e-03
8.082436128808295761e-03
8.082321031129345579e-03
8.084672876484857995e-03
8.082751964363307090e-03
8.081992304460872828e-03
8.083747213710123017e-03
8.082093430547634266e-03
8.082798260652499997e-03
8.083965875225232814e-03
8.082189802595464087e-03
8.082035563961174202e-03
8.080900020061489164e-03
8.079978130657220967e-03
8.085588841281085917e-03
8.082997747726390972e-03
8.079976575592961313e-03
8.081301173064053475e-03
8.083042690976125627e-03
8.083698845898035917e-03
8.082725683284512977e-03
8.083909052275510543e-03
8.080892544594341087e-03
8.082889522007639591e-03
8.084313230483395479e-03
8.082831758906927275e-03
8.081203696831840838e-03
8.080785094383089937e-03
8.083370624549049074e-03
8.082754654939050196e-03
8.084740629262466768e-03
8.080399279504438953e-03
8.080797306528022389e-03
8.081290921744458192e-03
8.082693326781700827e-03
8.083643493836622368e-03
8.084607851042294527e-03
8.083227741916087714e-03
8.081861616314434463e-03
8.082420453423486140e-03
8.083861286809214744e-03
8.083737000412300963e-03
8.083723859875680331e-03
8.084633264395223520e-03
8.079735626074833685e-03
8.082615252853258755e-03
8.084165874394321633e-03
8.082688389281524749e-03
8.083866238005825433e-03
8.082832502609785252e-03
8.082587427909307398e-03
8.084881739313968044e-03
8.086980015467650287e-03
8.080379840456090521e-03
8.083824421758306969e-03
8.082540428493354551e-03
8.081871299750294918e-03
8.082344369161479150e-03
8.082436186371857317e-03
8.081862729804016252e-03
8.080865176203851433e-03
8.083867631611655127e-03
8.081822533042005291e-03
8.085354008823129185e-03
8.083745641921545252e-03
8.081200690010581847e-03
8.082249595237822257e-03
8.082023518484807850e-03
8.084262939497158934e-03
8.086105495456326689e-03
8.084095696012684462e-03
8.082433932938686352e-03
8.083105825611431802e-03
8.081041838354193971e-03
8.084821905923330124e-03
8.082546921526503891e-03
8.080637367810873661e-03
8.081330248970702845e-03
8.079985742414410796e-03
8.080230840086884483e-03
8.083696473752274847e-03
8.081702640053632994e-03
8.080551104682665367e-03
8.082193189627153926e-03
8.080770789263410844e-03
8.082988117138385081e-03
8.082785501038752471e-03
8.085230040858574010e-03
8.081405733795310811e-03
8.081575135790100214e-03
8.084282682300108699e-03
8.081074573823621154e-03
8.080722177509507345e-03
8.079174773323333919e-03
8.083273959652706453e-03
8.081430296713425221e-03
8.081906906536807239e-03
8.080954872883091764e-03
8.082330889925845238e-03
8.083794508503145890e-03
8.083117099894303673e-03
8.083786564408668163e-03
8.082731390575926753e-03
8.081891391237203126e-03
8.080542571021996634e-03
8.083718406491378905e-03
8.083211910077665874e-03
8.083319420359964119e-03
8.084671432899781865e-03
8.086151718267434868e-03
8.080493385634837655e-03
8.082316480987691495e-03
8.086233137017862296e-03
8.082079846740504794e-03
8.084361805274904028e-03
8.081154029743532405e-03
8.083508190896076390e-03
8.083329334940853039e-03
8.083597746711742443e-03
8.083892004186292446e-03
8.082888811158133596e-03
8.081991196496707969e-03
8.084059421455775871e-03
8.081908440644271566e-03
8.080135630668340910e-03
8.082077261796967796e-03
8.083255371297247416e-03
8.084049569862314724e-03
8.081698846549275131e-03
8.084301836523446333e-03
8.082664577970383180e-03
8.081510023707603671e-03
8.081324808444863977e-03
8.081430597403778046e-03
8.080102693232886490e-03
8.081332509063253455e-03
8.083961267743676807e-03
8.081272786628667174e-03
8.083655928991769282e-03
8.081352481873050123e-03
8.082346328129239726e-03
8.082343480696512622e-03
8.080545763231750112e-03
8.083267382233002077e-03
8.082865549493035984e-03
8.081732437417681394e-03
8.081492893961882834e-03
8.082363669435592424e-03
8.082532054838499971e-03
8.083296825473916883e-03
8.081410591849108593e-03
8.082859728753048756e-03
8.082049277723633157e-03
8.084314948801012146e-03
8.084161134053538533e-03
8.082376835539036020e-03
8.081306105753161342e-03
8.082260531800670306e-03
8.083999518616264215e-03
8.079244556151547740e-03
8.081315070792682853e-03
8.081318654071967256e-03
8.082544326292243758e-03
8.082476027144545189e-03
8.083550897566970511e-03
8.082097315592015954e-03
8.083959201685626469e-03
8.079883626347933098e-03
8.082745283078666965e-03
8.081575025039082483e-03
8.083077099578409030e-03
8.081113630257024533e-03
8.083539423463475052e-03
8.082379454910457173e-03
8.083754279287905589e-03
8.084336324161401841e-03
8.081741840519501147e-03
8.082210813869516314e-03
8.081758826195547391e-03
8.082752798020446938e-03
8.081421709671103223e-03
8.083122586584137043e-03
8.083971624206995679e-03
8.083827431480438211e-03
8.082063595189424229e-03
8.083400839648167968e-03
8.080253349515405248e-03
8.083028130773998315e-03
8.079946367372144167e-03
8.083927309056855928e-03
8.081608238550053516e-03
8.081450974623384173e-03
8.081282107135545623e-03
8.081843633800305654e-03
8.081916160850882713e-03
8.082895777275240362e-03
8.082773191027799176e-03
8.082617247883268005e-03
8.082520619615191776e-03
8.081725337751191271e-03
8.080715194099193782e-03
8.081772676203165598e-03
8.082268213785732264e-03
8.080050982414601138e-03
8.084728233924141569e-03
8.081979872113209326e-03
8.082347873481160808e-03
8.082109877766361847e-03
8.085139342247638083e-03
8.082238142449075374e-03
8.083375343185360620e-03
8.082487248385845924e-03
8.079822404541574243e-03
8.082524458290369848e-03
8.080836622967695754e-03
8.081420896896783154e-03
8.081096643114630412e-03
8.080836740582674274e-03
8.083550936444371809e-03
8.082864054937017109e-03
8.082891773580947598e-03
8.084977668113326951e-03
8.085912787712284944e-03
8.082480752976956354e-03
8.083051304492674949e-03
8.084322951370957397e-03
8.081347099268741674e-03
8.080653721932486155e-03
8.083323104490112640e-03
8.082686593145198273e-03
8.084383657298927633e-03
8.080407972059651042e-03
8.082247857378228179e-03
8.083834044392872870e-03
8.083000209464754476e-03
8.082860628720846957e-03
8.081550715687490019e-03
8.082328938396396781e-03
8.083546364998974235e-03
8.084430603946500538e-03
8.083449519448171472e-03
8.082480595075311469e-03
8.084688280576710767e-03
8.081514984283794806e-03
8.082678595394568108e-03
8.082098291402049425e-03
8.082641209015072395e-03
8.083552415526801260e-03
8.078250862535609270e-03
8.081655802955570178e-03
8.082340829130157250e-03
8.082807884676799712e-03
8.083206498045451133e-03
8.081141584548283061e-03
8.081518178491130938e-03
8.082548644811038061e-03
8.082979375198359046e-03
8.081102133445304883e-03
8.079739212608265039e-03
8.083372622915811073e-03
8.082474453118800375e-03
8.083318610645906163e-03
8.083331460358705173e-03
8.079621824430853819e-03
8.084304552778556058e-03
8.082386888337145595e-03
8.079799035043952471e-03
8.082526323587741271e-03
8.085359915622630095e-03
8.081023487084712520e-03
8.079286363732219450e-03
8.084505459906025232e-03
8.084211907251531715e-03
8.084202388497548769e-03
8.083011169632611098e-03
8.083170499338487858e-03
8.078615055930981129e-03
8.083553576732771181e-03
8.081122054398060320e-03
8.083843824449529758e-03
8.082399703199454055e-03
8.080035826450794254e-03
8.081284317617410881e-03
8.082482637513464102e-03
8.081855750695150775e-03
8.080149758080391875e-03
8.080209985875922221e-03
8.079234515097238542e-03
8.084207338742427709e-03
8.081504841400827255e-03
8.082343407277720743e-03
8.081309002598218577e-03
8.081842612925828687e-03
8.083203356505353626e-03
8.082666370791000837e-03
8.085348703884208746e-03
8.084916022505821143e-03
8.083844759103316416e-03
8.081111643968899236e-03
8.082420165046113811e-03
8.082581948836882468e-03
8.082755331043052840e-03
8.083839541716203794e-03
8.080513861340133872e-03
8.081524209717640475e-03
8.080588221488327338e-03
8.083220319669596685e-03
8.082150413455292323e-03
8.083577730726428795e-03
8.079407592039494074e-03
8.082853661528327863e-03
8.080160805169786173e-03
8.082585939170279510e-03
8.084059467647782687e-03
8.080668535208029857e-03
8.083462052792077593e-03
8.082407189208756088e-03
8.083110677752632783e-03
8.080706323125168983e-03
8.081407273150591208e-03
8.082848663068071052e-03
8.081506318317015561e-03
8.084244195377683628e-03
8.084553819598928187e-03
8.084792523736228365e-03
8.081642380597059069e-03
8.084168453273886390e-03
8.084628500602233231e-03
8.081088507348618138e-03
8.081455779764705472e-03
8.082540206957864945e-03
8.081385978851697571e-03
8.083368552771936361e-03
8.081066361999067471e-03
8.081680106731206278e-03
8.082624489359712533e-03
8.084390167132842614e-03
8.080833051460237920e-03
8.080748850966453997e-03
8.083049725927377374e-03
8.081829773003330192e-03
8.084475155359375359e-03
8.081154871989144201e-03
8.082121965888764206e-03
8.082245934934402520e-03
8.081369862135161578e-03
8.081868549978150559e-03
8.080656574771430400e-03
8.083249847482994188e-03
8.082885847659076334e-03
8.084219203847643753e-03
8.080440652388212394e-03
8.083698227586704962e-03
8.082084962373290229e-03
8.084086100301080685e-03
8.081992250834677330e-03
8.083034711755646834e-03
8.081903910756077850e-03
8.082149355369454627e-03
8.082279563086528298e-03
8.083699216799199866e-03
8.081751393655908083e-03
8.083728287559627246e-03
8.080228324467633380e-03
8.083244939572912374e-03
8.081702581761962892e-03
8.083088119153572851e-03
8.086086066662698940e-03
8.083870648042279505e-03
8.082154066482759650e-03
8.083439231616806886e-03
8.079818457042213867e-03
8.081421154242920610e-03
8.084926952578818868e-03
8.084440468301241564e-03
8.083164924259806164e-03
8.081704674590463669e-03
8.080875836194864603e-03
8.082672381041103998e-03
8.084219424818270966e-03
8.083794670887180928e-03
8.085106131608845240e-03
8.081353741673215352e-03
8.083416312221413172e-03
8.083170737126853245e-03
8.084465408089328703e-03
8.081863506208286987e-03
8.081974107321636402e-03
8.080878136137214021e-03
8.079763557390703260e-03
8.083537424085305081e-03
8.084384075139479722e-03
8.085360640050413480e-03
8.080343770054718155e-03
8.081665205594164986e-03
8.081817351369674496e-03
8.083288211130759682e-03
8.084181474371720036e-03
8.082434398393878103e-03
8.083811571453880518e-03
8.082563654822117610e-03
8.082781663939667821e-03
8.083433398621331367e-03
8.080820696663099448e-03
8.082104103448279134e-03
8.082656351509268436e-03
8.086409406654252938e-03
8.082374884465930859e-03
8.083010469457878669e-03
8.082557576785430811e-03
8.082894130933373708e-03
8.081822266578855135e-03
8.083116053211649929e-03
8.081831250511976872e-03
8.080967934817885959e-03
8.082777388939501456e-03
8.080443100376985890e-03
8.081667604815809258e-03
8.082378350475061604e-03
8.083496556043456849e-03
8.081465657401545877e-03
8.084451739045430199e-03
8.085319705300212864e-03
8.083904487478909065e-03
8.082192582333488917e-03
8.080938400346942413e-03
8.082308315643620469e-03
8.080939221780261347e-03
8.085729392007516558e-03
8.078677084288178253e-03
8.081717089532952647e-03
8.081180523277529254e-03
8.082022438718278190e-03
8.082039771951312832e-03
8.080727761495527448e-03
8.082994256518337417e-03
8.081999643182130252e-03
8.081339578195663106e-03
8.084399652250332663e-03
8.083503977203030863e-03
8.081655581383665257e-03
8.082070978151979779e-03
8.084055102442968752e-03
8.083089359668305454e-03
8.083712256051381329e-03
8.083368136082331665e-03
8.084270043449227894e-03
8.081146143753088415e-03
8.083080431136948490e-03
8.083913691385578859e-03
8.081395544326342578e-03
8.083430963946744430e-03
8.081597246894075756e-03
8.083015400464913652e-03
8.083245574091735275e-03
8.085471634322284259e-03
8.085686375618860583e-03
8.081997054706373598e-03
8.081827820686197580e-03
8.081629965857973358e-03
8.083818661708812303e-03
8.083512034795124410e-03
8.082805295630239237e-03
8.082897446009955009e-03
8.081591144746805636e-03
8.081993162098748476e-03
8.083698989746460409e-03
8.081846577197203396e-03
8.080529742135016125e-03
8.084077083971102917e-03
8.083225905654281909e-03
8.080693876013384999e-03
8.084013330753973825e-03
8.084973115107351241e-03
8.083401177290446687e-03
8.080764421139518053e-03
8.084862624345609886e-03
8.083676140086367562e-03
8.080624938404086868e-03
8.081254522412774019e-03
8.082860132664113073e-03
8.082204771671456719e-03
8.084311920903804877e-03
8.082106541308710021e-03
8.081738435731762940e-03
8.082221055028891710e-03
8.083375934843258642e-03
8.082215499686042776e-03
8.084851746289379790e-03
8.082695900679752118e-03
8.082612660659486623e-03
8.084168997351651870e-03
8.081932148941123328e-03
8.084443219370778672e-03
8.081018483303817682e-03
8.078886692642870543e-03
8.083587879499984710e-03
8.083503064867974403e-03
8.081533845219609699e-03
8.079910327021225247e-03
8.080495678054109426e-03
8.080895335781691780e-03
8.080615679611736005e-03
8.084744962108061234e-03
8.084291157355762494e-03
8.083380859410023433e-03
8.081148844365851347e-03
8.082959587525374509e-03
8.084017542490025757e-03
8.084885601666215102e-03
8.082851333875800542e-03
8.082753285568997081e-03
8.082459475548118416e-03
8.082574051472543597e-03
8.082924727426310171e-03
8.081983945039346307e-03
8.084362690762391182e-03
8.080333261949715698e-03
8.079615308126600684e-03
8.081232642366891275e-03
8.081714476535427696e-03
8.081810150350440466e-03
8.081800567919199610e-03
8.081738288743083032e-03
8.082866198106698763e-03
8.080638487079483748e-03
8.080948658365432608e-03
8.084381359659765370e-03
8.084532925661535446e-03
8.083408849356163786e-03
8.084173172824959258e-03
8.082219252561346698e-03
8.083180334912724863e-03
8.083201125852599103e-03
8.080463286499054917e-03
8.080876270750447093e-03
8.083409424012753461e-03
8.084119664831560317e-03
8.083045425326673694e-03
8.082572374357940154e-03
8.081528372531255125e-03
8.081656687989933682e-03
8.083765948167098356e-03
8.084715004800454435e-03
8.081758155660239556e-03
8.079824292398214355e-03
8.083104313056624704e-03
8.084742848000366772e-03
8.085258837438193125e-03
8.082125798190701801e-03
8.086682357708457891e-03
8.082089073287803543e-03
8.082441749018790672e-03
8.084742319982924502e-03
8.082673311575878233e-03
8.082013261597516957e-03
8.082849722097919243e-03
8.081953282221523288e-03
8.086164018117916741e-03
8.082130573853095121e-03
8.081346830563239381e-03
8.084761162297365855e-03
8.082240848500153035e-03
8.083011506788386619e-03
8.084755425712778290e-03
8.079747844579659652e-03
8.081577093319055119e-03
8.085766180803576411e-03
8.082738633830164471e-03
8.082847099577027822e-03
8.081034050491101711e-03
8.081632964509470607e-03
8.085438420691501080e-03
8.085785802573486683e-03
8.082971959528834419e-03
8.083764582968762033e-03
8.084072243024036097e-03
8.080945243999451688e-03
8.081574182379636789e-03
8.082352397081223050e-03
8.082613483762766601e-03
8.082935534928141139e-03
8.082499970768848921e-03
8.082617068679963032e-03
8.081157554297190015e-03
8.081688763037208137e-03
8.082177354331096866e-03
8.082853567926227834e-03
8.080733764426929408e-03
8.082051906955588574e-03
8.080511771146678054e-03
8.082017013295434565e-03
8.081830129320529896e-03
8.081079260222440511e-03
8.082263565744709014e-03
8.080257799756369180e-03
8.083496419782126505e-03
8.085047915625778042e-03
8.081206871979608811e-03
8.083084613942191285e-03
8.082642935322422936e-03
8.084836263935000350e-03
8.082894753892670703e-03
8.080193282619317977e-03
8.083707154295660322e-03
8.081258614863849957e-03
8.080799332760986789e-03
8.082937215132634037e-03
8.079961068892305143e-03
8.082925649160023832e-03
8.081078604799162360e-03
8.081885593808691912e-03
8.082241258357455646e-03
8.081435606819254228e-03
8.081723651377912404e-03
8.081378807276473272e-03
8.080984413460562052e-03
8.085970516271676067e-03
8.080420929955341516e-03
8.081077992847345015e-03
8.083244144382923865e-03
8.078514806779096835e-03
8.082044871596329866e-03
8.084174358262719365e-03
8.079576436163372552e-03
8.083138743159060460e-03
8.079561610101036392e-03
8.082656013313203533e-03
8.082621868775846305e-03
8.083046339502105229e-03
8.081334329530544258e-03
8.085104497580106533e-03
8.081449616565893057e-03
8.082698040524456326e-03
8.079872917090270140e-03
8.082999960961340449e-03
8.084623241082514178e-03
8.081033455099872337e-03
8.081535382564231096e-03
8.085107186440568944e-03
8.081290076587451313e-03
8.082298048707848431e-03
8.080580709454587493e-03
8.081088681014581693e-03
8.084325322588802737e-03
8.082379821121234154e-03
8.081139777456872522e-03
8.081873414751505544e-03
8.081359914895620833e-03
8.081591741170426196e-03
8.083363208698802690e-03
8.082077186009251415e-03
8.081050650453801276e-03
8.081581400586004479e-03
8.081710677327831605e-03
8.082992293124712652e-03
8.082012916864323576e-03
8.083356161602182899e-03
8.079210916429074851e-03
8.081386601524662844e-03
8.083153934002848193e-03
8.081939752985527886e-03
8.082615092977092630e-03
8.081331663517231367e-03
8.082834331139905973e-03
8.082082904731537065e-03
8.081518844374645932e-03
8.083626148458934388e-03
8.081650898729465099e-03
8.080781707988199739e-03
8.083664495582379775e-03
8.082396892656511581e-03
8.082516236988124964e-03
8.081539039550587195e-03
8.083162044636328994e-03
8.080850069761327456e-03
8.081813599987918914e-03
8.084171522025059703e-03
8.082710794284048150e-03
8.083172183914830861e-03
8.082537856938350890e-03
8.080475533927461429e-03
8.083845197666836985e-03
8.082594962062919150e-03
8.083684923334451267e-03
8.082958003698959004e-03
8.082307480621933257e-03
8.080498198572236973e-03
8.083187307137036648e-03
8.084587260278157383e-03
8.082881728515300263e-03
8.080487238006422643e-03
8.083363255272771331e-03
8.084250796581185852e-03
8.081210540953377708e-03
8.087359959667476256e-03
8.083082519884425554e-03
8.084832085682126454e-03
8.084093659029983892e-03
8.083877731740976569e-03
8.081399672338512516e-03
8.082225597087502877e-03
8.080822863462053252e-03
8.083735469587988165e-03
8.082907173974250223e-03
8.081509581672851120e-03
8.079860592672535521e-03
8.084424705450675083e-03
8.081910543384260640e-03
8.083112088624585037e-03
8.082955614686878829e-03
8.081842833156417660e-03
8.082260632279018170e-03
8.083449024677735045e-03
8.084073992876743275e-03
8.079773429222789419e-03
8.083410687978059145e-03
8.080735379854519715e-03
8.081614440722115905e-03
8.082471984708464868e-03
8.082261837323715878e-03
8.081996559083946818e-03
8.085023699497036892e-03
8.084454767896240984e-03
8.082502326677900098e-03
8.082248970442866901e-03
8.082365993610578572e-03
8.081802219889955979e-03
8.082723905011357513e-03
8.082378380747689758e-03
8.082103703543928180e-03
8.083737948769896542e-03
8.082553412038291640e-03
8.082710189702762074e-03
8.081353470594319910e-03
8.082460101225168517e-03
8.081816131970133085e-03
8.081241065260879458e-03
8.082505904156067969e-03
8.082401028267550969e-03
8.084442535350119113e-03
8.083930931386948057e-03
8.082243235593252612e-03
8.081289080600026833e-03
8.083080419020907681e-03
8.082640439678543884e-03
8.080780968365572706e-03
8.083321711797984352e-03
8.082402802378665929e-03
8.082625883296518793e-03
8.082413782838091323e-03
8.083148231225070410e-03
8.081743565926438264e-03
8.080228841940031645e-03
8.082715577309260158e-03
8.080922263991121429e-03
8.083247500206136929e-03
8.080773703698692495e-03
8.082708078650607808e-03
8.081168241800804758e-03
8.080702822927931031e-03
8.082062042037586186e-03
8.081914630344086761e-03
8.081392639490602575e-03
8.082396130364781842e-03
8.079264961285942404e-03
8.081265831954819942e-03
8.080519032725745274e-03
8.080718287833545815e-03
8.082400846503304953e-03
8.081939460864747196e-03
8.084773110532730497e-03
8.080017568110038281e-03
8.083753435642795221e-03
8.083061445988956595e-03
8.082013439466030277e-03
8.080932327651212457e-03
8.083632107357845153e-03
8.079379223888252803e-03
8.084974305983885778e-03
8.082603864052526413e-03
8.081311473541087295e-03
8.080191271370808226e-03
8.083010334568992150e-03
8.084210354861181766e-03
8.084832816576218231e-03
8.082981193169217968e-03
8.081229903356591457e-03
8.082171134366798043e-03
8.083903019646940247e-03
8.082718126040243367e-03
8.083125651606896944e-03
8.082155809119789119e-03
8.084484741603163716e-03
8.082222709247039588e-03
8.081902260063025117e-03
8.082698946664440554e-03
8.081490099683322562e-03
8.081942857975570743e-03
8.087245106057067492e-03
8.084644407354072554e-03
8.082466291519889781e-03
8.086832092452084578e-03
8.084720209955754272e-03
8.082422185296814915e-03
8.083639755320205789e-03
8.081223714517834014e-03
8.079813921816635103e-03
8.083253272329600156e-03
8.082576290237498268e-03
8.082609480384519637e-03
8.085434794181981313e-03
8.083337661086155770e-03
8.082280522193712596e-03
8.080452659327240494e-03
8.081916715373079971e-03
8.083197211465456555e-03
8.081759442500916976e-03
8.082981949960212423e-03
8.085435212650629935e-03
8.083610035599275018e-03
8.085494173688359196e-03
8.083228247655664667e-03
8.082852992023083216e-03
8.080819769053691759e-03
8.080443054825138874e-03
8.083665984777547997e-03
8.083189407578022720e-03
8.084558985106515827e-03
8.084930808263467161e-03
8.084458791403808034e-03
8.084537797925046496e-03
8.081673730203261727e-03
8.080629136455809089e-03
8.084508709375321303e-03
8.082482321272971976e-03
8.082766351191091742e-03
8.083573857846753849e-03
8.084304079154641665e-03
8.080826839667560463e-03
8.084155175631086918e-03
8.081989155955928220e-03
8.083545605946537010e-03
8.083322209693794003e-03
8.083320054556860507e-03
8.081939508014819237e-03
8.083129383326349490e-03
8.081631848958058945e-03
8.081989261682543182e-03
8.081781945807997580e-03
8.083266720020928706e-03
8.083586840990820629e-03
8.081720445799415314e-03
8.082922470442448215e-03
8.082129202519021047e-03
8.083439073846952413e-03
8.080719784686638679e-03
8.080760640746947887e-03
8.081589333150958343e-03
8.080560690625772369e-03
8.082483805431825083e-03
8.083775029539542328e-03
8.083551146751405750e-03
8.083343763402464285e-03
8.082795049213151173e-03
8.083132237584311416e-03
8.082463770142022871e-03
8.082940134185355799e-03
8.082997994568496755e-03
8.081272787380001932e-03
8.085138665048844514e-03
8.082660133831121724e-03
8.083910595887248973e-03
8.085791015232648635e-03
8.081051046051057618e-03
8.082696408885682582e-03
8.085172050354017675e-03
8.084967629467160882e-03
8.082881572576890508e-03
8.082198638861733120e-03
8.083218240541357319e-03
8.082747281928004748e-03
8.081889940936743538e-03
8.082107040817673727e-03
8.085144898777390024e-03
8.081904765935774004e-03
8.080535153096510964e-03
8.079930111868369527e-03
8.085688552305982796e-03
8.083010301803575035e-03
8.081643523026709949e-03
8.081765729014488836e-03
8.082281890325445500e-03
8.083452054674467729e-03
8.084432090122160505e-03
8.079743514680600563e-03
8.081245695159168865e-03
8.081851565914809077e-03
8.081703984969509577e-03
8.082591489489195785e-03
8.083355122064038098e-03
8.081727927767469108e-03
8.082086651960392401e-03
8.082717801726677781e-03
8.084725637781755431e-03
8.080940132519066899e-03
8.083472658589222620e-03
8.081891402709618158e-03
8.082299788937354068e-03
8.082659576803850193e-03
8.084509526763325807e-03
8.084845833646280705e-03
8.081480524319110958e-03
8.081625387976753422e-03
8.081700303179520373e-03
8.081754109067331576e-03
8.082394105356207822e-03
8.085758743155332592e-03
8.082096681086739509e-03
8.080837628182147361e-03
8.084583469633154634e-03
8.082095687580895943e-03
8.084461487709724420e-03
8.082371732067366449e-03
8.080684897315049825e-03
8.082346687820247608e-03
8.081905020450239063e-03
8.082186580805974380e-03
8.082157567633448461e-03
8.086183461659740210e-03
8.083528663576575179e-03
8.083356272557674221e-03
8.081428920540650526e-03
8.082993946867405785e-03
8.081971106450605569e-03
8.086214156884253407e-03
8.083740064474513251e-03
8.079799640604280048e-03
8.087886894251687317e-03
8.080559634713747885e-03
8.083558457527936780e-03
8.082097791516017551e-03
8.081146240824314472e-03
8.082638842081964550e-03
8.082921984892830342e-03
8.083351599394869580e-03
8.082630981423637173e-03
8.081997976693117494e-03
8.081707628723620515e-03
8.082991423435284539e-03
8.084472650769490912e-03
8.084464802626201152e-03
8.084721314726959346e-03
8.080407688166481653e-03
8.083290283452006578e-03
8.086711569806288857e-03
8.083488281781438245e-03
8.082718478774690921e-03
8.085467195709277605e-03
8.087443723177312888e-03
8.080430920448281387e-03
8.081786349243190448e-03
8.082188474419932725e-03
8.082363390117528953e-03
8.082485225402278803e-03
8.081013753983073630e-03
8.083931875237664391e-03
8.082545880744067962e-03
8.081162031342240676e-03
8.082492944914809740e-03
8.082093775139022676e-03
8.084810491087047329e-03
8.082894499674095692e-03
8.084007997516282074e-03
8.082696044997660437e-03
8.081665427986261044e-03
8.085268165240105942e-03
8.084995253259483899e-03
8.082059471922210456e-03
8.081833200089063446e-03
8.080299309342075381e-03
8.082477113270175595e-03
8.086495862955721606e-03
8.084669857195093609e-03
8.084745046227711715e-03
8.081443882951880667e-03
8.084638325929292130e-03
8.082719201798715253e-03
8.082832200762798611e-03
8.082698248447820616e-03
8.082882160271859587e-03
8.081666148554921339e-03
8.082033443443817008e-03
8.081397243434342709e-03
8.082220998558414110e-03
8.082013855724571802e-03
8.082391592966425495e-03
8.084055834914909491e-03
8.083318342725435632e-03
8.081835262690153371e-03
8.080407590360787554e-03
8.082088080236377731e-03
8.082018311263441945e-03
8.081339906132715620e-03
8.082191238759996871e-03
8.085568133288726853e-03
8.082394504623547499e-03
8.083733490200053357e-03
8.081973872956916063e-03
8.083593210562451184e-03
8.082875409800452035e-03
8.080859258028913472e-03
8.081702239871051477e-03
8.082819416544985772e-03
8.087118405587703091e-03
8.082411962399005390e-03
8.083561772066410328e-03
8.081855900307651983e-03
8.084139831224400677e-03
8.081591951026135395e-03
8.082983850370369788e-03
8.079522098497856145e-03
8.083841832564808358e-03
8.083947072840649492e-03
8.080210540724325555e-03
8.082944767289801033e-03
8.082680531096498450e-03
8.082797931747789238e-03
8.082718311870695088e-03
8.083706088883015062e-03
8.081272701170517936e-03
8.083527008462368033e-03
8.084464557161524789e-03
8.083979742492098872e-03
8.083737641478929564e-03
8.082270697725693967e-03
8.081065969273028282e-03
8.082007648148963747e-03
8.082869933352958627e-03
8.085241633083769391e-03
8.083568903897300068e-03
8.081899401660189511e-03
8.082293093843334955e-03
8.081336558331297590e-03
8.080727695261125804e-03
8.082190425933631628e-03
8.081504911244034861e-03
8.083116658699087895e-03
8.084230913611319819e-03
8.082133698030465052e-03
8.083742465896997728e-03
8.083399518993278701e-03
8.079519212387229615e-03
8.085199631463733244e-03
8.080681951754710782e-03
8.082947565370575058e-03
8.084332541060956084e-03
8.082475581290011341e-03
8.081926365831697961e-03
8.082305000566140582e-03
8.081484894956336359e-03
8.083685319127465949e-03
8.082058796379576471e-03
8.082101816212073145e-03
8.082840390312989384e-03
8.083702772982901547e-03
8.082652567293562018e-03
8.082389284285406567e-03
8.086197925305396370e-03
8.080238864931319279e-03
8.081895834660306546e-03
8.083207735531075522e-03
8.084901782233954934e-03
8.082642717522986464e-03
8.082082656589105116e-03
8.081334729655310911e-03
8.084294534553960673e-03
8.082792275798831791e-03
8.082589942886986636e-03
8.082141384410792412e-03
8.083418618973846337e-03
8.083061081884980459e-03
8.081085564871642521e-03
8.081188443349532000e-03
8.082075770490965497e-03
8.082929244700920099e-03
8.081581025306917160e-03
8.085385862312903862e-03
8.080533746347417015e-03
8.081556553727440792e-03
8.082411383113576736e-03
8.086143437667312611e-03
8.082571845671323099e-03
8.080597797731861598e-03
8.082558803158878050e-03
8.083635235283681900e-03
8.081456122683617488e-03
8.084605939513215406e-03
8.081603477427524301e-03
8.082441416399261530e-03
8.081750996265339715e-03
8.080993044612017062e-03
8.085385470823885576e-03
8.084295184178367025e-03
8.081665726856354648e-03
8.081880232362049360e-03
8.085926645371818711e-03
8.082784604852000926e-03
8.081373510117440678e-03
8.082444813997759214e-03
8.083023484882516027e-03
8.084685744838294649e-03
8.083207967586736667e-03
8.084860730410614940e-03
8.081969477271090316e-03
8.080039286534433998e-03
8.082989050928888336e-03
8.082428651295299818e-03
8.081993330712789608e-03
8.083869410156135221e-03
8.084899651544318055e-03
8.080518403174398456e-03
8.081866358284440360e-03
8.085636589297652554e-03
8.084425845591750384e-03
8.083442647004668302e-03
8.080100338966141396e-03
8.081070853807369517e-03
8.080989211979538317e-03
8.080291185286346892e-03
8.085458152997822973e-03
8.081977764652444399e-03
8.082122350997944862e-03
8.081313749191066514e-03
8.082349876272957798e-03
8.085623062166473474e-03
8.082434853841918496e-03
8.081806617132812273e-03
8.082164411923163302e-03
8.082624839832597621e-03
8.082095725749584639e-03
8.083552042922286310e-03
8.084403759448082968e-03
8.083180853517845516e-03
8.081660030173258916e-03
8.084289693327473270e-03
8.085976474262679403e-03
8.081710447630731722e-03
8.083099731194802462e-03
8.081889136059084225e-03
8.082400171665234112e-03
8.083279539458226859e-03
8.082717988927188082e-03
8.083583687613311863e-03
8.081111036060892316e-03
8.084494951261898474e-03
8.082068585066179076e-03
8.083548566781213404e-03
8.083575135327460137e-03
8.080080862837393449e-03
8.081764576717892154e-03
8.080494737107054778e-03
8.085229213197450346e-03
8.083481932058133798e-03
8.081568955896642134e-03
8.084156888848188088e-03
8.081326004520272832e-03
8.083390048372003645e-03
8.083246923839803796e-03
8.082673211871498065e-03
8.084575110792727518e-03
8.080769751521381383e-03
8.082727676309988535e-03
8.081581250116787532e-03
8.080331920469016604e-03
8.080838005826778206e-03
8.083241704858386625e-03
8.079316939901633535e-03
8.083601986819455298e-03
8.083194221375379976e-03
8.080485995177386777e-03
8.081192835789348383e-03
8.082103629746338613e-03
8.081943582207234966e-03
8.082230591662895036e-03
8.082512768231126313e-03
8.081782382588591912e-03
8.081934483848801989e-03
8.081441763554157373e-03
8.080062203171161153e-03
8.082807304371291204e-03
8.082918659994726973e-03
8.079404050656942282e-03
8.081135544896851305e-03
8.080560192613684203e-03
8.082647162383264916e-03
8.081953173638915106e-03
8.080041365297859282e-03
8.083138606809500346e-03
8.081155611424603244e-03
8.085669378658656703e-03
8.082067394687439052e-03
8.082522962856471607e-03
8.082051821203008191e-03
8.081552839083534084e-03
8.083254245210492323e-03
8.082496096102287364e-03
8.080779850741764969e-03
8.083277119002717226e-03
8.081704363208208619e-03
8.080728005728473815e-03
8.084450925588543280e-03
8.081716831827828046e-03
8.081672748663303041e-03
8.081911321056501479e-03
8.081951630670422548e-03
8.081693033439266149e-03
8.083018095743219750e-03
8.080569404294902364e-03
8.080912380386908594e-03
8.080929354758745534e-03
8.082514533187340477e-03
8.084377397497566342e-03
8.083187874452311267e-03
8.084384273311567837e-03
8.082756848454775156e-03
8.082372356242342043e-03
8.081527846453400235e-03
8.083225523201887502e-03
8.082220087461551225e-03
8.080442402026320400e-03
8.080124068547540200e-03
8.080112626437221945e-03
8.084439001669638941e-03
8.083676416991227714e-03
8.082824149396284144e-03
8.081182537674324456e-03
8.083962892779100740e-03
8.083068721788351854e-03
8.081816494606047438e-03
8.082970522721730569e-03
8.082544126744594520e-03
8.082746459186588087e-03
8.084423993289544669e-03
8.085961282598207872e-03
8.082975522437339105e-03
8.081962220198956118e-03
8.081833560855386511e-03
8.083101903116320097e-03
8.082870717847731590e-03
8.084909248990817046e-03
8.080358621124900803e-03
8.082888988909100320e-03
8.082434497669037377e-03
8.080639742845809742e-03
8.081430107833737289e-03
8.081586701555513313e-03
8.084627538423504178e-03
8.082364032628339134e-03
8.082940303019354664e-03
8.082391509532089666e-03
8.082852379338119689e-03
8.081801012748666274e-03
8.084658659074789311e-03
8.081571250304609572e-03
8.085034917869297552e-03
8.081293358070128913e-03
8.080312786530175276e-03
8.084043019063865895e-03
8.082678360522812383e-03
8.083506257684209759e-03
8.080471516520850925e-03
8.080897857425366898e-03
8.084215533273287138e-03
8.084090345694043209e-03
8.080979819393331251e-03
8.084318670821467878e-03
8.081019638587434717e-03
8.088322361431999133e-03
8.082593000575408540e-03
8.085147021929256148e-03
8.084990378762724542e-03
8.083509376485043668e-03
8.083607200479197077e-03
8.082979354249579876e-03
8.081898857448225823e-03
8.082038677818297739e-03
8.082246662198096232e-03
8.081671611951562681e-03
8.083019065228961436e-03
8.082617403901435141e-03
8.082820798706528975e-03
8.084847528663775124e-03
8.083953946747702429e-03
8.082694760448221397e-03
8.081760993614860861e-03
8.081029833867457712e-03
8.082124274830539828e-03
8.081483496885612933e-03
8.080160320646834898e-03
8.082933384471868016e-03
8.081606778162699067e-03
8.084785268521908416e-03
8.082319288289674386e-03
8.079123401131425505e-03
8.083086272893261551e-03
8.082671450686652534e-03
8.083480703797303948e-03
8.081831989105409814e-03
8.083055227999015949e-03
8.081216203271139945e-03
8.082019128916208620e-03
8.083887349463175082e-03
8.081841710575344423e-03
8.083570421296606967e-03
8.081568458334435420e-03
8.082735109944623464e-03
8.084484079735852757e-03
8.081380290811060116e-03
8.084913035311966020e-03
8.083047739630975712e-03
8.081730302715497277e-03
8.080177353788207950e-03
8.082122114258408901e-03
8.083185053916690233e-03
8.081629711781066275e-03
8.081686876245403744e-03
8.082973321305629913e-03
8.083666491019098413e-03
8.083169102103432771e-03
8.082317374639306010e-03
8.082489424638463274e-03
8.080486329449416971e-03
8.084116622801687524e-03
8.083102700548175021e-03
8.081521076240704218e-03
8.082031167461940085e-03
8.083834640914323161e-03
8.082772175769156395e-03
8.085025500781386001e-03
8.083274149616395329e-03
8.084605013954374031e-03
8.079974368115357825e-03
8.082348566097893872e-03
8.081133080062365484e-03
8.082456762068224512e-03
8.082718844541368283e-03
8.082764362588170520e-03
8.082761259166081763e-03
8.080369755199606416e-03
8.083850360800132889e-03
8.084139443402029238e-03
8.085377306493996344e-03
8.083969707589263101e-03
8.084475180538373135e-03
8.081226150597323188e-03
8.083108142306581756e-03
8.085439883627186866e-03
8.079710588411288807e-03
8.082337928822225931e-03
8.080456224399325260e-03
8.083699166276093334e-03
8.084646743036015548e-03
8.085466396750045498e-03
8.081895858039159219e-03
8.082142488542672087e-03
8.084332617477436866e-03
8.084036822686565746e-03
8.082201287120815633e-03
8.083849192453715013e-03
8.083055523944941700e-03
8.080819107036969068e-03
8.082734151394351321e-03
8.081179091914341556e-03
8.082695910411495308e-03
8.082558436951013670e-03
8.079344513051157570e-03
8.082434288063138766e-03
8.082766167153426426e-03
8.081422844013794182e-03
8.082615023426558895e-03
8.080305209132169347e-03
8.082839205475898098e-03
8.082818841277799454e-03
8.082531258714158173e-03
8.084661248134653380e-03
8.080845089507630169e-03
8.082989127231335336e-03
8.081295878937726912e-03
8.082212832185221851e-03
8.082376171445016660e-03
8.085956111674280980e-03
8.082180795079928551e-03
8.081922279128772243e-03
8.084434800231415572e-03
8.081178934532367783e-03
8.085290997212449954e-03
8.080128342229313254e-03
8.083682857898203886e-03
8.082635897041424988e-03
8.082528299864619528e-03
8.083567065081370684e-03
8.084145960194940098e-03
8.082489226725771830e-03
8.082574954318983568e-03
8.084144319206204576e-03
8.083826505183189237e-03
8.083536018769984371e-03
8.085367751687732446e-03
8.082980117251219176e-03
8.082399882204138394e-03
8.083988651245030410e-03
8.083953377229590939e-03
8.083570222086574816e-03
8.082488396153515026e-03
8.085046372226034964e-03
8.082259659384551792e-03
8.085618558556001076e-03
8.078992841958617527e-03
8.084651410123830720e-03
8.083485351108449235e-03
8.081808244537563163e-03
8.085004317510450025e-03
8.083895555314052350e-03
8.084049251422921814e-03
8.081180700533940192e-03
8.084591573491738820e-03
8.082872308867188396e-03
8.084576235195773883e-03
8.083884845882497241e-03
8.081084646715743988e-03
8.081567645970297656e-03
8.080284695564701400e-03
8.081532712500534912e-03
8.084615596465154902e-03
8.085077725389085146e-03
8.083498316035674786e-03
8.081202903826995021e-03
8.082601879572395842e-03
8.083580408370434622e-03
8.080177988700913694e-03
8.087481031418786506e-03
8.081202406369144067e-03
8.079104551351403915e-03
8.082895855295773105e-03
8.083235447363229173e-03
8.081311523964289367e-03
8.080772936208046806e-03
8.084382334788635383e-03
8.079053012365696243e-03
8.083906865044303627e-03
8.081245875477158572e-03
8.083660737109147482e-03
8.082492935566662484e-03
8.081464454658106311e-03
8.083182012099459843e-03
8.083339204307050593e-03
8.080897157786703922e-03
8.082715683089098171e-03
8.086438056961690185e-03
8.080142313039917132e-03
8.079913216835927017e-03
8.081352477731999773e-03
8.085671191309269645e-03
8.083184163263734331e-03
8.083978844685575302e-03
8.081049504525573968e-03
8.083241010817051805e-03
8.081797950232344138e-03
8.081279530235378414e-03
8.083497001860491180e-03
8.083453056135888465e-03
8.082794523165752823e-03
8.081668619888635399e-03
8.081183360742653227e-03
8.081363815042026319e-03
8.085308980629483250e-03
8.081683046257451958e-03
8.087658143067361083e-03
8.082276599167492748e-03
8.084681734871498535e-03
8.081712119497527769e-03
8.082288930873995914e-03
8.081886582659012982e-03
8.081308894469832124e-03
8.080898758473172711e-03
8.082691873528939641e-03
8.081832045899697836e-03
8.079579663730589514e-03
8.084768088436462136e-03
8.081963299102193701e-03
8.080755084470288632e-03
8.084113650943377735e-03
8.083705629593356673e-03
8.083552927172384800e-03
8.079869424970924710e-03
8.083568579778195248e-03
8.082122888150614429e-03
8.083795486764149343e-03
8.081537259860972766e-03
8.085842700151219323e-03
8.081813569189237600e-03
8.084593221114365694e-03
8.082753524761898678e-03
8.081631359269687495e-03
8.079530786650352195e-03
8.082872882447023066e-03
8.082816200096194434e-03
8.083678961364996682e-03
8.081456219154143500e-03
8.082087206829777215e-03
8.082680198640852104e-03
8.080670441521135491e-03
8.081776735599621730e-03
8.081379596493741199e-03
8.082404608363902287e-03
8.080360362625845991e-03
8.081698906891849818e-03
8.082190588472117770e-03
8.082447672748412082e-03
8.080459558719931337e-03
8.081880437364883513e-03
8.083119746944145145e-03
8.082143395928035115e-03
8.081315617440409937e-03
8.082509090759977533e-03
8.081412406257299993e-03
8.083172464739628305e-03
8.086182531456240913e-03
8.080882681075976168e-03
8.083006817459046853e-03
8.081055055420106187e-03
8.082958081853251070e-03
8.083484481033461483e-03
8.081107034147825760e-03
8.082576755008693756e-03
8.081316765610992853e-03
8.080966657382672794e-03
8.081385490294832469e-03
8.081538397703584564e-03
8.083203086950827357e-03
8.081669907444733597e-03
8.082605742141524968e-03
8.081992577038380268e-03
8.081857525023465258e-03
8.081859839452563282e-03
8.082197337121076880e-03
8.083259905867874393e-03
8.081078883721061826e-03
8.084289984220107902e-03
8.082135553158295918e-03
8.081682874494077601e-03
8.083886087926067665e-03
8.080830590507209754e-03
8.084437852522410178e-03
8.080214375540338903e-03
8.085996130192956918e-03
8.081408193149744457e-03
8.080367129882354629e-03
8.080906191205459999e-03
8.085664678107649245e-03
8.081852285770938643e-03
8.081742094976080218e-03
8.085871096494784069e-03
8.079745643219251455e-03
8.082194010467251208e-03
8.082067160717940763e-03
8.083868328316354268e-03
8.085089952581369852e-03
8.080719892964429926e-03
8.079575212485796618e-03
8.081948028454334632e-03
8.086727581778509200e-03
8.082597725680566378e-03
8.080953642091350669e-03
8.080832833240715607e-03
8.082381746807525136e-03
8.080367246968972808e-03
8.079940215274670351e-03
8.085138816424303557e-03
8.081454962529118977e-03
8.079803526230019614e-03
8.080890143320440880e-03
8.082189182391747578e-03
8.085499567665153930e-03
8.082846880318692376e-03
8.082399271780730393e-03
8.079921133890400828e-03
8.083698383241770188e-03
8.082132896430388805e-03
8.085092871774050838e-03
8.085157232661992904e-03
8.081329339548649557e-03
8.079948203384396122e-03
8.081782038806982829e-03
8.083437225694847100e-03
8.085105574718325430e-03
8.082964465360826037e-03
8.084165155256532384e-03
8.083915804847331688e-03
8.080562832023968287e-03
8.083038991391584133e-03
8.084499487589767372e-03
8.082234757702621772e-03
8.084814397714572276e-03
8.081543960760778286e-03
8.082997082683703385e-03
8.080547397208650076e-03
8.083177870532681081e-03
8.079645843302582162e-03
8.081877544831491886e-03
8.081807313960740966e-03
8.084300247920441981e-03
8.080517909939620783e-03
8.083990290690288780e-03
8.080793061501199276e-03
8.081631531105323493e-03
8.082005774746898324e-03
8.082746742528748585e-03
8.082223908922084657e-03
8.083206229630967785e-03
8.082235187075178379e-03
8.082585140270650767e-03
8.081593778797767358e-03
8.083589015897342869e-03
8.082293437253279533e-03
8.081339046274022692e-03
8.083244386193177977e-03
8.081841450717974426e-03
8.084276873435287253e-03
8.082217316653598355e-03
8.081058242209903514e-03
8.083483872929043967e-03
8.081985080628640780e-03
8.082588013512206904e-03
8.082822066747590017e-03
8.081853747355953119e-03
8.082478931316501927e-03
8.083004389360857328e-03
8.080681185768000957e-03
8.084645906589950359e-03
8.084696248447507949e-03
8.079714016162109838e-03
8.083524719256472008e-03
8.083205086764157915e-03
8.084261153510203385e-03
8.081548268035140120e-03
8.083103963377576834e-03
8.084120264884059326e-03
8.085558611526443701e-03
8.087070368450520116e-03
8.083545354385348464e-03
8.082895330608946133e-03
8.083798199372086227e-03
8.081977366142167538e-03
8.083206731680423612e-03
8.080894763750335469e-03
8.083004962181845887e-03
8.081248283561241405e-03
8.080003730835515902e-03
8.082831531687774060e-03
8.080854990040034491e-03
8.082704346129662709e-03
8.078077246683438781e-03
8.082978973064185862e-03
8.082693691273413680e-03
8.083177373693196596e-03
8.082021385562460428e-03
8.081289113704238913e-03
8.083489459872748514e-03
8.083303168526369958e-03
8.082053363190545847e-03
8.081321908051681407e-03
8.082566714164308649e-03
8.084774751358020373e-03
8.082856785620342460e-03
8.081688525335039425e-03
8.083519157385804857e-03
8.081547408301456570e-03
8.082799921123050985e-03
8.082714041742364297e-03
8.081827599401736340e-03
8.080584867804432511e-03
8.081081599104398411e-03
8.081259077347047529e-03
8.083620250650893832e-03
8.083312416176959697e-03
8.084354967020729310e-03
8.082560763430645875e-03
8.084970957806867156e-03
8.079706815442032342e-03
8.081664319921990497e-03
8.081245643005609616e-03
8.083024118428141711e-03
8.081317177034324020e-03
8.081557436393963997e-03
8.083893140406439928e-03
8.081844922610700865e-03
8.080737423077369308e-03
8.082534644964141715e-03
8.080957312839360043e-03
8.082890143485154874e-03
8.082126492929202904e-03
8.081954852117219368e-03
8.080207635771078853e-03
8.082848867034156393e-03
8.082598025099335670e-03
8.083504746111910139e-03
8.082374591137963041e-03
8.082424121090104469e-03
8.083053820567544234e-03
8.084670014968153851e-03
8.085264575638205498e-03
8.081719090977488792e-03
8.082536874528182050e-03
8.082863498901951896e-03
8.083202414895202664e-03
8.084008454684285180e-03
8.083036032088677242e-03
8.083292519920426758e-03
8.082993922096595382e-03
8.082283486955367524e-03
8.080876207767222555e-03
8.081395473626207596e-03
8.084060318708905304e-03
8.080995302540784631e-03
8.082816107452567289e-03
8.082182222905668137e-03
8.084099351724006663e-03
8.082483291201229478e-03
8.082641996091672471e-03
8.082641203554731882e-03
8.082407002247143230e-03
8.083709954156106242e-03
8.082037791112025096e-03
8.083105724850494014e-03
8.080318105677882640e-03
8.087012088748225108e-03
8.083232541524841552e-03
8.083782552498841242e-03
8.085116844944856968e-03
8.084107308968184469e-03
8.083070115631319982e-03
8.081375756177813091e-03
8.079992622810196895e-03
8.084078571651992853e-03
8.081762081298089068e-03
8.082002286611133721e-03
8.083335817638202456e-03
8.082431541086265367e-03
8.085121035009057086e-03
8.081734157426067114e-03
8.081832345458520028e-03
8.083877307031993309e-03
8.081591195107346026e-03
8.083031714180751934e-03
8.081088623207579452e-03
8.082805536297024349e-03
8.080436356749778892e-03
8.082958050193512003e-03
8.081690967679550086e-03
8.083947401674590472e-03
8.079508094910389446e-03
8.081872269578588980e-03
8.084977469009341916e-03
8.081281073064817272e-03
8.083900331898995900e-03
8.087778947930704745e-03
8.082867554541533009e-03
8.080064067473935810e-03
8.082394162893285355e-03
8.083019650231034262e-03
8.082743379972130021e-03
8.082381097575619053e-03
8.082340546803531631e-03
8.082443721361345576e-03
8.082198766604835674e-03
8.083974886260799839e-03
8.084896389851606996e-03
8.083000706249020978e-03
8.082247708270382316e-03
8.084541047627267357e-03
8.082614558172796296e-03
8.084115460061982658e-03
8.082527939875225331e-03
8.082350092031051481e-03
8.081056998555154885e-03
8.081438316656978232e-03
8.084365739175057575e-03
8.083626153998222166e-03
8.082419140254442150e-03
8.081873671731134093e-03
8.081256491937869116e-03
8.079990165351904480e-03
8.082833532483863631e-03
8.083822759348912798e-03
8.079934955144573230e-03
8.081933785634352191e-03
8.082172562080604597e-03
8.083036027530321813e-03
8.083764114242017115e-03
8.081596686695736650e-03
8.081313540659265313e-03
8.083778207957600589e-03
8.082452412379604809e-03
8.081203400830594755e-03
8.084496623252286629e-03
8.082670857740463857e-03
8.082969230205907032e-03
8.081891122139096481e-03
8.082151918000747559e-03
8.082397989465446922e-03
8.083339453794283549e-03
8.083380474764515281e-03
8.084312385044825633e-03
8.082432613248214867e-03
8.082175629888889781e-03
8.083444466445582205e-03
8.081842676107283546e-03
8.082006316348084099e-03
8.083590750512629347e-03
8.081936182513531700e-03
8.081834718960546893e-03
8.084039136189793279e-03
8.081520207971950448e-03
8.083182624569300312e-03
8.080821716761537460e-03
8.081293931957023516e-03
8.083724254017720517e-03
8.081546972482801100e-03
8.079336516759074230e-03
8.084033052715414516e-03
8.083913995366388133e-03
8.083182642864826864e-03
8.083943230762558052e-03
8.079440460022029383e-03
8.082818542336105139e-03
8.081521359169492255e-03
8.086343157313298849e-03
8.085675651654120055e-03
8.081839289787862493e-03
8.083252486159143296e-03
8.083905213302544635e-03
8.082629495789842369e-03
8.082694620344185385e-03
8.079543979287878014e-03
8.082590538709050199e-03
8.080477715076096398e-03
8.083781573689743233e-03
8.083004155234082069e-03
8.083079480649646778e-03
8.080853451911517576e-03
8.083118378040465499e-03
8.082731293684794482e-03
8.083603437843787237e-03
8.084786439442855424e-03
8.081281409709505092e-03
8.082871362866367315e-03
8.081191859271216402e-03
8.082559025883291615e-03
8.083181106002713598e-03
8.080796494844015923e-03
8.081000173814831961e-03
8.082787581961110510e-03
8.084442416029765169e-03
8.083877889058182706e-03
8.085636591721517483e-03
8.079514947975678305e-03
8.081511259476975920e-03
8.082030843109494142e-03
8.083362316387326246e-03
8.085084779118045448e-03
8.081420905443474287e-03
8.080440863710234775e-03
8.082995522936000862e-03
8.082519951123646670e-03
8.084120058750121282e-03
8.082455854168370257e-03
8.081212011998538391e-03
8.081005293589835214e-03
8.083249148457229832e-03
8.082120161492477306e-03
8.082225196341377357e-03
8.083654577184556239e-03
8.082101494982375789e-03
8.081842119694171780e-03
8.085480829428056543e-03
8.083973866207561781e-03
8.084158664812721509e-03
8.081900257689286077e-03
8.081611997074194739e-03
8.083394479711051087e-03
8.082337099523766166e-03
8.084490198442423683e-03
8.085397758542235344e-03
8.084086429883041366e-03
8.082418829068413815e-03
8.082408863156085796e-03
8.084640264100505930e-03
8.081729217694708783e-03
8.082343905878031087e-03
8.081035930837254799e-03
8.082050940349831333e-03
8.080517698431230120e-03
8.081351885725287024e-03
8.082296962387495315e-03
8.083552728887733949e-03
8.082896170450713444e-03
8.079780274888290897e-03
8.082771746705295565e-03
8.083238848954744579e-03
8.081684147015882544e-03
8.083052760282096252e-03
8.081717232216985639e-03
8.082084183797294888e-03
8.083612923674555681e-03
8.082830125009616423e-03
8.084982521110209777e-03
8.081659209913990422e-03
8.082742555525974579e-03
8.081579040980122267e-03
8.082354869901310634e-03
8.081782527782405481e-03
8.080837670406102596e-03
8.081454226771461052e-03
8.082588910954613751e-03
8.080988489873919961e-03
8.081159972657479817e-03
8.082450961848612614e-03
8.086203728563480519e-03
8.080120410480340354e-03
8.082583616235846161e-03
8.080584053271543457e-03
8.084346487058439654e-03
8.083929625956949583e-03
8.082442080615884206e-03
8.082769779416482808e-03
8.082470835299022244e-03
8.080546230993844795e-03
8.082861270183677727e-03
8.080593077471592139e-03
8.082345178419133094e-03
8.081759555238989326e-03
8.080512928596116431e-03
8.081831309804205984e-03
8.085337943541140784e-03
8.082694130371161426e-03
8.081298498856484547e-03
8.081262257865526322e-03
8.080824036912799546e-03
8.082362659506679356e-03
8.082689198074888628e-03
8.081564229215262504e-03
8.082615051711823650e-03
8.081440029206639342e-03
8.081697650377483305e-03
8.081381583143055006e-03
8.083881882948815850e-03
8.083405560294805448e-03
8.082344853244547919e-03
8.080623071979811320e-03
8.081756100529033718e-03
8.082486317183267335e-03
8.081785681478435499e-03
8.079558954878799867e-03
8.082511161827021090e-03
8.085283541664411641e-03
8.083312425078278615e-03
8.082436186371689049e-03
8.082154648338073580e-03
8.081885868414875190e-03
8.082616801938578843e-03
8.082657500888556362e-03
8.084275499721956665e-03
8.081651393821534871e-03
8.082901727048124804e-03
8.080964571575650901e-03
8.083051995515233568e-03
8.084199123829689804e-03
8.083840045896725779e-03
8.082716474225100367e-03
8.085367400540723407e-03
8.082467938427114959e-03
8.085029217032973711e-03
8.083961250414262861e-03
8.082742611286415982e-03
8.083416996296834481e-03
8.083606958298118067e-03
8.082587312131402774e-03
8.081771593772381704e-03
8.083345546936427164e-03
8.080872156652974675e-03
8.082313030173976856e-03
8.085269251409839958e-03
8.081291100590538498e-03
8.084995917551305103e-03
8.081483164458291152e-03
8.081874934881647099e-03
8.083614522687642551e-03
8.082346529082469477e-03
8.082835925425175747e-03
8.083406225981588922e-03
8.082274832514699942e-03
8.083049411205201970e-03
8.081452122623424689e-03
8.083349386678042106e-03
8.082087886062742227e-03
8.083712697806949218e-03
8.081510213206051854e-03
8.082818583160733539e-03
8.084631691238238632e-03
8.080412377572234253e-03
8.083268715431517204e-03
8.082172111351209817e-03
8.083961082427742334e-03
8.083384057987155757e-03
8.083304523214937878e-03
8.086601035366220921e-03
8.082513268260036951e-03
8.082730658985366051e-03
8.080973141192141287e-03
8.084531411911323462e-03
8.084190849005395280e-03
8.080059698234630383e-03
8.082765129309414306e-03
8.081392950841391476e-03
8.082018878763102057e-03
8.081673793553678653e-03
8.082382934500276575e-03
8.082521631797137673e-03
8.080798188231029869e-03
8.083618216589068609e-03
8.081464853269467244e-03
8.082168425568948822e-03
8.082081531296447449e-03
8.082780719059212693e-03
8.081140269207835389e-03
8.083454434605976541e-03
8.079083612471012199e-03
8.080516258226757079e-03
8.082539194592447754e-03
8.083897956079213673e-03
8.081937423351311447e-03
8.082743742746454491e-03
8.080326952285924250e-03
8.080832031801422205e-03
8.082586095700438136e-03
8.085656030111345802e-03
8.083595320326987868e-03
8.082421233032009711e-03
8.081931899820732346e-03
8.083785340640949058e-03
8.082857904825284726e-03
8.087136980924423263e-03
8.081976358298945465e-03
8.081787154006267807e-03
8.084799399324186717e-03
8.080250702098504961e-03
8.082754756125321363e-03
8.081361698327632279e-03
8.082962495633410141e-03
8.081053277663258205e-03
8.082700695941483215e-03
8.084066793509781315e-03
8.086739419637591075e-03
8.079409005894204465e-03
8.081561316051399588e-03
8.080424115895656900e-03
8.080811813660441351e-03
8.084022338071364042e-03
8.082659114726935268e-03
8.081719716155255986e-03
8.082094454540139639e-03
8.083691833230688059e-03
8.080945245199335630e-03
8.082835018817964567e-03
8.082012718221237221e-03
8.083095399428185182e-03
8.081979663234701086e-03
8.082074530328772072e-03
8.083000978373130682e-03
8.082768287290448966e-03
8.082033925377256345e-03
8.081993748982736064e-03
8.081949939789358911e-03
8.084739187633024210e-03
8.082263594465965290e-03
8.084280770216513076e-03
8.081686714320576032e-03
8.082553895360109972e-03
8.085882517098907929e-03
8.080512689376692648e-03
8.083599680591179240e-03
8.083663723394994560e-03
8.083609425581891189e-03
8.082406836968160022e-03
8.083464353307201478e-03
8.083509711738053050e-03
8.080967492492699064e-03
8.082009428474257184e-03
8.080640076663789945e-03
8.084246672166187087e-03
8.081660946023628417e-03
8.084349358336642699e-03
8.084453849749824450e-03
8.083749854379573482e-03
8.084427578423810518e-03
8.081756047475576257e-03
8.082610534281645456e-03
8.083384287273030766e-03
8.082420123262686398e-03
8.081755295511311096e-03
8.084766993467376248e-03
8.082008571073910283e-03
8.081512131278676195e-03
8.082399963578278460e-03
8.084088528968283796e-03
8.083240077488527964e-03
8.083841661640028819e-03
8.081327580216617068e-03
8.081112832512961017e-03
8.082364013762432034e-03
8.083272569851708209e-03
8.082102995978675264e-03
8.082315153044484710e-03
8.084213034750577231e-03
8.084398846832152596e-03
8.082409593622831914e-03
8.079975106279640995e-03
8.083372226823372711e-03
8.080165589961191275e-03
8.081147975457747892e-03
8.083470337018641011e-03
8.083691060281531990e-03
8.081733339463463214e-03
8.083236034219889662e-03
8.080975720047244709e-03
8.078962854878638661e-03
8.081031722874500514e-03
8.082093108283361707e-03
8.082678293775718420e-03
8.084817158175879731e-03
8.080919768958996080e-03
8.082330083582793881e-03
8.083319188464352031e-03
8.082767256118419258e-03
8.083965969348049993e-03
8.081866867373487320e-03
8.082321797018619455e-03
8.084865564285751913e-03
8.084399008825822810e-03
8.082300573846899414e-03
8.081760997966478885e-03
8.080836179354839235e-03
8.082211696409807161e-03
8.082142414466617769e-03
8.083579294374089799e-03
8.083029754959556931e-03
8.081177392987626967e-03
8.081138301520929615e-03
8.080045979451212085e-03
8.080757309324714324e-03
8.081240644628196260e-03
8.083758750069386725e-03
8.082602867781240458e-03
8.083011444217951674e-03
8.084480976392048601e-03
8.082768730828939624e-03
8.082768439098173344e-03
8.085181293374103101e-03
8.083344949606731042e-03
8.082407931075391919e-03
8.082178698944522677e-03
8.080680736064268371e-03
8.081752460434332361e-03
8.081812785603792806e-03
8.082148473245742010e-03
8.083532130160529100e-03
8.080983368922850518e-03
8.080720541545991648e-03
8.082902324300566752e-03
8.084146081313213494e-03
8.083459218677969266e-03
8.082608866215324969e-03
8.082028559021700240e-03
8.081486354535281913e-03
8.081495156862301965e-03
8.082057286342545291e-03
8.083998347870047230e-03
8.084665264830879008e-03
8.085527872504811794e-03
8.082331685128644680e-03
8.084384052991512234e-03
8.083837102890978690e-03
8.083660737109182176e-03
8.083878659452510898e-03
8.083571643403342222e-03
8.083667335580401250e-03
8.080512024507552002e-03
8.083318580708386686e-03
8.085896950700216870e-03
8.081612613294663489e-03
8.083524445022123237e-03
8.083559822726927094e-03
8.083097171001318165e-03
8.086062471928334716e-03
8.080743596894916780e-03
8.082619361582331005e-03
8.080767982626833185e-03
8.080958292013811634e-03
8.085457765187145304e-03
8.086082600433530665e-03
8.078708239839443861e-03
8.082962813330055174e-03
8.082861782091260022e-03
8.082438387777933844e-03
8.081820331850973760e-03
8.080125822712471567e-03
8.082355258115245591e-03
8.080221135218180681e-03
8.082269387014518955e-03
8.084384575959129363e-03
8.081374043945972405e-03
8.084194338285832782e-03
8.083403337293747909e-03
8.086679138016120497e-03
8.085228797344886156e-03
8.082484908956874201e-03
8.081779500445153072e-03
8.082620185057662332e-03
8.081160956173043947e-03
8.082415229842768861e-03
8.082600213911593848e-03
8.081255521315271195e-03
8.083485487307516884e-03
8.083068854274047879e-03
8.081250578568378862e-03
8.083347068360412224e-03
8.079710121412344084e-03
8.082835694230898482e-03
8.081218420906791447e-03
8.079738121972367473e-03
8.083146582570449601e-03
8.082321967097388232e-03
8.084211186213904540e-03
8.079956757476136620e-03
8.080782467456389465e-03
8.081503030084776981e-03
8.084675785521508451e-03
8.081718589030227259e-03
8.083368283057388790e-03
8.081450318602464294e-03
8.082603785797684570e-03
8.080903402199574384e-03
8.082933551550363152e-03
8.081346936746705914e-03
8.080440161135824667e-03
8.083151760010733392e-03
8.080999952309188272e-03
8.081157893384767477e-03
8.085062043817077201e-03
8.080534699864218989e-03
8.084275978290797471e-03
8.082533242385721989e-03
8.083865106762953487e-03
8.081649486189565815e-03
8.082161488146900538e-03
8.080621991444734975e-03
8.081409354448875967e-03
8.085152588613296956e-03
8.083817680392414370e-03
8.084151824067808273e-03
8.080580165520512628e-03
8.082192395576765984e-03
8.081605945217831474e-03
8.080212025347130456e-03
8.082419963648874647e-03
8.082810758401587359e-03
8.081446201280245017e-03
8.081302864819806323e-03
8.084813507582838329e-03
8.081909186346106916e-03
8.081667909574572622e-03
8.080577865884690583e-03
8.083289567321138430e-03
8.083750298774327117e-03
8.084443702266137788e-03
8.084044454868806115e-03
8.081815142273022362e-03
8.085306448218788911e-03
8.084161384258829047e-03
8.084653778829447787e-03
8.083084224449931660e-03
8.083508335523180086e-03
8.082239071367668462e-03
8.081392177172051078e-03
8.083736555665292645e-03
8.084500839613519008e-03
8.083559616947837145e-03
8.083479114984843880e-03
8.080753415031373399e-03
8.083396373638708152e-03
8.084472756873271188e-03
8.082694684302975038e-03
8.082939368950268696e-03
8.079519726261759349e-03
8.080971377909678538e-03
8.083188740921339738e-03
8.081108328027681448e-03
8.081784620827224541e-03
8.082069645209468203e-03
8.082831224840101789e-03
8.083621844635544701e-03
8.082681582355385683e-03
8.082865293227952178e-03
8.083827540359633801e-03
8.083092427682746911e-03
8.083858197544726426e-03
8.083772227256039861e-03
8.082622014385098391e-03
8.083791650285882327e-03
8.081445992901219177e-03
8.082906098994403765e-03
8.082460941400651522e-03
8.080766401205800864e-03
8.082170403235710079e-03
8.082008983848818287e-03
8.082260863240273499e-03
8.083760971320779615e-03
8.081400314142332675e-03
8.083204823680214396e-03
8.080971297098130113e-03
8.083743294553108472e-03
8.085054401470122276e-03
8.083779212186420482e-03
8.079440120727471655e-03
8.082322093944658767e-03
8.081313512174621849e-03
8.082283294643281130e-03
8.083056797508154923e-03
8.082715375808281061e-03
8.083227343219541450e-03
8.084136281544477415e-03
8.085549788224791895e-03
8.081376937594652449e-03
8.083472251808922204e-03
8.083137104216190152e-03
8.081112732241995875e-03
8.083221466788172160e-03
8.083680845017458122e-03
8.085084759267141541e-03
8.081853273648152702e-03
8.084732376270909252e-03
8.082721066349713226e-03
8.085192373463412699e-03
8.083217971730023016e-03
8.083804909544942824e-03
8.083994546169030737e-03
8.082168408821133881e-03
8.083506437338279157e-03
8.083879614031742530e-03
8.080680757165770861e-03
8.081978291014665569e-03
8.082557561980650146e-03
8.085452696292677946e-03
8.083791934730617454e-03
8.081114935236629812e-03
8.083090099117931984e-03
8.081533835356433451e-03
8.083018436776097035e-03
8.083851902029195666e-03
8.081821601646898418e-03
8.084613999251727412e-03
8.079460597779003495e-03
8.081152334745810364e-03
8.079337777122743564e-03
8.082739298059736857e-03
8.083808797477290420e-03
8.081807931191254193e-03
8.084595289990243600e-03
8.082407331221801508e-03
8.081625205478283960e-03
8.084437081515537249e-03
8.085021286131473944e-03
8.081742749946911261e-03
8.083344872934947536e-03
8.083087053937581049e-03
8.082329043557760773e-03
8.082235376063990825e-03
8.082648998387837250e-03
8.084043339012157714e-03
8.083338599181399617e-03
8.080475234018143563e-03
8.082237404172500084e-03
8.085163865591594307e-03
8.082052650811966110e-03
8.083086961468510453e-03
8.083073337273425849e-03
8.082927763746089109e-03
8.083545044579898073e-03
8.084253168277592827e-03
8.080472459822076250e-03
8.083097548589582640e-03
8.082102482251088751e-03
8.082451272434567138e-03
8.085120908144744628e-03
8.083337672824873407e-03
8.081963111216691406e-03
8.080556032737218342e-03
8.080783469251723652e-03
8.083886193091116210e-03
8.084504265308047402e-03
8.084191574505203079e-03
8.082179096567726137e-03
8.084238846986157093e-03
8.082672376592528810e-03
8.080663038397587275e-03
8.081834950356640151e-03
8.084863153728524127e-03
8.082599952931649595e-03
8.083698998432212179e-03
8.082182524661977313e-03
8.083751634742616238e-03
8.082553740274906612e-03
8.083264052980607475e-03
8.082227912277265003e-03
8.082308897460588337e-03
8.081363253790154952e-03
8.084904918649847561e-03
8.082126942929424018e-03
8.082464268171831237e-03
8.079847261424421417e-03
8.082676398028759701e-03
8.084746671410196830e-03
8.085022958732739767e-03
8.082720189724383608e-03
8.081150967698683824e-03
8.084467265339444556e-03
8.083577754925030251e-03
8.081601650997544822e-03
8.083089408686050178e-03
8.081596429724018441e-03
8.080189807380793940e-03
8.082010806874017836e-03
8.080263238864932029e-03
8.084587885521802436e-03
8.082134317099450363e-03
8.081184321291519368e-03
8.081253752126075010e-03
8.081420238414269847e-03
8.084171781286004013e-03
8.082948583423245001e-03
8.082507244088928816e-03
8.081502585416929299e-03
8.080704905212472006e-03
8.082180893445440467e-03
8.084313761749097049e-03
8.083213572623331247e-03
8.082640080044577180e-03
8.079789473555686399e-03
8.083418206529113456e-03
8.082297275790404842e-03
8.082457234530633985e-03
8.082796432517204074e-03
8.080935265732742262e-03
8.082765234326320936e-03
8.084025234724838416e-03
8.083806590700608891e-03
8.087036293141329490e-03
8.081962608493812456e-03
8.081906068876100815e-03
8.081258308958802136e-03
8.082992748980909192e-03
8.082551090699810828e-03
8.079382342173443629e-03
8.081290867922174756e-03
8.081808113371734964e-03
8.082597142177716174e-03
8.083920205666740230e-03
8.086446166114702461e-03
8.082320765557409609e-03
8.081512919529347527e-03
8.083282529970739830e-03
8.084470611413714647e-03
8.084197795954466831e-03
8.084276979692446574e-03
8.079631996823989984e-03
8.083556659020154841e-03
8.083088474369923976e-03
8.083406508741772245e-03
8.082935487257768281e-03
8.084060398508365747e-03
8.083270015491432828e-03
8.083517348944271180e-03
8.082159918526175477e-03
8.082279971043217562e-03
8.085390823447538913e-03
8.082193629876974900e-03
8.081825776360867034e-03
8.084947095197568892e-03
8.082890251349865093e-03
8.085332639753804382e-03
8.082466539688557688e-03
8.082339564229405401e-03
8.080041249792668800e-03
8.085070408954810744e-03
8.083264821351748494e-03
8.082343302520044251e-03
8.082508848862055700e-03
8.082213159934549529e-03
8.080933091891695855e-03
8.081417646770798838e-03
8.084175848907797224e-03
8.082037048348702027e-03
8.081261394432043624e-03
8.082131618080818508e-03
8.082066703937818355e-03
8.081168114525092219e-03
8.082417519891854987e-03
8.081034896713320745e-03
8.078498526626688367e-03
8.080224113608255182e-03
8.080739396361788854e-03
8.081672758624413103e-03
8.080765913495048872e-03
8.081818752049673565e-03
8.083348121730216801e-03
8.082702566131017702e-03
8.082574804253679635e-03
8.083931877997394336e-03
8.080052334515600010e-03
8.081708531240372820e-03
8.084042929562511651e-03
8.083828677817900266e-03
8.083009728067821684e-03
8.080163040327523888e-03
8.085102270934530280e-03
8.080979780783032265e-03
8.082259954937213997e-03
8.083761662763484790e-03
8.082650487974796238e-03
8.081636364994992244e-03
8.081702405609368645e-03
8.082988648162911516e-03
8.080583670349658285e-03
8.082180923430069830e-03
8.080229417158333455e-03
8.083268532990618011e-03
8.080245022133010491e-03
8.083941873026625688e-03
8.083142392130707871e-03
8.080999777406778009e-03
8.083487866774097252e-03
8.084309385049200450e-03
8.083874915806055564e-03
8.081918226992166818e-03
8.082061090605833359e-03
8.083339440799933162e-03
8.081171673048462289e-03
8.083505424812682805e-03
8.083064009563607766e-03
8.082688215661224321e-03
8.083299919719798970e-03
8.084556043211756776e-03
8.081267781452827412e-03
8.082893455828736584e-03
8.082166608479103911e-03
8.082943796222897062e-03
8.081739196466814282e-03
8.083192449242448258e-03
8.080414977414386579e-03
8.084729021746372632e-03
8.082562463150875023e-03
8.081436466821141640e-03
8.084159268339880314e-03
8.082700998202983766e-03
8.084940595118600762e-03
8.081707175984975330e-03
8.082274080791528384e-03
8.081019555264754364e-03
8.083040269542511244e-03
8.082501665953721603e-03
8.083283381939539158e-03
8.082326359062346616e-03
8.084274548578908662e-03
8.081735817536767064e-03
8.082890357545391424e-03
8.082226190446082162e-03
8.084621045456907504e-03
8.082056612124932996e-03
8.081669692631739815e-03
8.081762016352708397e-03
8.084360396929854073e-03
8.080719955318779041e-03
8.083535674441706675e-03
8.085877233642055351e-03
8.080540096923941734e-03
8.082149859507212208e-03
8.084739678222393686e-03
8.082343502950572328e-03
8.079693560036873418e-03
8.083876264518405699e-03
8.082011280389763547e-03
8.084677227424206386e-03
8.081757017740540117e-03
8.080949095495832193e-03
8.082818234407871880e-03
8.082829188675288642e-03
8.082067143494445563e-03
8.083359486223202356e-03
8.080582702346501486e-03
8.083498296522476437e-03
8.081679392542151161e-03
8.081953757762038240e-03
8.081748945924692451e-03
8.082975417274592539e-03
8.082191697533727681e-03
8.081178437046268592e-03
8.084252608161097975e-03
8.082820482252065647e-03
8.083786798356791189e-03
8.082528147987570397e-03
8.083108117421813898e-03
8.083679879018127248e-03
8.081309330293809726e-03
8.082271416224960994e-03
8.081835477820546038e-03
8.081094174221982798e-03
8.081730109902589276e-03
8.084076990569248958e-03
8.079774429817316792e-03
8.082668591217216994e-03
8.082441283844561675e-03
8.079194855302160305e-03
8.081331223927118793e-03
8.082451021544916070e-03
8.082422280182327556e-03
8.081773158368759508e-03
8.081375811218243638e-03
8.080623149980314945e-03
8.082984461546538490e-03
8.082761735728943853e-03
8.083797170819900096e-03
8.080284241622505068e-03
8.083149246953854478e-03
8.083633698217233821e-03
8.081046986634780535e-03
8.082758085389626576e-03
8.084609522734037892e-03
8.082617736028819763e-03
8.081929488079668544e-03
8.082198824405840976e-03
8.081389549733771979e-03
8.083995638068044651e-03
8.085323694156884913e-03
8.080608402323514322e-03
8.082975270236934448e-03
8.080247251522192434e-03
8.084897663142489449e-03
8.081561376990720885e-03
8.082683465766246980e-03
8.082120967900662326e-03
8.080715739890755034e-03
8.079882656089668741e-03
8.084206384145451590e-03
8.083391760669099424e-03
8.082505321464870593e-03
8.082078072131829508e-03
8.082700700026099541e-03
8.083454434605985214e-03
8.083237846000932564e-03
8.084888548963930013e-03
8.081953227049699581e-03
8.080372236009053175e-03
8.084300120552419602e-03
8.080543836569848912e-03
8.083962917762491096e-03
8.082908963303254632e-03
8.083805767556812710e-03
8.081091544058477405e-03
8.082183894724375914e-03
8.084678552481827304e-03
8.083563225733161536e-03
8.081065545191352256e-03
8.081463265436321028e-03
8.082069156210226063e-03
8.080683301857122594e-03
8.082214994705263361e-03
8.083784387414413158e-03
8.080808963273022200e-03
8.087256670707866982e-03
8.080865026712364535e-03
8.083917529356323892e-03
8.082489087658791677e-03
8.083861830898294090e-03
8.081206267692417344e-03
8.080978609357488893e-03
8.082556191090590689e-03
8.081987718427934009e-03
8.082217244147293575e-03
8.082418966368189531e-03
8.080991567876540105e-03
8.082567123839222434e-03
8.082963350164467167e-03
8.085072728583057172e-03
8.080839618419330753e-03
8.080385843027320519e-03
8.083516380794637801e-03
8.082374615448426405e-03
8.086474714623519827e-03
8.081033782499233431e-03
8.083936837015364904e-03
8.081504011387097633e-03
8.080703853766238107e-03
8.085653834190993997e-03
8.084024177454450857e-03
8.086480381161054165e-03
8.081943128889866948e-03
8.084499123757251174e-03
8.081448821773360922e-03
8.084988754965919192e-03
8.082155663876589707e-03
8.083421630907408270e-03
8.082539615241442557e-03
8.081821379261312777e-03
8.083469476846251098e-03
8.083020338799266208e-03
8.083382318781775350e-03
8.082299558221239452e-03
8.082177036627339467e-03
8.083982425315182352e-03
8.083458187005619286e-03
8.083079208304306054e-03
8.085737807983942732e-03
8.082777163979811691e-03
8.082127329678983479e-03
8.083514253902947255e-03
8.082379521595154867e-03
8.080984135696139478e-03
8.081102480963744256e-03
8.082193850280373557e-03
8.080987483252794965e-03
8.086573132290360635e-03
8.079933430759352747e-03
8.082612352101694458e-03
8.082756758748204859e-03
8.084523842545304068e-03
8.084304050721760615e-03
8.081863543854570647e-03
8.082142588413308154e-03
8.083486216123226056e-03
8.082512712125037788e-03
8.085691211622720101e-03
8.082051436830189894e-03
8.082590425079878155e-03
8.081465962117244731e-03
8.085464049079922957e-03
8.080166009546946304e-03
8.083897395501369113e-03
8.081415719169180584e-03
8.081247321576424947e-03
8.081407901089718987e-03
8.080756660386587131e-03
8.084569562258083625e-03
8.081770550513466683e-03
8.081977949740307837e-03
8.084770448855272199e-03
8.083684666557596279e-03
8.083521701925815844e-03
8.082334989064686101e-03
8.082415036174369835e-03
8.081272623902431909e-03
8.080327667746918519e-03
8.083952827992927845e-03
8.080792469751452850e-03
8.083212657734392334e-03
8.083276941937500570e-03
8.082558294227066426e-03
8.080205631337780692e-03
8.081415481784365654e-03
8.082500831795930152e-03
8.080146441389308640e-03
8.084043850310891968e-03
8.082496979612637314e-03
8.084374233403615953e-03
8.083752380039069263e-03
8.081584580883495114e-03
8.080270808769805108e-03
8.082368439213434216e-03
8.081237079687695474e-03
8.085731547184029505e-03
8.080823329184475684e-03
8.082296321887191479e-03
8.082982993891745654e-03
8.082448670884994149e-03
8.084182878114102785e-03
8.082200589436769680e-03
8.081538814653538294e-03
8.079539422699932513e-03
8.082283632696085629e-03
8.081576342521356801e-03
8.083688619222735919e-03
8.081811884297554829e-03
8.082740835303520513e-03
8.080635461812040940e-03
8.082970912424778179e-03
8.086219513363196096e-03
8.082007575437661490e-03
8.081523889743379846e-03
8.082407684462890665e-03
8.083772573079416740e-03
8.080987022343170262e-03
8.083019803633120434e-03
8.082848951701719284e-03
8.082348681763454334e-03
8.083262520233346765e-03
8.084129830864013669e-03
8.081521182336445785e-03
8.082681483263657804e-03
8.080488015984677377e-03
8.079974163686279992e-03
8.083865580062481529e-03
8.080750997892844137e-03
8.085820803539863627e-03
8.080859866447962989e-03
8.082623652779364135e-03
8.083770240209564584e-03
8.079534139350839222e-03
8.081864729810595005e-03
8.083220198732844752e-03
8.080234707128420429e-03
8.084077401157629961e-03
8.079000543426244352e-03
8.084217096201861893e-03
8.082684671413006491e-03
8.082818044976706681e-03
8.080857558809511135e-03
8.082098062846428815e-03
8.080632540904844272e-03
8.081819078707742215e-03
8.082106951564568820e-03
8.084871388089460292e-03
8.081798020069008368e-03
8.080063916264033572e-03
8.081722781918012494e-03
8.084752312236990340e-03
8.083189413616376565e-03
8.085427692046530390e-03
8.079703683306590709e-03
8.082728514798015809e-03
8.082412044116733460e-03
8.083760761232853392e-03
8.083250833367106383e-03
8.082987694034737478e-03
8.079244901761603939e-03
8.080067099073101958e-03
8.082388366811193645e-03
8.084922801005268653e-03
8.082254368971867470e-03
8.080573610232882203e-03
8.080883733232811783e-03
8.084198048425517841e-03
8.082433534048518928e-03
8.083403503326480610e-03
8.082252345628114509e-03
8.082002357929418332e-03
8.081391184976373029e-03
8.082398553039753936e-03
8.085255014842760227e-03
8.082272620831899498e-03
8.081481620879744920e-03
8.082250711759509862e-03
8.083515512813225362e-03
8.080365788584419062e-03
8.082531656475993795e-03
8.083608792840332388e-03
8.082143961155441661e-03
8.085645894752257340e-03
8.081034687281399287e-03
8.084068290665925166e-03
8.084961203202810365e-03
8.081148466847928175e-03
8.082042374753729136e-03
8.084363182314232080e-03
8.083726719350113610e-03
8.083054212013161474e-03
8.082579791325523663e-03
8.082756453108666875e-03
8.082433163531523371e-03
8.083518602366172173e-03
8.084405205362209246e-03
8.080783893397962617e-03
8.081471635187534308e-03
8.081746043799062362e-03
8.081260447566606872e-03
8.082597037136120960e-03
8.082583930592100729e-03
8.082931351997250588e-03
8.082898655164719171e-03
8.079852214769700502e-03
8.084414859744537551e-03
8.084131123103001360e-03
8.081131452676781554e-03
8.081088988080218499e-03
8.081737621792426871e-03
8.083481084047742724e-03
8.083961901346166726e-03
8.081495847895579440e-03
8.080057579450900321e-03
8.080216228099328796e-03
8.082774989846320396e-03
8.083034528850186959e-03
8.084427185177579800e-03
8.080078704578235252e-03
8.082946660082423324e-03
8.082192982693742547e-03
8.081871710433154166e-03
8.082887041161994357e-03
8.080932770928785092e-03
8.084324950349349934e-03
8.083298844525592733e-03
8.085575293325654792e-03
8.082536013184919710e-03
8.081124917956431647e-03
8.082412981704307012e-03
8.084565892014847557e-03
8.081506188771245616e-03
8.083445269427877444e-03
8.083243824609646563e-03
8.084254576595430175e-03
8.082508574041684379e-03
8.080741781101763790e-03
8.085157866522378958e-03
8.083016713391821470e-03
8.081136787454690912e-03
8.083113281316485141e-03
8.082332017534809773e-03
8.080880701890690021e-03
8.083138925693228796e-03
8.081701325625443438e-03
8.082465124943349552e-03
8.081371490522206574e-03
8.083976198938486873e-03
8.081190203114567081e-03
8.083625203181649121e-03
8.083936807000591251e-03
8.083996255937885012e-03
8.082513495411830853e-03
8.080074603914563780e-03
8.080692780724213140e-03
8.081160238937892468e-03
8.083236351026147973e-03
8.080934915189319848e-03
8.081639310488417799e-03
8.082298269340038033e-03
8.081544115359308444e-03
8.080725884216561489e-03
8.082988508889880908e-03
8.082167188979416661e-03
8.081342540045216918e-03
8.082282712864591670e-03
8.083356591588259157e-03
8.081001789353137524e-03
8.080071354276345541e-03
8.082089161334867974e-03
8.080031781023774839e-03
8.084784142315757510e-03
8.083447864314051434e-03
8.080903471332199356e-03
8.082001355067265636e-03
8.081509684839208521e-03
8.079663343801352787e-03
8.083683333001221577e-03
8.084228635170061239e-03
8.080876705999025592e-03
8.081995384817108538e-03
8.080613933936551738e-03
8.081000518249384021e-03
8.081292368278088917e-03
8.081035410488556642e-03
8.081953732427650874e-03
8.083146728055498956e-03
8.083597963517475532e-03
8.080971131254234205e-03
8.081748807872468285e-03
8.080353850700305526e-03
8.084424624963646583e-03
8.080939921509005044e-03
8.086416878917207160e-03
8.083732125245565378e-03
8.081941419393695591e-03
8.083013505304185650e-03
8.081991817353022245e-03
8.082110351957156116e-03
8.084083232074793998e-03
8.083502465595906669e-03
8.083218179393418176e-03
8.081469804607147381e-03
8.083700957297100184e-03
8.082662859119169041e-03
8.084506131868575071e-03
8.081745985480191796e-03
8.080959149227540453e-03
8.083036825227566877e-03
8.085112436619365864e-03
8.083034375025820520e-03
8.081534557900395613e-03
8.083016993083462845e-03
8.084417818828206620e-03
8.081378904177772757e-03
8.084410165010847207e-03
8.084643508417572663e-03
8.081959896575547850e-03
8.083319326132369642e-03
8.083017921784479975e-03
8.082673734282572534e-03
8.082210907572027342e-03
8.081814891968994857e-03
8.082222071627004692e-03
8.081682627782501085e-03
8.083898887504707698e-03
8.085140630858526217e-03
8.085567618520483196e-03
8.082194291118784471e-03
8.084903736500705096e-03
8.083230475549716201e-03
8.084110745174245480e-03
8.084173849532985678e-03
8.084863694849928756e-03
8.083316658454017117e-03
8.083705082605193576e-03
8.081766724391167486e-03
8.083230412597062695e-03
8.081015984907522279e-03
8.082227560579762285e-03
8.083884326314265054e-03
8.085491240619843700e-03
8.085743684870430603e-03
8.082739553740649063e-03
8.082282367138073076e-03
8.083726634416176990e-03
8.083681965910780726e-03
8.082523025593282145e-03
8.082873088927286509e-03
8.081205206741817401e-03
8.082508944781996094e-03
8.082775286098724948e-03
8.083215694705422893e-03
8.084430596858881851e-03
8.081372354723186449e-03
8.083983772250336042e-03
8.084692134008060818e-03
8.082573324664037856e-03
8.083025159882099506e-03
8.082914924503487725e-03
8.080569047286307802e-03
8.082580405221289482e-03
8.083955464668023116e-03
8.084958474507613485e-03
8.081442056370206559e-03
8.081319118953857183e-03
8.081722169464700470e-03
8.083013560403036479e-03
8.082048405145127179e-03
8.081211536473165841e-03
8.085421351742814317e-03
8.081060879675106348e-03
8.081688162722545574e-03
8.084462115536202725e-03
8.081731138747889898e-03
8.084462822852534966e-03
8.089366681817467680e-03
8.083857733699472553e-03
8.082940303294164353e-03
8.080640567319703413e-03
8.085840605397787845e-03
8.083932916235310115e-03
8.083133767644870571e-03
8.082564022662309944e-03
8.084666159560931209e-03
8.081022705998849864e-03
8.083471477553005879e-03
8.081041694012395041e-03
8.082642552610213790e-03
8.081662256772779995e-03
8.082992084662307328e-03
8.085569765551183993e-03
8.081139633844217768e-03
8.082341092114012429e-03
8.081936242545644661e-03
8.080758201482173345e-03
8.080091893484395160e-03
8.084065445510074666e-03
8.082477810792965123e-03
8.082389595866181636e-03
8.083238430574879105e-03
8.082700889707583602e-03
8.084903600230753176e-03
8.085133852984953060e-03
8.082607792282548928e-03
8.084090708381017412e-03
8.079645824288161915e-03
8.084269022198857166e-03
8.082724961369837369e-03
8.081927109137210588e-03
8.081229855740867593e-03
8.084428411563359188e-03
8.082227912277341331e-03
8.082640275628999102e-03
8.085466860462279040e-03
8.081145208492394871e-03
8.079579124740171245e-03
8.083441158348438765e-03
8.082949897736134426e-03
8.080849967022954092e-03
8.082825438743303920e-03
8.084313541123737054e-03
8.082685934429810481e-03
8.083453446284043567e-03
8.084038392975933032e-03
8.084891469375101586e-03
8.079646195954866272e-03
8.079992403625170863e-03
8.081517895634892507e-03
8.081622701115962273e-03
8.082489272836550220e-03
8.081747169397336672e-03
8.082067856540895573e-03
8.083046434660954779e-03
8.082874011679586426e-03
8.081919133825075929e-03
8.083516812614722699e-03
8.081756009768081145e-03
8.081557758510925574e-03
8.082264553831911350e-03
8.083825667843727580e-03
8.084133825411222302e-03
8.084779563309277967e-03
8.080585901879829003e-03
8.081911386575752962e-03
8.081304222083515731e-03
8.082954013655222619e-03
8.081675569087981570e-03
8.081526061091345858e-03
8.081415605021732146e-03
8.084480990810240936e-03
8.084001523184928054e-03
8.083928136468496867e-03
8.082289963887765924e-03
8.084288895325839747e-03
8.080150105099770386e-03
8.083800271902419343e-03
8.085314559963351425e-03
8.081950505531086681e-03
8.080700510167640460e-03
8.082561130877474048e-03
8.082494768715279762e-03
8.084157304819993700e-03
8.085323056937810532e-03
8.083778458964000282e-03
8.081063785151212583e-03
8.081434377350244988e-03
8.085275472536011462e-03
8.082926682591716483e-03
8.084195023087898530e-03
8.081280380142687875e-03
8.082751866132787885e-03
8.083786198765893424e-03
8.082438156151163997e-03
8.084180322709688671e-03
8.083795334752745879e-03
8.081995410631710730e-03
8.082272186037032721e-03
8.084025979230613154e-03
8.082380425276463470e-03
8.083198360270504174e-03
8.083135619335943614e-03
8.081184262111776664e-03
8.083874402330611109e-03
8.082922236885654518e-03
8.085656803151052702e-03
8.081738791197199540e-03
8.082231897953115127e-03
8.081502449855995293e-03
8.082473246633969932e-03
8.083284162725690170e-03
8.085219778503471150e-03
8.083455784065055744e-03
8.083871210305104346e-03
8.081179589475134470e-03
8.082477594922915856e-03
8.081576534837991641e-03
8.082285995560024860e-03
8.080645133630187660e-03
8.080556219329853782e-03
8.080186759494418364e-03
8.079726815537952023e-03
8.084332887204398119e-03
8.083480200963404430e-03
8.082476411526184554e-03
8.082694490212798816e-03
8.082327368613036189e-03
8.082230629835445226e-03
8.084126832213441027e-03
8.086050116106958258e-03
8.083182992515893645e-03
8.083251561617548972e-03
8.082624391730615018e-03
8.084273907459657224e-03
8.082123419685173851e-03
8.083812165622344947e-03
8.082316797231864705e-03
8.085265657507188786e-03
8.083160693581331949e-03
8.082933599389548890e-03
8.083973152461364220e-03
8.081059792619605178e-03
8.080544710776984413e-03
8.083866392484692631e-03
8.085456052727911860e-03
8.080640170993275140e-03
8.081588135959107480e-03
8.083841351547830373e-03
8.084514285172624340e-03
8.081659941022219934e-03
8.081357249971008253e-03
8.081404950178817936e-03
8.083651937192345288e-03
8.083642678025894368e-03
8.085488643444434936e-03
8.080813348568397295e-03
8.081552578046552124e-03
8.082394847211737954e-03
8.084259019860597431e-03
8.082283328393290861e-03
8.079933586757808220e-03
8.081313326221091498e-03
8.080956216420387070e-03
8.081730921737667606e-03
8.082362130313120591e-03
8.085870385423144999e-03
8.082762144188912826e-03
8.082607976616900530e-03
8.083950285681158754e-03
8.083725022099939872e-03
8.082142403574660294e-03
8.080171524652171242e-03
8.085401357763227770e-03
8.083321885298241916e-03
8.081883370730890206e-03
8.083644042038085759e-03
8.081926890521669987e-03
8.078811146946503555e-03
8.079779296210672784e-03
8.082761151942478503e-03
8.082575205676593641e-03
8.084694584902362563e-03
8.080775404869771500e-03
8.083602201814112792e-03
8.081503843278166344e-03
8.083218554969634137e-03
8.082037356451889087e-03
8.082070162099021932e-03
8.080701885135510923e-03
8.080652321804540281e-03
8.083704680113325616e-03
8.080489648569577979e-03
8.083547675711915195e-03
8.083170195284575602e-03
8.082470137165819954e-03
8.084677154900566515e-03
8.084734491386452032e-03
8.082411705810244734e-03
8.081798409031988248e-03
8.083264272407176404e-03
8.083713059868413361e-03
8.081002270276315541e-03
8.084993121167402888e-03
8.082228744147743754e-03
8.080880181256321071e-03
8.084226372843056688e-03
8.083218910733103169e-03
8.083576567994316814e-03
8.083364692433056206e-03
8.081138223970964901e-03
8.082432928007168144e-03
8.081108764132174244e-03
8.084736329117870463e-03
8.082007481817954017e-03
8.085548862514044255e-03
8.081688209292706496e-03
8.081097378978101264e-03
8.082276897035533744e-03
8.083672629523835917e-03
8.080315021563812608e-03
8.082218909958268846e-03
8.079829732390006458e-03
8.079813002867961003e-03
8.082551118916755234e-03
8.082483762241972347e-03
8.084800275866525429e-03
8.081650391613863851e-03
8.081750730921072323e-03
8.084941516941451453e-03
8.082727206889477392e-03
8.083102930356921706e-03
8.083873510817020727e-03
8.082084955055452921e-03
8.082870821972289524e-03
8.083104277909557156e-03
8.081002154750251132e-03
8.083718928995512615e-03
8.084502868105185314e-03
8.083086127838466986e-03
8.083297504161705144e-03
8.081308869748980023e-03
8.081287658857757780e-03
8.082212767853055521e-03
8.080906456052628500e-03
8.081190232508460650e-03
8.081393880650707823e-03
8.084230374110421002e-03
8.081392689225742193e-03
8.081849379906998546e-03
8.083240669949014884e-03
8.081644703495172513e-03
8.083660786323682707e-03
8.084039369552303150e-03
8.080923004956684641e-03
8.081204116881532049e-03
8.081790411000008487e-03
8.082004976006985572e-03
8.083106665884604025e-03
8.081432240797997366e-03
8.081483215914394419e-03
8.083286693114996244e-03
8.083000473719506238e-03
8.083815802322699001e-03
8.083585105952731734e-03
8.081491007036372895e-03
8.083115144906267632e-03
8.082197384955806113e-03
8.083843653231493481e-03
8.084692043022066038e-03
8.083631586481555137e-03
8.082398685537438635e-03
8.082643720033158563e-03
8.080723587258371865e-03
8.085436999438679051e-03
8.085682613810615468e-03
8.082944490620913580e-03
8.082582829077280401e-03
8.080789634402320287e-03
8.081523627918068414e-03
8.082172489365626461e-03
8.080872885664600047e-03
8.080321762772370991e-03
8.079950648277678740e-03
8.080705661773214879e-03
8.083777920278843038e-03
8.084268436596231747e-03
8.081302115493540356e-03
8.082109550507022427e-03
8.081542172311580521e-03
8.081342674470920126e-03
8.084234004904137030e-03
8.084114475084605220e-03
8.080948308873412214e-03
8.080250823245312825e-03
8.084455722423002436e-03
8.087108719033099524e-03
8.082541153177793744e-03
8.082710357816741409e-03
8.080119528272023538e-03
8.082407497325951040e-03
8.084306091363844746e-03
8.082199157978369949e-03
8.083757898230398489e-03
8.079867913930520798e-03
8.082687167667697292e-03
8.083407357712801139e-03
8.084358021578764639e-03
8.084446593797726607e-03
8.083653896138656009e-03
8.080918494167256896e-03
8.079714206775676436e-03
8.081861754853118460e-03
8.081183605560742639e-03
8.081172281030753538e-03
8.079044756893551810e-03
8.081169328924499642e-03
8.081496968808155740e-03
8.080690291715882101e-03
8.080581190977646766e-03
8.083830625586173324e-03
8.081302745702350840e-03
8.084597186326184307e-03
8.083655707136183297e-03
8.084249526551729251e-03
8.083111620378488626e-03
8.082858296136903251e-03
8.082435330095432552e-03
8.082320708069514956e-03
8.085134232958427619e-03
8.080972213714321048e-03
8.081119032784569653e-03
8.082196822062888072e-03
8.083235010208959792e-03
8.085171259395606061e-03
8.079904614875749874e-03
8.080781790480768070e-03
8.082682803469756760e-03
8.081853599731750326e-03
8.081371094969275887e-03
8.083161091429588024e-03
8.082560375666637473e-03
8.080702827686645287e-03
8.080739407793061449e-03
8.083995456577708003e-03
8.084763352500483682e-03
8.085983687429564373e-03
8.080245919071910379e-03
8.083034888009418828e-03
8.081493284473224847e-03
8.081385922123740170e-03
8.082492678555226046e-03
8.080545059302907812e-03
8.083730118161465764e-03
8.080807612385929040e-03
8.083288957253211698e-03
8.084960096158453138e-03
8.083309000091602400e-03
8.081833573578008079e-03
8.085072261489439915e-03
8.082718801389212823e-03
8.084437635149798948e-03
8.084725970904631936e-03
8.083653495359610641e-03
8.085113376108529412e-03
8.083220294169501594e-03
8.081950811171216206e-03
8.083250665766830712e-03
8.081131698425818993e-03
8.083117286488097908e-03
8.083983952669149611e-03
8.083398872940586455e-03
8.082926341366010806e-03
8.079929586374455519e-03
8.082528026497066975e-03
8.084632486585538805e-03
8.080429866117847665e-03
8.082206843308271937e-03
8.082176824823440395e-03
8.087179819488414523e-03
8.082747978882944689e-03
8.083918557314785300e-03
8.081231988151263423e-03
8.084378017012438036e-03
8.084397003717285271e-03
8.082808884271569516e-03
8.080101912683740339e-03
8.082058490163234257e-03
8.083407000416703916e-03
8.081249917773744573e-03
8.081503369904732142e-03
8.084094573002227266e-03
8.082981544703807600e-03
8.080048620868534801e-03
8.084906669643255120e-03
8.081858907547371379e-03
8.082753283715122389e-03
8.085662113082094440e-03
8.079661910250017856e-03
8.082344051256733219e-03
8.082266855514620360e-03
8.084709022680953289e-03
8.080639062270638870e-03
8.084156561929501522e-03
8.082053282158106408e-03
8.081670512497482819e-03
8.081590948986994496e-03
8.082753606721872208e-03
8.083322660796438824e-03
8.084559532621781591e-03
8.082157269571699568e-03
8.081403217718344245e-03
8.082828397052699981e-03
8.082178111646690782e-03
8.080010708529046515e-03
8.084165642957833603e-03
8.081552816241724044e-03
8.082541874492164824e-03
8.086353891755588760e-03
8.081700656102855027e-03
8.084993900649593487e-03
8.082656508383547628e-03
8.081126949414405708e-03
8.081389468609458115e-03
8.081067549332675640e-03
8.079238055557741438e-03
8.080255308881026388e-03
8.082354354401665927e-03
8.082308303980857700e-03
8.081459358546979471e-03
8.079293760863019702e-03
8.081088405116872500e-03
8.082208732941536036e-03
8.081686297377937631e-03
8.081052589728441454e-03
8.083145465687632467e-03
8.080810625251505855e-03
8.081958648067669171e-03
8.082799539862210378e-03
8.084092931697511863e-03
8.082540899343852031e-03
8.082160221094054214e-03
8.080943139856064383e-03
8.084186804484406325e-03
8.082410674535620010e-03
8.084186656782108016e-03
8.082143141390440988e-03
8.082757065192973725e-03
8.083183336099341795e-03
8.084744840303968380e-03
8.080952369302859747e-03
8.080076932185719513e-03
8.084023492209697556e-03
8.082678089099935154e-03
8.080585912580536684e-03
8.082734282887247754e-03
8.080312269588567700e-03
8.081358179579934548e-03
8.080483835114836075e-03
8.081186724912455335e-03
8.083621684943465696e-03
8.081104092061985184e-03
8.081518119199498570e-03
8.081603505743490193e-03
8.079366419069112029e-03
8.079852634959867885e-03
8.082839218351777280e-03
8.082055649815541101e-03
8.082574603167275162e-03
8.082672971493147160e-03
8.083624895754277367e-03
8.080890575935915573e-03
8.079649995646222965e-03
8.081763277675351950e-03
8.084718280862275563e-03
8.084419864861119159e-03
8.080780970653560213e-03
8.083455379605879523e-03
8.082268908203051050e-03
8.085188119757967529e-03
8.082252147008540596e-03
8.083463271285193028e-03
8.082085163996265489e-03
8.083261275640605398e-03
8.083025045169585712e-03
8.082937820948895777e-03
8.082906170824499456e-03
8.080936122639848299e-03
8.082233323898518548e-03
8.083230909275344531e-03
8.084944235274536123e-03
8.083544223660249842e-03
8.080322625063576444e-03
8.084488449452576636e-03
8.086253375270873248e-03
8.080862666054951932e-03
8.083097592514158422e-03
8.082267212365859890e-03
8.083562215882923382e-03
8.085103996246871191e-03
8.082911981914972857e-03
8.083003521309703801e-03
8.079482169033064265e-03
8.079800936404188394e-03
8.081079989064670135e-03
8.083236668980751591e-03
8.083994523542947438e-03
8.081593563283463039e-03
8.084530799224156836e-03
8.080558682230823755e-03
8.081077132795579099e-03
8.083016349466105518e-03
8.084552341469198461e-03
8.083091648618777325e-03
8.083281642828229335e-03
8.078724296974957447e-03
8.082148526605572453e-03
8.083263106784132138e-03
8.081825670239253800e-03
8.081376129070535000e-03
8.083039818627778608e-03
8.080179566668562602e-03
8.083433981008946931e-03
8.084285657832573219e-03
8.082632889848236080e-03
8.080878134209268371e-03
8.083002849567658132e-03
8.083729758529046433e-03
8.083741437330559110e-03
8.083537400663073913e-03
8.082870266689490615e-03
8.080638350210901308e-03
8.082036660912410644e-03
8.080355161193184671e-03
8.085061693254978754e-03
8.081892009576810074e-03
8.082728495442306066e-03
8.080383668408819622e-03
8.082803355110692103e-03
8.083125580395072313e-03
8.082312383409709713e-03
8.085469175546006193e-03
8.081450292840278507e-03
8.085693660560539994e-03
8.083641092221429195e-03
8.084552675604209787e-03
8.081451831605050359e-03
8.081581202165257632e-03
8.082756912403852093e-03
8.082312303171197698e-03
8.082360253651154139e-03
8.083477609043054207e-03
8.082664514097804079e-03
8.082258611736862705e-03
8.080475711281787099e-03
8.084060750123944414e-03
8.081697588739077120e-03
8.083019086039441511e-03
8.084083975730399843e-03
8.082601012781128608e-03
8.081084855079334259e-03
8.082670522372704253e-03
8.081769513782425390e-03
8.083461687187314115e-03
8.086148871084842746e-03
8.085222833533018197e-03
8.082684684212138038e-03
8.080616396276942351e-03
8.081420830560277421e-03
8.082202817132608241e-03
8.083880398564486855e-03
8.083469704235679565e-03
8.080503210169270173e-03
8.082996449483846255e-03
8.080968536532815577e-03
8.082770665808652541e-03
8.084657974326794894e-03
8.083039866239346075e-03
8.083718499670881213e-03
8.082749867660523474e-03
8.084441370546294539e-03
8.082876153507544473e-03
8.080821400519680106e-03
8.082491576345440798e-03
8.082711897257278261e-03
8.082336826159200807e-03
8.085665023633913095e-03
8.082897125658131815e-03
8.082166968687815728e-03
8.081574183227090841e-03
8.083857912302490345e-03
8.081660146453031185e-03
8.082757058377708359e-03
8.083299922788901234e-03
8.083999994369494430e-03
8.082746944026835897e-03
8.082192336690319917e-03
8.084267697089963026e-03
8.084068349356281560e-03
8.080750107669147295e-03
8.083715893076921441e-03
8.080642444595578094e-03
8.080560190555396635e-03
8.084808848558066446e-03
8.081914189159346978e-03
8.083360952200680655e-03
8.083401202918961623e-03
8.081358888891743489e-03
8.084324216572969998e-03
8.082734316328034352e-03
8.083110820785052025e-03
8.082426241921769269e-03
8.083342724749763980e-03
8.086128792740336635e-03
8.082417736420363652e-03
8.081262224771873504e-03
8.081455209106410548e-03
8.084495272555043341e-03
8.080920868691063644e-03
8.082982398060982454e-03
8.085275725834947108e-03
8.081828451023169435e-03
8.080764378366996417e-03
8.082096952422183206e-03
8.081905433101914046e-03
8.082990166660287967e-03
8.080181801207243428e-03
8.083755665920400180e-03
8.081976314142641851e-03
8.081568301026638423e-03
8.084272858248331764e-03
8.083571557934222593e-03
8.083100194609726952e-03
8.083655550723463715e-03
8.082093259815039538e-03
8.084020719301851510e-03
8.081075010724362434e-03
8.084958125316303937e-03
8.085409276909889115e-03
8.082587965545099187e-03
8.084525055438074662e-03
8.081289311560154592e-03
8.083784406581459581e-03
8.084648906392408879e-03
8.083216833952258651e-03
8.084655820092850886e-03
8.084362107482685397e-03
8.083493303508614697e-03
8.083242259847776140e-03
8.080710105570914487e-03
8.084009708257192117e-03
8.085811487809435247e-03
8.083482212704591260e-03
8.081330195399008889e-03
8.081686427738554029e-03
8.081485999579474111e-03
8.086376211075656240e-03
8.083735222473775392e-03
8.083768226980933905e-03
8.081414774943370197e-03
8.084545344439739156e-03
8.081091646727170397e-03
8.080600598405665580e-03
8.082798857201633005e-03
8.083373470393000193e-03
8.082030380493479202e-03
8.081039123506399482e-03
8.084267994370338689e-03
8.081637694503453900e-03
8.081429060222246677e-03
8.082412982215512673e-03
8.081533944184184082e-03
8.081408468739616560e-03
8.081959438624554751e-03
8.084373572083393411e-03
8.081682892667621868e-03
8.080942805777518306e-03
8.084983137210668622e-03
8.082055582022896340e-03
8.082740748629928598e-03
8.083458594898586952e-03
8.081094962699918519e-03
8.080842624623382070e-03
8.083082069981480794e-03
8.082607121992957736e-03
8.081707094088586354e-03
8.081630832628642486e-03
8.082400884743210986e-03
8.081285561818789959e-03
8.080783316094903093e-03
8.081976044851127416e-03
8.081760128904413518e-03
8.081498401369386839e-03
8.082439094573018110e-03
8.083185232245677226e-03
8.083544876075520955e-03
8.082612045955785487e-03
8.082923717635257313e-03
8.080404538200688241e-03
8.083119051123438537e-03
8.080116551239776082e-03
8.082973421024120322e-03
8.079539391512150989e-03
8.082075743106134982e-03
8.080449505418224598e-03
8.082197792624867816e-03
8.081850993893444773e-03
8.081623998203923617e-03
8.081444921877730531e-03
8.080964044004011748e-03
8.083029270395898636e-03
8.083413052769971782e-03
8.084776120814351694e-03
8.083166091282883298e-03
8.083886821350805274e-03
8.083131280372347210e-03
8.083528001822739423e-03
8.082761755690772917e-03
8.083431105464396194e-03
8.081396607326367387e-03
8.082739399278870626e-03
8.082824918612969284e-03
8.085128040800873550e-03
8.081951690135199401e-03
8.080990651378468226e-03
8.086202950351888130e-03
8.082707363051765473e-03
8.082627665634504327e-03
8.084125825853284361e-03
8.081805810809720644e-03
8.080904892211667259e-03
8.082386634289642074e-03
8.082088104675182877e-03
8.082893031270568449e-03
8.085196116734255298e-03
8.081420119568798188e-03
8.080717424551917341e-03
8.080284765267163952e-03
8.082266933643236784e-03
8.084844962178585823e-03
8.081040068167793730e-03
8.081811142355095970e-03
8.082707776401458488e-03
8.083662779391469905e-03
8.085969684904856930e-03
8.083024956238282419e-03
8.081815505707351868e-03
8.081949064232438543e-03
8.080951728103347859e-03
8.082457945827814863e-03
8.082882168033409670e-03
8.083287282268227653e-03
8.083737773222255882e-03
8.083762935306272948e-03
8.083577277352220827e-03
8.082014343892648944e-03
8.082653448379349681e-03
8.083843220601568541e-03
8.084103785458176400e-03
8.083262305572458742e-03
8.081746994284242508e-03
8.081406652078272634e-03
8.084852484216141152e-03
8.080817789422038711e-03
8.079496122337445976e-03
8.084400067013807964e-03
8.081804290545720887e-03
8.086668849510097665e-03
8.083600830639062554e-03
8.084469577288056277e-03
8.083461378877020154e-03
8.082354804120357034e-03
8.084935380179224598e-03
8.082385542679794421e-03
8.083013866174828047e-03
8.080742983706774157e-03
8.085014870856426644e-03
8.081401727714631819e-03
8.081381527415889068e-03
8.081748325317461915e-03
8.082864109999421398e-03
8.085126594171487824e-03
8.083887329441027947e-03
8.084435407728461295e-03
8.084387866960167021e-03
8.082268068160355923e-03
8.084486389318865443e-03
8.083220391415070830e-03
8.082956274281620501e-03
8.080647830039465809e-03
8.081556204850504771e-03
8.082114578352058570e-03
8.081642238043189319e-03
8.086522589447217232e-03
8.081279381244251686e-03
8.081078186016750833e-03
8.084667151169663835e-03
8.081097304060327891e-03
8.080669786860587497e-03
8.083180030573023853e-03
8.083500569390869930e-03
8.083394527332827401e-03
8.082562801982441994e-03
8.083237100247789297e-03
8.084761399550883035e-03
8.083566132914195637e-03
8.083198791972754510e-03
8.081866990468844145e-03
8.083532446562612453e-03
8.081462289592656473e-03
8.082565179755082235e-03
8.081189191577823824e-03
8.082402713507470804e-03
8.081710609519126773e-03
8.081027478091215230e-03
8.084463886315734413e-03
8.084710827799362204e-03
8.081244267619466098e-03
8.082895855295712390e-03
8.081808465777266803e-03
8.082104030627694502e-03
8.082009173181480682e-03
8.082531960006130584e-03
8.083962111764146641e-03
8.079096434843816357e-03
8.082623083613684270e-03
8.082917031770515265e-03
8.081135821755727408e-03
8.083932668905315089e-03
8.080454584563565024e-03
8.082590849958486146e-03
8.082575823581151023e-03
8.082744131982535357e-03
8.082904796901293348e-03
8.083740375441818976e-03
8.080732195150952882e-03
8.084588507425924386e-03
8.083744033710175622e-03
8.083506704946050170e-03
8.080828471935202692e-03
8.084725440362608428e-03
8.080441944172912436e-03
8.082596141523467476e-03
8.084053464739825515e-03
8.082083470065202363e-03
8.082767846955097452e-03
8.082537699156658664e-03
8.084278950775848974e-03
8.083271437882694893e-03
8.082316203847302732e-03
8.083611024339442883e-03
8.082936286326683484e-03
8.082145937902398755e-03
8.083379311582638074e-03
8.082835918072859074e-03
8.082004079027716933e-03
8.084151997528913128e-03
8.084595944884082411e-03
8.081754061402147277e-03
8.086360799721966502e-03
8.081932988624983966e-03
8.082202699994978784e-03
8.083771418576765275e-03
8.084301232860963485e-03
8.082166760445602324e-03
8.082985691683527291e-03
8.080990562253314788e-03
8.083283096353371597e-03
8.081546068687378917e-03
8.082494462828529805e-03
8.082858748781715508e-03
8.082187334476676616e-03
8.084031396239870979e-03
8.083697428013448399e-03
8.083231998928913295e-03
8.081782434450308222e-03
8.082772102123299621e-03
8.084697499626022910e-03
8.084794562443108762e-03
8.081799200768379973e-03
8.084367213218477885e-03
8.081926454184901187e-03
8.083246729488475363e-03
8.084148029334006780e-03
8.082559960426720369e-03
8.083425988474725668e-03
8.086024156356253281e-03
8.082939815396660704e-03
8.082400674131457255e-03
8.085876692215826847e-03
8.083148983436854590e-03
8.084821335760146097e-03
8.079425652546046166e-03
8.082501041930818808e-03
8.081793839346271616e-03
8.083733594602933795e-03
8.082568819057943041e-03
8.083423516240117665e-03
8.083946466725467142e-03
8.081477666071056054e-03
8.080847346631723702e-03
8.081455729496672680e-03
8.082916558304592547e-03
8.080229465209592607e-03
8.084338798499811352e-03
8.084156695569451323e-03
8.079546269115637711e-03
8.081828835602230740e-03
8.083273303471926602e-03
8.080481109587683147e-03
8.081194311695100163e-03
8.083175380550193523e-03
8.080489755906692870e-03
8.084030598135836729e-03
8.081633563658808389e-03
8.081507270992131439e-03
8.081789141057268977e-03
8.082609797577305563e-03
8.082450421280801614e-03
8.082159178106401373e-03
8.080318417220748797e-03
8.082292316327692808e-03
8.081315326226612070e-03
8.081909669536858215e-03
8.080608783067664072e-03
8.082747932183264108e-03
8.083098283022716740e-03
8.080935383737077732e-03
8.079914527288159856e-03
8.083449391933103523e-03
8.083794264231676518e-03
8.083298359695050700e-03
8.080796858115756737e-03
8.083009737794214986e-03
8.082432223622587966e-03
8.081438565169509966e-03
8.080716914456838318e-03
8.079524592346233949e-03
8.082687431533949057e-03
8.082518525538007551e-03
8.084442468472308532e-03
8.086166872573165298e-03
8.080743549071546517e-03
8.080601059511029541e-03
8.080952302517417987e-03
8.081759471619633095e-03
8.082218355835944432e-03
8.081051321905523624e-03
8.084347592157510934e-03
8.084949310770760816e-03
8.082856670191004497e-03
8.083825167216215912e-03
8.082707988138409377e-03
8.086067341509113257e-03
8.081371400159659268e-03
8.080061461294706787e-03
8.082239782863499464e-03
8.083989443249691917e-03
8.084487417007197446e-03
8.084423345486200715e-03
8.083389784759236613e-03
8.080028430418235291e-03
8.081818655571757631e-03
8.084422842861557421e-03
8.082923238511575612e-03
8.083123083182149754e-03
8.080325834078793193e-03
8.081879931093959024e-03
8.083247016703206528e-03
8.083389873790695901e-03
8.084895928481506885e-03
8.081911165646349718e-03
8.081394105491806687e-03
8.084288937876162387e-03
8.084982503200619300e-03
8.083747458701774982e-03
8.080927490710319502e-03
8.081058361026698458e-03
8.082710460559869650e-03
8.080629903753255155e-03
8.083971605783276532e-03
8.085075635267028812e-03
8.079384424832915593e-03
8.081129159004451362e-03
8.081598900309017175e-03
8.083721696228129278e-03
8.086784255237114069e-03
8.083619803775983492e-03
8.082387656249195515e-03
8.083499797818756438e-03
8.084012226756493585e-03
8.084304005176574937e-03
8.081582302433738124e-03
8.083013479885124697e-03
8.080145246556640071e-03
8.080980546502370895e-03
8.082786299444436051e-03
8.086047697638274259e-03
8.081915521386763904e-03
8.081208206306205941e-03
8.084383636287729644e-03
8.083722696393890253e-03
8.083877879025494484e-03
8.081903393441754527e-03
8.081724741340652260e-03
8.083898902416194673e-03
8.083652811533968696e-03
8.085323244608330281e-03
8.081126010345012281e-03
8.079503453683540420e-03
8.082241464433266576e-03
8.083067146735265635e-03
8.081547427608472625e-03
8.080452452232026253e-03
8.083303726980036949e-03
8.080922087723119498e-03
8.082739669916483641e-03
8.081085382975507214e-03
8.081702106574849276e-03
8.084855208105805324e-03
8.081643749937417187e-03
8.082253964153464712e-03
8.084519618343914346e-03
8.083395211567008867e-03
8.082221229323921508e-03
8.084727834544766512e-03
8.081119509152710767e-03
8.080752901982757655e-03
8.083553255356062950e-03
8.084132047535349738e-03
8.084022204360441499e-03
8.085291928439836823e-03
8.082012196673395849e-03
8.080793444320531066e-03
8.079117202358090596e-03
8.080331132716981127e-03
8.082543863134476411e-03
8.082184496532026502e-03
8.080133389094067489e-03
8.081707538131855523e-03
8.083110480940349299e-03
8.081458547726268551e-03
8.083714913501474641e-03
8.085067817647857008e-03
8.081401347371888408e-03
8.083106098898286754e-03
8.083852792755006483e-03
8.080089150415626503e-03
8.081818020857516396e-03
8.082364539865400516e-03
8.083837315985695909e-03
8.082157466184203623e-03
8.081313663474056636e-03
8.085766690892936051e-03
8.083963553558497217e-03
8.083860960764722992e-03
8.082190729301715754e-03
8.081336818054184884e-03
8.082974722806413395e-03
8.083561531108550760e-03
8.085212794096694258e-03
8.082036431628535772e-03
8.083448083641973578e-03
8.084772426678469084e-03
8.083056560574798308e-03
8.080617058878414305e-03
8.081020596452185775e-03
8.082689391985651076e-03
8.082290157187537946e-03
8.080355435840355996e-03
8.080387164906130057e-03
8.080209427884664855e-03
8.079898423474464117e-03
8.083824089204562011e-03
8.080935103107794032e-03
8.083586852123738134e-03
8.083678260889461467e-03
8.082803378316462742e-03
8.084778922098904974e-03
8.083411285393769796e-03
8.082946284272413476e-03
8.081931168985142383e-03
8.083095930146775784e-03
8.082750890046997566e-03
8.084454808260203157e-03
8.080902677065446293e-03
8.084409485910068124e-03
8.086120006154044748e-03
8.080399849613112764e-03
8.082826904758505515e-03
8.084845902194909284e-03
8.085186137924159355e-03
8.082110952241997048e-03
8.082242706288921344e-03
8.080474687099409303e-03
8.082167679784141648e-03
8.081265844203863735e-03
8.083509481556833479e-03
8.081553858995267278e-03
8.084884371015940707e-03
8.080684780494637107e-03
8.082498545345852270e-03
8.083523546481601735e-03
8.082608317976396756e-03
8.082208149226985383e-03
8.080303669176971265e-03
8.084743679222355581e-03
8.082036797014392759e-03
8.084108599156328290e-03
8.082338089721361959e-03
8.081489101835559810e-03
8.081985617899890839e-03
8.082172938766896131e-03
8.080772659137196168e-03
8.083307711550779748e-03
8.084652925016186376e-03
8.080029134110317326e-03
8.081996960581688122e-03
8.082303009094786439e-03
8.081847363334674489e-03
8.083828437992076135e-03
8.082805123434315051e-03
8.081703190679174684e-03
8.079529939851157194e-03
8.081488503355363853e-03
8.081592567479612202e-03
8.083645895125257316e-03
8.084350150651904710e-03
8.082450471659872321e-03
8.081332841482616325e-03
8.083576336935646353e-03
8.081808388560856454e-03
8.083595917188886315e-03
8.081916071420324268e-03
8.082896111252560120e-03
8.081751378303182048e-03
8.081549879520972049e-03
8.081210970724703874e-03
8.080415286832880878e-03
8.080559541857441908e-03
8.083671230400556879e-03
8.084431649672237444e-03
8.083757412683897914e-03
8.079774991640200146e-03
8.079949902471919576e-03
8.080402877670259804e-03
8.081213244536146825e-03
8.081289032389461086e-03
8.083213788063401545e-03
8.082650763830202464e-03
8.084172810170982965e-03
8.081421582423939029e-03
8.081498233542110457e-03
8.082166881268337821e-03
8.085142221340865798e-03
8.081206510640844345e-03
8.082402639165334191e-03
8.083536489330850686e-03
8.082466979408304414e-03
8.082645316877147199e-03
8.083948213843224900e-03
8.083838040584274964e-03
8.081763705570310999e-03
8.082299814803158358e-03
8.082018103280005916e-03
8.083229794502086452e-03
8.081936448530261177e-03
8.082751151548672047e-03
8.084894603966026952e-03
8.081827567966163445e-03
8.080150548233095559e-03
8.079400814081059978e-03
8.081947625936209897e-03
8.084043501023402412e-03
8.086092560478177343e-03
8.083371483119928397e-03
8.082427106159899982e-03
8.085064890282826072e-03
8.082115932197660169e-03
8.084328654459569871e-03
8.082647174239518742e-03
8.082377187321366716e-03
8.084012895134596449e-03
8.083862451077582223e-03
8.081211441421300157e-03
8.083990628189883024e-03
8.084796152760649612e-03
8.084047283428645592e-03
8.083452460981072410e-03
8.081515196948487953e-03
8.085336189117175304e-03
8.085433371480002518e-03
8.084829611262465965e-03
8.081394587343427791e-03
8.081550996675145038e-03
8.083663733141168914e-03
8.083706771799264654e-03
8.083187807970173763e-03
8.080448206127403832e-03
8.082081893333144945e-03
8.083539546750215243e-03
8.082171868867685238e-03
8.085713011318426680e-03
8.083157905416122821e-03
8.084060822976048971e-03
8.080407451136894723e-03
8.083146835173016936e-03
8.082371732159136790e-03
8.082325776924297045e-03
8.084370533407258044e-03
8.082564913568453940e-03
8.082813464667458481e-03
8.083245061234345039e-03
8.084737752025688076e-03
8.082767500275360451e-03
8.082668437518951074e-03
8.084721919303141865e-03
8.081656102424334201e-03
8.086929889088502119e-03
8.082694059628433778e-03
8.081985385838560618e-03
8.082228013231398944e-03
8.083269516827270781e-03
8.084176226538439258e-03
8.085101391549125507e-03
8.086446308415295645e-03
8.081729442697381527e-03
8.081237913424254432e-03
8.080984018969913571e-03
8.081387364291795286e-03
8.085108336603257992e-03
8.083010830350277967e-03
8.082206791695837125e-03
8.082002846746056540e-03
8.081029584814323694e-03
8.083536858214418475e-03
8.082075006136198517e-03
8.081773537929054160e-03
8.083543776684664825e-03
8.082803153964089257e-03
8.082273236542421996e-03
8.083230820188797364e-03
8.082020233570874970e-03
8.081179738269994584e-03
8.084770849217191163e-03
8.082939710357355326e-03
8.079617441733548053e-03
8.080393818255923039e-03
8.082569397528984942e-03
8.081537410057496387e-03
8.082119921109099173e-03
8.080197374249349293e-03
8.084297065901833307e-03
8.081335547039542391e-03
8.080990003919718417e-03
8.085935081214168027e-03
8.081571000675694810e-03
8.083002657714903963e-03
8.080530922474375363e-03
8.083294170632715839e-03
8.083329618400884528e-03
8.082149883035797538e-03
8.082089266416547443e-03
8.083626056321105771e-03
8.086724599406219099e-03
8.082156613088085570e-03
8.084602584685188914e-03
8.081145553536764684e-03
8.081621333425107606e-03
8.083218322435045330e-03
8.082712922923005958e-03
8.080877840013066249e-03
8.082646233966411103e-03
8.084580474722899077e-03
8.083520523721264561e-03
8.080128530362386610e-03
8.083277121646101002e-03
8.081370577798983185e-03
8.082998895024675126e-03
8.084148223475544695e-03
8.083029902823713614e-03
8.082663782618643850e-03
8.081296286117180261e-03
8.083093113580819625e-03
8.082050735424822080e-03
8.082706281455860620e-03
8.081757652482882137e-03
8.084765413236391987e-03
8.079718067092964487e-03
8.082789518302655948e-03
8.084070917112214788e-03
8.081596231237591493e-03
8.082450416393879150e-03
8.084505643821720405e-03
8.082701491235817076e-03
8.083438424397286493e-03
8.082519116589593697e-03
8.082056188488678447e-03
8.081195367838852478e-03
8.084349143018230294e-03
8.080827738344460720e-03
8.081933451757407003e-03
8.083721445282047655e-03
8.080197539606769758e-03
8.081946294128963815e-03
8.081199216833440807e-03
8.081977650149752349e-03
8.080981043394427910e-03
8.081694002111065173e-03
8.083024191983268977e-03
8.080430327114765388e-03
8.081669166522214079e-03
8.082639138288433625e-03
8.082543640301437932e-03
8.081842945779385903e-03
8.081813658345725349e-03
8.082301711183320636e-03
8.078919031197539721e-03
8.081839168737742912e-03
8.082298017349068275e-03
8.082638255009523542e-03
8.080304697425877425e-03
8.081151618703629955e-03
8.081159453432460935e-03
8.087074300824677320e-03
8.083824221464428264e-03
8.082929448990772495e-03
8.079946505188763395e-03
8.082056893523145019e-03
8.084014992637363409e-03
8.083165594761448219e-03
8.083709207615362088e-03
8.080700459052294130e-03
8.083634767819640465e-03
8.082562455097728332e-03
8.080938477486233895e-03
8.081562638054515940e-03
8.083605333941173976e-03
8.081666189787267002e-03
8.082835010934111275e-03
8.083703823841870834e-03
8.082972616996173670e-03
8.081414316545507126e-03
8.083450396796648327e-03
8.082175799947173209e-03
8.081331506376082316e-03
8.081315824916626700e-03
8.083421046084077882e-03
8.081551311558519621e-03
8.081358719841426341e-03
8.082533613116156188e-03
8.083166646748443998e-03
8.083258592783363478e-03
8.083321451612805394e-03
8.082475572570180927e-03
8.081093535744160103e-03
8.083512716785820965e-03
8.082687456165218304e-03
8.083925535776645757e-03
8.082549949269273934e-03
8.083194397282771060e-03
8.083447317297560303e-03
8.080935981040579530e-03
8.082279972555192135e-03
8.082863884499630683e-03
8.081092301934230879e-03
8.082018672571718645e-03
8.083111165890612473e-03
8.082971267768664439e-03
8.083914179687359813e-03
8.083079808539422872e-03
8.080388563258674925e-03
8.082825595883484995e-03
8.082978531345990855e-03
8.081897600142981530e-03
8.082325683022171386e-03
8.083253376634801785e-03
8.082900164929136821e-03
8.083456515491325989e-03
8.086113277416843645e-03
8.083291205568214621e-03
8.081621514266165013e-03
8.081292708237729217e-03
8.083082058459265321e-03
8.086620970771445094e-03
8.080744198390077751e-03
8.081558269089107738e-03
8.083852980179840816e-03
8.081340044353823790e-03
8.081358142072371520e-03
8.084607630558239902e-03
8.081739199643887470e-03
8.083875278399488273e-03
8.082219601801580652e-03
8.082639591485614797e-03
8.082884719046555186e-03
8.080202478832541196e-03
8.082811038552946067e-03
8.081309897322313737e-03
8.083991862489930610e-03
8.082132947548092625e-03
8.083449006247748342e-03
8.082429580263259666e-03
8.084922815072592348e-03
8.079908334162982236e-03
8.079544352067879326e-03
8.081822282220122930e-03
8.082900490111366923e-03
8.084101028804765651e-03
8.080614151700644954e-03
8.082255674361382702e-03
8.082457452489635527e-03
8.081648729052667499e-03
8.080747456701084172e-03
8.083837933912407445e-03
8.082682786036491859e-03
8.081622486538472816e-03
8.081284415310932556e-03
8.081692299372280133e-03
8.082075092803401445e-03
8.086910154673295978e-03
8.082636213558183971e-03
8.082506485490499951e-03
8.084089421072892731e-03
8.080727617256809256e-03
8.082682629175519731e-03
8.079858932561391482e-03
8.080507037187224448e-03
8.081372347742310502e-03
8.081325828630563785e-03
8.082315643739144961e-03
8.082839629621092759e-03
8.081658617578320325e-03
8.085926386011030656e-03
8.081686930500623853e-03
8.081938281279779299e-03
8.080880801316784115e-03
8.081485674205819009e-03
8.080366281481225765e-03
8.084076889642534056e-03
8.083520084617186810e-03
8.080739965953723236e-03
8.081592760112695298e-03
8.084160145179543691e-03
8.083151698530900015e-03
8.083124085414056595e-03
8.082532729770950178e-03
8.081080456925847019e-03
8.081167380426700769e-03
8.082310517955673679e-03
8.082815146804683132e-03
8.084094222312264086e-03
8.080894590988232234e-03
8.085547458487885031e-03
8.085879951407937485e-03
8.082763411490320737e-03
8.082364870801914819e-03
8.083426411777609732e-03
8.081372763900715114e-03
8.083254624792776330e-03
8.081169092396370962e-03
8.082589608657793703e-03
8.080903246399085554e-03
8.082512993421595016e-03
8.082490125267799072e-03
8.083297813941531934e-03
8.082810189365905937e-03
8.082971000197261904e-03
8.082998837437471024e-03
8.081434473690298978e-03
8.081777686376190317e-03
8.083744489920122178e-03
8.083891258255601966e-03
8.083144553613218208e-03
8.083597197772707590e-03
8.082471372091183312e-03
8.082166539275121089e-03
8.079417926405053560e-03
8.084516129231904616e-03
8.082745912885474365e-03
8.079843546539339574e-03
8.083046012188753460e-03
8.083200871717332453e-03
8.083789484126132491e-03
8.082606254578621197e-03
8.082360443431309271e-03
8.082046590152927243e-03
8.082522289436590984e-03
8.084166908907118240e-03
8.082223883388235317e-03
8.083004772704965521e-03
8.081994962669996133e-03
8.081829348768096444e-03
8.080425128322481568e-03
8.083724772469874989e-03
8.082927537968081708e-03
8.082029752083882274e-03
8.082599840400061381e-03
8.083938327569229268e-03
8.085137974683374862e-03
8.081190915016248782e-03
8.083770079922458079e-03
8.083479583691426107e-03
8.082747053185571767e-03
8.083205753300336596e-03
8.082727079605563081e-03
8.082388558044309793e-03
8.082337032779366229e-03
8.084171933096646195e-03
8.085311573656722359e-03
8.083835717599687290e-03
8.084719090912002512e-03
8.083107946449711104e-03
8.081779054204176610e-03
8.084215672355361121e-03
8.080708638739797847e-03
8.081315635584451762e-03
8.084189044023878598e-03
8.084407946575717166e-03
8.085649488304673047e-03
8.080177928875938859e-03
8.081204640710687448e-03
8.082669200015902070e-03
8.082948794134783496e-03
8.081140014998695539e-03
8.085457669448245857e-03
8.081837397604171511e-03
8.083741257908109989e-03
8.082350461175738521e-03
8.084093340543869674e-03
8.082827766023906527e-03
8.081900869165589696e-03
8.083935782377009091e-03
8.082506180366157492e-03
8.081713158366282679e-03
8.084079116636918097e-03
8.082880985956112513e-03
8.083536153224690421e-03
8.083483350673882975e-03
8.083799869883447412e-03
8.082283218748289449e-03
8.080171824909894440e-03
8.082362130313120591e-03
8.082941292964152674e-03
8.082487331797538407e-03
8.081178972391762222e-03
8.086134119709523574e-03
8.080211428777383728e-03
8.079062932252639370e-03
8.083915178875003896e-03
8.083882798176943510e-03
8.083024700773284305e-03
8.084604208749889345e-03
8.079034566225863634e-03
8.080633012668351003e-03
8.086163993800235192e-03
8.081044798066676013e-03
8.082387088636098366e-03
8.081254959685887571e-03
8.084900933001088613e-03
8.082756745812023219e-03
8.082704963553078922e-03
8.082616905637898808e-03
8.082109190216782077e-03
8.084628879614259855e-03
8.080386165121395889e-03
8.081332096211103419e-03
8.082512442504378655e-03
8.084212083964523177e-03
8.080949349251177055e-03
8.083553655929857570e-03
8.081070942849821748e-03
8.083019356428938762e-03
8.081086319643344257e-03
8.083761971371745264e-03
8.082319824179305667e-03
8.081323528606382256e-03
8.082495615918920337e-03
8.085146510906617012e-03
8.082671865003873690e-03
8.083368039425820745e-03
8.080587390760052974e-03
8.083071667533732116e-03
8.084647249173236225e-03
8.082182201259131143e-03
8.079277214980954205e-03
8.080519750756808700e-03
8.081962316308347397e-03
8.083759238498215358e-03
8.083493070867029881e-03
8.081678724329707450e-03
8.083108221360987139e-03
8.081957402041447733e-03
8.083872337093712945e-03
8.083165378213042276e-03
8.081900645861526955e-03
8.081969335884720690e-03
8.082883381949365273e-03
8.079415412393400192e-03
8.084670398173994174e-03
8.082785067851740168e-03
8.082128354152538080e-03
8.081246979230216274e-03
8.082036345759631771e-03
8.082067777237078587e-03
8.081460657787883570e-03
8.083436526655799967e-03
8.081217493599067783e-03
8.083571013264997940e-03
8.084902071007659535e-03
8.085278585891662873e-03
8.081409383548149306e-03
8.083059304729283551e-03
8.083545403497071832e-03
8.082842800233065381e-03
8.086271472892217482e-03
8.085490923607744837e-03
8.083241871459040037e-03
8.081327103525957900e-03
8.081735548227985191e-03
8.080089246521532723e-03
8.084535922377192318e-03
8.082300514082185403e-03
8.083877390953862763e-03
8.081136814428725029e-03
8.083134903650973993e-03
8.084462139873583794e-03
8.082539923814717128e-03
8.083491170845715987e-03
8.082051489036868111e-03
8.081809060590817648e-03
8.082108977098965280e-03
8.081974521599845362e-03
8.081224983335686882e-03
8.081998910094813707e-03
8.080282262565555498e-03
8.082138287541501889e-03
8.083129137690365715e-03
8.082317946696086428e-03
8.085767320740495576e-03
8.082210873297385190e-03
8.081625348683807789e-03
8.082094150425956150e-03
8.081224282825502300e-03
8.082735935643937941e-03
8.081072829151908499e-03
8.084740094951145886e-03
8.081430314115081726e-03
8.083810973700433083e-03
8.082112183881069029e-03
8.083257033011735648e-03
8.080651715613019689e-03
8.079452000262768094e-03
8.079659516543030023e-03
8.083361276396411679e-03
8.082403878365528038e-03
8.083326342489710256e-03
8.085958550956111324e-03
8.083348230144086696e-03
8.084504968317017884e-03
8.082608419924237550e-03
8.083582246582874525e-03
8.081799294445328116e-03
8.080384812899526689e-03
8.084979351280545401e-03
8.081995253871791449e-03
8.084497154767193369e-03
8.083862064634498093e-03
8.083220198732830875e-03
8.081753895308975075e-03
8.084094107843619453e-03
8.080554753873588764e-03
8.080369174820788494e-03
8.083208222348460537e-03
8.083117097912347407e-03
8.082964372440222534e-03
8.082350587646234055e-03
8.079728846876963952e-03
8.084855646848815997e-03
8.086065818990356355e-03
8.080782856249324811e-03
8.081557191467641718e-03
8.079771485671898013e-03
8.079109496519397762e-03
8.081857773609417428e-03
8.081054064910728543e-03
8.082822288625038723e-03
8.080149436901915699e-03
8.080021769655379091e-03
8.080572284427187807e-03
8.081446591269934865e-03
8.084289677229452784e-03
8.083765659553300564e-03
8.084069705197201999e-03
8.081642542557819844e-03
8.083602443329989534e-03
8.083932411565771317e-03
8.082955191349844998e-03
8.082957752852526837e-03
8.082826137558970711e-03
8.082007971371684904e-03
8.084506263587441788e-03
8.083750857092156586e-03
8.082889010386579837e-03
8.081577059684584910e-03
8.084317765417743662e-03
8.085677536711799451e-03
8.083008162481072900e-03
8.081697809424732634e-03
8.082609098699991904e-03
8.081193263476253372e-03
8.084450372705205209e-03
8.082681003942666920e-03
8.080292564822169274e-03
8.083987070254037774e-03
8.083128114333593128e-03
8.080672225863703290e-03
8.084690523555402436e-03
8.085060162448849327e-03
8.081460240010720011e-03
8.079505712044713836e-03
8.085152740261631471e-03
8.080293951002983505e-03
8.080708192716782451e-03
8.080335352578446595e-03
8.081619991222574462e-03
8.083190635793331691e-03
8.081577910043711774e-03
8.083292762828715727e-03
8.081178784734749029e-03
8.081635245501112702e-03
8.082436064095701103e-03
8.083045042039889438e-03
8.079945967524111011e-03
8.083277431772872487e-03
8.081522124940367785e-03
8.083056323597849827e-03
8.081839039022891205e-03
8.082355954990632849e-03
8.081610830059619485e-03
8.082497987031330919e-03
8.083440686931944383e-03
8.082280372818561459e-03
8.082949096405866660e-03
8.083599501978878943e-03
8.084899091927794795e-03
8.082725335433317213e-03
8.081218364252155603e-03
8.080399792873976805e-03
8.084964566078899073e-03
8.084429839374225255e-03
8.085559151755614127e-03
8.081838194365326827e-03
8.082555678596631960e-03
8.080455764136532104e-03
8.083290141539949819e-03
8.084922312667943214e-03
8.082147668364170895e-03
8.081573132944133014e-03
8.082192127272935442e-03
8.082235182107471577e-03
8.084463229525043135e-03
8.080327618939755346e-03
8.080080339230166428e-03
8.082046184332903824e-03
8.081491007036372895e-03
8.079891428148147647e-03
8.083963508221938057e-03
8.081239189051191846e-03
8.082903514613907700e-03
8.079703672275503207e-03
8.079907013716282338e-03
8.084367350098455723e-03
8.085634987216453948e-03
8.084508539064758775e-03
8.083615290278055657e-03
8.081362742666454296e-03
8.081941814645599714e-03
8.080249394561218185e-03
8.081092399692854991e-03
8.080008331751846115e-03
8.080410545872884764e-03
8.079596796801076161e-03
8.083098605603630110e-03
8.081869672717354250e-03
8.081204808209986601e-03
8.081939049361353336e-03
8.083117995601228969e-03
8.081835289564276090e-03
8.084367151756387260e-03
8.083522766356631903e-03
8.080105119823976015e-03
8.078739126626821587e-03
8.080755472559847385e-03
8.083511538439339811e-03
8.082639180466602569e-03
8.082833368636903326e-03
8.080628898530239218e-03
8.083827722277654379e-03
8.083327289968092466e-03
8.081680311462351510e-03
8.086196021693723562e-03
8.080642107763149826e-03
8.081338988631246723e-03
8.082739643414995137e-03
8.083813807285518405e-03
8.080212331605506754e-03
8.081097864164188752e-03
8.083816588934098282e-03
8.080882222226035486e-03
8.083935656974286163e-03
8.082457326232739964e-03
8.084669104564946168e-03
8.080225433982138328e-03
8.080224519442368025e-03
8.083586242761236704e-03
8.083103538483906239e-03
8.083070986318932269e-03
8.080999667018062479e-03
8.081918221583311163e-03
8.083470921359994094e-03
8.082707728583637605e-03
8.082676365961978179e-03
8.082874708936177433e-03
8.082161512129790865e-03
8.084394948353374952e-03
8.084689882074417785e-03
8.081002534753776306e-03
8.079056525275483958e-03
8.083489862418637498e-03
8.082854428282380474e-03
8.080428041143944765e-03
8.080583674227872007e-03
8.083211920565545536e-03
8.081399701341024713e-03
8.086641003997590768e-03
8.086168915995180229e-03
8.083171120821136188e-03
8.083008691719018035e-03
8.082984722179994280e-03
8.083480275210785243e-03
8.082872921133844174e-03
8.083828569886169005e-03
8.082711201638299175e-03
8.079871916554773673e-03
8.080656021784251783e-03
8.084989246236783458e-03
8.085003543950355573e-03
8.080243653867256320e-03
8.081870005004741092e-03
8.082847315613020736e-03
8.082575748273817737e-03
8.080774570074479579e-03
8.084020239442287967e-03
8.080638006190028755e-03
8.081568891523498166e-03
8.084582928886401704e-03
8.084129547181370321e-03
8.083822566776137364e-03
8.082897872654497620e-03
8.081211587446936184e-03
8.081994476958490395e-03
8.081309746948945466e-03
8.083314626145324255e-03
8.084334667167935792e-03
8.082826875697769059e-03
8.080402355269014278e-03
8.083014921631178837e-03
8.082888931940509017e-03
8.085859769069824246e-03
8.085191417469980713e-03
8.082482234034909716e-03
8.079063731554404770e-03
8.081165268324119397e-03
8.082072626145832273e-03
8.084466485532681990e-03
8.082065952747205170e-03
8.083653562024081460e-03
8.083029499033134516e-03
8.083541183629944227e-03
8.081952607470655262e-03
8.083904403929162083e-03
8.083889231514228280e-03
8.083978309798350512e-03
8.081183159126559615e-03
8.084315936041697181e-03
8.080983607733573451e-03
8.084572463168827883e-03
8.083402426317160341e-03
8.084264702055010340e-03
8.084182773087329049e-03
8.082699353815940568e-03
8.082648014857082147e-03
8.083404778704969193e-03
8.082969256155741328e-03
8.084456324345892439e-03
8.084880062969139469e-03
8.083325849971014290e-03
8.082724421845408763e-03
8.082180542367782203e-03
8.083638231964278276e-03
8.082832353773590148e-03
8.079906115547503404e-03
8.083738147844573424e-03
8.083016467013811462e-03
8.083342205646090739e-03
8.084543480715194672e-03
8.084160826317892540e-03
8.084414931849640690e-03
8.085547021653330391e-03
8.081935201331854127e-03
8.082803450927093791e-03
8.082049847765103781e-03
8.083499549498539619e-03
8.082831141969988240e-03
8.081340988425077254e-03
8.082755571796870764e-03
8.083944994976350468e-03
8.082694633709681595e-03
8.082875846987950044e-03
8.082919386134739675e-03
8.081559763338720670e-03
8.081366740516186115e-03
8.080255905494446514e-03
8.085357359384920742e-03
8.081923169613968241e-03
8.080288450382446322e-03
8.084327713534445597e-03
8.084779131650197959e-03
8.085153813355816163e-03
8.083544251754734913e-03
8.082652042177484661e-03
8.082662859119169041e-03
8.084605444318859399e-03
8.083352444335877365e-03
8.080680236076720480e-03
8.081342140612299621e-03
8.082857619917359349e-03
8.084251259978842905e-03
8.083333399585177284e-03
8.081181715722288508e-03
8.083369925584487498e-03
8.082886706654753006e-03
8.083078632027708432e-03
8.084686919382117962e-03
8.082396536443707535e-03
8.081200976621403728e-03
8.081117144173288400e-03
8.082548269500564389e-03
8.081613710811922854e-03
8.082398372071891712e-03
8.083137933561969704e-03
8.083478253893834620e-03
8.081824037357710280e-03
8.081698637083897796e-03
8.082232360964955800e-03
8.083561175971674256e-03
8.081946564838286828e-03
8.084914076560806642e-03
8.080608233298288215e-03
8.081390235133864564e-03
8.084389893258953769e-03
8.081738793049870334e-03
8.083116448114571057e-03
8.083161671796245534e-03
8.083310587637450653e-03
8.082662859119045876e-03
8.082843043719199413e-03
8.083490939762332655e-03
8.081165426289530981e-03
8.081421182555987778e-03
8.083877492956579799e-03
8.085937501761831375e-03
8.081845453857393335e-03
8.084689775243602758e-03
8.081607697457202436e-03
8.082820026217001769e-03
8.083107919702016766e-03
8.083706921103684176e-03
8.080192745805547458e-03
8.083681870981010084e-03
8.084724530860711023e-03
8.082051978232040329e-03
8.082089633822744923e-03
8.083467731898398220e-03
8.083088073917374383e-03
8.083243300926140282e-03
8.079363375943315537e-03
8.081519042642220166e-03
8.080616822107896183e-03
8.082830483668961702e-03
8.082745488313527321e-03
8.081969986663809294e-03
8.081765055365661143e-03
8.081907043116421177e-03
8.084288015841665023e-03
8.082200575350884444e-03
8.084177655971309939e-03
8.084427072482117463e-03
8.082218289426753785e-03
8.080031395420007173e-03
8.082074764755866128e-03
8.084630203731032680e-03
8.083079070955526135e-03
8.085370043632951129e-03
8.083357788843295588e-03
8.084375958059391784e-03
8.081478026684598553e-03
8.082297204274134506e-03
8.082300678246568879e-03
8.081393110965579690e-03
8.085456479093913393e-03
8.082645036354601034e-03
8.083566595028098337e-03
8.080900928559321683e-03
8.081611080537207809e-03
8.084044895810164194e-03
8.085190945818528444e-03
8.081693264416250216e-03
8.082113663078961674e-03
8.081339514938038274e-03
8.082333639180145149e-03
8.083525039446268559e-03
8.084138057075416703e-03
8.085765918927406357e-03
8.080842624240079305e-03
8.083622430016963387e-03
8.083087355731349843e-03
8.082911779579890141e-03
8.087428845678115014e-03
8.079777217718315391e-03
8.080629787865025587e-03
8.082802209673714197e-03
8.082415670207820577e-03
8.084734001999558176e-03
8.086028773906408021e-03
8.082246224647789481e-03
8.085411580181209312e-03
8.082754768843871535e-03
8.083466318257291269e-03
8.084290400680007455e-03
8.080789922903834632e-03
8.081829273224766172e-03
8.083168621415136312e-03
8.082782037546823450e-03
8.085330979611043273e-03
8.081145587173096251e-03
8.081889876571714607e-03
8.083875564520623738e-03
8.079931826902730582e-03
8.083046456158359330e-03
8.084015721273157470e-03
8.081715511301977919e-03
8.080800366043061275e-03
8.082964502111138899e-03
8.086230477932138117e-03
8.083271639763595778e-03
8.083143956541118114e-03
8.084250968749161909e-03
8.083452668909585359e-03
8.083113348834415623e-03
8.087359780391233099e-03
8.082054997516728914e-03
8.081670538351379968e-03
8.081492983155781629e-03
8.081219080747213332e-03
8.081463221719330930e-03
8.080013278837528193e-03
8.082161849784320201e-03
8.081992959685377689e-03
8.084437875860963491e-03
8.081471633008662642e-03
8.083499627261212656e-03
8.087224834209497115e-03
8.081532011268863225e-03
8.081969000765772473e-03
8.081670913087826702e-03
8.085533849586460861e-03
8.084688559590137713e-03
8.078756834011198082e-03
8.082463569932845510e-03
8.081605317281140982e-03
8.085879019460381900e-03
8.083650624504121543e-03
8.082165088842597003e-03
8.082334691488132425e-03
8.084364637130015546e-03
8.080177124310057926e-03
8.083849684569398286e-03
8.083891744816169844e-03
8.083334812304984740e-03
8.080741365721922156e-03
8.083965355908835637e-03
8.084669958167711029e-03
8.081251788791911361e-03
8.082379045910897258e-03
8.084107940596737749e-03
8.082582997416204798e-03
8.082422389918859917e-03
8.083503054996736895e-03
8.084120263790050762e-03
8.083106014951263810e-03
8.083549567682427744e-03
8.083178762005354540e-03
8.080953031780246931e-03
8.083409040690362271e-03
8.083363084647363431e-03
8.081985570794179147e-03
8.083544802270702795e-03
8.082576257088741958e-03
8.081076154900475664e-03
8.083613597591738156e-03
8.082143007293929315e-03
8.079334029724829017e-03
8.080104453379054197e-03
8.081638453598934818e-03
8.083773675843881554e-03
8.084170106624308239e-03
8.081776008998639224e-03
8.083545276742489308e-03
8.084407603441225859e-03
8.082150675784403882e-03
8.082341224662779530e-03
8.080894931873482817e-03
8.080788955529273968e-03
8.082224656612527203e-03
8.081311145680308838e-03
8.083024912074918480e-03
8.081563228611495994e-03
8.080966268782893702e-03
8.082875034874710540e-03
8.083034923808908936e-03
8.081917005032589890e-03
8.079833330281404463e-03
8.081426146466277535e-03
8.081553575608402956e-03
8.082533536858400869e-03
8.080398494945463875e-03
8.083140456581970959e-03
8.085162224361890082e-03
8.081844080250843651e-03
8.081793187242171730e-03
8.083250260376217272e-03
8.080309055363818493e-03
8.084457317580302088e-03
8.085679714274134761e-03
8.082573410619357107e-03
8.083377625021389776e-03
8.082992951024102132e-03
8.082525880069394222e-03
8.081812655791860769e-03
8.080736387086395744e-03
8.084014075924737461e-03
8.084121523417786212e-03
8.081330708343856944e-03
8.082307733058548271e-03
8.081321809094450109e-03
8.082941591259329428e-03
8.084081826309650817e-03
8.080619116107768188e-03
8.083429264689741961e-03
8.083170065907896093e-03
8.083296394294786288e-03
8.083195990199281561e-03
8.083233602915601557e-03
8.083738120167478433e-03
8.082916560733122147e-03
8.083564703776335500e-03
8.083699430341262371e-03
8.081736590830669933e-03
8.082662375360481419e-03
8.081169526998908947e-03
8.082634927564271918e-03
8.081676588525179422e-03
8.084899444895066525e-03
8.083193149156788285e-03
8.082208828563038072e-03
8.084164660677224321e-03
8.081133116505120548e-03
8.085508655536472258e-03
8.084847590925332145e-03
8.084785885563706281e-03
8.082095667513680692e-03
8.082146151053581223e-03
8.084824738358234800e-03
8.082998948385763244e-03
8.084528902155132396e-03
8.082254376889794201e-03
8.081874781945344588e-03
8.083883107584479560e-03
8.083690949330906567e-03
8.084216188160532265e-03
8.081049499849836740e-03
8.083426102612711189e-03
8.082977281042067960e-03
8.082007188867609479e-03
8.080970465871122749e-03
8.080896389574583269e-03
8.080196222533354150e-03
8.080662720847252289e-03
8.083715222935512063e-03
8.083981064322776772e-03
8.081621925881991506e-03
8.082094769636066420e-03
8.081413169398376367e-03
8.081329105214564434e-03
8.082792231809552558e-03
8.084282445228777383e-03
8.083718014400139221e-03
8.083254100612155546e-03
8.083411761974764950e-03
8.085266282315730496e-03
8.081179818570129181e-03
8.084171503992942237e-03
8.082337057235211564e-03
8.080442191200076785e-03
8.083039195597821122e-03
8.082863082318161863e-03
8.084966793137212879e-03
8.082690013123299336e-03
8.080668572613634512e-03
8.083131231843232456e-03
8.080988417128546000e-03
8.083052685943619906e-03
8.084357346782254303e-03
8.081681712494756184e-03
8.080758790309075512e-03
8.082003998579114293e-03
8.082777112077152437e-03
8.081803521939059931e-03
8.081296881318193737e-03
8.083515849178234125e-03
8.081776987332589535e-03
8.079952719835100869e-03
8.082855171570188513e-03
8.082568511165170999e-03
8.082217917000271770e-03
8.082531862582998522e-03
8.080740242166347190e-03
8.082472789513843459e-03
8.083821459644294563e-03
8.081004094550496911e-03
8.083580279081528652e-03
8.083777241226922441e-03
8.084786220812935700e-03
8.082110203932044851e-03
8.082626017255987311e-03
8.080310758390937126e-03
8.083895833299542880e-03
8.081315045001001562e-03
8.082697414988529450e-03
8.078837463435135924e-03
8.082468691770226810e-03
8.081470810924810261e-03
8.080507049785820226e-03
8.082364373153674494e-03
8.083453932028904568e-03
8.081969126271369708e-03
8.086916206205503610e-03
8.083429935192766591e-03
8.082865171886015679e-03
8.080359143908047437e-03
8.082672289781066277e-03
8.083220702519468281e-03
8.082868305596563677e-03
8.082430048253735899e-03
8.083253182163843351e-03
8.080032816076538824e-03
8.082679534553627657e-03
8.085368500889832111e-03
8.083065168072042783e-03
8.085063107617919756e-03
8.084327822251324847e-03
8.081188794607561607e-03
8.081517860400245709e-03
8.081927830642916463e-03
8.082790447718512725e-03
8.080908149791780903e-03
8.082095615017190898e-03
8.082631536070786563e-03
8.081691143512413980e-03
8.082452072623962785e-03
8.082796641032891430e-03
8.083223006490010409e-03
8.081113538229347387e-03
8.084537390162203907e-03
8.082778415743060302e-03
8.083619715386368421e-03
8.080358636064322031e-03
8.083093370214065529e-03
8.082017000498761122e-03
8.083323316273687692e-03
8.081084778125078791e-03
8.080537793569856145e-03
8.084101097369818592e-03
8.082845263995630872e-03
8.081649254955969308e-03
8.081461356234290183e-03
8.082329712851846204e-03
8.080096827373487584e-03
8.079529763704206002e-03
8.084389213729892276e-03
8.079490702048644848e-03
8.080970034633589219e-03
8.083993214142517342e-03
8.084163331060351121e-03
8.080193588640075322e-03
8.081046195624557935e-03
8.081769851399045815e-03
8.083280158129245788e-03
8.080136150086639213e-03
8.083980406439384911e-03
8.081088587507044910e-03
8.082031959822464501e-03
8.087163422592157092e-03
8.081492333004158118e-03
8.080456982588709799e-03
8.085286588454348305e-03
8.083765070520908258e-03
8.080109324177738722e-03
8.081789624321170096e-03
8.080998979942431715e-03
8.082856997624725259e-03
8.081934360214690360e-03
8.080307250508648662e-03
8.083808826501249004e-03
8.083109642540642001e-03
8.082826017161256343e-03
8.083000402537607321e-03
8.084056630837411009e-03
8.082867012607948196e-03
8.080709649104489065e-03
8.082296085863022519e-03
8.080524256939562028e-03
8.080810645209981699e-03
8.081508250242775554e-03
8.078867967932402624e-03
8.081778231663096224e-03
8.079846707942529155e-03
8.081854530019206770e-03
8.083867396496031976e-03
8.082647632490735229e-03
8.081164987369290550e-03
8.084083406282586287e-03
8.081855608060829754e-03
8.079319494043203653e-03
8.082212745068786258e-03
8.081801288189364302e-03
8.083290921205790389e-03
8.081928095469811252e-03
8.079632053452967533e-03
8.084486906487990676e-03
8.082139604059008012e-03
8.079514698680527809e-03
8.085160504747036792e-03
8.083028728114737688e-03
8.084809791242703395e-03
8.081684273847027089e-03
8.084737138400919024e-03
8.081205811640230011e-03
8.081903134165974861e-03
8.082039862840104116e-03
8.085010358985688511e-03
8.083377563365041346e-03
8.079719773378042993e-03
8.084493883145939946e-03
8.082076341953962212e-03
8.083864387245918992e-03
8.083714787396816676e-03
8.082637174547579670e-03
8.083704460060578759e-03
8.082170386026772679e-03
8.083779080748438456e-03
8.085138559671273262e-03
8.082920956138049326e-03
8.082005515224642209e-03
8.081195568466379223e-03
8.082789259656867134e-03
8.081865371082788338e-03
8.082197522014238425e-03
8.084054336299559620e-03
8.083307023609820341e-03
8.084838938537329892e-03
8.082721139858202453e-03
8.083521069419641672e-03
8.082236055498761423e-03
8.080648468347474689e-03
8.079828334941458953e-03
8.082574143069646763e-03
8.084144193507338330e-03
8.083847250540487570e-03
8.082570939930007817e-03
8.083340143626101953e-03
8.082839161334825356e-03
8.081829310920824253e-03
8.082730353555174496e-03
8.079923606409245007e-03
8.082207969593819402e-03
8.084066364191637780e-03
8.084092981405128359e-03
8.087610700215576778e-03
8.082955200560397457e-03
8.079516664330871692e-03
8.082679103009337770e-03
8.082182494879229864e-03
8.083503924466876878e-03
8.083698028280435557e-03
8.084418486073391072e-03
8.083702829928278780e-03
8.083563858060915930e-03
8.085141480841735034e-03
8.081714711862924769e-03
8.083255398297534838e-03
8.084062832211190083e-03
8.082947583193519567e-03
8.084893319321630883e-03
8.080210399686449732e-03
8.082365069464532426e-03
8.081188152241033582e-03
8.084473014058917231e-03
8.082361476587742941e-03
8.084568720951139376e-03
8.083134179044914810e-03
8.082155165423259013e-03
8.084615482038714357e-03
8.083178182441303275e-03
8.083251885448800717e-03
8.083878691592882859e-03
8.080721056865795837e-03
8.081607993050998404e-03
8.085681510255017870e-03
8.081170832565473527e-03
8.083898691064917916e-03
8.082061436143504751e-03
8.080884598717828771e-03
8.080418727171998633e-03
8.083241290527133291e-03
8.085996430841249638e-03
8.080304580021917607e-03
8.081716977673757130e-03
8.080758768081066148e-03
8.084443580983376176e-03
8.084306757681980829e-03
8.079674136529364434e-03
8.080594353139423924e-03
8.082466565761625005e-03
8.079809200119506332e-03
8.082778223710760518e-03
8.082570382284801763e-03
8.080884993758818274e-03
8.080994723765831320e-03
8.084012041986872107e-03
8.083815277953657757e-03
8.082003046235269883e-03
8.080476374976240661e-03
8.081952950970061264e-03
8.084572518022531060e-03
8.084819279195545189e-03
8.081241676897601631e-03
8.082202926727314815e-03
8.081176270939819870e-03
8.082657633387117097e-03
8.083490728042479201e-03
8.081806380644188451e-03
8.082536286269511108e-03
8.082471134760493489e-03
8.080628013273747842e-03
8.081091863113626025e-03
8.083917585440261733e-03
8.083388301554906424e-03
8.081428131008193752e-03
8.085854594043829710e-03
8.079789381334611872e-03
8.083823256786363404e-03
8.083248845778798902e-03
8.081333598903336218e-03
8.083223216684346304e-03
8.078762634686721331e-03
8.084811721743060189e-03
8.083016322811713283e-03
8.083852321661843740e-03
8.085414886668442630e-03
8.082773195864523946e-03
8.080714184826066904e-03
8.086282152976392162e-03
8.082300683731221541e-03
8.083578095223201837e-03
8.082195016788822420e-03
8.081446712467799109e-03
8.081725248128902514e-03
8.084835168818377965e-03
8.084107724699652817e-03
8.081297660447468723e-03
8.082565081074549740e-03
8.082044617201833078e-03
8.081691925284772635e-03
8.082120213815061072e-03
8.083270350721918560e-03
8.084156967583230879e-03
8.080674765747563812e-03
8.081325006529020694e-03
8.081854738712807365e-03
8.085142519460837215e-03
8.083782421256782355e-03
8.082950043245010208e-03
8.083508319667571593e-03
8.082976461682381958e-03
8.086148327148320186e-03
8.084879625895277991e-03
8.082484772834162140e-03
8.081845815442433023e-03
8.081866279259055166e-03
8.082253346934522090e-03
8.083285310345141028e-03
8.083610603608225656e-03
8.080965380401506151e-03
8.081563487644096919e-03
8.082002737816789892e-03
8.080034239041307409e-03
8.084305381606628205e-03
8.082142358890754413e-03
8.082409991943210331e-03
8.079849628208105386e-03
8.084064197114335451e-03
8.083760499108336856e-03
8.082769688232113725e-03
8.081595575198080583e-03
8.081273701511361082e-03
8.082562416926375101e-03
8.081414747812733917e-03
8.082403037629734555e-03
8.081956679942626023e-03
8.083231423857523482e-03
8.083913361741443954e-03
8.081234035263264170e-03
8.081375805150751643e-03
8.082459088664900246e-03
8.083931825937355764e-03
8.082177852635812065e-03
8.084973696394834666e-03
8.084967716732250134e-03
8.083488186759758484e-03
8.083686331134579475e-03
8.083574428598196485e-03
8.080112527341807779e-03
8.084645964494265383e-03
8.085219522940176665e-03
8.082267197539542633e-03
8.081289367821268416e-03
8.079696088543922988e-03
8.082627240465069945e-03
8.087719401979871423e-03
8.082607362133297640e-03
8.081205249877886770e-03
8.082253515640541730e-03
8.085866313168019875e-03
8.081207915565536554e-03
8.083696921648729147e-03
8.082147766185817511e-03
8.082504795997215094e-03
8.084585103525649893e-03
8.081240201857206248e-03
8.082024854992233415e-03
8.083200269133110349e-03
8.082086333939314179e-03
8.084433529368991594e-03
8.083917891196130273e-03
8.086760556543157175e-03
8.082539343142030111e-03
8.083686187051313324e-03
8.083760635742743769e-03
8.083532449643150014e-03
8.083673633577185061e-03
8.083352175066987194e-03
8.082074502941372432e-03
8.080965153348421484e-03
8.083852740772395559e-03
8.082936532691700413e-03
8.084153026227692065e-03
8.081766191244591988e-03
8.083004781196423058e-03
8.082102415770842097e-03
8.080204514882349115e-03
8.084815664526335405e-03
8.081758545550677200e-03
8.083245399856822319e-03
8.082040293886122440e-03
8.082338176195233426e-03
8.085916290994558595e-03
8.082061234318812376e-03
8.082354677564046463e-03
8.082727128767038319e-03
8.082651374171108752e-03
8.083283697106830729e-03
8.082772753273048325e-03
8.082741384429376411e-03
8.082869328809583198e-03
8.084039726020075117e-03
8.081675855769021588e-03
8.083687995741569918e-03
8.080924511810871208e-03
8.084240669889915590e-03
8.082649388051050404e-03
8.080076877663031065e-03
8.082259733324001841e-03
8.082030752199691886e-03
8.081893976302777921e-03
8.085210751815443894e-03
8.084159767687320447e-03
8.082061739503047099e-03
8.082860422034888678e-03
8.080453143295803636e-03
8.083251323202495647e-03
8.084848200793262607e-03
8.082660358059079106e-03
8.082449084639321824e-03
8.082177327226467561e-03
8.082006719868525119e-03
8.083865063208611063e-03
8.084411670667968758e-03
8.082983144069848247e-03
8.082597627879422458e-03
8.084762544360796568e-03
8.082479786346926862e-03
8.084337397728756647e-03
8.083126490038712239e-03
8.081429655404060233e-03
8.080939561567945448e-03
8.083567670511299097e-03
8.083370170938356664e-03
8.082127305405703913e-03
8.084254261254308904e-03
8.080820314631085785e-03
8.082927028179984555e-03
8.085386758362130000e-03
8.082117160903599246e-03
8.086387079606028802e-03
8.083477114592917123e-03
8.082510652773503002e-03
8.082670546202480946e-03
8.081573316676613633e-03
8.082342511838197865e-03
8.082485060106737659e-03
8.084058854621517520e-03
8.080975211642152378e-03
8.085468070419061376e-03
8.084488020407504597e-03
8.083767678091801842e-03
8.081317088302718624e-03
8.087333395992294879e-03
8.082922999816574347e-03
8.080783346172010564e-03
8.082820978754139477e-03
8.084036262401663939e-03
8.082137231549190934e-03
8.080724678602201408e-03
8.080484368713114485e-03
8.081279700216473585e-03
8.081791875353249582e-03
8.081965426904856933e-03
8.082550615952836456e-03
8.081635650593593095e-03
8.084842193702680702e-03
8.082805503954326384e-03
8.081498111681031937e-03
8.083297356726571598e-03
8.084067601133563402e-03
8.080653902637111030e-03
8.081358842516036395e-03
8.082162197411351529e-03
8.083006859167969627e-03
8.080804874455980308e-03
8.081978977122306756e-03
8.079709947345118173e-03
8.082733093337551161e-03
8.081655442822867005e-03
8.082143143565348811e-03
8.080643489355372397e-03
8.081937482180725010e-03
8.081063815974480133e-03
8.082715942719996549e-03
8.081014177202885257e-03
8.081849647568343023e-03
8.083088058307489471e-03
8.082434540000252299e-03
8.083387215445268434e-03
8.081122135743091725e-03
8.082909470844638553e-03
8.083395113280255131e-03
8.081503304663081519e-03
8.084402265385310163e-03
8.083505488327764887e-03
8.081692959891631153e-03
8.080275127626672729e-03
8.082500939010864999e-03
8.084212545232396033e-03
8.085369057299850865e-03
8.085062970189880321e-03
8.083269511174820052e-03
8.082304425795158037e-03
8.083453211897904597e-03
8.081535463966595112e-03
8.082135355538340796e-03
8.084818055194302813e-03
8.081037799718098283e-03
8.081783216674414891e-03
8.083644437018078915e-03
8.083348457483119712e-03
8.088144754014816099e-03
8.083665235115116907e-03
8.078982489224230748e-03
8.081472635638634744e-03
8.084309362934397405e-03
8.080997495339583073e-03
8.083781235394507658e-03
8.083290223450162806e-03
8.080518079715777457e-03
8.083698534462639348e-03
8.081953795977854169e-03
8.083423566371834151e-03
8.084568813647352928e-03
8.086076436769066428e-03
8.083082552908387591e-03
8.083122250146493673e-03
8.082705462220424186e-03
8.082183580056681235e-03
8.084326526344874989e-03
8.083671299204335525e-03
8.081239557887170966e-03
8.083708552493009888e-03
8.084614033224149510e-03
8.083109228763488835e-03
8.085053787072755960e-03
8.081015497006117237e-03
8.079692929677613836e-03
8.082654404765129280e-03
8.081794410614953281e-03
8.082266687715991202e-03
8.083942414514620756e-03
8.082215029472138504e-03
8.085426387284651989e-03
8.081315714562586558e-03
8.082190213618249339e-03
8.083130463299739721e-03
8.085907623733110117e-03
8.081973295695040610e-03
8.083013913298948624e-03
8.081261715340209983e-03
8.081483005070907652e-03
8.083681860014207965e-03
8.082213027450482409e-03
8.083289254993219694e-03
8.082144275407465370e-03
8.082027056041912738e-03
8.082402064797478830e-03
8.083141890081101122e-03
8.082221993165885146e-03
8.080194609439209780e-03
8.083149793183154116e-03
8.082823690228698246e-03
8.082721340284704237e-03
8.081133627240093958e-03
8.084377579489453181e-03
8.083494816312257469e-03
8.081041886436013746e-03
8.085045044098893713e-03
8.081993004727170901e-03
8.082396118346034733e-03
8.080681951954979403e-03
8.084268943840408964e-03
8.085228831572100969e-03
8.079756406146295852e-03
8.082713696145249135e-03
8.081651679078406814e-03
8.080972530655247676e-03
8.081372062865639638e-03
8.081958326909638446e-03
8.082896470529628286e-03
8.080733324791283811e-03
8.081483000535251079e-03
8.082237608224367501e-03
8.083463843507167693e-03
8.082060042810911352e-03
8.083002825904040192e-03
8.080881144237696267e-03
8.082966693953882661e-03
8.082107247508676581e-03
8.082235630702105239e-03
8.082578373764767385e-03
8.081782777300001303e-03
8.083103719892495778e-03
8.081843188823389229e-03
8.083209189863374208e-03
8.082824389015138417e-03
8.082930956693228433e-03
8.080766202555635103e-03
8.081456144916537854e-03
8.082385956761403700e-03
8.083465498171663391e-03
8.084373713642203224e-03
8.084779363047878489e-03
8.082571091878668068e-03
8.084480627070914083e-03
8.082145931043399276e-03
8.083926785309798052e-03
8.081002195614231734e-03
8.082959185670542113e-03
8.082865181177522479e-03
8.081859812315388830e-03
8.080601397516437925e-03
8.079951383274858179e-03
8.080834727090832267e-03
8.083957364613298877e-03
8.083194371460256794e-03
8.084573584610628416e-03
8.085380007641248395e-03
8.081278701217338434e-03
8.083443820001244909e-03
8.083008119962882543e-03
8.079648470488282053e-03
8.082172680140194479e-03
8.079569520762495613e-03
8.082540025843880024e-03
8.085774604490622922e-03
8.084765363999601995e-03
8.080671742113717040e-03
8.084666558215011442e-03
8.082943293643360047e-03
8.082220443496416010e-03
8.083170142727847535e-03
8.083334302940135829e-03
8.084627918759534210e-03
8.085518576763961116e-03
8.082199684870323628e-03
8.083967591631361152e-03
8.083105295081490643e-03
8.084006980355074382e-03
8.085127574814216303e-03
8.082056783812428813e-03
8.083731190992534538e-03
8.082828805559024235e-03
8.084279968497216223e-03
8.081813854606252276e-03
8.079862111094453236e-03
8.083132323622604226e-03
8.082384781509986682e-03
8.081843984116338780e-03
8.084499027275541400e-03
8.081665299284394172e-03
8.087147607826077056e-03
8.082448398110219159e-03
8.081303743403950995e-03
8.083724780941110855e-03
8.082277189127807723e-03
8.079753040969273395e-03
8.083817450112372807e-03
8.084981562221401144e-03
8.082472213186132209e-03
8.083469831223271881e-03
8.082082991238130620e-03
8.082078601261533102e-03
8.083932857050883658e-03
8.080790395965580658e-03
8.082623134400935411e-03
8.080169940944582560e-03
8.083171442824953895e-03
8.082430292238353131e-03
8.084540306092459841e-03
8.081052831735956177e-03
8.083382420111622640e-03
8.082437525058286387e-03
8.083129962852965422e-03
8.080446540093674454e-03
8.084534782680423068e-03
8.081164379428682973e-03
8.081616048635852090e-03
8.079707379729296826e-03
8.082822322403175261e-03
8.083050533018285369e-03
8.084607456331551270e-03
8.082498988352207828e-03
8.081894214711234092e-03
8.081512687764689715e-03
8.081547913220602994e-03
8.082969230696200602e-03
8.083824538732355472e-03
8.081597105173430121e-03
8.081572212319958898e-03
8.082847040780410941e-03
8.081398117605583312e-03
8.082411372288751325e-03
8.084793436552399973e-03
8.083548785137171719e-03
8.081925524643627373e-03
8.084063732266073138e-03
8.083277056046202225e-03
8.082915207001431165e-03
8.083390564068695591e-03
8.082051690156966117e-03
8.082262228741808260e-03
8.081941832121387892e-03
8.081818596965099910e-03
8.083660557511907624e-03
8.080385329032588326e-03
8.081881740404344566e-03
8.081334656556920723e-03
8.084573681369481082e-03
8.083503410141147302e-03
8.081444007333904445e-03
8.081590922213950645e-03
8.085208881517607152e-03
8.084679330900458941e-03
8.084196790382146974e-03
8.082896712267166259e-03
8.083736220098104025e-03
8.081529291135980397e-03
8.082417135440073813e-03
8.084795485094100828e-03
8.083078969792266075e-03
8.082651743828895771e-03
8.081169558795854233e-03
8.083792359580729142e-03
8.085841378816925606e-03
8.083671694112962158e-03
8.086339165873250578e-03
8.084615590407767671e-03
8.081609680560812581e-03
8.081600109821299172e-03
8.084372991387051705e-03
8.084331628790604810e-03
8.084751730474747794e-03
8.081366965991182427e-03
8.079723307713407299e-03
8.082994702416189045e-03
8.082722782148478446e-03
8.086238534733065919e-03
8.082077640935552906e-03
8.082064506806324253e-03
8.082495331319432263e-03
8.084508545624346718e-03
8.086046961145032866e-03
8.086375508883076116e-03
8.082183444505368006e-03
8.083066761938576331e-03
8.083209548707691317e-03
8.081799593300346973e-03
8.083590779449520425e-03
8.083402200559770129e-03
8.082620769404731328e-03
8.080891915814288756e-03
8.084365930920480933e-03
8.084286393358031467e-03
8.084491714541843302e-03
8.083946696248282826e-03
8.081747334378433165e-03
8.081715840947292437e-03
8.083150121949581393e-03
8.084134488848799746e-03
8.083426701667681749e-03
8.082252876232733779e-03
8.081136191615346034e-03
8.086192525407443973e-03
8.083466578941359351e-03
8.083784942296784112e-03
8.081954690752044673e-03
8.083962869104730983e-03
8.081299902808617916e-03
8.084328385166006728e-03
8.083873240024637419e-03
8.082049592178452979e-03
8.082548564195948804e-03
8.084882874563947136e-03
8.083342563373081130e-03
8.082259149205513887e-03
8.083199994598798399e-03
8.083354847217763886e-03
8.082926235701906603e-03
8.082076425271346454e-03
8.082884314279482896e-03
8.081515559124528847e-03
8.083527364153719405e-03
8.081648335753968335e-03
8.084623738103776866e-03
8.084008095387382187e-03
8.082498033969751083e-03
8.084130061451757013e-03
8.083665284628617845e-03
8.082133053553016214e-03
8.081915035073952702e-03
8.081567843210962429e-03
8.082697424157589058e-03
8.082331569228022247e-03
8.083458768607486647e-03
8.080913247446972966e-03
8.082600213911661502e-03
8.083534114120008440e-03
8.082064249990719013e-03
8.082945390923782295e-03
8.081534829323505295e-03
8.081207821123800872e-03
8.083703767680909535e-03
8.081142745300039926e-03
8.085242944459735542e-03
8.082421103954167546e-03
8.082349840998056742e-03
8.084555538528298557e-03
8.084023840413621584e-03
8.085329893183331590e-03
8.082010699651434593e-03
8.082476411526215779e-03
8.084271649660383294e-03
8.081541099592267838e-03
8.083351538140326475e-03
8.082678607323002043e-03
8.081496619920800970e-03
8.082246990107238779e-03
8.081102419457204811e-03
8.084201232950651017e-03
8.080815579065295587e-03
8.082575045032592068e-03
8.082260808492541110e-03
8.082909501024252569e-03
8.082564811727300375e-03
8.084199598050387237e-03
8.083817375602190061e-03
8.081252819752004699e-03
8.079358478610286845e-03
8.084048389514998309e-03
8.081441835866298024e-03
8.082087952961083260e-03
8.081985839193369173e-03
8.082867358526511087e-03
8.079664919711935372e-03
8.082844542057664866e-03
8.081914005098517900e-03
8.081362079036768370e-03
8.083156402710383465e-03
8.082058667865132592e-03
8.082849892515307777e-03
8.081683654830125116e-03
8.081450058889699112e-03
8.083121302286300561e-03
8.081151813249545790e-03
8.081073653145138050e-03
8.081045002378745012e-03
8.082478851598816350e-03
8.084023940493586732e-03
8.082480694971101026e-03
8.081727330353498384e-03
8.082248488664060815e-03
8.082900583267500771e-03
8.082883967191001676e-03
8.083310479722450800e-03
8.082809715997387942e-03
8.080293252978570928e-03
8.082247254519954460e-03
8.084096965187800160e-03
8.082852708919835774e-03
8.084419066116047339e-03
8.081766672226251003e-03
8.083513667609659031e-03
8.081501807910940888e-03
8.083667313783357913e-03
8.084551421615925049e-03
8.082833385817743410e-03
8.081648809892340996e-03
8.083785438353141561e-03
8.083383222951320141e-03
8.084821150013273353e-03
8.083294836068540337e-03
8.083778420565252559e-03
8.084360762946607437e-03
8.084024792752603564e-03
8.082018352203908240e-03
8.081435657913828979e-03
8.085522278925474232e-03
8.081029966760952532e-03
8.083426064545731066e-03
8.082703946120645480e-03
8.082080559323858229e-03
8.081645434791144209e-03
8.082680304958369394e-03
8.082306737268174501e-03
8.081393635050549556e-03
8.082319177277967615e-03
8.082080326335382495e-03
8.083337883163014409e-03
8.082973689719018251e-03
8.081247392774456792e-03
8.079506793214218455e-03
8.081753709953258188e-03
8.080929331639057078e-03
8.081296659254394096e-03
8.083560323987864366e-03
8.079590628165555372e-03
8.084888152544690565e-03
8.081466370700552543e-03
8.080094896143894673e-03
8.080267948696281607e-03
8.082450777597043751e-03
8.081009887856805546e-03
8.081002089500292918e-03
8.080790095057580752e-03
8.084005165602304449e-03
8.084959878120178203e-03
8.080493139916581150e-03
8.083215605785126420e-03
8.083631197643416366e-03
8.081983984096633225e-03
8.080463132595231204e-03
8.082899729274664255e-03
8.083606035638660550e-03
8.080990679090438097e-03
8.080425852485402169e-03
8.083399575668635817e-03
8.080626740317743348e-03
8.081457328683025465e-03
8.082166516559062888e-03
8.082413843303068099e-03
8.083244969032564106e-03
8.081650021488211502e-03
8.082667915717297105e-03
8.081717058038706200e-03
8.081090248103110080e-03
8.080821620190225749e-03
8.080296609905149655e-03
8.083195222878040292e-03
8.083792730063410134e-03
8.080417254880376682e-03
8.080952861920894653e-03
8.081097350576518096e-03
8.083959415985777011e-03
8.082253688526460852e-03
8.082139571600267455e-03
8.083384168940025913e-03
8.081369593619861305e-03
8.083024382813242328e-03
8.083073269948316819e-03
8.083955103806000561e-03
8.084927079324009599e-03
8.083267107829491746e-03
8.086454765418676222e-03
8.085573216282429879e-03
8.080755146679389350e-03
8.082755981615417917e-03
8.083005771318879304e-03
8.082215066198777595e-03
8.084156211689182137e-03
8.082443724321196690e-03
8.085249674730692407e-03
8.084300568658272373e-03
8.086603710016486077e-03
8.081979472572392229e-03
8.081293030461556698e-03
8.082765039959501421e-03
8.080760684877426672e-03
8.079630565999048816e-03
8.083887038534867675e-03
8.085569433235021558e-03
8.083632741655326012e-03
8.083270542312561216e-03
8.083759743548198096e-03
8.084149156204079728e-03
8.082311894196623006e-03
8.081277799418251639e-03
8.083499012646802942e-03
8.084048400187105604e-03
8.082088968180009547e-03
8.082170036130729984e-03
8.082293111148870432e-03
8.085833903841972356e-03
8.083685274803496107e-03
8.082612783611357529e-03
8.083571929310128315e-03
8.079718178274799059e-03
8.081986444901352942e-03
8.080995680078853147e-03
8.083306511819350962e-03
8.083799720756991436e-03
8.084381057629531214e-03
8.081804518451784700e-03
8.081130759899107785e-03
8.083710368808396177e-03
8.082958165537878006e-03
8.082788564002870921e-03
8.082176734417929193e-03
8.080584791943651313e-03
8.084582308846633911e-03
8.082771649672578634e-03
8.084488525009810717e-03
8.081823464404133336e-03
8.084863158431890295e-03
8.082175981712546795e-03
8.083583736318233903e-03
8.083689237756847001e-03
8.084158784701285863e-03
8.083413385670640619e-03
8.082683489598788823e-03
8.080877223092437084e-03
8.080253581090480336e-03
8.079976882495183699e-03
8.083580419617387644e-03
8.081662098555767587e-03
8.083934688789692902e-03
8.080415488376398864e-03
8.084712616240380748e-03
8.081142107419994267e-03
8.085707937344624799e-03
8.080777849655548101e-03
8.081067806104000328e-03
8.080295991922338897e-03
8.081694496882309980e-03
8.083046335376669125e-03
8.084482887240538457e-03
8.080923142769619316e-03
8.081099491610878316e-03
8.083718837910492880e-03
8.080251164505348679e-03
8.082809054723239656e-03
8.083111941664260919e-03
8.084064864251538571e-03
8.082493613579452493e-03
8.082613977685282336e-03
8.079847599246290854e-03
8.082262706822353898e-03
8.082724734121351715e-03
8.086516588659593482e-03
8.084094122127105306e-03
8.080773866047337439e-03
8.082796580208733220e-03
8.082118401376443481e-03
8.082569499982209665e-03
8.081632956798876291e-03
8.084013419673389059e-03
8.083003241080244372e-03
8.082806658833506519e-03
8.082926908139701286e-03
8.082796712258659769e-03
8.081155768435769465e-03
8.084553789214804151e-03
8.081109947088530379e-03
8.080967482477236646e-03
8.082934033931845133e-03
8.081498412686865043e-03
8.081773194721648956e-03
8.081822055277253919e-03
8.082084182542246739e-03
8.084394277707730031e-03
8.082296107785351055e-03
8.085571245133300541e-03
8.080176800056548467e-03
8.081360857071985537e-03
8.085136827184707595e-03
8.080921636166282437e-03
8.081835349975492050e-03
8.084089199896180369e-03
8.083873816793809772e-03
8.084599630201231082e-03
8.082704336948000334e-03
8.083989401561528579e-03
8.082136855052983460e-03
8.083224966793570512e-03
8.083190165208408232e-03
8.081628793047312270e-03
8.080779509961008925e-03
8.084912204975869265e-03
8.081512221978736504e-03
8.082988253446067237e-03
8.084694573998676623e-03
8.079870419333798001e-03
8.084284059130001851e-03
8.085012492934242831e-03
8.083473176809827937e-03
8.080682014388650483e-03
8.081997525593111187e-03
8.082066715690953279e-03
8.081354098939090222e-03
8.081930922518590354e-03
8.081787125807086969e-03
8.082274420991623909e-03
8.084309652393886769e-03
8.083175524702623099e-03
8.083145287767734902e-03
8.082931640854187222e-03
8.082955080793425076e-03
8.082149648779558132e-03
8.083722656606204954e-03
8.080282633489144217e-03
8.080287282444821237e-03
8.083187002318869413e-03
8.085196722424439070e-03
8.084050954129902433e-03
8.081935313686606365e-03
8.080543532730678075e-03
8.083702762284407373e-03
8.081363070010619959e-03
8.083219899857068194e-03
8.080135262153299511e-03
8.082952410611988006e-03
8.082337638425829765e-03
8.084111077814586099e-03
8.084401441813207287e-03
8.083250187592842459e-03
8.087170270021508053e-03
8.083880000415018599e-03
8.081953532684165234e-03
8.084785284010419931e-03
8.080767748574713485e-03
8.081626106401172335e-03
8.084016743893871274e-03
8.080685871338888840e-03
8.082199730965061030e-03
8.086214123923549796e-03
8.086926943068017265e-03
8.084209345850671205e-03
8.083003034917825638e-03
8.082537630809178211e-03
8.084157622431739632e-03
8.081720853436816579e-03
8.084170981916825524e-03
8.082371361511261551e-03
8.082646892990342016e-03
8.080719769675183059e-03
8.081102657899363190e-03
8.083086052599983140e-03
8.081375704235737450e-03
8.082556094427978746e-03
8.081968870881781758e-03
8.081533825484963490e-03
8.083587684666696319e-03
8.081824882046860503e-03
8.082570852012662538e-03
8.083278766180878455e-03
8.080339655610139712e-03
8.080631359053323109e-03
8.082916257864404194e-03
8.082581198485585747e-03
8.085111432331195877e-03
8.082098969420687187e-03
8.084393404710302211e-03
8.082470090439568614e-03
8.084308965494741567e-03
8.084631981940379811e-03
8.083705783365414260e-03
8.081998506326801626e-03
8.081211389116505980e-03
8.083800307933921778e-03
8.085230066561038473e-03
8.081369253022923499e-03
8.082308179918677032e-03
8.082107841751586669e-03
8.082174516371495171e-03
8.080257913999720071e-03
8.082126127338178437e-03
8.081523262054142454e-03
8.081297073657935093e-03
8.084309534272984821e-03
8.081881208335426128e-03
8.079790640185179063e-03
8.080865902152749650e-03
8.083932179586965361e-03
8.083614982727648640e-03
8.084589989593830156e-03
8.080485279227334061e-03
8.079450726059464460e-03
8.084419641794949457e-03
8.084090125486496567e-03
8.082380385013160362e-03
8.081571177213229401e-03
8.081931509277568565e-03
8.082781418936939646e-03
8.084620687527240696e-03
8.082463384162165421e-03
8.083231673639374934e-03
8.086077440583249246e-03
8.084015022046779284e-03
8.083062192255904138e-03
8.084853992531537345e-03
8.083210032997811476e-03
8.083541667542772438e-03
8.083260040183500722e-03
8.084576405392828249e-03
8.082614429967388200e-03
8.083414871580650238e-03
8.083074098569719215e-03
8.083831302218777437e-03
8.084466404546098231e-03
8.082607126434392802e-03
8.081827691987262391e-03
8.081537969524739753e-03
8.082469712418811555e-03
8.081186495713009454e-03
8.084784575004708151e-03
8.081787542988808429e-03
8.081232544159216644e-03
8.082894231487884606e-03
8.081043681966933873e-03
8.081075352223524716e-03
8.083654209050770631e-03
8.082762272539735851e-03
8.082998913291334145e-03
8.084967649954645855e-03
8.082105953586009653e-03
8.086529575331971587e-03
8.082132052498995287e-03
8.081933523946375347e-03
8.082661307516036606e-03
8.081370640177019948e-03
8.081722288410702823e-03
8.081404853446896852e-03
8.082017000498755918e-03
8.082073811372002953e-03
8.078449909070226781e-03
8.082960269897509001e-03
8.083356435956048913e-03
8.083829188628922219e-03
8.079023749004481114e-03
8.084680249993564383e-03
8.082683262239244437e-03
8.083119804294708680e-03
8.082574703991882506e-03
8.084460608592853106e-03
8.083511928591779680e-03
8.083370104733611852e-03
8.083074776277844944e-03
8.084282828442432636e-03
8.081206399065119991e-03
8.083157323223727833e-03
8.082138331728310615e-03
8.081189356880076613e-03
8.082164176234304248e-03
8.083562275787620904e-03
8.084764144072009023e-03
8.085527290707703041e-03
8.082530769149044031e-03
8.085584899002518089e-03
8.081871316514582793e-03
8.084643302150373162e-03
8.084330293220363603e-03
8.084615966104862633e-03
8.083773866018507601e-03
8.081204513827672936e-03
8.084927250303720891e-03
8.080562964147280577e-03
8.081303334172691005e-03
8.081131324579080705e-03
8.083923110248886212e-03
8.083387574941012371e-03
8.081785938013275744e-03
8.080994079942980385e-03
8.082262744587615302e-03
8.082730258750383742e-03
8.080810519227286937e-03
8.081644328988245307e-03
8.081539494345854613e-03
8.082326210789738882e-03
8.081904757369529069e-03
8.082729306532053515e-03
8.081836437794370429e-03
8.082812730418581504e-03
8.083229941477702157e-03
8.079193231631084243e-03
8.084596049457418512e-03
8.081934921562623775e-03
8.081247062066225159e-03
8.082422313886583956e-03
8.084237351161441265e-03
8.080160593346839837e-03
8.079400488304759945e-03
8.084258143112785927e-03
8.085031779782566111e-03
8.084522879302289203e-03
8.085758829920478008e-03
8.082749465198350511e-03
8.084293393455484547e-03
8.082906220891576676e-03
8.082665595684662349e-03
8.081999604181770019e-03
8.081957881727443518e-03
8.083377419069375652e-03
8.081342202440227815e-03
8.080586345862747141e-03
8.081642458059147896e-03
8.083089928653995615e-03
8.081629621660058396e-03
8.080659917289982272e-03
8.083122400946749636e-03
8.083793283574444016e-03
8.082330440143656314e-03
8.081649518514335412e-03
8.080478546217635671e-03
8.083456133178295797e-03
8.080049567855882714e-03
8.083302821519436354e-03
8.083208110055374249e-03
8.083925815875919393e-03
8.082325477481460199e-03
8.081199248091445672e-03
8.085142157290461928e-03
8.081069331600024969e-03
8.084562570878467760e-03
8.082031623948935858e-03
8.082075548679363425e-03
8.083165385281048179e-03
8.084505191654845283e-03
8.083468296454518823e-03
8.081904489176372150e-03
8.083328334981512014e-03
8.082451986686656903e-03
8.082109376986659419e-03
8.081596075434412108e-03
8.084174311890419268e-03
8.080316638826429837e-03
8.084004655160454203e-03
8.084656636890022452e-03
8.083638354316352928e-03
8.083758254938653437e-03
8.080900209527940373e-03
8.083612838193022371e-03
8.083956538254511923e-03
8.083499670831125958e-03
8.082235519984931962e-03
8.081785313359266670e-03
8.080305269814357788e-03
8.080858828695658760e-03
8.081491223059051807e-03
8.083559358263386549e-03
8.084185194999173735e-03
8.081505824509208416e-03
8.081112487732550198e-03
8.081479357328155699e-03
8.082512285831358612e-03
8.083897531946887191e-03
8.082145005176202129e-03
8.081418746513156781e-03
8.081369619667119406e-03
8.082227329257242118e-03
8.082047370015964238e-03
8.080863018863283093e-03
8.079757252836760120e-03
8.082520672860507918e-03
8.082633597737240438e-03
8.081797993702561148e-03
8.083170897097995480e-03
8.083630340841923764e-03
8.081921049567527757e-03
8.082506774789655762e-03
8.081944932975556814e-03
8.083749018897728317e-03
8.081444212417314768e-03
8.081767030918902972e-03
8.079836887733731973e-03
8.083208263910181615e-03
8.081144487535087129e-03
8.083880805956645058e-03
8.081190730509130865e-03
8.082971759070850873e-03
8.079929931762899059e-03
8.082610411809238241e-03
8.082319464250966798e-03
8.083339771666546783e-03
8.081873884340156494e-03
8.084950393365979149e-03
8.083542572934202669e-03
8.082824663001744389e-03
8.083844227898878340e-03
8.084280072184889254e-03
8.081999044838228050e-03
8.082302817084734484e-03
8.083135630687349540e-03
8.083352735470077446e-03
8.082539910900793725e-03
8.082704716525081906e-03
8.083785356561547231e-03
8.083862332522903996e-03
8.085094134101867766e-03
8.080375928490661844e-03
8.083737989986402445e-03
8.083118368111687213e-03
8.081757261794575778e-03
8.083274487178888912e-03
8.084478791179215001e-03
8.080423309105921187e-03
8.082780080018356003e-03
8.085133434165297020e-03
8.083765226693694766e-03
8.082668035792585359e-03
8.079766532009305044e-03
8.082100980503046858e-03
8.081525804767626664e-03
8.080266322672880613e-03
8.086639307115991993e-03
8.085457826869693262e-03
8.084195952338807389e-03
8.084188341453505192e-03
8.082563249129197380e-03
8.082174308775167890e-03
8.084141600796840646e-03
8.081542576416233040e-03
8.082034023188402680e-03
8.081546848216741852e-03
8.081906617318975264e-03
8.082514826136699693e-03
8.083521526526263323e-03
8.080510216360041811e-03
8.082975737153217863e-03
8.082617328550407640e-03
8.081967776147221810e-03
8.080752193662266852e-03
8.085004817905515687e-03
8.082964178563968941e-03
8.084818124055587543e-03
8.081073005531220696e-03
8.081141625678576676e-03
8.085259051507790243e-03
8.084064322198158958e-03
8.083947395779519582e-03
8.081807864688659096e-03
8.086232299440984650e-03
8.084484544012749199e-03
8.082731324761397579e-03
8.084730732563119582e-03
8.082015173691980622e-03
8.083598724686474890e-03
8.082941676070654058e-03
8.081604194715296882e-03
8.085950053753641897e-03
8.080526902908266584e-03
8.081429220463121066e-03
8.083199034893927271e-03
8.081924533733204213e-03
8.081887763228746968e-03
8.083955444098161330e-03
8.082173910501033731e-03
8.081230783067687093e-03
8.082295848525985343e-03
8.080406375984764203e-03
8.084457939657034228e-03
8.081507057714654163e-03
8.081168414938574504e-03
8.083018154187406740e-03
8.085188467592699033e-03
8.082208837105574542e-03
8.082218945100852134e-03
8.083456633999041782e-03
8.085162281808519133e-03
8.083997318890426970e-03
8.081927788518726910e-03
8.083476115496921952e-03
8.080274733918558008e-03
8.082187417650940967e-03
8.081245536832449075e-03
8.084872167635480042e-03
8.083242240270913440e-03
8.083355498400309272e-03
8.081356998712924469e-03
8.084666193861275024e-03
8.082965431746963816e-03
8.083039902492306777e-03
8.083055118724983418e-03
8.083733958532453995e-03
8.081163798341350207e-03
8.082453392449799948e-03
8.082997740562473943e-03
8.082221168359960198e-03
8.082398780092951360e-03
8.082254694914935145e-03
8.080561143813882671e-03
8.083234190819228379e-03
8.082783804463892705e-03
8.081742704939359756e-03
8.080922249501217361e-03
8.081575242633608214e-03
8.086094049713219920e-03
8.082553081011209159e-03
8.082238954090001717e-03
8.084835237139910424e-03
8.083210082783898187e-03
8.082059255939990500e-03
8.081803282168778177e-03
8.082209892835881537e-03
8.081985904805457852e-03
8.082749679634968279e-03
8.083649901581970582e-03
8.080481060710817051e-03
8.081448656985431092e-03
8.081681475136350684e-03
8.082332383948932775e-03
8.083415859359359759e-03
8.083167177792196373e-03
8.084242622385804516e-03
8.082183141297025891e-03
8.082235365209413172e-03
8.083354387944894151e-03
8.081953379269788545e-03
8.082985694532682230e-03
8.079971429813724570e-03
8.083728493347689184e-03
8.084329328288409819e-03
8.084229086871034739e-03
8.083812182714129532e-03
8.082492619373550860e-03
8.083445837329063591e-03
8.083590768376829050e-03
8.085939887986712260e-03
8.083046062998066814e-03
8.080004969920534519e-03
8.081799237204772071e-03
8.084899281268476817e-03
8.080770803241002498e-03
8.084368498867565075e-03
8.083683362374275913e-03
8.082934318483125241e-03
8.080998211588414151e-03
8.082561029872436381e-03
8.083892503060475729e-03
8.083515792960020013e-03
8.083452247556556503e-03
8.083899683921102336e-03
8.082335119430636775e-03
8.083431635281477026e-03
8.082781097537510007e-03
8.080205633525816902e-03
8.082851895477131954e-03
8.083869644506894506e-03
8.082826102839535051e-03
8.081373318531171260e-03
8.082012512550026256e-03
8.081307473022868518e-03
8.081699336860072302e-03
8.082133572766530411e-03
8.085198734610289303e-03
8.086294118393396596e-03
8.082633788728385213e-03
8.081942519806784367e-03
8.083564006444759337e-03
8.083758060950964677e-03
8.084636377426183268e-03
8.082853971401644105e-03
8.080515230401905807e-03
8.083281954198559896e-03
8.082495493130351094e-03
8.085661121097107232e-03
8.082971054232128763e-03
8.083761394627651808e-03
8.082971114014354808e-03
8.085012598890118848e-03
8.084860226850268741e-03
8.085695590127086468e-03
8.081339618396790256e-03
8.082323835532659317e-03
8.083851418337537759e-03
8.081042347236853940e-03
8.083438300995957407e-03
8.081645667544604811e-03
8.083865471784558443e-03
8.084830934043085379e-03
8.084368690862315035e-03
8.082269014996085535e-03
8.083028771752034589e-03
8.081414207502581395e-03
8.082011748657731351e-03
8.083932767798507335e-03
8.082004077802797462e-03
8.086484837261981654e-03
8.081532055972747916e-03
8.080881554111869064e-03
8.084014163541526285e-03
8.084039739542848296e-03
8.086482262462356407e-03
8.082655456567682320e-03
8.080856579049755170e-03
8.080905001881192457e-03
8.082090431678861167e-03
8.081483149219416753e-03
8.083468811078461241e-03
8.082830122475126444e-03
8.081695319273260458e-03
8.082001858937974681e-03
8.084055729253036143e-03
8.081357613119028588e-03
8.084503822613593391e-03
8.081056084611203116e-03
8.079656261128973643e-03
8.081386960814540207e-03
8.081892694446483200e-03
8.081804622611956507e-03
8.083976265247360196e-03
8.082110892387027110e-03
8.080254716731401915e-03
8.081719127704979633e-03
8.084060065463919559e-03
8.081637402207320423e-03
8.080129911807938312e-03
8.080518433591974900e-03
8.081962544717158359e-03
8.084417842387892073e-03
8.084970058251251396e-03
8.083025711925873047e-03
8.080673826052049702e-03
8.081251811166074647e-03
8.083338806176667765e-03
8.082271552601527284e-03
8.081560348030593713e-03
8.078625038448125628e-03
8.083846765406381071e-03
8.084190071546440426e-03
8.080080064590523803e-03
8.081987260794192343e-03
8.081876736925720089e-03
8.083622669717415582e-03
8.082593484018685270e-03
8.083820519916098263e-03
8.081963899100439233e-03
8.082950439078846402e-03
8.083482183720453254e-03
8.082493947253202582e-03
8.083117388716216239e-03
8.083315409251572506e-03
8.081915790030711269e-03
8.081210182886629581e-03
8.083644665769216739e-03
8.083875062690423080e-03
8.082142912934402179e-03
8.083744903946685212e-03
8.085294867792270149e-03
8.084220166235590865e-03
8.080832267545193931e-03
8.084701361816375165e-03
8.080911719984396405e-03
8.083996953517991538e-03
8.079398762396401007e-03
8.081740951246691243e-03
8.082171359033676894e-03
8.083070982527250023e-03
8.083457561202721936e-03
8.082509999799857361e-03
8.079680353162123352e-03
8.084074036308236053e-03
8.083042330875289325e-03
8.082488139998393606e-03
8.082165283993124685e-03
8.083221457774587143e-03
8.081916168734120179e-03
8.083063815722038234e-03
8.083290222738650360e-03
8.084197876472042077e-03
8.083215987384869544e-03
8.080721155172793796e-03
8.083554382281336534e-03
8.081864104378722047e-03
8.081733310260784744e-03
8.083008323648378096e-03
8.081661457568297888e-03
8.085315623582740169e-03
8.083763749370033794e-03
8.084171838940506713e-03
8.086132083621543065e-03
8.080920836298520135e-03
8.081122856932543633e-03
8.081427764567532951e-03
8.081115732290698392e-03
8.083412714201978697e-03
8.083187885388495517e-03
8.082223669764739687e-03
8.082500265479327164e-03
8.085652573221384018e-03
8.082461270956001545e-03
8.083589056760655603e-03
8.081989148639789206e-03
8.082564928737099794e-03
8.083337413076246286e-03
8.082160933413431309e-03
8.081790004147658066e-03
8.079651611974564968e-03
8.083813287532879907e-03
8.081228486361462585e-03
8.083294557681076214e-03
8.083995408066686414e-03
8.082743875592159413e-03
8.084254809807341763e-03
8.080642068340778209e-03
8.082804203735419885e-03
8.084509814144501955e-03
8.084147719458841322e-03
8.082895443100056310e-03
8.083281398462930506e-03
8.086185396753074045e-03
8.082710476363013166e-03
8.082336350972944145e-03
8.085007842779046161e-03
8.084294778293504846e-03
8.082190146993614710e-03
8.082396462385003921e-03
8.080600158057654053e-03
8.081666313206085570e-03
8.083867860468278016e-03
8.084045101423418048e-03
8.083094018961189259e-03
8.080837263634423756e-03
8.082960636123558487e-03
8.081850200990592023e-03
8.084077348896732962e-03
8.082531079294283383e-03
8.081269967997047401e-03
8.083263293598307378e-03
8.083694780659081425e-03
8.083331573966252154e-03
8.083292545898962053e-03
8.084265593873006528e-03
8.082605607455110169e-03
8.082159967785959229e-03
8.082341936307356131e-03
8.081386870850467558e-03
8.081995840447532553e-03
8.082967555727635714e-03
8.083926101625707808e-03
8.080052421023272563e-03
8.082911638119470374e-03
8.082222352581394653e-03
8.081907684631465388e-03
8.083737908766175720e-03
8.081942569412237792e-03
8.081412287841299030e-03
8.085078817692936681e-03
8.081548372719087395e-03
8.082496100907539047e-03
8.083822484476060888e-03
8.082550966670796339e-03
8.083756916751359822e-03
8.084745926456084544e-03
8.085047285624398852e-03
8.083388473756728670e-03
8.083868256111062175e-03
8.084521704844570625e-03
8.082022724094681254e-03
8.084606220572387869e-03
8.083962338185497060e-03
8.083318104202531079e-03
8.081653930132812191e-03
8.084192047997575126e-03
8.080802851793014371e-03
8.083291622583112929e-03
8.081064149420825321e-03
8.080300691180070105e-03
8.082843961070278194e-03
8.084285276578881407e-03
8.085079377459350458e-03
8.083358367607561268e-03
8.082160529679031230e-03
8.082630517976276824e-03
8.085099716366247677e-03
8.083720307356732915e-03
8.082750962239537706e-03
8.082886954705163080e-03
8.084428056626000170e-03
8.083377394366084157e-03
8.081549058879648056e-03
8.081261278171943119e-03
8.079706921252517715e-03
8.082569370831491767e-03
8.082756303710161155e-03
8.081781149046394705e-03
8.081585803416111921e-03
8.083115630843906718e-03
8.081958755077696746e-03
8.084317744234558248e-03
8.082612359913733668e-03
8.083961608489469500e-03
8.082646848101485496e-03
8.083790594249296024e-03
8.080849437373329586e-03
8.084074646778967310e-03
8.081790839521010156e-03
8.083776937435400989e-03
8.082505116516151139e-03
8.083747195109371869e-03
8.081635883179141139e-03
8.081762724339665652e-03
8.082261972576790243e-03
8.084897659282355015e-03
8.081691196777452194e-03
8.082553891167409965e-03
8.082665975914615775e-03
8.082116504812155919e-03
8.080661312183325465e-03
8.083279496962504640e-03
8.082172299643903754e-03
8.083376910256675346e-03
8.086629366369571525e-03
8.084303722213623256e-03
8.081530250458730108e-03
8.082500141625658524e-03
8.083943767125581492e-03
8.084416226931602500e-03
8.082483620631273485e-03
8.084000915986907024e-03
8.084121415549878897e-03
8.079849540751860015e-03
8.081050811165235020e-03
8.082629740911687066e-03
8.085200151108085098e-03
8.083434972225422149e-03
8.083020858837159164e-03
8.081827022322875947e-03
8.085298008676215439e-03
8.081894822647695681e-03
8.082432364491952750e-03
8.081922149890272133e-03
8.082707257522143973e-03
8.082461988352726903e-03
8.082353848580064309e-03
8.083508938594280088e-03
8.082056180774300699e-03
8.082428966637139264e-03
8.084729318409597867e-03
8.083459560027869001e-03
8.084403737671457327e-03
8.082308408990842782e-03
8.080470128189755005e-03
8.080826615080192662e-03
8.080323868495574435e-03
8.083786674886263984e-03
8.084643636564621191e-03
8.083158431372085631e-03
8.082478122752031341e-03
8.082487104639194189e-03
8.083367938092386046e-03
8.082465198311785878e-03
8.084509917275663551e-03
8.082072553193618558e-03
8.082927908183341198e-03
8.082370299722432816e-03
8.079913963265746013e-03
8.084109093173584212e-03
8.080984437236770485e-03
8.084136219324265793e-03
8.082151406403214125e-03
8.081745101139937992e-03
8.082203962936613736e-03
8.080681065313025102e-03
8.083120775844096495e-03
8.082846430285672845e-03
8.079463762652481368e-03
8.079531810711332307e-03
8.079884372501866877e-03
8.084516624768226661e-03
8.082971069147381823e-03
8.084362185210806212e-03
8.081766004440478143e-03
8.083119550982908325e-03
8.083493725365526947e-03
8.081563541099529707e-03
8.083668929310732984e-03
8.082432306483399928e-03
8.082948662107436108e-03
8.084022364505614663e-03
8.082236317886027852e-03
8.083061999024298075e-03
8.082935849893758962e-03
8.082096931961850125e-03
8.081817197635380104e-03
8.085245617364502854e-03
8.080313582563086738e-03
8.081206880411643395e-03
8.081658837603537121e-03
8.083176774519340232e-03
8.082879593500678569e-03
8.083048907520297421e-03
8.084106429209435979e-03
8.081807236072139147e-03
8.082709626437936667e-03
8.082578490166773474e-03
8.083112231836163050e-03
8.085603511087434761e-03
8.082623397336912222e-03
8.082236693861384602e-03
8.082543166733317450e-03
8.082843293260640744e-03
8.084727976386724829e-03
8.081481676117040561e-03
8.084066598710264520e-03
8.082357308171295857e-03
8.081440280601441886e-03
8.081518346700672720e-03
8.081792534117877499e-03
8.083871709644587303e-03
8.080799116852567174e-03
8.082036581848486834e-03
8.084332974961720361e-03
8.082548090637428281e-03
8.087364840549966100e-03
8.082160195676970846e-03
8.082070650353725960e-03
8.082004602032304488e-03
8.083702877526138461e-03
8.083048559740159400e-03
8.083966040484251089e-03
8.082258179510044133e-03
8.079393944811351369e-03
8.082218250431712214e-03
8.083915052479273208e-03
8.083053020633130387e-03
8.083765559335589698e-03
8.083472813142103530e-03
8.082299327406490194e-03
8.081129270049974833e-03
8.084596426300902014e-03
8.084400940649352080e-03
8.082682096728121060e-03
8.081772840889510021e-03
8.081462282548114440e-03
8.081522637410014365e-03
8.080633320674400488e-03
8.081354445133274653e-03
8.083342297878326477e-03
8.082198301590983597e-03
8.079234716381415368e-03
8.080582647332846397e-03
8.082342029133630576e-03
8.083134282178640329e-03
8.084692561304399755e-03
8.082336794359443535e-03
8.083203094095022315e-03
8.081021631039365591e-03
8.080908326038221956e-03
8.084668895039837100e-03
8.081896282199409545e-03
8.080115219339926991e-03
8.084938470957410070e-03
8.081852732833065545e-03
8.083662886891617577e-03
8.081441372486595359e-03
8.085123247844414746e-03
8.081605546102073670e-03
8.081444216770301489e-03
8.081783977834036334e-03
8.080313768079161463e-03
8.084535541957711680e-03
8.083443827036440252e-03
8.082632615882344440e-03
8.083499560904969239e-03
8.086536955331232596e-03
8.081573033065473852e-03
8.083368124710872335e-03
8.080848675983465235e-03
8.081244900279655960e-03
8.086863448136480739e-03
8.083892432925572635e-03
8.081487438521193362e-03
8.082130430774259883e-03
8.081667481341713727e-03
8.082533743717092503e-03
8.083837738385064864e-03
8.081961635504942426e-03
8.080024791192054467e-03
8.080977455990090777e-03
8.082457504530956433e-03
8.081228747418357436e-03
8.082987640361716589e-03
8.081686946500316743e-03
8.079837742710694465e-03
8.080947442117313029e-03
8.086132683614901881e-03
8.081712519287711366e-03
8.082217327639905705e-03
8.080195454594511426e-03
8.081697171548402753e-03
8.081111726832743494e-03
8.082813659573334641e-03
8.083042305494336777e-03
8.080869476990278077e-03
8.085122603108904973e-03
8.083807477914227435e-03
8.080238717416183755e-03
8.081361869679001136e-03
8.082415197048232677e-03
8.080505860874850552e-03
8.082947391997682626e-03
8.081514248173026979e-03
8.080095938329734037e-03
8.082822054639606998e-03
8.084653216263403691e-03
8.080823410368630569e-03
8.085323618551139291e-03
8.082746725166555304e-03
8.080937529714511680e-03
8.081788361907151289e-03
8.084222765005562653e-03
8.080080162665273513e-03
8.083469329032557521e-03
8.081410233035730278e-03
8.084324560955865463e-03
8.084384974602964319e-03
8.082143866443326774e-03
8.085188621766581027e-03
8.081065585000917623e-03
8.080736118040566726e-03
8.081079609170710096e-03
8.082369505123440309e-03
8.081441494030495304e-03
8.080933624027380330e-03
8.083607769826356773e-03
8.084683705203200149e-03
8.080723037929792713e-03
8.083801069610605308e-03
8.084192686645442355e-03
8.082127670520538112e-03
8.080309055363818493e-03
8.082159864573904007e-03
8.083665921895324263e-03
8.085143409514520749e-03
8.083390342864517353e-03
8.083496625540349464e-03
8.083994174808099148e-03
8.080886792502649241e-03
8.085106038798131264e-03
8.080918480432387752e-03
8.080616509641296713e-03
8.081794339695890991e-03
8.082894620386771659e-03
8.082783930041583312e-03
8.084413655052639230e-03
8.082612301104928620e-03
8.084837636980200457e-03
8.081575109493036729e-03
8.084884252414114431e-03
8.083621511956318520e-03
8.085041447961644617e-03
8.082670731204709760e-03
8.080642434020303064e-03
8.083239065073740542e-03
8.083693942573850003e-03
8.084268968446257572e-03
8.082142390797764434e-03
8.082471850783574593e-03
8.080956201242814330e-03
8.083808067656855431e-03
8.083106515208307932e-03
8.085632219026707077e-03
8.080985377792487129e-03
8.083008382551016072e-03
8.082479654943021743e-03
8.084306636595836246e-03
8.083673876317167689e-03
8.081068743311587907e-03
8.082955219264836497e-03
8.080790436130014937e-03
8.082593048085813872e-03
8.081441111296905691e-03
8.083020427968077432e-03
8.081528248116745181e-03
8.081812073454658005e-03
8.083386722535911006e-03
8.083282950157980734e-03
8.083132250208929781e-03
8.082992549795178783e-03
8.082014811792756492e-03
8.082493373386906085e-03
8.081806828305272000e-03
8.083583174453776166e-03
8.082670779764357383e-03
8.082254713909463317e-03
8.081358725354046216e-03
8.081292742603822521e-03
8.080715814822786100e-03
8.081353900956531056e-03
8.083457275972439834e-03
8.082778185110241903e-03
8.083558019809474610e-03
8.082963250612648989e-03
8.082977597895668609e-03
8.082449764242157636e-03
8.082030673516595390e-03
8.082546372674937266e-03
8.083117050274538778e-03
8.081406545272989267e-03
8.083158897102996066e-03
8.082569212812192733e-03
8.083247402913294744e-03
8.081721110865422789e-03
8.081461691372979553e-03
8.084437337282869909e-03
8.083481583542691598e-03
8.083255391656312544e-03
8.082750763736224961e-03
8.082072290963953493e-03
8.085077265479323830e-03
8.083626408841792024e-03
8.081106342044860544e-03
8.082239442553823192e-03
8.081528502626753735e-03
8.080468136056923045e-03
8.083162058691181762e-03
8.082759042591499896e-03
8.083924278997749527e-03
8.084128400798615971e-03
8.082745697151779568e-03
8.080273848940878328e-03
8.082382609260592432e-03
8.084443558284713782e-03
8.082398218184922573e-03
8.081510710238090645e-03
8.083177356968673788e-03
8.081640420891014059e-03
8.083233690209884470e-03
8.079901931568881507e-03
8.084188892845164953e-03
8.082649007428782326e-03
8.084424035853960203e-03
8.080831698517410705e-03
8.081566901446863432e-03
8.080438618619061042e-03
8.083536197384067964e-03
8.082116700027891856e-03
8.084784568686470552e-03
8.082120898111330026e-03
8.082331524881752535e-03
8.079758312280672927e-03
8.081618777452042462e-03
8.084633312810460617e-03
8.082945495778790651e-03
8.082540852290797870e-03
8.082880092847671144e-03
8.083813206655821385e-03
8.084474618819181141e-03
8.081412723950508539e-03
8.082786688444783610e-03
8.080975803746445058e-03
8.085304005359512936e-03
8.082188378139249646e-03
8.082257943874271086e-03
8.081940955359679518e-03
8.082892334258724373e-03
8.082936740059068481e-03
8.084057624553471835e-03
8.081992848439297633e-03
8.082284729710438251e-03
8.082011691556961058e-03
8.081858024179889785e-03
8.081616777268863655e-03
8.081858243362431693e-03
8.080813665752870426e-03
8.084629179419825645e-03
8.083748896332674724e-03
8.081485800056931526e-03
8.078835814592229964e-03
8.083872756107571278e-03
8.083391479614116318e-03
8.082670608055371811e-03
8.082613555750763762e-03
8.082690073454201068e-03
8.083358508925310437e-03
8.083081428052970446e-03
8.082042927677239932e-03
8.082034674940919219e-03
8.083255965619111708e-03
8.082493269892852480e-03
8.081926515758909232e-03
8.083634469786380936e-03
8.082381662725728055e-03
8.082844242722115463e-03
8.083841299611066455e-03
8.080971629154181171e-03
8.083399174268424137e-03
8.084615108592155958e-03
8.083830331469300107e-03
8.081802472793418041e-03
8.084192468134614867e-03
8.084747446955550462e-03
8.082176628789568967e-03
8.083503572060475942e-03
8.082421323963287843e-03
8.083780633565523441e-03
8.081835693098775308e-03
8.083079817826013466e-03
8.081897776436546346e-03
8.083254697467375308e-03
8.083139266206964060e-03
8.082591985379708466e-03
8.082235250995290637e-03
8.084249205905443686e-03
8.083517636177135410e-03
8.086840639124707672e-03
8.082107103601927217e-03
8.081939337669707957e-03
8.083619858260575677e-03
8.083977081930733902e-03
8.083851042991939406e-03
8.083017412421100376e-03
8.084349010699277624e-03
8.082704529167861890e-03
8.081850045427005705e-03
8.081833702379340525e-03
8.083223402557127013e-03
8.080114469918414297e-03
8.081076472046009457e-03
8.081706024807113961e-03
8.083720087349125297e-03
8.082789876303479379e-03
8.083489450443135174e-03
8.082012318812651155e-03
8.081559649602070364e-03
8.084729353525834175e-03
8.078800124740935160e-03
8.082579792556113946e-03
8.083668598713799475e-03
8.084154730166503294e-03
8.087053086259461676e-03
8.081292370076603379e-03
8.082760855655311827e-03
8.083686664875371422e-03
8.081529423157216355e-03
8.084053979401810419e-03
8.084295596508389581e-03
8.081857886035387004e-03
8.081831153657898295e-03
8.081233757641725565e-03
8.084041794992637836e-03
8.083375556649799454e-03
8.081876951276432616e-03
8.082948433799863608e-03
8.082123901891693357e-03
8.085619711144876112e-03
8.081878581819959204e-03
8.078688458238551806e-03
8.082713641489271475e-03
8.082724534651591561e-03
8.082676624137837343e-03
8.082550311923907688e-03
8.082856117663215351e-03
8.083027702046547205e-03
8.081894505430944550e-03
8.082878138436083715e-03
8.083820976612166379e-03
8.083290323901133265e-03
8.084433204079125371e-03
8.082266135057220025e-03
8.080954739595349809e-03
8.086505979275711645e-03
8.083820112990696902e-03
8.082307781874110975e-03
8.084322882022990792e-03
8.083934137112409185e-03
8.084897667081876460e-03
8.081453184349871033e-03
8.083072033162207529e-03
8.083393145424529538e-03
8.083679913769424574e-03
8.082034442616041134e-03
8.082239987368221648e-03
8.082433089163273965e-03
8.079729164106800102e-03
8.081409630160822297e-03
8.080960767848182486e-03
8.083374688614735487e-03
8.085887483027576206e-03
8.083818518537021908e-03
8.081879672363078554e-03
8.081550686055614940e-03
8.080858707547282707e-03
8.082665991209722969e-03
8.080103087763149117e-03
8.081777279643275608e-03
8.080473915250355882e-03
8.083015278655738059e-03
8.083617793992997624e-03
8.082444734759983151e-03
8.084256959173592716e-03
8.080223879459013520e-03
8.082666176747651740e-03
8.083509199691902777e-03
8.084906301487993635e-03
8.082406165945675916e-03
8.082414830471484554e-03
8.082601220788569740e-03
8.082620935521337910e-03
8.082314728828714559e-03
8.083848469167150691e-03
8.081363504989181809e-03
8.080479854984138829e-03
8.082301592877837171e-03
8.081730538271542433e-03
8.084436794797046286e-03
8.082406916683992915e-03
8.082303774558515300e-03
8.081894350945159275e-03
8.082497213459270344e-03
8.082489409309894998e-03
8.082302375509138950e-03
8.084382193347268084e-03
8.082197559059197539e-03
8.082550277814692236e-03
8.085374200087777283e-03
8.082976706606077866e-03
8.084503827348963473e-03
8.083300159842432553e-03
8.082425234196621150e-03
8.081822794208779262e-03
8.080565978042554554e-03
8.082660027343101933e-03
8.082518348399667096e-03
8.081556925928901416e-03
8.082200256915425887e-03
8.082636622179744171e-03
8.081877981337023259e-03
8.079847927280829623e-03
8.082249801233731823e-03
8.083770619422007281e-03
8.084734507947033064e-03
8.083168780654461164e-03
8.082714302620735286e-03
8.083852066847335704e-03
8.083459102542947528e-03
8.083691969624429846e-03
8.082897669767030377e-03
8.082091954648144838e-03
8.082687943599739869e-03
8.081221567605644321e-03
8.082848488225531300e-03
8.083174271839252759e-03
8.081904579673247768e-03
8.082584218790087038e-03
8.082642507172371066e-03
8.081769659487985855e-03
8.082908441330208249e-03
8.084457357347547141e-03
8.082938674348357985e-03
8.081346583886777138e-03
8.082217950744404258e-03
8.082376279081770337e-03
8.082571002199230581e-03
8.082253109800057247e-03
8.082717288944617912e-03
8.083431475086833018e-03
8.082345616864562363e-03
8.083610603608208309e-03
8.081978594007329514e-03
8.082017839920472083e-03
8.082301655860093734e-03
8.084971088036749590e-03
8.085520092652226723e-03
8.081257231000883029e-03
8.082968485655914193e-03
8.083471413721806872e-03
8.079827107607174402e-03
8.081986581670056943e-03
8.084157671215754654e-03
8.083074998185568044e-03
8.081769795975388831e-03
8.081610654312454400e-03
8.081274277262955053e-03
8.082701693511887969e-03
8.083245798188882364e-03
8.082919035070412761e-03
8.081237027479357127e-03
8.083017417240989655e-03
8.084207134746635229e-03
8.081870732278822328e-03
8.081217220296163170e-03
8.082963991306951756e-03
8.083600245418973151e-03
8.082314520320280082e-03
8.082795448110602701e-03
8.083857844304792595e-03
8.082733904606422687e-03
8.084771424219580616e-03
8.083181554866189500e-03
8.082513725458874768e-03
8.084489083727035980e-03
8.082824696456247446e-03
8.086019919920906657e-03
8.082164027107149179e-03
8.081707341265101721e-03
8.083744543840388000e-03
8.080779789423881906e-03
8.081831322133452983e-03
8.082367339510603682e-03
8.082156361147323914e-03
8.085226004365498459e-03
8.082660194213588112e-03
8.083064098384832447e-03
8.082247693284411519e-03
8.084141521265634373e-03
8.082451902234326357e-03
8.081859151239420558e-03
8.084002934175648150e-03
8.079966894620016146e-03
8.080835952372895578e-03
8.082835609179331998e-03
8.082459872948491442e-03
8.082034019206664130e-03
8.086512731475585525e-03
8.084320753542277929e-03
8.083782061590332954e-03
8.083540285851490217e-03
8.082997561164456668e-03
8.084368963588803997e-03
8.079769589352728612e-03
8.081611217011315865e-03
8.083595147581904006e-03
8.083771165507175685e-03
8.083210292313061304e-03
8.084189392868293758e-03
8.082159076234111256e-03
8.082865899551887681e-03
8.082996712493057886e-03
8.084009384764749215e-03
8.082944067488856410e-03
8.082207280817156961e-03
8.081962314627967603e-03
8.079412277302610787e-03
8.081393033809457921e-03
8.082546677568807833e-03
8.082204494220915011e-03
8.083069535845784429e-03
8.084663126255914323e-03
8.080627771163391773e-03
8.081999502464812246e-03
8.082030790784089716e-03
8.084347659409999234e-03
8.080641816365089630e-03
8.082519406870188397e-03
8.081958541955064357e-03
8.082136477925489296e-03
8.082268310114288506e-03
8.079935830276668493e-03
8.082809147158453653e-03
8.081233461812865893e-03
8.085033591769541506e-03
8.081246244047574079e-03
8.080709371372880520e-03
8.082236839963171521e-03
8.082917145276912255e-03
8.083637449104270553e-03
8.081202165213026423e-03
8.083714002508504345e-03
8.083118413039436234e-03
8.083896026293320089e-03
8.082734643392276361e-03
8.082366025769267479e-03
8.082631088942264855e-03
8.082921698763380347e-03
8.086018325426195044e-03
8.084209506334148407e-03
8.080669458330589153e-03
8.081864278215871583e-03
8.085564595505743621e-03
8.082777791856529323e-03
8.084677501044239267e-03
8.082570685729532911e-03
8.082157128941575702e-03
8.082889331560767776e-03
8.084583732062161979e-03
8.082846197773611158e-03
8.081948749113098199e-03
8.080026341035951784e-03
8.082555655934008446e-03
8.082829978990653877e-03
8.082276137031692634e-03
8.081449962509111573e-03
8.082343473865988628e-03
8.082498485414547559e-03
8.083512770765638109e-03
8.082889128765284245e-03
8.082649838091411285e-03
8.084729640209051271e-03
8.080994676550715822e-03
8.083706642329815603e-03
8.084607469055747966e-03
8.079668856057552889e-03
8.083906125753896957e-03
8.082856754973524044e-03
8.082456706465597843e-03
8.084911145945984645e-03
8.084789395011946975e-03
8.084464111704258230e-03
8.083169269160512746e-03
8.079750003129004127e-03
8.085172708069056358e-03
8.082935812107828327e-03
8.082887623154040926e-03
8.084614069034743583e-03
8.081835497496669615e-03
8.081229873605162706e-03
8.082591693682094486e-03
8.081059061500642932e-03
8.080663053491875941e-03
8.082200551103233682e-03
8.082869683653967977e-03
8.081706747643708361e-03
8.082232596909422889e-03
8.084536617598010733e-03
8.082838739824372079e-03
8.081166765549988723e-03
8.081342006361858996e-03
8.082397561011502723e-03
8.085137508647213811e-03
8.082715237686622853e-03
8.083140759435569062e-03
8.083945438457747906e-03
8.083120483176518822e-03
8.083089533671332719e-03
8.080486270268916194e-03
8.081118696727300835e-03
8.080474379038382962e-03
8.080732813743560575e-03
8.085528253793205014e-03
8.082264273044134639e-03
8.082805022472610776e-03
8.080744588104748008e-03
8.080233843806664332e-03
8.084213555470485396e-03
8.082069153401530079e-03
8.084563924105699420e-03
8.081616009566769052e-03
8.081885016182916576e-03
8.082252386834755040e-03
8.081089091142319020e-03
8.081929368917136272e-03
8.083699618402349907e-03
8.081208136323627181e-03
8.083537175986643675e-03
8.082077661411031858e-03
8.080753600989165966e-03
8.081085959252751888e-03
8.084674845878062066e-03
8.081699546612482188e-03
8.082918382446862074e-03
8.081486701382444016e-03
8.080703736604811713e-03
8.081943775259378682e-03
8.085619045932530835e-03
8.081815416677459035e-03
8.085084122303300494e-03
8.082676382305500201e-03
8.080918009860707171e-03
8.081346126991911447e-03
8.079839314725152308e-03
8.083400728422776224e-03
8.082829416799913735e-03
8.083485076602715119e-03
8.084369815553896221e-03
8.081396574129096066e-03
8.083430866182485935e-03
8.082588580650669832e-03
8.081783785077630011e-03
8.082583402036075393e-03
8.082220062929315607e-03
8.080927872267659046e-03
8.085116163273137896e-03
8.082113877892205256e-03
8.079798761109372590e-03
8.083168081498316726e-03
8.085632241077051266e-03
8.083675839174258096e-03
8.082083219199542520e-03
8.079890324793160411e-03
8.080791860693783968e-03
8.082853095283755798e-03
8.084821942709367881e-03
8.083908893105562488e-03
8.079281564589934489e-03
8.083262048761839097e-03
8.080911418902688229e-03
8.084123513460800270e-03
8.083469660238233254e-03
8.082671731534856602e-03
8.082012613196758524e-03
8.080289689842408071e-03
8.081379641968464145e-03
8.081921896602048405e-03
8.082331232071084462e-03
8.082281162734286303e-03
8.082651062187537830e-03
8.079713068504548040e-03
8.080197879139685430e-03
8.081972126520257579e-03
8.081297330340710822e-03
8.083794102944789894e-03
8.083549548014320324e-03
8.081690560837771070e-03
8.081534919188566868e-03
8.085315208812034540e-03
8.080934232131367634e-03
8.081664283120451250e-03
8.083158067262780425e-03
8.085360501227599125e-03
8.083091033938383935e-03
8.081185877897812883e-03
8.082034657606968972e-03
8.080922994692941660e-03
8.085037966211862034e-03
8.083551129751776615e-03
8.082368391992909851e-03
8.084005330808335596e-03
8.084467426268220069e-03
8.084518205284586811e-03
8.084433768635468018e-03
8.084099429803143569e-03
8.083162060099732121e-03
8.081951938708852382e-03
8.082993358526732730e-03
8.082866360230566913e-03
8.085234266098681455e-03
8.082563190664032379e-03
8.082953372926585806e-03
8.084390139210849771e-03
8.082588983567933621e-03
8.083334549729015092e-03
8.082250392661834495e-03
8.084676412931375566e-03
8.085394001029611380e-03
8.085087969735024402e-03
8.083986649699519481e-03
8.082748599835282849e-03
8.083392888758107048e-03
8.081662141745720937e-03
8.084135152002873068e-03
8.083900927901746525e-03
8.085957468097365944e-03
8.084281253532384776e-03
8.085409694023311042e-03
8.080986700557327498e-03
8.084587668099583319e-03
8.082832829039855727e-03
8.080575865338798444e-03
8.082530248482464735e-03
8.082979762598255929e-03
8.081412829587773100e-03
8.084040389907599933e-03
8.082899336211788605e-03
8.080493908851764037e-03
8.078725003925863249e-03
8.080892841463271567e-03
8.082969388555781912e-03
8.084980174810491027e-03
8.079847271314799864e-03
8.082157211240280012e-03
8.082559820982194998e-03
8.084769230550094971e-03
8.084947267724381173e-03
8.081925336099658741e-03
8.080718795225498921e-03
8.082342216527458462e-03
8.081843834511189331e-03
8.083603864214937429e-03
8.083838726173771597e-03
8.083201963483811758e-03
8.079724401289182373e-03
8.080865392930590418e-03
8.082413069413726600e-03
8.082345682462367328e-03
8.085375978251388429e-03
8.080155518343795293e-03
8.084221684338779162e-03
8.083464205820282966e-03
8.082486766585000176e-03
8.082562703754424260e-03
8.081574782892371814e-03
8.079739518310556645e-03
8.080693004438333285e-03
8.083559693638716487e-03
8.084806018563001767e-03
8.080928241773119997e-03
8.081492552929501680e-03
8.081974216159228119e-03
8.084165258874868518e-03
8.086173750263122781e-03
8.084132174569134272e-03
8.082061994695497603e-03
8.082384980519064996e-03
8.086034557352550153e-03
8.085113707369322514e-03
8.082109204229574739e-03
8.081726135001044212e-03
8.081807006339609273e-03
8.081710088497860711e-03
8.081847512757256435e-03
8.084613410471744310e-03
8.083021869354703806e-03
8.080113783174877259e-03
8.082361792639412151e-03
8.083321038685229581e-03
8.082580130509848387e-03
8.083088617523291608e-03
8.081777387751660699e-03
8.082918812518144480e-03
8.082796213014130371e-03
8.082870775290953644e-03
8.084419686620308160e-03
8.084560483381318663e-03
8.080091206586809474e-03
8.083712864194802367e-03
8.084519560582537068e-03
8.080126360403196845e-03
8.079251103443665927e-03
8.083989331985194302e-03
8.081604099525433946e-03
8.084574032476353825e-03
8.086555648671072197e-03
8.083312546567670079e-03
8.081736600530032774e-03
8.080234712128292474e-03
8.081854203495780417e-03
8.080006052250182300e-03
8.086301434330726498e-03
8.085447741300530455e-03
8.083359815599676368e-03
8.082756523113030292e-03
8.080692706247531373e-03
8.084701939305678070e-03
8.083162611930483354e-03
8.083965170282010962e-03
8.083080341926557680e-03
8.082807127050121304e-03
8.081371879080060869e-03
8.083554050687172948e-03
8.081483606871501385e-03
8.083060560173346495e-03
8.080740933167908716e-03
8.082273771530484527e-03
8.082813027110117426e-03
8.081502728626814222e-03
8.085486943741006585e-03
8.085320657664610278e-03
8.081999951811176183e-03
8.084002464780443153e-03
8.081245384032889612e-03
8.082482515827915312e-03
8.081818586515793559e-03
8.082243300326750687e-03
8.083202732148315334e-03
8.081496797895885292e-03
8.082098551498105229e-03
8.082886701738907498e-03
8.081469614061805723e-03
8.081955356465437071e-03
8.083007522225231500e-03
8.081756229884884402e-03
8.082702991363757347e-03
8.081943517467299332e-03
8.083905970125428511e-03
8.080640387553210055e-03
8.083987864449122471e-03
8.080779333544015064e-03
8.082150879309414962e-03
8.082069814448753983e-03
8.083544040881369269e-03
8.082403906688526499e-03
8.083950100128314831e-03
8.081964881335505085e-03
8.083641203893586827e-03
8.080298799826366243e-03
8.084068152576838126e-03
8.083617368987241342e-03
8.083827125358707816e-03
8.083033344090603117e-03
8.082849097574567807e-03
8.080240467752554390e-03
8.085125641609212238e-03
8.079965378359836234e-03
8.080771956661523051e-03
8.080660780946710003e-03
8.085896651269438087e-03
8.081618279850896411e-03
8.083593367680767805e-03
8.082591102477018272e-03
8.080935265673199613e-03
8.083894337836270566e-03
8.084140406352165534e-03
8.081219250244067384e-03
8.082120964847297473e-03
8.084654893072232631e-03
8.084697288797506806e-03
8.081459510350082545e-03
8.083580124048871801e-03
8.081553824800224647e-03
8.082419279833842271e-03
8.082570421868455826e-03
8.081745473100677979e-03
8.083175950689908476e-03
8.084125468306601128e-03
8.081329661404287185e-03
8.081800210356896927e-03
8.083312447624316568e-03
8.078509782841239092e-03
8.084913819387371317e-03
8.081885104515592819e-03
8.084269820665290762e-03
8.084834554532585593e-03
8.081915992592711429e-03
8.084631653877598009e-03
8.079698200713456013e-03
8.082159565704858176e-03
8.082709248498277932e-03
8.083112774068321529e-03
8.083019047721528433e-03
8.079138874579425839e-03
8.083176627323662711e-03
8.082137182545551246e-03
8.083843268107989213e-03
8.083069720429748861e-03
8.080930447442293343e-03
8.080544032817948280e-03
8.083351217345886852e-03
8.081481627286541888e-03
8.083102328822694763e-03
8.082994993749040985e-03
8.084197089428519709e-03
8.085016943043286247e-03
8.081588624612043303e-03
8.081817735035046538e-03
8.083625536390959959e-03
8.079646641029478854e-03
8.082343909865364120e-03
8.082541398822976758e-03
8.082740511684831375e-03
8.081994913660626653e-03
8.082298187318159161e-03
8.083755230611460244e-03
8.083825423567159857e-03
8.082926072075230159e-03
8.080781778862428100e-03
8.082951835040857319e-03
8.082856899013236493e-03
8.082224135878461960e-03
8.085229983621690375e-03
8.081811467741810071e-03
8.081730805910229687e-03
8.081763118816170932e-03
8.080015385517707455e-03
8.080490500148069730e-03
8.083504244751417087e-03
8.083591821666236132e-03
8.085258047867137018e-03
8.082623714570719153e-03
8.082020311420901743e-03
8.080275591506883015e-03
8.081794220977843446e-03
8.082914167830759777e-03
8.082099207659728529e-03
8.082203932493569817e-03
8.081582197555019567e-03
8.081086236601846967e-03
8.080151898675775116e-03
8.082937780769445732e-03
8.082268186712393901e-03
8.082936235990227994e-03
8.082642738296046819e-03
8.081735945358685044e-03
8.081836055897023349e-03
8.083943614175628442e-03
8.080860518069830564e-03
8.080941903964442702e-03
8.079936944713483893e-03
8.081717474010761612e-03
8.083667630286461153e-03
8.083856660382181605e-03
8.082072273604428217e-03
8.083139297866533124e-03
8.081974093242624141e-03
8.080870938283855540e-03
8.082748952599264070e-03
8.081351761219180210e-03
8.079572617801723117e-03
8.082572126873799334e-03
8.083166765265339948e-03
8.085773913852973421e-03
8.083561095248780609e-03
8.079718605013729710e-03
8.081899187841691881e-03
8.083843746439939651e-03
8.081882503808089299e-03
8.085243702070194285e-03
8.080882111073920196e-03
8.080988810262642458e-03
8.081994758964105435e-03
8.082725817802486126e-03
8.080619188744270903e-03
8.083866771023890882e-03
8.084057277672413236e-03
8.081330297853971806e-03
8.083997149451996669e-03
8.082916255220069790e-03
8.082179569604762762e-03
8.082575650992438604e-03
8.081119486023037243e-03
8.082809812463384591e-03
8.082766452010973698e-03
8.086167962518256078e-03
8.082750379752126971e-03
8.081650857272047739e-03
8.080377718543765853e-03
8.082933315704560195e-03
8.080690041868560450e-03
8.085052890658835437e-03
8.082797689676020358e-03
8.081688902430350999e-03
8.082738736047808542e-03
8.083707079285316899e-03
8.085384518928335346e-03
8.082283892245727824e-03
8.083379641876574373e-03
8.082341702025456695e-03
8.083687161285834505e-03
8.083883009283053533e-03
8.084446023014217608e-03
8.083687165014985174e-03
8.082011451937477081e-03
8.081730702440337311e-03
8.083714874360504662e-03
8.084333233428091930e-03
8.083537936820083328e-03
8.082566067542065052e-03
8.083966744662773873e-03
8.085192830116006910e-03
8.083909452724323541e-03
8.083409660837332505e-03
8.082309237695706194e-03
8.081579737882822745e-03
8.087107935051815119e-03
8.086621117142788959e-03
8.082020200663495024e-03
8.083290403127923324e-03
8.085967078518566109e-03
8.083615196383307777e-03
8.081648872133724917e-03
8.082013546639947588e-03
8.080979898522119842e-03
8.083884150445683203e-03
8.083135193054782203e-03
8.083620662293237308e-03
8.083922065592491837e-03
8.082108992133442416e-03
8.081609067809296387e-03
8.083132881660938518e-03
8.083870996190432173e-03
8.081959357866770610e-03
8.082861561160297262e-03
8.084197025369938353e-03
8.082989839676622129e-03
8.080246718106965514e-03
8.082041369937481567e-03
8.082387885145744799e-03
8.083453348410435044e-03
8.081848328533175474e-03
8.081694234662709780e-03
8.082653246623361029e-03
8.083123996749113152e-03
8.084069364907081265e-03
8.080907451082433579e-03
8.081858106687532864e-03
8.081420517780948942e-03
8.083744338801792523e-03
8.080827180868702456e-03
8.082081569521563230e-03
8.082796925795930967e-03
8.081596734945789909e-03
8.082625123758875943e-03
8.080760136007844943e-03
8.082902769836733739e-03
8.080961001411843952e-03
8.082684911523925486e-03
8.080638293634572616e-03
8.085454673524332392e-03
8.083311122525875872e-03
8.085131350595606975e-03
8.081655652847474086e-03
8.082148180853204744e-03
8.083992889660536127e-03
8.083491992479967941e-03
8.081184834745014367e-03
8.084383868910848328e-03
8.081775965819706573e-03
8.081787315420956713e-03
8.082664308942208442e-03
8.081295369764273512e-03
8.083434072827883066e-03
8.083460401858465552e-03
8.082601510432893890e-03
8.081925537640650969e-03
8.083890989843765806e-03
8.082329230225766478e-03
8.085529972144425009e-03
8.082985558361999862e-03
8.083038560969499006e-03
8.082329683784417185e-03
8.082315297295913220e-03
8.081812755121937919e-03
8.081784288887781595e-03
8.082630649670555570e-03
8.082491658093472753e-03
8.081422539107992187e-03
8.084722687567276467e-03
8.079337645144787222e-03
8.081092334650895326e-03
8.081390434115669555e-03
8.080711200866320942e-03
8.080422496605312727e-03
8.082337728997961157e-03
8.084010277083195778e-03
8.081350156452895075e-03
8.079635335175604227e-03
8.082796201286822010e-03
8.087262692330812047e-03
8.081887304476002842e-03
8.082379129944217491e-03
8.083155544350363250e-03
8.082378627860474854e-03
8.080895909974390376e-03
8.082257347763438515e-03
8.082183046422953751e-03
8.083201390182931032e-03
8.085177599996317202e-03
8.079338485623225805e-03
8.082230594233422161e-03
8.079678439001137386e-03
8.084134864934746853e-03
8.083026200411550302e-03
8.080078329893736547e-03
8.083348344487470416e-03
8.082483105796154504e-03
8.087336570601282026e-03
8.080596616685465500e-03
8.081586043027312594e-03
8.081569205132378350e-03
8.078785768059988659e-03
8.079879692474414496e-03
8.083883270590914299e-03
8.078504596711439181e-03
8.081075265895711762e-03
8.080480698594993613e-03
8.083231631008895926e-03
8.081711113462291748e-03
8.082753233300410053e-03
8.082146036256123225e-03
8.082826451025953984e-03
8.080402919186097446e-03
8.082846652112731303e-03
8.082266761406367919e-03
8.082146833534460326e-03
8.084164487901758511e-03
8.082319090609944162e-03
8.082413484810315255e-03
8.085436027755785182e-03
8.081095818145863502e-03
8.082504618979491698e-03
8.084269119683764465e-03
8.082096910419925631e-03
8.083472367383505094e-03
8.080526527823454416e-03
8.083517016713405098e-03
8.083886810417186680e-03
8.083109103409357246e-03
8.085073810351846302e-03
8.081063005418805470e-03
8.082134458913930661e-03
8.080934809877846764e-03
8.080556023337022442e-03
8.083783101243585331e-03
8.081052694937944023e-03
8.083543194548646615e-03
8.079885940400061833e-03
8.082133280628520447e-03
8.081677246541100687e-03
8.080550360724945286e-03
8.082606011602164534e-03
8.082478722515964303e-03
8.080155400785569986e-03
8.083817175953401241e-03
8.082853694345104936e-03
8.082539495292131657e-03
8.080407346126101259e-03
8.083931924322902002e-03
8.082528260948048174e-03
8.082759556342324764e-03
8.082283462533861040e-03
8.083465956380226497e-03
8.080420398031980256e-03
8.081325128310000092e-03
8.081813399704977641e-03
8.082886822956989945e-03
8.082868986800143332e-03
8.080828847713224239e-03
8.081059463371877138e-03
8.084598902341148113e-03
8.080848757595380377e-03
8.082719541720241943e-03
8.082556094428006502e-03
8.082207555137731897e-03
8.080537058962306007e-03
8.084553252932506068e-03
8.083528387866238674e-03
8.081662304833595739e-03
8.081937614913901891e-03
8.081710127777405606e-03
8.082373528860571990e-03
8.082765949821020882e-03
8.083492897522031803e-03
8.083820075034910818e-03
8.080925723731410826e-03
8.084012853313404107e-03
8.081841051616425742e-03
8.083379524311800485e-03
8.082535093569499438e-03
8.084537877779886250e-03
8.084831547652680805e-03
8.083552658404467156e-03
8.082699091727565260e-03
8.084192832806164769e-03
8.086107903590456294e-03
8.081759756101978762e-03
8.081235817278153988e-03
8.082135736634845843e-03
8.086178973283317944e-03
8.083252921801542187e-03
8.084287332370586679e-03
8.082998272492763689e-03
8.080878587855855680e-03
8.080628185146763662e-03
8.084112592607316586e-03
8.081027595148122800e-03
8.082339122661130401e-03
8.082810222229400848e-03
8.084049979627399435e-03
8.083317726576636983e-03
8.083729778965551352e-03
8.083858181795383624e-03
8.082226060889655811e-03
8.083913436770182384e-03
8.082370618971320558e-03
8.083647885627447474e-03
8.083275091321579647e-03
8.083788701729585635e-03
8.079389324159762589e-03
8.081372190003455538e-03
8.083726447349283764e-03
8.081564480968233405e-03
8.081595292310046405e-03
8.080326427557156868e-03
8.084442276424595730e-03
8.080985283896202284e-03
8.085322385329054076e-03
8.084336690356614882e-03
8.083064177553540494e-03
8.080276946917158351e-03
8.083054891512909609e-03
8.078794239438934210e-03
8.083883944121482423e-03
8.084500832237773160e-03
8.082952140325481288e-03
8.082150941078284495e-03
8.083838020625691567e-03
8.084006728650755536e-03
8.082260201623659573e-03
8.080709967780852140e-03
8.081276458808373322e-03
8.083295049782812311e-03
8.082775600805435293e-03
8.084632313038310134e-03
8.084750326945477558e-03
8.081646785421990956e-03
8.082285618380577463e-03
8.081960852176673857e-03
8.085254735578700433e-03
8.083817528975821565e-03
8.082582094258272676e-03
8.083452632068674829e-03
8.081505087414423902e-03
8.083291186799885716e-03
8.083733802939287172e-03
8.082671987277557923e-03
8.081528835788307635e-03
8.082284504351966783e-03
8.081655862823781261e-03
8.083139438225585630e-03
8.082840179008345463e-03
8.082658937890360371e-03
8.079593673788963357e-03
8.083537870857667243e-03
8.081973423383128144e-03
8.081396325908110634e-03
8.083765517076195797e-03
8.081107311901345597e-03
8.082549684424809866e-03
8.082256911856449191e-03
8.086658952254265065e-03
8.081908527388539584e-03
8.084042951176704725e-03
8.083886307015479208e-03
8.083396957599410862e-03
8.082534288811201242e-03
8.082077635345106398e-03
8.081776267326958030e-03
8.083676942887273176e-03
8.082747113634712252e-03
8.083633162817642839e-03
8.082957638716213589e-03
8.081674070079900712e-03
8.083941152254723456e-03
8.082576565593286785e-03
8.083796320803698573e-03
8.083334648394523148e-03
8.083389200060445492e-03
8.084605070759268153e-03
8.083337521989123267e-03
8.079187724176664642e-03
8.083251700152706276e-03
8.083465191098777175e-03
8.082558270183712312e-03
8.082646689334770443e-03
8.085109831039813399e-03
8.081428894175448838e-03
8.081771678257481176e-03
8.082339566530072003e-03
8.080540608916754464e-03
8.081620119466214128e-03
8.084208442296200378e-03
8.082376872441524029e-03
8.083025901254148327e-03
8.083236916756523713e-03
8.083226388549018260e-03
8.083907095197594150e-03
8.081158319740988638e-03
8.085139302301943762e-03
8.084159420557866793e-03
8.081985284501895864e-03
8.083429354836142722e-03
8.083844523123015144e-03
8.082934962157119554e-03
8.082507914478398447e-03
8.082638869176773586e-03
8.081613622809924805e-03
8.082876407512014708e-03
8.082596821261441716e-03
8.084250428364034638e-03
8.080398420729259512e-03
8.083827280577765909e-03
8.081136908749633752e-03
8.080176313103884511e-03
8.085275105373095073e-03
8.082690489065911046e-03
8.081121201550175992e-03
8.081804155381084459e-03
8.083563552662735227e-03
8.084011908474870306e-03
8.081206498325844631e-03
8.080309602672150829e-03
8.083992350987018877e-03
8.080333371925027541e-03
8.082055889965637091e-03
8.086734642693283945e-03
8.082049611003887246e-03
8.081859134114405610e-03
8.082502608495275090e-03
8.081320354904069150e-03
8.080723029481807346e-03
8.082291919168630226e-03
8.082109869591753287e-03
8.085227529269323199e-03
8.081793207943601884e-03
8.083722345646622218e-03
8.083792661296915899e-03
8.081047059401831600e-03
8.082454738048729104e-03
8.082221907440199915e-03
8.084696327628001708e-03
8.081528924958041732e-03
8.084482772104424272e-03
8.080631073036026457e-03
8.082582619559247269e-03
8.081592176885001727e-03
8.081957628295541318e-03
8.085305053764212796e-03
8.082107176933818124e-03
8.079909131885047724e-03
8.083412212300246716e-03
8.082874464885939081e-03
8.085007380026817264e-03
8.080371023709734951e-03
8.085946324791263434e-03
8.079430865323943001e-03
8.083111097188797403e-03
8.082173259067883253e-03
8.085099121383682724e-03
8.081606383752633696e-03
8.081587280304666082e-03
8.081427958662396396e-03
8.082360067164616121e-03
8.083162439932236112e-03
8.079029882258108308e-03
8.083036075556179409e-03
8.082556825263537484e-03
8.083921428475202356e-03
8.083898453475851439e-03
8.081273215948134303e-03
8.084161844367962133e-03
8.079985567020053772e-03
8.083070752230223782e-03
8.081368888158324895e-03
8.081480981973303279e-03
8.080371075454794577e-03
8.080967523561769991e-03
8.083506501741158021e-03
8.082341492170543734e-03
8.085601752318984439e-03
8.082532179397566158e-03
8.082014357992812689e-03
8.084034467228700532e-03
8.081176042406499130e-03
8.081600612208366882e-03
8.084537020063779778e-03
8.084576046278491024e-03
8.081046540976131662e-03
8.081877289936997485e-03
8.083125863326212635e-03
8.081636399137981028e-03
8.083985348649668293e-03
8.080735855874534787e-03
8.084519341743387141e-03
8.080887213585312770e-03
8.083183993255858499e-03
8.083523945934197735e-03
8.084796641645434698e-03
8.080570635530770832e-03
8.080997109835796194e-03
8.082002280255384460e-03
8.083876085338571535e-03
8.083928258340922213e-03
8.082928635900028455e-03
8.082000224241233863e-03
8.082533362954311823e-03
8.081769416731648253e-03
8.084233911963129710e-03
8.082190967797097184e-03
8.081495751705603317e-03
8.082297921944620045e-03
8.083133944843721649e-03
8.085529348411897577e-03
8.082617880175739858e-03
8.080936403021609510e-03
8.081140236807499502e-03
8.084022796822194767e-03
8.081537436697349905e-03
8.085458338545325682e-03
8.084870355912385578e-03
8.081584624702958797e-03
8.081011276550139483e-03
8.083190850426384341e-03
8.085661927422001238e-03
8.081086079825144236e-03
8.080156432268729289e-03
8.080843060293007446e-03
8.087246049191089761e-03
8.082999499825457498e-03
8.081550209094111661e-03
8.082854821978780607e-03
8.083179741837243776e-03
8.079772435820557416e-03
8.082716946573720654e-03
8.083724876794314701e-03
8.081711699244275432e-03
8.083929614876677466e-03
8.085410595215787588e-03
8.082379725682617075e-03
8.081730987542589881e-03
8.080687540367153393e-03
8.081657193537072556e-03
8.081558915504188922e-03
8.083020831136664489e-03
8.081893700043170717e-03
8.081747755979499723e-03
8.081852111526467361e-03
8.081839552839730975e-03
8.083637544240901765e-03
8.084259945812098669e-03
8.083644065641368281e-03
8.080522560138898511e-03
8.083281946174209615e-03
8.083145252411544704e-03
8.080894655115159961e-03
8.083139600436271485e-03
8.082679778453316297e-03
8.081324535276188797e-03
8.082471032572133285e-03
8.082348676488501985e-03
8.083743643299593287e-03
8.081148400194441625e-03
8.083975740799555568e-03
8.081114576777908773e-03
8.083983074262864402e-03
8.081886416167851847e-03
8.082650509988603682e-03
8.082029864831925814e-03
8.080415916734626225e-03
8.082783741505760941e-03
8.083746948868245422e-03
8.082474514096556206e-03
8.082376540698913217e-03
8.082157796074419462e-03
8.083280665807776946e-03
8.081445498595164756e-03
8.084782452689771512e-03
8.081510655511808111e-03
8.081554067505746994e-03
8.082057814061564815e-03
8.082190803283392441e-03
8.082035805931711558e-03
8.084445314973778829e-03
8.081278002461771137e-03
8.084269519177249633e-03
8.080976408742543415e-03
8.080921060866622097e-03
8.083637203833912710e-03
8.081532784156124360e-03
8.084782120379789896e-03
8.083031875262479751e-03
8.081979272834794240e-03
8.080141979167912436e-03
8.083525145204826720e-03
8.081558230610644267e-03
8.083233564760705647e-03
8.084201815454652648e-03
8.080814850969517474e-03
8.080745325959143646e-03
8.082408346310899355e-03
8.082949718797964589e-03
8.082495593083488875e-03
8.084759101244620716e-03
8.083057451162847795e-03
8.083941249294184991e-03
8.082979063247052245e-03
8.083802017015891475e-03
8.081941169889198667e-03
8.083332667853115189e-03
8.084864575018845673e-03
8.080761904348688490e-03
8.082492731312066608e-03
8.082587481583585962e-03
8.082207678978641646e-03
8.082097036961834527e-03
8.080206214022150196e-03
8.081502832644082979e-03
8.086001495856236926e-03
8.081704464870172189e-03
8.081542401735487477e-03
8.084095784913857344e-03
8.082670009244877565e-03
8.084996517028032043e-03
8.082239828586735425e-03
8.084326570925261246e-03
8.082476937359302921e-03
8.080650071577447080e-03
8.084513971624563561e-03
8.084325035327596595e-03
8.082048319792662500e-03
8.084455529328937393e-03
8.081004961506604509e-03
8.081469255374550478e-03
8.083676297384139592e-03
8.083099576819061105e-03
8.083110187168550745e-03
8.081975306773309803e-03
8.082297383114183179e-03
8.082859368860878871e-03
8.084998176745808451e-03
8.083633801642458802e-03
8.086907036341515684e-03
8.085301442280848697e-03
8.080548674513568161e-03
8.084465980499278004e-03
8.082954641931519926e-03
8.085386209678524505e-03
8.080210249126218783e-03
8.080031353699479099e-03
8.084695843252083861e-03
8.083935063430686477e-03
8.086874247262378079e-03
8.081207926922106752e-03
8.082586701644769306e-03
8.083224404332704435e-03
8.081713804005227764e-03
8.084928031529246134e-03
8.084992060290304913e-03
8.084555583077966331e-03
8.080519265537180335e-03
8.083230574562090889e-03
8.081275257740487550e-03
8.084754832971191574e-03
8.083472825721690208e-03
8.080313691075332802e-03
8.081260052495709001e-03
8.081264557778600546e-03
8.082591370643623513e-03
8.083990224174605194e-03
8.081483784391704783e-03
8.084643599553921131e-03
8.082669031838319099e-03
8.079433870373480334e-03
8.083039737632790114e-03
8.080929507002617557e-03
8.083034271162822457e-03
8.082184802866321238e-03
8.083694602577127727e-03
8.084123665439086129e-03
8.085046738518843548e-03
8.085876945825867801e-03
8.081631329100101915e-03
8.083086037218042627e-03
8.078363931549214366e-03
8.074701638836235748e-03
8.077278018967804993e-03
8.079275302190913263e-03
8.085520478995474047e-03
8.088513341478387533e-03
8.090443988574627654e-03
8.089181299194477329e-03
8.082802744617369542e-03
8.083886904544394444e-03
8.081612241579856984e-03
8.082659088227783437e-03
8.082055487484527886e-03
8.080013996905575924e-03
8.083291879854515027e-03
8.085265237694991627e-03
8.084669452725378944e-03
8.085315487571853588e-03
8.087090516421773304e-03
8.081784716871657365e-03
8.080051649652532711e-03
8.078791239622490350e-03
8.079072010365619463e-03
8.078474985316106902e-03
8.078254318323147345e-03
8.085159053809170410e-03
8.085284206307276691e-03
8.084743633792707690e-03
8.084314394296169062e-03
8.078164222375462319e-03
8.079543613535779267e-03
8.078975785107486360e-03
8.082515369515241507e-03
8.082282884372696263e-03
8.085726343422592124e-03
8.083548678097440474e-03
8.081447434282712505e-03
8.081418360914510018e-03
8.081204506624374215e-03
8.078268473780080700e-03
8.081171319678670528e-03
8.077723908221404528e-03
8.082702922061335907e-03
8.084682352889706325e-03
8.085655525526425080e-03
8.083475709097655282e-03
8.082512100009490302e-03
8.083228414295687628e-03
8.080807556678533746e-03
8.081207369033923185e-03
8.081534375331203210e-03
8.080878437917757284e-03
8.080461896056025106e-03
8.085576623505745866e-03
8.083066429496861549e-03
8.085292874475139002e-03
8.082443896427135566e-03
8.081379970469084947e-03
8.082921621124429523e-03
8.082796383538166235e-03
8.081776984720198329e-03
8.080667695168042633e-03
8.080539932082743751e-03
8.082076298008755363e-03
8.084595720963830279e-03
8.084740024740489153e-03
8.084274607601277252e-03
8.086462506444500042e-03
8.082118789051892516e-03
8.080852608780619145e-03
8.079508302305943301e-03
8.085177410617427896e-03
8.084480202521625997e-03
8.085781648809381439e-03
8.085812138135719390e-03
8.081365074526104114e-03
8.082317762221393961e-03
8.084481787488684637e-03
8.084857025466758024e-03
8.080220781471096972e-03
8.083206061812142976e-03
8.083307811885251382e-03
8.084978494351793485e-03
8.082861637462246396e-03
8.085977872660944643e-03
8.082612676670842058e-03
8.082458007580086562e-03
8.081625075278394896e-03
8.083118215612149909e-03
8.081535260833506637e-03
8.081820210594406473e-03
8.082603402694578040e-03
8.083312851154518877e-03
8.084161729401094509e-03
8.083193497573462269e-03
8.082407742031418735e-03
8.078895208370615033e-03
8.080765476271713210e-03
8.082534421883041248e-03
8.081306471887638246e-03
8.083363804302128031e-03
8.082980260467529515e-03
8.083240208040676916e-03
8.082806961859863998e-03
8.082766825521040324e-03
8.081877184678801229e-03
8.079283132495024972e-03
8.080052596608461313e-03
8.080630399102672889e-03
8.081527346858350877e-03
8.083147022424151673e-03
8.083613764740907662e-03
8.081376767721356463e-03
8.083711134412266408e-03
8.082320346739701664e-03
8.085165924676777915e-03
8.082589803325651925e-03
8.080178806725709165e-03
8.080740858442379132e-03
8.081545175004978265e-03
8.082563241183088332e-03
8.082930692526416744e-03
8.081755884376358098e-03
8.083681232275062578e-03
8.082281786821606320e-03
8.083180513231143921e-03
8.079802285570012593e-03
8.084296687882366883e-03
8.081529053618108707e-03
8.084971121402743585e-03
8.081363500274552081e-03
8.083593884340089034e-03
8.081129074920066074e-03
8.082261097204997830e-03
8.081706381433696393e-03
8.082962302945950403e-03
8.083029084367717929e-03
8.085256947511014827e-03
8.085793491219401066e-03
8.085854981659963345e-03
8.085375418461219349e-03
8.082228029121890991e-03
8.083019814330278871e-03
8.085726136221001170e-03
8.082185706291808436e-03
8.085472174184144337e-03
8.086298319903803544e-03
8.085097608467806812e-03
8.084891979580618310e-03
8.083076189950230694e-03
8.085080824031806029e-03
8.084904782013490818e-03
8.083672051321268495e-03
8.079608057963554371e-03
8.080998493070708222e-03
8.082304939256395107e-03
8.084431920644888012e-03
8.083024758984343541e-03
8.080283895883652590e-03
8.082015464538037930e-03
8.081376774531873891e-03
8.084795441197702159e-03
8.083280965560326117e-03
8.081065251498480151e-03
8.081589815393136825e-03
8.080720011247152085e-03
8.083847634039959332e-03
8.085186606903190312e-03
8.083128312626648715e-03
8.083683153577115796e-03
8.082216307444651041e-03
8.080614766844899932e-03
8.085996988452207046e-03
8.082033473582612981e-03
8.082056165423167141e-03
8.083599692803439957e-03
8.082685371477014991e-03
8.080240500567697354e-03
8.082204711257685512e-03
8.082026022514241306e-03
8.081817949498545581e-03
8.081392639218363746e-03
8.083914558729310418e-03
8.080845249164280916e-03
8.081827051712502097e-03
8.084828350489058416e-03
8.082912004967839764e-03
8.083682808554574009e-03
8.082225560699742017e-03
8.081327298627132699e-03
8.086019651652410697e-03
8.082086330159644894e-03
8.083973887286781748e-03
8.079530688883826417e-03
8.081362391046635965e-03
8.081571976562595613e-03
8.082304781686406800e-03
8.082111700829529288e-03
8.083363963066581004e-03
8.079593132707178077e-03
8.082668981534866723e-03
8.081455664161229027e-03
8.085077569003718684e-03
8.084892361862033167e-03
8.081046611148803155e-03
8.081587282217028712e-03
8.082032437527569141e-03
8.083293723433949973e-03
8.087125026576985967e-03
8.084259978893296172e-03
8.082195043263669040e-03
8.080224203415885265e-03
8.082788527899351441e-03
8.084074844062911699e-03
8.085225674304245824e-03
8.081424626106330222e-03
8.079970539025760345e-03
8.082788732961265071e-03
8.083792467820231573e-03
8.083439619142122542e-03
8.084671346766367228e-03
8.080730329146875932e-03
8.080570025366476741e-03
8.083873954304949400e-03
8.081941802186208557e-03
8.085904187533165741e-03
8.079922604007451492e-03
8.080702972695441924e-03
8.079284457882564274e-03
8.083313083806586627e-03
8.089367955088072951e-03
8.091492634141052645e-03
8.089170620599434383e-03
8.085097326465482542e-03
8.080506298717850255e-03
8.079435140097939588e-03
8.075917229952185930e-03
8.081072086197054610e-03
8.079269034549205544e-03
8.078669763051399971e-03
8.079721844313577164e-03
8.081122263428150432e-03
8.082258449094508260e-03
8.080671498640912623e-03
8.080793200377025046e-03
8.080181464892036841e-03
8.079954771601890323e-03
8.078539906364467019e-03
8.081773555595103339e-03
8.080006430571662346e-03
8.082769921778865108e-03
8.080537747830855017e-03
8.081407512240868299e-03
8.079867754651410064e-03
8.080401121860246796e-03
8.079830636929992774e-03
8.081463511885541434e-03
8.081229342948277952e-03
8.081187599511241090e-03
8.083482258102688001e-03
8.083178003824824029e-03
8.083092797933790277e-03
8.080663885178040323e-03
8.085503328987319119e-03
8.081031177877149446e-03
8.083056311721946788e-03
8.084429088615646686e-03
8.083403457721389726e-03
8.082238667698984913e-03
8.081561587972343683e-03
8.081078342755530775e-03
8.081280651382437286e-03
8.080946526933967256e-03
8.084495279510597529e-03
8.082253130375839645e-03
8.081794826423797234e-03
8.081176916634374985e-03
8.083457486873784834e-03
8.083031662028160660e-03
8.083034747399282446e-03
8.080357929710691930e-03
8.081286124477672986e-03
8.083852437618324269e-03
8.082579138344311159e-03
8.082195152422104803e-03
8.083314420244645804e-03
8.083546482337382322e-03
8.085391254990775822e-03
8.082704662307232946e-03
8.085333199642516164e-03
8.082799388760948667e-03
8.082511601411214788e-03
8.084082110819705222e-03
8.082103864959439346e-03
8.085019688478637528e-03
8.083893204728695783e-03
8.083693841442933861e-03
8.084466396221496806e-03
8.082362255414378069e-03
8.083428487366987186e-03
8.081301156577942388e-03
8.083843210258635434e-03
8.081064102952988798e-03
8.084358298852418329e-03
8.081479743739896845e-03
8.083220901659353419e-03
8.083554748520956762e-03
8.083180562790745136e-03
8.083357769145288474e-03
8.081623341415327885e-03
8.085596014665727416e-03
8.080984278389713449e-03
8.085146211423102636e-03
8.080508854831802701e-03
8.083435681442844786e-03
8.086481182379911051e-03
8.081491728825475340e-03
8.084358761369292087e-03
8.083931641253264827e-03
8.081037367396747689e-03
8.080679614412588849e-03
8.084046458295824147e-03
8.082198940263088383e-03
8.082708419822453791e-03
8.084237931173691299e-03
8.081656989624024651e-03
8.083108189840104013e-03
8.083971338316205471e-03
8.080056498520454475e-03
8.083681008967700393e-03
8.082655821796357748e-03
8.083991716161803912e-03
8.082083324234747013e-03
8.082239020872888230e-03
8.082665755507150926e-03
8.083562976281459186e-03
8.080358932591484231e-03
8.084014133614293718e-03
8.085307090120764928e-03
8.082273758075912001e-03
8.084046890190764098e-03
8.082648069820867406e-03
8.081740148699808127e-03
8.082729520522420608e-03
8.084021278981352171e-03
8.081797049725650620e-03
8.081244498689667266e-03
8.083451906523316660e-03
8.083539884779370258e-03
8.082046484959791791e-03
8.086784018498186996e-03
8.082700112005793483e-03
8.082452220837506654e-03
8.084127555685135039e-03
8.084327180114633804e-03
8.081385402534222925e-03
8.082693482973215410e-03
8.084379584964688711e-03
8.083206670017788545e-03
8.081800485860470007e-03
8.081922664806942200e-03
8.080888159514127214e-03
8.084333945481348566e-03
8.083692483685405925e-03
8.082344465867072336e-03
8.083377540233560241e-03
8.079695789452511628e-03
8.083952329225272196e-03
8.081665671537873949e-03
8.083214355900548639e-03
8.082845326981270145e-03
8.082802569671468026e-03
8.081720241916301797e-03
8.084100221356868912e-03
8.081795154906349157e-03
8.084849667259174852e-03
8.082281608300372067e-03
8.083643538277488286e-03
8.082673116018677592e-03
8.082771374503347483e-03
8.085192014051750808e-03
8.081181808919221318e-03
8.084075869912053444e-03
8.083954629654147364e-03
8.079997505261064111e-03
8.083749387822788957e-03
8.081444411163830541e-03
8.083333548819989292e-03
8.084004200414636812e-03
8.080499895411555333e-03
8.081411597351529502e-03
8.081966777143024735e-03
8.083386814172314333e-03
8.081419434630069190e-03
8.080673328801342079e-03
8.084477966234175639e-03
8.082684464091251242e-03
8.080941096656147835e-03
8.083471511221742081e-03
8.085089212412195636e-03
8.081537446455946613e-03
8.082564353080188765e-03
8.083824983841150780e-03
8.083592112578722941e-03
8.082491180571822059e-03
8.083976881174792517e-03
8.085758842418622888e-03
8.082733216726492587e-03
8.084153394288180403e-03
8.080737789223649270e-03
8.081438571272343482e-03
8.083072830683315710e-03
8.081435004594248253e-03
8.083063039861877394e-03
8.086194717782572636e-03
8.082496390596794270e-03
8.080108903708816889e-03
8.082812594163546471e-03
8.083865380518542865e-03
8.081118531068446145e-03
8.085946483630843812e-03
8.085634939780329475e-03
8.082684768058670186e-03
8.083521498074522360e-03
8.083705992871692905e-03
8.082449346831005119e-03
8.081333711382161084e-03
8.081692604436134519e-03
8.082571692106505987e-03
8.082656033495522890e-03
8.082088297737672483e-03
8.084736832243880067e-03
8.082078758902487212e-03
8.083779691185379035e-03
8.084670554706858969e-03
8.082356573205187050e-03
8.081781805546252653e-03
8.080730388075446288e-03
8.082434487554050404e-03
8.083965528990679633e-03
8.080810802766943968e-03
8.085257385484687781e-03
8.084339407523054646e-03
8.080519551313754614e-03
8.081322973395400899e-03
8.081543235341680231e-03
8.082295146621360643e-03
8.082796007249634651e-03
8.084284207501190450e-03
8.083744586159258630e-03
8.082810008133134091e-03
8.082203409399068075e-03
8.085343387241516674e-03
8.081746234058075767e-03
8.082563198472707960e-03
8.085662076245480820e-03
8.081866297089804196e-03
8.085223801623993636e-03
8.084008676492299844e-03
8.083762684665299694e-03
8.085779752019751562e-03
8.080659038810708572e-03
8.082643916378669594e-03
8.081923958231609917e-03
8.083567391547535549e-03
8.084001028292285562e-03
8.080853637121944433e-03
8.082949373040946087e-03
8.083216418174865234e-03
8.082717553057647969e-03
8.083370639527763524e-03
8.082978808792121161e-03
8.080590981530263658e-03
8.083521946578875808e-03
8.081527531836758468e-03
8.084776679832943527e-03
8.082176354460676032e-03
8.082274333541710279e-03
8.085890261387658137e-03
8.087633166854294592e-03
8.085616520299153051e-03
8.083432814981078920e-03
8.086059775304299535e-03
8.080298651293851830e-03
8.081863966787092984e-03
8.083694618228614778e-03
8.083431009259943803e-03
8.083586726085788959e-03
8.084409970825656711e-03
8.080651477367089761e-03
8.083289155582183000e-03
8.082518016604379671e-03
8.083264931523797062e-03
8.084514915827801726e-03
8.081694130605296053e-03
8.082381637369502256e-03
8.081578406249364729e-03
8.081354555516661112e-03
8.083099582003643035e-03
8.082561808822698313e-03
8.081017428338220163e-03
8.081408457826426070e-03
8.086414022237373503e-03
8.081980512167756883e-03
8.081324294138207687e-03
8.081438270518031403e-03
8.083617898740491289e-03
8.082953987635532744e-03
8.084248332879146598e-03
8.082988398362704954e-03
8.079425179865455317e-03
8.086544313686820640e-03
8.083958653228816987e-03
8.080122422260378051e-03
8.082655878877251579e-03
8.081664556126364266e-03
8.082515650589965767e-03
8.081384673668172078e-03
8.082386668759281023e-03
8.082316650122513962e-03
8.083210258827598638e-03
8.082699180670106093e-03
8.081896555849541613e-03
8.085195142017017819e-03
8.082213924588008136e-03
8.081081733014675375e-03
8.080831460848132350e-03
8.080674770969317397e-03
8.082752962510262804e-03
8.082920010379105943e-03
8.081070000591668301e-03
8.080787141716488237e-03
8.083220776914758557e-03
8.080524648731206294e-03
8.083809279642150541e-03
8.082800204759647833e-03
8.087430484637879793e-03
8.081039150867873680e-03
8.079749708489541993e-03
8.080673987161347480e-03
8.081208311753478382e-03
8.081081618542117206e-03
8.083120264953884415e-03
8.082055028684276624e-03
8.084482280333957910e-03
8.084687643827047354e-03
8.082156672496346866e-03
8.083049027200670672e-03
8.082195685039466476e-03
8.081436159303782840e-03
8.082885358941733697e-03
8.082807392261148055e-03
8.083953008595037501e-03
8.081495579497315757e-03
8.084242408294096613e-03
8.082531504824909743e-03
8.081029906509313784e-03
8.081844209002040855e-03
8.083409546016159103e-03
8.084775610942469132e-03
8.081901100883559161e-03
8.081150367691088132e-03
8.083700177027305228e-03
8.085971160833961557e-03
8.082817819924802485e-03
8.082014996387564681e-03
8.083012600674973833e-03
8.082766560305570946e-03
8.078976744229728058e-03
8.081545085957915139e-03
8.082883161523557458e-03
8.081754333554824407e-03
8.083551786680688925e-03
8.081776155187162317e-03
8.081546104274120804e-03
8.082719386016300883e-03
8.080578540215960226e-03
8.082536669525028708e-03
8.083084648927315458e-03
8.081964198212434822e-03
8.083034803517104641e-03
8.085184140735161840e-03
8.080482745436807709e-03
8.087230082683822402e-03
8.083450382940832527e-03
8.083497496670784613e-03
8.084264441261715395e-03
8.082393629722323114e-03
8.081115957576674030e-03
8.081522625670840496e-03
8.082264301909468374e-03
8.081291439287393782e-03
8.080940030119622072e-03
8.082414694405655811e-03
8.082175434979939690e-03
8.080143271856242079e-03
8.084456770666211683e-03
8.082405033057193239e-03
8.083736630605969573e-03
8.085008769357906674e-03
8.082845752276478918e-03
8.082207614148984379e-03
8.083291928718939687e-03
8.081007359779160751e-03
8.081538534994348391e-03
8.081109981842112336e-03
8.081669075576043346e-03
8.084482535729471675e-03
8.084902777405433144e-03
8.082725524516142998e-03
8.082626524162516216e-03
8.080220223409522590e-03
8.083082212771640698e-03
8.084175411742045708e-03
8.085351223628106654e-03
8.083815639898924918e-03
8.082381092344419898e-03
8.081871640272027257e-03
8.081436850334215369e-03
8.082719647210037661e-03
8.082114892283621607e-03
8.081041577619626354e-03
8.081950130575389982e-03
8.085249621556083593e-03
8.082655896172227794e-03
8.081863087859362041e-03
8.086544969936661567e-03
8.081148979119478007e-03
8.082330119051924985e-03
8.082759033039914678e-03
8.081323266026230190e-03
8.082609280319419734e-03
8.083971068774002677e-03
8.079268782046422973e-03
8.082689881013786770e-03
8.084092117119877352e-03
8.084272665798440671e-03
8.084081005241813833e-03
8.081460476868385437e-03
8.081750061029008628e-03
8.083864689615747820e-03
8.086786857816738103e-03
8.083453835536996354e-03
8.083422884318449894e-03
8.080749477337051748e-03
8.083757549534258818e-03
8.081176262893710951e-03
8.079695925205524626e-03
8.082741457062069673e-03
8.081166171383656269e-03
8.081972340375343997e-03
8.082774851103591285e-03
8.084799488477501656e-03
8.083877140838914913e-03
8.080924632307225422e-03
8.083996589042784578e-03
8.083196267684070180e-03
8.080854775092318615e-03
8.082022285467666337e-03
8.083825975310730827e-03
8.080579977181012383e-03
8.083888842552469645e-03
8.080192767625169956e-03
8.080783393044186844e-03
8.082193027564263041e-03
8.082171218937748980e-03
8.083293506381367469e-03
8.081094951090186246e-03
8.085900257176670616e-03
8.083784418544726763e-03
8.082592259093078144e-03
8.080773043746873607e-03
8.081771523664741524e-03
8.082422034095414556e-03
8.082284501645272540e-03
8.082674005253550828e-03
8.080376126518741889e-03
8.083992196218981949e-03
8.085024445193954301e-03
8.084488430425152902e-03
8.083921113789211549e-03
8.083509881248935811e-03
8.080273952708270577e-03
8.080531889774688128e-03
8.082854829179812045e-03
8.081760334865413509e-03
8.082459377191231545e-03
8.080852431960961271e-03
8.082469659885800628e-03
8.079586180750176691e-03
