1.518979310989379883e+00
1.538066387176513672e+00
1.558039665222167969e+00
1.578031778335571289e+00
1.597877264022827148e+00
1.617991924285888672e+00
1.638161897659301758e+00
1.657668828964233398e+00
1.678444862365722656e+00
1.697896003723144531e+00
1.717824220657348633e+00
1.737907171249389648e+00
1.758072137832641602e+00
1.777949571609497070e+00
1.798145294189453125e+00
1.818851947784423828e+00
1.837787389755249023e+00
1.858610391616821289e+00
1.878052711486816406e+00
1.898107528686523438e+00
1.917949438095092773e+00
1.938100576400756836e+00
1.957691431045532227e+00
1.978000164031982422e+00
1.997875690460205078e+00
2.017954826354980469e+00
2.037857532501220703e+00
2.057917833328247070e+00
2.077894210815429688e+00
2.097363710403442383e+00
2.117889404296875000e+00
2.137873888015747070e+00
2.157985448837280273e+00
2.177941560745239258e+00
2.198004245758056641e+00
2.217988729476928711e+00
2.237703323364257812e+00
2.257868289947509766e+00
2.277924060821533203e+00
2.298058032989501953e+00
2.318012952804565430e+00
2.337886333465576172e+00
2.358080863952636719e+00
2.378157615661621094e+00
2.397806882858276367e+00
2.417893886566162109e+00
2.437927722930908203e+00
2.457728385925292969e+00
2.477668046951293945e+00
2.497831344604492188e+00
2.517595767974853516e+00
2.537697315216064453e+00
2.558518171310424805e+00
2.577584266662597656e+00
2.597613573074340820e+00
2.617617368698120117e+00
2.637609243392944336e+00
2.657767534255981445e+00
2.678818225860595703e+00
2.697761058807373047e+00
2.717766761779785156e+00
2.737874507904052734e+00
2.757974147796630859e+00
2.778110742568969727e+00
2.797852039337158203e+00
2.817572116851806641e+00
2.837985277175903320e+00
2.857566833496093750e+00
2.877594947814941406e+00
2.898254156112670898e+00
2.917577028274536133e+00
2.937959671020507812e+00
2.957805156707763672e+00
2.977881193161010742e+00
2.997910737991333008e+00
3.017904520034790039e+00
3.037902355194091797e+00
3.057584047317504883e+00
3.077907085418701172e+00
3.098384618759155273e+00
3.117826700210571289e+00
3.137931108474731445e+00
3.157925844192504883e+00
3.177914857864379883e+00
3.197877168655395508e+00
3.217545747756958008e+00
3.237874746322631836e+00
3.258111476898193359e+00
3.277980566024780273e+00
3.297824859619140625e+00
3.318080425262451172e+00
3.337685823440551758e+00
3.358005046844482422e+00
3.377379179000854492e+00
3.398872137069702148e+00
3.417748451232910156e+00
3.437904596328735352e+00
3.457421064376831055e+00
3.477746009826660156e+00
3.497900009155273438e+00
3.518061637878417969e+00
3.537915706634521484e+00
3.557951688766479492e+00
3.577878475189208984e+00
3.597348928451538086e+00
3.617876291275024414e+00
3.637650489807128906e+00
3.658138275146484375e+00
3.677566528320312500e+00
3.698091268539428711e+00
3.717617034912109375e+00
3.737952470779418945e+00
3.757596731185913086e+00
3.777594804763793945e+00
3.798027992248535156e+00
3.817581892013549805e+00
3.838078022003173828e+00
3.857582807540893555e+00
3.877946853637695312e+00
3.898459911346435547e+00
3.917958974838256836e+00
3.938364028930664062e+00
3.958024024963378906e+00
3.978132247924804688e+00
3.997632980346679688e+00
4.018070220947265625e+00
4.038527250289916992e+00
4.057650804519653320e+00
4.077697038650512695e+00
4.097910881042480469e+00
4.118370771408081055e+00
4.137672424316406250e+00
4.157666206359863281e+00
4.177668809890747070e+00
4.197612047195434570e+00
4.217988967895507812e+00
4.237919092178344727e+00
4.257958173751831055e+00
4.278137445449829102e+00
4.297706127166748047e+00
4.317707777023315430e+00
4.337523937225341797e+00
4.358084917068481445e+00
4.377993106842041016e+00
4.398117065429687500e+00
4.417668581008911133e+00
4.438150167465209961e+00
4.457646608352661133e+00
4.478093147277832031e+00
4.497950077056884766e+00
4.517680406570434570e+00
4.537852764129638672e+00
4.557390213012695312e+00
4.578089475631713867e+00
4.597641229629516602e+00
4.618701219558715820e+00
4.637675046920776367e+00
4.658058404922485352e+00
4.678049087524414062e+00
4.697675466537475586e+00
4.727877855300903320e+00
4.747857809066772461e+00
4.768725633621215820e+00
4.787803173065185547e+00
4.808313369750976562e+00
4.827326774597167969e+00
4.848073959350585938e+00
4.867925643920898438e+00
4.887858152389526367e+00
4.908058643341064453e+00
4.927950620651245117e+00
4.948006629943847656e+00
4.967746734619140625e+00
4.988183498382568359e+00
5.007800817489624023e+00
5.027343273162841797e+00
5.048855781555175781e+00
5.067869901657104492e+00
5.088190317153930664e+00
5.107676744461059570e+00
5.127692937850952148e+00
5.147861719131469727e+00
5.167598485946655273e+00
5.187582969665527344e+00
5.207641363143920898e+00
5.227921485900878906e+00
5.248199224472045898e+00
5.267548322677612305e+00
5.287906169891357422e+00
5.308232069015502930e+00
5.328068733215332031e+00
5.348522186279296875e+00
5.367602586746215820e+00
5.387595176696777344e+00
5.407687425613403320e+00
5.427562236785888672e+00
5.447628974914550781e+00
5.467630624771118164e+00
5.488258361816406250e+00
5.507550239562988281e+00
5.528139591217041016e+00
5.548000335693359375e+00
5.567629575729370117e+00
5.587926387786865234e+00
5.607602834701538086e+00
5.627904653549194336e+00
5.647916555404663086e+00
5.667947292327880859e+00
5.688016414642333984e+00
5.707731246948242188e+00
5.727962255477905273e+00
5.747684955596923828e+00
5.768132209777832031e+00
5.788160800933837891e+00
5.808131933212280273e+00
5.827751159667968750e+00
5.848349332809448242e+00
5.868314981460571289e+00
5.888612508773803711e+00
5.908133745193481445e+00
5.927754402160644531e+00
5.948571681976318359e+00
5.969386100769042969e+00
5.987774133682250977e+00
6.008099079132080078e+00
6.028058528900146484e+00
6.048262119293212891e+00
6.068051815032958984e+00
6.088422060012817383e+00
6.108158349990844727e+00
6.128380775451660156e+00
6.148083209991455078e+00
6.167696714401245117e+00
6.188052177429199219e+00
6.207964897155761719e+00
6.228083610534667969e+00
6.247994661331176758e+00
6.268389225006103516e+00
6.288256645202636719e+00
6.308552265167236328e+00
6.327655076980590820e+00
6.348073959350585938e+00
6.368036985397338867e+00
6.388043403625488281e+00
6.407953023910522461e+00
6.428066253662109375e+00
6.448185443878173828e+00
6.468066930770874023e+00
6.488059043884277344e+00
6.508086681365966797e+00
6.528390884399414062e+00
6.548327445983886719e+00
6.568005084991455078e+00
6.588065147399902344e+00
6.607762813568115234e+00
6.627957820892333984e+00
6.648056030273437500e+00
6.668089866638183594e+00
6.688395261764526367e+00
6.707930088043212891e+00
6.728021860122680664e+00
6.748560667037963867e+00
6.767978906631469727e+00
6.787777185440063477e+00
6.808010101318359375e+00
6.828227996826171875e+00
6.847955226898193359e+00
6.867968797683715820e+00
6.888284921646118164e+00
6.908214330673217773e+00
6.927998304367065430e+00
6.947721242904663086e+00
6.968838930130004883e+00
6.988138198852539062e+00
7.007657527923583984e+00
7.028469324111938477e+00
7.048243761062622070e+00
7.067694664001464844e+00
7.088756084442138672e+00
7.108028173446655273e+00
7.128013134002685547e+00
7.148005008697509766e+00
7.168616294860839844e+00
7.188254594802856445e+00
7.208666801452636719e+00
7.227592468261718750e+00
7.247951984405517578e+00
7.267895460128784180e+00
7.287991285324096680e+00
7.308125257492065430e+00
7.328018426895141602e+00
7.348089694976806641e+00
7.368002653121948242e+00
7.387950658798217773e+00
7.408702850341796875e+00
7.427913427352905273e+00
7.448167562484741211e+00
7.467948198318481445e+00
7.488054275512695312e+00
7.512007951736450195e+00
7.532992839813232422e+00
7.552458047866821289e+00
7.572406053543090820e+00
7.592362403869628906e+00
7.612322092056274414e+00
7.632406234741210938e+00
7.652709722518920898e+00
7.672456502914428711e+00
7.692432165145874023e+00
7.712324857711791992e+00
7.732275009155273438e+00
7.752458095550537109e+00
7.772488355636596680e+00
7.792774200439453125e+00
7.812412977218627930e+00
7.832513332366943359e+00
7.852493524551391602e+00
7.872700691223144531e+00
7.892325401306152344e+00
7.912142038345336914e+00
7.932198524475097656e+00
7.957461595535278320e+00
7.977653980255126953e+00
7.997304677963256836e+00
8.017637014389038086e+00
8.038031578063964844e+00
8.057697772979736328e+00
8.077775716781616211e+00
8.097913742065429688e+00
8.117796182632446289e+00
8.137470006942749023e+00
8.157363891601562500e+00
8.177752017974853516e+00
8.197340488433837891e+00
8.217888116836547852e+00
8.237656116485595703e+00
8.258060693740844727e+00
8.278027772903442383e+00
8.297391891479492188e+00
8.317411422729492188e+00
8.337636232376098633e+00
8.357455253601074219e+00
8.377406835556030273e+00
8.398134708404541016e+00
8.418233156204223633e+00
8.437744379043579102e+00
8.457643032073974609e+00
8.477707147598266602e+00
8.497731447219848633e+00
8.517869710922241211e+00
8.537921190261840820e+00
8.557401895523071289e+00
8.577913045883178711e+00
8.597128152847290039e+00
8.617117404937744141e+00
8.637090921401977539e+00
8.657083988189697266e+00
8.677112340927124023e+00
8.697118282318115234e+00
8.717123508453369141e+00
8.737093448638916016e+00
8.757094860076904297e+00
8.777651071548461914e+00
8.797140598297119141e+00
8.817128419876098633e+00
8.837084293365478516e+00
8.857149362564086914e+00
8.877136230468750000e+00
8.897111415863037109e+00
8.917126893997192383e+00
8.937140703201293945e+00
8.957187414169311523e+00
8.977133274078369141e+00
8.997150421142578125e+00
9.017140150070190430e+00
9.037133932113647461e+00
9.057116508483886719e+00
9.077139377593994141e+00
9.097116470336914062e+00
9.117130517959594727e+00
9.137113571166992188e+00
9.157144308090209961e+00
9.177416324615478516e+00
9.197108030319213867e+00
9.217123985290527344e+00
9.237103462219238281e+00
9.257115364074707031e+00
9.277117252349853516e+00
9.297173023223876953e+00
9.317798137664794922e+00
9.338083505630493164e+00
9.357037544250488281e+00
9.377198219299316406e+00
9.397639751434326172e+00
9.417152166366577148e+00
9.437112331390380859e+00
9.457159042358398438e+00
9.477728605270385742e+00
9.497735023498535156e+00
9.517750263214111328e+00
9.537697315216064453e+00
9.557859182357788086e+00
9.577825307846069336e+00
9.597734689712524414e+00
9.617718219757080078e+00
9.637472391128540039e+00
9.657668828964233398e+00
9.677655935287475586e+00
9.697720527648925781e+00
9.717698574066162109e+00
9.737900257110595703e+00
9.758164405822753906e+00
9.778320789337158203e+00
9.798008203506469727e+00
9.818207740783691406e+00
9.837567329406738281e+00
9.858268022537231445e+00
9.878052711486816406e+00
9.897562265396118164e+00
9.917788028717041016e+00
9.937783718109130859e+00
9.957638740539550781e+00
9.977751970291137695e+00
9.997659444808959961e+00
1.001792216300964355e+01
1.003745794296264648e+01
1.005729985237121582e+01
1.007795405387878418e+01
1.009771251678466797e+01
1.011806035041809082e+01
1.013819551467895508e+01
1.015825009346008301e+01
1.018057084083557129e+01
1.019776058197021484e+01
1.021799707412719727e+01
1.023730659484863281e+01
1.025831484794616699e+01
1.027781653404235840e+01
1.029872083663940430e+01
1.031787323951721191e+01
1.033788561820983887e+01
1.035822057723999023e+01
1.037809371948242188e+01
1.039818620681762695e+01
1.041804957389831543e+01
1.043760919570922852e+01
1.045796442031860352e+01
1.047808051109313965e+01
1.049796199798583984e+01
1.051789069175720215e+01
1.053784012794494629e+01
1.055774784088134766e+01
1.057759213447570801e+01
1.059780168533325195e+01
1.061731863021850586e+01
1.063793778419494629e+01
1.065728354454040527e+01
1.067795825004577637e+01
1.069731783866882324e+01
1.071830582618713379e+01
1.073726224899291992e+01
1.075804495811462402e+01
1.077769422531127930e+01
1.079730319976806641e+01
1.081860446929931641e+01
1.083731007575988770e+01
1.085785818099975586e+01
1.087775182723999023e+01
1.089760494232177734e+01
1.091750955581665039e+01
1.093804860115051270e+01
1.095819711685180664e+01
1.097756910324096680e+01
1.099732255935668945e+01
1.101811838150024414e+01
1.103728055953979492e+01
1.105759882926940918e+01
1.107775282859802246e+01
1.109766960144042969e+01
1.111809730529785156e+01
1.113731932640075684e+01
1.115738177299499512e+01
1.117781805992126465e+01
1.119733786582946777e+01
1.121729373931884766e+01
1.123728537559509277e+01
1.125738930702209473e+01
1.127731609344482422e+01
1.129769611358642578e+01
1.131774306297302246e+01
1.133785700798034668e+01
1.135795927047729492e+01
1.137805819511413574e+01
1.139782810211181641e+01
1.141732025146484375e+01
1.143777346611022949e+01
1.145767498016357422e+01
1.147765493392944336e+01
1.149782752990722656e+01
1.151779198646545410e+01
1.153875946998596191e+01
1.155783224105834961e+01
1.157784962654113770e+01
1.159774589538574219e+01
1.161817765235900879e+01
1.163772416114807129e+01
1.165765571594238281e+01
1.167917013168334961e+01
1.169764971733093262e+01
1.171763586997985840e+01
1.173784708976745605e+01
1.175916481018066406e+01
1.177734208106994629e+01
1.179814910888671875e+01
1.181728839874267578e+01
1.183819556236267090e+01
1.185728311538696289e+01
1.187735533714294434e+01
1.189827299118041992e+01
1.191745948791503906e+01
1.193836498260498047e+01
1.195718097686767578e+01
1.197711133956909180e+01
1.199737405776977539e+01
1.201793026924133301e+01
1.203829288482666016e+01
1.205779123306274414e+01
1.207819318771362305e+01
1.209740567207336426e+01
1.211864757537841797e+01
1.213738965988159180e+01
1.215757179260253906e+01
1.217784452438354492e+01
1.219784903526306152e+01
1.221808266639709473e+01
1.223742604255676270e+01
1.226142334938049316e+01
1.228152751922607422e+01
1.230225896835327148e+01
1.232184362411499023e+01
1.234142446517944336e+01
1.236142253875732422e+01
1.238152456283569336e+01
1.240221190452575684e+01
1.242179274559020996e+01
1.244186902046203613e+01
1.246186971664428711e+01
1.248143434524536133e+01
1.250191903114318848e+01
1.252195334434509277e+01
1.254271268844604492e+01
1.256237769126892090e+01
1.258200907707214355e+01
1.260190224647521973e+01
1.262191390991210938e+01
1.264122772216796875e+01
1.266227817535400391e+01
1.268185782432556152e+01
1.270214796066284180e+01
1.272163200378417969e+01
1.274194788932800293e+01
1.276180195808410645e+01
1.278190565109252930e+01
1.280188536643981934e+01
1.282195758819580078e+01
1.284195280075073242e+01
1.286206722259521484e+01
1.288181138038635254e+01
1.290182924270629883e+01
1.292185783386230469e+01
1.294214177131652832e+01
1.296189498901367188e+01
1.298173713684082031e+01
1.300166630744934082e+01
1.302195620536804199e+01
1.304191088676452637e+01
1.306192803382873535e+01
1.308188438415527344e+01
1.310195779800415039e+01
1.312119984626770020e+01
1.314123201370239258e+01
1.316191005706787109e+01
1.318200039863586426e+01
1.320220112800598145e+01
1.322125816345214844e+01
1.324192810058593750e+01
1.326256322860717773e+01
1.328201222419738770e+01
1.330221199989318848e+01
1.332146191596984863e+01
1.334229969978332520e+01
1.336218261718750000e+01
1.338221287727355957e+01
1.340134310722351074e+01
1.342175817489624023e+01
1.344203281402587891e+01
1.346193027496337891e+01
1.348188090324401855e+01
1.350204062461853027e+01
1.352164173126220703e+01
1.354204797744750977e+01
1.356158852577209473e+01
1.358187413215637207e+01
1.360201740264892578e+01
1.362188196182250977e+01
1.364207720756530762e+01
1.366207528114318848e+01
1.368192100524902344e+01
1.370224547386169434e+01
1.372186398506164551e+01
1.374197936058044434e+01
1.376180076599121094e+01
1.378190207481384277e+01
1.380199384689331055e+01
1.382234859466552734e+01
1.384202098846435547e+01
1.386194610595703125e+01
1.388197159767150879e+01
1.390225553512573242e+01
1.392202472686767578e+01
1.394210720062255859e+01
1.396193265914916992e+01
1.398211121559143066e+01
1.400181746482849121e+01
1.402226996421813965e+01
1.404115176200866699e+01
1.406226730346679688e+01
1.408181619644165039e+01
1.410206794738769531e+01
1.412202620506286621e+01
1.414194416999816895e+01
1.416699671745300293e+01
1.418635034561157227e+01
1.420629119873046875e+01
1.424002337455749512e+01
1.425919938087463379e+01
1.427934813499450684e+01
1.429925107955932617e+01
1.431925368309020996e+01
1.433919811248779297e+01
1.435920357704162598e+01
1.437916517257690430e+01
1.439930629730224609e+01
1.441892504692077637e+01
1.443885636329650879e+01
1.445886993408203125e+01
1.447925877571105957e+01
1.449887847900390625e+01
1.451931071281433105e+01
1.453889203071594238e+01
1.455885863304138184e+01
1.457936048507690430e+01
1.459939312934875488e+01
1.461924505233764648e+01
1.463917231559753418e+01
1.465967321395874023e+01
1.467923617362976074e+01
1.469922685623168945e+01
1.471886038780212402e+01
1.473937511444091797e+01
1.475935459136962891e+01
1.477913546562194824e+01
1.479867219924926758e+01
1.481856989860534668e+01
1.483866286277770996e+01
1.485950374603271484e+01
1.487942743301391602e+01
1.489927792549133301e+01
1.491921377182006836e+01
1.494123244285583496e+01
1.495929193496704102e+01
1.497887778282165527e+01
1.499971914291381836e+01
1.501929521560668945e+01
1.503927922248840332e+01
1.505931448936462402e+01
1.507904887199401855e+01
1.509941911697387695e+01
1.511936163902282715e+01
1.513973617553710938e+01
1.515846943855285645e+01
1.518019890785217285e+01
1.519941854476928711e+01
1.521943354606628418e+01
1.523954820632934570e+01
1.525899934768676758e+01
1.527927947044372559e+01
1.529910993576049805e+01
1.531964397430419922e+01
1.533995580673217773e+01
1.535879564285278320e+01
1.538019227981567383e+01
1.539987754821777344e+01
1.541879749298095703e+01
1.543975687026977539e+01
1.545895886421203613e+01
1.547956538200378418e+01
1.549908018112182617e+01
1.551881742477416992e+01
1.554002141952514648e+01
1.555966281890869141e+01
1.557953763008117676e+01
1.559948015213012695e+01
1.561935639381408691e+01
1.563874411582946777e+01
1.565988802909851074e+01
1.567938113212585449e+01
1.569972991943359375e+01
1.571909570693969727e+01
1.573898220062255859e+01
1.575903296470642090e+01
1.577896308898925781e+01
1.579844522476196289e+01
1.582005476951599121e+01
1.583842992782592773e+01
1.586000347137451172e+01
1.587933993339538574e+01
1.589875650405883789e+01
1.593256354331970215e+01
1.595231127738952637e+01
1.597254896163940430e+01
1.599253368377685547e+01
1.601244616508483887e+01
1.603258609771728516e+01
1.605276417732238770e+01
1.607206487655639648e+01
1.609291338920593262e+01
1.611344742774963379e+01
1.613288974761962891e+01
1.615249204635620117e+01
1.617334198951721191e+01
1.619290971755981445e+01
1.621280288696289062e+01
1.623355388641357422e+01
1.625283241271972656e+01
1.627217817306518555e+01
1.629240202903747559e+01
1.631258487701416016e+01
1.633260798454284668e+01
1.635292911529541016e+01
1.637224221229553223e+01
1.639297366142272949e+01
1.641216373443603516e+01
1.643283343315124512e+01
1.645271062850952148e+01
1.647262525558471680e+01
1.649262428283691406e+01
1.651246094703674316e+01
1.653247714042663574e+01
1.655237817764282227e+01
1.657342410087585449e+01
1.659217429161071777e+01
1.661270260810852051e+01
1.663218641281127930e+01
1.665281414985656738e+01
1.667281770706176758e+01
1.669316792488098145e+01
1.671354246139526367e+01
1.673218536376953125e+01
1.675302529335021973e+01
1.677216267585754395e+01
1.679253864288330078e+01
1.681248950958251953e+01
1.683255267143249512e+01
1.685259008407592773e+01
1.687286520004272461e+01
1.689270067214965820e+01
1.691333556175231934e+01
1.693188214302062988e+01
1.695253992080688477e+01
1.697246742248535156e+01
1.699260711669921875e+01
1.701253533363342285e+01
1.703254318237304688e+01
1.705262589454650879e+01
1.707234883308410645e+01
1.709224319458007812e+01
1.711241436004638672e+01
1.713276195526123047e+01
1.715254569053649902e+01
1.717251944541931152e+01
1.719265365600585938e+01
1.721242523193359375e+01
1.723243093490600586e+01
1.725289511680603027e+01
1.727255678176879883e+01
1.729271125793457031e+01
1.731297063827514648e+01
1.733261823654174805e+01
1.736097240447998047e+01
1.738100862503051758e+01
1.740089273452758789e+01
1.742084383964538574e+01
1.744038629531860352e+01
1.746115684509277344e+01
1.748030114173889160e+01
1.750088357925415039e+01
1.752093029022216797e+01
1.754094195365905762e+01
1.756097435951232910e+01
1.758077454566955566e+01
1.760081696510314941e+01
1.762129020690917969e+01
1.764079546928405762e+01
1.766078567504882812e+01
1.768044471740722656e+01
1.770086979866027832e+01
1.772083735466003418e+01
1.774076509475708008e+01
1.776081776618957520e+01
1.778092837333679199e+01
1.780095434188842773e+01
1.782087016105651855e+01
1.784105062484741211e+01
1.786050677299499512e+01
1.788124704360961914e+01
1.790122389793395996e+01
1.792110776901245117e+01
1.794080924987792969e+01
1.796137905120849609e+01
1.798109436035156250e+01
1.800136303901672363e+01
1.802037763595581055e+01
1.804041528701782227e+01
1.806024479866027832e+01
1.808029937744140625e+01
1.810085773468017578e+01
1.812034225463867188e+01
1.814080071449279785e+01
1.816097593307495117e+01
1.818059372901916504e+01
1.820084333419799805e+01
1.822159028053283691e+01
1.824082183837890625e+01
1.826082229614257812e+01
1.828085970878601074e+01
1.830112075805664062e+01
1.832092547416687012e+01
1.834153270721435547e+01
1.836096167564392090e+01
1.838090419769287109e+01
1.840108680725097656e+01
1.842183303833007812e+01
1.844186663627624512e+01
1.846143054962158203e+01
1.848141503334045410e+01
1.850137472152709961e+01
1.852153038978576660e+01
1.854089283943176270e+01
1.856103396415710449e+01
1.858075833320617676e+01
1.860051012039184570e+01
1.862110686302185059e+01
1.864094376564025879e+01
1.866104912757873535e+01
1.868090486526489258e+01
1.870107746124267578e+01
1.872104144096374512e+01
1.874111485481262207e+01
1.876083946228027344e+01
1.878100228309631348e+01
1.880168414115905762e+01
1.882116723060607910e+01
1.884112167358398438e+01
1.886106133460998535e+01
1.888125753402709961e+01
1.890102505683898926e+01
1.892030429840087891e+01
1.894038677215576172e+01
1.896023011207580566e+01
1.898090982437133789e+01
1.900093388557434082e+01
1.902068185806274414e+01
1.904111742973327637e+01
1.906105661392211914e+01
1.908102631568908691e+01
1.910171627998352051e+01
1.912115049362182617e+01
1.914116096496582031e+01
1.916101837158203125e+01
1.918077349662780762e+01
1.920063424110412598e+01
1.922104716300964355e+01
1.924060606956481934e+01
1.926117253303527832e+01
1.928052616119384766e+01
1.930085730552673340e+01
1.932102155685424805e+01
1.934065604209899902e+01
1.936111855506896973e+01
1.938156795501708984e+01
1.940023875236511230e+01
1.942159819602966309e+01
1.944056177139282227e+01
1.946113300323486328e+01
1.948054456710815430e+01
1.950116634368896484e+01
1.952099919319152832e+01
1.954123044013977051e+01
1.956116509437561035e+01
1.958114647865295410e+01
1.960123825073242188e+01
1.962132644653320312e+01
1.964213228225708008e+01
1.966112184524536133e+01
1.968103957176208496e+01
1.970125150680541992e+01
1.972054934501647949e+01
1.974115586280822754e+01
1.976121211051940918e+01
1.978044199943542480e+01
1.980267238616943359e+01
1.982045865058898926e+01
1.984155058860778809e+01
1.986107611656188965e+01
1.988059759140014648e+01
1.990249085426330566e+01
1.992560076713562012e+01
1.994138717651367188e+01
1.996125936508178711e+01
1.998138141632080078e+01
2.000155329704284668e+01
2.002060961723327637e+01
2.004136538505554199e+01
2.006138563156127930e+01
2.008043742179870605e+01
2.010077404975891113e+01
2.012048435211181641e+01
2.014077734947204590e+01
2.016106986999511719e+01
2.018077445030212402e+01
2.020050692558288574e+01
2.022086620330810547e+01
2.024095678329467773e+01
2.026089692115783691e+01
2.028082704544067383e+01
2.030098485946655273e+01
2.032090187072753906e+01
2.034126496315002441e+01
2.036155962944030762e+01
2.038085722923278809e+01
2.040154695510864258e+01
2.042944073677062988e+01
2.044900059700012207e+01
2.046824407577514648e+01
2.048859548568725586e+01
2.050862622261047363e+01
2.052853393554687500e+01
2.054880094528198242e+01
2.056862807273864746e+01
2.058818745613098145e+01
2.060825157165527344e+01
2.062818264961242676e+01
2.064813232421875000e+01
2.066876387596130371e+01
2.068821883201599121e+01
2.070814275741577148e+01
2.072884464263916016e+01
2.074897313117980957e+01
2.076900005340576172e+01
2.078900980949401855e+01
2.080892229080200195e+01
2.082909917831420898e+01
2.084849023818969727e+01
2.086862444877624512e+01
2.088820385932922363e+01
2.090887665748596191e+01
2.092850589752197266e+01
2.094842314720153809e+01
2.096845722198486328e+01
2.098865413665771484e+01
2.100875234603881836e+01
2.102813315391540527e+01
2.104906988143920898e+01
2.106888580322265625e+01
2.108902072906494141e+01
2.110875463485717773e+01
2.112885093688964844e+01
2.114875650405883789e+01
2.116883921623229980e+01
2.118900513648986816e+01
2.120823216438293457e+01
2.122856736183166504e+01
2.124872040748596191e+01
2.126869535446166992e+01
2.128850483894348145e+01
2.130846095085144043e+01
2.132853984832763672e+01
2.134849882125854492e+01
2.136866354942321777e+01
2.138858509063720703e+01
2.140909838676452637e+01
2.142844223976135254e+01
2.145970559120178223e+01
2.147960448265075684e+01
2.149974989891052246e+01
2.151975488662719727e+01
2.154036116600036621e+01
2.155968642234802246e+01
2.157966351509094238e+01
2.159967708587646484e+01
2.161971497535705566e+01
2.164021825790405273e+01
2.165974330902099609e+01
2.167966032028198242e+01
2.169969868659973145e+01
2.171967744827270508e+01
2.173961663246154785e+01
2.175972557067871094e+01
2.177969121932983398e+01
2.179965710639953613e+01
2.182115125656127930e+01
2.183976197242736816e+01
2.185978317260742188e+01
2.187960696220397949e+01
2.189981555938720703e+01
2.191980433464050293e+01
2.193940162658691406e+01
2.196000814437866211e+01
2.197964787483215332e+01
2.199986982345581055e+01
2.202061080932617188e+01
2.203968119621276855e+01
2.205978798866271973e+01
2.207982635498046875e+01
2.209942865371704102e+01
2.211969900131225586e+01
2.213934016227722168e+01
2.216152858734130859e+01
2.217975282669067383e+01
2.219982075691223145e+01
2.221970319747924805e+01
2.223974919319152832e+01
2.225974988937377930e+01
2.227973008155822754e+01
2.229978513717651367e+01
2.231966614723205566e+01
2.233961272239685059e+01
2.236000680923461914e+01
2.237985873222351074e+01
2.239965915679931641e+01
2.241993212699890137e+01
2.243960356712341309e+01
2.246033549308776855e+01
2.247912669181823730e+01
2.249965500831604004e+01
2.251976037025451660e+01
2.253974199295043945e+01
2.255974459648132324e+01
2.257962918281555176e+01
2.259973311424255371e+01
2.261978840827941895e+01
2.263980031013488770e+01
2.266008734703063965e+01
2.267973208427429199e+01
2.269971370697021484e+01
2.271979117393493652e+01
2.273984789848327637e+01
2.276057887077331543e+01
2.278028774261474609e+01
2.279975461959838867e+01
2.282014369964599609e+01
2.283937597274780273e+01
2.285949420928955078e+01
2.288128089904785156e+01
2.289965462684631348e+01
2.291911244392395020e+01
2.294012689590454102e+01
2.295908212661743164e+01
2.298014426231384277e+01
2.300033330917358398e+01
2.301949071884155273e+01
2.303929615020751953e+01
2.305906748771667480e+01
2.308007335662841797e+01
2.310044455528259277e+01
2.311920952796936035e+01
2.314027976989746094e+01
2.315918302536010742e+01
2.317966246604919434e+01
2.320032715797424316e+01
2.322003531455993652e+01
2.324014949798583984e+01
2.325911784172058105e+01
2.327961182594299316e+01
2.330009126663208008e+01
2.332040190696716309e+01
2.334037852287292480e+01
2.336015772819519043e+01
2.337996721267700195e+01
2.340025472640991211e+01
2.342015743255615234e+01
2.343979763984680176e+01
2.346004486083984375e+01
2.347939181327819824e+01
2.349947953224182129e+01
2.351917934417724609e+01
2.354007911682128906e+01
2.356028890609741211e+01
2.357995557785034180e+01
2.359939503669738770e+01
2.362028980255126953e+01
2.363947439193725586e+01
2.366019415855407715e+01
2.367935156822204590e+01
2.370033383369445801e+01
2.371928453445434570e+01
2.374034094810485840e+01
2.376036143302917480e+01
2.377907252311706543e+01
2.379974746704101562e+01
2.381971836090087891e+01
2.383927273750305176e+01
2.385946846008300781e+01
2.388031244277954102e+01
2.389939308166503906e+01
2.392037630081176758e+01
2.393960857391357422e+01
2.396061635017395020e+01
2.397937440872192383e+01
2.399980425834655762e+01
2.401973724365234375e+01
2.403969120979309082e+01
2.405959367752075195e+01
2.408005356788635254e+01
2.409925031661987305e+01
2.411986207962036133e+01
2.414071488380432129e+01
2.415993642807006836e+01
2.418037748336791992e+01
2.420006132125854492e+01
2.421957182884216309e+01
2.424004602432250977e+01
2.426013088226318359e+01
2.427980184555053711e+01
2.430087304115295410e+01
2.431974911689758301e+01
2.434053850173950195e+01
2.435927391052246094e+01
2.437905049324035645e+01
2.439944648742675781e+01
2.441988420486450195e+01
2.443952202796936035e+01
2.445983052253723145e+01
2.447979378700256348e+01
2.449972200393676758e+01
2.451946020126342773e+01
2.454019021987915039e+01
2.455971622467041016e+01
2.458013796806335449e+01
2.459966444969177246e+01
2.462010240554809570e+01
2.463975954055786133e+01
2.465969443321228027e+01
2.467986893653869629e+01
2.469996356964111328e+01
2.471982908248901367e+01
2.473977661132812500e+01
2.475974082946777344e+01
2.477984023094177246e+01
2.479962491989135742e+01
2.482077550888061523e+01
2.484045863151550293e+01
2.485971450805664062e+01
2.487907791137695312e+01
2.489979243278503418e+01
2.491977310180664062e+01
2.493971991539001465e+01
2.495952200889587402e+01
2.497970104217529297e+01
2.499978423118591309e+01
2.502015900611877441e+01
2.503958392143249512e+01
2.505983495712280273e+01
2.508015990257263184e+01
2.509930992126464844e+01
2.511970138549804688e+01
2.513961744308471680e+01
2.515994644165039062e+01
2.517996311187744141e+01
2.519967699050903320e+01
2.521989798545837402e+01
2.523971533775329590e+01
2.525975489616394043e+01
2.527974605560302734e+01
2.529977488517761230e+01
2.531998562812805176e+01
2.533969807624816895e+01
2.536021375656127930e+01
2.537978553771972656e+01
2.539975666999816895e+01
2.541966724395751953e+01
2.543973660469055176e+01
2.545971512794494629e+01
2.547972083091735840e+01
2.549970173835754395e+01
2.551971960067749023e+01
2.553968310356140137e+01
2.555997538566589355e+01
2.557956290245056152e+01
2.559966945648193359e+01
2.561982774734497070e+01
2.563968563079833984e+01
2.565984797477722168e+01
2.567955493927001953e+01
2.569963335990905762e+01
2.571979880332946777e+01
2.573980545997619629e+01
2.576023101806640625e+01
2.577977037429809570e+01
2.579972624778747559e+01
2.581987929344177246e+01
2.583971977233886719e+01
2.586067199707031250e+01
2.587936305999755859e+01
2.589968037605285645e+01
2.591975522041320801e+01
2.593966960906982422e+01
2.595972967147827148e+01
2.598081898689270020e+01
2.599911189079284668e+01
2.601983022689819336e+01
2.603970289230346680e+01
2.605898118019104004e+01
2.607949876785278320e+01
2.609969353675842285e+01
2.611991882324218750e+01
2.613979172706604004e+01
2.615988278388977051e+01
2.617962145805358887e+01
2.619967007637023926e+01
2.621978926658630371e+01
2.623950695991516113e+01
2.625981593132019043e+01
2.627969455718994141e+01
2.629976534843444824e+01
2.631972694396972656e+01
2.633968234062194824e+01
2.635970997810363770e+01
2.637979483604431152e+01
2.639983749389648438e+01
2.641970205307006836e+01
2.643982672691345215e+01
2.645978069305419922e+01
2.647962236404418945e+01
2.649983501434326172e+01
2.651968050003051758e+01
2.653979635238647461e+01
2.655985713005065918e+01
2.657963705062866211e+01
2.659981846809387207e+01
2.661974883079528809e+01
2.663983869552612305e+01
2.665996980667114258e+01
2.667975068092346191e+01
2.669982361793518066e+01
2.671974205970764160e+01
2.673967766761779785e+01
2.675978946685791016e+01
2.677998399734497070e+01
2.679975581169128418e+01
2.681974458694458008e+01
2.683969831466674805e+01
2.685967397689819336e+01
2.688028907775878906e+01
2.689969849586486816e+01
2.691970801353454590e+01
2.693985033035278320e+01
2.695970416069030762e+01
2.697960424423217773e+01
2.699972081184387207e+01
2.701985311508178711e+01
2.703980541229248047e+01
2.705989694595336914e+01
2.707997059822082520e+01
2.710018658638000488e+01
2.711987662315368652e+01
2.713982677459716797e+01
2.715981793403625488e+01
2.717964816093444824e+01
2.719973659515380859e+01
2.721974825859069824e+01
2.723964381217956543e+01
2.726022219657897949e+01
2.727956676483154297e+01
2.730047488212585449e+01
2.731971383094787598e+01
2.733929157257080078e+01
2.735976982116699219e+01
2.737962245941162109e+01
2.739995527267456055e+01
2.742078113555908203e+01
2.743991518020629883e+01
2.745990848541259766e+01
2.748005270957946777e+01
2.749969911575317383e+01
2.751968908309936523e+01
2.754062414169311523e+01
2.755978608131408691e+01
2.757996916770935059e+01
2.759993290901184082e+01
2.761993432044982910e+01
2.764031744003295898e+01
2.765995192527770996e+01
2.767977023124694824e+01
2.769988226890563965e+01
2.771981072425842285e+01
2.774005174636840820e+01
2.776004767417907715e+01
2.777969861030578613e+01
2.779924917221069336e+01
2.781992030143737793e+01
2.784023356437683105e+01
2.785989236831665039e+01
2.788016557693481445e+01
2.789953684806823730e+01
2.791932487487792969e+01
2.793905186653137207e+01
2.795951151847839355e+01
2.797957897186279297e+01
2.800013947486877441e+01
2.801978826522827148e+01
2.804034471511840820e+01
2.805980968475341797e+01
2.808070850372314453e+01
2.809923768043518066e+01
2.811982870101928711e+01
2.813992524147033691e+01
2.815954303741455078e+01
2.817983078956604004e+01
2.819972181320190430e+01
2.821977424621582031e+01
2.823971891403198242e+01
2.825978350639343262e+01
2.827981829643249512e+01
2.829983186721801758e+01
2.832041859626770020e+01
2.834017920494079590e+01
2.836014723777770996e+01
2.837977361679077148e+01
2.840047883987426758e+01
2.841943120956420898e+01
2.844069314002990723e+01
2.845946526527404785e+01
2.848046040534973145e+01
2.850124526023864746e+01
2.851907992362976074e+01
2.853967261314392090e+01
2.856052637100219727e+01
2.857985305786132812e+01
2.860031366348266602e+01
2.861973214149475098e+01
2.863923430442810059e+01
2.865994524955749512e+01
2.868020749092102051e+01
2.870177125930786133e+01
2.872001338005065918e+01
2.873942184448242188e+01
2.876065921783447266e+01
2.877940607070922852e+01
2.880008554458618164e+01
2.881936526298522949e+01
2.884015130996704102e+01
2.885935235023498535e+01
2.887962245941162109e+01
2.889957070350646973e+01
2.891972899436950684e+01
2.894054818153381348e+01
2.895941519737243652e+01
2.897992944717407227e+01
2.899944019317626953e+01
2.901975536346435547e+01
2.904014992713928223e+01
2.906030750274658203e+01
2.907969856262207031e+01
2.909938955307006836e+01
2.911910200119018555e+01
2.913975381851196289e+01
2.915995264053344727e+01
2.917985486984252930e+01
2.919989514350891113e+01
2.921920585632324219e+01
2.923914957046508789e+01
2.925993561744689941e+01
2.927984356880187988e+01
2.929939651489257812e+01
2.931994414329528809e+01
2.933979344367980957e+01
2.936019587516784668e+01
2.937995338439941406e+01
2.939995431900024414e+01
2.941966676712036133e+01
2.943991923332214355e+01
2.945994782447814941e+01
2.947989654541015625e+01
2.949993944168090820e+01
2.951989102363586426e+01
2.953963613510131836e+01
2.955977153778076172e+01
2.957947397232055664e+01
2.959978032112121582e+01
2.961968159675598145e+01
2.963973784446716309e+01
2.965993976593017578e+01
2.967976188659667969e+01
2.970004796981811523e+01
2.971976923942565918e+01
2.973982334136962891e+01
2.976008868217468262e+01
2.977983450889587402e+01
2.979971075057983398e+01
2.981985974311828613e+01
2.984034037590026855e+01
2.985978627204895020e+01
2.987999773025512695e+01
2.989990472793579102e+01
2.992001700401306152e+01
2.993938589096069336e+01
2.995947885513305664e+01
2.998064422607421875e+01
2.999969053268432617e+01
3.002000641822814941e+01
3.004025769233703613e+01
3.005992555618286133e+01
3.007908844947814941e+01
3.009972429275512695e+01
3.011945867538452148e+01
3.013989853858947754e+01
3.015943074226379395e+01
3.017951631546020508e+01
3.019941902160644531e+01
3.022006773948669434e+01
3.023979711532592773e+01
3.026004004478454590e+01
3.027957272529602051e+01
3.029986667633056641e+01
3.032005310058593750e+01
3.033972001075744629e+01
3.036067748069763184e+01
3.037905931472778320e+01
3.039977836608886719e+01
3.041950392723083496e+01
3.044000339508056641e+01
3.046729993820190430e+01
3.048727369308471680e+01
3.050702476501464844e+01
3.052793216705322266e+01
3.054783105850219727e+01
3.056778168678283691e+01
3.058852195739746094e+01
3.060728096961975098e+01
3.062843179702758789e+01
3.064892387390136719e+01
3.066795849800109863e+01
3.068769502639770508e+01
3.070768284797668457e+01
3.072827553749084473e+01
3.074747657775878906e+01
3.076800322532653809e+01
3.078779196739196777e+01
3.080832290649414062e+01
3.082764625549316406e+01
3.084797883033752441e+01
3.086729502677917480e+01
3.088798689842224121e+01
3.090728950500488281e+01
3.092812085151672363e+01
3.094799566268920898e+01
3.096811127662658691e+01
3.098852372169494629e+01
3.100733923912048340e+01
3.102816247940063477e+01
3.104728817939758301e+01
3.106830883026123047e+01
3.108725380897521973e+01
3.110828304290771484e+01
3.112718844413757324e+01
3.115251111984252930e+01
3.117382264137268066e+01
3.119258642196655273e+01
3.121263408660888672e+01
3.123263621330261230e+01
3.125320029258728027e+01
3.127258110046386719e+01
3.129305195808410645e+01
3.131389927864074707e+01
3.133258056640625000e+01
3.135396671295166016e+01
3.137256050109863281e+01
3.139337182044982910e+01
3.141299581527709961e+01
3.143268442153930664e+01
3.145398449897766113e+01
3.147300529479980469e+01
3.149299573898315430e+01
3.151294112205505371e+01
3.153859496116638184e+01
3.155885171890258789e+01
3.157833456993103027e+01
3.159795904159545898e+01
3.161836194992065430e+01
3.163828229904174805e+01
3.165859413146972656e+01
3.167855858802795410e+01
3.169811415672302246e+01
3.171978974342346191e+01
3.173795294761657715e+01
3.175769257545471191e+01
3.177796912193298340e+01
3.179906964302062988e+01
3.181859803199768066e+01
3.183836674690246582e+01
3.185870647430419922e+01
3.187839388847351074e+01
3.189854383468627930e+01
3.191829919815063477e+01
3.193868041038513184e+01
3.195853567123413086e+01
3.197881436347961426e+01
3.199805235862731934e+01
3.201796460151672363e+01
3.203853273391723633e+01
3.205805301666259766e+01
3.207920742034912109e+01
3.209776163101196289e+01
3.211827278137207031e+01
3.213828349113464355e+01
3.215887427330017090e+01
3.217799448966979980e+01
3.219792318344116211e+01
3.221785092353820801e+01
3.223792171478271484e+01
3.225796771049499512e+01
3.227792716026306152e+01
3.229798555374145508e+01
3.231797575950622559e+01
3.233790326118469238e+01
3.235871291160583496e+01
3.237793636322021484e+01
3.239881920814514160e+01
3.241842103004455566e+01
3.243824887275695801e+01
3.245822525024414062e+01
3.247827982902526855e+01
3.249845004081726074e+01
3.251834440231323242e+01
3.253842806816101074e+01
3.255782437324523926e+01
3.257805418968200684e+01
3.259848046302795410e+01
3.261840152740478516e+01
3.263941979408264160e+01
3.265852642059326172e+01
3.267812943458557129e+01
3.269852852821350098e+01
3.271843004226684570e+01
3.273852825164794922e+01
3.275847458839416504e+01
3.277849411964416504e+01
3.279866862297058105e+01
3.281826663017272949e+01
3.283826804161071777e+01
3.285825133323669434e+01
3.287764596939086914e+01
3.289851379394531250e+01
3.291846466064453125e+01
3.293796634674072266e+01
3.295894455909729004e+01
3.297879171371459961e+01
3.299847221374511719e+01
3.301879310607910156e+01
3.303901076316833496e+01
3.305890560150146484e+01
3.307854676246643066e+01
3.309884881973266602e+01
3.311887669563293457e+01
3.313851380348205566e+01
3.315829515457153320e+01
3.317854976654052734e+01
3.319918036460876465e+01
3.321861696243286133e+01
3.323876762390136719e+01
3.325794529914855957e+01
3.327798104286193848e+01
3.329874897003173828e+01
3.331822323799133301e+01
3.333849811553955078e+01
3.335852169990539551e+01
3.337846517562866211e+01
3.339920711517333984e+01
3.341888713836669922e+01
3.343851351737976074e+01
3.345802378654479980e+01
3.347841787338256836e+01
3.349902939796447754e+01
3.352552556991577148e+01
3.354485321044921875e+01
3.356425857543945312e+01
3.358476185798645020e+01
3.360426473617553711e+01
3.362474560737609863e+01
3.364471721649169922e+01
3.366486167907714844e+01
3.368424248695373535e+01
3.370469284057617188e+01
3.372491145133972168e+01
3.374491119384765625e+01
3.376501345634460449e+01
3.378484392166137695e+01
3.380435967445373535e+01
3.382489228248596191e+01
3.384476399421691895e+01
3.386479187011718750e+01
3.389417862892150879e+01
3.391477012634277344e+01
3.393387341499328613e+01
3.395391535758972168e+01
3.397394514083862305e+01
3.399391508102416992e+01
3.401379108428955078e+01
3.403392791748046875e+01
3.405489873886108398e+01
3.407396483421325684e+01
3.409394311904907227e+01
3.411378598213195801e+01
3.413344836235046387e+01
3.415393018722534180e+01
3.417399859428405762e+01
3.419365954399108887e+01
3.421381473541259766e+01
3.423382973670959473e+01
3.425442075729370117e+01
3.427414155006408691e+01
3.429451084136962891e+01
3.431397819519042969e+01
3.433431029319763184e+01
3.435413813591003418e+01
3.437356686592102051e+01
3.439349913597106934e+01
3.441414666175842285e+01
3.443387269973754883e+01
3.445406365394592285e+01
3.447416353225708008e+01
3.449412178993225098e+01
3.451388645172119141e+01
3.453382396697998047e+01
3.455399632453918457e+01
3.457400703430175781e+01
3.459388422966003418e+01
3.461397027969360352e+01
3.463406443595886230e+01
3.465346622467041016e+01
3.467426276206970215e+01
3.469353222846984863e+01
3.471408104896545410e+01
3.473382878303527832e+01
3.475394964218139648e+01
3.477350640296936035e+01
3.479400324821472168e+01
3.481404209136962891e+01
3.483306980133056641e+01
3.485623860359191895e+01
3.487346649169921875e+01
3.489418864250183105e+01
3.491394257545471191e+01
3.493390035629272461e+01
3.495418977737426758e+01
3.497392892837524414e+01
3.499348092079162598e+01
3.501390385627746582e+01
3.503384280204772949e+01
3.505409789085388184e+01
3.507411265373229980e+01
3.509379410743713379e+01
3.511387038230895996e+01
3.513449931144714355e+01
3.515382003784179688e+01
3.517372488975524902e+01
3.519354009628295898e+01
3.521427941322326660e+01
3.523342728614807129e+01
3.525351428985595703e+01
3.527345013618469238e+01
3.529357385635375977e+01
3.531379342079162598e+01
3.533380055427551270e+01
3.535337853431701660e+01
3.537346649169921875e+01
3.539341783523559570e+01
3.541348433494567871e+01
3.543353796005249023e+01
3.545356202125549316e+01
3.547376060485839844e+01
3.549390840530395508e+01
3.551348519325256348e+01
3.553399658203125000e+01
3.555342197418212891e+01
3.557458972930908203e+01
3.559346961975097656e+01
3.561422133445739746e+01
3.563346433639526367e+01
3.565414524078369141e+01
3.567352628707885742e+01
3.569351243972778320e+01
3.571336841583251953e+01
3.573346996307373047e+01
3.575457906723022461e+01
3.577454257011413574e+01
3.579398822784423828e+01
3.581309008598327637e+01
3.583319139480590820e+01
3.585318303108215332e+01
3.587392878532409668e+01
3.589396405220031738e+01
3.591375279426574707e+01
3.593415355682373047e+01
3.595390915870666504e+01
3.597314596176147461e+01
3.599446153640747070e+01
3.601387238502502441e+01
3.603381347656250000e+01
3.605390501022338867e+01
3.607411503791809082e+01
3.609397673606872559e+01
3.611377501487731934e+01
3.613314771652221680e+01
3.615306758880615234e+01
3.617319965362548828e+01
3.619308376312255859e+01
3.621314907073974609e+01
3.623310232162475586e+01
3.625314044952392578e+01
3.627442932128906250e+01
3.629414272308349609e+01
3.631373524665832520e+01
3.633354783058166504e+01
3.635378456115722656e+01
3.637429213523864746e+01
3.639425182342529297e+01
3.641402721405029297e+01
3.643417072296142578e+01
3.645401239395141602e+01
3.647423243522644043e+01
3.649411106109619141e+01
3.651303839683532715e+01
3.653417372703552246e+01
3.655376958847045898e+01
3.657363462448120117e+01
3.659459757804870605e+01
3.661380720138549805e+01
3.663396906852722168e+01
3.665381908416748047e+01
3.667404317855834961e+01
3.669403529167175293e+01
3.671312928199768066e+01
3.673385953903198242e+01
3.675393724441528320e+01
3.677353930473327637e+01
3.679382109642028809e+01
3.681388735771179199e+01
3.683336591720581055e+01
3.685351872444152832e+01
3.687429308891296387e+01
3.689416241645812988e+01
3.691396927833557129e+01
3.693401074409484863e+01
3.695398139953613281e+01
3.697406697273254395e+01
3.699397230148315430e+01
3.701393413543701172e+01
3.703399634361267090e+01
3.705400156974792480e+01
3.707405138015747070e+01
3.709386420249938965e+01
3.711390233039855957e+01
3.713389229774475098e+01
3.715392589569091797e+01
3.717397809028625488e+01
3.719436693191528320e+01
3.721421265602111816e+01
3.723311948776245117e+01
3.725406479835510254e+01
3.727394533157348633e+01
3.729392051696777344e+01
3.731398129463195801e+01
3.733390569686889648e+01
3.735441470146179199e+01
3.737427568435668945e+01
3.740160393714904785e+01
3.742027902603149414e+01
3.744175887107849121e+01
3.746118855476379395e+01
3.748288226127624512e+01
3.750103688240051270e+01
3.752093458175659180e+01
3.754062557220458984e+01
3.756024956703186035e+01
3.758173394203186035e+01
3.760107183456420898e+01
3.762023758888244629e+01
3.764105248451232910e+01
3.766145300865173340e+01
3.768089771270751953e+01
3.770089817047119141e+01
3.772113823890686035e+01
3.774119472503662109e+01
3.776106953620910645e+01
3.778199791908264160e+01
3.780094623565673828e+01
3.782099151611328125e+01
3.784069561958312988e+01
3.786109542846679688e+01
3.788106775283813477e+01
3.790190863609313965e+01
3.792120933532714844e+01
3.794189476966857910e+01
3.796103525161743164e+01
3.798211812973022461e+01
3.800030350685119629e+01
3.802071046829223633e+01
3.804119777679443359e+01
3.806028366088867188e+01
3.808091855049133301e+01
3.810027933120727539e+01
3.812271523475646973e+01
3.814127683639526367e+01
3.816158795356750488e+01
3.818115639686584473e+01
3.820059323310852051e+01
3.822061085700988770e+01
3.824176192283630371e+01
3.826100873947143555e+01
3.828090548515319824e+01
3.830100083351135254e+01
3.832062935829162598e+01
3.834112882614135742e+01
3.836105322837829590e+01
3.838127946853637695e+01
3.840098834037780762e+01
3.842088842391967773e+01
3.844072151184082031e+01
3.846107554435729980e+01
3.848098325729370117e+01
3.850103616714477539e+01
3.852104949951171875e+01
3.854111409187316895e+01
3.856170606613159180e+01
3.858111310005187988e+01
3.860190701484680176e+01
3.862092471122741699e+01
3.864187502861022949e+01
3.866127467155456543e+01
3.868132257461547852e+01
3.870134639739990234e+01
3.872105741500854492e+01
3.874116945266723633e+01
3.876094746589660645e+01
3.878169965744018555e+01
3.880117464065551758e+01
3.882116961479187012e+01
3.884030294418334961e+01
3.886163806915283203e+01
3.888114786148071289e+01
3.890093445777893066e+01
3.892063975334167480e+01
3.894056940078735352e+01
3.896108007431030273e+01
3.898100066184997559e+01
3.900063753128051758e+01
3.902088975906372070e+01
3.904103660583496094e+01
3.906111383438110352e+01
3.908113527297973633e+01
3.910151767730712891e+01
3.912094426155090332e+01
3.914062714576721191e+01
3.916055607795715332e+01
3.918083238601684570e+01
3.920113301277160645e+01
3.922158312797546387e+01
3.924117231369018555e+01
3.926049494743347168e+01
3.928034281730651855e+01
3.930077910423278809e+01
3.932110142707824707e+01
3.934070253372192383e+01
3.936093807220458984e+01
3.938126325607299805e+01
3.940106511116027832e+01
3.942106366157531738e+01
3.944060134887695312e+01
3.946103000640869141e+01
3.948069787025451660e+01
3.950059580802917480e+01
3.952144169807434082e+01
3.954099011421203613e+01
3.956115913391113281e+01
3.958159446716308594e+01
3.960062241554260254e+01
3.962099814414978027e+01
3.964064407348632812e+01
3.966097307205200195e+01
3.968109655380249023e+01
3.970111274719238281e+01
3.972122383117675781e+01
3.974062395095825195e+01
3.976100659370422363e+01
3.978065037727355957e+01
3.981198000907897949e+01
3.983195137977600098e+01
3.985233235359191895e+01
3.987163805961608887e+01
3.989208221435546875e+01
3.991187548637390137e+01
3.993186116218566895e+01
3.995222997665405273e+01
3.997202277183532715e+01
3.999212288856506348e+01
4.001162958145141602e+01
4.003135347366333008e+01
4.005191516876220703e+01
4.007137870788574219e+01
4.009237623214721680e+01
4.011276674270629883e+01
4.013147926330566406e+01
4.015167307853698730e+01
4.017145299911499023e+01
4.019266843795776367e+01
4.021301579475402832e+01
4.023178768157958984e+01
4.025280642509460449e+01
4.027201199531555176e+01
4.029160571098327637e+01
4.031161403656005859e+01
4.033169937133789062e+01
4.035191106796264648e+01
4.037153053283691406e+01
4.039215397834777832e+01
4.041227412223815918e+01
4.043196868896484375e+01
4.045240521430969238e+01
4.047728013992309570e+01
4.049724388122558594e+01
4.051714682579040527e+01
4.053729557991027832e+01
4.055711817741394043e+01
4.057768607139587402e+01
4.059719038009643555e+01
4.061719036102294922e+01
4.063774728775024414e+01
4.065672731399536133e+01
4.067765808105468750e+01
4.069775843620300293e+01
4.071675395965576172e+01
4.073827838897705078e+01
4.075685381889343262e+01
4.077805900573730469e+01
4.079731297492980957e+01
4.081728100776672363e+01
4.083742189407348633e+01
4.085720348358154297e+01
4.087742114067077637e+01
4.089768981933593750e+01
4.091767072677612305e+01
4.093743109703063965e+01
4.095691275596618652e+01
4.097715616226196289e+01
4.099704384803771973e+01
4.101710224151611328e+01
4.103789401054382324e+01
4.105739045143127441e+01
4.107723879814147949e+01
4.109772968292236328e+01
4.111743497848510742e+01
4.113792586326599121e+01
4.115797448158264160e+01
4.117779326438903809e+01
4.119789552688598633e+01
4.121748232841491699e+01
4.123780393600463867e+01
4.125681877136230469e+01
4.127819204330444336e+01
4.129678511619567871e+01
4.131735777854919434e+01
4.133752989768981934e+01
4.135705065727233887e+01
4.137730717658996582e+01
4.139711833000183105e+01
4.141667461395263672e+01
4.143710684776306152e+01
4.145740962028503418e+01
4.147720980644226074e+01
4.149718260765075684e+01
4.151712465286254883e+01
4.153710746765136719e+01
4.155690622329711914e+01
4.157738232612609863e+01
4.159670162200927734e+01
4.161711621284484863e+01
4.163707542419433594e+01
4.165640425682067871e+01
4.167757415771484375e+01
4.169706869125366211e+01
4.171704936027526855e+01
4.173688769340515137e+01
4.175691413879394531e+01
4.177693223953247070e+01
4.179699850082397461e+01
4.181692314147949219e+01
4.183665895462036133e+01
4.185670423507690430e+01
4.187671613693237305e+01
4.189666819572448730e+01
4.191670107841491699e+01
4.193666100502014160e+01
4.195748710632324219e+01
4.197672986984252930e+01
4.199666547775268555e+01
4.201713418960571289e+01
4.203750729560852051e+01
4.205744576454162598e+01
4.207774972915649414e+01
4.209676241874694824e+01
4.211721348762512207e+01
4.213728785514831543e+01
4.215750980377197266e+01
4.217792677879333496e+01
4.219721341133117676e+01
4.221784806251525879e+01
4.223755669593811035e+01
4.225827503204345703e+01
4.227730846405029297e+01
4.229765415191650391e+01
4.232474088668823242e+01
4.234459400177001953e+01
4.236440086364746094e+01
4.238478183746337891e+01
4.240416049957275391e+01
4.242481803894042969e+01
4.244461011886596680e+01
4.247209692001342773e+01
4.249128866195678711e+01
4.251169800758361816e+01
4.253181123733520508e+01
4.255185508728027344e+01
4.257183051109313965e+01
4.259202218055725098e+01
4.261174082756042480e+01
4.263146090507507324e+01
4.265223455429077148e+01
4.267184686660766602e+01
4.269176769256591797e+01
4.271180987358093262e+01
4.273173618316650391e+01
4.275137925148010254e+01
4.277179884910583496e+01
4.279208898544311523e+01
4.281196427345275879e+01
4.283204054832458496e+01
4.285245347023010254e+01
4.287164783477783203e+01
4.289184331893920898e+01
4.291169524192810059e+01
4.293214964866638184e+01
4.295183134078979492e+01
4.297178697586059570e+01
4.299125528335571289e+01
4.301118898391723633e+01
4.303119468688964844e+01
4.305119466781616211e+01
4.307121062278747559e+01
4.309123778343200684e+01
4.311118674278259277e+01
4.313118696212768555e+01
4.315117597579956055e+01
4.317119860649108887e+01
4.319122242927551270e+01
4.321117734909057617e+01
4.323115706443786621e+01
4.325121021270751953e+01
4.327118325233459473e+01
4.329124116897583008e+01
4.331119060516357422e+01
4.333118963241577148e+01
4.335123515129089355e+01
4.337119936943054199e+01
4.339126276969909668e+01
4.341118264198303223e+01
4.343118858337402344e+01
4.345122933387756348e+01
4.347118353843688965e+01
4.349118280410766602e+01
4.351116466522216797e+01
4.353154683113098145e+01
4.355126738548278809e+01
4.357195162773132324e+01
4.359125089645385742e+01
4.361118531227111816e+01
4.363119316101074219e+01
4.365117645263671875e+01
4.367119646072387695e+01
4.369115328788757324e+01
4.371117210388183594e+01
4.373133730888366699e+01
4.375215983390808105e+01
4.377121162414550781e+01
4.379128718376159668e+01
4.381126570701599121e+01
4.383119750022888184e+01
4.385119032859802246e+01
4.387117457389831543e+01
4.389117646217346191e+01
4.391197776794433594e+01
4.393224835395812988e+01
4.395128822326660156e+01
4.397117757797241211e+01
4.399123024940490723e+01
4.401119995117187500e+01
4.403118872642517090e+01
4.405123901367187500e+01
4.407117700576782227e+01
4.409123587608337402e+01
4.411207556724548340e+01
4.413179945945739746e+01
4.415186572074890137e+01
4.417189145088195801e+01
4.419192647933959961e+01
4.421179699897766113e+01
4.423255252838134766e+01
4.425178289413452148e+01
4.427186036109924316e+01
4.429178047180175781e+01
4.431942105293273926e+01
4.434018492698669434e+01
4.435973381996154785e+01
4.437982940673828125e+01
4.439938282966613770e+01
4.442011809349060059e+01
4.444007277488708496e+01
4.445914435386657715e+01
4.447981786727905273e+01
4.450146746635437012e+01
4.451906800270080566e+01
4.453993749618530273e+01
4.455953383445739746e+01
4.458473992347717285e+01
4.460393691062927246e+01
4.462433028221130371e+01
4.464445781707763672e+01
4.466417670249938965e+01
4.468433356285095215e+01
4.470431995391845703e+01
4.472451591491699219e+01
4.474440169334411621e+01
4.476444482803344727e+01
4.478410792350769043e+01
4.480432248115539551e+01
4.482410597801208496e+01
4.484387159347534180e+01
4.486407470703125000e+01
4.488385200500488281e+01
4.490402317047119141e+01
4.492400956153869629e+01
4.494400024414062500e+01
4.496444463729858398e+01
4.498405814170837402e+01
4.500384688377380371e+01
4.502380466461181641e+01
4.504382896423339844e+01
4.506387710571289062e+01
4.508384108543395996e+01
4.510378623008728027e+01
4.512379050254821777e+01
4.514425420761108398e+01
4.516381835937500000e+01
4.518350720405578613e+01
4.520349216461181641e+01
4.522379446029663086e+01
4.524414658546447754e+01
4.526385712623596191e+01
4.528382897377014160e+01
4.530361247062683105e+01
4.532382535934448242e+01
4.534378194808959961e+01
4.536409521102905273e+01
4.538385009765625000e+01
4.540343713760375977e+01
4.542381405830383301e+01
4.544418787956237793e+01
4.546349453926086426e+01
4.548388338088989258e+01
4.550411748886108398e+01
4.552399420738220215e+01
4.554382562637329102e+01
4.556408643722534180e+01
4.558394098281860352e+01
4.560383081436157227e+01
4.562378954887390137e+01
4.564381742477416992e+01
4.566385531425476074e+01
4.568402123451232910e+01
4.570386719703674316e+01
4.572419548034667969e+01
4.574434781074523926e+01
4.576357793807983398e+01
4.578383421897888184e+01
4.580365872383117676e+01
4.582399082183837891e+01
4.584387230873107910e+01
4.586319255828857422e+01
4.588398623466491699e+01
4.590332841873168945e+01
4.592315697669982910e+01
4.594392919540405273e+01
4.596382546424865723e+01
4.598395633697509766e+01
4.600404548645019531e+01
4.602358889579772949e+01
4.604592800140380859e+01
4.606426334381103516e+01
4.608385562896728516e+01
4.610382270812988281e+01
4.612403368949890137e+01
4.614323544502258301e+01
4.616403818130493164e+01
4.618389368057250977e+01
4.620409488677978516e+01
4.622407245635986328e+01
4.624391722679138184e+01
4.626395893096923828e+01
4.628453016281127930e+01
4.630416917800903320e+01
4.632408690452575684e+01
4.634416103363037109e+01
4.636411857604980469e+01
4.638346838951110840e+01
4.640428495407104492e+01
4.642391324043273926e+01
4.644352126121520996e+01
4.646352076530456543e+01
4.648352003097534180e+01
4.650432491302490234e+01
4.652345252037048340e+01
4.654443287849426270e+01
4.656458663940429688e+01
4.658374190330505371e+01
4.660369586944580078e+01
4.662410545349121094e+01
4.664402103424072266e+01
4.666407155990600586e+01
4.668394041061401367e+01
4.670414757728576660e+01
4.672382283210754395e+01
4.674403047561645508e+01
4.676357054710388184e+01
4.678321409225463867e+01
4.680396342277526855e+01
4.682430911064147949e+01
4.684401059150695801e+01
4.686464500427246094e+01
4.688395404815673828e+01
4.690403652191162109e+01
4.692423868179321289e+01
4.694405221939086914e+01
4.696419620513916016e+01
4.698370480537414551e+01
4.700425529479980469e+01
4.702411985397338867e+01
4.704405069351196289e+01
4.706399440765380859e+01
4.708425736427307129e+01
4.710400533676147461e+01
4.712401890754699707e+01
4.714391160011291504e+01
4.716397547721862793e+01
4.718411755561828613e+01
4.720416426658630371e+01
4.722415518760681152e+01
4.724398851394653320e+01
4.726407146453857422e+01
4.728395342826843262e+01
4.730436587333679199e+01
4.732356190681457520e+01
4.734416079521179199e+01
4.736415457725524902e+01
4.738388133049011230e+01
4.740398001670837402e+01
4.742365813255310059e+01
4.744471716880798340e+01
4.746376204490661621e+01
4.748395800590515137e+01
4.750402808189392090e+01
4.752400946617126465e+01
4.754402446746826172e+01
4.756444478034973145e+01
4.758403062820434570e+01
4.760409569740295410e+01
4.762428045272827148e+01
4.764414978027343750e+01
4.766534304618835449e+01
4.768351030349731445e+01
4.770545482635498047e+01
4.772399401664733887e+01
4.774394726753234863e+01
4.776391005516052246e+01
4.778471040725708008e+01
4.780411601066589355e+01
4.782336688041687012e+01
4.784410977363586426e+01
4.786373090744018555e+01
4.788404750823974609e+01
4.790409398078918457e+01
4.792407798767089844e+01
4.794401192665100098e+01
4.796395325660705566e+01
4.798468852043151855e+01
4.800364494323730469e+01
4.802512145042419434e+01
4.804349756240844727e+01
4.806431841850280762e+01
4.808429503440856934e+01
4.810452532768249512e+01
4.812420487403869629e+01
4.814431977272033691e+01
4.816421842575073242e+01
4.818319296836853027e+01
4.820387864112854004e+01
4.822333765029907227e+01
4.824326157569885254e+01
4.826427960395812988e+01
4.828380513191223145e+01
4.830400705337524414e+01
4.832423233985900879e+01
4.834395170211791992e+01
4.836413073539733887e+01
4.838405895233154297e+01
4.840391159057617188e+01
4.842324566841125488e+01
4.844401574134826660e+01
4.846397089958190918e+01
4.848445558547973633e+01
4.850401926040649414e+01
4.852474331855773926e+01
4.854408478736877441e+01
4.856418251991271973e+01
4.858399653434753418e+01
4.860449981689453125e+01
4.862395024299621582e+01
4.864410710334777832e+01
4.866415143013000488e+01
4.868419575691223145e+01
4.870338439941406250e+01
4.872412252426147461e+01
4.874406027793884277e+01
4.876397418975830078e+01
4.878404736518859863e+01
4.880367875099182129e+01
4.882411050796508789e+01
4.884401845932006836e+01
4.886402583122253418e+01
4.888402152061462402e+01
4.890401387214660645e+01
4.892433619499206543e+01
4.894392752647399902e+01
4.896401357650756836e+01
4.898349475860595703e+01
4.900356411933898926e+01
4.902395963668823242e+01
4.904441213607788086e+01
4.906444644927978516e+01
4.908397340774536133e+01
4.910353279113769531e+01
4.912404966354370117e+01
4.914425873756408691e+01
4.916414546966552734e+01
4.918395280838012695e+01
4.920423674583435059e+01
4.922422504425048828e+01
4.924410462379455566e+01
4.926411294937133789e+01
4.928434371948242188e+01
4.930348753929138184e+01
4.932329773902893066e+01
4.934400725364685059e+01
4.936392831802368164e+01
4.938379812240600586e+01
4.940412139892578125e+01
4.942397189140319824e+01
4.944398546218872070e+01
4.946416187286376953e+01
4.948412442207336426e+01
4.950369834899902344e+01
4.952413272857666016e+01
4.954352188110351562e+01
4.956409835815429688e+01
4.958401846885681152e+01
4.960377573966979980e+01
4.962403964996337891e+01
4.964359664916992188e+01
4.966397285461425781e+01
4.968417572975158691e+01
4.970365786552429199e+01
4.972426295280456543e+01
4.974420285224914551e+01
4.976401114463806152e+01
4.978363108634948730e+01
4.980381512641906738e+01
4.982480955123901367e+01
4.984470796585083008e+01
4.986355996131896973e+01
4.988351893424987793e+01
4.990415453910827637e+01
4.992447423934936523e+01
4.994376182556152344e+01
4.996460509300231934e+01
4.998347306251525879e+01
5.000350117683410645e+01
5.002340984344482422e+01
5.004410767555236816e+01
5.006329011917114258e+01
5.008481240272521973e+01
5.010446596145629883e+01
5.012378835678100586e+01
5.014434814453125000e+01
5.016396903991699219e+01
5.018456625938415527e+01
5.020411086082458496e+01
5.022366929054260254e+01
5.024509692192077637e+01
5.026319622993469238e+01
5.028411722183227539e+01
5.030400204658508301e+01
5.032414603233337402e+01
5.034422039985656738e+01
5.037617182731628418e+01
5.039630818367004395e+01
5.041627907752990723e+01
5.043630194664001465e+01
5.045582032203674316e+01
5.048481249809265137e+01
5.050476002693176270e+01
5.052522683143615723e+01
5.054488706588745117e+01
5.056464385986328125e+01
5.058552455902099609e+01
5.060451006889343262e+01
5.062622308731079102e+01
5.064448642730712891e+01
5.066474270820617676e+01
5.068538331985473633e+01
5.070526909828186035e+01
5.072570633888244629e+01
5.074455237388610840e+01
5.076560997962951660e+01
5.078515839576721191e+01
5.080492377281188965e+01
5.082498216629028320e+01
5.084477949142456055e+01
5.086609864234924316e+01
5.088447713851928711e+01
5.090507125854492188e+01
5.092455601692199707e+01
5.094485783576965332e+01
5.096614336967468262e+01
5.098452067375183105e+01
5.100495719909667969e+01
5.102481770515441895e+01
5.104545640945434570e+01
5.106452584266662598e+01
5.108426713943481445e+01
5.110501670837402344e+01
5.112446570396423340e+01
5.114493274688720703e+01
5.116510343551635742e+01
5.118509697914123535e+01
5.120471668243408203e+01
5.122506093978881836e+01
5.124496102333068848e+01
5.126514363288879395e+01
5.128470921516418457e+01
5.130451631546020508e+01
5.132565808296203613e+01
5.134500503540039062e+01
5.136488294601440430e+01
5.138531661033630371e+01
5.140513634681701660e+01
5.142547488212585449e+01
5.144500660896301270e+01
5.146534204483032227e+01
5.148486423492431641e+01
5.150467586517333984e+01
5.152642893791198730e+01
5.154498171806335449e+01
5.156483387947082520e+01
5.158471202850341797e+01
5.160429048538208008e+01
5.162440228462219238e+01
5.164432168006896973e+01
5.166437792778015137e+01
5.168427133560180664e+01
5.170430946350097656e+01
5.172435379028320312e+01
5.174428057670593262e+01
5.176434063911437988e+01
5.178425526618957520e+01
5.180454039573669434e+01
5.182437324523925781e+01
5.184431385993957520e+01
5.186427760124206543e+01
5.188430285453796387e+01
5.190430617332458496e+01
5.192435503005981445e+01
5.194428229331970215e+01
5.196439266204833984e+01
5.198427581787109375e+01
5.200431466102600098e+01
5.202437162399291992e+01
5.204431271553039551e+01
5.206434679031372070e+01
5.208424830436706543e+01
5.210432839393615723e+01
5.212441778182983398e+01
5.214423155784606934e+01
5.216429495811462402e+01
5.218431687355041504e+01
5.220426774024963379e+01
5.222435927391052246e+01
5.224432325363159180e+01
5.226434493064880371e+01
5.228428220748901367e+01
5.230488061904907227e+01
5.232495927810668945e+01
5.234484767913818359e+01
5.236566567420959473e+01
5.238517618179321289e+01
5.240534329414367676e+01
5.242533802986145020e+01
5.244568705558776855e+01
5.246578145027160645e+01
5.248446989059448242e+01
5.250532960891723633e+01
5.252485752105712891e+01
5.254454278945922852e+01
5.256504249572753906e+01
5.258452773094177246e+01
5.260536813735961914e+01
5.262514281272888184e+01
5.264462065696716309e+01
5.266502857208251953e+01
5.268525719642639160e+01
5.270511889457702637e+01
5.272506237030029297e+01
5.274515461921691895e+01
5.276512455940246582e+01
5.278524017333984375e+01
5.280525374412536621e+01
5.282470488548278809e+01
5.284522557258605957e+01
5.286517119407653809e+01
5.288513541221618652e+01
5.290498423576354980e+01
5.292480897903442383e+01
5.294560384750366211e+01
5.296465897560119629e+01
5.298532795906066895e+01
5.300489807128906250e+01
5.302518510818481445e+01
5.304501223564147949e+01
5.306508803367614746e+01
5.308490037918090820e+01
5.310483765602111816e+01
5.312542724609375000e+01
5.314505481719970703e+01
5.316500401496887207e+01
5.318483686447143555e+01
5.320516562461853027e+01
5.322484302520751953e+01
5.324504566192626953e+01
5.326488471031188965e+01
5.328552937507629395e+01
5.330479860305786133e+01
5.332502794265747070e+01
5.334573173522949219e+01
5.336442971229553223e+01
5.338557481765747070e+01
5.340507984161376953e+01
5.342570662498474121e+01
5.344447040557861328e+01
5.346513104438781738e+01
5.348506712913513184e+01
5.350491333007812500e+01
5.352475380897521973e+01
5.354481625556945801e+01
5.356544613838195801e+01
5.358489298820495605e+01
5.360511636734008789e+01
5.362493991851806641e+01
5.364504647254943848e+01
5.366524171829223633e+01
5.369220185279846191e+01
5.371215915679931641e+01
5.373159408569335938e+01
5.375214314460754395e+01
5.377163290977478027e+01
5.379207944869995117e+01
5.381179213523864746e+01
5.383190965652465820e+01
5.385124516487121582e+01
5.387264060974121094e+01
5.389179754257202148e+01
5.391162919998168945e+01
5.393196630477905273e+01
5.395185828208923340e+01
5.397218179702758789e+01
5.399191236495971680e+01
5.401107573509216309e+01
5.403105092048645020e+01
5.405626201629638672e+01
5.408399820327758789e+01
5.410474038124084473e+01
5.412472152709960938e+01
5.414472508430480957e+01
5.416487765312194824e+01
5.418400549888610840e+01
5.420445346832275391e+01
5.422521305084228516e+01
5.424442934989929199e+01
5.426454091072082520e+01
5.428480029106140137e+01
5.430446290969848633e+01
5.432429218292236328e+01
5.434482765197753906e+01
5.436442351341247559e+01
5.438456749916076660e+01
5.440404558181762695e+01
5.442486977577209473e+01
5.444424128532409668e+01
5.446442747116088867e+01
5.448520588874816895e+01
5.450497388839721680e+01
5.452431321144104004e+01
5.454434585571289062e+01
5.456459403038024902e+01
5.458983302116394043e+01
5.460901308059692383e+01
5.462968730926513672e+01
5.464991617202758789e+01
5.466838049888610840e+01
5.468916296958923340e+01
5.470849704742431641e+01
5.472907781600952148e+01
5.474955224990844727e+01
5.476980328559875488e+01
5.478864622116088867e+01
5.480871200561523438e+01
5.482957601547241211e+01
5.484930825233459473e+01
5.486942028999328613e+01
5.488951253890991211e+01
5.490915966033935547e+01
5.492897868156433105e+01
5.494865536689758301e+01
5.496921944618225098e+01
5.498867416381835938e+01
5.500887370109558105e+01
5.502891802787780762e+01
5.504918241500854492e+01
5.506896042823791504e+01
5.508924627304077148e+01
5.510878515243530273e+01
5.512874174118041992e+01
5.514957237243652344e+01
5.516876649856567383e+01
5.518876862525939941e+01
5.520950508117675781e+01
5.522913956642150879e+01
5.524918484687805176e+01
5.526914715766906738e+01
5.528894114494323730e+01
5.530865526199340820e+01
5.532948231697082520e+01
5.534919190406799316e+01
5.536923861503601074e+01
5.538872003555297852e+01
5.540914273262023926e+01
5.542878985404968262e+01
5.544894075393676758e+01
5.546914958953857422e+01
5.548842954635620117e+01
5.550940418243408203e+01
5.553229928016662598e+01
5.554930615425109863e+01
5.556919050216674805e+01
5.558899545669555664e+01
5.560865116119384766e+01
5.562841224670410156e+01
5.564892029762268066e+01
5.566893935203552246e+01
5.568908214569091797e+01
5.570922517776489258e+01
5.572913718223571777e+01
5.574900770187377930e+01
5.576904511451721191e+01
5.578933048248291016e+01
5.580916309356689453e+01
5.582928347587585449e+01
5.584908914566040039e+01
5.586868119239807129e+01
5.588982439041137695e+01
5.590888571739196777e+01
5.592918658256530762e+01
5.594989132881164551e+01
5.596887969970703125e+01
5.598894834518432617e+01
5.600907778739929199e+01
5.602899169921875000e+01
5.604926681518554688e+01
5.606933617591857910e+01
5.608920907974243164e+01
5.610924053192138672e+01
5.612936162948608398e+01
5.614909529685974121e+01
5.616925096511840820e+01
5.618942093849182129e+01
5.620912027359008789e+01
5.622939133644104004e+01
5.624975895881652832e+01
5.626989340782165527e+01
5.628866910934448242e+01
5.631013488769531250e+01
5.633409309387207031e+01
5.635417318344116211e+01
5.637363982200622559e+01
5.639356160163879395e+01
5.641388225555419922e+01
5.643552017211914062e+01
5.645393586158752441e+01
5.647448587417602539e+01
5.649444651603698730e+01
5.651351261138916016e+01
5.653432106971740723e+01
5.655421257019042969e+01
5.657431483268737793e+01
5.659384608268737793e+01
5.662338113784790039e+01
5.664361166954040527e+01
5.666310191154479980e+01
5.668310308456420898e+01
5.670313763618469238e+01
5.672316861152648926e+01
5.674327588081359863e+01
5.676313042640686035e+01
5.678307819366455078e+01
5.680324435234069824e+01
5.682323789596557617e+01
5.684308648109436035e+01
5.686330866813659668e+01
5.688301420211791992e+01
5.690317988395690918e+01
5.692295861244201660e+01
5.694318962097167969e+01
5.696321415901184082e+01
5.698315715789794922e+01
5.700314116477966309e+01
5.702325963973999023e+01
5.704300045967102051e+01
5.706303191184997559e+01
5.708293199539184570e+01
5.710287690162658691e+01
5.712392592430114746e+01
5.714288473129272461e+01
5.716415715217590332e+01
5.718259453773498535e+01
5.720326399803161621e+01
5.722320580482482910e+01
5.724283623695373535e+01
5.726320600509643555e+01
5.728323268890380859e+01
5.730373120307922363e+01
5.732263851165771484e+01
5.734369945526123047e+01
5.736280798912048340e+01
5.738290190696716309e+01
5.740295505523681641e+01
5.742326235771179199e+01
5.744301748275756836e+01
5.746302556991577148e+01
5.748306965827941895e+01
5.750300312042236328e+01
5.752328157424926758e+01
5.754249906539916992e+01
5.756353998184204102e+01
5.758340239524841309e+01
5.760368704795837402e+01
5.762299609184265137e+01
5.764283347129821777e+01
5.766336321830749512e+01
5.768334960937500000e+01
5.770333647727966309e+01
5.772349190711975098e+01
5.774235916137695312e+01
5.776314854621887207e+01
5.778306007385253906e+01
5.780249810218811035e+01
5.782245969772338867e+01
5.784360599517822266e+01
5.786248540878295898e+01
5.788239216804504395e+01
5.790302443504333496e+01
5.792316746711730957e+01
5.794322133064270020e+01
5.796289181709289551e+01
5.798329162597656250e+01
5.800316190719604492e+01
5.802266836166381836e+01
5.804301929473876953e+01
5.806309485435485840e+01
5.808338236808776855e+01
5.810315704345703125e+01
5.812321114540100098e+01
5.814332628250122070e+01
5.816299867630004883e+01
5.818323612213134766e+01
5.820311141014099121e+01
5.822310304641723633e+01
5.824884700775146484e+01
5.826835513114929199e+01
5.828822040557861328e+01
5.830834007263183594e+01
5.833500576019287109e+01
5.835450744628906250e+01
5.837498211860656738e+01
5.840077447891235352e+01
5.842025303840637207e+01
5.844039487838745117e+01
5.845997405052185059e+01
5.848010039329528809e+01
5.850061345100402832e+01
5.852008676528930664e+01
5.853969454765319824e+01
5.855965042114257812e+01
5.857966923713684082e+01
5.860004305839538574e+01
5.861997413635253906e+01
5.863990640640258789e+01
5.866006946563720703e+01
5.867987442016601562e+01
5.870003104209899902e+01
5.871991991996765137e+01
5.873999547958374023e+01
5.875998520851135254e+01
5.877957320213317871e+01
5.879966664314270020e+01
5.881998538970947266e+01
5.883999538421630859e+01
5.885996007919311523e+01
5.887995338439941406e+01
5.889999794960021973e+01
5.891965866088867188e+01
5.894054627418518066e+01
5.895963406562805176e+01
5.898094367980957031e+01
5.899996900558471680e+01
5.902049517631530762e+01
5.903998565673828125e+01
5.906491446495056152e+01
5.908466744422912598e+01
5.911230182647705078e+01
5.913286662101745605e+01
5.915228557586669922e+01
5.917265176773071289e+01
5.919307565689086914e+01
5.921282434463500977e+01
5.923301696777343750e+01
5.925230503082275391e+01
5.927267861366271973e+01
5.929264140129089355e+01
5.931269121170043945e+01
5.933276057243347168e+01
5.935298085212707520e+01
5.937230587005615234e+01
5.939233493804931641e+01
5.941233420372009277e+01
5.943233323097229004e+01
5.945271396636962891e+01
5.947271275520324707e+01
5.949280810356140137e+01
5.951286053657531738e+01
5.953288578987121582e+01
5.955271506309509277e+01
5.957281398773193359e+01
5.959285116195678711e+01
5.961296272277832031e+01
5.963282990455627441e+01
5.966134095191955566e+01
5.968187785148620605e+01
5.970080256462097168e+01
5.972179794311523438e+01
5.974078297615051270e+01
5.976149129867553711e+01
5.978241515159606934e+01
5.980101752281188965e+01
5.982139420509338379e+01
5.984151101112365723e+01
5.986059975624084473e+01
5.988110065460205078e+01
5.990141844749450684e+01
5.992133665084838867e+01
5.994095396995544434e+01
5.996065878868103027e+01
5.998069953918457031e+01
6.000153851509094238e+01
6.002104640007019043e+01
6.004091954231262207e+01
6.006071352958679199e+01
6.008057570457458496e+01
6.010057353973388672e+01
6.012094020843505859e+01
6.014117503166198730e+01
6.016137814521789551e+01
6.018108081817626953e+01
6.020108079910278320e+01
6.022144007682800293e+01
6.024073028564453125e+01
6.026108121871948242e+01
6.028102135658264160e+01
6.030098843574523926e+01
6.032268023490905762e+01
6.034136843681335449e+01
6.036180019378662109e+01
6.038147282600402832e+01
6.040154314041137695e+01
6.042086100578308105e+01
6.044160175323486328e+01
6.046120643615722656e+01
6.048149847984313965e+01
6.050117707252502441e+01
6.052253317832946777e+01
6.054082465171813965e+01
6.056158494949340820e+01
6.058116078376770020e+01
6.060087990760803223e+01
6.062211084365844727e+01
6.064088916778564453e+01
6.066209149360656738e+01
6.068142104148864746e+01
6.070131134986877441e+01
6.072137832641601562e+01
6.074136662483215332e+01
6.076118040084838867e+01
6.078096771240234375e+01
6.080159091949462891e+01
6.082147312164306641e+01
6.084171915054321289e+01
6.086126899719238281e+01
6.088115191459655762e+01
6.090110445022583008e+01
6.092111659049987793e+01
6.094988083839416504e+01
6.096888065338134766e+01
6.098983407020568848e+01
6.100961732864379883e+01
6.102885270118713379e+01
6.104992604255676270e+01
6.106862735748291016e+01
6.108895349502563477e+01
6.110904216766357422e+01
6.112971591949462891e+01
6.114974236488342285e+01
6.116885018348693848e+01
6.118845081329345703e+01
6.120838904380798340e+01
6.122830080986022949e+01
6.124912714958190918e+01
6.126909565925598145e+01
6.128907704353332520e+01
6.130895471572875977e+01
6.132920336723327637e+01
6.134900808334350586e+01
6.136844015121459961e+01
6.138943886756896973e+01
6.140874958038330078e+01
6.142969584465026855e+01
6.144865465164184570e+01
6.146908974647521973e+01
6.148906016349792480e+01
6.150891971588134766e+01
6.152944898605346680e+01
6.154932928085327148e+01
6.156943440437316895e+01
6.158894324302673340e+01
6.160843348503112793e+01
6.162908697128295898e+01
6.165458202362060547e+01
6.167457175254821777e+01
6.169451904296875000e+01
6.171452474594116211e+01
6.173447561264038086e+01
6.175455451011657715e+01
6.178208565711975098e+01
6.180211067199707031e+01
6.182204842567443848e+01
6.184214997291564941e+01
6.186249637603759766e+01
6.188213133811950684e+01
6.190343499183654785e+01
6.192451596260070801e+01
6.194250226020812988e+01
6.196257615089416504e+01
6.198279404640197754e+01
6.200260019302368164e+01
6.202244973182678223e+01
6.204304718971252441e+01
6.206313991546630859e+01
6.208266925811767578e+01
6.210251760482788086e+01
6.212240958213806152e+01
6.214299964904785156e+01
6.216314196586608887e+01
6.218308043479919434e+01
6.220300483703613281e+01
6.222311902046203613e+01
6.224292254447937012e+01
6.226309084892272949e+01
6.228281903266906738e+01
6.230298972129821777e+01
6.232306575775146484e+01
6.234257507324218750e+01
6.236275529861450195e+01
6.238350152969360352e+01
6.240263438224792480e+01
6.242244076728820801e+01
6.244218516349792480e+01
6.246330308914184570e+01
6.248278260231018066e+01
6.250297212600708008e+01
6.252275371551513672e+01
6.254309463500976562e+01
6.256308555603027344e+01
6.258286309242248535e+01
6.260314202308654785e+01
6.262313294410705566e+01
6.264307904243469238e+01
6.266326355934143066e+01
6.268246293067932129e+01
6.270257496833801270e+01
6.272261667251586914e+01
6.274265193939208984e+01
6.276246142387390137e+01
6.278264808654785156e+01
6.280260229110717773e+01
6.282238793373107910e+01
6.284272217750549316e+01
6.286262512207031250e+01
6.288285779953002930e+01
6.290254831314086914e+01
6.292251276969909668e+01
6.294268894195556641e+01
6.296283984184265137e+01
6.298265528678894043e+01
6.300267624855041504e+01
6.302258157730102539e+01
6.304264163970947266e+01
6.306262755393981934e+01
6.308205270767211914e+01
6.310273432731628418e+01
6.312274909019470215e+01
6.314216041564941406e+01
6.316329216957092285e+01
6.318257308006286621e+01
6.320319414138793945e+01
6.322257542610168457e+01
6.324212884902954102e+01
6.326204991340637207e+01
6.328267788887023926e+01
6.330240988731384277e+01
6.332268571853637695e+01
6.334208726882934570e+01
6.336206984519958496e+01
6.338271713256835938e+01
6.340209794044494629e+01
6.342176103591918945e+01
6.344271612167358398e+01
6.346262264251708984e+01
6.348673510551452637e+01
6.350757741928100586e+01
6.352753233909606934e+01
6.354684519767761230e+01
6.356752896308898926e+01
6.358776974678039551e+01
6.360702514648437500e+01
6.362732005119323730e+01
6.364697313308715820e+01
6.366703176498413086e+01
6.368749809265136719e+01
6.370711684226989746e+01
6.372746491432189941e+01
6.374747037887573242e+01
6.376797246932983398e+01
6.378783607482910156e+01
6.380745697021484375e+01
6.382777929306030273e+01
6.384767961502075195e+01
6.386807131767272949e+01
6.388786172866821289e+01
6.390794610977172852e+01
6.392778754234313965e+01
6.394774389266967773e+01
6.396781110763549805e+01
6.398781275749206543e+01
6.400793433189392090e+01
6.402779603004455566e+01
6.404799938201904297e+01
6.406771850585937500e+01
6.408775234222412109e+01
6.410797595977783203e+01
6.412783312797546387e+01
6.414773106575012207e+01
6.416795992851257324e+01
6.418775296211242676e+01
6.420794391632080078e+01
6.422807693481445312e+01
6.424727034568786621e+01
6.426726126670837402e+01
6.428755831718444824e+01
6.430750083923339844e+01
6.432727313041687012e+01
6.435002303123474121e+01
6.436754250526428223e+01
6.438748908042907715e+01
6.440850353240966797e+01
6.442727303504943848e+01
6.444782161712646484e+01
6.446792960166931152e+01
6.448763680458068848e+01
6.450819015502929688e+01
6.452784848213195801e+01
6.454787611961364746e+01
6.456784963607788086e+01
6.458812642097473145e+01
6.461722421646118164e+01
6.463616347312927246e+01
6.465660977363586426e+01
6.467614626884460449e+01
6.469613480567932129e+01
6.471653509140014648e+01
6.473652672767639160e+01
6.475656652450561523e+01
6.477692794799804688e+01
6.479702901840209961e+01
6.481711101531982422e+01
6.483690166473388672e+01
6.485693430900573730e+01
6.487721109390258789e+01
6.489723157882690430e+01
6.491681671142578125e+01
6.493675398826599121e+01
6.495657348632812500e+01
6.497687792778015137e+01
6.499676156044006348e+01
6.501657676696777344e+01
6.504354953765869141e+01
6.506381440162658691e+01
6.508376359939575195e+01
6.510461401939392090e+01
6.512323307991027832e+01
6.514383435249328613e+01
6.516473364830017090e+01
6.518364858627319336e+01
6.520344090461730957e+01
6.522273492813110352e+01
6.524300289154052734e+01
6.526303577423095703e+01
6.528339314460754395e+01
6.530309367179870605e+01
6.532332682609558105e+01
6.534281945228576660e+01
6.536322331428527832e+01
6.538334035873413086e+01
6.540445446968078613e+01
6.542346024513244629e+01
6.544412803649902344e+01
6.546378016471862793e+01
6.548348736763000488e+01
6.550374555587768555e+01
6.552364993095397949e+01
6.554365968704223633e+01
6.556418085098266602e+01
6.558307790756225586e+01
6.560404968261718750e+01
6.562396740913391113e+01
6.564413738250732422e+01
6.566340804100036621e+01
6.568392109870910645e+01
6.570356535911560059e+01
6.572365164756774902e+01
6.574419426918029785e+01
6.576328802108764648e+01
6.578398275375366211e+01
6.580407810211181641e+01
6.582361531257629395e+01
6.584392976760864258e+01
6.586369681358337402e+01
6.588347554206848145e+01
6.590380525588989258e+01
6.592280054092407227e+01
6.594375824928283691e+01
6.596377944946289062e+01
6.598385882377624512e+01
6.600481462478637695e+01
6.602271747589111328e+01
6.604425883293151855e+01
6.606333804130554199e+01
6.608285832405090332e+01
6.610323762893676758e+01
6.612331247329711914e+01
6.614400243759155273e+01
6.616328310966491699e+01
6.618356037139892578e+01
6.620395946502685547e+01
6.622330546379089355e+01
6.624428176879882812e+01
6.627126646041870117e+01
6.629089879989624023e+01
6.631163883209228516e+01
6.633094978332519531e+01
6.635060262680053711e+01
6.637087178230285645e+01
6.639035892486572266e+01
6.641123056411743164e+01
6.643090772628784180e+01
6.645092344284057617e+01
6.647086906433105469e+01
6.649072623252868652e+01
6.651108169555664062e+01
6.653081488609313965e+01
6.655066394805908203e+01
6.657126116752624512e+01
6.659117412567138672e+01
6.661093044281005859e+01
6.663036751747131348e+01
6.665089035034179688e+01
6.667090058326721191e+01
6.668987512588500977e+01
6.671119785308837891e+01
6.673113512992858887e+01
6.675111842155456543e+01
6.677088522911071777e+01
6.679095482826232910e+01
6.681041526794433594e+01
6.683036136627197266e+01
6.685041570663452148e+01
6.687056660652160645e+01
6.689070177078247070e+01
6.691043376922607422e+01
6.693063926696777344e+01
6.695006513595581055e+01
6.697041511535644531e+01
6.699078464508056641e+01
6.701077961921691895e+01
6.703056621551513672e+01
6.705069112777709961e+01
6.707115340232849121e+01
6.709103131294250488e+01
6.711016845703125000e+01
6.713047790527343750e+01
6.715882587432861328e+01
6.717812514305114746e+01
6.719864821434020996e+01
6.721840357780456543e+01
6.723815536499023438e+01
6.725839734077453613e+01
6.727859973907470703e+01
6.729863429069519043e+01
6.731858873367309570e+01
6.733981680870056152e+01
6.735913705825805664e+01
6.737896227836608887e+01
6.739875960350036621e+01
6.741845655441284180e+01
6.743875956535339355e+01
6.745882606506347656e+01
6.747815108299255371e+01
6.749878549575805664e+01
6.751888513565063477e+01
6.753849887847900391e+01
6.755937457084655762e+01
6.757810974121093750e+01
6.759784412384033203e+01
6.761819577217102051e+01
6.763815331459045410e+01
6.765869426727294922e+01
6.767852973937988281e+01
6.769868779182434082e+01
6.771809434890747070e+01
6.773872041702270508e+01
6.775814867019653320e+01
6.777812337875366211e+01
6.779810881614685059e+01
6.781812715530395508e+01
6.783808159828186035e+01
6.785879969596862793e+01
6.787814903259277344e+01
6.789813208580017090e+01
6.791815948486328125e+01
6.793811035156250000e+01
6.795819497108459473e+01
6.797855114936828613e+01
6.799820470809936523e+01
6.801958584785461426e+01
6.803844332695007324e+01
6.805827832221984863e+01
6.807812619209289551e+01
6.809811305999755859e+01
6.811815595626831055e+01
6.813811683654785156e+01
6.815814685821533203e+01
6.817819118499755859e+01
6.819809889793395996e+01
6.821814107894897461e+01
6.823813438415527344e+01
6.825813555717468262e+01
6.827904415130615234e+01
6.829837155342102051e+01
6.831812047958374023e+01
6.833867549896240234e+01
6.835858678817749023e+01
6.837935090065002441e+01
6.839867162704467773e+01
6.841843342781066895e+01
6.843858456611633301e+01
6.845919227600097656e+01
6.848368048667907715e+01
6.850292372703552246e+01
6.852380084991455078e+01
6.854312872886657715e+01
6.856288671493530273e+01
6.858282589912414551e+01
6.860288929939270020e+01
6.862313961982727051e+01
6.864323067665100098e+01
6.866327762603759766e+01
6.868294429779052734e+01
6.870294880867004395e+01
6.872293949127197266e+01
6.874297976493835449e+01
6.876289391517639160e+01
6.878301811218261719e+01
6.880309081077575684e+01
6.882285475730895996e+01
6.884287953376770020e+01
6.886282992362976074e+01
6.888292193412780762e+01
6.890312337875366211e+01
6.892261838912963867e+01
6.894302701950073242e+01
6.896251940727233887e+01
6.898243618011474609e+01
6.900248050689697266e+01
6.902255058288574219e+01
6.904351782798767090e+01
6.906292486190795898e+01
6.908288407325744629e+01
6.910303688049316406e+01
6.912326121330261230e+01
6.914289784431457520e+01
6.916290211677551270e+01
6.918301367759704590e+01
6.920305752754211426e+01
6.922356796264648438e+01
6.924411606788635254e+01
6.926244878768920898e+01
6.928254246711730957e+01
6.930255246162414551e+01
6.932238054275512695e+01
6.934295845031738281e+01
6.936254835128784180e+01
6.938323283195495605e+01
6.940283203125000000e+01
6.942289948463439941e+01
6.944287037849426270e+01
6.946284198760986328e+01
6.948282074928283691e+01
6.950371575355529785e+01
6.952310442924499512e+01
6.954296374320983887e+01
6.956433320045471191e+01
6.958237981796264648e+01
6.960320782661437988e+01
6.962259769439697266e+01
6.964328217506408691e+01
6.966241955757141113e+01
6.968314671516418457e+01
6.970288825035095215e+01
6.972307157516479492e+01
6.974291324615478516e+01
6.976291513442993164e+01
6.978296065330505371e+01
6.980288267135620117e+01
6.982244992256164551e+01
6.984327840805053711e+01
6.986303234100341797e+01
6.988303375244140625e+01
6.990296626091003418e+01
6.992290401458740234e+01
6.994293379783630371e+01
6.996256113052368164e+01
6.998300623893737793e+01
7.000227856636047363e+01
7.002230954170227051e+01
7.004972934722900391e+01
7.006972503662109375e+01
7.008974075317382812e+01
7.010973954200744629e+01
7.012969660758972168e+01
7.014976000785827637e+01
7.016972613334655762e+01
7.018970656394958496e+01
7.020974826812744141e+01
7.022974395751953125e+01
7.024971485137939453e+01
7.026967906951904297e+01
7.028972625732421875e+01
7.030969667434692383e+01
7.032973694801330566e+01
7.034972572326660156e+01
7.036983346939086914e+01
7.038973498344421387e+01
7.040971755981445312e+01
7.042980480194091797e+01
7.044978761672973633e+01
7.046979832649230957e+01
7.048977613449096680e+01
7.051059937477111816e+01
7.052992677688598633e+01
7.055042362213134766e+01
7.057036328315734863e+01
7.059015536308288574e+01
7.061019945144653320e+01
7.063023042678833008e+01
7.065024590492248535e+01
7.067024183273315430e+01
7.069017791748046875e+01
7.071032214164733887e+01
7.073099017143249512e+01
7.075062966346740723e+01
7.076997208595275879e+01
7.079042243957519531e+01
7.081046676635742188e+01
7.083035302162170410e+01
7.085769915580749512e+01
7.087849545478820801e+01
7.089831113815307617e+01
7.091827225685119629e+01
7.093807291984558105e+01
7.095840597152709961e+01
7.097828459739685059e+01
7.099754571914672852e+01
7.101869654655456543e+01
7.103833365440368652e+01
7.105861091613769531e+01
7.107828092575073242e+01
7.109857892990112305e+01
7.111851048469543457e+01
7.113832974433898926e+01
7.115837192535400391e+01
7.117823553085327148e+01
7.119814872741699219e+01
7.121841502189636230e+01
7.123870038986206055e+01
7.125884246826171875e+01
7.127895355224609375e+01
7.129838013648986816e+01
7.131832146644592285e+01
7.133834075927734375e+01
7.135828423500061035e+01
7.137838220596313477e+01
7.139826607704162598e+01
7.141832709312438965e+01
7.143834853172302246e+01
7.145820975303649902e+01
7.147795939445495605e+01
7.149879646301269531e+01
7.151884889602661133e+01
7.153833365440368652e+01
7.155790901184082031e+01
7.157828354835510254e+01
7.159833860397338867e+01
7.161823821067810059e+01
7.163838529586791992e+01
7.165816354751586914e+01
7.167794299125671387e+01
7.169794154167175293e+01
7.171790146827697754e+01
7.173851490020751953e+01
7.175893902778625488e+01
7.177821969985961914e+01
7.179831862449645996e+01
7.181783390045166016e+01
7.183832454681396484e+01
7.185819649696350098e+01
7.187827825546264648e+01
7.189833712577819824e+01
7.191826486587524414e+01
7.193836474418640137e+01
7.195823764801025391e+01
7.197838163375854492e+01
7.200680780410766602e+01
7.202686238288879395e+01
7.205482554435729980e+01
7.207401680946350098e+01
7.209455156326293945e+01
7.211543273925781250e+01
7.213509821891784668e+01
7.215401530265808105e+01
7.217391419410705566e+01
7.219387793540954590e+01
7.221467423439025879e+01
7.223418855667114258e+01
7.225450086593627930e+01
7.227413558959960938e+01
7.229458260536193848e+01
7.231375074386596680e+01
7.234360027313232422e+01
7.236364245414733887e+01
7.238417625427246094e+01
7.240429496765136719e+01
7.242296338081359863e+01
7.244380116462707520e+01
7.246396303176879883e+01
7.248383855819702148e+01
7.250315880775451660e+01
7.252356743812561035e+01
7.254396271705627441e+01
7.256394004821777344e+01
7.258368015289306641e+01
7.260410618782043457e+01
7.263197112083435059e+01
7.264922833442687988e+01
7.267018175125122070e+01
7.268950676918029785e+01
7.270860385894775391e+01
7.272946929931640625e+01
7.274888992309570312e+01
7.276932501792907715e+01
7.278937935829162598e+01
7.280889749526977539e+01
7.282969808578491211e+01
7.285014724731445312e+01
7.286921072006225586e+01
7.288934040069580078e+01
7.290974521636962891e+01
7.292938780784606934e+01
7.294929432868957520e+01
7.296920728683471680e+01
7.298917579650878906e+01
7.300915026664733887e+01
7.302921175956726074e+01
7.304899096488952637e+01
7.306929564476013184e+01
7.308904838562011719e+01
7.310928487777709961e+01
7.312934303283691406e+01
7.314924263954162598e+01
7.316938686370849609e+01
7.319136095046997070e+01
7.320895004272460938e+01
7.323056960105895996e+01
7.324897527694702148e+01
7.326971030235290527e+01
7.328925395011901855e+01
7.330868339538574219e+01
7.332916331291198730e+01
7.334923291206359863e+01
7.337153148651123047e+01
7.338882517814636230e+01
7.341105723381042480e+01
7.342929482460021973e+01
7.344988703727722168e+01
7.346937656402587891e+01
7.348901581764221191e+01
7.350931262969970703e+01
7.352847766876220703e+01
7.355004262924194336e+01
7.356904363632202148e+01
7.359090971946716309e+01
7.360895848274230957e+01
7.363026070594787598e+01
7.364945101737976074e+01
7.366913223266601562e+01
7.368930149078369141e+01
7.370918798446655273e+01
7.372990798950195312e+01
7.374896144866943359e+01
7.377049064636230469e+01
7.378914475440979004e+01
7.380909204483032227e+01
7.382936859130859375e+01
7.384921717643737793e+01
7.386932611465454102e+01
7.388925886154174805e+01
7.390942168235778809e+01
7.392923855781555176e+01
7.394927954673767090e+01
7.396892023086547852e+01
7.399029302597045898e+01
7.400858139991760254e+01
7.402923274040222168e+01
7.404944920539855957e+01
7.406924891471862793e+01
7.408927464485168457e+01
7.410931277275085449e+01
7.412927579879760742e+01
7.414960694313049316e+01
7.416851639747619629e+01
7.418928194046020508e+01
7.420933055877685547e+01
7.422865772247314453e+01
7.424849987030029297e+01
7.426930379867553711e+01
7.428923606872558594e+01
7.430927705764770508e+01
7.432919597625732422e+01
7.434918642044067383e+01
7.436851215362548828e+01
7.438928246498107910e+01
7.440936613082885742e+01
7.442986559867858887e+01
7.444903874397277832e+01
7.446898627281188965e+01
7.448923277854919434e+01
7.450927877426147461e+01
7.452929878234863281e+01
7.454933357238769531e+01
7.456999874114990234e+01
7.458902359008789062e+01
7.460935926437377930e+01
7.462941813468933105e+01
7.464854431152343750e+01
7.467045688629150391e+01
7.468916702270507812e+01
7.470999383926391602e+01
7.472894215583801270e+01
7.475042343139648438e+01
7.476928186416625977e+01
7.478918743133544922e+01
7.480918979644775391e+01
7.482883310317993164e+01
7.484900045394897461e+01
7.486916041374206543e+01
7.488937377929687500e+01
7.490946650505065918e+01
7.492931246757507324e+01
7.494929361343383789e+01
7.497048664093017578e+01
7.498852491378784180e+01
7.501006793975830078e+01
7.502878689765930176e+01
7.504908609390258789e+01
7.506995105743408203e+01
7.508951282501220703e+01
7.510930275917053223e+01
7.512957596778869629e+01
7.514929080009460449e+01
7.516941666603088379e+01
7.518970417976379395e+01
7.520917057991027832e+01
7.522930884361267090e+01
7.524933004379272461e+01
7.527032184600830078e+01
7.528963780403137207e+01
7.530939579010009766e+01
7.532998156547546387e+01
7.534947586059570312e+01
7.536939406394958496e+01
7.538883900642395020e+01
7.540998101234436035e+01
7.542880702018737793e+01
7.544958686828613281e+01
7.546902847290039062e+01
7.548919129371643066e+01
7.550913333892822266e+01
7.552933764457702637e+01
7.554928588867187500e+01
7.556852245330810547e+01
7.558915638923645020e+01
7.560928750038146973e+01
7.562959599494934082e+01
7.564919424057006836e+01
7.566916656494140625e+01
7.568925929069519043e+01
7.571000909805297852e+01
7.572966098785400391e+01
7.574995994567871094e+01
7.576985836029052734e+01
7.578951740264892578e+01
7.580936813354492188e+01
7.582995867729187012e+01
7.584895324707031250e+01
7.586936426162719727e+01
7.588885068893432617e+01
7.590976548194885254e+01
7.592970275878906250e+01
7.594962739944458008e+01
7.596958160400390625e+01
7.598933291435241699e+01
7.600980615615844727e+01
7.602954626083374023e+01
7.604972887039184570e+01
7.606876730918884277e+01
7.608917903900146484e+01
7.610942912101745605e+01
7.612942647933959961e+01
7.614943361282348633e+01
7.616914534568786621e+01
7.618934345245361328e+01
7.620918011665344238e+01
7.622924733161926270e+01
7.624933838844299316e+01
7.626884102821350098e+01
7.628964567184448242e+01
7.630928349494934082e+01
7.632922601699829102e+01
7.634957337379455566e+01
7.636946463584899902e+01
7.639028930664062500e+01
7.640923738479614258e+01
7.642898654937744141e+01
7.644966411590576172e+01
7.646914076805114746e+01
7.649117493629455566e+01
7.650890398025512695e+01
7.652947974205017090e+01
7.654942035675048828e+01
7.656928491592407227e+01
7.658930420875549316e+01
7.660928893089294434e+01
7.662931799888610840e+01
7.664939355850219727e+01
7.666927504539489746e+01
7.668933415412902832e+01
7.670946621894836426e+01
7.672925829887390137e+01
7.675056886672973633e+01
7.676932430267333984e+01
7.678923344612121582e+01
7.680914378166198730e+01
7.682924532890319824e+01
7.684956169128417969e+01
7.686888360977172852e+01
7.688940954208374023e+01
7.690919303894042969e+01
7.692995762825012207e+01
7.694864487648010254e+01
7.696855711936950684e+01
7.698899435997009277e+01
7.700848865509033203e+01
7.703093528747558594e+01
7.704908108711242676e+01
7.707103085517883301e+01
7.708903717994689941e+01
7.710878896713256836e+01
7.712896585464477539e+01
7.715015220642089844e+01
7.716906118392944336e+01
7.718937921524047852e+01
7.720952916145324707e+01
7.722886967658996582e+01
7.724937295913696289e+01
7.726918053627014160e+01
7.728928971290588379e+01
7.730934500694274902e+01
7.732924532890319824e+01
7.734967231750488281e+01
7.736927509307861328e+01
7.738932251930236816e+01
7.740920519828796387e+01
7.742884731292724609e+01
7.744875288009643555e+01
7.746934247016906738e+01
7.748949575424194336e+01
7.750918173789978027e+01
7.752929329872131348e+01
7.754939484596252441e+01
7.756905817985534668e+01
7.758921480178833008e+01
7.760923624038696289e+01
7.762935900688171387e+01
7.764936256408691406e+01
7.766937422752380371e+01
7.768928623199462891e+01
7.770937275886535645e+01
7.772916030883789062e+01
7.774936795234680176e+01
7.776932787895202637e+01
7.778973221778869629e+01
7.780879783630371094e+01
7.782934522628784180e+01
7.784954190254211426e+01
7.786936759948730469e+01
7.788991832733154297e+01
7.790930104255676270e+01
7.792923736572265625e+01
7.794921565055847168e+01
7.796932172775268555e+01
7.798882746696472168e+01
7.800926828384399414e+01
7.802955889701843262e+01
7.804916286468505859e+01
7.806914329528808594e+01
7.808928155899047852e+01
7.811100697517395020e+01
7.812933206558227539e+01
7.814951229095458984e+01
7.816922783851623535e+01
7.818891739845275879e+01
7.820938587188720703e+01
7.822881579399108887e+01
7.824944782257080078e+01
7.826889228820800781e+01
7.828944540023803711e+01
7.830884861946105957e+01
7.832920527458190918e+01
7.834958600997924805e+01
7.836896419525146484e+01
7.838907861709594727e+01
7.840939211845397949e+01
7.842927694320678711e+01
7.844946193695068359e+01
7.846895527839660645e+01
7.848915362358093262e+01
7.850963330268859863e+01
7.852973341941833496e+01
7.854882264137268066e+01
7.856944346427917480e+01
7.858925986289978027e+01
7.860963487625122070e+01
7.862923049926757812e+01
7.864910745620727539e+01
7.866930270195007324e+01
7.868897533416748047e+01
7.870932912826538086e+01
7.872970342636108398e+01
7.874884629249572754e+01
7.876931166648864746e+01
7.878920102119445801e+01
7.880941128730773926e+01
7.882965159416198730e+01
7.884932923316955566e+01
7.886979174613952637e+01
7.888907527923583984e+01
7.890928435325622559e+01
7.892922878265380859e+01
7.894940066337585449e+01
7.896935892105102539e+01
7.898953723907470703e+01
7.900936651229858398e+01
7.902908110618591309e+01
7.904903650283813477e+01
7.906915426254272461e+01
7.908913516998291016e+01
7.910917043685913086e+01
7.912953615188598633e+01
7.914845705032348633e+01
7.916856789588928223e+01
7.918928956985473633e+01
7.920950365066528320e+01
7.922916865348815918e+01
7.924931120872497559e+01
7.926875543594360352e+01
7.928913831710815430e+01
7.930919933319091797e+01
7.932915854454040527e+01
7.934987211227416992e+01
7.936920642852783203e+01
7.938917875289916992e+01
7.941004300117492676e+01
7.942943310737609863e+01
7.944948887825012207e+01
7.947004103660583496e+01
7.948977851867675781e+01
7.951000666618347168e+01
7.952960205078125000e+01
7.954917931556701660e+01
7.956918191909790039e+01
7.958932614326477051e+01
7.960965561866760254e+01
7.962923598289489746e+01
7.964917063713073730e+01
7.966919612884521484e+01
7.968994212150573730e+01
7.970925378799438477e+01
7.972930431365966797e+01
7.974913454055786133e+01
7.976963925361633301e+01
7.978920602798461914e+01
7.980915737152099609e+01
7.982927846908569336e+01
7.984931063652038574e+01
7.986930060386657715e+01
7.988929080963134766e+01
7.990926885604858398e+01
7.992923331260681152e+01
7.994938611984252930e+01
7.996925258636474609e+01
7.998933196067810059e+01
8.000892663002014160e+01
8.002910161018371582e+01
8.004905748367309570e+01
8.006921911239624023e+01
8.008915829658508301e+01
8.010910058021545410e+01
8.012905621528625488e+01
8.014919233322143555e+01
8.016914486885070801e+01
8.018856191635131836e+01
8.021023273468017578e+01
8.022957420349121094e+01
8.024950075149536133e+01
8.026852416992187500e+01
8.028931784629821777e+01
8.030926966667175293e+01
8.032951688766479492e+01
8.034931468963623047e+01
8.036885952949523926e+01
8.038928675651550293e+01
8.040874910354614258e+01
8.042941451072692871e+01
8.044944691658020020e+01
8.046928358078002930e+01
8.048936510086059570e+01
8.050930333137512207e+01
8.052910065650939941e+01
8.054933500289916992e+01
8.056951451301574707e+01
8.058971643447875977e+01
8.060933494567871094e+01
8.062941169738769531e+01
8.064939737319946289e+01
8.066911625862121582e+01
8.068916606903076172e+01
8.070908761024475098e+01
8.072940897941589355e+01
8.074920868873596191e+01
8.076942014694213867e+01
8.079027652740478516e+01
8.080920243263244629e+01
8.083026432991027832e+01
8.084920239448547363e+01
8.086927390098571777e+01
8.088876414299011230e+01
8.090885806083679199e+01
8.092882466316223145e+01
8.094886636734008789e+01
8.096932816505432129e+01
8.098917818069458008e+01
8.100930929183959961e+01
8.102876114845275879e+01
8.104863500595092773e+01
8.106863856315612793e+01
8.108858942985534668e+01
8.110859942436218262e+01
8.112859630584716797e+01
8.114863204956054688e+01
8.116866040229797363e+01
8.118860054016113281e+01
8.120862030982971191e+01
8.122860217094421387e+01
8.124860572814941406e+01
8.126860356330871582e+01
8.128862500190734863e+01
8.130858683586120605e+01
8.132861089706420898e+01
8.134934449195861816e+01
8.136860156059265137e+01
8.138862776756286621e+01
8.140862035751342773e+01
8.142863273620605469e+01
8.144859313964843750e+01
8.146862792968750000e+01
8.148862719535827637e+01
8.150862932205200195e+01
8.152864050865173340e+01
8.154860687255859375e+01
8.156861138343811035e+01
8.158863496780395508e+01
8.160861873626708984e+01
8.162860965728759766e+01
8.164861845970153809e+01
8.166859412193298340e+01
8.168875932693481445e+01
8.170860195159912109e+01
8.172947931289672852e+01
8.175020098686218262e+01
8.176920080184936523e+01
8.178937554359436035e+01
8.180926299095153809e+01
8.182869243621826172e+01
8.184861755371093750e+01
8.186863160133361816e+01
8.188858890533447266e+01
8.190859007835388184e+01
8.192863798141479492e+01
8.194862675666809082e+01
8.196862983703613281e+01
8.198865008354187012e+01
8.200862383842468262e+01
8.202862763404846191e+01
8.204865193367004395e+01
8.206863427162170410e+01
8.208865356445312500e+01
8.210861992835998535e+01
8.212862038612365723e+01
8.214861154556274414e+01
8.216862916946411133e+01
8.218859291076660156e+01
8.220861625671386719e+01
8.222871351242065430e+01
8.224861621856689453e+01
8.226861667633056641e+01
8.228860616683959961e+01
8.230860471725463867e+01
8.232861042022705078e+01
8.234860944747924805e+01
8.236864066123962402e+01
8.238860487937927246e+01
8.240861010551452637e+01
8.242860078811645508e+01
8.244863605499267578e+01
8.246860289573669434e+01
8.248861360549926758e+01
8.250863051414489746e+01
8.252862620353698730e+01
8.254862141609191895e+01
8.256863188743591309e+01
8.258861947059631348e+01
8.260859894752502441e+01
8.262859964370727539e+01
8.264861702919006348e+01
8.266858530044555664e+01
8.268863058090209961e+01
8.270862722396850586e+01
8.272861599922180176e+01
8.274865007400512695e+01
8.276860308647155762e+01
8.278862833976745605e+01
8.280861282348632812e+01
8.282861256599426270e+01
8.284864330291748047e+01
8.286864686012268066e+01
8.288861608505249023e+01
8.290927696228027344e+01
8.292863512039184570e+01
8.294862437248229980e+01
8.296867012977600098e+01
8.298861336708068848e+01
8.300865578651428223e+01
8.302863621711730957e+01
8.304864001274108887e+01
8.306862092018127441e+01
8.308860802650451660e+01
8.310863208770751953e+01
8.312913608551025391e+01
8.314912581443786621e+01
8.316906046867370605e+01
8.318861269950866699e+01
8.320919704437255859e+01
8.322989940643310547e+01
8.324859642982482910e+01
8.326919651031494141e+01
8.328909754753112793e+01
8.330906462669372559e+01
8.332904887199401855e+01
8.334937596321105957e+01
8.336949968338012695e+01
8.338948202133178711e+01
8.340963435173034668e+01
8.342954468727111816e+01
8.344935846328735352e+01
8.346882581710815430e+01
8.348928618431091309e+01
8.350880169868469238e+01
8.352968811988830566e+01
8.354877328872680664e+01
8.356955552101135254e+01
8.358874654769897461e+01
8.360939526557922363e+01
8.362947750091552734e+01
8.364930748939514160e+01
8.366946983337402344e+01
8.368934917449951172e+01
8.370960068702697754e+01
8.372926473617553711e+01
8.374933409690856934e+01
8.376937842369079590e+01
8.378928327560424805e+01
8.380936980247497559e+01
8.382925724983215332e+01
8.384889626502990723e+01
8.386881494522094727e+01
8.388922715187072754e+01
8.390947055816650391e+01
8.392932701110839844e+01
8.394965863227844238e+01
8.396851778030395508e+01
8.398939728736877441e+01
8.400917506217956543e+01
8.402942657470703125e+01
8.404952216148376465e+01
8.406851434707641602e+01
8.408948135375976562e+01
8.410859441757202148e+01
8.412939357757568359e+01
8.414968395233154297e+01
8.416850614547729492e+01
8.418895530700683594e+01
8.420911598205566406e+01
8.422950839996337891e+01
8.424908566474914551e+01
8.426917290687561035e+01
8.428912210464477539e+01
8.430920839309692383e+01
8.432918739318847656e+01
8.434874963760375977e+01
8.436913967132568359e+01
8.438920402526855469e+01
8.440880179405212402e+01
8.442869663238525391e+01
8.444924545288085938e+01
8.446989011764526367e+01
8.448933649063110352e+01
8.450950932502746582e+01
8.452929902076721191e+01
8.454936432838439941e+01
8.456934571266174316e+01
8.458927369117736816e+01
8.461006188392639160e+01
8.462877416610717773e+01
8.464951348304748535e+01
8.466944098472595215e+01
8.468881440162658691e+01
8.470971965789794922e+01
8.472918033599853516e+01
8.474915719032287598e+01
8.476923751831054688e+01
8.478929424285888672e+01
8.480897498130798340e+01
8.482884860038757324e+01
8.484882950782775879e+01
8.486994385719299316e+01
8.488913583755493164e+01
8.490914011001586914e+01
8.492922449111938477e+01
8.495004320144653320e+01
8.496919822692871094e+01
8.498954558372497559e+01
8.500868153572082520e+01
8.502852630615234375e+01
8.504858183860778809e+01
8.506904554367065430e+01
8.508923912048339844e+01
8.510986113548278809e+01
8.512848567962646484e+01
8.514928936958312988e+01
8.516872739791870117e+01
8.518950605392456055e+01
8.520868515968322754e+01
8.522914409637451172e+01
8.524928164482116699e+01
8.526932954788208008e+01
8.529066872596740723e+01
8.530880236625671387e+01
8.532961845397949219e+01
8.534879517555236816e+01
8.536949324607849121e+01
8.538942122459411621e+01
8.540961337089538574e+01
8.542931079864501953e+01
8.544931769371032715e+01
8.547046756744384766e+01
8.548879098892211914e+01
8.550973081588745117e+01
8.552878117561340332e+01
8.554969096183776855e+01
8.556959748268127441e+01
8.558927273750305176e+01
8.560964226722717285e+01
8.562971997261047363e+01
8.564905405044555664e+01
8.566917538642883301e+01
8.568922615051269531e+01
8.570954751968383789e+01
8.572907185554504395e+01
8.574907398223876953e+01
8.576903009414672852e+01
8.578920984268188477e+01
8.580918526649475098e+01
8.582917547225952148e+01
8.584902977943420410e+01
8.586885046958923340e+01
8.588942551612854004e+01
8.590908932685852051e+01
8.592905211448669434e+01
8.594881057739257812e+01
8.596934652328491211e+01
8.598880481719970703e+01
8.600986409187316895e+01
8.602888464927673340e+01
8.604899692535400391e+01
8.606886553764343262e+01
8.608885693550109863e+01
8.610968232154846191e+01
8.612977099418640137e+01
8.614947795867919922e+01
8.616963434219360352e+01
8.618877482414245605e+01
8.620925855636596680e+01
8.622912788391113281e+01
8.624940609931945801e+01
8.626917910575866699e+01
8.628919172286987305e+01
8.630926752090454102e+01
8.632885909080505371e+01
8.634988689422607422e+01
8.636959886550903320e+01
8.638905906677246094e+01
8.640974211692810059e+01
8.642958831787109375e+01
8.644953989982604980e+01
8.646971702575683594e+01
8.648931288719177246e+01
8.650910186767578125e+01
8.652923583984375000e+01
8.654950666427612305e+01
8.656950855255126953e+01
8.658968091011047363e+01
8.661090040206909180e+01
8.662966799736022949e+01
8.664961981773376465e+01
8.666887927055358887e+01
8.668927145004272461e+01
8.670884466171264648e+01
8.672942852973937988e+01
8.674922394752502441e+01
8.676927495002746582e+01
8.678878545761108398e+01
8.680939054489135742e+01
8.682938933372497559e+01
8.684931826591491699e+01
8.686928319931030273e+01
8.688888144493103027e+01
8.690925025939941406e+01
8.692849731445312500e+01
8.694921016693115234e+01
8.696936631202697754e+01
8.698934888839721680e+01
8.700941610336303711e+01
8.702915120124816895e+01
8.704937076568603516e+01
8.706901431083679199e+01
8.708931422233581543e+01
8.710937714576721191e+01
8.712932896614074707e+01
8.714925432205200195e+01
8.716948413848876953e+01
8.718937587738037109e+01
8.720946431159973145e+01
8.722934365272521973e+01
8.724927973747253418e+01
8.726924133300781250e+01
8.728947806358337402e+01
8.730952858924865723e+01
8.733060622215270996e+01
8.735001254081726074e+01
8.736915111541748047e+01
8.738878631591796875e+01
8.740936255455017090e+01
8.742905282974243164e+01
8.744852590560913086e+01
8.746925902366638184e+01
8.748978853225708008e+01
8.750921773910522461e+01
8.752908825874328613e+01
8.754905319213867188e+01
8.756933569908142090e+01
8.758938717842102051e+01
8.760989785194396973e+01
8.762883830070495605e+01
8.764919543266296387e+01
8.766909217834472656e+01
8.769369482994079590e+01
8.771427130699157715e+01
8.773446059226989746e+01
8.775342297554016113e+01
8.777399253845214844e+01
8.779456138610839844e+01
8.781455850601196289e+01
8.783441615104675293e+01
8.785411715507507324e+01
8.787403082847595215e+01
8.789448189735412598e+01
8.791345024108886719e+01
8.793430471420288086e+01
8.795435762405395508e+01
8.797329926490783691e+01
8.799481296539306641e+01
8.801456594467163086e+01
8.803408956527709961e+01
8.805417180061340332e+01
8.807354378700256348e+01
8.809570360183715820e+01
8.811427664756774902e+01
8.813396644592285156e+01
8.815452861785888672e+01
8.817413711547851562e+01
8.819411396980285645e+01
8.821370601654052734e+01
8.823907852172851562e+01
8.825841283798217773e+01
8.827912807464599609e+01
8.829801988601684570e+01
8.831840562820434570e+01
8.833868193626403809e+01
8.835818672180175781e+01
8.837840747833251953e+01
8.839832401275634766e+01
8.841830134391784668e+01
8.843883728981018066e+01
8.845813751220703125e+01
8.847820830345153809e+01
8.849839115142822266e+01
8.851825642585754395e+01
8.853849482536315918e+01
8.855856132507324219e+01
8.857844710350036621e+01
8.859836220741271973e+01
8.861871838569641113e+01
8.863889861106872559e+01
8.865855288505554199e+01
8.867868351936340332e+01
8.869873189926147461e+01
8.871863460540771484e+01
8.873872160911560059e+01
8.875838327407836914e+01
8.877848291397094727e+01
8.879787349700927734e+01
8.881930875778198242e+01
8.883787703514099121e+01
8.885869145393371582e+01
8.887845277786254883e+01
8.889833378791809082e+01
8.891864275932312012e+01
8.893826198577880859e+01
8.895872330665588379e+01
8.897844123840332031e+01
8.899836802482604980e+01
8.901807761192321777e+01
8.903846144676208496e+01
8.905868840217590332e+01
8.907837915420532227e+01
8.909793448448181152e+01
8.911907815933227539e+01
8.913869571685791016e+01
8.915864205360412598e+01
8.917787122726440430e+01
8.919875288009643555e+01
8.921793055534362793e+01
8.923841667175292969e+01
8.925797629356384277e+01
8.927825832366943359e+01
8.929817700386047363e+01
8.931829619407653809e+01
8.933757185935974121e+01
8.935846924781799316e+01
8.937842273712158203e+01
8.940948081016540527e+01
8.942911338806152344e+01
8.944905352592468262e+01
8.946897935867309570e+01
8.948939681053161621e+01
8.950916266441345215e+01
8.952907633781433105e+01
8.954921460151672363e+01
8.956924223899841309e+01
8.958916687965393066e+01
8.960916185379028320e+01
8.962970662117004395e+01
8.964830780029296875e+01
8.966903281211853027e+01
8.968930268287658691e+01
8.970918107032775879e+01
8.972885775566101074e+01
8.974985074996948242e+01
8.976821208000183105e+01
8.978915905952453613e+01
8.980879878997802734e+01
8.982907938957214355e+01
8.984994673728942871e+01
8.986948108673095703e+01
8.988969898223876953e+01
8.990946698188781738e+01
8.992879128456115723e+01
8.994888973236083984e+01
8.996919131278991699e+01
8.998895239830017090e+01
9.000908780097961426e+01
9.002897143363952637e+01
9.004927873611450195e+01
9.006881833076477051e+01
9.008859157562255859e+01
9.010940599441528320e+01
9.012881755828857422e+01
9.014936757087707520e+01
9.016853475570678711e+01
9.018943953514099121e+01
9.020856881141662598e+01
9.022942972183227539e+01
9.024882102012634277e+01
9.026917791366577148e+01
9.029661607742309570e+01
9.031581234931945801e+01
9.033559155464172363e+01
9.035531258583068848e+01
9.037579131126403809e+01
9.039644837379455566e+01
9.041513752937316895e+01
9.043645954132080078e+01
9.045568823814392090e+01
9.047596478462219238e+01
9.049545836448669434e+01
9.051523566246032715e+01
9.053567433357238770e+01
9.055574154853820801e+01
9.057575941085815430e+01
9.059516954421997070e+01
9.061582899093627930e+01
9.063539242744445801e+01
9.065558052062988281e+01
9.067489337921142578e+01
9.069558119773864746e+01
9.071558165550231934e+01
9.073543524742126465e+01
9.075551605224609375e+01
9.077612829208374023e+01
9.079554533958435059e+01
9.081598019599914551e+01
9.083507609367370605e+01
9.085544347763061523e+01
9.087614011764526367e+01
9.089504599571228027e+01
9.091542959213256836e+01
9.093518781661987305e+01
9.095487713813781738e+01
9.097466278076171875e+01
9.099540352821350098e+01
9.101559090614318848e+01
9.103552055358886719e+01
9.105645251274108887e+01
9.108282494544982910e+01
9.110256314277648926e+01
9.112217211723327637e+01
9.114216589927673340e+01
9.116226816177368164e+01
9.118214917182922363e+01
9.120219063758850098e+01
9.122249293327331543e+01
9.124170517921447754e+01
9.126176953315734863e+01
9.128215169906616211e+01
9.130206346511840820e+01
9.132143068313598633e+01
9.134185576438903809e+01
9.136136770248413086e+01
9.138449239730834961e+01
9.140179252624511719e+01
9.142252755165100098e+01
9.144215393066406250e+01
9.146168398857116699e+01
9.148226547241210938e+01
9.150171351432800293e+01
9.152140045166015625e+01
9.154203891754150391e+01
9.156262755393981934e+01
9.158203363418579102e+01
9.160220313072204590e+01
9.162199521064758301e+01
9.164225721359252930e+01
9.166274595260620117e+01
9.168243694305419922e+01
9.170230388641357422e+01
9.172191333770751953e+01
9.174244642257690430e+01
9.176241970062255859e+01
9.178684020042419434e+01
9.180833768844604492e+01
9.182664942741394043e+01
9.184670114517211914e+01
9.186662125587463379e+01
9.188640427589416504e+01
9.190660214424133301e+01
9.192676496505737305e+01
9.194649505615234375e+01
9.196658039093017578e+01
9.198682427406311035e+01
9.200674533843994141e+01
9.202690958976745605e+01
9.205194425582885742e+01
9.207179784774780273e+01
9.209177207946777344e+01
9.211082220077514648e+01
9.213145232200622559e+01
9.215165472030639648e+01
9.217112660408020020e+01
9.219148802757263184e+01
9.221167588233947754e+01
9.223355174064636230e+01
9.225237202644348145e+01
9.227182769775390625e+01
9.229181098937988281e+01
9.231168389320373535e+01
9.233161163330078125e+01
9.235078835487365723e+01
9.237242031097412109e+01
9.239124798774719238e+01
9.241162323951721191e+01
9.243118643760681152e+01
9.245158934593200684e+01
9.247164583206176758e+01
9.249226021766662598e+01
9.251189684867858887e+01
9.253178095817565918e+01
9.255155229568481445e+01
9.257109332084655762e+01
9.259079909324645996e+01
9.261139392852783203e+01
9.263184189796447754e+01
9.265198230743408203e+01
9.267273974418640137e+01
9.269184517860412598e+01
9.271176290512084961e+01
9.273171806335449219e+01
9.275155735015869141e+01
9.277146005630493164e+01
9.279166126251220703e+01
9.281144547462463379e+01
9.283185505867004395e+01
9.285163569450378418e+01
9.287182188034057617e+01
9.289147830009460449e+01
9.291143965721130371e+01
9.293073487281799316e+01
9.295164060592651367e+01
9.297106432914733887e+01
9.299144911766052246e+01
9.301157546043395996e+01
9.303210401535034180e+01
9.305155467987060547e+01
9.307184457778930664e+01
9.309133195877075195e+01
9.311137366294860840e+01
9.313977146148681641e+01
9.316062760353088379e+01
9.318076252937316895e+01
9.320021891593933105e+01
9.322002840042114258e+01
9.324035072326660156e+01
9.326077747344970703e+01
9.328040027618408203e+01
9.330073451995849609e+01
9.332058167457580566e+01
9.334053230285644531e+01
9.335988068580627441e+01
9.337987470626831055e+01
9.339971613883972168e+01
9.342010045051574707e+01
9.344109797477722168e+01
9.346054673194885254e+01
9.348028111457824707e+01
9.350053024291992188e+01
9.352132964134216309e+01
9.354111790657043457e+01
9.356054472923278809e+01
9.358096003532409668e+01
9.359974217414855957e+01
9.361966228485107422e+01
9.364140129089355469e+01
9.366010856628417969e+01
9.368099236488342285e+01
9.370028042793273926e+01
9.372027969360351562e+01
9.374124288558959961e+01
9.376033926010131836e+01
9.378026866912841797e+01
9.380016922950744629e+01
9.382050538063049316e+01
9.384138393402099609e+01
9.386031055450439453e+01
9.388076949119567871e+01
9.390025091171264648e+01
9.391966366767883301e+01
9.394031429290771484e+01
9.396054959297180176e+01
9.398064255714416504e+01
9.400009083747863770e+01
9.402036833763122559e+01
9.404722929000854492e+01
9.406715607643127441e+01
9.409455323219299316e+01
9.411402535438537598e+01
9.413474631309509277e+01
9.415449213981628418e+01
9.417461895942687988e+01
9.419411611557006836e+01
9.421422624588012695e+01
9.423473906517028809e+01
9.425455474853515625e+01
9.427552771568298340e+01
9.429492688179016113e+01
9.431463766098022461e+01
9.433489847183227539e+01
9.435489678382873535e+01
9.437463998794555664e+01
9.439418244361877441e+01
9.441496014595031738e+01
9.443467736244201660e+01
9.445458173751831055e+01
9.447428727149963379e+01
9.449449825286865234e+01
9.451447558403015137e+01
9.453460574150085449e+01
9.455373549461364746e+01
9.457408523559570312e+01
9.459392333030700684e+01
9.461434650421142578e+01
9.463447976112365723e+01
9.465392422676086426e+01
9.467448806762695312e+01
9.469442844390869141e+01
9.471411609649658203e+01
9.473383140563964844e+01
9.475405073165893555e+01
9.477486348152160645e+01
9.479458141326904297e+01
9.481520843505859375e+01
9.483522677421569824e+01
9.485442733764648438e+01
9.487513136863708496e+01
9.489583468437194824e+01
9.491501426696777344e+01
9.493491649627685547e+01
9.495482659339904785e+01
9.497475528717041016e+01
9.499493646621704102e+01
9.501405549049377441e+01
9.503483343124389648e+01
9.505521774291992188e+01
9.507479023933410645e+01
9.509505057334899902e+01
9.511520385742187500e+01
9.513456082344055176e+01
9.515462684631347656e+01
9.517480421066284180e+01
9.519494485855102539e+01
9.521472024917602539e+01
9.523478507995605469e+01
9.525463604927062988e+01
9.527440333366394043e+01
9.529470491409301758e+01
9.531455588340759277e+01
9.533465862274169922e+01
9.535450625419616699e+01
9.537470245361328125e+01
9.539466857910156250e+01
9.541475391387939453e+01
9.543527388572692871e+01
9.545460581779479980e+01
9.547482323646545410e+01
9.549466657638549805e+01
9.551517605781555176e+01
9.553496074676513672e+01
9.555473780632019043e+01
9.557487344741821289e+01
9.559450936317443848e+01
9.561479949951171875e+01
9.563887262344360352e+01
9.565511798858642578e+01
9.567368292808532715e+01
9.569502449035644531e+01
9.571465826034545898e+01
9.573459553718566895e+01
9.575438809394836426e+01
9.577468419075012207e+01
9.579450845718383789e+01
9.581452727317810059e+01
9.583465242385864258e+01
9.585377669334411621e+01
9.587437701225280762e+01
9.589412879943847656e+01
9.591430807113647461e+01
9.593472313880920410e+01
9.595440363883972168e+01
9.597536873817443848e+01
9.599436974525451660e+01
9.601461768150329590e+01
9.603438425064086914e+01
9.605464982986450195e+01
9.607441663742065430e+01
9.609452199935913086e+01
9.611380529403686523e+01
9.613431787490844727e+01
9.615417027473449707e+01
9.617442893981933594e+01
9.619436097145080566e+01
9.621407914161682129e+01
9.623454213142395020e+01
9.626282882690429688e+01
9.628222322463989258e+01
9.630135774612426758e+01
9.632212615013122559e+01
9.634201931953430176e+01
9.636214017868041992e+01
9.638221073150634766e+01
9.640203928947448730e+01
9.642184591293334961e+01
9.644209146499633789e+01
9.646205902099609375e+01
9.648172831535339355e+01
9.650211215019226074e+01
9.652211117744445801e+01
9.654206490516662598e+01
9.656206965446472168e+01
9.658212971687316895e+01
9.660209131240844727e+01
9.662204933166503906e+01
9.664223670959472656e+01
9.666211843490600586e+01
9.668205261230468750e+01
9.670206546783447266e+01
9.672209715843200684e+01
9.674214363098144531e+01
9.676165533065795898e+01
9.678254675865173340e+01
9.680210161209106445e+01
9.682213044166564941e+01
9.684241127967834473e+01
9.686362886428833008e+01
9.688161563873291016e+01
9.690278863906860352e+01
9.692164969444274902e+01
9.694204735755920410e+01
9.696202254295349121e+01
9.698215508460998535e+01
9.700268888473510742e+01
9.702207207679748535e+01
9.704288005828857422e+01
9.706167006492614746e+01
9.708260321617126465e+01
9.710167145729064941e+01
9.712172722816467285e+01
9.714275074005126953e+01
9.716169214248657227e+01
9.718270421028137207e+01
9.720183372497558594e+01
9.722252798080444336e+01
9.724170327186584473e+01
9.726204609870910645e+01
9.728181624412536621e+01
9.730226135253906250e+01
9.732223129272460938e+01
9.734202265739440918e+01
9.736228823661804199e+01
9.738134741783142090e+01
9.740210580825805664e+01
9.742212295532226562e+01
9.744279313087463379e+01
9.746280050277709961e+01
9.748194766044616699e+01
9.750183153152465820e+01
9.752186560630798340e+01
9.754215741157531738e+01
9.756227469444274902e+01
9.758198237419128418e+01
9.760212874412536621e+01
9.762197923660278320e+01
9.764224720001220703e+01
9.766215610504150391e+01
9.768208456039428711e+01
9.770254230499267578e+01
9.772206258773803711e+01
9.774156975746154785e+01
9.776227283477783203e+01
9.778198504447937012e+01
9.780193853378295898e+01
9.783154177665710449e+01
9.785147571563720703e+01
9.787139081954956055e+01
9.789111614227294922e+01
9.791163802146911621e+01
9.793234324455261230e+01
9.795091176033020020e+01
9.797233605384826660e+01
9.799159598350524902e+01
9.801128768920898438e+01
9.803147792816162109e+01
9.805177283287048340e+01
9.807197952270507812e+01
9.809173321723937988e+01
9.811166071891784668e+01
9.813152527809143066e+01
9.815212821960449219e+01
9.817174816131591797e+01
9.819204759597778320e+01
9.821190333366394043e+01
9.823173022270202637e+01
9.825143861770629883e+01
9.827126026153564453e+01
9.829243707656860352e+01
9.831166982650756836e+01
9.833173227310180664e+01
9.835164427757263184e+01
9.837221765518188477e+01
9.839177775382995605e+01
9.841162967681884766e+01
9.843159937858581543e+01
9.845165252685546875e+01
9.847172117233276367e+01
9.849156928062438965e+01
9.851122379302978516e+01
9.853181576728820801e+01
9.855152106285095215e+01
9.857186031341552734e+01
9.859190440177917480e+01
9.861169505119323730e+01
9.863190913200378418e+01
9.865166854858398438e+01
9.867141580581665039e+01
9.869186496734619141e+01
9.871175503730773926e+01
9.873143076896667480e+01
9.875175285339355469e+01
9.877190899848937988e+01
9.879118752479553223e+01
9.881117200851440430e+01
9.883155846595764160e+01
9.885209274291992188e+01
9.887137889862060547e+01
9.889222455024719238e+01
9.891164636611938477e+01
9.893916678428649902e+01
9.895948648452758789e+01
9.897938847541809082e+01
9.899937057495117188e+01
9.901941752433776855e+01
9.903933644294738770e+01
9.905958032608032227e+01
9.908007144927978516e+01
9.910008907318115234e+01
9.911963629722595215e+01
9.913939261436462402e+01
9.915943861007690430e+01
9.917922902107238770e+01
9.919940495491027832e+01
9.921930336952209473e+01
9.923918771743774414e+01
9.925933480262756348e+01
9.927917027473449707e+01
9.929907894134521484e+01
9.931911897659301758e+01
9.933915710449218750e+01
9.936016368865966797e+01
9.937968015670776367e+01
9.939974904060363770e+01
9.942572045326232910e+01
9.944512820243835449e+01
9.946530652046203613e+01
9.948586082458496094e+01
9.950513362884521484e+01
9.952634453773498535e+01
9.954489326477050781e+01
9.956565713882446289e+01
9.958573746681213379e+01
9.960516500473022461e+01
9.962504220008850098e+01
9.964521002769470215e+01
9.966515159606933594e+01
9.968601322174072266e+01
9.970496678352355957e+01
9.972542762756347656e+01
9.974487018585205078e+01
9.976578450202941895e+01
9.978524398803710938e+01
9.980511450767517090e+01
9.982498669624328613e+01
9.984552049636840820e+01
9.986615681648254395e+01
9.988569021224975586e+01
9.990551710128784180e+01
9.992538094520568848e+01
9.994570994377136230e+01
9.996578001976013184e+01
9.998572754859924316e+01
1.000063073635101318e+02
1.000262751579284668e+02
1.000454595088958740e+02
1.000659003257751465e+02
1.000859947204589844e+02
1.001065766811370850e+02
1.001258866786956787e+02
1.001451687812805176e+02
1.001652917861938477e+02
1.001856472492218018e+02
1.002055575847625732e+02
1.002264428138732910e+02
1.002473907470703125e+02
1.002653663158416748e+02
1.002855832576751709e+02
1.003054304122924805e+02
1.003359644412994385e+02
1.003553547859191895e+02
1.003755614757537842e+02
1.003955891132354736e+02
1.004156723022460938e+02
1.004352672100067139e+02
1.004554944038391113e+02
1.004752802848815918e+02
1.004957222938537598e+02
1.005153446197509766e+02
1.005352993011474609e+02
1.005552773475646973e+02
1.005755074024200439e+02
1.005951161384582520e+02
1.006152791976928711e+02
1.006354196071624756e+02
1.006552987098693848e+02
1.006755797863006592e+02
1.006953454017639160e+02
1.007154796123504639e+02
1.007354669570922852e+02
1.007553226947784424e+02
1.007750027179718018e+02
1.007953953742980957e+02
1.008156862258911133e+02
1.008353428840637207e+02
1.008552701473236084e+02
1.008749136924743652e+02
1.008952782154083252e+02
1.009153046607971191e+02
1.009353320598602295e+02
1.009553523063659668e+02
1.009753251075744629e+02
1.009952967166900635e+02
1.010152959823608398e+02
1.010353641510009766e+02
1.010554318428039551e+02
1.010759747028350830e+02
1.010956594944000244e+02
1.011153271198272705e+02
1.011353929042816162e+02
1.011555337905883789e+02
1.011755888462066650e+02
1.011955022811889648e+02
1.012154080867767334e+02
1.012354891300201416e+02
1.012554783821105957e+02
1.012756361961364746e+02
1.012954537868499756e+02
1.013152325153350830e+02
1.013355345726013184e+02
1.013555057048797607e+02
1.013760209083557129e+02
1.013948409557342529e+02
1.014153661727905273e+02
1.014354407787322998e+02
1.014554834365844727e+02
1.014758117198944092e+02
1.014954853057861328e+02
1.015158610343933105e+02
1.015357379913330078e+02
1.015565836429595947e+02
1.015759396553039551e+02
1.015954949855804443e+02
1.016153807640075684e+02
1.016354563236236572e+02
1.016550047397613525e+02
1.016754028797149658e+02
1.016953582763671875e+02
1.017153928279876709e+02
1.017353050708770752e+02
1.017553954124450684e+02
1.017753016948699951e+02
1.017955274581909180e+02
1.018153519630432129e+02
1.018354086875915527e+02
1.018554973602294922e+02
1.018754067420959473e+02
1.018953824043273926e+02
1.019155223369598389e+02
1.019352545738220215e+02
1.019552457332611084e+02
1.019751911163330078e+02
1.019952256679534912e+02
1.020151102542877197e+02
1.020354568958282471e+02
1.020552709102630615e+02
1.020751554965972900e+02
1.020953845977783203e+02
1.021152765750885010e+02
1.021352913379669189e+02
1.021552882194519043e+02
1.021746349334716797e+02
1.021953284740447998e+02
1.022161993980407715e+02
1.022352781295776367e+02
1.022548441886901855e+02
1.022752797603607178e+02
1.022952923774719238e+02
1.023152170181274414e+02
1.023354098796844482e+02
1.023552513122558594e+02
1.023753757476806641e+02
1.023953967094421387e+02
1.024153549671173096e+02
1.024362006187438965e+02
1.024546196460723877e+02
1.024753673076629639e+02
1.024954085350036621e+02
1.025155355930328369e+02
1.025357081890106201e+02
1.025557124614715576e+02
1.025749814510345459e+02
1.025953335762023926e+02
1.026149921417236328e+02
1.026354286670684814e+02
1.026557214260101318e+02
1.026753904819488525e+02
1.026956267356872559e+02
1.027157325744628906e+02
1.027357480525970459e+02
1.027557337284088135e+02
1.027759776115417480e+02
1.027960090637207031e+02
1.028147561550140381e+02
1.028355295658111572e+02
1.028549439907073975e+02
1.028760302066802979e+02
1.028957755565643311e+02
1.029153141975402832e+02
1.029352896213531494e+02
1.029555954933166504e+02
1.029754149913787842e+02
1.029954786300659180e+02
1.030155422687530518e+02
1.030354328155517578e+02
1.030554139614105225e+02
1.030755825042724609e+02
1.030962274074554443e+02
1.031156382560729980e+02
1.031431493759155273e+02
1.031631920337677002e+02
1.031831243038177490e+02
1.032030642032623291e+02
1.032231078147888184e+02
1.032430043220520020e+02
1.032629992961883545e+02
1.032829747200012207e+02
1.033054537773132324e+02
1.033223905563354492e+02
1.033423736095428467e+02
1.033631739616394043e+02
1.033823964595794678e+02
1.034040253162384033e+02
1.034230637550354004e+02
1.034429996013641357e+02
1.034632997512817383e+02
1.034823501110076904e+02
1.035029823780059814e+02
1.035230975151062012e+02
1.035433535575866699e+02
1.035632402896881104e+02
1.035827155113220215e+02
1.036054441928863525e+02
1.036229913234710693e+02
1.036435136795043945e+02
1.036629862785339355e+02
1.036830170154571533e+02
1.037030329704284668e+02
1.037231068611145020e+02
1.037428579330444336e+02
1.037631053924560547e+02
1.037832412719726562e+02
1.038029000759124756e+02
1.038230123519897461e+02
1.038429908752441406e+02
1.038629281520843506e+02
1.038830060958862305e+02
1.039034264087677002e+02
1.039234800338745117e+02
1.039434380531311035e+02
1.039631490707397461e+02
1.039837660789489746e+02
1.040032453536987305e+02
1.040229983329772949e+02
1.040436680316925049e+02
1.040637383460998535e+02
1.040835924148559570e+02
1.041034791469573975e+02
1.041233777999877930e+02
1.041433086395263672e+02
1.041632349491119385e+02
1.041833596229553223e+02
1.042037103176116943e+02
1.042234938144683838e+02
1.042434623241424561e+02
1.042636713981628418e+02
1.042834260463714600e+02
1.043082127571105957e+02
1.043283355236053467e+02
1.043483264446258545e+02
1.043680791854858398e+02
1.043882157802581787e+02
1.044080955982208252e+02
1.044282660484313965e+02
1.044477581977844238e+02
1.044683413505554199e+02
1.044916710853576660e+02
1.045078365802764893e+02
1.045286695957183838e+02
1.045481677055358887e+02
1.045681076049804688e+02
1.045889813899993896e+02
1.046080384254455566e+02
1.046283872127532959e+02
1.046480002403259277e+02
1.046685299873352051e+02
1.046886920928955078e+02
1.047083632946014404e+02
1.047286009788513184e+02
1.047484574317932129e+02
1.047681035995483398e+02
1.047881009578704834e+02
1.048080635070800781e+02
1.048281702995300293e+02
1.048478658199310303e+02
1.048681755065917969e+02
1.048882117271423340e+02
1.049081144332885742e+02
1.049282045364379883e+02
1.049482319355010986e+02
1.049681518077850342e+02
1.049884042739868164e+02
1.050076656341552734e+02
1.050282020568847656e+02
1.050481832027435303e+02
1.050682718753814697e+02
1.050876259803771973e+02
1.051080040931701660e+02
1.051284058094024658e+02
1.051481835842132568e+02
1.051682405471801758e+02
1.051882872581481934e+02
1.052081668376922607e+02
1.052282931804656982e+02
1.052479379177093506e+02
1.052682278156280518e+02
1.052881085872650146e+02
1.053082098960876465e+02
1.053284432888031006e+02
1.053483583927154541e+02
1.053682100772857666e+02
1.053881859779357910e+02
1.054083459377288818e+02
1.054276216030120850e+02
1.054477136135101318e+02
1.054678542613983154e+02
1.054884419441223145e+02
1.055075998306274414e+02
1.055275878906250000e+02
1.055478157997131348e+02
1.055677165985107422e+02
1.055877861976623535e+02
1.056074156761169434e+02
1.056281449794769287e+02
1.056476519107818604e+02
1.056682832241058350e+02
1.056876614093780518e+02
1.057075529098510742e+02
1.057276275157928467e+02
1.057483115196228027e+02
1.057679677009582520e+02
1.057885220050811768e+02
1.058082132339477539e+02
1.058284451961517334e+02
1.058488135337829590e+02
1.058682181835174561e+02
1.058884093761444092e+02
1.059070861339569092e+02
1.059283115863800049e+02
1.059477078914642334e+02
1.059683270454406738e+02
1.059883928298950195e+02
1.060075562000274658e+02
1.060280377864837646e+02
1.060476105213165283e+02
1.060676698684692383e+02
1.060885188579559326e+02
1.061083924770355225e+02
1.061284728050231934e+02
1.061483125686645508e+02
1.061681213378906250e+02
1.061881859302520752e+02
1.062082991600036621e+02
1.062286536693572998e+02
1.062480928897857666e+02
1.062683756351470947e+02
1.062885637283325195e+02
1.063074624538421631e+02
1.063284370899200439e+02
1.063474442958831787e+02
1.063685643672943115e+02
1.063874671459197998e+02
1.064081280231475830e+02
1.064279963970184326e+02
1.064474642276763916e+02
1.064686741828918457e+02
1.064875729084014893e+02
1.065088138580322266e+02
1.065274770259857178e+02
1.065485279560089111e+02
1.065680112838745117e+02
1.065880589485168457e+02
1.066084332466125488e+02
1.066279315948486328e+02
1.066479396820068359e+02
1.066683802604675293e+02
1.066879787445068359e+02
1.067086172103881836e+02
1.067284660339355469e+02
1.067480297088623047e+02
1.067681629657745361e+02
1.067876636981964111e+02
1.068080036640167236e+02
1.068277368545532227e+02
1.068534445762634277e+02
1.068737335205078125e+02
1.068940179347991943e+02
1.069141917228698730e+02
1.069336988925933838e+02
1.069537315368652344e+02
1.069738121032714844e+02
1.069938323497772217e+02
1.070146591663360596e+02
1.070336833000183105e+02
1.070537533760070801e+02
1.070737705230712891e+02
1.070944223403930664e+02
1.071145339012145996e+02
1.071343317031860352e+02
1.071542577743530273e+02
1.071743867397308350e+02
1.071942367553710938e+02
1.072142481803894043e+02
1.072340755462646484e+02
1.072540981769561768e+02
1.072741203308105469e+02
1.072933800220489502e+02
1.073136305809020996e+02
1.073336803913116455e+02
1.073537185192108154e+02
1.073733680248260498e+02
1.073942193984985352e+02
1.074140722751617432e+02
1.074341578483581543e+02
1.074532628059387207e+02
1.074737560749053955e+02
1.074936082363128662e+02
1.075137300491333008e+02
1.075337667465209961e+02
1.075537488460540771e+02
1.075738537311553955e+02
1.075937726497650146e+02
1.076132996082305908e+02
1.076334214210510254e+02
1.076533558368682861e+02
1.076733820438385010e+02
1.076937749385833740e+02
1.077142062187194824e+02
1.077336800098419189e+02
1.077536206245422363e+02
1.077740035057067871e+02
1.077936201095581055e+02
1.078140475749969482e+02
1.078330879211425781e+02
1.078536999225616455e+02
1.078737437725067139e+02
1.078946244716644287e+02
1.079136877059936523e+02
1.079337997436523438e+02
1.079534504413604736e+02
1.079737417697906494e+02
1.079934406280517578e+02
1.080137288570404053e+02
1.080337541103363037e+02
1.080536355972290039e+02
1.080735056400299072e+02
1.080945496559143066e+02
1.081137986183166504e+02
1.081337368488311768e+02
1.081542491912841797e+02
1.081737549304962158e+02
1.081939613819122314e+02
1.082138025760650635e+02
1.082338109016418457e+02
1.082540335655212402e+02
1.082740890979766846e+02
1.082939946651458740e+02
1.083139343261718750e+02
1.083337907791137695e+02
1.083537600040435791e+02
1.083739421367645264e+02
1.083937578201293945e+02
1.084136407375335693e+02
1.084337196350097656e+02
1.084536871910095215e+02
1.084736893177032471e+02
1.084967560768127441e+02
1.085138165950775146e+02
1.085337352752685547e+02
1.085537796020507812e+02
1.085736134052276611e+02
1.085936481952667236e+02
1.086137108802795410e+02
1.086335957050323486e+02
1.086537263393402100e+02
1.086737053394317627e+02
1.086962468624114990e+02
1.087131738662719727e+02
1.087336473464965820e+02
1.087536551952362061e+02
1.087742669582366943e+02
1.087933211326599121e+02
1.088137490749359131e+02
1.088337066173553467e+02
1.088542675971984863e+02
1.088735618591308594e+02
1.088938052654266357e+02
1.089137573242187500e+02
1.089336657524108887e+02
1.089542024135589600e+02
1.089747941493988037e+02
1.089938118457794189e+02
1.090139501094818115e+02
1.090335896015167236e+02
1.090543022155761719e+02
1.090734958648681641e+02
1.090942916870117188e+02
1.091133127212524414e+02
1.091342620849609375e+02
1.091532506942749023e+02
1.091741051673889160e+02
1.091936836242675781e+02
1.092143025398254395e+02
1.092458288669586182e+02
1.092656838893890381e+02
1.092856884002685547e+02
1.093059787750244141e+02
1.093260569572448730e+02
1.093466901779174805e+02
1.093654365539550781e+02
1.093860609531402588e+02
1.094054465293884277e+02
1.094261865615844727e+02
1.094459977149963379e+02
1.094656589031219482e+02
1.094860870838165283e+02
1.095054118633270264e+02
1.095255129337310791e+02
1.095457999706268311e+02
1.095655026435852051e+02
1.095855777263641357e+02
1.096058294773101807e+02
1.096253607273101807e+02
1.096728034019470215e+02
1.096925396919250488e+02
1.097129187583923340e+02
1.097325050830841064e+02
1.097527580261230469e+02
1.097729938030242920e+02
1.097932302951812744e+02
1.098130376338958740e+02
1.098327839374542236e+02
1.098527925014495850e+02
1.098729927539825439e+02
1.098924889564514160e+02
1.099122684001922607e+02
1.099325888156890869e+02
1.099528405666351318e+02
1.099727954864501953e+02
1.099931941032409668e+02
1.100129444599151611e+02
1.100339748859405518e+02
1.100527894496917725e+02
1.100729539394378662e+02
1.100929570198059082e+02
1.101130545139312744e+02
1.101328136920928955e+02
1.101528282165527344e+02
1.101727919578552246e+02
1.101928486824035645e+02
1.102128002643585205e+02
1.102330150604248047e+02
1.102527201175689697e+02
1.102728121280670166e+02
1.102926967144012451e+02
1.103128182888031006e+02
1.103327558040618896e+02
1.103528416156768799e+02
1.103729083538055420e+02
1.103929615020751953e+02
1.104131236076354980e+02
1.104326932430267334e+02
1.104533729553222656e+02
1.104728353023529053e+02
1.104928486347198486e+02
1.105129835605621338e+02
1.105329012870788574e+02
1.105530955791473389e+02
1.105728011131286621e+02
1.105927200317382812e+02
1.106127569675445557e+02
1.106325078010559082e+02
1.106527109146118164e+02
1.106727459430694580e+02
1.106927886009216309e+02
1.107128946781158447e+02
1.107328436374664307e+02
1.107531292438507080e+02
1.107736413478851318e+02
1.107928283214569092e+02
1.108129854202270508e+02
1.108328819274902344e+02
1.108525485992431641e+02
1.108728802204132080e+02
1.108924996852874756e+02
1.109127538204193115e+02
1.109329240322113037e+02
1.109528379440307617e+02
1.109734489917755127e+02
1.109927601814270020e+02
1.110131440162658691e+02
1.110325441360473633e+02
1.110533995628356934e+02
1.110728313922882080e+02
1.110927309989929199e+02
1.111133439540863037e+02
1.111324875354766846e+02
1.111527996063232422e+02
1.111725420951843262e+02
1.111925525665283203e+02
1.112137019634246826e+02
1.112325341701507568e+02
1.112531380653381348e+02
1.112738451957702637e+02
1.112928411960601807e+02
1.113131566047668457e+02
1.113328211307525635e+02
1.113530333042144775e+02
1.113735187053680420e+02
1.113928344249725342e+02
1.114136393070220947e+02
1.114327518939971924e+02
1.114528472423553467e+02
1.114729096889495850e+02
1.114928433895111084e+02
1.115131359100341797e+02
1.115330255031585693e+02
1.115530536174774170e+02
1.115731477737426758e+02
1.115928235054016113e+02
1.116127128601074219e+02
1.116332879066467285e+02
1.116533241271972656e+02
1.116727972030639648e+02
1.116933617591857910e+02
1.117133085727691650e+02
1.117334244251251221e+02
1.117530984878540039e+02
1.117733652591705322e+02
1.117925405502319336e+02
1.118132276535034180e+02
1.118340783119201660e+02
1.118525726795196533e+02
1.118732149600982666e+02
1.118932816982269287e+02
1.119126467704772949e+02
1.119331438541412354e+02
1.119527008533477783e+02
1.119731180667877197e+02
1.119928953647613525e+02
1.120132961273193359e+02
1.120332753658294678e+02
1.120528275966644287e+02
1.120732355117797852e+02
1.120930809974670410e+02
1.121128945350646973e+02
1.121325252056121826e+02
1.121526618003845215e+02
1.121729218959808350e+02
1.121932790279388428e+02
1.122131512165069580e+02
1.122337129116058350e+02
1.122524852752685547e+02
1.122735478878021240e+02
1.122930989265441895e+02
1.123134131431579590e+02
1.123325898647308350e+02
1.123525350093841553e+02
1.123735089302062988e+02
1.123931276798248291e+02
1.124123711585998535e+02
1.124338138103485107e+02
1.124529416561126709e+02
1.124728064537048340e+02
1.124930713176727295e+02
1.125135710239410400e+02
1.125335929393768311e+02
1.125525372028350830e+02
1.125729241371154785e+02
1.125930685997009277e+02
1.126133000850677490e+02
1.126329007148742676e+02
1.126525454521179199e+02
1.126735150814056396e+02
1.126927707195281982e+02
1.127129693031311035e+02
1.127353844642639160e+02
1.127528522014617920e+02
1.127728826999664307e+02
1.127930064201354980e+02
1.128125648498535156e+02
1.128326001167297363e+02
1.128532321453094482e+02
1.128735356330871582e+02
1.128928272724151611e+02
1.129128069877624512e+02
1.129340026378631592e+02
1.129528470039367676e+02
1.129729125499725342e+02
1.129927706718444824e+02
1.130127794742584229e+02
1.130329654216766357e+02
1.130530061721801758e+02
1.130725820064544678e+02
1.130929260253906250e+02
1.131133425235748291e+02
1.131335155963897705e+02
1.131534631252288818e+02
1.131723837852478027e+02
1.131931664943695068e+02
1.132132446765899658e+02
1.132329699993133545e+02
1.132536358833312988e+02
1.132793662548065186e+02
1.133002750873565674e+02
1.133192698955535889e+02
1.133388578891754150e+02
1.133595843315124512e+02
1.133791327476501465e+02
1.133991250991821289e+02
1.134188373088836670e+02
1.134388101100921631e+02
1.134591636657714844e+02
1.134797217845916748e+02
1.134995713233947754e+02
1.135196337699890137e+02
1.135397853851318359e+02
1.135596449375152588e+02
1.135795769691467285e+02
1.135996928215026855e+02
1.136195805072784424e+02
1.136395320892333984e+02
1.136594681739807129e+02
1.136795074939727783e+02
1.136999402046203613e+02
1.137195842266082764e+02
1.137397956848144531e+02
1.137593941688537598e+02
1.137797923088073730e+02
1.137995517253875732e+02
1.138197393417358398e+02
1.138394954204559326e+02
1.138595485687255859e+02
1.138793580532073975e+02
1.138995480537414551e+02
1.139195561408996582e+02
1.139394857883453369e+02
1.139591743946075439e+02
1.139794535636901855e+02
1.139995057582855225e+02
1.140191740989685059e+02
1.140394015312194824e+02
1.140594174861907959e+02
1.140788514614105225e+02
1.140991947650909424e+02
1.141192629337310791e+02
1.141393442153930664e+02
1.141592586040496826e+02
1.141788887977600098e+02
1.141995637416839600e+02
1.142196063995361328e+02
1.142389152050018311e+02
1.142599103450775146e+02
1.142788980007171631e+02
1.142998008728027344e+02
1.143196010589599609e+02
1.143393535614013672e+02
1.143594324588775635e+02
1.143789088726043701e+02
1.144003922939300537e+02
1.144189400672912598e+02
1.144397699832916260e+02
1.144588749408721924e+02
1.144795558452606201e+02
1.144988653659820557e+02
1.145196833610534668e+02
1.145389013290405273e+02
1.145588977336883545e+02
1.145797133445739746e+02
1.145989391803741455e+02
1.146205921173095703e+02
1.146389083862304688e+02
1.146597962379455566e+02
1.146788895130157471e+02
1.146997315883636475e+02
1.147188575267791748e+02
1.147396702766418457e+02
1.147592415809631348e+02
1.147794210910797119e+02
1.148000266551971436e+02
1.148194527626037598e+02
1.148395025730133057e+02
1.148594915866851807e+02
1.148796918392181396e+02
1.148987085819244385e+02
1.149191117286682129e+02
1.149389977455139160e+02
1.149594526290893555e+02
1.149791564941406250e+02
1.149993736743927002e+02
1.150194258689880371e+02
1.150387394428253174e+02
1.150593128204345703e+02
1.150786716938018799e+02
1.150988874435424805e+02
1.151215343475341797e+02
1.151395432949066162e+02
1.151596884727478027e+02
1.151796283721923828e+02
1.151995165348052979e+02
1.152193629741668701e+02
1.152393698692321777e+02
1.152594017982482910e+02
1.152791867256164551e+02
1.152995474338531494e+02
1.153189296722412109e+02
1.153393085002899170e+02
1.153588864803314209e+02
1.153795104026794434e+02
1.153996427059173584e+02
1.154194245338439941e+02
1.154396262168884277e+02
1.154592208862304688e+02
1.154796833992004395e+02
1.154994339942932129e+02
1.155198123455047607e+02
1.155393426418304443e+02
1.155596485137939453e+02
1.155794377326965332e+02
1.155993688106536865e+02
1.156195006370544434e+02
1.156394374370574951e+02
1.156596314907073975e+02
1.156805977821350098e+02
1.156998741626739502e+02
1.157191972732543945e+02
1.157388851642608643e+02
1.157597897052764893e+02
1.157789230346679688e+02
1.157996706962585449e+02
1.158193464279174805e+02
1.158393733501434326e+02
1.158593263626098633e+02
1.158795452117919922e+02
1.158993902206420898e+02
1.159193451404571533e+02
1.159393150806427002e+02
1.159592266082763672e+02
1.159794533252716064e+02
1.159996209144592285e+02
1.160192446708679199e+02
1.160393106937408447e+02
1.160590405464172363e+02
1.160794215202331543e+02
1.160993378162384033e+02
1.161192274093627930e+02
1.161391887664794922e+02
1.161593387126922607e+02
1.161793463230133057e+02
1.161997022628784180e+02
1.162192180156707764e+02
1.162396016120910645e+02
1.162596373558044434e+02
1.162798144817352295e+02
1.162997343540191650e+02
1.163198580741882324e+02
1.163388230800628662e+02
1.163591651916503906e+02
1.163788926601409912e+02
1.163992195129394531e+02
1.164187431335449219e+02
1.164393053054809570e+02
1.164595644474029541e+02
1.164791777133941650e+02
1.164993429183959961e+02
1.165193109512329102e+02
1.165390338897705078e+02
1.165595622062683105e+02
1.165793583393096924e+02
1.165990018844604492e+02
1.166192550659179688e+02
1.166395113468170166e+02
1.166597726345062256e+02
1.166788699626922607e+02
1.166988193988800049e+02
1.167194025516510010e+02
1.167388155460357666e+02
1.167593948841094971e+02
1.167797636985778809e+02
1.167994611263275146e+02
1.168196952342987061e+02
1.168393220901489258e+02
1.168591816425323486e+02
1.168794023990631104e+02
1.168991177082061768e+02
1.169189107418060303e+02
1.169393332004547119e+02
1.169593265056610107e+02
1.169793100357055664e+02
1.169985995292663574e+02
1.170192868709564209e+02
1.170395641326904297e+02
1.170592348575592041e+02
1.170795722007751465e+02
1.170990576744079590e+02
1.171194946765899658e+02
1.171394388675689697e+02
1.171596734523773193e+02
1.171786658763885498e+02
1.171992280483245850e+02
1.172191169261932373e+02
1.172388920783996582e+02
1.172588715553283691e+02
1.172793633937835693e+02
1.172988634109497070e+02
1.173190770149230957e+02
1.173396568298339844e+02
1.173588194847106934e+02
1.173791503906250000e+02
1.173987963199615479e+02
1.174194209575653076e+02
1.174396696090698242e+02
1.174595160484313965e+02
1.174790647029876709e+02
1.174988493919372559e+02
1.175190124511718750e+02
1.175390732288360596e+02
1.175590178966522217e+02
1.175790419578552246e+02
1.175990538597106934e+02
1.176188995838165283e+02
1.176393711566925049e+02
1.176596560478210449e+02
1.176800012588500977e+02
1.177009322643280029e+02
1.177192587852478027e+02
1.177392222881317139e+02
1.177587940692901611e+02
1.177790558338165283e+02
1.178009026050567627e+02
1.178190908432006836e+02
1.178398375511169434e+02
1.178594360351562500e+02
1.178787837028503418e+02
1.178993036746978760e+02
1.179192359447479248e+02
1.179394652843475342e+02
1.179592843055725098e+02
1.179792978763580322e+02
1.179992234706878662e+02
1.180191047191619873e+02
1.180391247272491455e+02
1.180593581199645996e+02
1.180792267322540283e+02
1.180992972850799561e+02
1.181191442012786865e+02
1.181397113800048828e+02
1.181591701507568359e+02
1.181792826652526855e+02
1.181991682052612305e+02
1.182192633152008057e+02
1.182391526699066162e+02
1.182593717575073242e+02
1.182794747352600098e+02
1.182996864318847656e+02
1.183195106983184814e+02
1.183400137424468994e+02
1.183592560291290283e+02
1.183793320655822754e+02
1.183992795944213867e+02
1.184188413619995117e+02
1.184393079280853271e+02
1.184592924118041992e+02
1.184792556762695312e+02
1.184997437000274658e+02
1.185191581249237061e+02
1.185396335124969482e+02
1.185597143173217773e+02
1.185798082351684570e+02
1.185999734401702881e+02
1.186189002990722656e+02
1.186394517421722412e+02
1.186596693992614746e+02
1.186795091629028320e+02
1.186995856761932373e+02
1.187193796634674072e+02
1.187393798828125000e+02
1.187594966888427734e+02
1.187795519828796387e+02
1.187994375228881836e+02
1.188187446594238281e+02
1.188402614593505859e+02
1.188587245941162109e+02
1.188796403408050537e+02
1.188987371921539307e+02
1.189187426567077637e+02
1.189394483566284180e+02
1.189602136611938477e+02
1.189788227081298828e+02
1.189987087249755859e+02
1.190187492370605469e+02
1.190394370555877686e+02
1.190598843097686768e+02
1.190794162750244141e+02
1.190988104343414307e+02
1.191187992095947266e+02
1.191387548446655273e+02
1.191587047576904297e+02
1.191787490844726562e+02
1.191987798213958740e+02
1.192189881801605225e+02
1.192387742996215820e+02
1.192594013214111328e+02
1.192789425849914551e+02
1.192988514900207520e+02
1.193185899257659912e+02
1.193399021625518799e+02
1.193587458133697510e+02
1.193787550926208496e+02
1.193987231254577637e+02
1.194187319278717041e+02
1.194387710094451904e+02
1.194587454795837402e+02
1.194786901473999023e+02
1.194987046718597412e+02
1.195191044807434082e+02
1.195390403270721436e+02
1.195598032474517822e+02
1.195792784690856934e+02
1.195996325016021729e+02
1.196200146675109863e+02
1.196389620304107666e+02
1.196595277786254883e+02
1.196789398193359375e+02
1.196994273662567139e+02
1.197193655967712402e+02
1.197395145893096924e+02
1.197595579624176025e+02
1.197793049812316895e+02
1.197994322776794434e+02
1.198192195892333984e+02
1.198394954204559326e+02
1.198588991165161133e+02
1.198794293403625488e+02
1.198995785713195801e+02
1.199193778038024902e+02
1.199392287731170654e+02
1.199596304893493652e+02
1.199790339469909668e+02
1.199996025562286377e+02
1.200197443962097168e+02
1.200395185947418213e+02
1.200594449043273926e+02
1.200795743465423584e+02
1.200994794368743896e+02
1.201193861961364746e+02
1.201406660079956055e+02
1.201589643955230713e+02
1.201788809299468994e+02
1.201995801925659180e+02
1.202194762229919434e+02
1.202390370368957520e+02
1.202591981887817383e+02
1.202794094085693359e+02
1.202995858192443848e+02
1.203191671371459961e+02
1.203394498825073242e+02
1.203596146106719971e+02
1.203798172473907471e+02
1.203999094963073730e+02
1.204200878143310547e+02
1.204397213459014893e+02
1.204589631557464600e+02
1.204844367504119873e+02
1.205036783218383789e+02
1.205243196487426758e+02
1.205468194484710693e+02
1.205638506412506104e+02
1.205839662551879883e+02
1.206033682823181152e+02
1.206236553192138672e+02
1.206437602043151855e+02
1.206638364791870117e+02
1.206837327480316162e+02
1.207037620544433594e+02
1.207236962318420410e+02
1.207438716888427734e+02
1.207640943527221680e+02
1.207840144634246826e+02
1.208036947250366211e+02
1.208240499496459961e+02
1.208440663814544678e+02
1.208646676540374756e+02
1.208840506076812744e+02
1.209040541648864746e+02
1.209246306419372559e+02
1.209436843395233154e+02
1.209656865596771240e+02
1.209836595058441162e+02
1.210045475959777832e+02
1.210244421958923340e+02
1.210441169738769531e+02
1.210640664100646973e+02
1.210842969417572021e+02
1.211042330265045166e+02
1.211239442825317383e+02
1.211436624526977539e+02
1.211644427776336670e+02
1.211841022968292236e+02
1.212039666175842285e+02
1.212241826057434082e+02
1.212435216903686523e+02
1.212645637989044189e+02
1.212833509445190430e+02
1.213034250736236572e+02
1.213240032196044922e+02
1.213450951576232910e+02
1.213637888431549072e+02
1.213848366737365723e+02
1.214047627449035645e+02
1.214241416454315186e+02
1.214445853233337402e+02
1.214637010097503662e+02
1.214848225116729736e+02
1.215036520957946777e+02
1.215244519710540771e+02
1.215441987514495850e+02
1.215645420551300049e+02
1.215848035812377930e+02
1.216127793788909912e+02
1.216327083110809326e+02
1.216531393527984619e+02
1.216725873947143555e+02
1.216925845146179199e+02
1.217123937606811523e+02
1.217324881553649902e+02
1.217527985572814941e+02
1.217727215290069580e+02
1.217926816940307617e+02
1.218127532005310059e+02
1.218329770565032959e+02
1.218524177074432373e+02
1.218735811710357666e+02
1.218922696113586426e+02
1.219125292301177979e+02
1.219332056045532227e+02
1.219531171321868896e+02
1.219737360477447510e+02
1.219921865463256836e+02
1.220125823020935059e+02
1.220324394702911377e+02
1.220521826744079590e+02
1.220721907615661621e+02
1.220924022197723389e+02
1.221133856773376465e+02
1.221321625709533691e+02
1.221531393527984619e+02
1.221726071834564209e+02
1.221925644874572754e+02
1.222130925655364990e+02
1.222326831817626953e+02
1.222530629634857178e+02
1.222735087871551514e+02
1.222921941280364990e+02
1.223133897781372070e+02
1.223321778774261475e+02
1.223531286716461182e+02
1.223751199245452881e+02
1.223933122158050537e+02
1.224121098518371582e+02
1.224325535297393799e+02
1.224525763988494873e+02
1.224721167087554932e+02
1.224928801059722900e+02
1.225121159553527832e+02
1.225325319766998291e+02
1.225522692203521729e+02
1.225725073814392090e+02
1.225927448272705078e+02
1.226130557060241699e+02
1.226327214241027832e+02
1.226524219512939453e+02
1.226729271411895752e+02
1.226923949718475342e+02
1.227123908996582031e+02
1.227325646877288818e+02
1.227525079250335693e+02
1.227724320888519287e+02
1.227924392223358154e+02
1.228124625682830811e+02
1.228387813568115234e+02
1.228579447269439697e+02
1.228779537677764893e+02
1.228979516029357910e+02
1.229178762435913086e+02
1.229389729499816895e+02
1.229571976661682129e+02
1.229779689311981201e+02
1.229980330467224121e+02
1.230178205966949463e+02
1.230386772155761719e+02
1.230579223632812500e+02
1.230780642032623291e+02
1.230978133678436279e+02
1.231182651519775391e+02
1.231375303268432617e+02
1.231580450534820557e+02
1.231787879467010498e+02
1.231980800628662109e+02
1.232184569835662842e+02
1.232379062175750732e+02
1.232574994564056396e+02
1.232780187129974365e+02
1.232979841232299805e+02
1.233181378841400146e+02
1.233379590511322021e+02
1.233579690456390381e+02
1.233777878284454346e+02
1.233981437683105469e+02
1.234172503948211670e+02
1.234377226829528809e+02
1.234580307006835938e+02
1.234784486293792725e+02
1.234983298778533936e+02
1.235183422565460205e+02
1.235381526947021484e+02
1.235582902431488037e+02
1.235784695148468018e+02
1.235985579490661621e+02
1.236179144382476807e+02
1.236384892463684082e+02
1.236584601402282715e+02
1.236783072948455811e+02
1.236983287334442139e+02
1.237182333469390869e+02
1.237381384372711182e+02
1.237579860687255859e+02
1.237777485847473145e+02
1.237980608940124512e+02
1.238178858757019043e+02
1.238380553722381592e+02
1.238578894138336182e+02
1.238787159919738770e+02
1.238981187343597412e+02
1.239179995059967041e+02
1.239375989437103271e+02
1.239579446315765381e+02
1.239778621196746826e+02
1.239982397556304932e+02
1.240178909301757812e+02
1.240382463932037354e+02
1.240580434799194336e+02
1.240780565738677979e+02
1.240981774330139160e+02
1.241179194450378418e+02
1.241379570960998535e+02
1.241579332351684570e+02
1.241780164241790771e+02
1.241980013847351074e+02
1.242190437316894531e+02
1.242376537322998047e+02
1.242583162784576416e+02
1.242778444290161133e+02
1.243018810749053955e+02
1.243182845115661621e+02
1.243380959033966064e+02
1.243576200008392334e+02
1.243779268264770508e+02
1.243988287448883057e+02
1.244177381992340088e+02
1.244385232925415039e+02
1.244575285911560059e+02
1.244781620502471924e+02
1.244975106716156006e+02
1.245180225372314453e+02
1.245377881526947021e+02
1.245579299926757812e+02
1.245789589881896973e+02
1.245975253582000732e+02
1.246182775497436523e+02
1.246381113529205322e+02
1.246579527854919434e+02
1.246781785488128662e+02
1.246975252628326416e+02
1.247186551094055176e+02
1.247382006645202637e+02
1.247583250999450684e+02
1.247781851291656494e+02
1.247982120513916016e+02
1.248174469470977783e+02
1.248382344245910645e+02
1.248573167324066162e+02
1.248773200511932373e+02
1.248973162174224854e+02
1.249172744750976562e+02
1.249373123645782471e+02
1.249573237895965576e+02
1.249773654937744141e+02
1.249973223209381104e+02
1.250173318386077881e+02
1.250381417274475098e+02
1.250573256015777588e+02
1.250773320198059082e+02
1.250973188877105713e+02
1.251172945499420166e+02
1.251373076438903809e+02
1.251582884788513184e+02
1.251777610778808594e+02
1.251972353458404541e+02
1.252180554866790771e+02
1.252381985187530518e+02
1.252573287487030029e+02
1.252782802581787109e+02
1.252972300052642822e+02
1.253184466361999512e+02
1.253379330635070801e+02
1.253579556941986084e+02
1.253779232501983643e+02
1.253981974124908447e+02
1.254179491996765137e+02
1.254379479885101318e+02
1.254578106403350830e+02
1.254781615734100342e+02
1.254974324703216553e+02
1.255173635482788086e+02
1.255378873348236084e+02
1.255579178333282471e+02
1.255779299736022949e+02
1.255981111526489258e+02
1.256172175407409668e+02
1.256378779411315918e+02
1.256580212116241455e+02
1.256777780055999756e+02
1.256972460746765137e+02
1.257176203727722168e+02
1.257372519969940186e+02
1.257579267024993896e+02
1.257782866954803467e+02
1.258099591732025146e+02
1.258299081325531006e+02
1.258507285118103027e+02
1.258698167800903320e+02
1.258941738605499268e+02
1.259148855209350586e+02
1.259345901012420654e+02
1.259545485973358154e+02
1.259749972820281982e+02
1.260007934570312500e+02
1.260204539299011230e+02
1.260405824184417725e+02
1.260607266426086426e+02
1.260812568664550781e+02
1.261008782386779785e+02
1.261209309101104736e+02
1.261408901214599609e+02
1.261597931385040283e+02
1.261830658912658691e+02
1.262002718448638916e+02
1.262198708057403564e+02
1.262409324645996094e+02
1.262605092525482178e+02
1.262812905311584473e+02
1.263015997409820557e+02
1.263203525543212891e+02
1.263405034542083740e+02
1.263605766296386719e+02
1.263798661231994629e+02
1.263998646736145020e+02
1.264203536510467529e+02
1.264405369758605957e+02
1.264600763320922852e+02
1.264803922176361084e+02
1.265013210773468018e+02
1.265198361873626709e+02
1.265404019355773926e+02
1.265606126785278320e+02
1.265806388854980469e+02
1.266016256809234619e+02
1.266203722953796387e+02
1.266403396129608154e+02
1.266610460281372070e+02
1.266807076930999756e+02
1.267002301216125488e+02
1.267210042476654053e+02
1.267410025596618652e+02
1.267607891559600830e+02
1.267812187671661377e+02
1.268005814552307129e+02
1.268208298683166504e+02
1.268407800197601318e+02
1.268607268333435059e+02
1.268809664249420166e+02
1.269007921218872070e+02
1.269211063385009766e+02
1.269409444332122803e+02
1.269605519771575928e+02
1.269803473949432373e+02
1.270007936954498291e+02
1.270202820301055908e+02
1.270403180122375488e+02
1.270604207515716553e+02
1.270805349349975586e+02
1.271003928184509277e+02
1.271203629970550537e+02
1.271405997276306152e+02
1.271603395938873291e+02
1.271806175708770752e+02
1.272003455162048340e+02
1.272203602790832520e+02
1.272410967350006104e+02
1.272613062858581543e+02
1.272806675434112549e+02
1.273010289669036865e+02
1.273209297657012939e+02
1.273407063484191895e+02
1.273605897426605225e+02
1.273803453445434570e+02
1.274000954627990723e+02
1.274206047058105469e+02
1.274405474662780762e+02
1.274605476856231689e+02
1.274803783893585205e+02
1.275005538463592529e+02
1.275198671817779541e+02
1.275402729511260986e+02
1.275604159832000732e+02
1.275803334712982178e+02
1.276008331775665283e+02
1.276203515529632568e+02
1.276402988433837891e+02
1.276603517532348633e+02
1.276804368495941162e+02
1.277003831863403320e+02
1.277206578254699707e+02
1.277403299808502197e+02
1.277604646682739258e+02
1.277807083129882812e+02
1.278004031181335449e+02
1.278204350471496582e+02
1.278400652408599854e+02
1.278604373931884766e+02
1.278800871372222900e+02
1.279006009101867676e+02
1.279204833507537842e+02
1.279406235218048096e+02
1.279604258537292480e+02
1.279804291725158691e+02
1.280005612373352051e+02
1.280204713344573975e+02
1.280404088497161865e+02
1.280607080459594727e+02
1.280804777145385742e+02
1.281005537509918213e+02
1.281205043792724609e+02
1.281408998966217041e+02
1.281607677936553955e+02
1.281804399490356445e+02
1.282005875110626221e+02
1.282206475734710693e+02
1.282404255867004395e+02
1.282604489326477051e+02
1.282802453041076660e+02
1.283004529476165771e+02
1.283206000328063965e+02
1.283404698371887207e+02
1.283604121208190918e+02
1.283807227611541748e+02
1.284005677700042725e+02
1.284255666732788086e+02
1.284453268051147461e+02
1.284653770923614502e+02
1.284854204654693604e+02
1.285056147575378418e+02
1.285261406898498535e+02
1.285460836887359619e+02
1.285657477378845215e+02
1.285859947204589844e+02
1.286056845188140869e+02
1.286259987354278564e+02
1.286454296112060547e+02
1.286654348373413086e+02
1.286862120628356934e+02
1.287053248882293701e+02
1.287251887321472168e+02
1.287456676959991455e+02
1.287654454708099365e+02
1.287864017486572266e+02
1.288051774501800537e+02
1.288255026340484619e+02
1.288456325531005859e+02
1.288653929233551025e+02
1.288858373165130615e+02
1.289053614139556885e+02
1.289257535934448242e+02
1.289456408023834229e+02
1.289656848907470703e+02
1.289857542514801025e+02
1.290054492950439453e+02
1.290257852077484131e+02
1.290457866191864014e+02
1.290648827552795410e+02
1.290864710807800293e+02
1.291054925918579102e+02
1.291256670951843262e+02
1.291453156471252441e+02
1.291657721996307373e+02
1.291853978633880615e+02
1.292051272392272949e+02
1.292252407073974609e+02
1.292457966804504395e+02
1.292651255130767822e+02
1.292856068611145020e+02
1.293059897422790527e+02
1.293250448703765869e+02
1.293449704647064209e+02
1.293656275272369385e+02
1.293854811191558838e+02
1.294062578678131104e+02
1.294254562854766846e+02
1.294455859661102295e+02
1.294657511711120605e+02
1.294856982231140137e+02
1.295058994293212891e+02
1.295254101753234863e+02
1.295457310676574707e+02
1.295657684803009033e+02
1.295851681232452393e+02
1.296054470539093018e+02
1.296254534721374512e+02
1.296455206871032715e+02
1.296654155254364014e+02
1.296856920719146729e+02
1.297057511806488037e+02
1.297257230281829834e+02
1.297456059455871582e+02
1.297654066085815430e+02
1.297866480350494385e+02
1.298058004379272461e+02
1.298255507946014404e+02
1.298461461067199707e+02
1.298656611442565918e+02
1.298857765197753906e+02
1.299051549434661865e+02
1.299259936809539795e+02
1.299448647499084473e+02
1.299656105041503906e+02
1.299863336086273193e+02
1.300052986145019531e+02
1.300256459712982178e+02
1.300453350543975830e+02
1.300663852691650391e+02
1.300856809616088867e+02
1.301053199768066406e+02
1.301255040168762207e+02
1.301455583572387695e+02
1.301695015430450439e+02
1.301901154518127441e+02
1.302098555564880371e+02
1.302295100688934326e+02
1.302494831085205078e+02
1.302690865993499756e+02
1.302896211147308350e+02
1.303095154762268066e+02
1.303292813301086426e+02
1.303491628170013428e+02
1.303690969944000244e+02
1.303895444869995117e+02
1.304094867706298828e+02
1.304295334815979004e+02
1.304495294094085693e+02
1.304694473743438721e+02
1.304902079105377197e+02
1.305100061893463135e+02
1.305294094085693359e+02
1.305494804382324219e+02
1.305694551467895508e+02
1.305900592803955078e+02
1.306100807189941406e+02
1.306300749778747559e+02
1.306495726108551025e+02
1.306698021888732910e+02
1.306891379356384277e+02
1.307101769447326660e+02
1.307291405200958252e+02
1.307494943141937256e+02
1.307694358825683594e+02
1.307894849777221680e+02
1.308095190525054932e+02
1.308299052715301514e+02
1.308496358394622803e+02
1.308694682121276855e+02
1.308895518779754639e+02
1.309094922542572021e+02
1.309300248622894287e+02
1.309491357803344727e+02
1.309694437980651855e+02
1.309897301197052002e+02
1.310095245838165283e+02
1.310295214653015137e+02
1.310495891571044922e+02
1.310694551467895508e+02
1.310894865989685059e+02
1.311094598770141602e+02
1.311298961639404297e+02
1.311497664451599121e+02
1.311698741912841797e+02
1.311897656917572021e+02
1.312095668315887451e+02
1.312339973449707031e+02
1.312540385723114014e+02
1.312740294933319092e+02
1.312940211296081543e+02
1.313142049312591553e+02
1.313341121673583984e+02
1.313539731502532959e+02
1.313740515708923340e+02
1.313941299915313721e+02
1.314136505126953125e+02
1.314338600635528564e+02
1.314538693428039551e+02
1.314740402698516846e+02
1.314939627647399902e+02
1.315139205455780029e+02
1.315336172580718994e+02
1.315543282032012939e+02
1.315742645263671875e+02
1.315940563678741455e+02
1.316136546134948730e+02
1.316341929435729980e+02
1.316540541648864746e+02
1.316736602783203125e+02
1.316947274208068848e+02
1.317135560512542725e+02
1.317342715263366699e+02
1.317536640167236328e+02
1.317736372947692871e+02
1.317943596839904785e+02
1.318136630058288574e+02
1.318341047763824463e+02
1.318540899753570557e+02
1.318741190433502197e+02
1.318941347599029541e+02
1.319140510559082031e+02
1.319339623451232910e+02
1.319539992809295654e+02
1.319739646911621094e+02
1.319941864013671875e+02
1.320141861438751221e+02
1.320337421894073486e+02
1.320533182621002197e+02
1.320743954181671143e+02
1.320939855575561523e+02
1.321141803264617920e+02
1.321340394020080566e+02
1.321541013717651367e+02
1.321742646694183350e+02
1.321939814090728760e+02
1.322147684097290039e+02
1.322344090938568115e+02
1.322537848949432373e+02
1.322741394042968750e+02
1.322938711643218994e+02
1.323137354850769043e+02
1.323336176872253418e+02
1.323535506725311279e+02
1.323738102912902832e+02
1.323935582637786865e+02
1.324143204689025879e+02
1.324342293739318848e+02
1.324541060924530029e+02
1.324735643863677979e+02
1.324937598705291748e+02
1.325136070251464844e+02
1.325339999198913574e+02
1.325542769432067871e+02
1.325736556053161621e+02
1.325936875343322754e+02
1.326136569976806641e+02
1.326340708732604980e+02
1.326538352966308594e+02
1.326741433143615723e+02
1.326937568187713623e+02
1.327139296531677246e+02
1.327336890697479248e+02
1.327540729045867920e+02
1.327735555171966553e+02
1.327940819263458252e+02
1.328139157295227051e+02
1.328339772224426270e+02
1.328540327548980713e+02
1.328737545013427734e+02
1.328940956592559814e+02
1.329135618209838867e+02
1.329341607093811035e+02
1.329540205001831055e+02
1.329735152721405029e+02
1.329935455322265625e+02
1.330139446258544922e+02
1.330340316295623779e+02
1.330541882514953613e+02
1.330733664035797119e+02
1.330935106277465820e+02
1.331137628555297852e+02
1.331345229148864746e+02
1.331540215015411377e+02
1.331742255687713623e+02
1.331939606666564941e+02
1.332142148017883301e+02
1.332340362071990967e+02
1.332540926933288574e+02
1.332741618156433105e+02
1.332945261001586914e+02
1.333148834705352783e+02
1.333340570926666260e+02
1.333539860248565674e+02
1.333739962577819824e+02
1.333939712047576904e+02
1.334145514965057373e+02
1.334337060451507568e+02
1.334541814327239990e+02
1.334739911556243896e+02
1.334940187931060791e+02
1.335140097141265869e+02
1.335343990325927734e+02
1.335541448593139648e+02
1.335742831230163574e+02
1.335940315723419189e+02
1.336139616966247559e+02
1.336340541839599609e+02
1.336539995670318604e+02
1.336745679378509521e+02
1.336942675113677979e+02
1.337136890888214111e+02
1.337339930534362793e+02
1.337537446022033691e+02
1.337740705013275146e+02
1.337939569950103760e+02
1.338144185543060303e+02
1.338338322639465332e+02
1.338540174961090088e+02
1.338741526603698730e+02
1.338939878940582275e+02
1.339184930324554443e+02
1.339384865760803223e+02
1.339584014415740967e+02
1.339784343242645264e+02
1.339983551502227783e+02
1.340183665752410889e+02
1.340383658409118652e+02
1.340580124855041504e+02
1.340783853530883789e+02
1.340983972549438477e+02
1.341184170246124268e+02
1.341384632587432861e+02
1.341585321426391602e+02
1.341784825325012207e+02
1.341989614963531494e+02
1.342185585498809814e+02
1.342384788990020752e+02
1.342585186958312988e+02
1.342784459590911865e+02
1.342983183860778809e+02
1.343184132575988770e+02
1.343383400440216064e+02
1.343586235046386719e+02
1.343784470558166504e+02
1.343985126018524170e+02
1.344183516502380371e+02
1.344383635520935059e+02
1.344584314823150635e+02
1.344785149097442627e+02
1.344985001087188721e+02
1.345180647373199463e+02
1.345382969379425049e+02
1.345585083961486816e+02
1.345790274143218994e+02
1.345984356403350830e+02
1.346180987358093262e+02
1.346383657455444336e+02
1.346583805084228516e+02
1.346788768768310547e+02
1.346984095573425293e+02
1.347183780670166016e+02
1.347383766174316406e+02
1.347577652931213379e+02
1.347786383628845215e+02
1.347984592914581299e+02
1.348185179233551025e+02
1.348384675979614258e+02
1.348584537506103516e+02
1.348782346248626709e+02
1.348983020782470703e+02
1.349181175231933594e+02
1.349386153221130371e+02
1.349586844444274902e+02
1.349780542850494385e+02
1.349989502429962158e+02
1.350180916786193848e+02
1.350384857654571533e+02
1.350580689907073975e+02
1.350785605907440186e+02
1.350980803966522217e+02
1.351183826923370361e+02
1.351383388042449951e+02
1.351580147743225098e+02
1.351787145137786865e+02
1.351980214118957520e+02
1.352182445526123047e+02
1.352389478683471680e+02
1.352579476833343506e+02
1.352785263061523438e+02
1.352981595993041992e+02
1.353186974525451660e+02
1.353384692668914795e+02
1.353584432601928711e+02
1.353783826828002930e+02
1.353984656333923340e+02
1.354186234474182129e+02
1.354390876293182373e+02
1.354585385322570801e+02
1.354785060882568359e+02
1.354980196952819824e+02
1.355183043479919434e+02
1.355384621620178223e+02
1.355580639839172363e+02
1.355785126686096191e+02
1.355986223220825195e+02
1.356186797618865967e+02
1.356383016109466553e+02
1.356584382057189941e+02
1.356783947944641113e+02
1.356984896659851074e+02
1.357183465957641602e+02
1.357383804321289062e+02
1.357587170600891113e+02
1.357782454490661621e+02
1.357990570068359375e+02
1.358188979625701904e+02
1.358390374183654785e+02
1.358591403961181641e+02
1.358787374496459961e+02
1.358986108303070068e+02
1.359183957576751709e+02
1.359378137588500977e+02
1.359578745365142822e+02
1.359795837402343750e+02
1.360024461746215820e+02
1.360183715820312500e+02
1.360393695831298828e+02
1.360577242374420166e+02
1.360777735710144043e+02
1.360984470844268799e+02
1.361180744171142578e+02
1.361386151313781738e+02
1.361585953235626221e+02
1.361784479618072510e+02
1.361984384059906006e+02
1.362185163497924805e+02
1.362386059761047363e+02
1.362584469318389893e+02
1.362785608768463135e+02
1.362986562252044678e+02
1.363188180923461914e+02
1.363382260799407959e+02
1.363584125041961670e+02
1.363785567283630371e+02
1.363985805511474609e+02
1.364186806678771973e+02
1.364384965896606445e+02
1.364589071273803711e+02
1.364789059162139893e+02
1.364984958171844482e+02
1.365184063911437988e+02
1.365380184650421143e+02
1.365581660270690918e+02
1.365783157348632812e+02
1.365983378887176514e+02
1.366188530921936035e+02
1.366378910541534424e+02
1.366583919525146484e+02
1.366786870956420898e+02
1.366987409591674805e+02
1.367186424732208252e+02
1.367385995388031006e+02
1.367592074871063232e+02
1.367784376144409180e+02
1.367986614704132080e+02
1.368190722465515137e+02
1.368386592864990234e+02
1.368589634895324707e+02
1.368789420127868652e+02
1.368987743854522705e+02
1.369189825057983398e+02
1.369389476776123047e+02
1.369590587615966797e+02
1.369786310195922852e+02
1.369990198612213135e+02
1.370185952186584473e+02
1.370387303829193115e+02
1.370589222908020020e+02
1.370789971351623535e+02
1.370987572669982910e+02
1.371188957691192627e+02
1.371384105682373047e+02
1.371589550971984863e+02
1.371785757541656494e+02
1.371984858512878418e+02
1.372185592651367188e+02
1.372383892536163330e+02
1.372590639591217041e+02
1.372784926891326904e+02
1.372981009483337402e+02
1.373196830749511719e+02
1.373385908603668213e+02
1.373587119579315186e+02
1.373782866001129150e+02
1.373988211154937744e+02
1.374183819293975830e+02
1.374384956359863281e+02
1.374584259986877441e+02
1.374785597324371338e+02
1.374984440803527832e+02
1.375185663700103760e+02
1.375391900539398193e+02
1.375582618713378906e+02
1.375786671638488770e+02
1.375984830856323242e+02
1.376185255050659180e+02
1.376380429267883301e+02
1.376587395668029785e+02
1.376781506538391113e+02
1.376987078189849854e+02
1.377180280685424805e+02
1.377382044792175293e+02
1.377583415508270264e+02
1.377784998416900635e+02
1.377984647750854492e+02
1.378184275627136230e+02
1.378382723331451416e+02
1.378586480617523193e+02
1.378783452510833740e+02
1.378984410762786865e+02
1.379186365604400635e+02
1.379382989406585693e+02
1.379586594104766846e+02
1.379783253669738770e+02
1.379984052181243896e+02
1.380184822082519531e+02
1.380380849838256836e+02
1.380580978393554688e+02
1.380783181190490723e+02
1.380981402397155762e+02
1.381183056831359863e+02
1.381392314434051514e+02
1.381587028503417969e+02
1.381789698600769043e+02
1.381987230777740479e+02
1.382179958820343018e+02
1.382384383678436279e+02
1.382583072185516357e+02
1.382787737846374512e+02
1.382989282608032227e+02
1.383188524246215820e+02
1.383387107849121094e+02
1.383580191135406494e+02
1.383778440952301025e+02
1.383979153633117676e+02
1.384178338050842285e+02
1.384379246234893799e+02
1.384578158855438232e+02
1.384777812957763672e+02
1.384979913234710693e+02
1.385186297893524170e+02
1.385378506183624268e+02
1.385577869415283203e+02
1.385778458118438721e+02
1.385992448329925537e+02
1.386179485321044922e+02
1.386378004550933838e+02
1.386579082012176514e+02
1.386777958869934082e+02
1.386979205608367920e+02
1.387178063392639160e+02
1.387378785610198975e+02
1.387578592300415039e+02
1.387777709960937500e+02
1.387981433868408203e+02
1.388184425830841064e+02
1.388379321098327637e+02
1.388584697246551514e+02
1.388778231143951416e+02
1.388978095054626465e+02
1.389178047180175781e+02
1.389378707408905029e+02
1.389577972888946533e+02
1.389778213500976562e+02
1.389978091716766357e+02
1.390178146362304688e+02
1.390386490821838379e+02
1.390587747097015381e+02
1.390780656337738037e+02
1.390981392860412598e+02
1.391180214881896973e+02
1.391380372047424316e+02
1.391580703258514404e+02
1.391780505180358887e+02
1.392047147750854492e+02
1.392246749401092529e+02
1.392446913719177246e+02
1.392647316455841064e+02
1.392849373817443848e+02
1.393047127723693848e+02
1.393255221843719482e+02
1.393442342281341553e+02
1.393646914958953857e+02
1.393847811222076416e+02
1.394046213626861572e+02
1.394354960918426514e+02
1.394562995433807373e+02
1.394751336574554443e+02
1.394953978061676025e+02
1.395153489112854004e+02
1.395353946685791016e+02
1.395552775859832764e+02
1.395756700038909912e+02
1.395953516960144043e+02
1.396152472496032715e+02
1.396365613937377930e+02
1.396553845405578613e+02
1.396755552291870117e+02
1.396949765682220459e+02
1.397202363014221191e+02
1.397407417297363281e+02
1.397600860595703125e+02
1.397804551124572754e+02
1.397997586727142334e+02
1.398197336196899414e+02
1.398414678573608398e+02
1.398667979240417480e+02
1.398873217105865479e+02
1.399067413806915283e+02
1.399273159503936768e+02
1.399474949836730957e+02
1.399670858383178711e+02
1.399880850315093994e+02
1.400073895454406738e+02
1.400273005962371826e+02
1.400472111701965332e+02
1.400671460628509521e+02
1.400872290134429932e+02
1.401067914962768555e+02
1.401272602081298828e+02
1.401467897891998291e+02
1.401671166419982910e+02
1.401868073940277100e+02
1.402067475318908691e+02
1.402279436588287354e+02
1.402467334270477295e+02
1.402667653560638428e+02
1.402867419719696045e+02
1.403079652786254883e+02
1.403270347118377686e+02
1.403474888801574707e+02
1.403666484355926514e+02
1.403875417709350586e+02
1.404067399501800537e+02
1.404275927543640137e+02
1.404470603466033936e+02
1.404668004512786865e+02
1.404871547222137451e+02
1.405071387290954590e+02
1.405278749465942383e+02
1.405467472076416016e+02
1.405674560070037842e+02
1.405867681503295898e+02
1.406080822944641113e+02
1.406267280578613281e+02
1.406476073265075684e+02
1.406667373180389404e+02
1.406869125366210938e+02
1.407072339057922363e+02
1.407274012565612793e+02
1.407472441196441650e+02
1.407675571441650391e+02
1.407871153354644775e+02
1.408067724704742432e+02
1.408277776241302490e+02
1.408470458984375000e+02
1.408674917221069336e+02
1.408867063522338867e+02
1.409075088500976562e+02
1.409266958236694336e+02
1.409473252296447754e+02
1.409671018123626709e+02
1.409870946407318115e+02
1.410069956779479980e+02
1.410272798538208008e+02
1.410470910072326660e+02
1.410672082901000977e+02
1.410871860980987549e+02
1.411074016094207764e+02
1.411281061172485352e+02
1.411472680568695068e+02
1.411671516895294189e+02
1.411873202323913574e+02
1.412071373462677002e+02
1.412271769046783447e+02
1.412472436428070068e+02
1.412666802406311035e+02
1.412871522903442383e+02
1.413070633411407471e+02
1.413271522521972656e+02
1.413476247787475586e+02
1.413673467636108398e+02
1.413865237236022949e+02
1.414144735336303711e+02
1.414352426528930664e+02
1.414545700550079346e+02
1.414745392799377441e+02
1.414949524402618408e+02
1.415145623683929443e+02
1.415353522300720215e+02
1.415548229217529297e+02
1.415748665332794189e+02
1.415945856571197510e+02
1.416148190498352051e+02
1.416345205307006836e+02
1.416552174091339111e+02
1.416749114990234375e+02
1.416948277950286865e+02
1.417151398658752441e+02
1.417349078655242920e+02
1.417549080848693848e+02
1.417750442028045654e+02
1.417941582202911377e+02
1.418194773197174072e+02
1.418398864269256592e+02
1.418595032691955566e+02
1.418801507949829102e+02
1.418995542526245117e+02
1.419200239181518555e+02
1.419407448768615723e+02
1.419601781368255615e+02
1.419802207946777344e+02
1.419996626377105713e+02
1.420203814506530762e+02
1.420398368835449219e+02
1.420604302883148193e+02
1.420794675350189209e+02
1.420998616218566895e+02
1.421198000907897949e+02
1.421404237747192383e+02
1.421595301628112793e+02
1.421799015998840332e+02
1.421995592117309570e+02
1.422198803424835205e+02
1.422400095462799072e+02
1.422598149776458740e+02
1.422800960540771484e+02
1.422995347976684570e+02
1.423198840618133545e+02
1.423402636051177979e+02
1.423593492507934570e+02
1.423798911571502686e+02
1.423998966217041016e+02
1.424198482036590576e+02
1.424400613307952881e+02
1.424602949619293213e+02
1.424798717498779297e+02
1.424998753070831299e+02
1.425197129249572754e+02
1.425401234626770020e+02
1.425597872734069824e+02
1.425894539356231689e+02
1.426098618507385254e+02
1.426301450729370117e+02
1.426501302719116211e+02
1.426702866554260254e+02
1.426899044513702393e+02
1.427098343372344971e+02
1.427325859069824219e+02
1.427499377727508545e+02
1.427744362354278564e+02
1.427944698333740234e+02
1.428145740032196045e+02
1.428407626152038574e+02
1.428595197200775146e+02
1.428801720142364502e+02
1.429000942707061768e+02
1.429203944206237793e+02
1.429403746128082275e+02
1.429601962566375732e+02
1.429805946350097656e+02
1.429998528957366943e+02
1.430201969146728516e+02
1.430398976802825928e+02
1.430602235794067383e+02
1.430805113315582275e+02
1.431000387668609619e+02
1.431199593544006348e+02
1.431401419639587402e+02
1.431601152420043945e+02
1.431802814006805420e+02
1.431999013423919678e+02
1.432198503017425537e+02
1.432399804592132568e+02
1.432604029178619385e+02
1.432811377048492432e+02
1.433002836704254150e+02
1.433202211856842041e+02
1.433403317928314209e+02
1.433601403236389160e+02
1.433813765048980713e+02
1.434002723693847656e+02
1.434202237129211426e+02
1.434402670860290527e+02
1.434598150253295898e+02
1.434802427291870117e+02
1.434999928474426270e+02
1.435199697017669678e+02
1.435398569107055664e+02
1.435602531433105469e+02
1.435793168544769287e+02
1.435992717742919922e+02
1.436198348999023438e+02
1.436392397880554199e+02
1.436593964099884033e+02
1.436801812648773193e+02
1.437001671791076660e+02
1.437198863029479980e+02
1.437399058341979980e+02
1.437607791423797607e+02
1.437794997692108154e+02
1.437995331287384033e+02
1.438198347091674805e+02
1.438399286270141602e+02
1.438602621555328369e+02
1.438800468444824219e+02
1.438999729156494141e+02
1.439202742576599121e+02
1.439417843818664551e+02
1.439598479270935059e+02
1.439799127578735352e+02
1.439998188018798828e+02
1.440198705196380615e+02
1.440398755073547363e+02
1.440609102249145508e+02
1.440795819759368896e+02
1.440994136333465576e+02
1.441196513175964355e+02
1.441400177478790283e+02
1.441604771614074707e+02
1.441795032024383545e+02
1.442080655097961426e+02
1.442281584739685059e+02
1.442480664253234863e+02
1.442684295177459717e+02
1.442933292388916016e+02
1.443134882450103760e+02
1.443330895900726318e+02
1.443536040782928467e+02
1.443727462291717529e+02
1.443932063579559326e+02
1.444134140014648438e+02
1.444333212375640869e+02
1.444533457756042480e+02
1.444730691909790039e+02
1.444978430271148682e+02
1.445179686546325684e+02
1.445371375083923340e+02
1.445571806430816650e+02
1.445768783092498779e+02
1.445969364643096924e+02
1.446168398857116699e+02
1.446370780467987061e+02
1.446576335430145264e+02
1.446772620677947998e+02
1.446967632770538330e+02
1.447172336578369141e+02
1.447365994453430176e+02
1.447581863403320312e+02
1.447774713039398193e+02
1.447969942092895508e+02
1.448182320594787598e+02
1.448369753360748291e+02
1.448641114234924316e+02
1.448818740844726562e+02
1.449023082256317139e+02
1.449223020076751709e+02
1.449426596164703369e+02
1.449628903865814209e+02
1.449824864864349365e+02
1.450022518634796143e+02
1.450221617221832275e+02
1.450422954559326172e+02
1.450624186992645264e+02
1.450825278759002686e+02
1.451025385856628418e+02
1.451224873065948486e+02
1.451419994831085205e+02
1.451622836589813232e+02
1.451823661327362061e+02
1.452022416591644287e+02
1.452222566604614258e+02
1.452423951625823975e+02
1.452622139453887939e+02
1.452822198867797852e+02
1.453022401332855225e+02
1.453224625587463379e+02
1.453429360389709473e+02
1.453624181747436523e+02
1.453829753398895264e+02
1.454023742675781250e+02
1.454230194091796875e+02
1.454419155120849609e+02
1.454624044895172119e+02
1.454833328723907471e+02
1.455019292831420898e+02
1.455228621959686279e+02
1.455424544811248779e+02
1.455623931884765625e+02
1.455831274986267090e+02
1.456022303104400635e+02
1.456224782466888428e+02
1.456418776512145996e+02
1.456623144149780273e+02
1.456823899745941162e+02
1.457018845081329346e+02
1.457226424217224121e+02
1.457427144050598145e+02
1.457623219490051270e+02
1.457824468612670898e+02
1.458024072647094727e+02
1.458219184875488281e+02
1.458434472084045410e+02
1.458623988628387451e+02
1.458817605972290039e+02
1.459023389816284180e+02
1.459230859279632568e+02
1.459423568248748779e+02
1.459626116752624512e+02
1.459828464984893799e+02
1.460023291110992432e+02
1.460238556861877441e+02
1.460423464775085449e+02
1.460624778270721436e+02
1.460838069915771484e+02
1.461019372940063477e+02
1.461222887039184570e+02
1.461422476768493652e+02
1.461628816127777100e+02
1.461833040714263916e+02
1.462024264335632324e+02
1.462225024700164795e+02
1.462424132823944092e+02
1.462624089717864990e+02
1.462823877334594727e+02
1.463024384975433350e+02
1.463222477436065674e+02
1.463433444499969482e+02
1.463623228073120117e+02
1.463819546699523926e+02
1.464032638072967529e+02
1.464225990772247314e+02
1.464420244693756104e+02
1.464618918895721436e+02
1.464825429916381836e+02
1.465028500556945801e+02
1.465227944850921631e+02
1.465426208972930908e+02
1.465626509189605713e+02
1.465822854042053223e+02
1.466019032001495361e+02
1.466223659515380859e+02
1.466426377296447754e+02
1.466623485088348389e+02
1.466819267272949219e+02
1.467024710178375244e+02
1.467221894264221191e+02
1.467424252033233643e+02
1.467630579471588135e+02
1.467824769020080566e+02
1.468029017448425293e+02
1.468229250907897949e+02
1.468425948619842529e+02
1.468618876934051514e+02
1.468825306892395020e+02
1.469027793407440186e+02
1.469226393699645996e+02
1.469430406093597412e+02
1.469619894027709961e+02
1.469825873374938965e+02
1.470023498535156250e+02
1.470219798088073730e+02
1.470432090759277344e+02
1.470622348785400391e+02
1.470823454856872559e+02
1.471024880409240723e+02
1.471222729682922363e+02
1.471424193382263184e+02
1.471623198986053467e+02
1.471822869777679443e+02
1.472023997306823730e+02
1.472229444980621338e+02
1.472427308559417725e+02
1.472626395225524902e+02
1.472827548980712891e+02
1.473025665283203125e+02
1.473225526809692383e+02
1.473428301811218262e+02
1.473628365993499756e+02
1.473820214271545410e+02
1.474022500514984131e+02
1.474218013286590576e+02
1.474422857761383057e+02
1.474623186588287354e+02
1.474822366237640381e+02
1.475023598670959473e+02
1.475222103595733643e+02
1.475469546318054199e+02
1.475664026737213135e+02
1.475869696140289307e+02
1.476066219806671143e+02
1.476280341148376465e+02
1.476474735736846924e+02
1.476672778129577637e+02
1.476870419979095459e+02
1.477072181701660156e+02
1.477273452281951904e+02
1.477469899654388428e+02
1.477674632072448730e+02
1.477868144512176514e+02
1.478068370819091797e+02
1.478269135951995850e+02
1.478470513820648193e+02
1.478670990467071533e+02
1.478872776031494141e+02
1.479070255756378174e+02
1.479273240566253662e+02
1.479470276832580566e+02
1.479673261642456055e+02
1.479876391887664795e+02
1.480068097114562988e+02
1.480275762081146240e+02
1.480471990108489990e+02
1.480670251846313477e+02
1.480882287025451660e+02
1.481067454814910889e+02
1.481268594264984131e+02
1.481472091674804688e+02
1.481668708324432373e+02
1.481871962547302246e+02
1.482068262100219727e+02
1.482267313003540039e+02
1.482472791671752930e+02
1.482669405937194824e+02
1.482932820320129395e+02
1.483137464523315430e+02
1.483337461948394775e+02
1.483539535999298096e+02
1.483737821578979492e+02
1.483938221931457520e+02
1.484140150547027588e+02
1.484338788986206055e+02
1.484538261890411377e+02
1.484738750457763672e+02
1.484940152168273926e+02
1.485138309001922607e+02
1.485337405204772949e+02
1.485537040233612061e+02
1.485738244056701660e+02
1.485940451622009277e+02
1.486137521266937256e+02
1.486336536407470703e+02
1.486537280082702637e+02
1.486736450195312500e+02
1.486961872577667236e+02
1.487136311531066895e+02
1.487337429523468018e+02
1.487536892890930176e+02
1.487737882137298584e+02
1.487938556671142578e+02
1.488138222694396973e+02
1.488337309360504150e+02
1.488537867069244385e+02
1.488737411499023438e+02
1.488938372135162354e+02
1.489137585163116455e+02
1.489336688518524170e+02
1.489537260532379150e+02
1.489739139080047607e+02
1.489930920600891113e+02
1.490135352611541748e+02
1.490329718589782715e+02
1.490530462265014648e+02
1.490737390518188477e+02
1.490935564041137695e+02
1.491136062145233154e+02
1.491336264610290527e+02
1.491535949707031250e+02
1.491741404533386230e+02
1.491939926147460938e+02
1.492141895294189453e+02
1.492339863777160645e+02
1.492538208961486816e+02
1.492741701602935791e+02
1.492942011356353760e+02
1.493140733242034912e+02
1.493342452049255371e+02
1.493542907238006592e+02
1.493741219043731689e+02
1.493990149497985840e+02
1.494201252460479736e+02
1.494397540092468262e+02
1.494595944881439209e+02
1.494799356460571289e+02
1.494997043609619141e+02
1.495193302631378174e+02
1.495396387577056885e+02
1.495594403743743896e+02
1.495796089172363281e+02
1.495995256900787354e+02
1.496196370124816895e+02
1.496396548748016357e+02
1.496589250564575195e+02
1.496788549423217773e+02
1.496999328136444092e+02
1.497188463211059570e+02
1.497389254570007324e+02
1.497588472366333008e+02
1.497795119285583496e+02
1.497996652126312256e+02
1.498194677829742432e+02
1.498389716148376465e+02
1.498605809211730957e+02
1.498795516490936279e+02
1.499003639221191406e+02
1.499202697277069092e+02
1.499398610591888428e+02
1.499603502750396729e+02
1.499798209667205811e+02
1.499999563694000244e+02
1.500199778079986572e+02
1.500398209095001221e+02
1.500602784156799316e+02
1.500799524784088135e+02
1.500999915599822998e+02
1.501195313930511475e+02
1.501390426158905029e+02
1.501591691970825195e+02
1.501796298027038574e+02
1.501996006965637207e+02
1.502194912433624268e+02
1.502397015094757080e+02
1.502603578567504883e+02
1.502796111106872559e+02
1.503001172542572021e+02
1.503199896812438965e+02
1.503401381969451904e+02
1.503598923683166504e+02
1.503801007270812988e+02
1.503999323844909668e+02
1.504195625782012939e+02
1.504404819011688232e+02
1.504591331481933594e+02
1.504802320003509521e+02
1.504995656013488770e+02
1.505203421115875244e+02
1.505394954681396484e+02
1.505594713687896729e+02
1.505794465541839600e+02
1.505993461608886719e+02
1.506194252967834473e+02
1.506394319534301758e+02
1.506594533920288086e+02
1.506794667243957520e+02
1.506995689868927002e+02
1.507190098762512207e+02
1.507397131919860840e+02
1.507599582672119141e+02
1.507791640758514404e+02
1.507988958358764648e+02
1.508191957473754883e+02
1.508393471240997314e+02
1.508590178489685059e+02
1.508793659210205078e+02
1.508988351821899414e+02
1.509193799495697021e+02
1.509395179748535156e+02
1.509588944911956787e+02
1.509793863296508789e+02
1.509988555908203125e+02
1.510188894271850586e+02
1.510393190383911133e+02
1.510596504211425781e+02
1.510795545578002930e+02
1.510996468067169189e+02
1.511190447807312012e+02
1.511423439979553223e+02
1.511591911315917969e+02
1.511797375679016113e+02
1.511996617317199707e+02
1.512196578979492188e+02
1.512394850254058838e+02
1.512596418857574463e+02
1.512797269821166992e+02
1.512995362281799316e+02
1.513194537162780762e+02
1.513394749164581299e+02
1.513597931861877441e+02
1.513796358108520508e+02
1.514001512527465820e+02
1.514194478988647461e+02
1.514395625591278076e+02
1.514597775936126709e+02
1.514795122146606445e+02
1.514995572566986084e+02
1.515197594165802002e+02
1.515396630764007568e+02
1.515594573020935059e+02
1.515793032646179199e+02
1.515995073318481445e+02
1.516194612979888916e+02
1.516396014690399170e+02
1.516595077514648438e+02
1.516796982288360596e+02
1.516999673843383789e+02
1.517200405597686768e+02
1.517400996685028076e+02
1.517591555118560791e+02
1.517800931930541992e+02
1.518000552654266357e+02
1.518195774555206299e+02
1.518395078182220459e+02
1.518596227169036865e+02
1.518797574043273926e+02
1.518995347023010254e+02
1.519197113513946533e+02
1.519395048618316650e+02
1.519595308303833008e+02
1.519798011779785156e+02
1.519999945163726807e+02
1.520196228027343750e+02
1.520396637916564941e+02
1.520596628189086914e+02
1.520799658298492432e+02
1.520998311042785645e+02
1.521194744110107422e+02
1.521397655010223389e+02
1.521596701145172119e+02
1.521797189712524414e+02
1.521998398303985596e+02
1.522196476459503174e+02
1.522399892807006836e+02
1.522595384120941162e+02
1.522794907093048096e+02
1.523003249168395996e+02
1.523194310665130615e+02
1.523394885063171387e+02
1.523596191406250000e+02
1.523803281784057617e+02
1.523997566699981689e+02
1.524200341701507568e+02
1.524399952888488770e+02
1.524600462913513184e+02
1.524798884391784668e+02
1.525003302097320557e+02
1.525196561813354492e+02
1.525388214588165283e+02
1.525605177879333496e+02
1.525789518356323242e+02
1.526003589630126953e+02
1.526198692321777344e+02
1.526401093006134033e+02
1.526601204872131348e+02
1.526795918941497803e+02
1.526991410255432129e+02
1.527196116447448730e+02
1.527391905784606934e+02
1.527595610618591309e+02
1.527792050838470459e+02
1.528011190891265869e+02
1.528189396858215332e+02
1.528395955562591553e+02
1.528598554134368896e+02
1.528797369003295898e+02
1.528991253376007080e+02
1.529196283817291260e+02
1.529397959709167480e+02
1.529600996971130371e+02
1.529796674251556396e+02
1.529995720386505127e+02
1.530194952487945557e+02
1.530395622253417969e+02
1.530595905780792236e+02
1.530804519653320312e+02
1.530995159149169922e+02
1.531194994449615479e+02
1.531420335769653320e+02
1.531588442325592041e+02
1.531793417930603027e+02
1.531996977329254150e+02
1.532194566726684570e+02
1.532393779754638672e+02
1.532598996162414551e+02
1.532798969745635986e+02
1.533000874519348145e+02
1.533196742534637451e+02
1.533395318984985352e+02
1.533596928119659424e+02
1.533796112537384033e+02
1.533996496200561523e+02
1.534195561408996582e+02
1.534394237995147705e+02
1.534594566822052002e+02
1.534795506000518799e+02
1.534994738101959229e+02
1.535198795795440674e+02
1.535394392013549805e+02
1.535589976310729980e+02
1.535795173645019531e+02
1.535996038913726807e+02
1.536195094585418701e+02
1.536394670009613037e+02
1.536594657897949219e+02
1.536796708106994629e+02
1.536989192962646484e+02
1.537191462516784668e+02
1.537393746376037598e+02
1.537598042488098145e+02
1.537797427177429199e+02
1.537996449470520020e+02
1.538196365833282471e+02
1.538395090103149414e+02
1.538603878021240234e+02
1.538788998126983643e+02
1.538988850116729736e+02
1.539189474582672119e+02
1.539388835430145264e+02
1.539588956832885742e+02
1.539789705276489258e+02
1.539989655017852783e+02
1.540189661979675293e+02
1.540389249324798584e+02
1.540589582920074463e+02
1.540789835453033447e+02
1.540989408493041992e+02
1.541189730167388916e+02
1.541389312744140625e+02
1.541589448451995850e+02
1.541789321899414062e+02
1.541989538669586182e+02
1.542189531326293945e+02
1.542389173507690430e+02
1.542590007781982422e+02
1.542789356708526611e+02
1.542998025417327881e+02
1.543189413547515869e+02
1.543389716148376465e+02
1.543589668273925781e+02
1.543789556026458740e+02
1.543989913463592529e+02
1.544189486503601074e+02
1.544395554065704346e+02
1.544589755535125732e+02
1.544789767265319824e+02
1.544989519119262695e+02
1.545195024013519287e+02
1.545389325618743896e+02
1.545589740276336670e+02
1.545789668560028076e+02
1.545989494323730469e+02
1.546189634799957275e+02
1.546389667987823486e+02
1.546589903831481934e+02
1.546789174079895020e+02
1.546989479064941406e+02
1.547189447879791260e+02
1.547389090061187744e+02
1.547589373588562012e+02
1.547789759635925293e+02
1.547996368408203125e+02
1.548195757865905762e+02
1.548396754264831543e+02
1.548594627380371094e+02
1.548790407180786133e+02
1.548989417552947998e+02
1.549189591407775879e+02
1.549400706291198730e+02
1.549591274261474609e+02
1.549796898365020752e+02
1.549997873306274414e+02
1.550196752548217773e+02
1.550391728878021240e+02
1.550591268539428711e+02
1.550791926383972168e+02
1.551002719402313232e+02
1.551265323162078857e+02
1.551465179920196533e+02
1.551663267612457275e+02
1.551860489845275879e+02
1.552059988975524902e+02
1.552265284061431885e+02
1.552467458248138428e+02
1.552668783664703369e+02
1.552865149974822998e+02
1.553065769672393799e+02
1.553276028633117676e+02
1.553462066650390625e+02
1.553661882877349854e+02
1.553860220909118652e+02
1.554059972763061523e+02
1.554260761737823486e+02
1.554465522766113281e+02
1.554665248394012451e+02
1.554864194393157959e+02
1.555056266784667969e+02
1.555445744991302490e+02
1.555721302032470703e+02
1.555921900272369385e+02
1.556128239631652832e+02
1.556321487426757812e+02
1.556524925231933594e+02
1.556722288131713867e+02
1.556921234130859375e+02
1.557127621173858643e+02
1.557326033115386963e+02
1.557526938915252686e+02
1.557722077369689941e+02
1.557927598953247070e+02
1.558132517337799072e+02
1.558323550224304199e+02
1.558526828289031982e+02
1.558726902008056641e+02
1.558933761119842529e+02
1.559126279354095459e+02
1.559327733516693115e+02
1.559537098407745361e+02
1.559721527099609375e+02
1.559931530952453613e+02
1.560121471881866455e+02
1.560327672958374023e+02
1.560521554946899414e+02
1.560728752613067627e+02
1.560931038856506348e+02
1.561126608848571777e+02
1.561326782703399658e+02
1.561525170803070068e+02
1.561798844337463379e+02
1.562011222839355469e+02
1.562211613655090332e+02
1.562409758567810059e+02
1.562601740360260010e+02
1.562801547050476074e+02
1.563003656864166260e+02
1.563199677467346191e+02
1.563411872386932373e+02
1.563607575893402100e+02
1.563806376457214355e+02
1.564007639884948730e+02
1.564207394123077393e+02
1.564407265186309814e+02
1.564607024192810059e+02
1.564808681011199951e+02
1.565006055831909180e+02
1.565206515789031982e+02
1.565409555435180664e+02
1.565605425834655762e+02
1.565810663700103760e+02
1.566005039215087891e+02
1.566207933425903320e+02
1.566407303810119629e+02
1.566609480381011963e+02
1.566806221008300781e+02
1.567003667354583740e+02
1.567203307151794434e+02
1.567412102222442627e+02
1.567608618736267090e+02
1.567803165912628174e+02
1.568002524375915527e+02
1.568203082084655762e+02
1.568402986526489258e+02
1.568603615760803223e+02
1.568803069591522217e+02
1.569003155231475830e+02
1.569245800971984863e+02
1.569403352737426758e+02
1.569606690406799316e+02
1.569804701805114746e+02
1.570006766319274902e+02
1.570208122730255127e+02
1.570406792163848877e+02
1.570605883598327637e+02
1.570800428390502930e+02
1.571006786823272705e+02
1.571202840805053711e+02
1.571411247253417969e+02
1.571600060462951660e+02
1.571810660362243652e+02
1.572000679969787598e+02
1.572212362289428711e+02
1.572412142753601074e+02
1.572600686550140381e+02
1.572807331085205078e+02
1.573004140853881836e+02
1.573202328681945801e+02
1.573405542373657227e+02
1.573605945110321045e+02
1.573800451755523682e+02
1.574004802703857422e+02
1.574206097126007080e+02
1.574399368762969971e+02
1.574606304168701172e+02
1.574806580543518066e+02
1.575002930164337158e+02
1.575206935405731201e+02
1.575405406951904297e+02
1.575604119300842285e+02
1.575803253650665283e+02
1.576004700660705566e+02
1.576203632354736328e+02
1.576406166553497314e+02
1.576605601310729980e+02
1.576809098720550537e+02
1.577000553607940674e+02
1.577201049327850342e+02
1.577411210536956787e+02
1.577604598999023438e+02
1.577803447246551514e+02
1.578004744052886963e+02
1.578206787109375000e+02
1.578410606384277344e+02
1.578608140945434570e+02
1.578803732395172119e+02
1.579003918170928955e+02
1.579210066795349121e+02
1.579403789043426514e+02
1.579603397846221924e+02
1.579807419776916504e+02
1.580019400119781494e+02
1.580203573703765869e+02
1.580435075759887695e+02
1.580611066818237305e+02
1.580808157920837402e+02
1.581008901596069336e+02
1.581207346916198730e+02
1.581401352882385254e+02
1.581596701145172119e+02
1.581795780658721924e+02
1.582007946968078613e+02
1.582206492424011230e+02
1.582408616542816162e+02
1.582613942623138428e+02
1.582807846069335938e+02
1.583008127212524414e+02
1.583207192420959473e+02
1.583417975902557373e+02
1.583604962825775146e+02
1.583812031745910645e+02
1.584019443988800049e+02
1.584267694950103760e+02
1.584457840919494629e+02
1.584655625820159912e+02
1.584857568740844727e+02
1.585062229633331299e+02
1.585262680053710938e+02
1.585469126701354980e+02
1.585663571357727051e+02
1.585861868858337402e+02
1.586061556339263916e+02
1.586262333393096924e+02
1.586462049484252930e+02
1.586665744781494141e+02
1.586862032413482666e+02
1.587069990634918213e+02
1.587260875701904297e+02
1.587460567951202393e+02
1.587660579681396484e+02
1.587860369682312012e+02
1.588056643009185791e+02
1.588257369995117188e+02
1.588463497161865234e+02
1.588662188053131104e+02
1.588863170146942139e+02
1.589062087535858154e+02
1.589261469841003418e+02
1.589464094638824463e+02
1.589661083221435547e+02
1.589860997200012207e+02
1.590062842369079590e+02
1.590260736942291260e+02
1.590460736751556396e+02
1.590660829544067383e+02
1.590862088203430176e+02
1.591062304973602295e+02
1.591261425018310547e+02
1.591456990242004395e+02
1.591682007312774658e+02
1.591858799457550049e+02
1.592057120800018311e+02
1.592358741760253906e+02
1.592560024261474609e+02
1.592758719921112061e+02
1.592959516048431396e+02
1.593160834312438965e+02
1.593360161781311035e+02
1.593559257984161377e+02
1.593761417865753174e+02
1.593959889411926270e+02
1.594158306121826172e+02
1.594359240531921387e+02
1.594555943012237549e+02
1.594768879413604736e+02
1.594955461025238037e+02
1.595161602497100830e+02
1.595359165668487549e+02
1.595554759502410889e+02
1.595770010948181152e+02
1.595962545871734619e+02
1.596160805225372314e+02
1.596357622146606445e+02
1.596561505794525146e+02
1.596758475303649902e+02
1.596960487365722656e+02
1.597158236503601074e+02
1.597363252639770508e+02
1.597559094429016113e+02
1.597759797573089600e+02
1.597959277629852295e+02
1.598165578842163086e+02
1.598361849784851074e+02
1.598561935424804688e+02
1.598761262893676758e+02
1.598958897590637207e+02
1.599159998893737793e+02
1.599361438751220703e+02
1.599557645320892334e+02
1.599767560958862305e+02
1.599959568977355957e+02
1.600162475109100342e+02
1.600360169410705566e+02
1.600559322834014893e+02
1.600761320590972900e+02
1.601045882701873779e+02
1.601240885257720947e+02
1.601442246437072754e+02
1.601642253398895264e+02
1.601841130256652832e+02
1.602042863368988037e+02
1.602250356674194336e+02
1.602441020011901855e+02
1.602639334201812744e+02
1.602841463088989258e+02
1.603041577339172363e+02
1.603249208927154541e+02
1.603445239067077637e+02
1.603637559413909912e+02
1.603843667507171631e+02
1.604042356014251709e+02
1.604242870807647705e+02
1.604448516368865967e+02
1.604646551609039307e+02
1.604846413135528564e+02
1.605034613609313965e+02
1.605241529941558838e+02
1.605443170070648193e+02
1.605641603469848633e+02
1.605844154357910156e+02
1.606054399013519287e+02
1.606241009235382080e+02
1.606443955898284912e+02
1.606640932559967041e+02
1.606898834705352783e+02
1.607104511260986328e+02
1.607302637100219727e+02
1.607509617805480957e+02
1.607701287269592285e+02
1.607900769710540771e+02
1.608102049827575684e+02
1.608299624919891357e+02
1.608499245643615723e+02
1.608699808120727539e+02
1.608899390697479248e+02
1.609095985889434814e+02
1.609301724433898926e+02
1.609496672153472900e+02
1.609698021411895752e+02
1.609896214008331299e+02
1.610098614692687988e+02
1.610299785137176514e+02
1.610498070716857910e+02
1.610706567764282227e+02
1.610903897285461426e+02
1.611101045608520508e+02
1.611299066543579102e+02
1.611498246192932129e+02
1.611698741912841797e+02
1.611898496150970459e+02
1.612099099159240723e+02
1.612298789024353027e+02
1.612499060630798340e+02
1.612698190212249756e+02
1.612901997566223145e+02
1.613099026679992676e+02
1.613299653530120850e+02
1.613496496677398682e+02
1.613705306053161621e+02
1.613899664878845215e+02
1.614095621109008789e+02
1.614305198192596436e+02
1.614495341777801514e+02
1.614703693389892578e+02
1.614900648593902588e+02
1.615095517635345459e+02
1.615298604965209961e+02
1.615495173931121826e+02
1.615701491832733154e+02
1.615903828144073486e+02
1.616104083061218262e+02
1.616302385330200195e+02
1.616500668525695801e+02
1.616698768138885498e+02
1.616896719932556152e+02
1.617098429203033447e+02
1.617299740314483643e+02
1.617496321201324463e+02
1.617702090740203857e+02
1.617901148796081543e+02
1.618098821640014648e+02
1.618299372196197510e+02
1.618499870300292969e+02
1.618701937198638916e+02
1.618898553848266602e+02
1.619093289375305176e+02
1.619300568103790283e+02
1.619499449729919434e+02
1.619699363708496094e+02
1.619900224208831787e+02
1.620100274085998535e+02
1.620300450325012207e+02
1.620512297153472900e+02
1.620696210861206055e+02
1.620909147262573242e+02
1.621098768711090088e+02
1.621305220127105713e+02
1.621499583721160889e+02
1.621697757244110107e+02
1.621902561187744141e+02
1.622098143100738525e+02
1.622297840118408203e+02
1.622509264945983887e+02
1.622696936130523682e+02
1.622901377677917480e+02
1.623100099563598633e+02
1.623299765586853027e+02
1.623499000072479248e+02
1.623699135780334473e+02
1.623899755477905273e+02
1.624104456901550293e+02
1.624300365447998047e+02
1.624660685062408447e+02
1.624859545230865479e+02
1.625059189796447754e+02
1.625260603427886963e+02
1.625458264350891113e+02
1.625659654140472412e+02
1.625854310989379883e+02
1.626063811779022217e+02
1.626259970664978027e+02
1.626454899311065674e+02
1.626675920486450195e+02
1.626854925155639648e+02
1.627051951885223389e+02
1.627259011268615723e+02
1.627454416751861572e+02
1.627677092552185059e+02
1.627852385044097900e+02
1.628063113689422607e+02
1.628260378837585449e+02
1.628454074859619141e+02
1.628675763607025146e+02
1.628851757049560547e+02
1.629070961475372314e+02
1.629259810447692871e+02
1.629454593658447266e+02
1.629660344123840332e+02
1.629855532646179199e+02
1.630058021545410156e+02
1.630259447097778320e+02
1.630459618568420410e+02
1.630652556419372559e+02
1.630867025852203369e+02
1.631054029464721680e+02
1.631266930103302002e+02
1.631460552215576172e+02
1.631653940677642822e+02
1.631860656738281250e+02
1.632052569389343262e+02
1.632259209156036377e+02
1.632457995414733887e+02
1.632663185596466064e+02
1.632859308719635010e+02
1.633062226772308350e+02
1.633260908126831055e+02
1.633458380699157715e+02
1.633661854267120361e+02
1.633859972953796387e+02
1.634059960842132568e+02
1.634262962341308594e+02
1.634452917575836182e+02
1.634667012691497803e+02
1.634852342605590820e+02
1.635069146156311035e+02
1.635259590148925781e+02
1.635462195873260498e+02
1.635660133361816406e+02
1.635861251354217529e+02
1.636059057712554932e+02
1.636260805130004883e+02
1.636459696292877197e+02
1.636659293174743652e+02
1.636863148212432861e+02
1.637061159610748291e+02
1.637260308265686035e+02
1.637462120056152344e+02
1.637661335468292236e+02
1.637858726978302002e+02
1.638059599399566650e+02
1.638254101276397705e+02
1.638459405899047852e+02
1.638659582138061523e+02
1.638859398365020752e+02
1.639057939052581787e+02
1.639271969795227051e+02
1.639459738731384277e+02
1.639659750461578369e+02
1.639852335453033447e+02
1.640059008598327637e+02
1.640258011817932129e+02
1.640457639694213867e+02
1.640667645931243896e+02
1.640852429866790771e+02
1.641059746742248535e+02
1.641255903244018555e+02
1.641458938121795654e+02
1.641660883426666260e+02
1.641858203411102295e+02
1.642053353786468506e+02
1.642261939048767090e+02
1.642458994388580322e+02
1.642658879756927490e+02
1.642859771251678467e+02
1.643059108257293701e+02
1.643261675834655762e+02
1.643466184139251709e+02
1.643658361434936523e+02
1.643863344192504883e+02
1.644056096076965332e+02
1.644258079528808594e+02
1.644457607269287109e+02
1.644657747745513916e+02
1.644854924678802490e+02
1.645056712627410889e+02
1.645257155895233154e+02
1.645454571247100830e+02
1.645657894611358643e+02
1.645862059593200684e+02
1.646062257289886475e+02
1.646260132789611816e+02
1.646466834545135498e+02
1.646654117107391357e+02
1.646859338283538818e+02
1.647059702873229980e+02
1.647259604930877686e+02
1.647451939582824707e+02
1.647655863761901855e+02
1.647868654727935791e+02
1.648058314323425293e+02
1.648268260955810547e+02
1.648461430072784424e+02
1.648660490512847900e+02
1.648858847618103027e+02
1.649061100482940674e+02
1.649255166053771973e+02
1.649455709457397461e+02
1.649659199714660645e+02
1.649858462810516357e+02
1.650064430236816406e+02
1.650255353450775146e+02
1.650464699268341064e+02
1.650660040378570557e+02
1.650854768753051758e+02
1.651064634323120117e+02
1.651255087852478027e+02
1.651460323333740234e+02
1.651659193038940430e+02
1.651860189437866211e+02
1.652059767246246338e+02
1.652254490852355957e+02
1.652466151714324951e+02
1.652658758163452148e+02
1.652865152359008789e+02
1.653058907985687256e+02
1.653260574340820312e+02
1.653459358215332031e+02
1.653652558326721191e+02
1.653858826160430908e+02
1.654058079719543457e+02
1.654260098934173584e+02
1.654459204673767090e+02
1.654672710895538330e+02
1.654860234260559082e+02
1.655061106681823730e+02
1.655260298252105713e+02
1.655455462932586670e+02
1.655659699440002441e+02
1.655852377414703369e+02
1.656054744720458984e+02
1.656258985996246338e+02
1.656460125446319580e+02
1.656667349338531494e+02
1.656862103939056396e+02
1.657058184146881104e+02
1.657261288166046143e+02
1.657466487884521484e+02
1.657651786804199219e+02
1.657870209217071533e+02
1.658051960468292236e+02
1.658256053924560547e+02
1.658459570407867432e+02
1.658657858371734619e+02
1.658856122493743896e+02
1.659059009552001953e+02
1.659261329174041748e+02
1.659451963901519775e+02
1.659660310745239258e+02
1.659858002662658691e+02
1.660062720775604248e+02
1.660258033275604248e+02
1.660456988811492920e+02
1.660657615661621094e+02
1.660857119560241699e+02
1.661064896583557129e+02
1.661261236667633057e+02
1.661454546451568604e+02
1.661658406257629395e+02
1.661860096454620361e+02
1.662058806419372559e+02
1.662254195213317871e+02
1.662478456497192383e+02
1.662652339935302734e+02
1.662861614227294922e+02
1.663068053722381592e+02
1.663255951404571533e+02
1.663458948135375977e+02
1.663659901618957520e+02
1.663858790397644043e+02
1.664059879779815674e+02
1.664260635375976562e+02
1.664470989704132080e+02
1.664656126499176025e+02
1.664862122535705566e+02
1.665058777332305908e+02
1.665268666744232178e+02
1.665471982955932617e+02
1.665659940242767334e+02
1.665855741500854492e+02
1.666055736541748047e+02
1.666273262500762939e+02
1.666460506916046143e+02
1.666659889221191406e+02
1.666860034465789795e+02
1.667068252563476562e+02
1.667257299423217773e+02
1.667459824085235596e+02
1.667662856578826904e+02
1.667860252857208252e+02
1.668058383464813232e+02
1.668259773254394531e+02
1.668458995819091797e+02
1.668660168647766113e+02
1.668859434127807617e+02
1.669069046974182129e+02
1.669261183738708496e+02
1.669454948902130127e+02
1.669656524658203125e+02
1.669860348701477051e+02
1.670061771869659424e+02
1.670288760662078857e+02
1.670455570220947266e+02
1.670663995742797852e+02
1.670860738754272461e+02
1.671058435440063477e+02
1.671254789829254150e+02
1.671461405754089355e+02
1.671663243770599365e+02
1.671865880489349365e+02
1.672061116695404053e+02
1.672263281345367432e+02
1.672455916404724121e+02
1.672662825584411621e+02
1.672853083610534668e+02
1.673058974742889404e+02
1.673261096477508545e+02
1.673457844257354736e+02
1.673655509948730469e+02
1.673858859539031982e+02
1.674057469367980957e+02
1.674252138137817383e+02
1.674452998638153076e+02
1.674655678272247314e+02
1.674861898422241211e+02
1.675062692165374756e+02
1.675265736579895020e+02
1.675468771457672119e+02
1.675661873817443848e+02
1.675865294933319092e+02
1.676063501834869385e+02
1.676265933513641357e+02
1.676463468074798584e+02
1.676660745143890381e+02
1.676863753795623779e+02
1.677060670852661133e+02
1.677261843681335449e+02
1.677463910579681396e+02
1.677661936283111572e+02
1.677866587638854980e+02
1.678059923648834229e+02
1.678259651660919189e+02
1.678459029197692871e+02
1.678661220073699951e+02
1.678865685462951660e+02
1.679062101840972900e+02
1.679268229007720947e+02
1.679463992118835449e+02
1.679659249782562256e+02
1.679863202571868896e+02
1.680057764053344727e+02
1.680261075496673584e+02
1.680457952022552490e+02
1.680655264854431152e+02
1.680870132446289062e+02
1.681051993370056152e+02
1.681261479854583740e+02
1.681459920406341553e+02
1.681652419567108154e+02
1.681867604255676270e+02
1.682052867412567139e+02
1.682260160446166992e+02
1.682458910942077637e+02
1.682652230262756348e+02
1.682859990596771240e+02
1.683059716224670410e+02
1.683258707523345947e+02
1.683459231853485107e+02
1.683660902976989746e+02
1.683859975337982178e+02
1.684058477878570557e+02
1.684259443283081055e+02
1.684458906650543213e+02
1.684658966064453125e+02
1.684857268333435059e+02
1.685061373710632324e+02
1.685257618427276611e+02
1.685459945201873779e+02
1.685659048557281494e+02
1.685852603912353516e+02
1.686057834625244141e+02
1.686261653900146484e+02
1.686464104652404785e+02
1.686661269664764404e+02
1.686860115528106689e+02
1.687057473659515381e+02
1.687255706787109375e+02
1.687458846569061279e+02
1.687652869224548340e+02
1.687872955799102783e+02
1.688052303791046143e+02
1.688254735469818115e+02
1.688461377620697021e+02
1.688666899204254150e+02
1.688857693672180176e+02
1.689063537120819092e+02
1.689261054992675781e+02
1.689460332393646240e+02
1.689657549858093262e+02
1.689860143661499023e+02
1.690059707164764404e+02
1.690260009765625000e+02
1.690462508201599121e+02
1.690660357475280762e+02
1.690863394737243652e+02
1.691058533191680908e+02
1.691261222362518311e+02
1.691462254524230957e+02
1.691660375595092773e+02
1.691859652996063232e+02
1.692059025764465332e+02
1.692255406379699707e+02
1.692456336021423340e+02
1.692659308910369873e+02
1.692859621047973633e+02
1.693058638572692871e+02
1.693252081871032715e+02
1.693468873500823975e+02
1.693659498691558838e+02
1.693857107162475586e+02
1.694057538509368896e+02
1.694263103008270264e+02
1.694460170269012451e+02
1.694661884307861328e+02
1.694857542514801025e+02
1.695053791999816895e+02
1.695255823135375977e+02
1.695460677146911621e+02
1.695654802322387695e+02
1.695861487388610840e+02
1.696054642200469971e+02
1.696259655952453613e+02
1.696464493274688721e+02
1.696657874584197998e+02
1.696865277290344238e+02
1.697055501937866211e+02
1.697261786460876465e+02
1.697454686164855957e+02
1.697659463882446289e+02
1.697854650020599365e+02
1.698055379390716553e+02
1.698254926204681396e+02
1.698459069728851318e+02
1.698653149604797363e+02
1.698862924575805664e+02
1.699052245616912842e+02
1.699252026081085205e+02
1.699453959465026855e+02
1.699668102264404297e+02
1.699860663414001465e+02
1.700061542987823486e+02
1.700263056755065918e+02
1.700461452007293701e+02
1.700662889480590820e+02
1.700861957073211670e+02
1.701061170101165771e+02
1.701261885166168213e+02
1.701461699008941650e+02
1.701662726402282715e+02
1.701861426830291748e+02
1.702062311172485352e+02
1.702261207103729248e+02
1.702461788654327393e+02
1.702663171291351318e+02
1.702862102985382080e+02
1.703064045906066895e+02
1.703261814117431641e+02
1.703466188907623291e+02
1.703667538166046143e+02
1.703857011795043945e+02
1.704064114093780518e+02
1.704263043403625488e+02
1.704464788436889648e+02
1.704663174152374268e+02
1.704858641624450684e+02
1.705055644512176514e+02
1.705261421203613281e+02
1.705455663204193115e+02
1.705661337375640869e+02
1.705857405662536621e+02
1.706063535213470459e+02
1.706262872219085693e+02
1.706461322307586670e+02
1.706663374900817871e+02
1.706858699321746826e+02
1.707060449123382568e+02
1.707262513637542725e+02
1.707463462352752686e+02
1.707658636569976807e+02
1.707860968112945557e+02
1.708057930469512939e+02
1.708261806964874268e+02
1.708465538024902344e+02
1.708657014369964600e+02
1.708856363296508789e+02
1.709059786796569824e+02
1.709262142181396484e+02
1.709461224079132080e+02
1.709664964675903320e+02
1.709854359626770020e+02
1.710061819553375244e+02
1.710264325141906738e+02
1.710454778671264648e+02
1.710664274692535400e+02
1.710854821205139160e+02
1.711063694953918457e+02
1.711263258457183838e+02
1.711454412937164307e+02
1.711666538715362549e+02
1.711855776309967041e+02
1.712054255008697510e+02
1.712262372970581055e+02
1.712457542419433594e+02
1.712657949924468994e+02
1.712860329151153564e+02
1.713055758476257324e+02
1.713260285854339600e+02
1.713456883430480957e+02
1.713658292293548584e+02
1.713862454891204834e+02
1.714058458805084229e+02
1.714257490634918213e+02
1.714455294609069824e+02
1.714667599201202393e+02
1.714862666130065918e+02
1.715061936378479004e+02
1.715262403488159180e+02
1.715464291572570801e+02
1.715654792785644531e+02
1.715860164165496826e+02
1.716065199375152588e+02
1.716261634826660156e+02
1.716460905075073242e+02
1.716665742397308350e+02
1.716857793331146240e+02
1.717062909603118896e+02
1.717262516021728516e+02
1.717463388442993164e+02
1.717655920982360840e+02
1.717864134311676025e+02
1.718055589199066162e+02
1.718262727260589600e+02
1.718464488983154297e+02
1.718653159141540527e+02
1.718861682415008545e+02
1.719054551124572754e+02
1.719258306026458740e+02
1.719457640647888184e+02
1.719675252437591553e+02
1.719861502647399902e+02
1.720062794685363770e+02
1.720262074470520020e+02
1.720456335544586182e+02
1.720658202171325684e+02
1.720858774185180664e+02
1.721061413288116455e+02
1.721253354549407959e+02
1.721464455127716064e+02
1.721656098365783691e+02
1.721859080791473389e+02
1.722062022686004639e+02
1.722258255481719971e+02
1.722459378242492676e+02
1.722661008834838867e+02
1.722858180999755859e+02
1.723063204288482666e+02
1.723263649940490723e+02
1.723461289405822754e+02
1.723653631210327148e+02
1.723863456249237061e+02
1.724063568115234375e+02
1.724258034229278564e+02
1.724458832740783691e+02
1.724670906066894531e+02
1.724861936569213867e+02
1.725064558982849121e+02
1.725265042781829834e+02
1.725458927154541016e+02
1.725667471885681152e+02
1.725852153301239014e+02
1.726060378551483154e+02
1.726258947849273682e+02
1.726467289924621582e+02
1.726668598651885986e+02
1.726857874393463135e+02
1.727068080902099609e+02
1.727257444858551025e+02
1.727461049556732178e+02
1.727668027877807617e+02
1.727863800525665283e+02
1.728063013553619385e+02
1.728267121315002441e+02
1.728455667495727539e+02
1.728657362461090088e+02
1.728857476711273193e+02
1.729063191413879395e+02
1.729257249832153320e+02
1.729534780979156494e+02
1.729723856449127197e+02
1.729921350479125977e+02
1.730119190216064453e+02
1.730320668220520020e+02
1.730519158840179443e+02
1.730716154575347900e+02
1.730915417671203613e+02
1.731115291118621826e+02
1.731314563751220703e+02
1.731514647006988525e+02
1.731715583801269531e+02
1.731914770603179932e+02
1.732114276885986328e+02
1.732319631576538086e+02
1.732516105175018311e+02
1.732718267440795898e+02
1.732908694744110107e+02
1.733108468055725098e+02
1.733308508396148682e+02
1.733522660732269287e+02
1.733720471858978271e+02
1.733917930126190186e+02
1.734116222858428955e+02
1.734313900470733643e+02
1.734511451721191406e+02
1.734715099334716797e+02
1.734916129112243652e+02
1.735114254951477051e+02
1.735313727855682373e+02
1.735514233112335205e+02
1.735714330673217773e+02
1.735914609432220459e+02
1.736114559173583984e+02
1.736314816474914551e+02
1.736514489650726318e+02
1.736711566448211670e+02
1.736917550563812256e+02
1.737114717960357666e+02
1.737314915657043457e+02
1.737513949871063232e+02
1.737715852260589600e+02
1.737915546894073486e+02
1.738114745616912842e+02
1.738314354419708252e+02
1.738513994216918945e+02
1.738711037635803223e+02
1.738914828300476074e+02
1.739114573001861572e+02
1.739316856861114502e+02
1.739514861106872559e+02
1.739714939594268799e+02
1.739915077686309814e+02
1.740115137100219727e+02
1.740311725139617920e+02
1.740514550209045410e+02
1.740716474056243896e+02
1.740921494960784912e+02
1.741121716499328613e+02
1.741317260265350342e+02
1.741514434814453125e+02
1.741712138652801514e+02
1.741918032169342041e+02
1.742120399475097656e+02
1.742321820259094238e+02
1.742516927719116211e+02
1.742718677520751953e+02
1.742916729450225830e+02
1.743114590644836426e+02
1.743315339088439941e+02
1.743617196083068848e+02
1.743816754817962646e+02
1.744013988971710205e+02
1.744212462902069092e+02
1.744412438869476318e+02
1.744613173007965088e+02
1.744815907478332520e+02
1.745014777183532715e+02
1.745215568542480469e+02
1.745419740676879883e+02
1.745615446567535400e+02
1.745816042423248291e+02
1.746012737751007080e+02
1.746212472915649414e+02
1.746415817737579346e+02
1.746612420082092285e+02
1.746815998554229736e+02
1.747012319564819336e+02
1.747215290069580078e+02
1.747411940097808838e+02
1.747616596221923828e+02
1.747815132141113281e+02
1.748012259006500244e+02
1.748217444419860840e+02
1.748420064449310303e+02
1.748616325855255127e+02
1.748817794322967529e+02
1.749017746448516846e+02
1.749218499660491943e+02
1.749419789314270020e+02
1.749621274471282959e+02
1.749822752475738525e+02
1.750019931793212891e+02
1.750216042995452881e+02
1.750416245460510254e+02
1.750615508556365967e+02
1.750818603038787842e+02
1.751019799709320068e+02
1.751218707561492920e+02
1.751420817375183105e+02
1.751617288589477539e+02
1.751816744804382324e+02
1.752017099857330322e+02
1.752219934463500977e+02
1.752422847747802734e+02
1.752618439197540283e+02
1.752820546627044678e+02
1.753018190860748291e+02
1.753216056823730469e+02
1.753422548770904541e+02
1.753616652488708496e+02
1.753814971446990967e+02
1.754011428356170654e+02
1.754220650196075439e+02
1.754415929317474365e+02
1.754618256092071533e+02
1.754819276332855225e+02
1.755020127296447754e+02
1.755212235450744629e+02
1.755422267913818359e+02
1.755616827011108398e+02
1.755819497108459473e+02
1.756013169288635254e+02
1.756212360858917236e+02
1.756436269283294678e+02
1.756610934734344482e+02
1.756818232536315918e+02
1.757119014263153076e+02
1.757328104972839355e+02
1.757519044876098633e+02
1.757725119590759277e+02
1.757918946743011475e+02
1.758125216960906982e+02
1.758327829837799072e+02
1.758529920578002930e+02
1.758731944561004639e+02
1.758919577598571777e+02
1.759124264717102051e+02
1.759338767528533936e+02
1.759526939392089844e+02
1.759737551212310791e+02
1.759923810958862305e+02
1.760119030475616455e+02
1.760324525833129883e+02
1.760526559352874756e+02
1.760723397731781006e+02
1.760918998718261719e+02
1.761122629642486572e+02
1.761319320201873779e+02
1.761523244380950928e+02
1.761718423366546631e+02
1.761924006938934326e+02
1.762129378318786621e+02
1.762332363128662109e+02
1.762528693675994873e+02
1.762731161117553711e+02
1.762928965091705322e+02
1.763123438358306885e+02
1.763337659835815430e+02
1.763528459072113037e+02
1.763736374378204346e+02
1.763925318717956543e+02
1.764124133586883545e+02
1.764322750568389893e+02
1.764524841308593750e+02
1.764730250835418701e+02
1.764919271469116211e+02
1.765123612880706787e+02
1.765330405235290527e+02
1.765524966716766357e+02
1.765721790790557861e+02
1.765916872024536133e+02
1.766128015518188477e+02
1.766320307254791260e+02
1.766524004936218262e+02
1.766727504730224609e+02
1.766930105686187744e+02
1.767128350734710693e+02
1.767328302860260010e+02
1.767525906562805176e+02
1.767724812030792236e+02
1.767924225330352783e+02
1.768125016689300537e+02
1.768325827121734619e+02
1.768524465560913086e+02
1.768725774288177490e+02
1.768927693367004395e+02
1.769128108024597168e+02
1.769328308105468750e+02
1.769528338909149170e+02
1.769719398021697998e+02
1.769925260543823242e+02
1.770121250152587891e+02
1.770330500602722168e+02
1.770520071983337402e+02
1.770716967582702637e+02
1.770924525260925293e+02
1.771125357151031494e+02
1.771325271129608154e+02
1.771525743007659912e+02
1.771724910736083984e+02
1.771924245357513428e+02
1.772124934196472168e+02
1.772324452400207520e+02
1.772526390552520752e+02
1.772723157405853271e+02
1.772929568290710449e+02
1.773125162124633789e+02
1.773322947025299072e+02
1.773524940013885498e+02
1.773724818229675293e+02
1.773924756050109863e+02
1.774124593734741211e+02
1.774319055080413818e+02
1.774527897834777832e+02
1.774725730419158936e+02
1.774927153587341309e+02
1.775128295421600342e+02
1.775329830646514893e+02
1.775527627468109131e+02
1.775729346275329590e+02
1.775927150249481201e+02
1.776130335330963135e+02
1.776329293251037598e+02
1.776527426242828369e+02
1.776734826564788818e+02
1.776919076442718506e+02
1.777120192050933838e+02
1.777318782806396484e+02
1.777523021697998047e+02
1.777722504138946533e+02
1.777927033901214600e+02
1.778123135566711426e+02
1.778324034214019775e+02
1.778519635200500488e+02
1.778720157146453857e+02
1.778918941020965576e+02
1.779119307994842529e+02
1.779323980808258057e+02
1.779607474803924561e+02
1.779801721572875977e+02
1.780010678768157959e+02
1.780204148292541504e+02
1.780408782958984375e+02
1.780606000423431396e+02
1.780811672210693359e+02
1.781008224487304688e+02
1.781208534240722656e+02
1.781409747600555420e+02
1.781605560779571533e+02
1.781809899806976318e+02
1.782009351253509521e+02
1.782207951545715332e+02
1.782404830455780029e+02
1.782603511810302734e+02
1.782812907695770264e+02
1.782999992370605469e+02
1.783203423023223877e+02
1.783404417037963867e+02
1.783605430126190186e+02
1.783802330493927002e+02
1.784005343914031982e+02
1.784205627441406250e+02
1.784399342536926270e+02
1.784599153995513916e+02
1.784804916381835938e+02
1.785006337165832520e+02
1.785203177928924561e+02
1.785406129360198975e+02
1.785598833560943604e+02
1.785799682140350342e+02
1.786002013683319092e+02
1.786206181049346924e+02
1.786403846740722656e+02
1.786601738929748535e+02
1.786798198223114014e+02
1.787006602287292480e+02
1.787204060554504395e+02
1.787405753135681152e+02
1.787607245445251465e+02
1.787806620597839355e+02
1.788007290363311768e+02
1.788206057548522949e+02
1.788402695655822754e+02
1.788603246212005615e+02
1.788805029392242432e+02
1.789002296924591064e+02
1.789206762313842773e+02
1.789402532577514648e+02
1.789606268405914307e+02
1.789804532527923584e+02
1.790002465248107910e+02
1.790205345153808594e+02
1.790402054786682129e+02
1.790606858730316162e+02
1.790806057453155518e+02
1.791006574630737305e+02
1.791206064224243164e+02
1.791405589580535889e+02
1.791608452796936035e+02
1.791805591583251953e+02
1.792011091709136963e+02
1.792205598354339600e+02
1.792410361766815186e+02
1.792606842517852783e+02
1.792805526256561279e+02
1.793007919788360596e+02
1.793204684257507324e+02
1.793405845165252686e+02
1.793606050014495850e+02
1.793806307315826416e+02
1.794005761146545410e+02
1.794206509590148926e+02
1.794407093524932861e+02
1.794608235359191895e+02
1.794806172847747803e+02
1.795009596347808838e+02
1.795205979347229004e+02
1.795406990051269531e+02
1.795609276294708252e+02
1.795802454948425293e+02
1.796005682945251465e+02
1.796201205253601074e+02
1.796407685279846191e+02
1.796607682704925537e+02
1.796807370185852051e+02
1.797007493972778320e+02
1.797208998203277588e+02
1.797407445907592773e+02
1.797608597278594971e+02
1.797806069850921631e+02
1.798008825778961182e+02
1.798202095031738281e+02
1.798408937454223633e+02
1.798601562976837158e+02
1.798802917003631592e+02
1.799007327556610107e+02
1.799204947948455811e+02
1.799405803680419922e+02
1.799606170654296875e+02
1.799805617332458496e+02
1.800070102214813232e+02
1.800269975662231445e+02
1.800475363731384277e+02
1.800678887367248535e+02
1.800875275135040283e+02
1.801070289611816406e+02
1.801274690628051758e+02
1.801469745635986328e+02
1.801669812202453613e+02
1.801875312328338623e+02
1.802069287300109863e+02
1.802268567085266113e+02
1.802475581169128418e+02
1.802676455974578857e+02
1.802875819206237793e+02
1.803075213432312012e+02
1.803275814056396484e+02
1.803475458621978760e+02
1.803675687313079834e+02
1.803876438140869141e+02
1.804074769020080566e+02
1.804277293682098389e+02
1.804476089477539062e+02
1.804679381847381592e+02
1.804876761436462402e+02
1.805076925754547119e+02
1.805277650356292725e+02
1.805477082729339600e+02
1.805676269531250000e+02
1.805877084732055664e+02
1.806076529026031494e+02
1.806278979778289795e+02
1.806476926803588867e+02
1.806680147647857666e+02
1.806877734661102295e+02
1.807077856063842773e+02
1.807278909683227539e+02
1.807472326755523682e+02
1.807679522037506104e+02
1.807883014678955078e+02
1.808073174953460693e+02
1.808283052444458008e+02
1.808476002216339111e+02
1.808676300048828125e+02
1.808874285221099854e+02
1.809077463150024414e+02
1.809283673763275146e+02
1.809475347995758057e+02
1.809677515029907227e+02
1.809876458644866943e+02
1.810075004100799561e+02
1.810278959274291992e+02
1.810476818084716797e+02
1.810679347515106201e+02
1.810877444744110107e+02
1.811074788570404053e+02
1.811276855468750000e+02
1.811471719741821289e+02
1.811676378250122070e+02
1.811876900196075439e+02
1.812076256275177002e+02
1.812366540431976318e+02
1.812564344406127930e+02
1.812767820358276367e+02
1.812964541912078857e+02
1.813164811134338379e+02
1.813364117145538330e+02
1.813565778732299805e+02
1.813764252662658691e+02
1.813964643478393555e+02
1.814169127941131592e+02
1.814442834854125977e+02
1.814644176959991455e+02
1.814842698574066162e+02
1.815043799877166748e+02
1.815244879722595215e+02
1.815535430908203125e+02
1.815815935134887695e+02
1.816011114120483398e+02
1.816214981079101562e+02
1.816410138607025146e+02
1.816607692241668701e+02
1.816806859970092773e+02
1.817067193984985352e+02
1.817353198528289795e+02
1.817548136711120605e+02
1.817740774154663086e+02
1.817940740585327148e+02
1.818142471313476562e+02
1.818339643478393555e+02
1.818539781570434570e+02
1.818743984699249268e+02
1.818943488597869873e+02
1.819143688678741455e+02
1.819339861869812012e+02
1.819543917179107666e+02
1.819742388725280762e+02
1.819940116405487061e+02
1.820142703056335449e+02
1.820339610576629639e+02
1.820542440414428711e+02
1.820742597579956055e+02
1.820948255062103271e+02
1.821146337985992432e+02
1.821347825527191162e+02
1.821547932624816895e+02
1.821747756004333496e+02
1.821949844360351562e+02
1.822144899368286133e+02
1.822340707778930664e+02
1.822546603679656982e+02
1.822741975784301758e+02
1.822945368289947510e+02
1.823145165443420410e+02
1.823340804576873779e+02
1.823553359508514404e+02
1.823745720386505127e+02
1.823940825462341309e+02
1.824145753383636475e+02
1.824344441890716553e+02
1.824544222354888916e+02
1.824746494293212891e+02
1.824941663742065430e+02
1.825146028995513916e+02
1.825345842838287354e+02
1.825545229911804199e+02
1.825745170116424561e+02
1.825945487022399902e+02
1.826145887374877930e+02
1.826348454952239990e+02
1.826545145511627197e+02
1.826746318340301514e+02
1.826945607662200928e+02
1.827146346569061279e+02
1.827345468997955322e+02
1.827544939517974854e+02
1.827747614383697510e+02
1.827944483757019043e+02
1.828146324157714844e+02
1.828344686031341553e+02
1.828546133041381836e+02
1.828746225833892822e+02
1.828945555686950684e+02
1.829151773452758789e+02
1.829423186779022217e+02
1.829630236625671387e+02
1.829829051494598389e+02
1.830034382343292236e+02
1.830230097770690918e+02
1.830433657169342041e+02
1.830637187957763672e+02
1.830827589035034180e+02
1.831030042171478271e+02
1.831230986118316650e+02
1.831433782577514648e+02
1.831634409427642822e+02
1.831831381320953369e+02
1.832029643058776855e+02
1.832230961322784424e+02
1.832430572509765625e+02
1.832629730701446533e+02
1.832830495834350586e+02
1.833030960559844971e+02
1.833231821060180664e+02
1.833435208797454834e+02
1.833630907535552979e+02
1.833829593658447266e+02
1.834030950069427490e+02
1.834397432804107666e+02
1.834598319530487061e+02
1.834797508716583252e+02
1.834995844364166260e+02
1.835196347236633301e+02
1.835396389961242676e+02
1.835596759319305420e+02
1.835795702934265137e+02
1.835996613502502441e+02
1.836195824146270752e+02
1.836397192478179932e+02
1.836596181392669678e+02
1.836801376342773438e+02
1.836998336315155029e+02
1.837197449207305908e+02
1.837395160198211670e+02
1.837592089176177979e+02
1.837791438102722168e+02
1.837995553016662598e+02
1.838196127414703369e+02
1.838396327495574951e+02
1.838602263927459717e+02
1.838797736167907715e+02
1.838991096019744873e+02
1.839195573329925537e+02
1.839393761157989502e+02
1.839594669342041016e+02
1.839796669483184814e+02
1.839996170997619629e+02
1.840190865993499756e+02
1.840391099452972412e+02
1.840606153011322021e+02
1.840788323879241943e+02
1.840995564460754395e+02
1.841195232868194580e+02
1.841395168304443359e+02
1.841591148376464844e+02
1.841795525550842285e+02
1.841996207237243652e+02
1.842194015979766846e+02
1.842396214008331299e+02
1.842600016593933105e+02
1.842791566848754883e+02
1.842990787029266357e+02
1.843201303482055664e+02
1.843392283916473389e+02
1.843591096401214600e+02
1.843796339035034180e+02
1.843998272418975830e+02
1.844200267791748047e+02
1.844399473667144775e+02
1.844598095417022705e+02
1.844795975685119629e+02
1.844989342689514160e+02
1.845200715065002441e+02
1.845391719341278076e+02
1.845598838329315186e+02
1.845794410705566406e+02
1.845996301174163818e+02
1.846196882724761963e+02
1.846396157741546631e+02
1.846598267555236816e+02
1.846794612407684326e+02
1.846995828151702881e+02
1.847196474075317383e+02
1.847395119667053223e+02
1.847595219612121582e+02
1.847797894477844238e+02
1.847991547584533691e+02
1.848188989162445068e+02
1.848391747474670410e+02
1.848595175743103027e+02
1.848788275718688965e+02
1.848996841907501221e+02
1.849191689491271973e+02
1.849396486282348633e+02
1.849596259593963623e+02
1.849795987606048584e+02
1.849990038871765137e+02
1.850191621780395508e+02
1.850388987064361572e+02
1.850600261688232422e+02
1.850797662734985352e+02
1.851002986431121826e+02
1.851196804046630859e+02
1.851394784450531006e+02
1.851600108146667480e+02
1.851791985034942627e+02
1.852000064849853516e+02
1.852192101478576660e+02
1.852397418022155762e+02
1.852597093582153320e+02
1.852795994281768799e+02
1.852995920181274414e+02
1.853196554183959961e+02
1.853396053314208984e+02
1.853595576286315918e+02
1.853797111511230469e+02
1.854000790119171143e+02
1.854190876483917236e+02
1.854390702247619629e+02
1.854595198631286621e+02
1.854795351028442383e+02
1.854994337558746338e+02
1.855195443630218506e+02
1.855395164489746094e+02
1.855591542720794678e+02
1.855799629688262939e+02
1.855996060371398926e+02
1.856195666790008545e+02
1.856397032737731934e+02
1.856594035625457764e+02
1.856791067123413086e+02
1.856995828151702881e+02
1.857200729846954346e+02
1.857391457557678223e+02
1.857593884468078613e+02
1.857791123390197754e+02
1.857990841865539551e+02
1.858202538490295410e+02
1.858395402431488037e+02
1.858596501350402832e+02
1.858793392181396484e+02
1.858994455337524414e+02
1.859199199676513672e+02
1.859389891624450684e+02
1.859599337577819824e+02
1.859790463447570801e+02
1.859991064071655273e+02
1.860191318988800049e+02
1.860390810966491699e+02
1.860591888427734375e+02
1.860791997909545898e+02
1.861001181602478027e+02
1.861190505027770996e+02
1.861396157741546631e+02
1.861594235897064209e+02
1.861792180538177490e+02
1.862003087997436523e+02
1.862195901870727539e+02
1.862394747734069824e+02
1.862594811916351318e+02
1.862791955471038818e+02
1.863001265525817871e+02
1.863195474147796631e+02
1.863391370773315430e+02
1.863596551418304443e+02
1.863796713352203369e+02
1.863989217281341553e+02
1.864201629161834717e+02
1.864390518665313721e+02
1.864595439434051514e+02
1.864795753955841064e+02
1.864994759559631348e+02
1.865196058750152588e+02
1.865395689010620117e+02
1.865596354007720947e+02
1.865792496204376221e+02
1.865997159481048584e+02
1.866195678710937500e+02
1.866391050815582275e+02
1.866598627567291260e+02
1.866789922714233398e+02
1.867001099586486816e+02
1.867188932895660400e+02
1.867397427558898926e+02
1.867596936225891113e+02
1.867796947956085205e+02
1.867998425960540771e+02
1.868203127384185791e+02
1.868396751880645752e+02
1.868598728179931641e+02
1.868795752525329590e+02
1.868997223377227783e+02
1.869197523593902588e+02
1.869395976066589355e+02
1.869602646827697754e+02
1.869795165061950684e+02
1.869996669292449951e+02
1.870188462734222412e+02
1.870395846366882324e+02
1.870598304271697998e+02
1.870796899795532227e+02
1.870997300148010254e+02
1.871192767620086670e+02
1.871397223472595215e+02
1.871597008705139160e+02
1.871794946193695068e+02
1.871999309062957764e+02
1.872195954322814941e+02
1.872397229671478271e+02
1.872595705986022949e+02
1.872793169021606445e+02
1.872997448444366455e+02
1.873194739818572998e+02
1.873394963741302490e+02
1.873593540191650391e+02
1.873794965744018555e+02
1.873993875980377197e+02
1.874195683002471924e+02
1.874395442008972168e+02
1.874596223831176758e+02
1.874793953895568848e+02
1.874998738765716553e+02
1.875197014808654785e+02
1.875397229194641113e+02
1.875593676567077637e+02
1.875800704956054688e+02
1.875997273921966553e+02
1.876198313236236572e+02
1.876394462585449219e+02
1.876593401432037354e+02
1.876796851158142090e+02
1.876993632316589355e+02
1.877197194099426270e+02
1.877396299839019775e+02
1.877594976425170898e+02
1.877795305252075195e+02
1.877998559474945068e+02
1.878196229934692383e+02
1.878395435810089111e+02
1.878596355915069580e+02
1.878794934749603271e+02
1.878997733592987061e+02
1.879197134971618652e+02
1.879393444061279297e+02
1.879593203067779541e+02
1.879796078205108643e+02
1.880003976821899414e+02
1.880195674896240234e+02
1.880395441055297852e+02
1.880593795776367188e+02
1.880795385837554932e+02
1.880993628501892090e+02
1.881200368404388428e+02
1.881395258903503418e+02
1.881598129272460938e+02
1.881796376705169678e+02
1.881993722915649414e+02
1.882197051048278809e+02
1.882402050495147705e+02
1.882601623535156250e+02
1.882799677848815918e+02
1.882995684146881104e+02
1.883195388317108154e+02
1.883402166366577148e+02
1.883593528270721436e+02
1.883791317939758301e+02
1.883994262218475342e+02
1.884194817543029785e+02
1.884394001960754395e+02
1.884593596458435059e+02
1.884793350696563721e+02
1.884995777606964111e+02
1.885194792747497559e+02
1.885393664836883545e+02
1.885590281486511230e+02
1.885793743133544922e+02
1.885994365215301514e+02
1.886193661689758301e+02
1.886393787860870361e+02
1.886593792438507080e+02
1.886793932914733887e+02
1.886997458934783936e+02
1.887193830013275146e+02
1.887396833896636963e+02
1.887594761848449707e+02
1.887796862125396729e+02
1.888001446723937988e+02
1.888195090293884277e+02
1.888392574787139893e+02
1.888596632480621338e+02
1.888796453475952148e+02
1.888996589183807373e+02
1.889191148281097412e+02
1.889391067028045654e+02
1.889595904350280762e+02
1.889796414375305176e+02
1.889996666908264160e+02
1.890196650028228760e+02
1.890401482582092285e+02
1.890596973896026611e+02
1.890795512199401855e+02
1.890996203422546387e+02
1.891196379661560059e+02
1.891396839618682861e+02
1.891593255996704102e+02
1.891796760559082031e+02
1.891994328498840332e+02
1.892193717956542969e+02
1.892393882274627686e+02
1.892596263885498047e+02
1.892793896198272705e+02
1.892994370460510254e+02
1.893193800449371338e+02
1.893393576145172119e+02
1.893593578338623047e+02
1.893793685436248779e+02
1.893993055820465088e+02
1.894193584918975830e+02
1.894395966529846191e+02
1.894600167274475098e+02
1.894794416427612305e+02
1.894995448589324951e+02
1.895197842121124268e+02
1.895396413803100586e+02
1.895599715709686279e+02
1.895796363353729248e+02
1.895994064807891846e+02
1.896190431118011475e+02
1.896391077041625977e+02
1.896596739292144775e+02
1.896793467998504639e+02
1.896990664005279541e+02
1.897188951969146729e+02
1.897389535903930664e+02
1.897589092254638672e+02
1.897789475917816162e+02
1.897989630699157715e+02
1.898188948631286621e+02
1.898389449119567871e+02
1.898599281311035156e+02
1.898790209293365479e+02
1.898989107608795166e+02
1.899189066886901855e+02
1.899389133453369141e+02
1.899589102268218994e+02
1.899789321422576904e+02
1.899999394416809082e+02
1.900193541049957275e+02
1.900389516353607178e+02
1.900589339733123779e+02
1.900789456367492676e+02
1.900989236831665039e+02
1.901189527511596680e+02
1.901389327049255371e+02
1.901589355468750000e+02
1.901789369583129883e+02
1.901989190578460693e+02
1.902189240455627441e+02
1.902389578819274902e+02
1.902588305473327637e+02
1.902792434692382812e+02
1.902995877265930176e+02
1.903189122676849365e+02
1.903389356136322021e+02
1.903589315414428711e+02
1.903789196014404297e+02
1.903989119529724121e+02
1.904189167022705078e+02
1.904389097690582275e+02
1.904589486122131348e+02
1.904789645671844482e+02
1.904989337921142578e+02
1.905189666748046875e+02
1.905389721393585205e+02
1.905589721202850342e+02
1.905789697170257568e+02
1.905989313125610352e+02
1.906188936233520508e+02
1.906389725208282471e+02
1.906589312553405762e+02
1.906788966655731201e+02
1.906994361877441406e+02
1.907190225124359131e+02
1.907389547824859619e+02
1.907589480876922607e+02
1.907789254188537598e+02
1.907998106479644775e+02
1.908194005489349365e+02
1.908396933078765869e+02
1.908596458435058594e+02
1.908795526027679443e+02
1.908999898433685303e+02
1.909194626808166504e+02
1.909394090175628662e+02
1.909592013359069824e+02
1.909862368106842041e+02
1.910065908432006836e+02
1.910267350673675537e+02
1.910465440750122070e+02
1.910661056041717529e+02
1.910866763591766357e+02
1.911072566509246826e+02
1.911266772747039795e+02
1.911463332176208496e+02
1.911666769981384277e+02
1.911862661838531494e+02
1.912062072753906250e+02
1.912267653942108154e+02
1.912462687492370605e+02
1.912664048671722412e+02
1.912864654064178467e+02
1.913065810203552246e+02
1.913271739482879639e+02
1.913465034961700439e+02
1.913664152622222900e+02
1.913863224983215332e+02
1.914064068794250488e+02
1.914263162612915039e+02
1.914467599391937256e+02
1.914659032821655273e+02
1.914869205951690674e+02
1.915059871673583984e+02
1.915258297920227051e+02
1.915465688705444336e+02
1.915664479732513428e+02
1.915864679813385010e+02
1.916064927577972412e+02
1.916266379356384277e+02
1.916464169025421143e+02
1.916664445400238037e+02
1.916869113445281982e+02
1.917064504623413086e+02
1.917264873981475830e+02
1.917468430995941162e+02
1.917665028572082520e+02
1.917966523170471191e+02
1.918170919418334961e+02
1.918374261856079102e+02
1.918570678234100342e+02
1.918773691654205322e+02
1.918970818519592285e+02
1.919177813529968262e+02
1.919364202022552490e+02
1.919567956924438477e+02
1.919768683910369873e+02
1.919973266124725342e+02
1.920168626308441162e+02
1.920370016098022461e+02
1.920578732490539551e+02
1.920771872997283936e+02
1.920963551998138428e+02
1.921170785427093506e+02
1.921368482112884521e+02
1.921571638584136963e+02
1.921768221855163574e+02
1.921970605850219727e+02
1.922173209190368652e+02
1.922372066974639893e+02
1.922569169998168945e+02
1.922770678997039795e+02
1.922967996597290039e+02
1.923173294067382812e+02
1.923366174697875977e+02
1.923573408126831055e+02
1.923765940666198730e+02
1.923967418670654297e+02
1.924169466495513916e+02
1.924368715286254883e+02
1.924569861888885498e+02
1.924769313335418701e+02
1.924973161220550537e+02
1.925170331001281738e+02
1.925372295379638672e+02
1.925569684505462646e+02
1.925773453712463379e+02
1.925969145298004150e+02
1.926169626712799072e+02
1.926369271278381348e+02
1.926569793224334717e+02
1.926770913600921631e+02
1.926969757080078125e+02
1.927165737152099609e+02
1.927371163368225098e+02
1.927570645809173584e+02
1.927768509387969971e+02
1.927970550060272217e+02
1.928170807361602783e+02
1.928372738361358643e+02
1.928572397232055664e+02
1.928769173622131348e+02
1.928972461223602295e+02
1.929170529842376709e+02
1.929371142387390137e+02
1.929570069313049316e+02
1.929772350788116455e+02
1.929970741271972656e+02
1.930169441699981689e+02
1.930370039939880371e+02
1.930572595596313477e+02
1.930771491527557373e+02
1.930970947742462158e+02
1.931170854568481445e+02
1.931378169059753418e+02
1.931566677093505859e+02
1.931773638725280762e+02
1.931970415115356445e+02
1.932172262668609619e+02
1.932368867397308350e+02
1.932569477558135986e+02
1.932772505283355713e+02
1.932969565391540527e+02
1.933169012069702148e+02
1.933369843959808350e+02
1.933569021224975586e+02
1.933771898746490479e+02
1.933976931571960449e+02
1.934168579578399658e+02
1.934370696544647217e+02
1.934569385051727295e+02
1.934769279956817627e+02
1.934971013069152832e+02
1.935170607566833496e+02
1.935374064445495605e+02
1.935571253299713135e+02
1.935769588947296143e+02
1.935969781875610352e+02
1.936169018745422363e+02
1.936371214389801025e+02
1.936572523117065430e+02
1.936768770217895508e+02
1.936970813274383545e+02
1.937170772552490234e+02
1.937370517253875732e+02
1.937571697235107422e+02
1.937776775360107422e+02
1.937969646453857422e+02
1.938173637390136719e+02
1.938413443565368652e+02
1.938613197803497314e+02
1.938813991546630859e+02
1.939014940261840820e+02
1.939214799404144287e+02
1.939415647983551025e+02
1.939613485336303711e+02
1.939838519096374512e+02
1.940011258125305176e+02
1.940301089286804199e+02
1.940498869419097900e+02
1.940693817138671875e+02
1.940890612602233887e+02
1.941093361377716064e+02
1.941291928291320801e+02
1.941488616466522217e+02
1.941692509651184082e+02
1.941891593933105469e+02
1.942091653347015381e+02
1.942293729782104492e+02
1.942484951019287109e+02
1.942693355083465576e+02
1.942893919944763184e+02
1.943092167377471924e+02
1.943285970687866211e+02
1.943490400314331055e+02
1.943692712783813477e+02
1.943892579078674316e+02
1.944091556072235107e+02
1.944291570186614990e+02
1.944490895271301270e+02
1.944690964221954346e+02
1.944891109466552734e+02
1.945092201232910156e+02
1.945291409492492676e+02
1.945497925281524658e+02
1.945691628456115723e+02
1.945890121459960938e+02
1.946094453334808350e+02
1.946291575431823730e+02
1.946499176025390625e+02
1.946692075729370117e+02
1.946892211437225342e+02
1.947091772556304932e+02
1.947291669845581055e+02
1.947490782737731934e+02
1.947697381973266602e+02
1.947892296314239502e+02
1.948092453479766846e+02
1.948292329311370850e+02
1.948494591712951660e+02
1.948708496093750000e+02
1.948895988464355469e+02
1.949096615314483643e+02
1.949294762611389160e+02
1.949493949413299561e+02
1.949696483612060547e+02
1.949891610145568848e+02
1.950091876983642578e+02
1.950294809341430664e+02
1.950494067668914795e+02
1.950691330432891846e+02
1.950893447399139404e+02
1.951095697879791260e+02
1.951294944286346436e+02
1.951495800018310547e+02
1.951698424816131592e+02
1.951895511150360107e+02
1.952098855972290039e+02
1.952292268276214600e+02
1.952494947910308838e+02
1.952690975666046143e+02
1.952896394729614258e+02
1.953093938827514648e+02
1.953289914131164551e+02
1.953490586280822754e+02
1.953691141605377197e+02
1.953895750045776367e+02
1.954088239669799805e+02
1.954298038482666016e+02
1.954494833946228027e+02
1.954694137573242188e+02
1.954899077415466309e+02
1.955087451934814453e+02
1.955285196304321289e+02
1.955585813522338867e+02
1.955785133838653564e+02
1.955988430976867676e+02
1.956184482574462891e+02
1.956391429901123047e+02
1.956584706306457520e+02
1.956784307956695557e+02
1.956984801292419434e+02
1.957184047698974609e+02
1.957391166687011719e+02
1.957583494186401367e+02
1.957785141468048096e+02
1.957983610630035400e+02
1.958184423446655273e+02
1.958384425640106201e+02
1.958583831787109375e+02
1.958789355754852295e+02
1.958992450237274170e+02
1.959182872772216797e+02
1.959381728172302246e+02
1.959584126472473145e+02
1.959786086082458496e+02
1.959989275932312012e+02
1.960188462734222412e+02
1.960393404960632324e+02
1.960583975315093994e+02
1.960781726837158203e+02
1.960992434024810791e+02
1.961188287734985352e+02
1.961387183666229248e+02
1.961588699817657471e+02
1.961790533065795898e+02
1.961987349987030029e+02
1.962186870574951172e+02
1.962387926578521729e+02
1.962587506771087646e+02
1.962789561748504639e+02
1.962988948822021484e+02
1.963185887336730957e+02
1.963390398025512695e+02
1.963583693504333496e+02
1.963784422874450684e+02
1.963985917568206787e+02
1.964182417392730713e+02
1.964378604888916016e+02
1.964579229354858398e+02
1.964783806800842285e+02
1.965003511905670166e+02
1.965184321403503418e+02
1.965378859043121338e+02
1.965578658580780029e+02
1.965783514976501465e+02
1.965981206893920898e+02
1.966183464527130127e+02
1.966378459930419922e+02
1.966583833694458008e+02
1.966784150600433350e+02
1.966990032196044922e+02
1.967181529998779297e+02
1.967384364604949951e+02
1.967584359645843506e+02
1.967785611152648926e+02
1.967985370159149170e+02
1.968183605670928955e+02
1.968385112285614014e+02
1.968579537868499756e+02
1.968785421848297119e+02
1.968979363441467285e+02
1.969184217453002930e+02
1.969384584426879883e+02
1.969583160877227783e+02
1.969785113334655762e+02
1.969982357025146484e+02
1.970183036327362061e+02
1.970382521152496338e+02
1.970577859878540039e+02
1.970783703327178955e+02
1.970985703468322754e+02
1.971180207729339600e+02
1.971384334564208984e+02
1.971584501266479492e+02
1.971796967983245850e+02
1.971985452175140381e+02
1.972180681228637695e+02
1.972381036281585693e+02
1.972584371566772461e+02
1.972790844440460205e+02
1.972983560562133789e+02
1.973185145854949951e+02
1.973385186195373535e+02
1.973584876060485840e+02
1.973783993721008301e+02
1.973985388278961182e+02
1.974184162616729736e+02
1.974385190010070801e+02
1.974584541320800781e+02
1.974785716533660889e+02
1.974986181259155273e+02
1.975185680389404297e+02
1.975427632331848145e+02
1.975626313686370850e+02
1.975826947689056396e+02
1.976027967929840088e+02
1.976228089332580566e+02
1.976429591178894043e+02
1.976632423400878906e+02
1.976829323768615723e+02
1.977029752731323242e+02
1.977226068973541260e+02
1.977433154582977295e+02
1.977632775306701660e+02
1.977828950881958008e+02
1.978034517765045166e+02
1.978231675624847412e+02
1.978431320190429688e+02
1.978627746105194092e+02
1.978832759857177734e+02
1.979029324054718018e+02
1.979230747222900391e+02
1.979428396224975586e+02
1.979632289409637451e+02
1.979832098484039307e+02
1.980030465126037598e+02
1.980231165885925293e+02
1.980431566238403320e+02
1.980632762908935547e+02
1.980828974246978760e+02
1.981032595634460449e+02
1.981232690811157227e+02
1.981431722640991211e+02
1.981631128787994385e+02
1.981830594539642334e+02
1.982030651569366455e+02
1.982222130298614502e+02
1.982422223091125488e+02
1.982622585296630859e+02
1.982829639911651611e+02
1.983037884235382080e+02
1.983230686187744141e+02
1.983430900573730469e+02
1.983626451492309570e+02
1.983834748268127441e+02
1.984033527374267578e+02
1.984231216907501221e+02
1.984428093433380127e+02
1.984628469944000244e+02
1.984828345775604248e+02
1.985027909278869629e+02
1.985229225158691406e+02
1.985427143573760986e+02
1.985627524852752686e+02
1.985824491977691650e+02
1.986026785373687744e+02
1.986228744983673096e+02
1.986436276435852051e+02
1.986634809970855713e+02
1.986831581592559814e+02
1.987026906013488770e+02
1.987226562500000000e+02
1.987433209419250488e+02
1.987633705139160156e+02
1.987831268310546875e+02
1.988031749725341797e+02
1.988226816654205322e+02
1.988426942825317383e+02
1.988632194995880127e+02
1.988821220397949219e+02
1.989027745723724365e+02
1.989228639602661133e+02
1.989427187442779541e+02
1.989626731872558594e+02
1.989827988147735596e+02
1.990023567676544189e+02
1.990230832099914551e+02
1.990429723262786865e+02
1.990629947185516357e+02
1.990829524993896484e+02
1.991026775836944580e+02
1.991229412555694580e+02
1.991430666446685791e+02
1.991630265712738037e+02
1.991830828189849854e+02
1.992031507492065430e+02
1.992224049568176270e+02
1.992431259155273438e+02
1.992626986503601074e+02
1.992831952571868896e+02
1.993024017810821533e+02
1.993224225044250488e+02
1.993424308300018311e+02
1.993624210357666016e+02
1.993824789524078369e+02
1.994034953117370605e+02
1.994226119518280029e+02
1.994428775310516357e+02
1.994626915454864502e+02
1.994829335212707520e+02
1.995025606155395508e+02
1.995228834152221680e+02
1.995429704189300537e+02
1.995629782676696777e+02
1.995826189517974854e+02
1.996030998229980469e+02
1.996226789951324463e+02
1.996429457664489746e+02
1.996636648178100586e+02
1.996827013492584229e+02
1.997030348777770996e+02
1.997229304313659668e+02
1.997426207065582275e+02
1.997635891437530518e+02
1.997821898460388184e+02
1.998177242279052734e+02
1.998380711078643799e+02
1.998579604625701904e+02
1.998782134056091309e+02
1.998993544578552246e+02
1.999174509048461914e+02
1.999388992786407471e+02
1.999577581882476807e+02
1.999783010482788086e+02
1.999986476898193359e+02
2.000184707641601562e+02
2.000383679866790771e+02
2.000583422183990479e+02
2.000784022808074951e+02
2.000979225635528564e+02
2.001184258460998535e+02
2.001376011371612549e+02
2.001580953598022461e+02
2.001787383556365967e+02
2.001980049610137939e+02
2.002265844345092773e+02
2.002465326786041260e+02
2.002661261558532715e+02
2.002875573635101318e+02
2.003062303066253662e+02
2.003269925117492676e+02
2.003460202217102051e+02
2.003669660091400146e+02
2.003865101337432861e+02
2.004067332744598389e+02
2.004260578155517578e+02
2.004463205337524414e+02
2.004663748741149902e+02
2.004863045215606689e+02
2.005060322284698486e+02
2.005265233516693115e+02
2.005467348098754883e+02
2.005660696029663086e+02
2.005871360301971436e+02
2.006060826778411865e+02
2.006267802715301514e+02
2.006460483074188232e+02
2.006670179367065430e+02
2.006860172748565674e+02
2.007065601348876953e+02
2.007269966602325439e+02
2.007466087341308594e+02
2.007669517993927002e+02
2.007861020565032959e+02
2.008072474002838135e+02
2.008260326385498047e+02
2.008498888015747070e+02
2.008660242557525635e+02
2.008866093158721924e+02
2.009064586162567139e+02
2.009264776706695557e+02
2.009470577239990234e+02
2.009657692909240723e+02
2.009869141578674316e+02
2.010056836605072021e+02
2.010258009433746338e+02
2.010460395812988281e+02
2.010658466815948486e+02
2.010870807170867920e+02
2.011059699058532715e+02
2.011258642673492432e+02
2.011458988189697266e+02
2.011664946079254150e+02
2.011864414215087891e+02
2.012065589427947998e+02
2.012264170646667480e+02
2.012472603321075439e+02
2.012660715579986572e+02
2.012867131233215332e+02
2.013073740005493164e+02
2.013261153697967529e+02
2.013460166454315186e+02
2.013670365810394287e+02
2.013864820003509521e+02
2.014060571193695068e+02
2.014265358448028564e+02
2.014464328289031982e+02
2.014666330814361572e+02
2.014865746498107910e+02
2.015060141086578369e+02
2.015263876914978027e+02
2.015459761619567871e+02
2.015663487911224365e+02
2.015863275527954102e+02
2.016060836315155029e+02
2.016259241104125977e+02
2.016463224887847900e+02
2.016664028167724609e+02
2.016865892410278320e+02
2.017065136432647705e+02
2.017265543937683105e+02
2.017464971542358398e+02
2.017665603160858154e+02
2.017865188121795654e+02
2.018063888549804688e+02
2.018263902664184570e+02
2.018464362621307373e+02
2.018663804531097412e+02
2.018867146968841553e+02
2.019064886569976807e+02
2.019263613224029541e+02
2.019465250968933105e+02
2.019666461944580078e+02
2.019864599704742432e+02
2.020064790248870850e+02
2.020261623859405518e+02
2.020476534366607666e+02
2.020662345886230469e+02
2.020864329338073730e+02
2.021063060760498047e+02
2.021264743804931641e+02
2.021464307308197021e+02
2.021662530899047852e+02
2.021857495307922363e+02
2.022065036296844482e+02
2.022257058620452881e+02
2.022465631961822510e+02
2.022658188343048096e+02
2.022868332862854004e+02
2.023067209720611572e+02
2.023259513378143311e+02
2.023464050292968750e+02
2.023665878772735596e+02
2.023865413665771484e+02
2.024065752029418945e+02
2.024265129566192627e+02
2.024465010166168213e+02
2.024666619300842285e+02
2.024857568740844727e+02
2.025064034461975098e+02
2.025258278846740723e+02
2.025468180179595947e+02
2.025671567916870117e+02
2.025864889621734619e+02
2.026058237552642822e+02
2.026257576942443848e+02
2.026465179920196533e+02
2.026665086746215820e+02
2.026864876747131348e+02
2.027067143917083740e+02
2.027263875007629395e+02
2.027464778423309326e+02
2.027663969993591309e+02
2.027862050533294678e+02
2.028065950870513916e+02
2.028263349533081055e+02
2.028465411663055420e+02
2.028663656711578369e+02
2.028876376152038574e+02
2.029066193103790283e+02
2.029257907867431641e+02
2.029464392662048340e+02
2.029666547775268555e+02
2.029860296249389648e+02
2.030065658092498779e+02
2.030269041061401367e+02
2.030465838909149170e+02
2.030658991336822510e+02
2.030865290164947510e+02
2.031064088344573975e+02
2.031258187294006348e+02
2.031463756561279297e+02
2.031663773059844971e+02
2.031862344741821289e+02
2.032061545848846436e+02
2.032266128063201904e+02
2.032464747428894043e+02
2.032663373947143555e+02
2.032859930992126465e+02
2.033062131404876709e+02
2.033270895481109619e+02
2.033458099365234375e+02
2.033672120571136475e+02
2.033857419490814209e+02
2.034065384864807129e+02
2.034258389472961426e+02
2.034458169937133789e+02
2.034658572673797607e+02
2.034869992733001709e+02
2.035057175159454346e+02
2.035268974304199219e+02
2.035459408760070801e+02
2.035666522979736328e+02
2.035865597724914551e+02
2.036073389053344727e+02
2.036258876323699951e+02
2.036464650630950928e+02
2.036664121150970459e+02
2.036866619586944580e+02
2.037061066627502441e+02
2.037266607284545898e+02
2.037464439868927002e+02
2.037660541534423828e+02
2.037864761352539062e+02
2.038060166835784912e+02
2.038264076709747314e+02
2.038466606140136719e+02
2.038670389652252197e+02
2.038869044780731201e+02
2.039068658351898193e+02
2.039267890453338623e+02
2.039460115432739258e+02
2.039667019844055176e+02
2.039864866733551025e+02
2.040065145492553711e+02
2.040266253948211670e+02
2.040465035438537598e+02
2.040665462017059326e+02
2.040865716934204102e+02
2.041068542003631592e+02
2.041270968914031982e+02
2.041467249393463135e+02
2.041658091545104980e+02
2.041869156360626221e+02
2.042063355445861816e+02
2.042265408039093018e+02
2.042464520931243896e+02
2.042665085792541504e+02
2.042864379882812500e+02
2.043065884113311768e+02
2.043268079757690430e+02
2.043465251922607422e+02
2.043664829730987549e+02
2.043865010738372803e+02
2.044066977500915527e+02
2.044266798496246338e+02
2.044464864730834961e+02
2.044665853977203369e+02
2.044866721630096436e+02
2.045065407752990723e+02
2.045265243053436279e+02
2.045464236736297607e+02
2.045663743019104004e+02
2.045864298343658447e+02
2.046065249443054199e+02
2.046264064311981201e+02
2.046464569568634033e+02
2.046707773208618164e+02
2.046911523342132568e+02
2.047108395099639893e+02
2.047308712005615234e+02
2.047507781982421875e+02
2.047708022594451904e+02
2.047907443046569824e+02
2.048108422756195068e+02
2.048307442665100098e+02
2.048513324260711670e+02
2.048707098960876465e+02
2.048910641670227051e+02
2.049114737510681152e+02
2.049311449527740479e+02
2.049507989883422852e+02
2.049707670211791992e+02
2.049907739162445068e+02
2.050109724998474121e+02
2.050307505130767822e+02
2.050508122444152832e+02
2.050705668926239014e+02
2.050908813476562500e+02
2.051112074851989746e+02
2.051311316490173340e+02
2.051504533290863037e+02
2.051711452007293701e+02
2.051908004283905029e+02
2.052107346057891846e+02
2.052308597564697266e+02
2.052508463859558105e+02
2.052704770565032959e+02
2.052904274463653564e+02
2.053108129501342773e+02
2.053304626941680908e+02
2.053504419326782227e+02
2.053704545497894287e+02
2.053907923698425293e+02
2.054107902050018311e+02
2.054314186573028564e+02
2.054512255191802979e+02
2.054708271026611328e+02
2.054907293319702148e+02
2.055102739334106445e+02
2.055306575298309326e+02
2.055513608455657959e+02
2.055710051059722900e+02
2.055909481048583984e+02
2.056107685565948486e+02
2.056307978630065918e+02
2.056504714488983154e+02
2.056708416938781738e+02
2.056907370090484619e+02
2.057108104228973389e+02
2.057307837009429932e+02
2.057506606578826904e+02
2.057707912921905518e+02
2.057907485961914062e+02
2.058107974529266357e+02
2.058307254314422607e+02
2.058510951995849609e+02
2.058708155155181885e+02
2.058906955718994141e+02
2.059115121364593506e+02
2.059307901859283447e+02
2.059508135318756104e+02
2.059707937240600586e+02
2.059905655384063721e+02
2.060110538005828857e+02
2.060308775901794434e+02
2.060505235195159912e+02
2.060707106590270996e+02
2.060907108783721924e+02
2.061107766628265381e+02
2.061308045387268066e+02
2.061518433094024658e+02
2.061705069541931152e+02
2.061906483173370361e+02
2.062111690044403076e+02
2.062312436103820801e+02
2.062535450458526611e+02
2.062704567909240723e+02
2.062904293537139893e+02
2.063111486434936523e+02
2.063307380676269531e+02
2.063511791229248047e+02
2.063708226680755615e+02
2.063908770084381104e+02
2.064107301235198975e+02
2.064308769702911377e+02
2.064507026672363281e+02
2.064706659317016602e+02
2.064906911849975586e+02
2.065109655857086182e+02
2.065307879447937012e+02
2.065507605075836182e+02
2.065708549022674561e+02
2.065907595157623291e+02
2.066106896400451660e+02
2.066307303905487061e+02
2.066507430076599121e+02
2.066707406044006348e+02
2.066908342838287354e+02
2.067109780311584473e+02
2.067308847904205322e+02
2.067508888244628906e+02
2.067708075046539307e+02
2.067908866405487061e+02
2.068107488155364990e+02
2.068308222293853760e+02
2.068501467704772949e+02
2.068707602024078369e+02
2.068909404277801514e+02
2.069108254909515381e+02
2.069307579994201660e+02
2.069507374763488770e+02
2.069708454608917236e+02
2.069907586574554443e+02
2.070163800716400146e+02
2.070363998413085938e+02
2.070563116073608398e+02
2.070763745307922363e+02
2.070963470935821533e+02
2.071163649559020996e+02
2.071363029479980469e+02
2.071561734676361084e+02
2.071764216423034668e+02
2.071964313983917236e+02
2.072163338661193848e+02
2.072363295555114746e+02
2.072565696239471436e+02
2.072763502597808838e+02
2.072962803840637207e+02
2.073163237571716309e+02
2.073363494873046875e+02
2.073563184738159180e+02
2.073761692047119141e+02
2.073962213993072510e+02
2.074169807434082031e+02
2.074362595081329346e+02
2.074555668830871582e+02
2.074769804477691650e+02
2.074957647323608398e+02
2.075163552761077881e+02
2.075367445945739746e+02
2.075563230514526367e+02
2.075763566493988037e+02
2.075964944362640381e+02
2.076171395778656006e+02
2.076355891227722168e+02
2.076572229862213135e+02
2.076762297153472900e+02
2.076962554454803467e+02
2.077163410186767578e+02
2.077361037731170654e+02
2.077563750743865967e+02
2.077763423919677734e+02
2.077962491512298584e+02
2.078158819675445557e+02
2.078362941741943359e+02
2.078563585281372070e+02
2.078762490749359131e+02
2.078963158130645752e+02
2.079161212444305420e+02
2.079362668991088867e+02
2.079562726020812988e+02
2.079763512611389160e+02
2.079962210655212402e+02
2.080163395404815674e+02
2.080363285541534424e+02
2.080563495159149170e+02
2.080762479305267334e+02
2.080962874889373779e+02
2.081163582801818848e+02
2.081362812519073486e+02
2.081563613414764404e+02
2.081762564182281494e+02
2.081963293552398682e+02
2.082163124084472656e+02
2.082366888523101807e+02
2.082558293342590332e+02
2.082758018970489502e+02
2.082967789173126221e+02
2.083164227008819580e+02
2.083366544246673584e+02
2.083566744327545166e+02
2.083765022754669189e+02
2.083963866233825684e+02
2.084165170192718506e+02
2.084358403682708740e+02
2.084563674926757812e+02
2.084766240119934082e+02
2.084961819648742676e+02
2.085165545940399170e+02
2.085362634658813477e+02
2.085563609600067139e+02
2.085762805938720703e+02
2.085962543487548828e+02
2.086158151626586914e+02
2.086358487606048584e+02
2.086558794975280762e+02
2.086764581203460693e+02
2.086962161064147949e+02
2.087162294387817383e+02
2.087361268997192383e+02
2.087557849884033203e+02
2.087759068012237549e+02
2.087968075275421143e+02
2.088158085346221924e+02
2.088358421325683594e+02
2.088564198017120361e+02
2.088755638599395752e+02
2.088962848186492920e+02
2.089155499935150146e+02
2.089363479614257812e+02
2.089558653831481934e+02
2.089762074947357178e+02
2.089969751834869385e+02
2.090158083438873291e+02
2.090363645553588867e+02
2.090558497905731201e+02
2.090761895179748535e+02
2.090961904525756836e+02
2.091162722110748291e+02
2.091372613906860352e+02
2.091558179855346680e+02
2.091763868331909180e+02
2.091958849430084229e+02
2.092161600589752197e+02
2.092468874454498291e+02
2.092686731815338135e+02
2.092871868610382080e+02
2.093075618743896484e+02
2.093447854518890381e+02
2.093649327754974365e+02
2.093849756717681885e+02
2.094127049446105957e+02
2.094326748847961426e+02
2.094527065753936768e+02
2.094734060764312744e+02
2.094927082061767578e+02
2.095132329463958740e+02
2.095327341556549072e+02
2.095527818202972412e+02
2.095729603767395020e+02
2.095930428504943848e+02
2.096127552986145020e+02
2.096327023506164551e+02
2.096526718139648438e+02
2.096729202270507812e+02
2.096927514076232910e+02
2.097125992774963379e+02
2.097331027984619141e+02
2.097527368068695068e+02
2.097725985050201416e+02
2.097927675247192383e+02
2.098125035762786865e+02
2.098330643177032471e+02
2.098528041839599609e+02
2.098725636005401611e+02
2.098930137157440186e+02
2.099127495288848877e+02
2.099327673912048340e+02
2.099527382850646973e+02
2.099727432727813721e+02
2.099926650524139404e+02
2.100126125812530518e+02
2.100325868129730225e+02
2.100526940822601318e+02
2.100727028846740723e+02
2.100928196907043457e+02
2.101127653121948242e+02
2.101326336860656738e+02
2.101526172161102295e+02
2.101726963520050049e+02
2.101926536560058594e+02
2.102126123905181885e+02
2.102322537899017334e+02
2.102524278163909912e+02
2.102724666595458984e+02
2.102926344871520996e+02
2.103126716613769531e+02
2.103325104713439941e+02
2.103526275157928467e+02
2.103726606369018555e+02
2.103926942348480225e+02
2.104128985404968262e+02
2.104326710700988770e+02
2.104522991180419922e+02
2.104725742340087891e+02
2.104926326274871826e+02
2.105128097534179688e+02
2.105323097705841064e+02
2.105524675846099854e+02
2.105726077556610107e+02
2.105929529666900635e+02
2.106128671169281006e+02
2.106329231262207031e+02
2.106530542373657227e+02
2.106732387542724609e+02
2.106931843757629395e+02
2.107132644653320312e+02
2.107329835891723633e+02
2.107530007362365723e+02
2.107730491161346436e+02
2.107929682731628418e+02
2.108131177425384521e+02
2.108330047130584717e+02
2.108531398773193359e+02
2.108732256889343262e+02
2.108930759429931641e+02
2.109134166240692139e+02
2.109327385425567627e+02
2.109533078670501709e+02
2.109730706214904785e+02
2.109928929805755615e+02
2.110129566192626953e+02
2.110329692363739014e+02
2.110529570579528809e+02
2.110730490684509277e+02
2.110927255153656006e+02
2.111122076511383057e+02
2.111320548057556152e+02
2.111521000862121582e+02
2.111737432479858398e+02
2.111927947998046875e+02
2.112130551338195801e+02
2.112326254844665527e+02
2.112529141902923584e+02
2.112729823589324951e+02
2.112930088043212891e+02
2.113130974769592285e+02
2.113332393169403076e+02
2.113530442714691162e+02
2.113732514381408691e+02
2.113924188613891602e+02
2.114137208461761475e+02
2.114323790073394775e+02
2.114523985385894775e+02
2.114727621078491211e+02
2.114926066398620605e+02
2.115125994682312012e+02
2.115326087474822998e+02
2.115526087284088135e+02
2.115724596977233887e+02
2.115925858020782471e+02
2.116126000881195068e+02
2.116324667930603027e+02
2.116525614261627197e+02
2.116722865104675293e+02
2.116925046443939209e+02
2.117127392292022705e+02
2.117325248718261719e+02
2.117525770664215088e+02
2.117728748321533203e+02
2.117926979064941406e+02
2.118126242160797119e+02
2.118325688838958740e+02
2.118525578975677490e+02
2.118725759983062744e+02
2.118928120136260986e+02
2.119126617908477783e+02
2.119327478408813477e+02
2.119526772499084473e+02
2.119726593494415283e+02
2.119925160408020020e+02
2.120123286247253418e+02
2.120319976806640625e+02
2.120525546073913574e+02
2.120738091468811035e+02
2.120923500061035156e+02
2.121126813888549805e+02
2.121327519416809082e+02
2.121527512073516846e+02
2.121734535694122314e+02
2.121930751800537109e+02
2.122123036384582520e+02
2.122332160472869873e+02
2.122533276081085205e+02
2.122731971740722656e+02
2.122926943302154541e+02
2.123126711845397949e+02
2.123331761360168457e+02
2.123527536392211914e+02
2.123727548122406006e+02
2.123927562236785889e+02
2.124125313758850098e+02
2.124326164722442627e+02
2.124523677825927734e+02
2.124719915390014648e+02
2.124927549362182617e+02
2.125127060413360596e+02
2.125325219631195068e+02
2.125529518127441406e+02
2.125727658271789551e+02
2.125931248664855957e+02
2.126128649711608887e+02
2.126326591968536377e+02
2.126527416706085205e+02
2.126726818084716797e+02
2.126927623748779297e+02
2.127123577594757080e+02
2.127327578067779541e+02
2.127530233860015869e+02
2.127726328372955322e+02
2.127926845550537109e+02
2.128128120899200439e+02
2.128328435420989990e+02
2.128527247905731201e+02
2.128728895187377930e+02
2.128930432796478271e+02
2.129127390384674072e+02
2.129326143264770508e+02
2.129522995948791504e+02
2.129727904796600342e+02
2.129930837154388428e+02
2.130127213001251221e+02
2.130329997539520264e+02
2.130526814460754395e+02
2.130727465152740479e+02
2.130928881168365479e+02
2.131128089427947998e+02
2.131332213878631592e+02
2.131525700092315674e+02
2.131723372936248779e+02
2.131927471160888672e+02
2.132132148742675781e+02
2.132323155403137207e+02
2.132608280181884766e+02
2.132809746265411377e+02
2.133004138469696045e+02
2.133211734294891357e+02
2.133403935432434082e+02
2.133607892990112305e+02
2.133808798789978027e+02
2.134008882045745850e+02
2.134209527969360352e+02
2.134417736530303955e+02
2.134603984355926514e+02
2.134818234443664551e+02
2.135008800029754639e+02
2.135206348896026611e+02
2.135407545566558838e+02
2.135608556270599365e+02
2.135809307098388672e+02
2.136004974842071533e+02
2.136208596229553223e+02
2.136406395435333252e+02
2.136606876850128174e+02
2.136810548305511475e+02
2.137006266117095947e+02
2.137211239337921143e+02
2.137407987117767334e+02
2.137611422538757324e+02
2.137814686298370361e+02
2.138120141029357910e+02
2.138310961723327637e+02
2.138510651588439941e+02
2.138707332611083984e+02
2.138910408020019531e+02
2.139108729362487793e+02
2.139304976463317871e+02
2.139510154724121094e+02
2.139707572460174561e+02
2.139916145801544189e+02
2.140109691619873047e+02
2.140316672325134277e+02
2.140510559082031250e+02
2.140710325241088867e+02
2.140911376476287842e+02
2.141113910675048828e+02
2.141308100223541260e+02
2.141537396907806396e+02
2.141711795330047607e+02
2.141914401054382324e+02
2.142117397785186768e+02
2.142316937446594238e+02
2.142517638206481934e+02
2.142716605663299561e+02
2.142910892963409424e+02
2.143110697269439697e+02
2.143310754299163818e+02
2.143511421680450439e+02
2.143713634014129639e+02
2.143913304805755615e+02
2.144111568927764893e+02
2.144314787387847900e+02
2.144512362480163574e+02
2.144711143970489502e+02
2.144908645153045654e+02
2.145200350284576416e+02
2.145395336151123047e+02
2.145594916343688965e+02
2.145791645050048828e+02
2.145995087623596191e+02
2.146195180416107178e+02
2.146394407749176025e+02
2.146595237255096436e+02
2.146796541213989258e+02
2.146994676589965820e+02
2.147195339202880859e+02
2.147394824028015137e+02
2.147595157623291016e+02
2.147795636653900146e+02
2.147995927333831787e+02
2.148196167945861816e+02
2.148396368026733398e+02
2.148595616817474365e+02
2.148805990219116211e+02
2.148995316028594971e+02
2.149192230701446533e+02
2.149395174980163574e+02
2.149597477912902832e+02
2.149795231819152832e+02
2.149994921684265137e+02
2.150194051265716553e+02
2.150406098365783691e+02
2.150589752197265625e+02
2.150795316696166992e+02
2.150994927883148193e+02
2.151211752891540527e+02
2.151391370296478271e+02
2.151595263481140137e+02
2.151804196834564209e+02
2.151995828151702881e+02
2.152200372219085693e+02
2.152397916316986084e+02
2.152598342895507812e+02
2.152798438072204590e+02
2.153000149726867676e+02
2.153201324939727783e+02
2.153396141529083252e+02
2.153598988056182861e+02
2.153799588680267334e+02
2.153999238014221191e+02
2.154196734428405762e+02
2.154400558471679688e+02
2.154598636627197266e+02
2.154795570373535156e+02
2.154995422363281250e+02
2.155194787979125977e+02
2.155394756793975830e+02
2.155599164962768555e+02
2.155800619125366211e+02
2.155998320579528809e+02
2.156197757720947266e+02
2.156398527622222900e+02
2.156597125530242920e+02
2.156798100471496582e+02
2.156989994049072266e+02
2.157195756435394287e+02
2.157394254207611084e+02
2.157596237659454346e+02
2.157791895866394043e+02
2.157995271682739258e+02
2.158199465274810791e+02
2.158390722274780273e+02
2.158601322174072266e+02
2.158790707588195801e+02
2.158996803760528564e+02
2.159194705486297607e+02
2.159394743442535400e+02
2.159599659442901611e+02
2.159791278839111328e+02
2.160000724792480469e+02
2.160197002887725830e+02
2.160398917198181152e+02
2.160599763393402100e+02
2.160799272060394287e+02
2.161000432968139648e+02
2.161201221942901611e+02
2.161400737762451172e+02
2.161599609851837158e+02
2.161798429489135742e+02
2.161996984481811523e+02
2.162198300361633301e+02
2.162399146556854248e+02
2.162597174644470215e+02
2.162798941135406494e+02
2.162991006374359131e+02
2.163197751045227051e+02
2.163394241333007812e+02
2.163602118492126465e+02
2.163791117668151855e+02
2.164000587463378906e+02
2.164190788269042969e+02
2.164391665458679199e+02
2.164596705436706543e+02
2.164795010089874268e+02
2.164994029998779297e+02
2.165198655128479004e+02
2.165399379730224609e+02
2.165589408874511719e+02
2.165790948867797852e+02
2.165990917682647705e+02
2.166200444698333740e+02
2.166400876045227051e+02
2.166587989330291748e+02
2.166804385185241699e+02
2.166995778083801270e+02
2.167193131446838379e+02
2.167395930290222168e+02
2.167605004310607910e+02
2.167792687416076660e+02
2.167995288372039795e+02
2.168197000026702881e+02
2.168410511016845703e+02
2.168594636917114258e+02
2.168794581890106201e+02
2.168995871543884277e+02
2.169188706874847412e+02
2.169395501613616943e+02
2.169592294692993164e+02
2.169795191287994385e+02
2.169998881816864014e+02
2.170190775394439697e+02
2.170390417575836182e+02
2.170607788562774658e+02
2.170791540145874023e+02
2.170996382236480713e+02
2.171192297935485840e+02
2.171392574310302734e+02
2.171596798896789551e+02
2.171799106597900391e+02
2.171990733146667480e+02
2.172201361656188965e+02
2.172397501468658447e+02
2.172598519325256348e+02
2.172790925502777100e+02
2.173005871772766113e+02
2.173190922737121582e+02
2.173398959636688232e+02
2.173590803146362305e+02
2.173794851303100586e+02
2.173996424674987793e+02
2.174188940525054932e+02
2.174396116733551025e+02
2.174597096443176270e+02
2.174806487560272217e+02
2.174988462924957275e+02
2.175195653438568115e+02
2.175393977165222168e+02
2.175603027343750000e+02
2.175798478126525879e+02
2.175995984077453613e+02
2.176197187900543213e+02
2.176401555538177490e+02
2.176591229438781738e+02
2.176798601150512695e+02
2.176990959644317627e+02
2.177203052043914795e+02
2.177390727996826172e+02
2.177598869800567627e+02
2.177791230678558350e+02
2.178000116348266602e+02
2.178200330734252930e+02
2.178399331569671631e+02
2.178600447177886963e+02
2.178799214363098145e+02
2.178997733592987061e+02
2.179201517105102539e+02
2.179395473003387451e+02
2.179602138996124268e+02
2.179796185493469238e+02
2.179994459152221680e+02
2.180202662944793701e+02
2.180393955707550049e+02
2.180599803924560547e+02
2.180800535678863525e+02
2.181001119613647461e+02
2.181197247505187988e+02
2.181395432949066162e+02
2.181594364643096924e+02
2.181797020435333252e+02
2.181997334957122803e+02
2.182190973758697510e+02
2.182403223514556885e+02
2.182591099739074707e+02
2.182795956134796143e+02
2.182994923591613770e+02
2.183205025196075439e+02
2.183390874862670898e+02
2.183595786094665527e+02
2.183795874118804932e+02
2.183994576930999756e+02
2.184196135997772217e+02
2.184398076534271240e+02
2.184598431587219238e+02
2.184794979095458984e+02
2.184987831115722656e+02
2.185219280719757080e+02
2.185387885570526123e+02
2.185594587326049805e+02
2.185794727802276611e+02
2.185995106697082520e+02
2.186194303035736084e+02
2.186393873691558838e+02
2.186593663692474365e+02
2.186794154644012451e+02
2.186994137763977051e+02
2.187193493843078613e+02
2.187397089004516602e+02
2.187595884799957275e+02
2.187799332141876221e+02
2.187994356155395508e+02
2.188193881511688232e+02
2.188402354717254639e+02
2.188599519729614258e+02
2.188800137042999268e+02
2.188998267650604248e+02
2.189197392463684082e+02
2.189400146007537842e+02
2.189599487781524658e+02
2.189794554710388184e+02
2.189990351200103760e+02
2.190201942920684814e+02
2.190390598773956299e+02
2.190597321987152100e+02
2.190791585445404053e+02
2.190999641418457031e+02
2.191191029548645020e+02
2.191400904655456543e+02
2.191638371944427490e+02
2.191845719814300537e+02
2.192041273117065430e+02
2.192239274978637695e+02
2.192442820072174072e+02
2.192636997699737549e+02
2.192842478752136230e+02
2.193046975135803223e+02
2.193240690231323242e+02
2.193439645767211914e+02
2.193641579151153564e+02
2.193838529586791992e+02
2.194040269851684570e+02
2.194238705635070801e+02
2.194442040920257568e+02
2.194645185470581055e+02
2.194841449260711670e+02
2.195042397975921631e+02
2.195242640972137451e+02
2.195458614826202393e+02
2.195636274814605713e+02
2.195842785835266113e+02
2.196048674583435059e+02
2.196242585182189941e+02
2.196439430713653564e+02
2.196642870903015137e+02
2.196843199729919434e+02
2.197039735317230225e+02
2.197260928153991699e+02
2.197441127300262451e+02
2.197639429569244385e+02
2.197841873168945312e+02
2.198042345046997070e+02
2.198251719474792480e+02
2.198439152240753174e+02
2.198641481399536133e+02
2.198841331005096436e+02
2.199042661190032959e+02
2.199252393245697021e+02
2.199435992240905762e+02
2.199642448425292969e+02
2.199841768741607666e+02
2.200041532516479492e+02
2.200243146419525146e+02
2.200441653728485107e+02
2.200643761157989502e+02
2.200836014747619629e+02
2.201049640178680420e+02
2.201235792636871338e+02
2.201445226669311523e+02
2.201636130809783936e+02
2.201847565174102783e+02
2.202042109966278076e+02
2.202248051166534424e+02
2.202447731494903564e+02
2.202644670009613037e+02
2.202838754653930664e+02
2.203045108318328857e+02
2.203248209953308105e+02
2.203441233634948730e+02
2.203641824722290039e+02
2.203842225074768066e+02
2.204046986103057861e+02
2.204239788055419922e+02
2.204442083835601807e+02
2.204641878604888916e+02
2.204841334819793701e+02
2.205043714046478271e+02
2.205243451595306396e+02
2.205442264080047607e+02
2.205697271823883057e+02
2.205897490978240967e+02
2.206097791194915771e+02
2.206299946308135986e+02
2.206498560905456543e+02
2.206697962284088135e+02
2.206898100376129150e+02
2.207094845771789551e+02
2.207300980091094971e+02
2.207497489452362061e+02
2.207697529792785645e+02
2.207897059917449951e+02
2.208098778724670410e+02
2.208297903537750244e+02
2.208497674465179443e+02
2.208697621822357178e+02
2.208896214962005615e+02
2.209099349975585938e+02
2.209297795295715332e+02
2.209497015476226807e+02
2.209697818756103516e+02
2.209897587299346924e+02
2.210096602439880371e+02
2.210297381877899170e+02
2.210498640537261963e+02
2.210701758861541748e+02
2.210898361206054688e+02
2.211097872257232666e+02
2.211298580169677734e+02
2.211497552394866943e+02
2.211697969436645508e+02
2.211904344558715820e+02
2.212090737819671631e+02
2.212297751903533936e+02
2.212497186660766602e+02
2.212697584629058838e+02
2.212891907691955566e+02
2.213090620040893555e+02
2.213299906253814697e+02
2.213494236469268799e+02
2.213744900226593018e+02
2.213954432010650635e+02
2.214143455028533936e+02
2.214343476295471191e+02
2.214546754360198975e+02
2.214746809005737305e+02
2.214949431419372559e+02
2.215149583816528320e+02
2.215343348979949951e+02
2.215542850494384766e+02
2.215737609863281250e+02
2.215946016311645508e+02
2.216150665283203125e+02
2.216344094276428223e+02
2.216546580791473389e+02
2.216742498874664307e+02
2.216947031021118164e+02
2.217137434482574463e+02
2.217338757514953613e+02
2.217543118000030518e+02
2.217738513946533203e+02
2.217939724922180176e+02
2.218137593269348145e+02
2.218345079421997070e+02
2.218542456626892090e+02
2.218746185302734375e+02
2.218947253227233887e+02
2.219144282341003418e+02
2.219344620704650879e+02
2.219540731906890869e+02
2.219741039276123047e+02
2.219940640926361084e+02
2.220139715671539307e+02
2.220340433120727539e+02
2.220547497272491455e+02
2.220751285552978516e+02
2.220938990116119385e+02
2.221144533157348633e+02
2.221346936225891113e+02
2.221543943881988525e+02
2.221745815277099609e+02
2.221950082778930664e+02
2.222143800258636475e+02
2.222340223789215088e+02
2.222541470527648926e+02
2.222745833396911621e+02
2.222947359085083008e+02
2.223143744468688965e+02
2.223340435028076172e+02
2.223540203571319580e+02
2.223740489482879639e+02
2.223940899372100830e+02
2.224145109653472900e+02
2.224344384670257568e+02
2.224546422958374023e+02
2.224744482040405273e+02
2.224953999519348145e+02
2.225151913166046143e+02
2.225348916053771973e+02
2.225543997287750244e+02
2.225748224258422852e+02
2.225941238403320312e+02
2.226151013374328613e+02
2.226346676349639893e+02
2.226541321277618408e+02
2.226788692474365234e+02
2.226986019611358643e+02
2.227187371253967285e+02
2.227387645244598389e+02
2.227588665485382080e+02
2.227786891460418701e+02
2.227987484931945801e+02
2.228186635971069336e+02
2.228386497497558594e+02
2.228586544990539551e+02
2.228785967826843262e+02
2.228985426425933838e+02
2.229186232089996338e+02
2.229387493133544922e+02
2.229587337970733643e+02
2.229792649745941162e+02
2.229986023902893066e+02
2.230188009738922119e+02
2.230382850170135498e+02
2.230582857131958008e+02
2.230782568454742432e+02
2.230993559360504150e+02
2.231186387538909912e+02
2.231387298107147217e+02
2.231582136154174805e+02
2.231782281398773193e+02
2.231987953186035156e+02
2.232182333469390869e+02
2.232387223243713379e+02
2.232582006454467773e+02
2.232782380580902100e+02
2.232982363700866699e+02
2.233182244300842285e+02
2.233485982418060303e+02
2.233678820133209229e+02
2.233876950740814209e+02
2.234077591896057129e+02
2.234277253150939941e+02
2.234478025436401367e+02
2.234676859378814697e+02
2.234878134727478027e+02
2.235076315402984619e+02
2.235280482769012451e+02
2.235477609634399414e+02
2.235681464672088623e+02
2.235869932174682617e+02
2.236078393459320068e+02
2.236277775764465332e+02
2.236477761268615723e+02
2.236676244735717773e+02
2.236873805522918701e+02
2.237073130607604980e+02
2.237272789478302002e+02
2.237473208904266357e+02
2.237677497863769531e+02
2.237876470088958740e+02
2.238078022003173828e+02
2.238278481960296631e+02
2.238479931354522705e+02
2.238672962188720703e+02
2.238878636360168457e+02
2.239078226089477539e+02
2.239277203083038330e+02
2.239473030567169189e+02
2.239672896862030029e+02
2.239872550964355469e+02
2.240072958469390869e+02
2.240283696651458740e+02
2.240472886562347412e+02
2.240677788257598877e+02
2.240876972675323486e+02
2.241073129177093506e+02
2.241272819042205811e+02
2.241477940082550049e+02
2.241685149669647217e+02
2.241880459785461426e+02
2.242083451747894287e+02
2.242272431850433350e+02
2.242478554248809814e+02
2.242673828601837158e+02
2.242877199649810791e+02
2.243086242675781250e+02
2.243276495933532715e+02
2.243476889133453369e+02
2.243677468299865723e+02
2.243876957893371582e+02
2.244078836441040039e+02
2.244273116588592529e+02
2.244473068714141846e+02
2.244673092365264893e+02
2.244872894287109375e+02
2.245073020458221436e+02
2.245273211002349854e+02
2.245472965240478516e+02
2.245674088001251221e+02
2.245873267650604248e+02
2.246080627441406250e+02
2.246280865669250488e+02
2.246476805210113525e+02
2.246674654483795166e+02
2.246873307228088379e+02
2.247072970867156982e+02
2.247273032665252686e+02
2.247472934722900391e+02
2.247686097621917725e+02
2.247872645854949951e+02
2.248079595565795898e+02
2.248276119232177734e+02
2.248478307723999023e+02
2.248673572540283203e+02
2.248873915672302246e+02
2.249073386192321777e+02
2.249273593425750732e+02
2.249477019309997559e+02
2.249678478240966797e+02
2.249874296188354492e+02
2.250077810287475586e+02
2.250275723934173584e+02
2.250477271080017090e+02
2.250678303241729736e+02
2.250877525806427002e+02
2.251077797412872314e+02
2.251276936531066895e+02
2.251476833820343018e+02
2.251678736209869385e+02
2.251875054836273193e+02
2.252077682018280029e+02
2.252276413440704346e+02
2.252473115921020508e+02
2.252675998210906982e+02
2.252880692481994629e+02
2.253076338768005371e+02
2.253276679515838623e+02
2.253472764492034912e+02
2.253682670593261719e+02
2.253872644901275635e+02
2.254075484275817871e+02
2.254277172088623047e+02
2.254478099346160889e+02
2.254680991172790527e+02
2.254875848293304443e+02
2.255076653957366943e+02
2.255277342796325684e+02
2.255523979663848877e+02
2.255723159313201904e+02
2.255924212932586670e+02
2.256125729084014893e+02
2.256324605941772461e+02
2.256524987220764160e+02
2.256724727153778076e+02
2.256929976940155029e+02
2.257124509811401367e+02
2.257324640750885010e+02
2.257525525093078613e+02
2.257730882167816162e+02
2.257925376892089844e+02
2.258129107952117920e+02
2.258324930667877197e+02
2.258529372215270996e+02
2.258726222515106201e+02
2.258922090530395508e+02
2.259124779701232910e+02
2.259324147701263428e+02
2.259532701969146729e+02
2.259731433391571045e+02
2.259928500652313232e+02
2.260127568244934082e+02
2.260328214168548584e+02
2.260528528690338135e+02
2.260729944705963135e+02
2.260919878482818604e+02
2.261127176284790039e+02
2.261325752735137939e+02
2.261524865627288818e+02
2.261718974113464355e+02
2.261927688121795654e+02
2.262119755744934082e+02
2.262323641777038574e+02
2.262528035640716553e+02
2.262732410430908203e+02
2.262920966148376465e+02
2.263124392032623291e+02
2.263329703807830811e+02
2.263529767990112305e+02
2.263728172779083252e+02
2.263929843902587891e+02
2.264132454395294189e+02
2.264329900741577148e+02
2.264535288810729980e+02
2.264721670150756836e+02
2.264929788112640381e+02
2.265124459266662598e+02
2.265324401855468750e+02
2.265530726909637451e+02
2.265719444751739502e+02
2.265919444561004639e+02
2.266119513511657715e+02
2.266320557594299316e+02
2.266519911289215088e+02
2.266719639301300049e+02
2.266920263767242432e+02
2.267120296955108643e+02
2.267319359779357910e+02
2.267519288063049316e+02
2.267719841003417969e+02
2.267924706935882568e+02
2.268120627403259277e+02
2.268324897289276123e+02
2.268524384498596191e+02
2.268722412586212158e+02
2.268920361995697021e+02
2.269119153022766113e+02
2.269319889545440674e+02
2.269529595375061035e+02
2.269719998836517334e+02
2.269920115470886230e+02
2.270126764774322510e+02
2.270319221019744873e+02
2.270520074367523193e+02
2.270719447135925293e+02
2.270919642448425293e+02
2.271119434833526611e+02
2.271326570510864258e+02
2.271528735160827637e+02
2.271719675064086914e+02
2.271919550895690918e+02
2.272119488716125488e+02
2.272319936752319336e+02
2.272519392967224121e+02
2.272729761600494385e+02
2.272926373481750488e+02
2.273124864101409912e+02
2.273326404094696045e+02
2.273525266647338867e+02
2.273733437061309814e+02
2.273925316333770752e+02
2.274143650531768799e+02
2.274324133396148682e+02
2.274530565738677979e+02
2.274727380275726318e+02
2.274926567077636719e+02
2.275123946666717529e+02
2.275324296951293945e+02
2.275525615215301514e+02
2.275724925994873047e+02
2.275933957099914551e+02
2.276126265525817871e+02
2.276326158046722412e+02
2.276527125835418701e+02
2.276726891994476318e+02
2.276924130916595459e+02
2.277126071453094482e+02
2.277325136661529541e+02
2.277525620460510254e+02
2.277723391056060791e+02
2.277925355434417725e+02
2.278124573230743408e+02
2.278325276374816895e+02
2.278524820804595947e+02
2.278724946975708008e+02
2.278925251960754395e+02
2.279124693870544434e+02
2.279325015544891357e+02
2.279524500370025635e+02
2.279724888801574707e+02
2.279924983978271484e+02
2.280124213695526123e+02
2.280335137844085693e+02
2.280525524616241455e+02
2.280724835395812988e+02
2.280920777320861816e+02
2.281119656562805176e+02
2.281319799423217773e+02
2.281519975662231445e+02
2.281719863414764404e+02
2.281925849914550781e+02
2.282120256423950195e+02
2.282330155372619629e+02
2.282523171901702881e+02
2.282725477218627930e+02
2.282919991016387939e+02
2.283119168281555176e+02
2.283319568634033203e+02
2.283520102500915527e+02
2.283720445632934570e+02
2.283920042514801025e+02
2.284119858741760254e+02
2.284325177669525146e+02
2.284519703388214111e+02
2.284720273017883301e+02
2.284920084476470947e+02
2.285119323730468750e+02
2.285319230556488037e+02
2.285519361495971680e+02
2.285719902515411377e+02
2.285920517444610596e+02
2.286119599342346191e+02
2.286319644451141357e+02
2.286519381999969482e+02
2.286720190048217773e+02
2.286928653717041016e+02
2.287124412059783936e+02
2.287327892780303955e+02
2.287518861293792725e+02
2.287719657421112061e+02
2.287918839454650879e+02
2.288119401931762695e+02
2.288320412635803223e+02
2.288519594669342041e+02
2.288720107078552246e+02
2.288919250965118408e+02
2.289120016098022461e+02
2.289324774742126465e+02
2.289519853591918945e+02
2.289720056056976318e+02
2.289919888973236084e+02
2.290119309425354004e+02
2.290319826602935791e+02
2.290519561767578125e+02
2.290720002651214600e+02
2.290921227931976318e+02
2.291119987964630127e+02
2.291320114135742188e+02
2.291527874469757080e+02
2.291725618839263916e+02
2.291927955150604248e+02
2.292128357887268066e+02
2.292325112819671631e+02
2.292530207633972168e+02
2.292727847099304199e+02
2.292924394607543945e+02
2.293125476837158203e+02
2.293326232433319092e+02
2.293525595664978027e+02
2.293729519844055176e+02
2.293920993804931641e+02
2.294125468730926514e+02
2.294324431419372559e+02
2.294524960517883301e+02
2.294724059104919434e+02
2.294921624660491943e+02
2.295125234127044678e+02
2.295322153568267822e+02
2.295524721145629883e+02
2.295723738670349121e+02
2.295924458503723145e+02
2.296130950450897217e+02
2.296321258544921875e+02
2.296527712345123291e+02
2.296721658706665039e+02
2.296924912929534912e+02
2.297124862670898438e+02
2.297326214313507080e+02
2.297526121139526367e+02
2.297725443840026855e+02
2.297925887107849121e+02
2.298126962184906006e+02
2.298331437110900879e+02
2.298529996871948242e+02
2.298730266094207764e+02
2.298922247886657715e+02
2.299123077392578125e+02
2.299324913024902344e+02
2.299525630474090576e+02
2.299725849628448486e+02
2.299925768375396729e+02
2.300124611854553223e+02
2.300325098037719727e+02
2.300522117614746094e+02
2.300732691287994385e+02
2.300926973819732666e+02
2.301125440597534180e+02
2.301324892044067383e+02
2.301526303291320801e+02
2.301724395751953125e+02
2.301928021907806396e+02
2.302125134468078613e+02
2.302325289249420166e+02
2.302524211406707764e+02
2.302743461132049561e+02
2.302920286655426025e+02
2.303119330406188965e+02
2.303319656848907471e+02
2.303519325256347656e+02
2.303719229698181152e+02
2.303919711112976074e+02
2.304119377136230469e+02
2.304319627285003662e+02
2.304518427848815918e+02
2.304719204902648926e+02
2.304920110702514648e+02
2.305119075775146484e+02
2.305320124626159668e+02
2.305518980026245117e+02
2.305719313621520996e+02
2.305919737815856934e+02
2.306119596958160400e+02
2.306319561004638672e+02
2.306518931388854980e+02
2.306719028949737549e+02
2.306919331550598145e+02
2.307118480205535889e+02
2.307319986820220947e+02
2.307519474029541016e+02
2.307720267772674561e+02
2.307918889522552490e+02
2.308119163513183594e+02
2.308362519741058350e+02
2.308562533855438232e+02
2.308762545585632324e+02
2.308979287147521973e+02
2.309162311553955078e+02
2.309372127056121826e+02
2.309568877220153809e+02
2.309769370555877686e+02
2.309978411197662354e+02
2.310164127349853516e+02
2.310372076034545898e+02
2.310568225383758545e+02
2.310764904022216797e+02
2.310969350337982178e+02
2.311164028644561768e+02
2.311371049880981445e+02
2.311637771129608154e+02
2.311827828884124756e+02
2.312026908397674561e+02
2.312226507663726807e+02
2.312426621913909912e+02
2.312626178264617920e+02
2.312826473712921143e+02
2.313027272224426270e+02
2.313226697444915771e+02
2.313428506851196289e+02
2.313626213073730469e+02
2.313826384544372559e+02
2.314026603698730469e+02
2.314226498603820801e+02
2.314426784515380859e+02
2.314624552726745605e+02
2.314824399948120117e+02
2.315028824806213379e+02
2.315228965282440186e+02
2.315427439212799072e+02
2.315624725818634033e+02
2.315829162597656250e+02
2.316029379367828369e+02
2.316227269172668457e+02
2.316429171562194824e+02
2.316628615856170654e+02
2.316821801662445068e+02
2.317027928829193115e+02
2.317228767871856689e+02
2.317429049015045166e+02
2.317629742622375488e+02
2.317826437950134277e+02
2.318028244972229004e+02
2.318234050273895264e+02
2.318423945903778076e+02
2.318629598617553711e+02
2.318828344345092773e+02
2.319027917385101318e+02
2.319227015972137451e+02
2.319429609775543213e+02
2.319721448421478271e+02
2.319919972419738770e+02
2.320120272636413574e+02
2.320325140953063965e+02
2.320524072647094727e+02
2.320720400810241699e+02
2.320922918319702148e+02
2.321120166778564453e+02
2.321319813728332520e+02
2.321519882678985596e+02
2.321720626354217529e+02
2.321919126510620117e+02
2.322119793891906738e+02
2.322321543693542480e+02
2.322520511150360107e+02
2.322720372676849365e+02
2.322919533252716064e+02
2.323119177818298340e+02
2.323319225311279297e+02
2.323519151210784912e+02
2.323722348213195801e+02
2.323920712471008301e+02
2.324119863510131836e+02
2.324319722652435303e+02
2.324519124031066895e+02
2.324718945026397705e+02
2.324919204711914062e+02
2.325124292373657227e+02
2.325321202278137207e+02
2.325520052909851074e+02
2.325720489025115967e+02
2.325927824974060059e+02
2.326121280193328857e+02
2.326322031021118164e+02
2.326521329879760742e+02
2.326725590229034424e+02
2.326923751831054688e+02
2.327125260829925537e+02
2.327324435710906982e+02
2.327521214485168457e+02
2.327721068859100342e+02
2.327919538021087646e+02
2.328119816780090332e+02
2.328319959640502930e+02
2.328518919944763184e+02
2.328722417354583740e+02
2.328919739723205566e+02
2.329124233722686768e+02
2.329318521022796631e+02
2.329519279003143311e+02
2.329719347953796387e+02
2.329918920993804932e+02
2.330121366977691650e+02
2.330322666168212891e+02
2.330518400669097900e+02
2.330720274448394775e+02
2.330920951366424561e+02
2.331119613647460938e+02
2.331320590972900391e+02
2.331519582271575928e+02
2.331719551086425781e+02
2.331919794082641602e+02
2.332121622562408447e+02
2.332319397926330566e+02
2.332519733905792236e+02
2.332719912528991699e+02
2.332919657230377197e+02
2.333120594024658203e+02
2.333319306373596191e+02
2.333519718647003174e+02
2.333719003200531006e+02
2.333919196128845215e+02
2.334119384288787842e+02
2.334319467544555664e+02
2.334521656036376953e+02
2.334724941253662109e+02
2.334924163818359375e+02
2.335124461650848389e+02
2.335323643684387207e+02
2.335523757934570312e+02
2.335726084709167480e+02
2.335926110744476318e+02
2.336125102043151855e+02
2.336326413154602051e+02
2.336523723602294922e+02
2.336722996234893799e+02
2.336923823356628418e+02
2.337122476100921631e+02
2.337325513362884521e+02
2.337525188922882080e+02
2.337722549438476562e+02
2.337925448417663574e+02
2.338124153614044189e+02
2.338323543071746826e+02
2.338523046970367432e+02
2.338722853660583496e+02
2.338924818038940430e+02
2.339126348495483398e+02
2.339324433803558350e+02
2.339525234699249268e+02
2.339725596904754639e+02
2.339924759864807129e+02
2.340123550891876221e+02
2.340324847698211670e+02
2.340524444580078125e+02
2.340724933147430420e+02
2.340922803878784180e+02
2.341122789382934570e+02
2.341326179504394531e+02
2.341516118049621582e+02
2.341723802089691162e+02
2.341923952102661133e+02
2.342124195098876953e+02
2.342322514057159424e+02
2.342520744800567627e+02
2.342721068859100342e+02
2.342919020652770996e+02
2.343116290569305420e+02
2.343319993019104004e+02
2.343516228199005127e+02
2.343720583915710449e+02
2.343919389247894287e+02
2.344119608402252197e+02
2.344320089817047119e+02
2.344519028663635254e+02
2.344716682434082031e+02
2.344919483661651611e+02
2.345119819641113281e+02
2.345318801403045654e+02
2.345519490242004395e+02
2.345719687938690186e+02
2.345919094085693359e+02
2.346119866371154785e+02
2.346320855617523193e+02
2.346519086360931396e+02
2.346721324920654297e+02
2.346918380260467529e+02
2.347119772434234619e+02
2.347320029735565186e+02
2.347516558170318604e+02
2.347719566822052002e+02
2.347918951511383057e+02
2.348120005130767822e+02
2.348326466083526611e+02
2.348525321483612061e+02
2.348720788955688477e+02
2.348919644355773926e+02
2.349121718406677246e+02
2.349328145980834961e+02
2.349518680572509766e+02
2.349720294475555420e+02
2.349922137260437012e+02
2.350121884346008301e+02
2.350322904586791992e+02
2.350519909858703613e+02
2.350721268653869629e+02
2.350918624401092529e+02
2.351121053695678711e+02
2.351321861743927002e+02
2.351519868373870850e+02
2.351721124649047852e+02
2.351923158168792725e+02
2.352123613357543945e+02
2.352321021556854248e+02
2.352521507740020752e+02
2.352720775604248047e+02
2.352920520305633545e+02
2.353120229244232178e+02
2.353322873115539551e+02
2.353522222042083740e+02
2.353775942325592041e+02
2.353975517749786377e+02
2.354175944328308105e+02
2.354376459121704102e+02
2.354574873447418213e+02
2.354777035713195801e+02
2.354975836277008057e+02
2.355174138545989990e+02
2.355375452041625977e+02
2.355575153827667236e+02
2.355774564743041992e+02
2.355979819297790527e+02
2.356177349090576172e+02
2.356380238533020020e+02
2.356577863693237305e+02
2.356774618625640869e+02
2.356973447799682617e+02
2.357173371315002441e+02
2.357380330562591553e+02
2.357579240798950195e+02
2.357776873111724854e+02
2.357979671955108643e+02
2.358178985118865967e+02
2.358374991416931152e+02
2.358576939105987549e+02
2.358774783611297607e+02
2.358975341320037842e+02
2.359173758029937744e+02
2.359373319149017334e+02
2.359573738574981689e+02
2.359769377708435059e+02
2.359969611167907715e+02
2.360173850059509277e+02
2.360372653007507324e+02
2.360571436882019043e+02
2.360774905681610107e+02
2.360982367992401123e+02
2.361175055503845215e+02
2.361380500793457031e+02
2.361579854488372803e+02
2.361776630878448486e+02
2.361980161666870117e+02
2.362173173427581787e+02
2.362376861572265625e+02
2.362575950622558594e+02
2.362775158882141113e+02
2.362976112365722656e+02
2.363180239200592041e+02
2.363374342918395996e+02
2.363573033809661865e+02
2.363778071403503418e+02
2.363980948925018311e+02
2.364175999164581299e+02
2.364378983974456787e+02
2.364577167034149170e+02
2.364771580696105957e+02
2.364978530406951904e+02
2.365168149471282959e+02
2.365381610393524170e+02
2.365578067302703857e+02
2.365777654647827148e+02
2.365978295803070068e+02
2.366178019046783447e+02
2.366378269195556641e+02
2.366577019691467285e+02
2.366778850555419922e+02
2.366992387771606445e+02
2.367170729637145996e+02
2.367376809120178223e+02
2.367576167583465576e+02
2.367780420780181885e+02
2.367975776195526123e+02
2.368171133995056152e+02
2.368382527828216553e+02
2.368579614162445068e+02
2.368777656555175781e+02
2.368976826667785645e+02
2.369178619384765625e+02
2.369380588531494141e+02
2.369579730033874512e+02
2.369779422283172607e+02
2.369978959560394287e+02
2.370176985263824463e+02
2.370381197929382324e+02
2.370576910972595215e+02
2.370780823230743408e+02
2.370974571704864502e+02
2.371179249286651611e+02
2.371383454799652100e+02
2.371567888259887695e+02
2.371778714656829834e+02
2.371974091529846191e+02
2.372175891399383545e+02
2.372374899387359619e+02
2.372574298381805420e+02
2.372774941921234131e+02
2.372975785732269287e+02
2.373177309036254883e+02
2.373375887870788574e+02
2.373575062751770020e+02
2.373774235248565674e+02
2.373974623680114746e+02
2.374177200794219971e+02
2.374376425743103027e+02
2.374583449363708496e+02
2.374778120517730713e+02
2.374980831146240234e+02
2.375180971622467041e+02
2.375377252101898193e+02
2.375576503276824951e+02
2.375781071186065674e+02
2.375971739292144775e+02
2.376175708770751953e+02
2.376371195316314697e+02
2.376578161716461182e+02
2.376779615879058838e+02
2.376979107856750488e+02
2.377180807590484619e+02
2.377377219200134277e+02
2.377581117153167725e+02
2.377779912948608398e+02
2.377978959083557129e+02
2.378180682659149170e+02
2.378380165100097656e+02
2.378580667972564697e+02
2.378771622180938721e+02
2.378977253437042236e+02
2.379171214103698730e+02
2.379371657371520996e+02
2.379573917388916016e+02
2.379780468940734863e+02
2.379985148906707764e+02
2.380171494483947754e+02
2.380378065109252930e+02
2.380570952892303467e+02
2.380777423381805420e+02
2.380983250141143799e+02
2.381173977851867676e+02
2.381375749111175537e+02
2.381580553054809570e+02
2.381778249740600586e+02
2.381976823806762695e+02
2.382180316448211670e+02
2.382380485534667969e+02
2.382576186656951904e+02
2.382781271934509277e+02
2.382980134487152100e+02
2.383177688121795654e+02
2.383371129035949707e+02
2.383574802875518799e+02
2.383782620429992676e+02
2.383980081081390381e+02
2.384179406166076660e+02
2.384380984306335449e+02
2.384568836688995361e+02
2.384768795967102051e+02
2.384968464374542236e+02
2.385168607234954834e+02
2.385382156372070312e+02
2.385578522682189941e+02
2.385779860019683838e+02
2.385972554683685303e+02
2.386170184612274170e+02
2.386381561756134033e+02
2.386568861007690430e+02
2.386769042015075684e+02
2.386969628334045410e+02
2.387169361114501953e+02
2.387373604774475098e+02
2.387569336891174316e+02
2.387771091461181641e+02
2.387978808879852295e+02
2.388171718120574951e+02
2.388375759124755859e+02
2.388571112155914307e+02
2.388769290447235107e+02
2.388969268798828125e+02
2.389168853759765625e+02
2.389369463920593262e+02
2.389569280147552490e+02
2.389771735668182373e+02
2.389970276355743408e+02
2.390181829929351807e+02
2.390372426509857178e+02
2.390577070713043213e+02
2.390771172046661377e+02
2.390975351333618164e+02
2.391182160377502441e+02
2.391376266479492188e+02
2.391578361988067627e+02
2.391771769523620605e+02
2.391981201171875000e+02
2.392179245948791504e+02
2.392375519275665283e+02
2.392571413516998291e+02
2.392775890827178955e+02
2.392979104518890381e+02
2.393176615238189697e+02
2.393436403274536133e+02
2.393630983829498291e+02
2.393836307525634766e+02
2.394031000137329102e+02
2.394234716892242432e+02
2.394430613517761230e+02
2.394635848999023438e+02
2.394844734668731689e+02
2.395035283565521240e+02
2.395246915817260742e+02
2.395434656143188477e+02
2.395639245510101318e+02
2.395835826396942139e+02
2.396042907238006592e+02
2.396233444213867188e+02
2.396435706615447998e+02
2.396638209819793701e+02
2.396837022304534912e+02
2.397043118476867676e+02
2.397233088016510010e+02
2.397443416118621826e+02
2.397637403011322021e+02
2.397846531867980957e+02
2.398036127090454102e+02
2.398231191635131836e+02
2.398435621261596680e+02
2.398636822700500488e+02
2.398836731910705566e+02
2.399047036170959473e+02
2.399230616092681885e+02
2.399435150623321533e+02
2.399634506702423096e+02
2.399833974838256836e+02
2.400032968521118164e+02
2.400235443115234375e+02
2.400433895587921143e+02
2.400634841918945312e+02
2.400834727287292480e+02
2.401034758090972900e+02
2.401234345436096191e+02
2.401437242031097412e+02
2.401644558906555176e+02
2.401831364631652832e+02
2.402032845020294189e+02
2.402289631366729736e+02
2.402495775222778320e+02
2.402685747146606445e+02
2.402882275581359863e+02
2.403081612586975098e+02
2.403288884162902832e+02
2.403485469818115234e+02
2.403692240715026855e+02
2.403893811702728271e+02
2.404087879657745361e+02
2.404286787509918213e+02
2.404489467144012451e+02
2.404683001041412354e+02
2.404892103672027588e+02
2.405084261894226074e+02
2.405384142398834229e+02
2.405582895278930664e+02
2.405782175064086914e+02
2.405984621047973633e+02
2.406182222366333008e+02
2.406381392478942871e+02
2.406582322120666504e+02
2.406788055896759033e+02
2.406978425979614258e+02
2.407183537483215332e+02
2.407378444671630859e+02
2.407583401203155518e+02
2.407783293724060059e+02
2.407982218265533447e+02
2.408178756237030029e+02
2.408382544517517090e+02
2.408582425117492676e+02
2.408784275054931641e+02
2.408980138301849365e+02
2.409182472229003906e+02
2.409382741451263428e+02
2.409583873748779297e+02
2.409785103797912598e+02
2.409984960556030273e+02
2.410188114643096924e+02
2.410382573604583740e+02
2.410581796169281006e+02
2.410782427787780762e+02
2.410983092784881592e+02
2.411182584762573242e+02
2.411381773948669434e+02
2.411579635143280029e+02
2.411779055595397949e+02
2.411984155178070068e+02
2.412179117202758789e+02
2.412385983467102051e+02
2.412578637599945068e+02
2.412779538631439209e+02
2.412983367443084717e+02
2.413177871704101562e+02
2.413386614322662354e+02
2.413584156036376953e+02
2.413784008026123047e+02
2.413985309600830078e+02
2.414188361167907715e+02
2.414387586116790771e+02
2.414585511684417725e+02
2.414786558151245117e+02
2.414986193180084229e+02
2.415186266899108887e+02
2.415387516021728516e+02
2.415584611892700195e+02
2.415786395072937012e+02
2.415986816883087158e+02
2.416178770065307617e+02
2.416381182670593262e+02
2.416578371524810791e+02
2.416777980327606201e+02
2.416986413002014160e+02
2.417179479598999023e+02
2.417385714054107666e+02
2.417585477828979492e+02
2.417782464027404785e+02
2.417990605831146240e+02
2.418178424835205078e+02
2.418383522033691406e+02
2.418578438758850098e+02
2.418785569667816162e+02
2.418988096714019775e+02
2.419182608127593994e+02
2.419383895397186279e+02
2.419576830863952637e+02
2.419782347679138184e+02
2.419976859092712402e+02
2.420176808834075928e+02
2.420377118587493896e+02
2.420576820373535156e+02
2.420782947540283203e+02
2.420983150005340576e+02
2.421183907985687256e+02
2.421389210224151611e+02
2.421588253974914551e+02
2.421778838634490967e+02
2.421986143589019775e+02
2.422223076820373535e+02
2.422427766323089600e+02
2.422626068592071533e+02
2.422826013565063477e+02
2.423027400970458984e+02
2.423228411674499512e+02
2.423426687717437744e+02
2.423627660274505615e+02
2.423876616954803467e+02
2.424073896408081055e+02
2.424326896667480469e+02
2.424585795402526855e+02
2.424788980484008789e+02
2.424984841346740723e+02
2.425188560485839844e+02
2.425386550426483154e+02
2.425585381984710693e+02
2.425787365436553955e+02
2.425987920761108398e+02
2.426189084053039551e+02
2.426390388011932373e+02
2.426590170860290527e+02
2.426785001754760742e+02
2.426987609863281250e+02
2.427181932926177979e+02
2.427386322021484375e+02
2.427592151165008545e+02
2.427786750793457031e+02
2.427990899085998535e+02
2.428182137012481689e+02
2.428389885425567627e+02
2.428585875034332275e+02
2.428784601688385010e+02
2.428984918594360352e+02
2.429186797142028809e+02
2.429386637210845947e+02
2.429583094120025635e+02
2.429791657924652100e+02
2.429991455078125000e+02
2.430187788009643555e+02
2.430384809970855713e+02
2.430589313507080078e+02
2.430789899826049805e+02
2.430991094112396240e+02
2.431182508468627930e+02
2.431386253833770752e+02
2.431582794189453125e+02
2.431786954402923584e+02
2.431991748809814453e+02
2.432185864448547363e+02
2.432382559776306152e+02
2.432588763236999512e+02
2.432787775993347168e+02
2.432982308864593506e+02
2.433192226886749268e+02
2.433382427692413330e+02
2.433588285446166992e+02
2.433782265186309814e+02
2.433994686603546143e+02
2.434182257652282715e+02
2.434393384456634521e+02
2.434586279392242432e+02
2.434782748222351074e+02
2.434981741905212402e+02
2.435186810493469238e+02
2.435393488407135010e+02
2.435582284927368164e+02
2.435793290138244629e+02
2.435982084274291992e+02
2.436194303035736084e+02
2.436382124423980713e+02
2.436587183475494385e+02
2.436786284446716309e+02
2.436987056732177734e+02
2.437188286781311035e+02
2.437392723560333252e+02
2.437586939334869385e+02
2.437786209583282471e+02
2.437985789775848389e+02
2.438185725212097168e+02
2.438387234210968018e+02
2.438594341278076172e+02
2.438782315254211426e+02
2.438992857933044434e+02
2.439185695648193359e+02
2.439382383823394775e+02
2.439591686725616455e+02
2.439785368442535400e+02
2.439996204376220703e+02
2.440182352066040039e+02
2.440390336513519287e+02
2.440588917732238770e+02
2.440788652896881104e+02
2.440992102622985840e+02
2.441182229518890381e+02
2.441380183696746826e+02
2.441580083370208740e+02
2.441780116558074951e+02
2.441979882717132568e+02
2.442180247306823730e+02
2.442380475997924805e+02
2.442579953670501709e+02
2.442780265808105469e+02
2.442980706691741943e+02
2.443185422420501709e+02
2.443380439281463623e+02
2.443579773902893066e+02
2.443780500888824463e+02
2.443980162143707275e+02
2.444180488586425781e+02
2.444379799365997314e+02
2.444579985141754150e+02
2.444780139923095703e+02
2.444979953765869141e+02
2.445180041790008545e+02
2.445379948616027832e+02
2.445581099987030029e+02
2.445780196189880371e+02
2.445980083942413330e+02
2.446179947853088379e+02
2.446379899978637695e+02
2.446580190658569336e+02
2.446779789924621582e+02
2.446979982852935791e+02
2.447179687023162842e+02
2.447379713058471680e+02
2.447593436241149902e+02
2.447780332565307617e+02
2.447980258464813232e+02
2.448180165290832520e+02
2.448380317687988281e+02
2.448580279350280762e+02
2.448780131340026855e+02
2.448986797332763672e+02
2.449180243015289307e+02
2.449380145072937012e+02
2.449585764408111572e+02
2.449782254695892334e+02
2.449980051517486572e+02
2.450192434787750244e+02
2.450394034385681152e+02
2.450583767890930176e+02
2.450785830020904541e+02
2.450986130237579346e+02
2.451186206340789795e+02
2.451385571956634521e+02
2.451581151485443115e+02
2.451788580417633057e+02
2.451986212730407715e+02
2.452183294296264648e+02
2.452391743659973145e+02
2.452587733268737793e+02
2.452788782119750977e+02
2.452985658645629883e+02
2.453187081813812256e+02
2.453391501903533936e+02
2.453590703010559082e+02
2.453789129257202148e+02
2.453987045288085938e+02
2.454184818267822266e+02
2.454388220310211182e+02
2.454589972496032715e+02
2.454786932468414307e+02
2.454986245632171631e+02
2.455184955596923828e+02
2.455391147136688232e+02
2.455590102672576904e+02
2.455790500640869141e+02
2.455990808010101318e+02
2.456187725067138672e+02
2.456389596462249756e+02
2.456589112281799316e+02
2.456788148880004883e+02
2.456984293460845947e+02
2.457181341648101807e+02
2.457400054931640625e+02
2.457588436603546143e+02
2.457782728672027588e+02
2.457988896369934082e+02
2.458184950351715088e+02
2.458385357856750488e+02
2.458582153320312500e+02
2.458782608509063721e+02
2.458981754779815674e+02
2.459188117980957031e+02
2.459395413398742676e+02
2.459591526985168457e+02
2.459785773754119873e+02
2.459985210895538330e+02
2.460185544490814209e+02
2.460384757518768311e+02
2.460585274696350098e+02
2.460785567760467529e+02
2.460985803604125977e+02
2.461178901195526123e+02
2.461385545730590820e+02
2.461585626602172852e+02
2.461787269115447998e+02
2.461984558105468750e+02
2.462184996604919434e+02
2.462388784885406494e+02
2.462585752010345459e+02
2.462784776687622070e+02
2.462983698844909668e+02
2.463184504508972168e+02
2.463384542465209961e+02
2.463584535121917725e+02
2.463784682750701904e+02
2.463984031677246094e+02
2.464184701442718506e+02
2.464385013580322266e+02
2.464585142135620117e+02
2.464786965847015381e+02
2.464984929561614990e+02
2.465189039707183838e+02
2.465378770828247070e+02
2.465584492683410645e+02
2.465779912471771240e+02
2.465979962348937988e+02
2.466184155941009521e+02
2.466384851932525635e+02
2.466582808494567871e+02
2.466785004138946533e+02
2.466986007690429688e+02
2.467182850837707520e+02
2.467385785579681396e+02
2.467591414451599121e+02
2.467786173820495605e+02
2.467986214160919189e+02
2.468185214996337891e+02
2.468386034965515137e+02
2.468584890365600586e+02
2.468786215782165527e+02
2.468984448909759521e+02
2.469185476303100586e+02
2.469388651847839355e+02
2.469587976932525635e+02
2.469792375564575195e+02
2.469990055561065674e+02
2.470197157859802246e+02
2.470385456085205078e+02
2.470581767559051514e+02
2.470790371894836426e+02
2.470988967418670654e+02
2.471188552379608154e+02
2.471385097503662109e+02
2.471585793495178223e+02
2.471787586212158203e+02
2.471989166736602783e+02
2.472184343338012695e+02
2.472386455535888672e+02
2.472585544586181641e+02
2.472783398628234863e+02
2.472991650104522705e+02
2.473186454772949219e+02
2.473392813205718994e+02
2.473588118553161621e+02
2.473786258697509766e+02
2.473988540172576904e+02
2.474185769557952881e+02
2.474385755062103271e+02
2.474584746360778809e+02
2.474789955615997314e+02
2.474986383914947510e+02
2.475179436206817627e+02
2.475384914875030518e+02
2.475585160255432129e+02
2.475787909030914307e+02
2.475985646247863770e+02
2.476194765567779541e+02
2.476395726203918457e+02
2.476588337421417236e+02
2.476786599159240723e+02
2.476986565589904785e+02
2.477186200618743896e+02
2.477386164665222168e+02
2.477584741115570068e+02
2.477783224582672119e+02
2.477985355854034424e+02
2.478185062408447266e+02
2.478385570049285889e+02
2.478589549064636230e+02
2.478787128925323486e+02
2.478987753391265869e+02
2.479185876846313477e+02
2.479389584064483643e+02
2.479585480690002441e+02
2.479782288074493408e+02
2.479981732368469238e+02
2.480181944370269775e+02
2.480381457805633545e+02
2.480585882663726807e+02
2.480788986682891846e+02
2.480985157489776611e+02
2.481186425685882568e+02
2.481385788917541504e+02
2.481587753295898438e+02
2.481780095100402832e+02
2.481997005939483643e+02
2.482178874015808105e+02
2.482394971847534180e+02
2.482584376335144043e+02
2.482786173820495605e+02
2.482985191345214844e+02
2.483190133571624756e+02
2.483385004997253418e+02
2.483588879108428955e+02
2.483789474964141846e+02
2.483985865116119385e+02
2.484185886383056641e+02
2.484385781288146973e+02
2.484597334861755371e+02
2.484781711101531982e+02
2.484986789226531982e+02
2.485186622142791748e+02
2.485386204719543457e+02
2.485584495067596436e+02
2.485785562992095947e+02
2.485988230705261230e+02
2.486191308498382568e+02
2.486395266056060791e+02
2.486585934162139893e+02
2.486788103580474854e+02
2.486979224681854248e+02
2.487179787158966064e+02
2.487380003929138184e+02
2.487581994533538818e+02
2.487781298160552979e+02
2.487983021736145020e+02
2.488184835910797119e+02
2.488385498523712158e+02
2.488586423397064209e+02
2.488789796829223633e+02
2.488995482921600342e+02
2.489186754226684570e+02
2.489387309551239014e+02
2.489589626789093018e+02
2.489786815643310547e+02
2.489986591339111328e+02
2.490186102390289307e+02
2.490385658740997314e+02
2.490586752891540527e+02
2.490785145759582520e+02
2.490984890460968018e+02
2.491186757087707520e+02
2.491385793685913086e+02
2.491586463451385498e+02
2.491786112785339355e+02
2.491987235546112061e+02
2.492185642719268799e+02
2.492386918067932129e+02
2.492585825920104980e+02
2.492787528038024902e+02
2.492988741397857666e+02
2.493185195922851562e+02
2.493387160301208496e+02
2.493587076663970947e+02
2.493784725666046143e+02
2.493985204696655273e+02
2.494184477329254150e+02
2.494387173652648926e+02
2.494590411186218262e+02
2.494785878658294678e+02
2.494986345767974854e+02
2.495186731815338135e+02
2.495386302471160889e+02
2.495588016510009766e+02
2.495785403251647949e+02
2.495981960296630859e+02
2.496186437606811523e+02
2.496385498046875000e+02
2.496585803031921387e+02
2.496787815093994141e+02
2.496984596252441406e+02
2.497188019752502441e+02
2.497386281490325928e+02
2.497587392330169678e+02
2.497785589694976807e+02
2.497988319396972656e+02
2.498185510635375977e+02
2.498386690616607666e+02
2.498585321903228760e+02
2.498788220882415771e+02
2.498985819816589355e+02
2.499256753921508789e+02
2.499451606273651123e+02
2.499656240940093994e+02
2.499851102828979492e+02
2.500050506591796875e+02
2.500252089500427246e+02
2.500453906059265137e+02
2.500651173591613770e+02
2.500851249694824219e+02
2.501051578521728516e+02
2.501254820823669434e+02
2.501455273628234863e+02
2.501652364730834961e+02
2.501855416297912598e+02
2.502050869464874268e+02
2.502276439666748047e+02
2.502493910789489746e+02
2.502695202827453613e+02
2.502899980545043945e+02
2.503092384338378906e+02
2.503303380012512207e+02
2.503491103649139404e+02
2.503695495128631592e+02
2.503895223140716553e+02
2.504216690063476562e+02
2.504411001205444336e+02
2.504610824584960938e+02
2.504809052944183350e+02
2.505004932880401611e+02
2.505210185050964355e+02
2.505410580635070801e+02
2.505611634254455566e+02
2.505806815624237061e+02
2.506006927490234375e+02
2.506204097270965576e+02
2.506409111022949219e+02
2.506608414649963379e+02
2.506815729141235352e+02
2.507003102302551270e+02
2.507212953567504883e+02
2.507407588958740234e+02
2.507607359886169434e+02
2.507809569835662842e+02
2.508005282878875732e+02
2.508220191001892090e+02
2.508403782844543457e+02
2.508602027893066406e+02
2.508801946640014648e+02
2.509006140232086182e+02
2.509206950664520264e+02
2.509402046203613281e+02
2.509602072238922119e+02
2.509801714420318604e+02
2.510001955032348633e+02
2.510209736824035645e+02
2.510410411357879639e+02
2.510607824325561523e+02
2.510817179679870605e+02
2.511007273197174072e+02
2.511207356452941895e+02
2.511407346725463867e+02
2.511607580184936523e+02
2.511802728176116943e+02
2.512008466720581055e+02
2.512207500934600830e+02
2.512406928539276123e+02
2.512605047225952148e+02
2.512811186313629150e+02
2.513007838726043701e+02
2.513208973407745361e+02
2.513405315876007080e+02
2.513608720302581787e+02
2.513808152675628662e+02
2.514007411003112793e+02
2.514213931560516357e+02
2.514410591125488281e+02
2.514610822200775146e+02
2.514818890094757080e+02
2.515009422302246094e+02
2.515213217735290527e+02
2.515412342548370361e+02
2.515605087280273438e+02
2.515812335014343262e+02
2.516004683971405029e+02
2.516213450431823730e+02
2.516410391330718994e+02
2.516612110137939453e+02
2.516809501647949219e+02
2.517007815837860107e+02
2.517210795879364014e+02
2.517407426834106445e+02
2.517607486248016357e+02
2.517807557582855225e+02
2.518007209300994873e+02
2.518207736015319824e+02
2.518407964706420898e+02
2.518610770702362061e+02
2.518807635307312012e+02
2.519004309177398682e+02
2.519211630821228027e+02
2.519407370090484619e+02
2.519609522819519043e+02
2.519807307720184326e+02
2.520011644363403320e+02
2.520210440158843994e+02
2.520408387184143066e+02
2.520609071254730225e+02
2.520809090137481689e+02
2.521006858348846436e+02
2.521207985877990723e+02
2.521406881809234619e+02
2.521601316928863525e+02
2.521801829338073730e+02
2.522012331485748291e+02
2.522201042175292969e+02
2.522412469387054443e+02
2.522608907222747803e+02
2.522811615467071533e+02
2.523004705905914307e+02
2.523206851482391357e+02
2.523408184051513672e+02
2.523618187904357910e+02
2.523812205791473389e+02
2.524007081985473633e+02
2.524207520484924316e+02
2.524407269954681396e+02
2.524608399868011475e+02
2.524809300899505615e+02
2.525015764236450195e+02
2.525205760002136230e+02
2.525407338142395020e+02
2.525605318546295166e+02
2.525805766582489014e+02
2.526071176528930664e+02
2.526276335716247559e+02
2.526474568843841553e+02
2.526674733161926270e+02
2.526872069835662842e+02
2.527074027061462402e+02
2.527273349761962891e+02
2.527474291324615479e+02
2.527676539421081543e+02
2.527876260280609131e+02
2.528071632385253906e+02
2.528275399208068848e+02
2.528477640151977539e+02
2.528672356605529785e+02
2.528871543407440186e+02
2.529074509143829346e+02
2.529273259639739990e+02
2.529471588134765625e+02
2.529675595760345459e+02
2.529871671199798584e+02
2.530076372623443604e+02
2.530276272296905518e+02
2.530477292537689209e+02
2.530776269435882568e+02
2.530972659587860107e+02
2.531172974109649658e+02
2.531373283863067627e+02
2.531572861671447754e+02
2.531773130893707275e+02
2.531977055072784424e+02
2.532172574996948242e+02
2.532372286319732666e+02
2.532572228908538818e+02
2.532772305011749268e+02
2.532973489761352539e+02
2.533179147243499756e+02
2.533374001979827881e+02
2.533572316169738770e+02
2.533774549961090088e+02
2.533981828689575195e+02
2.534173207283020020e+02
2.534372291564941406e+02
2.534567713737487793e+02
2.534775366783142090e+02
2.534966537952423096e+02
2.535176036357879639e+02
2.535367908477783203e+02
2.535570991039276123e+02
2.535774285793304443e+02
2.535976116657257080e+02
2.536173779964447021e+02
2.536379442214965820e+02
2.536574280261993408e+02
2.536773126125335693e+02
2.536973724365234375e+02
2.537173089981079102e+02
2.537372586727142334e+02
2.537576010227203369e+02
2.537772607803344727e+02
2.537969961166381836e+02
2.538178484439849854e+02
2.538369994163513184e+02
2.538579356670379639e+02
2.538766901493072510e+02
2.538978126049041748e+02
2.539170875549316406e+02
2.539377760887145996e+02
2.539569759368896484e+02
2.539777534008026123e+02
2.539976329803466797e+02
2.540169315338134766e+02
2.540376710891723633e+02
2.540580770969390869e+02
2.540772731304168701e+02
2.540973114967346191e+02
2.541172332763671875e+02
2.541368105411529541e+02
2.541567051410675049e+02
2.541772568225860596e+02
2.541974818706512451e+02
2.542179527282714844e+02
2.542372267246246338e+02
2.542573451995849609e+02
2.542778329849243164e+02
2.542967412471771240e+02
2.543176476955413818e+02
2.543379447460174561e+02
2.543570134639739990e+02
2.543832712173461914e+02
2.544032731056213379e+02
2.544229004383087158e+02
2.544423289299011230e+02
2.544629948139190674e+02
2.544830129146575928e+02
2.545032289028167725e+02
2.545232727527618408e+02
2.545424435138702393e+02
2.545648505687713623e+02
2.545828204154968262e+02
2.546030046939849854e+02
2.546240112781524658e+02
2.546427512168884277e+02
2.546631991863250732e+02
2.546826474666595459e+02
2.547023766040802002e+02
2.547231159210205078e+02
2.547423355579376221e+02
2.547627043724060059e+02
2.547827751636505127e+02
2.548029046058654785e+02
2.548221845626831055e+02
2.548428738117218018e+02
2.548622450828552246e+02
2.548827328681945801e+02
2.549028480052947998e+02
2.549226355552673340e+02
2.549426672458648682e+02
2.549628298282623291e+02
2.549827313423156738e+02
2.550021822452545166e+02
2.550220985412597656e+02
2.550427980422973633e+02
2.550622105598449707e+02
2.550821797847747803e+02
2.551021602153778076e+02
2.551221117973327637e+02
2.551423974037170410e+02
2.551628162860870361e+02
2.551827063560485840e+02
2.552031223773956299e+02
2.552227649688720703e+02
2.552433955669403076e+02
2.552621097564697266e+02
2.552839374542236328e+02
2.553027346134185791e+02
2.553225526809692383e+02
2.553428723812103271e+02
2.553627903461456299e+02
2.553827509880065918e+02
2.554028723239898682e+02
2.554227123260498047e+02
2.554427564144134521e+02
2.554629251956939697e+02
2.554831211566925049e+02
2.555033409595489502e+02
2.555235483646392822e+02
2.555426383018493652e+02
2.555623893737792969e+02
2.555827910900115967e+02
2.556023726463317871e+02
2.556229236125946045e+02
2.556423504352569580e+02
2.556627957820892334e+02
2.556828134059906006e+02
2.557020993232727051e+02
2.557222983837127686e+02
2.557427070140838623e+02
2.557630069255828857e+02
2.557831821441650391e+02
2.558032283782958984e+02
2.558230998516082764e+02
2.558429722785949707e+02
2.558628544807434082e+02
2.558883647918701172e+02
2.559079475402832031e+02
2.559280951023101807e+02
2.559482684135437012e+02
2.559677979946136475e+02
2.559883251190185547e+02
2.560082812309265137e+02
2.560278685092926025e+02
2.560477945804595947e+02
2.560677580833435059e+02
2.560876901149749756e+02
2.561076631546020508e+02
2.561275129318237305e+02
2.561481821537017822e+02
2.561680896282196045e+02
2.561878199577331543e+02
2.562074935436248779e+02
2.562290008068084717e+02
2.562472324371337891e+02
2.562692408561706543e+02
2.562883241176605225e+02
2.563080837726593018e+02
2.563283913135528564e+02
2.563477070331573486e+02
2.563679645061492920e+02
2.563877735137939453e+02
2.564082674980163574e+02
2.564279134273529053e+02
2.564472758769989014e+02
2.564677095413208008e+02
2.564887447357177734e+02
2.565076751708984375e+02
2.565276627540588379e+02
2.565481517314910889e+02
2.565680291652679443e+02
2.565882806777954102e+02
2.566079199314117432e+02
2.566277725696563721e+02
2.566475806236267090e+02
2.566675610542297363e+02
2.566882545948028564e+02
2.567076849937438965e+02
2.567277863025665283e+02
2.567478840351104736e+02
2.567670183181762695e+02
2.567877261638641357e+02
2.568070325851440430e+02
2.568272426128387451e+02
2.568480136394500732e+02
2.568742587566375732e+02
2.569021675586700439e+02
2.569216237068176270e+02
2.569421522617340088e+02
2.569618766307830811e+02
2.569819428920745850e+02
2.570020165443420410e+02
2.570220503807067871e+02
2.570418329238891602e+02
2.570617854595184326e+02
2.570819101333618164e+02
2.571017708778381348e+02
2.571213421821594238e+02
2.571415300369262695e+02
2.571618816852569580e+02
2.571821246147155762e+02
2.572019503116607666e+02
2.572219810485839844e+02
2.572421247959136963e+02
2.572621698379516602e+02
2.572813465595245361e+02
2.573023307323455811e+02
2.573213841915130615e+02
2.573417391777038574e+02
2.573612709045410156e+02
2.573812787532806396e+02
2.574012849330902100e+02
2.574218208789825439e+02
2.574417803287506104e+02
2.574621813297271729e+02
2.574819304943084717e+02
2.575018579959869385e+02
2.575217833518981934e+02
2.575418674945831299e+02
2.575613873004913330e+02
2.575821480751037598e+02
2.576028380393981934e+02
2.576215417385101318e+02
2.576420845985412598e+02
2.576633436679840088e+02
2.576816239356994629e+02
2.577020063400268555e+02
2.577219815254211426e+02
2.577420372962951660e+02
2.577619602680206299e+02
2.577821760177612305e+02
2.578020546436309814e+02
2.578225519657135010e+02
2.578415813446044922e+02
2.578629391193389893e+02
2.578815941810607910e+02
2.579018390178680420e+02
2.579218277931213379e+02
2.579421133995056152e+02
2.579620087146759033e+02
2.579817249774932861e+02
2.580025668144226074e+02
2.580215473175048828e+02
2.580426244735717773e+02
2.580619809627532959e+02
2.580827724933624268e+02
2.581024210453033447e+02
2.581221458911895752e+02
2.581424863338470459e+02
2.581620793342590332e+02
2.581822729110717773e+02
2.582032401561737061e+02
2.582217373847961426e+02
2.582412815093994141e+02
2.582617423534393311e+02
2.582812874317169189e+02
2.583016502857208252e+02
2.583222227096557617e+02
2.583421778678894043e+02
2.583620030879974365e+02
2.583819234371185303e+02
2.584021062850952148e+02
2.584212925434112549e+02
2.584424827098846436e+02
2.584621751308441162e+02
2.584819293022155762e+02
2.585020148754119873e+02
2.585225720405578613e+02
2.585415825843811035e+02
2.585622293949127197e+02
2.585817413330078125e+02
2.586083059310913086e+02
2.586283676624298096e+02
2.586481096744537354e+02
2.586681692600250244e+02
2.586878492832183838e+02
2.587087805271148682e+02
2.587278237342834473e+02
2.587489032745361328e+02
2.587681028842926025e+02
2.587886888980865479e+02
2.588081209659576416e+02
2.588282778263092041e+02
2.588486354351043701e+02
2.588679025173187256e+02
2.588880779743194580e+02
2.589082398414611816e+02
2.589284040927886963e+02
2.589481568336486816e+02
2.589678657054901123e+02
2.589881248474121094e+02
2.590085494518280029e+02
2.590283317565917969e+02
2.590487091541290283e+02
2.590683686733245850e+02
2.590879125595092773e+02
2.591083471775054932e+02
2.591282806396484375e+02
2.591482224464416504e+02
2.591682105064392090e+02
2.591883795261383057e+02
2.592082550525665283e+02
2.592281305789947510e+02
2.592481331825256348e+02
2.592682535648345947e+02
2.592881076335906982e+02
2.593077986240386963e+02
2.593285968303680420e+02
2.593482239246368408e+02
2.593681766986846924e+02
2.593882584571838379e+02
2.594082822799682617e+02
2.594283843040466309e+02
2.594482142925262451e+02
2.594678862094879150e+02
2.594882175922393799e+02
2.595083518028259277e+02
2.595284373760223389e+02
2.595482285022735596e+02
2.595682685375213623e+02
2.595882616043090820e+02
2.596081771850585938e+02
2.596282124519348145e+02
2.596482691764831543e+02
2.596687772274017334e+02
2.596881902217864990e+02
2.597081289291381836e+02
2.597282335758209229e+02
2.597477393150329590e+02
2.597683506011962891e+02
2.597882955074310303e+02
2.598081989288330078e+02
2.598284044265747070e+02
2.598503174781799316e+02
2.598675608634948730e+02
2.598882761001586914e+02
2.599082424640655518e+02
2.599287307262420654e+02
2.599485199451446533e+02
2.599679336547851562e+02
2.599888484477996826e+02
2.600088562965393066e+02
2.600281748771667480e+02
2.600481245517730713e+02
2.600679423809051514e+02
2.600882480144500732e+02
2.601083550453186035e+02
2.601291317939758301e+02
2.601484618186950684e+02
2.601689364910125732e+02
2.601884651184082031e+02
2.602083790302276611e+02
2.602285678386688232e+02
2.602485804557800293e+02
2.602687985897064209e+02
2.602877750396728516e+02
2.603080222606658936e+02
2.603290829658508301e+02
2.603486216068267822e+02
2.603686099052429199e+02
2.603885278701782227e+02
2.604088125228881836e+02
2.604289982318878174e+02
2.604484033584594727e+02
2.604689140319824219e+02
2.604881701469421387e+02
2.605085616111755371e+02
2.605283887386322021e+02
2.605479357242584229e+02
2.605683655738830566e+02
2.605885412693023682e+02
2.606086213588714600e+02
2.606284856796264648e+02
2.606484816074371338e+02
2.606685652732849121e+02
2.606886248588562012e+02
2.607086954116821289e+02
2.607285244464874268e+02
2.607477514743804932e+02
2.607686109542846680e+02
2.607877995967864990e+02
2.608085033893585205e+02
2.608281555175781250e+02
2.608482456207275391e+02
2.608681874275207520e+02
2.608880722522735596e+02
2.609079141616821289e+02
2.609282662868499756e+02
2.609481089115142822e+02
2.609687960147857666e+02
2.609881200790405273e+02
2.610087447166442871e+02
2.610278489589691162e+02
2.610484166145324707e+02
2.610683438777923584e+02
2.610879139900207520e+02
2.611085233688354492e+02
2.611278731822967529e+02
2.611482446193695068e+02
2.611684527397155762e+02
2.611878471374511719e+02
2.612085225582122803e+02
2.612278792858123779e+02
2.612480878829956055e+02
2.612687284946441650e+02
2.612876975536346436e+02
2.613087441921234131e+02
2.613281240463256836e+02
2.613482530117034912e+02
2.613689670562744141e+02
2.613882145881652832e+02
2.614084379673004150e+02
2.614279291629791260e+02
2.614477510452270508e+02
2.614678189754486084e+02
2.614877872467041016e+02
2.615087852478027344e+02
2.615282971858978271e+02
2.615477569103240967e+02
2.615683021545410156e+02
2.615878362655639648e+02
2.616079106330871582e+02
2.616281723976135254e+02
2.616480000019073486e+02
2.616681613922119141e+02
2.616882128715515137e+02
2.617082912921905518e+02
2.617281718254089355e+02
2.617488131523132324e+02
2.617758932113647461e+02
2.617945785522460938e+02
2.618147499561309814e+02
2.618347387313842773e+02
2.618545243740081787e+02
2.618739519119262695e+02
2.618942713737487793e+02
2.619151530265808105e+02
2.619343008995056152e+02
2.619544000625610352e+02
2.619742565155029297e+02
2.619942302703857422e+02
2.620141723155975342e+02
2.620341615676879883e+02
2.620550031661987305e+02
2.620742447376251221e+02
2.620947277545928955e+02
2.621148190498352051e+02
2.621345431804656982e+02
2.621546971797943115e+02
2.621745703220367432e+02
2.621945853233337402e+02
2.622145133018493652e+02
2.622365665435791016e+02
2.622548682689666748e+02
2.622748503684997559e+02
2.622949969768524170e+02
2.623145070075988770e+02
2.623347382545471191e+02
2.623542554378509521e+02
2.623741750717163086e+02
2.623942625522613525e+02
2.624146423339843750e+02
2.624347429275512695e+02
2.624545702934265137e+02
2.624748508930206299e+02
2.624949777126312256e+02
2.625145931243896484e+02
2.625343222618103027e+02
2.625545904636383057e+02
2.625747423171997070e+02
2.625943586826324463e+02
2.626151487827301025e+02
2.626343059539794922e+02
2.626544744968414307e+02
2.626745655536651611e+02
2.626949505805969238e+02
2.627145411968231201e+02
2.627342662811279297e+02
2.627548520565032959e+02
2.627746908664703369e+02
2.627943193912506104e+02
2.628146262168884277e+02
2.628345663547515869e+02
2.628545978069305420e+02
2.628753035068511963e+02
2.628948638439178467e+02
2.629148840904235840e+02
2.629342045783996582e+02
2.629554619789123535e+02
2.629746217727661133e+02
2.629950792789459229e+02
2.630141043663024902e+02
2.630351891517639160e+02
2.630553722381591797e+02
2.630745434761047363e+02
2.631001942157745361e+02
2.631205835342407227e+02
2.631407988071441650e+02
2.631608114242553711e+02
2.631804828643798828e+02
2.632007682323455811e+02
2.632206196784973145e+02
2.632406287193298340e+02
2.632647380828857422e+02
2.632856032848358154e+02
2.633052577972412109e+02
2.633252780437469482e+02
2.633465206623077393e+02
2.633651478290557861e+02
2.633855323791503906e+02
2.634048733711242676e+02
2.634249956607818604e+02
2.634451751708984375e+02
2.634654119014739990e+02
2.634851574897766113e+02
2.635052244663238525e+02
2.635250668525695801e+02
2.635451083183288574e+02
2.635652775764465332e+02
2.635850684642791748e+02
2.636050596237182617e+02
2.636250462532043457e+02
2.636450741291046143e+02
2.636644599437713623e+02
2.636848483085632324e+02
2.637051501274108887e+02
2.637252285480499268e+02
2.637450613975524902e+02
2.637651033401489258e+02
2.637849853038787842e+02
2.638051924705505371e+02
2.638250160217285156e+02
2.638450899124145508e+02
2.638652198314666748e+02
2.638846597671508789e+02
2.639050712585449219e+02
2.639249823093414307e+02
2.639453706741333008e+02
2.639650037288665771e+02
2.639856235980987549e+02
2.640047647953033447e+02
2.640254523754119873e+02
2.640447204113006592e+02
2.640650794506072998e+02
2.640853161811828613e+02
2.641050870418548584e+02
2.641249337196350098e+02
2.641456964015960693e+02
2.641652321815490723e+02
2.641852328777313232e+02
2.642052023410797119e+02
2.642255330085754395e+02
2.642448015213012695e+02
2.642645850181579590e+02
2.642847135066986084e+02
2.643054220676422119e+02
2.643250672817230225e+02
2.643449497222900391e+02
2.643660116195678711e+02
2.643853261470794678e+02
2.644056706428527832e+02
2.644251372814178467e+02
2.644454720020294189e+02
2.644647798538208008e+02
2.644853212833404541e+02
2.645049800872802734e+02
2.645249178409576416e+02
2.645450937747955322e+02
2.645650787353515625e+02
2.645850815773010254e+02
2.646055440902709961e+02
2.646252400875091553e+02
2.646451914310455322e+02
2.646651163101196289e+02
2.646846938133239746e+02
2.647046763896942139e+02
2.647251911163330078e+02
2.647456154823303223e+02
2.647646257877349854e+02
2.647848365306854248e+02
2.648050858974456787e+02
2.648254063129425049e+02
2.648450908660888672e+02
2.648648095130920410e+02
2.648853843212127686e+02
2.649052462577819824e+02
2.649250855445861816e+02
2.649451224803924561e+02
2.649653196334838867e+02
2.649851257801055908e+02
2.650050804615020752e+02
2.650250883102416992e+02
2.650448622703552246e+02
2.650652542114257812e+02
2.650847787857055664e+02
2.651055376529693604e+02
2.651250166893005371e+02
2.651455383300781250e+02
2.651646707057952881e+02
2.651864185333251953e+02
2.652059228420257568e+02
2.652252256870269775e+02
2.652454898357391357e+02
2.652652621269226074e+02
2.652847898006439209e+02
2.653048837184906006e+02
2.653248021602630615e+02
2.653451797962188721e+02
2.653651015758514404e+02
2.653852665424346924e+02
2.654049773216247559e+02
2.654251770973205566e+02
2.654450688362121582e+02
2.654652113914489746e+02
2.654847810268402100e+02
2.655050444602966309e+02
2.655251798629760742e+02
2.655450830459594727e+02
2.655649342536926270e+02
2.655851225852966309e+02
2.656054542064666748e+02
2.656244781017303467e+02
2.656452550888061523e+02
2.656644845008850098e+02
2.656852004528045654e+02
2.657051689624786377e+02
2.657253255844116211e+02
2.657449193000793457e+02
2.657651619911193848e+02
2.657845058441162109e+02
2.658051280975341797e+02
2.658251101970672607e+02
2.658451490402221680e+02
2.658650949001312256e+02
2.658848216533660889e+02
2.659051160812377930e+02
2.659251608848571777e+02
2.659451556205749512e+02
2.659646735191345215e+02
2.659855177402496338e+02
2.660050556659698486e+02
2.660253167152404785e+02
2.660451674461364746e+02
2.660650250911712646e+02
2.660848860740661621e+02
2.661050910949707031e+02
2.661250367164611816e+02
2.661450412273406982e+02
2.661649215221405029e+02
2.661852643489837646e+02
2.662052347660064697e+02
2.662252655029296875e+02
2.662448956966400146e+02
2.662651743888854980e+02
2.662851722240447998e+02
2.663052103519439697e+02
2.663259515762329102e+02
2.663449757099151611e+02
2.663654758930206299e+02
2.663850693702697754e+02
2.664119589328765869e+02
2.664334361553192139e+02
2.664516406059265137e+02
2.664713864326477051e+02
2.664911439418792725e+02
2.665125455856323242e+02
2.665311570167541504e+02
2.665518276691436768e+02
2.665712356567382812e+02
2.665912344455718994e+02
2.666111409664154053e+02
2.666320993900299072e+02
2.666511526107788086e+02
2.666712691783905029e+02
2.666911957263946533e+02
2.667114496231079102e+02
2.667314250469207764e+02
2.667514798641204834e+02
2.667718646526336670e+02
2.667914412021636963e+02
2.668121588230133057e+02
2.668312013149261475e+02
2.668511250019073486e+02
2.668716831207275391e+02
2.668920884132385254e+02
2.669119591712951660e+02
2.669323265552520752e+02
2.669519104957580566e+02
2.669719183444976807e+02
2.669910931587219238e+02
2.670115849971771240e+02
2.670313651561737061e+02
2.670516402721405029e+02
2.670717372894287109e+02
2.670910320281982422e+02
2.671108958721160889e+02
2.671314222812652588e+02
2.671509752273559570e+02
2.671709840297698975e+02
2.671909415721893311e+02
2.672114887237548828e+02
2.672313935756683350e+02
2.672511811256408691e+02
2.672812898159027100e+02
2.673015630245208740e+02
2.673222005367279053e+02
2.673416919708251953e+02
2.673615844249725342e+02
2.673815810680389404e+02
2.674019761085510254e+02
2.674216284751892090e+02
2.674415249824523926e+02
2.674617278575897217e+02
2.674812309741973877e+02
2.675020377635955811e+02
2.675216367244720459e+02
2.675414988994598389e+02
2.675616576671600342e+02
2.675815687179565430e+02
2.676015660762786865e+02
2.676215875148773193e+02
2.676416113376617432e+02
2.676615936756134033e+02
2.676821393966674805e+02
2.677018995285034180e+02
2.677210383415222168e+02
2.677422485351562500e+02
2.677628898620605469e+02
2.677819249629974365e+02
2.678014240264892578e+02
2.678221652507781982e+02
2.678422479629516602e+02
2.678618040084838867e+02
2.678816037178039551e+02
2.679021074771881104e+02
2.679255108833312988e+02
2.679415338039398193e+02
2.679617989063262939e+02
2.679816515445709229e+02
2.680012421607971191e+02
2.680221235752105713e+02
2.680408811569213867e+02
2.680616729259490967e+02
2.680819807052612305e+02
2.681008768081665039e+02
2.681210312843322754e+02
2.681410775184631348e+02
2.681615893840789795e+02
2.681819157600402832e+02
2.682017788887023926e+02
2.682216188907623291e+02
2.682416496276855469e+02
2.682616524696350098e+02
2.682817776203155518e+02
2.683011105060577393e+02
2.683215866088867188e+02
2.683419983386993408e+02
2.683620095252990723e+02
2.683818774223327637e+02
2.684021220207214355e+02
2.684221596717834473e+02
2.684466662406921387e+02
2.684658882617950439e+02
2.684861397743225098e+02
2.685063447952270508e+02
2.685261874198913574e+02
2.685463669300079346e+02
2.685663139820098877e+02
2.685864911079406738e+02
2.686061964035034180e+02
2.686269402503967285e+02
2.686465084552764893e+02
2.686659796237945557e+02
2.686880769729614258e+02
2.687058355808258057e+02
2.687259759902954102e+02
2.687464625835418701e+02
2.687660288810729980e+02
2.687859597206115723e+02
2.688058190345764160e+02
2.688261709213256836e+02
2.688460803031921387e+02
2.688661329746246338e+02
2.688860821723937988e+02
2.689072792530059814e+02
2.689255440235137939e+02
2.689469478130340576e+02
2.689659042358398438e+02
2.689859948158264160e+02
2.690061948299407959e+02
2.690264806747436523e+02
2.690461454391479492e+02
2.690661673545837402e+02
2.690861997604370117e+02
2.691061177253723145e+02
2.691261823177337646e+02
2.691463263034820557e+02
2.691664717197418213e+02
2.691866986751556396e+02
2.692065134048461914e+02
2.692266039848327637e+02
2.692467138767242432e+02
2.692662930488586426e+02
2.692863545417785645e+02
2.693066291809082031e+02
2.693265659809112549e+02
2.693466262817382812e+02
2.693662559986114502e+02
2.693860957622528076e+02
2.694066772460937500e+02
2.694257595539093018e+02
2.694464139938354492e+02
2.694661903381347656e+02
2.694866268634796143e+02
2.695056149959564209e+02
2.695255529880523682e+02
2.695456371307373047e+02
2.695659844875335693e+02
2.695855383872985840e+02
2.696061902046203613e+02
2.696262602806091309e+02
2.696461832523345947e+02
2.696663560867309570e+02
2.696864135265350342e+02
2.697060739994049072e+02
2.697262654304504395e+02
2.697461855411529541e+02
2.697662398815155029e+02
2.697859938144683838e+02
2.698061227798461914e+02
2.698263330459594727e+02
2.698463611602783203e+02
2.698658449649810791e+02
2.698861489295959473e+02
2.699057834148406982e+02
2.699258258342742920e+02
2.699456107616424561e+02
2.699657986164093018e+02
2.699862780570983887e+02
2.700062255859375000e+02
2.700265522003173828e+02
2.700467236042022705e+02
2.700659656524658203e+02
2.700870339870452881e+02
2.701066520214080811e+02
2.701263413429260254e+02
2.701463060379028320e+02
2.701660115718841553e+02
2.701862187385559082e+02
2.702062561511993408e+02
2.702270998954772949e+02
2.702458825111389160e+02
2.702659449577331543e+02
2.702862491607666016e+02
2.703061945438385010e+02
2.703265173435211182e+02
2.703461976051330566e+02
2.703668332099914551e+02
2.703859696388244629e+02
2.704068408012390137e+02
2.704257869720458984e+02
2.704461069107055664e+02
2.704662868976593018e+02
2.704861831665039062e+02
2.705058281421661377e+02
2.705258390903472900e+02
2.705464572906494141e+02
2.705663313865661621e+02
2.705867290496826172e+02
2.706061344146728516e+02
2.706261594295501709e+02
2.706467604637145996e+02
2.706661691665649414e+02
2.706863718032836914e+02
2.707061786651611328e+02
2.707261989116668701e+02
2.707461054325103760e+02
2.707660880088806152e+02
2.707898755073547363e+02
2.708056476116180420e+02
2.708257632255554199e+02
2.708456163406372070e+02
2.708656408786773682e+02
2.708856084346771240e+02
2.709056267738342285e+02
2.709256319999694824e+02
2.709456150531768799e+02
2.709656236171722412e+02
2.709856088161468506e+02
2.710060217380523682e+02
2.710283625125885010e+02
2.710458042621612549e+02
2.710664610862731934e+02
2.710857262611389160e+02
2.711061482429504395e+02
2.711264328956604004e+02
2.711463253498077393e+02
2.711663265228271484e+02
2.711863017082214355e+02
2.712062859535217285e+02
2.712263014316558838e+02
2.712463068962097168e+02
2.712662415504455566e+02
2.712862746715545654e+02
2.713072361946105957e+02
2.713256394863128662e+02
2.713467051982879639e+02
2.713656699657440186e+02
2.713856830596923828e+02
2.714056828022003174e+02
2.714256381988525391e+02
2.714461572170257568e+02
2.714662532806396484e+02
2.714856488704681396e+02
2.715063099861145020e+02
2.715256521701812744e+02
2.715456402301788330e+02
2.715656623840332031e+02
2.715857748985290527e+02
2.716056528091430664e+02
2.716256709098815918e+02
2.716456592082977295e+02
2.716656479835510254e+02
2.716856427192687988e+02
2.717056202888488770e+02
2.717257087230682373e+02
2.717456331253051758e+02
2.717656631469726562e+02
2.717856240272521973e+02
2.718056426048278809e+02
2.718256413936614990e+02
2.718456325531005859e+02
2.718656375408172607e+02
2.718856308460235596e+02
2.719056613445281982e+02
2.719256305694580078e+02
2.719457151889801025e+02
2.719656362533569336e+02
2.719856638908386230e+02
2.720056574344635010e+02
2.720256295204162598e+02
2.720456492900848389e+02
2.720656206607818604e+02
2.720856647491455078e+02
2.721056644916534424e+02
2.721262960433959961e+02
2.721456863880157471e+02
2.721656243801116943e+02
2.721856291294097900e+02
2.722056260108947754e+02
2.722256422042846680e+02
2.722464745044708252e+02
2.722663083076477051e+02
2.722863218784332275e+02
2.723101549148559570e+02
2.723260803222656250e+02
2.723458187580108643e+02
2.723666844367980957e+02
2.723860311508178711e+02
2.724061162471771240e+02
2.724261226654052734e+02
2.724461128711700439e+02
2.724661471843719482e+02
2.724859957695007324e+02
2.725160257816314697e+02
2.725357072353363037e+02
2.725556406974792480e+02
2.725757703781127930e+02
2.725958247184753418e+02
2.726153202056884766e+02
2.726367101669311523e+02
2.726553308963775635e+02
2.726764628887176514e+02
2.726961848735809326e+02
2.727163445949554443e+02
2.727359864711761475e+02
2.727555129528045654e+02
2.727769730091094971e+02
2.727956020832061768e+02
2.728161964416503906e+02
2.728357751369476318e+02
2.728562622070312500e+02
2.728764383792877197e+02
2.728958003520965576e+02
2.729165823459625244e+02
2.729358041286468506e+02
2.729561581611633301e+02
2.729761977195739746e+02
2.729964566230773926e+02
2.730163044929504395e+02
2.730363092422485352e+02
2.730565071105957031e+02
2.730763101577758789e+02
2.730963234901428223e+02
2.731161639690399170e+02
2.731363804340362549e+02
2.731568064689636230e+02
2.731761317253112793e+02
2.731954557895660400e+02
2.732158815860748291e+02
2.732354404926300049e+02
2.732557191848754883e+02
2.732763381004333496e+02
2.732964215278625488e+02
2.733158450126647949e+02
2.733355619907379150e+02
2.733557901382446289e+02
2.733755040168762207e+02
2.733959863185882568e+02
2.734164497852325439e+02
2.734363729953765869e+02
2.734558987617492676e+02
2.734758744239807129e+02
2.734958286285400391e+02
2.735165143013000488e+02
2.735363216400146484e+02
2.735561478137969971e+02
2.735759904384613037e+02
2.735961031913757324e+02
2.736163487434387207e+02
2.736358084678649902e+02
2.736559736728668213e+02
2.736767346858978271e+02
2.736954281330108643e+02
2.737157704830169678e+02
2.737358028888702393e+02
2.737561414241790771e+02
2.737763767242431641e+02
2.737961840629577637e+02
2.738155858516693115e+02
2.738359782695770264e+02
2.738555335998535156e+02
2.738819134235382080e+02
2.739012444019317627e+02
2.739214575290679932e+02
2.739411289691925049e+02
2.739613888263702393e+02
2.739863488674163818e+02
2.740055367946624756e+02
2.740251214504241943e+02
2.740457463264465332e+02
2.740658032894134521e+02
2.740857391357421875e+02
2.741057450771331787e+02
2.741258425712585449e+02
2.741460824012756348e+02
2.741658930778503418e+02
2.741948750019073486e+02
2.742134866714477539e+02
2.742334208488464355e+02
2.742534024715423584e+02
2.742739522457122803e+02
2.742934627532958984e+02
2.743134763240814209e+02
2.743334195613861084e+02
2.743535339832305908e+02
2.743746299743652344e+02
2.743933837413787842e+02
2.744145686626434326e+02
2.744342157840728760e+02
2.744628660678863525e+02
2.744830718040466309e+02
2.745030300617218018e+02
2.745228867530822754e+02
2.745424923896789551e+02
2.745623886585235596e+02
2.745824606418609619e+02
2.746024353504180908e+02
2.746226396560668945e+02
2.746421897411346436e+02
2.746629614830017090e+02
2.746829161643981934e+02
2.747027757167816162e+02
2.747223300933837891e+02
2.747424180507659912e+02
2.747632629871368408e+02
2.747827770709991455e+02
2.748024408817291260e+02
2.748227849006652832e+02
2.748429903984069824e+02
2.748627266883850098e+02
2.748831863403320312e+02
2.749025876522064209e+02
2.749229507446289062e+02
2.749421143531799316e+02
2.749625389575958252e+02
2.749821763038635254e+02
2.750036704540252686e+02
2.750218181610107422e+02
2.750423586368560791e+02
2.750649576187133789e+02
2.750817778110504150e+02
2.751025493144989014e+02
2.751226041316986084e+02
2.751417794227600098e+02
2.751620597839355469e+02
2.751825551986694336e+02
2.752025129795074463e+02
2.752224612236022949e+02
2.752425315380096436e+02
2.752624120712280273e+02
2.752824957370758057e+02
2.753024950027465820e+02
2.753224484920501709e+02
2.753422930240631104e+02
2.753623447418212891e+02
2.753822994232177734e+02
2.754023554325103760e+02
2.754221079349517822e+02
2.754422559738159180e+02
2.754620549678802490e+02
2.754822881221771240e+02
2.755022854804992676e+02
2.755221786499023438e+02
2.755420823097229004e+02
2.755623793601989746e+02
2.755823538303375244e+02
2.756022889614105225e+02
2.756226117610931396e+02
2.756424520015716553e+02
2.756625204086303711e+02
2.756827092170715332e+02
2.757024147510528564e+02
2.757225522994995117e+02
2.757424063682556152e+02
2.757625403404235840e+02
2.757823104858398438e+02
2.758023610115051270e+02
2.758225235939025879e+02
2.758419206142425537e+02
2.758626177310943604e+02
2.758835020065307617e+02
2.759024767875671387e+02
2.759295656681060791e+02
2.759492671489715576e+02
2.759690930843353271e+02
2.759891550540924072e+02
2.760090215206146240e+02
2.760291106700897217e+02
2.760490210056304932e+02
2.760690548419952393e+02
2.760895941257476807e+02
2.761090607643127441e+02
2.761291320323944092e+02
2.761492176055908203e+02
2.761690006256103516e+02
2.761891372203826904e+02
2.762090592384338379e+02
2.762292294502258301e+02
2.762493247985839844e+02
2.762688043117523193e+02
2.762893922328948975e+02
2.763091487884521484e+02
2.763293080329895020e+02
2.763493952751159668e+02
2.763693203926086426e+02
2.763889293670654297e+02
2.764091448783874512e+02
2.764294345378875732e+02
2.764492919445037842e+02
2.764694106578826904e+02
2.764893453121185303e+02
2.765092601776123047e+02
2.765293860435485840e+02
2.765491809844970703e+02
2.765691847801208496e+02
2.765894618034362793e+02
2.766092996597290039e+02
2.766288299560546875e+02
2.766489078998565674e+02
2.766688563823699951e+02
2.766891734600067139e+02
2.767095139026641846e+02
2.767294075489044189e+02
2.767496089935302734e+02
2.767693922519683838e+02
2.767895386219024658e+02
2.768092858791351318e+02
2.768293223381042480e+02
2.768488361835479736e+02
2.768688626289367676e+02
2.768888072967529297e+02
2.769095396995544434e+02
2.769291839599609375e+02
2.769497146606445312e+02
2.769688391685485840e+02
2.769890573024749756e+02
2.770092585086822510e+02
2.770292017459869385e+02
2.770492274761199951e+02
2.770692532062530518e+02
2.770892825126647949e+02
2.771093246936798096e+02
2.771293201446533203e+02
2.771493384838104248e+02
2.771692569255828857e+02
2.771894712448120117e+02
2.772092425823211670e+02
2.772293400764465332e+02
2.772492997646331787e+02
2.772688262462615967e+02
2.772891891002655029e+02
2.773091678619384766e+02
2.773292353153228760e+02
2.773494877815246582e+02
2.773692524433135986e+02
2.773885653018951416e+02
2.774090850353240967e+02
2.774303221702575684e+02
2.774485468864440918e+02
2.774694993495941162e+02
2.774888486862182617e+02
2.775100827217102051e+02
2.775290331840515137e+02
2.775495750904083252e+02
2.775697128772735596e+02
2.775891880989074707e+02
2.776092450618743896e+02
2.776295547485351562e+02
2.776489372253417969e+02
2.776691691875457764e+02
2.776892087459564209e+02
2.777091269493103027e+02
2.777292385101318359e+02
2.777492635250091553e+02
2.777688436508178711e+02
2.777892827987670898e+02
2.778093183040618896e+02
2.778292448520660400e+02
2.778491842746734619e+02
2.778691375255584717e+02
2.778892621994018555e+02
2.779093325138092041e+02
2.779294631481170654e+02
2.779493021965026855e+02
2.779691095352172852e+02
2.779891083240509033e+02
2.780085163116455078e+02
2.780289878845214844e+02
2.780490365028381348e+02
2.780686571598052979e+02
2.780888690948486328e+02
2.781092991828918457e+02
2.781292638778686523e+02
2.781496505737304688e+02
2.781686868667602539e+02
2.781891746520996094e+02
2.782085123062133789e+02
2.782286159992218018e+02
2.782497537136077881e+02
2.782686402797698975e+02
2.782894427776336670e+02
2.783085529804229736e+02
2.783290493488311768e+02
2.783490679264068604e+02
2.783692703247070312e+02
2.783898191452026367e+02
2.784091529846191406e+02
2.784290704727172852e+02
2.784490730762481689e+02
2.784691045284271240e+02
2.784890782833099365e+02
2.785092222690582275e+02
2.785293080806732178e+02
2.785490467548370361e+02
2.785706706047058105e+02
2.785892329216003418e+02
2.786088092327117920e+02
2.786293210983276367e+02
2.786494414806365967e+02
2.786701016426086426e+02
2.786896829605102539e+02
2.787096505165100098e+02
2.787288334369659424e+02
2.787500839233398438e+02
2.787688162326812744e+02
2.787891435623168945e+02
2.788091044425964355e+02
2.788295829296112061e+02
2.788490312099456787e+02
2.788692994117736816e+02
2.788889780044555664e+02
2.789094281196594238e+02
2.789285438060760498e+02
2.789490766525268555e+02
2.789685783386230469e+02
2.789888546466827393e+02
2.790094015598297119e+02
2.790289418697357178e+02
2.790497272014617920e+02
2.790693352222442627e+02
2.790892841815948486e+02
2.791094949245452881e+02
2.791290037631988525e+02
2.791494393348693848e+02
2.791698250770568848e+02
2.791891131401062012e+02
2.792094402313232422e+02
2.792295727729797363e+02
2.792491655349731445e+02
2.792687451839447021e+02
2.792887909412384033e+02
2.793090758323669434e+02
2.793290457725524902e+02
2.793493754863739014e+02
2.793693902492523193e+02
2.793890428543090820e+02
2.794088516235351562e+02
2.794292426109313965e+02
2.794492788314819336e+02
2.794688339233398438e+02
2.794892392158508301e+02
2.795091123580932617e+02
2.795288765430450439e+02
2.795498156547546387e+02
2.795696086883544922e+02
2.795893256664276123e+02
2.796090977191925049e+02
2.796291117668151855e+02
2.796492404937744141e+02
2.796688201427459717e+02
2.796890861988067627e+02
2.797090649604797363e+02
2.797293090820312500e+02
2.797492079734802246e+02
2.797690889835357666e+02
2.797891981601715088e+02
2.798094143867492676e+02
2.798294155597686768e+02
2.798491199016571045e+02
2.798693735599517822e+02
2.798892145156860352e+02
2.799095442295074463e+02
2.799294223785400391e+02
2.799493355751037598e+02
2.799692776203155518e+02
2.799893107414245605e+02
2.800093090534210205e+02
2.800290689468383789e+02
2.800492558479309082e+02
2.800693373680114746e+02
2.800891604423522949e+02
2.801091616153717041e+02
2.801293251514434814e+02
2.801492969989776611e+02
2.801689710617065430e+02
2.801945757865905762e+02
2.802148211002349854e+02
2.802346510887145996e+02
2.802546734809875488e+02
2.802741267681121826e+02
2.802941017150878906e+02
2.803148915767669678e+02
2.803341274261474609e+02
2.803540694713592529e+02
2.803748579025268555e+02
2.803947057723999023e+02
2.804153540134429932e+02
2.804347693920135498e+02
2.804544515609741211e+02
2.804758939743041992e+02
2.804946005344390869e+02
2.805154995918273926e+02
2.805347588062286377e+02
2.805541849136352539e+02
2.805757358074188232e+02
2.805946493148803711e+02
2.806146638393402100e+02
2.806346414089202881e+02
2.806546273231506348e+02
2.806743171215057373e+02
2.806946468353271484e+02
2.807146115303039551e+02
2.807343525886535645e+02
2.807546391487121582e+02
2.807745935916900635e+02
2.807949132919311523e+02
2.808146665096282959e+02
2.808348188400268555e+02
2.808547892570495605e+02
2.808747448921203613e+02
2.808948390483856201e+02
2.809148249626159668e+02
2.809346399307250977e+02
2.809546074867248535e+02
2.809744422435760498e+02
2.810043060779571533e+02
2.810235168933868408e+02
2.810427620410919189e+02
2.810633840560913086e+02
2.810834844112396240e+02
2.811034092903137207e+02
2.811229994297027588e+02
2.811432003974914551e+02
2.811629645824432373e+02
2.811834168434143066e+02
2.812037518024444580e+02
2.812234733104705811e+02
2.812434856891632080e+02
2.812634220123291016e+02
2.812833809852600098e+02
2.813035268783569336e+02
2.813234248161315918e+02
2.813431637287139893e+02
2.813634562492370605e+02
2.813834030628204346e+02
2.814035694599151611e+02
2.814235014915466309e+02
2.814434778690338135e+02
2.814635024070739746e+02
2.814829359054565430e+02
2.815035586357116699e+02
2.815229187011718750e+02
2.815428476333618164e+02
2.815626568794250488e+02
2.815833144187927246e+02
2.816039443016052246e+02
2.816234993934631348e+02
2.816428749561309814e+02
2.816627795696258545e+02
2.816833469867706299e+02
2.817027535438537598e+02
2.817233247756958008e+02
2.817428762912750244e+02
2.817632424831390381e+02
2.817827665805816650e+02
2.818030500411987305e+02
2.818227417469024658e+02
2.818434834480285645e+02
2.818634073734283447e+02
2.818833489418029785e+02
2.819034018516540527e+02
2.819232327938079834e+02
2.819433836936950684e+02
2.819635047912597656e+02
2.819833993911743164e+02
2.820033972263336182e+02
2.820231630802154541e+02
2.820433766841888428e+02
2.820634169578552246e+02
2.820833733081817627e+02
2.821034364700317383e+02
2.821343121528625488e+02
2.821543345451354980e+02
2.821747102737426758e+02
2.821955056190490723e+02
2.822139651775360107e+02
2.822352318763732910e+02
2.822539589405059814e+02
2.822743394374847412e+02
2.822939414978027344e+02
2.823140194416046143e+02
2.823350794315338135e+02
2.823543114662170410e+02
2.823750829696655273e+02
2.823943970203399658e+02
2.824151444435119629e+02
2.824339458942413330e+02
2.824546070098876953e+02
2.824739365577697754e+02
2.824946038722991943e+02
2.825148584842681885e+02
2.825345327854156494e+02
2.825548243522644043e+02
2.825744223594665527e+02
2.825948696136474609e+02
2.826144616603851318e+02
2.826345458030700684e+02
2.826542708873748779e+02
2.826741552352905273e+02
2.826939609050750732e+02
2.827144813537597656e+02
2.827339322566986084e+02
2.827549345493316650e+02
2.827739508152008057e+02
2.827945756912231445e+02
2.828139603137969971e+02
2.828339655399322510e+02
2.828540580272674561e+02
2.828739647865295410e+02
2.828951807022094727e+02
2.829139077663421631e+02
2.829345247745513916e+02
2.829539163112640381e+02
2.829746534824371338e+02
2.829939527511596680e+02
2.830143017768859863e+02
2.830343539714813232e+02
2.830542743206024170e+02
2.830744566917419434e+02
2.830948061943054199e+02
2.831151247024536133e+02
2.831339049339294434e+02
2.831545929908752441e+02
2.831739037036895752e+02
2.831944820880889893e+02
2.832139465808868408e+02
2.832343609333038330e+02
2.832550256252288818e+02
2.832744517326354980e+02
2.832938230037689209e+02
2.833143687248229980e+02
2.833337581157684326e+02
2.833543455600738525e+02
2.833745315074920654e+02
2.833941905498504639e+02
2.834143483638763428e+02
2.834343407154083252e+02
2.834543364048004150e+02
2.834742960929870605e+02
2.834940063953399658e+02
2.835142531394958496e+02
2.835343184471130371e+02
2.835542669296264648e+02
2.835742979049682617e+02
2.835943500995635986e+02
2.836142709255218506e+02
2.836343803405761719e+02
2.836541790962219238e+02
2.836744749546051025e+02
2.836943991184234619e+02
2.837145142555236816e+02
2.837343623638153076e+02
2.837541363239288330e+02
2.837743482589721680e+02
2.837939567565917969e+02
2.838151378631591797e+02
2.838343908786773682e+02
2.838551971912384033e+02
2.838739259243011475e+02
2.838944883346557617e+02
2.839139499664306641e+02
2.839345679283142090e+02
2.839556179046630859e+02
2.839742600917816162e+02
2.839944474697113037e+02
2.840143809318542480e+02
2.840349490642547607e+02
2.840545210838317871e+02
2.840747954845428467e+02
2.840948314666748047e+02
2.841141479015350342e+02
2.841343629360198975e+02
2.841542749404907227e+02
2.841743705272674561e+02
2.841941616535186768e+02
2.842140176296234131e+02
2.842343707084655762e+02
2.842547824382781982e+02
2.842742521762847900e+02
2.842937147617340088e+02
2.843145344257354736e+02
2.843339552879333496e+02
2.843551161289215088e+02
2.843739781379699707e+02
2.843950355052947998e+02
2.844139587879180908e+02
2.844346313476562500e+02
2.844539458751678467e+02
2.844746212959289551e+02
2.844945371150970459e+02
2.845148444175720215e+02
2.845345439910888672e+02
2.845543675422668457e+02
2.845752143859863281e+02
2.845943813323974609e+02
2.846151607036590576e+02
2.846339542865753174e+02
2.846545121669769287e+02
2.846739256381988525e+02
2.846946763992309570e+02
2.847149133682250977e+02
2.847346081733703613e+02
2.847549424171447754e+02
2.847748584747314453e+02
2.847946841716766357e+02
2.848147385120391846e+02
2.848343684673309326e+02
2.848544316291809082e+02
2.848739144802093506e+02
2.848937854766845703e+02
2.849137911796569824e+02
2.849341449737548828e+02
2.849539320468902588e+02
2.849746019840240479e+02
2.849939041137695312e+02
2.850141141414642334e+02
2.850349416732788086e+02
2.850545942783355713e+02
2.850749499797821045e+02
2.850945398807525635e+02
2.851139569282531738e+02
2.851342594623565674e+02
2.851542840003967285e+02
2.851744494438171387e+02
2.851939480304718018e+02
2.852144882678985596e+02
2.852342646121978760e+02
2.852540233135223389e+02
2.852743802070617676e+02
2.852944712638854980e+02
2.853142721652984619e+02
2.853343245983123779e+02
2.853536713123321533e+02
2.853743550777435303e+02
2.853944551944732666e+02
2.854145085811614990e+02
2.854341175556182861e+02
2.854549043178558350e+02
2.854737441539764404e+02
2.854951760768890381e+02
2.855139031410217285e+02
2.855342631340026855e+02
2.855540275573730469e+02
2.855746948719024658e+02
2.855950174331665039e+02
2.856148967742919922e+02
2.856346156597137451e+02
2.856538960933685303e+02
2.856743164062500000e+02
2.856945376396179199e+02
2.857142879962921143e+02
2.857352302074432373e+02
2.857543478012084961e+02
2.857750198841094971e+02
2.857943010330200195e+02
2.858143444061279297e+02
2.858343915939331055e+02
2.858539862632751465e+02
2.858746988773345947e+02
2.858999981880187988e+02
2.859199078083038330e+02
2.859401073455810547e+02
2.859601101875305176e+02
2.859806511402130127e+02
2.859994976520538330e+02
2.860202686786651611e+02
2.860402796268463135e+02
2.860600547790527344e+02
2.860799624919891357e+02
2.860999143123626709e+02
2.861201202869415283e+02
2.861392331123352051e+02
2.861605122089385986e+02
2.861802144050598145e+02
2.861998372077941895e+02
2.862195203304290771e+02
2.862408041954040527e+02
2.862598085403442383e+02
2.862799122333526611e+02
2.863000817298889160e+02
2.863201184272766113e+02
2.863398768901824951e+02
2.863601427078247070e+02
2.863801233768463135e+02
2.863998615741729736e+02
2.864201254844665527e+02
2.864398167133331299e+02
2.864599421024322510e+02
2.864794733524322510e+02
2.864999871253967285e+02
2.865202522277832031e+02
2.865402781963348389e+02
2.865604345798492432e+02
2.865794599056243896e+02
2.865995321273803711e+02
2.866194736957550049e+02
2.866395173072814941e+02
2.866596636772155762e+02
2.866795282363891602e+02
2.866998968124389648e+02
2.867195277214050293e+02
2.867398731708526611e+02
2.867602031230926514e+02
2.867799320220947266e+02
2.867995860576629639e+02
2.868200075626373291e+02
2.868396365642547607e+02
2.868598492145538330e+02
2.868795716762542725e+02
2.869000132083892822e+02
2.869199185371398926e+02
2.869399380683898926e+02
2.869600462913513184e+02
2.869799571037292480e+02
2.869999649524688721e+02
2.870196344852447510e+02
2.870395379066467285e+02
2.870598714351654053e+02
2.870795922279357910e+02
2.870999448299407959e+02
2.871195731163024902e+02
2.871399576663970947e+02
2.871595859527587891e+02
2.871798729896545410e+02
2.871998500823974609e+02
2.872196607589721680e+02
2.872398502826690674e+02
2.872601459026336670e+02
2.872801721096038818e+02
2.872999541759490967e+02
2.873198397159576416e+02
2.873396868705749512e+02
2.873593285083770752e+02
2.873793921470642090e+02
2.873994708061218262e+02
2.874199802875518799e+02
2.874394962787628174e+02
2.874602329730987549e+02
2.874852168560028076e+02
2.875071170330047607e+02
2.875259735584259033e+02
2.875451474189758301e+02
2.875655770301818848e+02
2.875851471424102783e+02
2.876049609184265137e+02
2.876251144409179688e+02
2.876450171470642090e+02
2.876653091907501221e+02
2.876850254535675049e+02
2.877051105499267578e+02
2.877255978584289551e+02
2.877448201179504395e+02
2.877652146816253662e+02
2.877850456237792969e+02
2.878065519332885742e+02
2.878246877193450928e+02
2.878448178768157959e+02
2.878657147884368896e+02
2.878852698802947998e+02
2.879050424098968506e+02
2.879251620769500732e+02
2.879451615810394287e+02
2.879649732112884521e+02
2.879851341247558594e+02
2.880050892829895020e+02
2.880252020359039307e+02
2.880459492206573486e+02
2.880648260116577148e+02
2.880859053134918213e+02
2.881044332981109619e+02
2.881257152557373047e+02
2.881451990604400635e+02
2.881659100055694580e+02
2.881845943927764893e+02
2.882045834064483643e+02
2.882245845794677734e+02
2.882446162700653076e+02
2.882645537853240967e+02
2.882845900058746338e+02
2.883045957088470459e+02
2.883245644569396973e+02
2.883445670604705811e+02
2.883645458221435547e+02
2.883845627307891846e+02
2.884046266078948975e+02
2.884245297908782959e+02
2.884448614120483398e+02
2.884657733440399170e+02
2.884845652580261230e+02
2.885046179294586182e+02
2.885255749225616455e+02
2.885455398559570312e+02
2.885647275447845459e+02
2.885846991539001465e+02
2.886050944328308105e+02
2.886251502037048340e+02
2.886452174186706543e+02
2.886649796962738037e+02
2.886848490238189697e+02
2.887050740718841553e+02
2.887269389629364014e+02
2.887451665401458740e+02
2.887647557258605957e+02
2.887875256538391113e+02
2.888048086166381836e+02
2.888262162208557129e+02
2.888450286388397217e+02
2.888650567531585693e+02
2.888853330612182617e+02
2.889051353931427002e+02
2.889252295494079590e+02
2.889452223777770996e+02
2.889650738239288330e+02
2.889851522445678711e+02
2.890048198699951172e+02
2.890250802040100098e+02
2.890451929569244385e+02
2.890650293827056885e+02
2.890852465629577637e+02
2.891052210330963135e+02
2.891250419616699219e+02
2.891453671455383301e+02
2.891647934913635254e+02
2.891850354671478271e+02
2.892050964832305908e+02
2.892250461578369141e+02
2.892457077503204346e+02
2.892653696537017822e+02
2.892854082584381104e+02
2.893054056167602539e+02
2.893256433010101318e+02
2.893454556465148926e+02
2.893655092716217041e+02
2.893858053684234619e+02
2.894057245254516602e+02
2.894254150390625000e+02
2.894450004100799561e+02
2.894646856784820557e+02
2.894857473373413086e+02
2.895047130584716797e+02
2.895250744819641113e+02
2.895451178550720215e+02
2.895646913051605225e+02
2.895858402252197266e+02
2.896051118373870850e+02
2.896250941753387451e+02
2.896450662612915039e+02
2.896650559902191162e+02
2.896858205795288086e+02
2.897048082351684570e+02
2.897250323295593262e+02
2.897449975013732910e+02
2.897649645805358887e+02
2.897849342823028564e+02
2.898049633502960205e+02
2.898251745700836182e+02
2.898450620174407959e+02
2.898649647235870361e+02
2.898853754997253418e+02
2.899052901268005371e+02
2.899252035617828369e+02
2.899456608295440674e+02
2.899656178951263428e+02
2.899849944114685059e+02
2.900050821304321289e+02
2.900249662399291992e+02
2.900450477600097656e+02
2.900650086402893066e+02
2.900856308937072754e+02
2.901053099632263184e+02
2.901256842613220215e+02
2.901458864212036133e+02
2.901650173664093018e+02
2.901855223178863525e+02
2.902045087814331055e+02
2.902250354290008545e+02
2.902455010414123535e+02
2.902645819187164307e+02
2.902845432758331299e+02
2.903045709133148193e+02
2.903244719505310059e+02
2.903444542884826660e+02
2.903645343780517578e+02
2.903845450878143311e+02
2.904045364856719971e+02
2.904246237277984619e+02
2.904446468353271484e+02
2.904645721912384033e+02
2.904845867156982422e+02
2.905045638084411621e+02
2.905244767665863037e+02
2.905444931983947754e+02
2.905645508766174316e+02
2.905846414566040039e+02
2.906045386791229248e+02
2.906244647502899170e+02
2.906445999145507812e+02
2.906645367145538330e+02
2.906846256256103516e+02
2.907050957679748535e+02
2.907245528697967529e+02
2.907445693016052246e+02
2.907645392417907715e+02
2.907845280170440674e+02
2.908046276569366455e+02
2.908244760036468506e+02
2.908446280956268311e+02
2.908683328628540039e+02
2.908851804733276367e+02
2.909045512676239014e+02
2.909245085716247559e+02
2.909452166557312012e+02
2.909650278091430664e+02
2.909845430850982666e+02
2.910044887065887451e+02
2.910245885848999023e+02
2.910444989204406738e+02
2.910645570755004883e+02
2.910845942497253418e+02
2.911050293445587158e+02
2.911246504783630371e+02
2.911445698738098145e+02
2.911645972728729248e+02
2.911845631599426270e+02
2.912046580314636230e+02
2.912245502471923828e+02
2.912445919513702393e+02
2.912645566463470459e+02
2.912846841812133789e+02
2.913045351505279541e+02
2.913245875835418701e+02
2.913445036411285400e+02
2.913646748065948486e+02
2.913845074176788330e+02
2.914046874046325684e+02
2.914245078563690186e+02
2.914444985389709473e+02
2.914644904136657715e+02
2.914852299690246582e+02
2.915045585632324219e+02
2.915255906581878662e+02
2.915445489883422852e+02
2.915644743442535400e+02
2.915844755172729492e+02
2.916045479774475098e+02
2.916244499683380127e+02
2.916445462703704834e+02
2.916659491062164307e+02
2.916850898265838623e+02
2.917061424255371094e+02
2.917259948253631592e+02
2.917452611923217773e+02
2.917662587165832520e+02
2.917851080894470215e+02
2.918051226139068604e+02
2.918252241611480713e+02
2.918452007770538330e+02
2.918650765419006348e+02
2.918855156898498535e+02
2.919050769805908203e+02
2.919250977039337158e+02
2.919450631141662598e+02
2.919650962352752686e+02
2.919851763248443604e+02
2.920049960613250732e+02
2.920248451232910156e+02
2.920451786518096924e+02
2.920650382041931152e+02
2.920854263305664062e+02
2.921074213981628418e+02
2.921252703666687012e+02
2.921444034576416016e+02
2.921656713485717773e+02
2.921851215362548828e+02
2.922048528194427490e+02
2.922262480258941650e+02
2.922449676990509033e+02
2.922648525238037109e+02
2.922847712039947510e+02
2.923049874305725098e+02
2.923250830173492432e+02
2.923454227447509766e+02
2.923651340007781982e+02
2.923850610256195068e+02
2.924051978588104248e+02
2.924251112937927246e+02
2.924447648525238037e+02
2.924719507694244385e+02
2.924919805526733398e+02
2.925120465755462646e+02
2.925319175720214844e+02
2.925523650646209717e+02
2.925721464157104492e+02
2.925920116901397705e+02
2.926124558448791504e+02
2.926324341297149658e+02
2.926519846916198730e+02
2.926720070838928223e+02
2.926928324699401855e+02
2.927123963832855225e+02
2.927325305938720703e+02
2.927531502246856689e+02
2.927720797061920166e+02
2.927932376861572266e+02
2.928131518363952637e+02
2.928326873779296875e+02
2.928523809909820557e+02
2.928719959259033203e+02
2.928924484252929688e+02
2.929123375415802002e+02
2.929323568344116211e+02
2.929529211521148682e+02
2.929720282554626465e+02
2.929919900894165039e+02
2.930122528076171875e+02
2.930324606895446777e+02
2.930529103279113770e+02
2.930719921588897705e+02
2.930927593708038330e+02
2.931122372150421143e+02
2.931324701309204102e+02
2.931534152030944824e+02
2.931724750995635986e+02
2.931928136348724365e+02
2.932122883796691895e+02
2.932324371337890625e+02
2.932521698474884033e+02
2.932718267440795898e+02
2.932923672199249268e+02
2.933123462200164795e+02
2.933324639797210693e+02
2.933527288436889648e+02
2.933722758293151855e+02
2.933932969570159912e+02
2.934124529361724854e+02
2.934326655864715576e+02
2.934524278640747070e+02
2.934724125862121582e+02
2.934923799037933350e+02
2.935121994018554688e+02
2.935326993465423584e+02
2.935529541969299316e+02
2.935725507736206055e+02
2.935929682254791260e+02
2.936126649379730225e+02
2.936327702999114990e+02
2.936527419090270996e+02
2.936724510192871094e+02
2.936928462982177734e+02
2.937124812602996826e+02
2.937325122356414795e+02
2.937526059150695801e+02
2.937724568843841553e+02
2.937984316349029541e+02
2.938183939456939697e+02
2.938383765220642090e+02
2.938690872192382812e+02
2.938890366554260254e+02
2.939091868400573730e+02
2.939333903789520264e+02
2.939535341262817383e+02
2.939730558395385742e+02
2.939929168224334717e+02
2.940128896236419678e+02
2.940334579944610596e+02
2.940587599277496338e+02
2.940787580013275146e+02
2.940984556674957275e+02
2.941184844970703125e+02
2.941384038925170898e+02
2.941587553024291992e+02
2.941784920692443848e+02
2.941985316276550293e+02
2.942183012962341309e+02
2.942381379604339600e+02
2.942593622207641602e+02
2.942789011001586914e+02
2.942981388568878174e+02
2.943187997341156006e+02
2.943381514549255371e+02
2.943587255477905273e+02
2.943788955211639404e+02
2.943989331722259521e+02
2.944181437492370605e+02
2.944384455680847168e+02
2.944593307971954346e+02
2.944786713123321533e+02
2.944984486103057861e+02
2.945182902812957764e+02
2.945379993915557861e+02
2.945589025020599365e+02
2.945784277915954590e+02
2.945985467433929443e+02
2.946185200214385986e+02
2.946384060382843018e+02
2.946584646701812744e+02
2.946787371635437012e+02
2.946992957592010498e+02
2.947185854911804199e+02
2.947386734485626221e+02
2.947579185962677002e+02
2.947784700393676758e+02
2.947988629341125488e+02
2.948188557624816895e+02
2.948382396697998047e+02
2.948584947586059570e+02
2.948785238265991211e+02
2.948981802463531494e+02
2.949181420803070068e+02
2.949384632110595703e+02
2.949584949016571045e+02
2.949785485267639160e+02
2.949992177486419678e+02
2.950186359882354736e+02
2.950385308265686035e+02
2.950583262443542480e+02
2.950784566402435303e+02
2.950983464717864990e+02
2.951184051036834717e+02
2.951389183998107910e+02
2.951583583354949951e+02
2.951784706115722656e+02
2.951985170841217041e+02
2.952185864448547363e+02
2.952383317947387695e+02
2.952579071521759033e+02
2.952790329456329346e+02
2.952980115413665771e+02
2.953178734779357910e+02
2.953391945362091064e+02
2.953634037971496582e+02
2.953835732936859131e+02
2.954037413597106934e+02
2.954238593578338623e+02
2.954439721107482910e+02
2.954638323783874512e+02
2.954840190410614014e+02
2.955039205551147461e+02
2.955233821868896484e+02
2.955435392856597900e+02
2.955636267662048340e+02
2.955837354660034180e+02
2.956036586761474609e+02
2.956234288215637207e+02
2.956434793472290039e+02
2.956639289855957031e+02
2.956835870742797852e+02
2.957036869525909424e+02
2.957249388694763184e+02
2.957437217235565186e+02
2.957633857727050781e+02
2.957835280895233154e+02
2.958043134212493896e+02
2.958264195919036865e+02
2.958438000679016113e+02
2.958637974262237549e+02
2.958835303783416748e+02
2.959035198688507080e+02
2.959240624904632568e+02
2.959435250759124756e+02
2.959643490314483643e+02
2.959834160804748535e+02
2.960034668445587158e+02
2.960253732204437256e+02
2.960430021286010742e+02
2.960631656646728516e+02
2.960837967395782471e+02
2.961034839153289795e+02
2.961235990524291992e+02
2.961434931755065918e+02
2.961631116867065430e+02
2.961835727691650391e+02
2.962034275531768799e+02
2.962237775325775146e+02
2.962428586483001709e+02
2.962633621692657471e+02
2.962874126434326172e+02
2.963074834346771240e+02
2.963279440402984619e+02
2.963479471206665039e+02
2.963678996562957764e+02
2.963878152370452881e+02
2.964075393676757812e+02
2.964279146194458008e+02
2.964473073482513428e+02
2.964674839973449707e+02
2.964877500534057617e+02
2.965075855255126953e+02
2.965275676250457764e+02
2.965474991798400879e+02
2.965675988197326660e+02
2.965876324176788330e+02
2.966077616214752197e+02
2.966278338432312012e+02
2.966474680900573730e+02
2.966677665710449219e+02
2.966875934600830078e+02
2.967073881626129150e+02
2.967275266647338867e+02
2.967475214004516602e+02
2.967675611972808838e+02
2.967877156734466553e+02
2.968080682754516602e+02
2.968274557590484619e+02
2.968479657173156738e+02
2.968679835796356201e+02
2.968876175880432129e+02
2.969076635837554932e+02
2.969275448322296143e+02
2.969472918510437012e+02
2.969674229621887207e+02
2.969874989986419678e+02
2.970078201293945312e+02
2.970377357006072998e+02
2.970562343597412109e+02
2.970761635303497314e+02
2.970968532562255859e+02
2.971165361404418945e+02
2.971365792751312256e+02
2.971571710109710693e+02
2.971761431694030762e+02
2.971971070766448975e+02
2.972167596817016602e+02
2.972365887165069580e+02
2.972568402290344238e+02
2.972770652770996094e+02
2.972962212562561035e+02
2.973167793750762939e+02
2.973368990421295166e+02
2.973566491603851318e+02
2.973767683506011963e+02
2.973968644142150879e+02
2.974168205261230469e+02
2.974372930526733398e+02
2.974566195011138916e+02
2.974767076969146729e+02
2.974966037273406982e+02
2.975166342258453369e+02
2.975365984439849854e+02
2.975566155910491943e+02
2.975767452716827393e+02
2.975966117382049561e+02
2.976221945285797119e+02
2.976419434547424316e+02
2.976622283458709717e+02
2.976820192337036133e+02
2.977025177478790283e+02
2.977221353054046631e+02
2.977421457767486572e+02
2.977620358467102051e+02
2.977822594642639160e+02
2.978021051883697510e+02
2.978219676017761230e+02
2.978422086238861084e+02
2.978622066974639893e+02
2.978826110363006592e+02
2.979020373821258545e+02
2.979220542907714844e+02
2.979414465427398682e+02
2.979620630741119385e+02
2.979820709228515625e+02
2.980019783973693848e+02
2.980221331119537354e+02
2.980420434474945068e+02
2.980624291896820068e+02
2.980820610523223877e+02
2.981019787788391113e+02
2.981222815513610840e+02
2.981422550678253174e+02
2.981616058349609375e+02
2.981825327873229980e+02
2.982022750377655029e+02
2.982214334011077881e+02
2.982423484325408936e+02
2.982619462013244629e+02
2.982825665473937988e+02
2.983023626804351807e+02
2.983221697807312012e+02
2.983420393466949463e+02
2.983621206283569336e+02
2.983818700313568115e+02
2.984023673534393311e+02
2.984216442108154297e+02
2.984415616989135742e+02
2.984682571887969971e+02
2.984868738651275635e+02
2.985068633556365967e+02
2.985274941921234131e+02
2.985468015670776367e+02
2.985668609142303467e+02
2.985867834091186523e+02
2.986073083877563477e+02
2.986276628971099854e+02
2.986474475860595703e+02
2.986673452854156494e+02
2.986870255470275879e+02
2.987076504230499268e+02
2.987284142971038818e+02
2.987481508255004883e+02
2.987676961421966553e+02
2.987878553867340088e+02
2.988070309162139893e+02
2.988271770477294922e+02
2.988470396995544434e+02
2.988676590919494629e+02
2.988870091438293457e+02
2.989079351425170898e+02
2.989269778728485107e+02
2.989470083713531494e+02
2.989678289890289307e+02
2.989874308109283447e+02
2.990078334808349609e+02
2.990274937152862549e+02
2.990470600128173828e+02
2.990670380592346191e+02
2.990876264572143555e+02
2.991070945262908936e+02
2.991280009746551514e+02
2.991470270156860352e+02
2.991675305366516113e+02
2.991895170211791992e+02
2.992074990272521973e+02
2.992273917198181152e+02
2.992471089363098145e+02
2.992675628662109375e+02
2.992874882221221924e+02
2.993076398372650146e+02
2.993273954391479492e+02
2.993474872112274170e+02
2.993673892021179199e+02
2.993873977661132812e+02
2.994075090885162354e+02
2.994273703098297119e+02
2.994479999542236328e+02
2.994674868583679199e+02
2.994872956275939941e+02
2.995073497295379639e+02
2.995273759365081787e+02
2.995472342967987061e+02
2.995676128864288330e+02
2.995873811244964600e+02
2.996074767112731934e+02
2.996273052692413330e+02
2.996473782062530518e+02
2.996674253940582275e+02
2.996874964237213135e+02
2.997073805332183838e+02
2.997273006439208984e+02
2.997475357055664062e+02
2.997673294544219971e+02
2.997874836921691895e+02
2.998073778152465820e+02
2.998276836872100830e+02
2.998475832939147949e+02
2.998677210807800293e+02
2.998877179622650146e+02
2.999078805446624756e+02
2.999276354312896729e+02
2.999482171535491943e+02
2.999676687717437744e+02
2.999877259731292725e+02
3.000075769424438477e+02
3.000273795127868652e+02
3.000481419563293457e+02
3.000675711631774902e+02
3.000869996547698975e+02
3.001069939136505127e+02
3.001269547939300537e+02
3.001469373703002930e+02
3.001673018932342529e+02
3.001871130466461182e+02
3.002069454193115234e+02
3.002274284362792969e+02
3.002469003200531006e+02
3.002673456668853760e+02
3.002872047424316406e+02
3.003070573806762695e+02
3.003270614147186279e+02
3.003471901416778564e+02
3.003669445514678955e+02
3.003875870704650879e+02
3.004070448875427246e+02
3.004268231391906738e+02
3.004468564987182617e+02
3.004668271541595459e+02
3.004870026111602783e+02
3.005068223476409912e+02
3.005270988941192627e+02
3.005473556518554688e+02
3.005674109458923340e+02
3.005875132083892822e+02
3.006074442863464355e+02
3.006270878314971924e+02
3.006467714309692383e+02
3.006667802333831787e+02
3.006869039535522461e+02
3.007067005634307861e+02
3.007268683910369873e+02
3.007468376159667969e+02
3.007668244838714600e+02
3.007867608070373535e+02
3.008072960376739502e+02
3.008268480300903320e+02
3.008468358516693115e+02
3.008673379421234131e+02
3.008868472576141357e+02
3.009068121910095215e+02
3.009267539978027344e+02
3.009468643665313721e+02
3.009667558670043945e+02
3.009869134426116943e+02
3.010068993568420410e+02
3.010269386768341064e+02
3.010471844673156738e+02
3.010669136047363281e+02
3.010870101451873779e+02
3.011074278354644775e+02
3.011269323825836182e+02
3.011473357677459717e+02
3.011675031185150146e+02
3.011873052120208740e+02
3.012075281143188477e+02
3.012273616790771484e+02
3.012473349571228027e+02
3.012673554420471191e+02
3.012872972488403320e+02
3.013073961734771729e+02
3.013273079395294189e+02
3.013472588062286377e+02
3.013672413825988770e+02
3.013873353004455566e+02
3.014077117443084717e+02
3.014278242588043213e+02
3.014475679397583008e+02
3.014673604965209961e+02
3.014873631000518799e+02
3.015074348449707031e+02
3.015273263454437256e+02
3.015473492145538330e+02
3.015673120021820068e+02
3.015869987010955811e+02
3.016075263023376465e+02
3.016267046928405762e+02
3.016471064090728760e+02
3.016675834655761719e+02
3.016950421333312988e+02
3.017147347927093506e+02
3.017351717948913574e+02
3.017547652721405029e+02
3.017748725414276123e+02
3.017948398590087891e+02
3.018148424625396729e+02
3.018351624011993408e+02
3.018546454906463623e+02
3.018746943473815918e+02
3.018956956863403320e+02
3.019141595363616943e+02
3.019349963665008545e+02
3.019554443359375000e+02
3.019749255180358887e+02
3.019947209358215332e+02
3.020149762630462646e+02
3.020347113609313965e+02
3.020560095310211182e+02
3.020749053955078125e+02
3.020949819087982178e+02
3.021148517131805420e+02
3.021348681449890137e+02
3.021540758609771729e+02
3.021747350692749023e+02
3.021957061290740967e+02
3.022149963378906250e+02
3.022348918914794922e+02
3.022547433376312256e+02
3.022752661705017090e+02
3.022946336269378662e+02
3.023151125907897949e+02
3.023347277641296387e+02
3.023550217151641846e+02
3.023743948936462402e+02
3.023946001529693604e+02
3.024144077301025391e+02
3.024347152709960938e+02
3.024546632766723633e+02
3.024752993583679199e+02
3.024943301677703857e+02
3.025144419670104980e+02
3.025347647666931152e+02
3.025544409751892090e+02
3.025749301910400391e+02
3.025947790145874023e+02
3.026143915653228760e+02
3.026343357563018799e+02
3.026548876762390137e+02
3.026747772693634033e+02
3.026951382160186768e+02
3.027154111862182617e+02
3.027345299720764160e+02
3.027567050457000732e+02
3.027743813991546631e+02
3.027949759960174561e+02
3.028145308494567871e+02
3.028350648880004883e+02
3.028550353050231934e+02
3.028750824928283691e+02
3.028949551582336426e+02
3.029151742458343506e+02
3.029350328445434570e+02
3.029548544883728027e+02
3.029747931957244873e+02
3.029954297542572021e+02
3.030147118568420410e+02
3.030350484848022461e+02
3.030541472434997559e+02
3.030744483470916748e+02
3.030950217247009277e+02
3.031143605709075928e+02
3.031350548267364502e+02
3.031544322967529297e+02
3.031749753952026367e+02
3.031943819522857666e+02
3.032150411605834961e+02
3.032346382141113281e+02
3.032545089721679688e+02
3.032753305435180664e+02
3.032944066524505615e+02
3.033144421577453613e+02
3.033342397212982178e+02
3.033542935848236084e+02
3.033754324913024902e+02
3.033942921161651611e+02
3.034142169952392578e+02
3.034342432022094727e+02
3.034543130397796631e+02
3.034751253128051758e+02
3.034948348999023438e+02
3.035145444869995117e+02
3.035346531867980957e+02
3.035544476509094238e+02
3.035751543045043945e+02
3.035944795608520508e+02
3.036152107715606689e+02
3.036351332664489746e+02
3.036552269458770752e+02
3.036747710704803467e+02
3.036948657035827637e+02
3.037152612209320068e+02
3.037351739406585693e+02
3.037550883293151855e+02
3.037747437953948975e+02
3.037953858375549316e+02
3.038152742385864258e+02
3.038347201347351074e+02
3.038547170162200928e+02
3.038749136924743652e+02
3.038948354721069336e+02
3.039149293899536133e+02
3.039348509311676025e+02
3.039547920227050781e+02
3.039746928215026855e+02
3.039949443340301514e+02
3.040147986412048340e+02
3.040348155498504639e+02
3.040547852516174316e+02
3.040747988224029541e+02
3.040950202941894531e+02
3.041147925853729248e+02
3.041347713470458984e+02
3.041550281047821045e+02
3.041747233867645264e+02
3.041941611766815186e+02
3.042146947383880615e+02
3.042346417903900146e+02
3.042542185783386230e+02
3.042747364044189453e+02
3.042948827743530273e+02
3.043248174190521240e+02
3.043451640605926514e+02
3.043645474910736084e+02
3.043847422599792480e+02
3.044048111438751221e+02
3.044246873855590820e+02
3.044447665214538574e+02
3.044645504951477051e+02
3.044845886230468750e+02
3.045047552585601807e+02
3.045246076583862305e+02
3.045445871353149414e+02
3.045646431446075439e+02
3.045845038890838623e+02
3.046045513153076172e+02
3.046246271133422852e+02
3.046445612907409668e+02
3.046646842956542969e+02
3.046845679283142090e+02
3.047045440673828125e+02
3.047245042324066162e+02
3.047448675632476807e+02
3.047651517391204834e+02
3.047851331233978271e+02
3.048051857948303223e+02
3.048249552249908447e+02
3.048442687988281250e+02
3.048644185066223145e+02
3.048845355510711670e+02
3.049047064781188965e+02
3.049246411323547363e+02
3.049446241855621338e+02
3.049646813869476318e+02
3.049846665859222412e+02
3.050052039623260498e+02
3.050247015953063965e+02
3.050447244644165039e+02
3.050649859905242920e+02
3.050844669342041016e+02
3.051051101684570312e+02
3.051251244544982910e+02
3.051446731090545654e+02
3.051648066043853760e+02
3.051846439838409424e+02
3.052052464485168457e+02
3.052252449989318848e+02
3.052448031902313232e+02
3.052646672725677490e+02
3.052847125530242920e+02
3.053050951957702637e+02
3.053248126506805420e+02
3.053446974754333496e+02
3.053643150329589844e+02
3.053843650817871094e+02
3.054042782783508301e+02
3.054243404865264893e+02
3.054452927112579346e+02
3.054643459320068359e+02
3.054854989051818848e+02
3.055043253898620605e+02
3.055254230499267578e+02
3.055442967414855957e+02
3.055651600360870361e+02
3.055842778682708740e+02
3.056048901081085205e+02
3.056253108978271484e+02
3.056440279483795166e+02
3.056645162105560303e+02
3.056853151321411133e+02
3.057044129371643066e+02
3.057251977920532227e+02
3.057443060874938965e+02
3.057643985748291016e+02
3.057845628261566162e+02
3.058043372631072998e+02
3.058246183395385742e+02
3.058442802429199219e+02
3.058646287918090820e+02
3.058845837116241455e+02
3.059043235778808594e+02
3.059245870113372803e+02
3.059443359375000000e+02
3.059646518230438232e+02
3.059845504760742188e+02
3.060047318935394287e+02
3.060246295928955078e+02
3.060446839332580566e+02
3.060745670795440674e+02
3.060941512584686279e+02
3.061147317886352539e+02
3.061342027187347412e+02
3.061544461250305176e+02
3.061742775440216064e+02
3.061946330070495605e+02
3.062142033576965332e+02
3.062345442771911621e+02
3.062543890476226807e+02
3.062741873264312744e+02
3.062949905395507812e+02
3.063142812252044678e+02
3.063345141410827637e+02
3.063542375564575195e+02
3.063747606277465820e+02
3.063940758705139160e+02
3.064136261940002441e+02
3.064344904422760010e+02
3.064544317722320557e+02
3.064740047454833984e+02
3.064943070411682129e+02
3.065146079063415527e+02
3.065343186855316162e+02
3.065543670654296875e+02
3.065743589401245117e+02
3.065944416522979736e+02
3.066140978336334229e+02
3.066345369815826416e+02
3.066539764404296875e+02
3.066743249893188477e+02
3.066945934295654297e+02
3.067142560482025146e+02
3.067344312667846680e+02
3.067544519901275635e+02
3.067742333412170410e+02
3.067946848869323730e+02
3.068144659996032715e+02
3.068337123394012451e+02
3.068545651435852051e+02
3.068743720054626465e+02
3.068943665027618408e+02
3.069143879413604736e+02
3.069343378543853760e+02
3.069544694423675537e+02
3.069745609760284424e+02
3.069943933486938477e+02
3.070142979621887207e+02
3.070343554019927979e+02
3.070544431209564209e+02
3.070743331909179688e+02
3.070943722724914551e+02
3.071145067214965820e+02
3.071345787048339844e+02
3.071554937362670898e+02
3.071743760108947754e+02
3.071943142414093018e+02
3.072140974998474121e+02
3.072336256504058838e+02
3.072544522285461426e+02
3.072746670246124268e+02
3.072937090396881104e+02
3.073139867782592773e+02
3.073336470127105713e+02
3.073656940460205078e+02
3.073853161334991455e+02
3.074048962593078613e+02
3.074247269630432129e+02
3.074450085163116455e+02
3.074647789001464844e+02
3.074849545955657959e+02
3.075045094490051270e+02
3.075285811424255371e+02
3.075490386486053467e+02
3.075683102607727051e+02
3.075887663364410400e+02
3.076090307235717773e+02
3.076288409233093262e+02
3.076489005088806152e+02
3.076691057682037354e+02
3.076889109611511230e+02
3.077093293666839600e+02
3.077286622524261475e+02
3.077496056556701660e+02
3.077685525417327881e+02
3.077893214225769043e+02
3.078092024326324463e+02
3.078288676738739014e+02
3.078495156764984131e+02
3.078693838119506836e+02
3.078889024257659912e+02
3.079087495803833008e+02
3.079296650886535645e+02
3.079492113590240479e+02
3.079693334102630615e+02
3.079886698722839355e+02
3.080088391304016113e+02
3.080288798809051514e+02
3.080491750240325928e+02
3.080687301158905029e+02
3.081011166572570801e+02
3.081211390495300293e+02
3.081411156654357910e+02
3.081609091758728027e+02
3.081806933879852295e+02
3.082008767127990723e+02
3.082208034992218018e+02
3.082414603233337402e+02
3.082608389854431152e+02
3.082816727161407471e+02
3.083006210327148438e+02
3.083215312957763672e+02
3.083412225246429443e+02
3.083613040447235107e+02
3.083813154697418213e+02
3.084014232158660889e+02
3.084213464260101318e+02
3.084409444332122803e+02
3.084611496925354004e+02
3.084816572666168213e+02
3.085008840560913086e+02
3.085212743282318115e+02
3.085414793491363525e+02
3.085611915588378906e+02
3.085812840461730957e+02
3.086012878417968750e+02
3.086214234828948975e+02
3.086412134170532227e+02
3.086613686084747314e+02
3.086812531948089600e+02
3.087015492916107178e+02
3.087211871147155762e+02
3.087409133911132812e+02
3.087608516216278076e+02
3.087813305854797363e+02
3.088007006645202637e+02
3.088208973407745361e+02
3.088415381908416748e+02
3.088611357212066650e+02
3.088808352947235107e+02
3.089009163379669189e+02
3.089211525917053223e+02
3.089407956600189209e+02
3.089608006477355957e+02
3.089809269905090332e+02
3.090009076595306396e+02
3.090208766460418701e+02
3.090404696464538574e+02
3.090603759288787842e+02
3.090803494453430176e+02
3.091003196239471436e+02
3.091204524040222168e+02
3.091402828693389893e+02
3.091603381633758545e+02
3.091803007125854492e+02
3.092003111839294434e+02
3.092202403545379639e+02
3.092402675151824951e+02
3.092602729797363281e+02
3.092803192138671875e+02
3.093002741336822510e+02
3.093202481269836426e+02
3.093403043746948242e+02
3.093602566719055176e+02
3.093803770542144775e+02
3.094002633094787598e+02
3.094202940464019775e+02
3.094408547878265381e+02
3.094603703022003174e+02
3.094803149700164795e+02
3.095003416538238525e+02
3.095203392505645752e+02
3.095403521060943604e+02
3.095602686405181885e+02
3.095803472995758057e+02
3.096002290248870850e+02
3.096203491687774658e+02
3.096402971744537354e+02
3.096602754592895508e+02
3.096804318428039551e+02
3.097002422809600830e+02
3.097203383445739746e+02
3.097403483390808105e+02
3.097603595256805420e+02
3.097803597450256348e+02
3.098002209663391113e+02
3.098203091621398926e+02
3.098402333259582520e+02
3.098603680133819580e+02
3.098803756237030029e+02
3.099002673625946045e+02
3.099202084541320801e+02
3.099403328895568848e+02
3.099603145122528076e+02
3.099803421497344971e+02
3.100003235340118408e+02
3.100203711986541748e+02
3.100403139591217041e+02
3.100603389739990234e+02
3.100803170204162598e+02
3.101003262996673584e+02
3.101207828521728516e+02
3.101406304836273193e+02
3.101603794097900391e+02
3.101804585456848145e+02
3.102002840042114258e+02
3.102204048633575439e+02
3.102402505874633789e+02
3.102603170871734619e+02
3.102802698612213135e+02
3.103002991676330566e+02
3.103202543258666992e+02
3.103402957916259766e+02
3.103603353500366211e+02
3.103803541660308838e+02
3.104003164768218994e+02
3.104203748703002930e+02
3.104403057098388672e+02
3.104603343009948730e+02
3.104803376197814941e+02
3.105004355907440186e+02
3.105216197967529297e+02
3.105403263568878174e+02
3.105602781772613525e+02
3.105803432464599609e+02
3.106002953052520752e+02
3.106203896999359131e+02
3.106402134895324707e+02
3.106603574752807617e+02
3.106802964210510254e+02
3.107052543163299561e+02
3.107252767086029053e+02
3.107452447414398193e+02
3.107652416229248047e+02
3.107852890491485596e+02
3.108053004741668701e+02
3.108258712291717529e+02
3.108453342914581299e+02
3.108652548789978027e+02
3.108852820396423340e+02
3.109052217006683350e+02
3.109253108501434326e+02
3.109457776546478271e+02
3.109658813476562500e+02
3.109854438304901123e+02
3.110058059692382812e+02
3.110258908271789551e+02
3.110457639694213867e+02
3.110658349990844727e+02
3.110864262580871582e+02
3.111063086986541748e+02
3.111257410049438477e+02
3.111457281112670898e+02
3.111659793853759766e+02
3.111862006187438965e+02
3.112060098648071289e+02
3.112262609004974365e+02
3.112462725639343262e+02
3.112661850452423096e+02
3.112864301204681396e+02
3.113061723709106445e+02
3.113261420726776123e+02
3.113463139533996582e+02
3.113662409782409668e+02
3.113857660293579102e+02
3.114052462577819824e+02
3.114252755641937256e+02
3.114452316761016846e+02
3.114652452468872070e+02
3.114852859973907471e+02
3.115052714347839355e+02
3.115252089500427246e+02
3.115463557243347168e+02
3.115652680397033691e+02
3.115853650569915771e+02
3.116053078174591064e+02
3.116252598762512207e+02
3.116458961963653564e+02
3.116657452583312988e+02
3.116858515739440918e+02
3.117056896686553955e+02
3.117262339591979980e+02
3.117458770275115967e+02
3.117654871940612793e+02
3.117856130599975586e+02
3.118059523105621338e+02
3.118262929916381836e+02
3.118458397388458252e+02
3.118658416271209717e+02
3.118858690261840820e+02
3.119053175449371338e+02
3.119259357452392578e+02
3.119457886219024658e+02
3.119658622741699219e+02
3.119858260154724121e+02
3.120057127475738525e+02
3.120256004333496094e+02
3.120456013679504395e+02
3.120658750534057617e+02
3.120858724117279053e+02
3.121062624454498291e+02
3.121257994174957275e+02
3.121459488868713379e+02
3.121658890247344971e+02
3.121855962276458740e+02
3.122052695751190186e+02
3.122257895469665527e+02
3.122459268569946289e+02
3.122657682895660400e+02
3.122864184379577637e+02
3.123055701255798340e+02
3.123264772891998291e+02
3.123458991050720215e+02
3.123665540218353271e+02
3.123858141899108887e+02
3.124052431583404541e+02
3.124263126850128174e+02
3.124507405757904053e+02
3.124738066196441650e+02
3.124906077384948730e+02
3.125109019279479980e+02
3.125305230617523193e+02
3.125506155490875244e+02
3.125705926418304443e+02
3.125906093120574951e+02
3.126107134819030762e+02
3.126303467750549316e+02
3.126511487960815430e+02
3.126706049442291260e+02
3.126935572624206543e+02
3.127099523544311523e+02
3.127303869724273682e+02
3.127500357627868652e+02
3.127705953121185303e+02
3.127924654483795166e+02
3.128099951744079590e+02
3.128300027847290039e+02
3.128509314060211182e+02
3.128705852031707764e+02
3.128906209468841553e+02
3.129107384681701660e+02
3.129307858943939209e+02
3.129507112503051758e+02
3.129706549644470215e+02
3.129908716678619385e+02
3.130107328891754150e+02
3.130306520462036133e+02
3.130514979362487793e+02
3.130707154273986816e+02
3.130906500816345215e+02
3.131128020286560059e+02
3.131307170391082764e+02
3.131506905555725098e+02
3.131704971790313721e+02
3.131907818317413330e+02
3.132105846405029297e+02
3.132307002544403076e+02
3.132507205009460449e+02
3.132706780433654785e+02
3.132907724380493164e+02
3.133109838962554932e+02
3.133307399749755859e+02
3.133506486415863037e+02
3.133714618682861328e+02
3.133902134895324707e+02
3.134106991291046143e+02
3.134306964874267578e+02
3.134506330490112305e+02
3.134711186885833740e+02
3.134909398555755615e+02
3.135114209651947021e+02
3.135304114818572998e+02
3.135513849258422852e+02
3.135703351497650146e+02
3.135909616947174072e+02
3.136103017330169678e+02
3.136312379837036133e+02
3.136502931118011475e+02
3.136712231636047363e+02
3.136906497478485107e+02
3.137110779285430908e+02
3.137310657501220703e+02
3.137510480880737305e+02
3.137713012695312500e+02
3.137910161018371582e+02
3.138180789947509766e+02
3.138392109870910645e+02
3.138582434654235840e+02
3.138780500888824463e+02
3.138987472057342529e+02
3.139186522960662842e+02
3.139381506443023682e+02
3.139593236446380615e+02
3.139780426025390625e+02
3.139987013339996338e+02
3.140186321735382080e+02
3.140381588935852051e+02
3.140582387447357178e+02
3.140782730579376221e+02
3.140981938838958740e+02
3.141182644367218018e+02
3.141381924152374268e+02
3.141581974029541016e+02
3.141781783103942871e+02
3.141987326145172119e+02
3.142181010246276855e+02
3.142385349273681641e+02
3.142581341266632080e+02
3.142784616947174072e+02
3.142989773750305176e+02
3.143186309337615967e+02
3.143391003608703613e+02
3.143586704730987549e+02
3.143791248798370361e+02
3.143989169597625732e+02
3.144187560081481934e+02
3.144387056827545166e+02
3.144588134288787842e+02
3.144789321422576904e+02
3.144989480972290039e+02
3.145188629627227783e+02
3.145385708808898926e+02
3.145587382316589355e+02
3.145794792175292969e+02
3.145988166332244873e+02
3.146240565776824951e+02
3.146439869403839111e+02
3.146646120548248291e+02
3.146846027374267578e+02
3.147043731212615967e+02
3.147244207859039307e+02
3.147443823814392090e+02
3.147640490531921387e+02
3.147845675945281982e+02
3.148043832778930664e+02
3.148246994018554688e+02
3.148435957431793213e+02
3.148643054962158203e+02
3.148840312957763672e+02
3.149040021896362305e+02
3.149240119457244873e+02
3.149441165924072266e+02
3.149641335010528564e+02
3.149841361045837402e+02
3.150040571689605713e+02
3.150240812301635742e+02
3.150439946651458740e+02
3.150640950202941895e+02
3.150853395462036133e+02
3.151041328907012939e+02
3.151240274906158447e+02
3.151441886425018311e+02
3.151644039154052734e+02
3.151840722560882568e+02
3.152040534019470215e+02
3.152243053913116455e+02
3.152448477745056152e+02
3.152637391090393066e+02
3.152843489646911621e+02
3.153038423061370850e+02
3.153244438171386719e+02
3.153440775871276855e+02
3.153641421794891357e+02
3.153840301036834717e+02
3.154041397571563721e+02
3.154241983890533447e+02
3.154444403648376465e+02
3.154645540714263916e+02
3.154841921329498291e+02
3.155040707588195801e+02
3.155245697498321533e+02
3.155440788269042969e+02
3.155641953945159912e+02
3.155840971469879150e+02
3.156039831638336182e+02
3.156241335868835449e+02
3.156440687179565430e+02
3.156637644767761230e+02
3.156841833591461182e+02
3.157041358947753906e+02
3.157240512371063232e+02
3.157441275119781494e+02
3.157640702724456787e+02
3.157840511798858643e+02
3.158042845726013184e+02
3.158240361213684082e+02
3.158441708087921143e+02
3.158643805980682373e+02
3.158840034008026123e+02
3.159042177200317383e+02
3.159245476722717285e+02
3.159441816806793213e+02
3.159639966487884521e+02
3.159841656684875488e+02
3.160036053657531738e+02
3.160237681865692139e+02
3.160440375804901123e+02
3.160635054111480713e+02
3.160835690498352051e+02
3.161049942970275879e+02
3.161236429214477539e+02
3.161445908546447754e+02
3.161641602516174316e+02
3.161846320629119873e+02
3.162046983242034912e+02
3.162239608764648438e+02
3.162440423965454102e+02
3.162641124725341797e+02
3.162840175628662109e+02
3.163037989139556885e+02
3.163240628242492676e+02
3.163495132923126221e+02
3.163694512844085693e+02
3.163890547752380371e+02
3.164090523719787598e+02
3.164293963909149170e+02
3.164490730762481689e+02
3.164698736667633057e+02
3.164886994361877441e+02
3.165091884136199951e+02
3.165294170379638672e+02
3.165490424633026123e+02
3.165691568851470947e+02
3.165890822410583496e+02
3.166089589595794678e+02
3.166288421154022217e+02
3.166493792533874512e+02
3.166688888072967529e+02
3.166890671253204346e+02
3.167089452743530273e+02
3.167297072410583496e+02
3.167490553855895996e+02
3.167690343856811523e+02
3.167890093326568604e+02
3.168091056346893311e+02
3.168290426731109619e+02
3.168490481376647949e+02
3.168690459728240967e+02
3.168891208171844482e+02
3.169089717864990234e+02
3.169291052818298340e+02
3.169490513801574707e+02
3.169690749645233154e+02
3.169893369674682617e+02
3.170090324878692627e+02
3.170287044048309326e+02
3.170486917495727539e+02
3.170693686008453369e+02
3.170890729427337646e+02
3.171091322898864746e+02
3.171290001869201660e+02
3.171490328311920166e+02
3.171690082550048828e+02
3.171890399456024170e+02
3.172090892791748047e+02
3.172291815280914307e+02
3.172490069866180420e+02
3.172690618038177490e+02
3.172890117168426514e+02
3.173091549873352051e+02
3.173294036388397217e+02
3.173490753173828125e+02
3.173690404891967773e+02
3.173890919685363770e+02
3.174091382026672363e+02
3.174291665554046631e+02
3.174490957260131836e+02
3.174694592952728271e+02
3.174891684055328369e+02
3.175090179443359375e+02
3.175473930835723877e+02
3.175674355030059814e+02
3.175871660709381104e+02
3.176073546409606934e+02
3.176272549629211426e+02
3.176472418308258057e+02
3.176675267219543457e+02
3.176873178482055664e+02
3.177072174549102783e+02
3.177271966934204102e+02
3.177478766441345215e+02
3.177674663066864014e+02
3.177872998714447021e+02
3.178071987628936768e+02
3.178273246288299561e+02
3.178473298549652100e+02
3.178673326969146729e+02
3.178873982429504395e+02
3.179073998928070068e+02
3.179269022941589355e+02
3.179471929073333740e+02
3.179678533077239990e+02
3.179866516590118408e+02
3.180073168277740479e+02
3.180280399322509766e+02
3.180474865436553955e+02
3.180672030448913574e+02
3.180869801044464111e+02
3.181071445941925049e+02
3.181272673606872559e+02
3.181474175453186035e+02
3.181677136421203613e+02
3.181877644062042236e+02
3.182076489925384521e+02
3.182271418571472168e+02
3.182471511363983154e+02
3.182675006389617920e+02
3.182873246669769287e+02
3.183078799247741699e+02
3.183276410102844238e+02
3.183477096557617188e+02
3.183669254779815674e+02
3.183873977661132812e+02
3.184074282646179199e+02
3.184273414611816406e+02
3.184470279216766357e+02
3.184672262668609619e+02
3.184867513179779053e+02
3.185071783065795898e+02
3.185266528129577637e+02
3.185473303794860840e+02
3.185675265789031982e+02
3.185876088142395020e+02
3.186066203117370605e+02
3.186278467178344727e+02
3.186474621295928955e+02
3.186672017574310303e+02
3.186874227523803711e+02
3.187071835994720459e+02
3.187276544570922852e+02
3.187473957538604736e+02
3.187678105831146240e+02
3.187871572971343994e+02
3.188077645301818848e+02
3.188275151252746582e+02
3.188469066619873047e+02
3.188674521446228027e+02
3.188866221904754639e+02
3.189075210094451904e+02
3.189268863201141357e+02
3.189469549655914307e+02
3.189676425457000732e+02
3.189874072074890137e+02
3.190068075656890869e+02
3.190276653766632080e+02
3.190475237369537354e+02
3.190678186416625977e+02
3.190874638557434082e+02
3.191078400611877441e+02
3.191275806427001953e+02
3.191471681594848633e+02
3.191672377586364746e+02
3.191868593692779541e+02
3.192075088024139404e+02
3.192269024848937988e+02
3.192477414608001709e+02
3.192673957347869873e+02
3.192872035503387451e+02
3.193066501617431641e+02
3.193275465965270996e+02
3.193474855422973633e+02
3.193672220706939697e+02
3.193874049186706543e+02
3.194072678089141846e+02
3.194273228645324707e+02
3.194474680423736572e+02
3.194675621986389160e+02
3.194871225357055664e+02
3.195077097415924072e+02
3.195269379615783691e+02
3.195478045940399170e+02
3.195668799877166748e+02
3.195870938301086426e+02
3.196077857017517090e+02
3.196269681453704834e+02
3.196472065448760986e+02
3.196676769256591797e+02
3.196871674060821533e+02
3.197068040370941162e+02
3.197282950878143311e+02
3.197471740245819092e+02
3.197669525146484375e+02
3.197871809005737305e+02
3.198074519634246826e+02
3.198274242877960205e+02
3.198467645645141602e+02
3.198676927089691162e+02
3.198871750831604004e+02
3.199070034027099609e+02
3.199272196292877197e+02
3.199474596977233887e+02
3.199672255516052246e+02
3.199871451854705811e+02
3.200075111389160156e+02
3.200269258022308350e+02
3.200471186637878418e+02
3.200674498081207275e+02
3.200872044563293457e+02
3.201069118976593018e+02
3.201362965106964111e+02
3.201559777259826660e+02
3.201758489608764648e+02
3.201961014270782471e+02
3.202158796787261963e+02
3.202359125614166260e+02
3.202556090354919434e+02
3.202758877277374268e+02
3.202959828376770020e+02
3.203160157203674316e+02
3.203360953330993652e+02
3.203559794425964355e+02
3.203758385181427002e+02
3.203960080146789551e+02
3.204158854484558105e+02
3.204358937740325928e+02
3.204558329582214355e+02
3.204758584499359131e+02
3.204958400726318359e+02
3.205159022808074951e+02
3.205364639759063721e+02
3.205565948486328125e+02
3.205758767127990723e+02
3.205963640213012695e+02
3.206161739826202393e+02
3.206363644599914551e+02
3.206562156677246094e+02
3.206764037609100342e+02
3.206965293884277344e+02
3.207163655757904053e+02
3.207363507747650146e+02
3.207564332485198975e+02
3.207764151096343994e+02
3.207962179183959961e+02
3.208163974285125732e+02
3.208362159729003906e+02
3.208565394878387451e+02
3.208764171600341797e+02
3.208963034152984619e+02
3.209161543846130371e+02
3.209362542629241943e+02
3.209564301967620850e+02
3.209762516021728516e+02
3.209965333938598633e+02
3.210162847042083740e+02
3.210363306999206543e+02
3.210560724735260010e+02
3.210809624195098877e+02
3.211010751724243164e+02
3.211208922863006592e+02
3.211410520076751709e+02
3.211616575717926025e+02
3.211800951957702637e+02
3.212017211914062500e+02
3.212201495170593262e+02
3.212406017780303955e+02
3.212607553005218506e+02
3.212806198596954346e+02
3.213004939556121826e+02
3.213207256793975830e+02
3.213430149555206299e+02
3.213600225448608398e+02
3.213816542625427246e+02
3.214068939685821533e+02
3.214361591339111328e+02
3.214552361965179443e+02
3.214754617214202881e+02
3.214961183071136475e+02
3.215147380828857422e+02
3.215347981452941895e+02
3.215547521114349365e+02
3.215760910511016846e+02
3.215948402881622314e+02
3.216147484779357910e+02
3.216348307132720947e+02
3.216558148860931396e+02
3.216747710704803467e+02
3.216947913169860840e+02
3.217157864570617676e+02
3.217348885536193848e+02
3.217547354698181152e+02
3.217747664451599121e+02
3.217947735786437988e+02
3.218147327899932861e+02
3.218348329067230225e+02
3.218547616004943848e+02
3.218748095035552979e+02
3.218947858810424805e+02
3.219155161380767822e+02
3.219357070922851562e+02
3.219553120136260986e+02
3.219753091335296631e+02
3.219957280158996582e+02
3.220165660381317139e+02
3.220359883308410645e+02
3.220556597709655762e+02
3.220758323669433594e+02
3.220956120491027832e+02
3.221159176826477051e+02
3.221355340480804443e+02
3.221557722091674805e+02
3.221758446693420410e+02
3.221954667568206787e+02
3.222151696681976318e+02
3.222359840869903564e+02
3.222556333541870117e+02
3.222758464813232422e+02
3.222957081794738770e+02
3.223158390522003174e+02
3.223357710838317871e+02
3.223556993007659912e+02
3.223758137226104736e+02
3.223957948684692383e+02
3.224157834053039551e+02
3.224352617263793945e+02
3.224558994770050049e+02
3.224758477210998535e+02
3.224956722259521484e+02
3.225157482624053955e+02
3.225358047485351562e+02
3.225558898448944092e+02
3.225818760395050049e+02
3.226024417877197266e+02
3.226220028400421143e+02
3.226416790485382080e+02
3.226617772579193115e+02
3.226817638874053955e+02
3.227018539905548096e+02
3.227217156887054443e+02
3.227416830062866211e+02
3.227620339393615723e+02
3.227817647457122803e+02
3.228017492294311523e+02
3.228219597339630127e+02
3.228417448997497559e+02
3.228618955612182617e+02
3.228818500041961670e+02
3.229017481803894043e+02
3.229216241836547852e+02
3.229416570663452148e+02
3.229616892337799072e+02
3.229818429946899414e+02
3.230017302036285400e+02
3.230215966701507568e+02
3.230418245792388916e+02
3.230617022514343262e+02
3.230819444656372070e+02
3.231026189327239990e+02
3.231218678951263428e+02
3.231417155265808105e+02
3.231610631942749023e+02
3.231820266246795654e+02
3.232015094757080078e+02
3.232220239639282227e+02
3.232413661479949951e+02
3.232622735500335693e+02
3.232814509868621826e+02
3.233009784221649170e+02
3.233218650817871094e+02
3.233417472839355469e+02
3.233609876632690430e+02
3.233810966014862061e+02
3.234012670516967773e+02
3.234218809604644775e+02
3.234416096210479736e+02
3.234617238044738770e+02
3.234817242622375488e+02
3.235018215179443359e+02
3.235222434997558594e+02
3.235409789085388184e+02
3.235617082118988037e+02
3.235816617012023926e+02
3.236017305850982666e+02
3.236216883659362793e+02
3.236417646408081055e+02
3.236739730834960938e+02
3.236946957111358643e+02
3.237138609886169434e+02
3.237339999675750732e+02
3.237537605762481689e+02
3.237742052078247070e+02
3.237932994365692139e+02
3.238142037391662598e+02
3.238338644504547119e+02
3.238542180061340332e+02
3.238737142086029053e+02
3.238938202857971191e+02
3.239145195484161377e+02
3.239335350990295410e+02
3.239536778926849365e+02
3.239737863540649414e+02
3.239933865070343018e+02
3.240184204578399658e+02
3.240383358001708984e+02
3.240580775737762451e+02
3.240782945156097412e+02
3.240984573364257812e+02
3.241180670261383057e+02
3.241382730007171631e+02
3.241574409008026123e+02
3.241776008605957031e+02
3.241973693370819092e+02
3.242182681560516357e+02
3.242382817268371582e+02
3.242583379745483398e+02
3.242780938148498535e+02
3.242987964153289795e+02
3.243180289268493652e+02
3.243380854129791260e+02
3.243579368591308594e+02
3.243775162696838379e+02
3.243974967002868652e+02
3.244181058406829834e+02
3.244381260871887207e+02
3.244582617282867432e+02
3.244781610965728760e+02
3.244982230663299561e+02
3.245180540084838867e+02
3.245380332469940186e+02
3.245579421520233154e+02
3.245786933898925781e+02
3.245981469154357910e+02
3.246180589199066162e+02
3.246380867958068848e+02
3.246578202247619629e+02
3.246789796352386475e+02
3.246978149414062500e+02
3.247176067829132080e+02
3.247377707958221436e+02
3.247589812278747559e+02
3.247782380580902100e+02
3.247980258464813232e+02
3.248180584907531738e+02
3.248380224704742432e+02
3.248590052127838135e+02
3.248778152465820312e+02
3.248988246917724609e+02
3.249180636405944824e+02
3.249382405281066895e+02
3.249585196971893311e+02
3.249787518978118896e+02
3.249984121322631836e+02
3.250186181068420410e+02
3.250387187004089355e+02
3.250581138134002686e+02
3.250784034729003906e+02
3.250985696315765381e+02
3.251179966926574707e+02
3.251385371685028076e+02
3.251582369804382324e+02
3.251789860725402832e+02
3.251980764865875244e+02
3.252180151939392090e+02
3.252382550239562988e+02
3.252580957412719727e+02
3.252826771736145020e+02
3.253024108409881592e+02
3.253223564624786377e+02
3.253424904346466064e+02
3.253623409271240234e+02
3.253824512958526611e+02
3.254024059772491455e+02
3.254226291179656982e+02
3.254423165321350098e+02
3.254623818397521973e+02
3.254825229644775391e+02
3.255025799274444580e+02
3.255223729610443115e+02
3.255427916049957275e+02
3.255629279613494873e+02
3.255826814174652100e+02
3.256023588180541992e+02
3.256223638057708740e+02
3.256425929069519043e+02
3.256626181602478027e+02
3.256824095249176025e+02
3.257024812698364258e+02
3.257223217487335205e+02
3.257420520782470703e+02
3.257626290321350098e+02
3.257826898097991943e+02
3.258090038299560547e+02
3.258281605243682861e+02
3.258486733436584473e+02
3.258681161403656006e+02
3.258881738185882568e+02
3.259082982540130615e+02
3.259286105632781982e+02
3.259482135772705078e+02
3.259687848091125488e+02
3.259878137111663818e+02
3.260077278614044189e+02
3.260303580760955811e+02
3.260478758811950684e+02
3.260678031444549561e+02
3.260878553390502930e+02
3.261077148914337158e+02
3.261277086734771729e+02
3.261477823257446289e+02
3.261676197052001953e+02
3.261877541542053223e+02
3.262078342437744141e+02
3.262284467220306396e+02
3.262482690811157227e+02
3.262680857181549072e+02
3.262881603240966797e+02
3.263081300258636475e+02
3.263278431892395020e+02
3.263482756614685059e+02
3.263678102493286133e+02
3.263884603977203369e+02
3.264081399440765381e+02
3.264281470775604248e+02
3.264481592178344727e+02
3.264681067466735840e+02
3.264882535934448242e+02
3.265080392360687256e+02
3.265284357070922852e+02
3.265492582321166992e+02
3.265679347515106201e+02
3.265887982845306396e+02
3.266076400279998779e+02
3.266281599998474121e+02
3.266483037471771240e+02
3.266682269573211670e+02
3.266881833076477051e+02
3.267074556350708008e+02
3.267283105850219727e+02
3.267479345798492432e+02
3.267689731121063232e+02
3.267874636650085449e+02
3.268090746402740479e+02
3.268279204368591309e+02
3.268482048511505127e+02
3.268677785396575928e+02
3.268880829811096191e+02
3.269081022739410400e+02
3.269294340610504150e+02
3.269483885765075684e+02
3.269689819812774658e+02
3.269882233142852783e+02
3.270082452297210693e+02
3.270288970470428467e+02
3.270479340553283691e+02
3.270687990188598633e+02
3.270884730815887451e+02
3.271081931591033936e+02
3.271284399032592773e+02
3.271485345363616943e+02
3.271680417060852051e+02
3.271884160041809082e+02
3.272089283466339111e+02
3.272277476787567139e+02
3.272487304210662842e+02
3.272686583995819092e+02
3.272889177799224854e+02
3.273084931373596191e+02
3.273276259899139404e+02
3.273488893508911133e+02
3.273677117824554443e+02
3.273890364170074463e+02
3.274076924324035645e+02
3.274282758235931396e+02
3.274481923580169678e+02
3.274684398174285889e+02
3.274882719516754150e+02
3.275080785751342773e+02
3.275277185440063477e+02
3.275481259822845459e+02
3.275689761638641357e+02
3.275877254009246826e+02
3.276084835529327393e+02
3.276277878284454346e+02
3.276474878787994385e+02
3.276681904792785645e+02
3.276881840229034424e+02
3.277077310085296631e+02
3.277282869815826416e+02
3.277481744289398193e+02
3.277677860260009766e+02
3.277881348133087158e+02
3.278084552288055420e+02
3.278282599449157715e+02
3.278486163616180420e+02
3.278674290180206299e+02
3.278881223201751709e+02
3.279083147048950195e+02
3.279281959533691406e+02
3.279480948448181152e+02
3.279676673412322998e+02
3.279883861541748047e+02
3.280082566738128662e+02
3.280292501449584961e+02
3.280481927394866943e+02
3.280681498050689697e+02
3.280876803398132324e+02
3.281084854602813721e+02
3.281277499198913574e+02
3.281474959850311279e+02
3.281684653759002686e+02
3.281880660057067871e+02
3.282079706192016602e+02
3.282281641960144043e+02
3.282480740547180176e+02
3.282680222988128662e+02
3.282881524562835693e+02
3.283091065883636475e+02
3.283277199268341064e+02
3.283490877151489258e+02
3.283677000999450684e+02
3.283890128135681152e+02
3.284080088138580322e+02
3.284286971092224121e+02
3.284476711750030518e+02
3.284681835174560547e+02
3.284881653785705566e+02
3.285081846714019775e+02
3.285281648635864258e+02
3.285481894016265869e+02
3.285680429935455322e+02
3.285881221294403076e+02
3.286083219051361084e+02
3.286280944347381592e+02
3.286483156681060791e+02
3.286719503402709961e+02
3.286927874088287354e+02
3.287123486995697021e+02
3.287330708503723145e+02
3.287522301673889160e+02
3.287723772525787354e+02
3.287923028469085693e+02
3.288131995201110840e+02
3.288319728374481201e+02
3.288529269695281982e+02
3.288719625473022461e+02
3.288927340507507324e+02
3.289119405746459961e+02
3.289325919151306152e+02
3.289522500038146973e+02
3.289725594520568848e+02
3.289921889305114746e+02
3.290120096206665039e+02
3.290332098007202148e+02
3.290519554615020752e+02
3.290723161697387695e+02
3.290920734405517578e+02
3.291127176284790039e+02
3.291327440738677979e+02
3.291526286602020264e+02
3.291724195480346680e+02
3.291919770240783691e+02
3.292128777503967285e+02
3.292319648265838623e+02
3.292525033950805664e+02
3.292718327045440674e+02
3.292923064231872559e+02
3.293128948211669922e+02
3.293321988582611084e+02
3.293523378372192383e+02
3.293727025985717773e+02
3.293922932147979736e+02
3.294124674797058105e+02
3.294322998523712158e+02
3.294524135589599609e+02
3.294724254608154297e+02
3.294927897453308105e+02
3.295124552249908447e+02
3.295322506427764893e+02
3.295522506237030029e+02
3.295718934535980225e+02
3.295925040245056152e+02
3.296116750240325928e+02
3.296323909759521484e+02
3.296522972583770752e+02
3.296723968982696533e+02
3.296921675205230713e+02
3.297122704982757568e+02
3.297322902679443359e+02
3.297537021636962891e+02
3.297723236083984375e+02
3.297923636436462402e+02
3.298128149509429932e+02
3.298329946994781494e+02
3.298523166179656982e+02
3.298729715347290039e+02
3.298949167728424072e+02
3.299126749038696289e+02
3.299324300289154053e+02
3.299523644447326660e+02
3.299726119041442871e+02
3.299923532009124756e+02
3.300124878883361816e+02
3.300345470905303955e+02
3.300523145198822021e+02
3.300730633735656738e+02
3.300922236442565918e+02
3.301120986938476562e+02
3.301331064701080322e+02
3.301523759365081787e+02
3.301731081008911133e+02
3.301923494338989258e+02
3.302125117778778076e+02
3.302328526973724365e+02
3.302527639865875244e+02
3.302729272842407227e+02
3.302922155857086182e+02
3.303122603893280029e+02
3.303326516151428223e+02
3.303523042201995850e+02
3.303727889060974121e+02
3.303920841217041016e+02
3.304121673107147217e+02
3.304323892593383789e+02
3.304522647857666016e+02
3.304729015827178955e+02
3.304924111366271973e+02
3.305125207901000977e+02
3.305323369503021240e+02
3.305522141456604004e+02
3.305727913379669189e+02
3.305917575359344482e+02
3.306129467487335205e+02
3.306316399574279785e+02
3.306517965793609619e+02
3.306731059551239014e+02
3.306923241615295410e+02
3.307121891975402832e+02
3.307317233085632324e+02
3.307523448467254639e+02
3.307721354961395264e+02
3.307921955585479736e+02
3.308122992515563965e+02
3.308322839736938477e+02
3.308521707057952881e+02
3.308723089694976807e+02
3.308923988342285156e+02
3.309122333526611328e+02
3.309319028854370117e+02
3.309522032737731934e+02
3.309728038311004639e+02
3.309925506114959717e+02
3.310121667385101318e+02
3.310330972671508789e+02
3.310523300170898438e+02
3.310723028182983398e+02
3.310923559665679932e+02
3.311124801635742188e+02
3.311333355903625488e+02
3.311524870395660400e+02
3.311727817058563232e+02
3.311923713684082031e+02
3.312123270034790039e+02
3.312322170734405518e+02
3.312524576187133789e+02
3.312731463909149170e+02
3.312929542064666748e+02
3.313130528926849365e+02
3.313321564197540283e+02
3.313524224758148193e+02
3.313726360797882080e+02
3.313923554420471191e+02
3.314123377799987793e+02
3.314323883056640625e+02
3.314525642395019531e+02
3.314727094173431396e+02
3.314929482936859131e+02
3.315125184059143066e+02
3.315327849388122559e+02
3.315522971153259277e+02
3.315726032257080078e+02
3.315927011966705322e+02
3.316125230789184570e+02
3.316329331398010254e+02
3.316528811454772949e+02
3.316727716922760010e+02
3.316925895214080811e+02
3.317122683525085449e+02
3.317323246002197266e+02
3.317522718906402588e+02
3.317722885608673096e+02
3.317922911643981934e+02
3.318125929832458496e+02
3.318325469493865967e+02
3.318524017333984375e+02
3.318729598522186279e+02
3.318925857543945312e+02
3.319123628139495850e+02
3.319331240653991699e+02
3.319529132843017578e+02
3.319728353023529053e+02
3.319928689002990723e+02
3.320124926567077637e+02
3.320330364704132080e+02
3.320530557632446289e+02
3.320782630443572998e+02
3.321036159992218018e+02
3.321234130859375000e+02
3.321431758403778076e+02
3.321639883518218994e+02
3.321834611892700195e+02
3.322038009166717529e+02
3.322238419055938721e+02
3.322438325881958008e+02
3.322638964653015137e+02
3.322827398777008057e+02
3.323027675151824951e+02
3.323228611946105957e+02
3.323436212539672852e+02
3.323639233112335205e+02
3.323838226795196533e+02
3.324093010425567627e+02
3.324292869567871094e+02
3.324492805004119873e+02
3.324692423343658447e+02
3.324887115955352783e+02
3.325093977451324463e+02
3.325291786193847656e+02
3.325493814945220947e+02
3.325693325996398926e+02
3.325893180370330811e+02
3.326089906692504883e+02
3.326298351287841797e+02
3.326487238407135010e+02
3.326684896945953369e+02
3.326888015270233154e+02
3.327082641124725342e+02
3.327295329570770264e+02
3.327484827041625977e+02
3.327692661285400391e+02
3.327892935276031494e+02
3.328092243671417236e+02
3.328294932842254639e+02
3.328490402698516846e+02
3.328695576190948486e+02
3.328890283107757568e+02
3.329093101024627686e+02
3.329293222427368164e+02
3.329492416381835938e+02
3.329690737724304199e+02
3.329892108440399170e+02
3.330092895030975342e+02
3.330291395187377930e+02
3.330492107868194580e+02
3.330690233707427979e+02
3.330887804031372070e+02
3.331088135242462158e+02
3.331293840408325195e+02
3.331489338874816895e+02
3.331693260669708252e+02
3.331891062259674072e+02
3.332092099189758301e+02
3.332295193672180176e+02
3.332484493255615234e+02
3.332690091133117676e+02
3.332886977195739746e+02
3.333095343112945557e+02
3.333289055824279785e+02
3.333481583595275879e+02
3.333689141273498535e+02
3.333888139724731445e+02
3.334088530540466309e+02
3.334290020465850830e+02
3.334488294124603271e+02
3.334685018062591553e+02
3.334894156455993652e+02
3.335085163116455078e+02
3.335290389060974121e+02
3.335485496520996094e+02
3.335691955089569092e+02
3.335884664058685303e+02
3.336088790893554688e+02
3.336284465789794922e+02
3.336494247913360596e+02
3.336685090065002441e+02
3.336889708042144775e+02
3.337089428901672363e+02
3.337287561893463135e+02
3.337484850883483887e+02
3.337687845230102539e+02
3.337891681194305420e+02
3.338088374137878418e+02
3.338289320468902588e+02
3.338489818572998047e+02
3.338689072132110596e+02
3.338888218402862549e+02
3.339088501930236816e+02
3.339288754463195801e+02
3.339489924907684326e+02
3.339688432216644287e+02
3.339889566898345947e+02
3.340088527202606201e+02
3.340288510322570801e+02
3.340487267971038818e+02
3.340689313411712646e+02
3.340886731147766113e+02
3.341088001728057861e+02
3.341287965774536133e+02
3.341490504741668701e+02
3.341694376468658447e+02
3.341886937618255615e+02
3.342086815834045410e+02
3.342292931079864502e+02
3.342490575313568115e+02
3.342687118053436279e+02
3.342889413833618164e+02
3.343089990615844727e+02
3.343288724422454834e+02
3.343491256237030029e+02
3.343688066005706787e+02
3.343888115882873535e+02
3.344094457626342773e+02
3.344288353919982910e+02
3.344489598274230957e+02
3.344688878059387207e+02
3.344888796806335449e+02
3.345089941024780273e+02
3.345289945602416992e+02
3.345491342544555664e+02
3.345688288211822510e+02
3.345889272689819336e+02
3.346086022853851318e+02
3.346289839744567871e+02
3.346485235691070557e+02
3.346689152717590332e+02
3.346888999938964844e+02
3.347088758945465088e+02
3.347287716865539551e+02
3.347488780021667480e+02
3.347689139842987061e+02
3.347888782024383545e+02
3.348089656829833984e+02
3.348290381431579590e+02
3.348488771915435791e+02
3.348689901828765869e+02
3.348887956142425537e+02
3.349089372158050537e+02
3.349292616844177246e+02
3.349489357471466064e+02
3.349685080051422119e+02
3.349884798526763916e+02
3.350084578990936279e+02
3.350284779071807861e+02
3.350488734245300293e+02
3.350690672397613525e+02
3.350888776779174805e+02
3.351089076995849609e+02
3.351291666030883789e+02
3.351488754749298096e+02
3.351690008640289307e+02
3.351889982223510742e+02
3.352087981700897217e+02
3.352289838790893555e+02
3.352490160465240479e+02
3.352689497470855713e+02
3.352890064716339111e+02
3.353089318275451660e+02
3.353289451599121094e+02
3.353489165306091309e+02
3.353690655231475830e+02
3.353889431953430176e+02
3.354085340499877930e+02
3.354281783103942871e+02
3.354486739635467529e+02
3.354686584472656250e+02
3.354885017871856689e+02
3.355088357925415039e+02
3.355285000801086426e+02
3.355490484237670898e+02
3.355690202713012695e+02
3.355888895988464355e+02
3.356089689731597900e+02
3.356284515857696533e+02
3.356485826969146729e+02
3.356685197353363037e+02
3.356886625289916992e+02
3.357088434696197510e+02
3.357289781570434570e+02
3.357489204406738281e+02
3.357689332962036133e+02
3.357889070510864258e+02
3.358096051216125488e+02
3.358287601470947266e+02
3.358484718799591064e+02
3.358687391281127930e+02
3.358890540599822998e+02
3.359086380004882812e+02
3.359288766384124756e+02
3.359486253261566162e+02
3.359691438674926758e+02
3.359885678291320801e+02
3.360091302394866943e+02
3.360295505523681641e+02
3.360488269329071045e+02
3.360684738159179688e+02
3.360888426303863525e+02
3.361091606616973877e+02
3.361284625530242920e+02
3.361484684944152832e+02
3.361684811115264893e+02
3.361895253658294678e+02
3.362085635662078857e+02
3.362284352779388428e+02
3.362495439052581787e+02
3.362684369087219238e+02
3.362891955375671387e+02
3.363084309101104736e+02
3.363290257453918457e+02
3.363544712066650391e+02
3.363738386631011963e+02
3.363945388793945312e+02
3.364146292209625244e+02
3.364344434738159180e+02
3.364544649124145508e+02
3.364743485450744629e+02
3.364939723014831543e+02
3.365147640705108643e+02
3.365343534946441650e+02
3.365545039176940918e+02
3.365744915008544922e+02
3.365943951606750488e+02
3.366146190166473389e+02
3.366343345642089844e+02
3.366542713642120361e+02
3.366742122173309326e+02
3.366939508914947510e+02
3.367144496440887451e+02
3.367341427803039551e+02
3.367544498443603516e+02
3.367744150161743164e+02
3.367940387725830078e+02
3.368145782947540283e+02
3.368340549468994141e+02
3.368544180393218994e+02
3.368743259906768799e+02
3.368941895961761475e+02
3.369143869876861572e+02
3.369344396591186523e+02
3.369543964862823486e+02
3.369743049144744873e+02
3.369943392276763916e+02
3.370144302845001221e+02
3.370341305732727051e+02
3.370542390346527100e+02
3.370743386745452881e+02
3.370942459106445312e+02
3.371144573688507080e+02
3.371345717906951904e+02
3.371544907093048096e+02
3.371743714809417725e+02
3.371943271160125732e+02
3.372144114971160889e+02
3.372339127063751221e+02
3.372544806003570557e+02
3.372745046615600586e+02
3.372938697338104248e+02
3.373147687911987305e+02
3.373339805603027344e+02
3.373539600372314453e+02
3.373739075660705566e+02
3.373941240310668945e+02
3.374152069091796875e+02
3.374333059787750244e+02
3.374547035694122314e+02
3.374743385314941406e+02
3.374938070774078369e+02
3.375139398574829102e+02
3.375333034992218018e+02
3.375543196201324463e+02
3.375740427970886230e+02
3.375944128036499023e+02
3.376136085987091064e+02
3.376339626312255859e+02
3.376540181636810303e+02
3.376741144657135010e+02
3.376940565109252930e+02
3.377136232852935791e+02
3.377342212200164795e+02
3.377541351318359375e+02
3.377740132808685303e+02
3.377939531803131104e+02
3.378139758110046387e+02
3.378339858055114746e+02
3.378540921211242676e+02
3.378740451335906982e+02
3.378941459655761719e+02
3.379147653579711914e+02
3.379339652061462402e+02
3.379539029598236084e+02
3.379734301567077637e+02
3.379948992729187012e+02
3.380139975547790527e+02
3.380339102745056152e+02
3.380540585517883301e+02
3.380738391876220703e+02
3.380940659046173096e+02
3.381139132976531982e+02
3.381353998184204102e+02
3.381539757251739502e+02
3.381740536689758301e+02
3.381938991546630859e+02
3.382137091159820557e+02
3.382341382503509521e+02
3.382542526721954346e+02
3.382740001678466797e+02
3.382941858768463135e+02
3.383133466243743896e+02
3.383342425823211670e+02
3.383540806770324707e+02
3.383744847774505615e+02
3.383933207988739014e+02
3.384144096374511719e+02
3.384343223571777344e+02
3.384542655944824219e+02
3.384739465713500977e+02
3.384940209388732910e+02
3.385140872001647949e+02
3.385340676307678223e+02
3.385541858673095703e+02
3.385739476680755615e+02
3.385939984321594238e+02
3.386138741970062256e+02
3.386338951587677002e+02
3.386540420055389404e+02
3.386741499900817871e+02
3.386936306953430176e+02
3.387141559123992920e+02
3.387340054512023926e+02
3.387541849613189697e+02
3.387738316059112549e+02
3.387939565181732178e+02
3.388138213157653809e+02
3.388342449665069580e+02
3.388544881343841553e+02
3.388743050098419189e+02
3.388943860530853271e+02
3.389133143424987793e+02
3.389340262413024902e+02
3.389540388584136963e+02
3.389742424488067627e+02
3.389941768646240234e+02
3.390141625404357910e+02
3.390342788696289062e+02
3.390545728206634521e+02
3.390741982460021973e+02
3.390943548679351807e+02
3.391134426593780518e+02
3.391342241764068604e+02
3.391534111499786377e+02
3.391748945713043213e+02
3.391934256553649902e+02
3.392143690586090088e+02
3.392333018779754639e+02
3.392542402744293213e+02
3.392742979526519775e+02
3.392943587303161621e+02
3.393143684864044189e+02
3.393341643810272217e+02
3.393537070751190186e+02
3.393746235370635986e+02
3.393937621116638184e+02
3.394149920940399170e+02
3.394337768554687500e+02
3.394539976119995117e+02
3.394747617244720459e+02
3.394933626651763916e+02
3.395193853378295898e+02
3.395412919521331787e+02
3.395597705841064453e+02
3.395798456668853760e+02
3.395997889041900635e+02
3.396199879646301270e+02
3.396396327018737793e+02
3.396599004268646240e+02
3.396801481246948242e+02
3.397002451419830322e+02
3.397196543216705322e+02
3.397410268783569336e+02
3.397597210407257080e+02
3.397798836231231689e+02
3.397996702194213867e+02
3.398197858333587646e+02
3.398396408557891846e+02
3.398596844673156738e+02
3.398796889781951904e+02
3.398997466564178467e+02
3.399201688766479492e+02
3.399396443367004395e+02
3.399597656726837158e+02
3.399797801971435547e+02
3.399999439716339111e+02
3.400197064876556396e+02
3.400391829013824463e+02
3.400591621398925781e+02
3.400797519683837891e+02
3.400997610092163086e+02
3.401194174289703369e+02
3.401410920619964600e+02
3.401596231460571289e+02
3.401797013282775879e+02
3.401998231410980225e+02
3.402196185588836670e+02
3.402397124767303467e+02
3.402596309185028076e+02
3.402799632549285889e+02
3.402997825145721436e+02
3.403197023868560791e+02
3.403396720886230469e+02
3.403597397804260254e+02
3.403798267841339111e+02
3.403993804454803467e+02
3.404205963611602783e+02
3.404400022029876709e+02
3.404595873355865479e+02
3.404796113967895508e+02
3.404997329711914062e+02
3.405197341442108154e+02
3.405396838188171387e+02
3.405596380233764648e+02
3.405797238349914551e+02
3.406001534461975098e+02
3.406196293830871582e+02
3.406398348808288574e+02
3.406665267944335938e+02
3.406855990886688232e+02
3.407057917118072510e+02
3.407256679534912109e+02
3.407457406520843506e+02
3.407659845352172852e+02
3.407855477333068848e+02
3.408057272434234619e+02
3.408262157440185547e+02
3.408456225395202637e+02
3.408657317161560059e+02
3.408854179382324219e+02
3.409056210517883301e+02
3.409253976345062256e+02
3.409454185962677002e+02
3.409654750823974609e+02
3.409852464199066162e+02
3.410055058002471924e+02
3.410254657268524170e+02
3.410455729961395264e+02
3.410652637481689453e+02
3.410852847099304199e+02
3.411055495738983154e+02
3.411253802776336670e+02
3.411456363201141357e+02
3.411661405563354492e+02
3.411857247352600098e+02
3.412060327529907227e+02
3.412252686023712158e+02
3.412456881999969482e+02
3.412652797698974609e+02
3.412855789661407471e+02
3.413058590888977051e+02
3.413257794380187988e+02
3.413457601070404053e+02
3.413653857707977295e+02
3.413862228393554688e+02
3.414056041240692139e+02
3.414263730049133301e+02
3.414463937282562256e+02
3.414656498432159424e+02
3.414850826263427734e+02
3.415050179958343506e+02
3.415257894992828369e+02
3.415459105968475342e+02
3.415656590461730957e+02
3.415856783390045166e+02
3.416057074069976807e+02
3.416255812644958496e+02
3.416466670036315918e+02
3.416656544208526611e+02
3.416851413249969482e+02
3.417057859897613525e+02
3.417268078327178955e+02
3.417455120086669922e+02
3.417655296325683594e+02
3.417856228351593018e+02
3.418055822849273682e+02
3.418256390094757080e+02
3.418455970287322998e+02
3.418656308650970459e+02
3.418855597972869873e+02
3.419056870937347412e+02
3.419251713752746582e+02
3.419452521800994873e+02
3.419656395912170410e+02
3.419856040477752686e+02
3.420055975914001465e+02
3.420255990028381348e+02
3.420460221767425537e+02
3.420653660297393799e+02
3.420864605903625488e+02
3.421063320636749268e+02
3.421253869533538818e+02
3.421461985111236572e+02
3.421660780906677246e+02
3.421861574649810791e+02
3.422056951522827148e+02
3.422256789207458496e+02
3.422458543777465820e+02
3.422658765316009521e+02
3.422856824398040771e+02
3.423056979179382324e+02
3.423250453472137451e+02
3.423462965488433838e+02
3.423656363487243652e+02
3.423854851722717285e+02
3.424056081771850586e+02
3.424257900714874268e+02
3.424457252025604248e+02
3.424656879901885986e+02
3.424858331680297852e+02
3.425057542324066162e+02
3.425262038707733154e+02
3.425461652278900146e+02
3.425659551620483398e+02
3.425859932899475098e+02
3.426057949066162109e+02
3.426262621879577637e+02
3.426456849575042725e+02
3.426658809185028076e+02
3.426856706142425537e+02
3.427056558132171631e+02
3.427264719009399414e+02
3.427461750507354736e+02
3.427661573886871338e+02
3.427859432697296143e+02
3.428060030937194824e+02
3.428260788917541504e+02
3.428462264537811279e+02
3.428654091358184814e+02
3.428857297897338867e+02
3.429063365459442139e+02
3.429254224300384521e+02
3.429461417198181152e+02
3.429650018215179443e+02
3.429850194454193115e+02
3.430050530433654785e+02
3.430261878967285156e+02
3.430451543331146240e+02
3.430650687217712402e+02
3.430850977897644043e+02
3.431055033206939697e+02
3.431250486373901367e+02
3.431455934047698975e+02
3.431660711765289307e+02
3.431850750446319580e+02
3.432058515548706055e+02
3.432250375747680664e+02
3.432455332279205322e+02
3.432658159732818604e+02
3.432855856418609619e+02
3.433065633773803711e+02
3.433254902362823486e+02
3.433464894294738770e+02
3.433657636642456055e+02
3.433861575126647949e+02
3.434062108993530273e+02
3.434256165027618408e+02
3.434456579685211182e+02
3.434655590057373047e+02
3.434860720634460449e+02
3.435053257942199707e+02
3.435257048606872559e+02
3.435506634712219238e+02
3.435699083805084229e+02
3.435898311138153076e+02
3.436095716953277588e+02
3.436300070285797119e+02
3.436495103836059570e+02
3.436696307659149170e+02
3.436897025108337402e+02
3.437099468708038330e+02
3.437294735908508301e+02
3.437498402595520020e+02
3.437704737186431885e+02
3.437898890972137451e+02
3.438095917701721191e+02
3.438294005393981934e+02
3.438494119644165039e+02
3.438692731857299805e+02
3.438900480270385742e+02
3.439098424911499023e+02
3.439298915863037109e+02
3.439502224922180176e+02
3.439697299003601074e+02
3.439897503852844238e+02
3.440093038082122803e+02
3.440303061008453369e+02
3.440499312877655029e+02
3.440698819160461426e+02
3.440898306369781494e+02
3.441099438667297363e+02
3.441297700405120850e+02
3.441498782634735107e+02
3.441700065135955811e+02
3.441896336078643799e+02
3.442094864845275879e+02
3.442303297519683838e+02
3.442498755455017090e+02
3.442700624465942383e+02
3.442900257110595703e+02
3.443098390102386475e+02
3.443301746845245361e+02
3.443498060703277588e+02
3.443701629638671875e+02
3.443892984390258789e+02
3.444099373817443848e+02
3.444306406974792480e+02
3.444495325088500977e+02
3.444697659015655518e+02
3.444897611141204834e+02
3.445100865364074707e+02
3.445298616886138916e+02
3.445501480102539062e+02
3.445698361396789551e+02
3.445901632308959961e+02
3.446099398136138916e+02
3.446303784847259521e+02
3.446497662067413330e+02
3.446697688102722168e+02
3.446897473335266113e+02
3.447098615169525146e+02
3.447303194999694824e+02
3.447502181529998779e+02
3.447702777385711670e+02
3.447898843288421631e+02
3.448099806308746338e+02
3.448302793502807617e+02
3.448498735427856445e+02
3.448698148727416992e+02
3.448898460865020752e+02
3.449099385738372803e+02
3.449298446178436279e+02
3.449498453140258789e+02
3.449703133106231689e+02
3.449908630847930908e+02
3.450091149806976318e+02
3.450297989845275879e+02
3.450502843856811523e+02
3.450700802803039551e+02
3.450897994041442871e+02
3.451098079681396484e+02
3.451305134296417236e+02
3.451499729156494141e+02
3.451698522567749023e+02
3.451901569366455078e+02
3.452099118232727051e+02
3.452300984859466553e+02
3.452499580383300781e+02
3.452699322700500488e+02
3.452899155616760254e+02
3.453098447322845459e+02
3.453304302692413330e+02
3.453492009639739990e+02
3.453699152469635010e+02
3.453899331092834473e+02
3.454098501205444336e+02
3.454298276901245117e+02
3.454497745037078857e+02
3.454695861339569092e+02
3.454900140762329102e+02
3.455093934535980225e+02
3.455299105644226074e+02
3.455497815608978271e+02
3.455698451995849609e+02
3.455899240970611572e+02
3.456098914146423340e+02
3.456296877861022949e+02
3.456513497829437256e+02
3.456697282791137695e+02
3.456903822422027588e+02
3.457096765041351318e+02
3.457296190261840820e+02
3.457510118484497070e+02
3.457697901725769043e+02
3.457902843952178955e+02
3.458096144199371338e+02
3.458298263549804688e+02
3.458498682975769043e+02
3.458698415756225586e+02
3.458899049758911133e+02
3.459097247123718262e+02
3.459298529624938965e+02
3.459498763084411621e+02
3.459702923297882080e+02
3.459897546768188477e+02
3.460099151134490967e+02
3.460298767089843750e+02
3.460498964786529541e+02
3.460698235034942627e+02
3.460896892547607422e+02
3.461090710163116455e+02
3.461303076744079590e+02
3.461510610580444336e+02
3.461696133613586426e+02
3.461897332668304443e+02
3.462098000049591064e+02
3.462298285961151123e+02
3.462503032684326172e+02
3.462697520256042480e+02
3.462896554470062256e+02
3.463099956512451172e+02
3.463317117691040039e+02
3.463496630191802979e+02
3.463723328113555908e+02
3.463898239135742188e+02
3.464119310379028320e+02
3.464302110671997070e+02
3.464495947360992432e+02
3.464699552059173584e+02
3.464900939464569092e+02
3.465101890563964844e+02
3.465298657417297363e+02
3.465500378608703613e+02
3.465706870555877686e+02
3.465902104377746582e+02
3.466099052429199219e+02
3.466302070617675781e+02
3.466504123210906982e+02
3.466697263717651367e+02
3.466905827522277832e+02
3.467098793983459473e+02
3.467308893203735352e+02
3.467495157718658447e+02
3.467697532176971436e+02
3.467896556854248047e+02
3.468098230361938477e+02
3.468308250904083252e+02
3.468499822616577148e+02
3.468695032596588135e+02
3.468898208141326904e+02
3.469099502563476562e+02
3.469298171997070312e+02
3.469497647285461426e+02
3.469697632789611816e+02
3.469900836944580078e+02
3.470099141597747803e+02
3.470297856330871582e+02
3.470498797893524170e+02
3.470699000358581543e+02
3.470897500514984131e+02
3.471099114418029785e+02
3.471299736499786377e+02
3.471497988700866699e+02
3.471698515415191650e+02
3.471903088092803955e+02
3.472097299098968506e+02
3.472299649715423584e+02
3.472501986026763916e+02
3.472698991298675537e+02
3.472898988723754883e+02
3.473097817897796631e+02
3.473300037384033203e+02
3.473495943546295166e+02
3.473697767257690430e+02
3.473898906707763672e+02
3.474098978042602539e+02
3.474295094013214111e+02
3.474497110843658447e+02
3.474695253372192383e+02
3.474899599552154541e+02
3.475096113681793213e+02
3.475302689075469971e+02
3.475503375530242920e+02
3.475691013336181641e+02
3.475898573398590088e+02
3.476098773479461670e+02
3.476293251514434814e+02
3.476496589183807373e+02
3.476698155403137207e+02
3.476895260810852051e+02
3.477098517417907715e+02
3.477296249866485596e+02
3.477499356269836426e+02
3.477699153423309326e+02
3.477897942066192627e+02
3.478098411560058594e+02
3.478298153877258301e+02
3.478497214317321777e+02
3.478698945045471191e+02
3.478897068500518799e+02
3.479099297523498535e+02
3.479306454658508301e+02
3.479494469165802002e+02
3.479707410335540771e+02
3.479896292686462402e+02
3.480097947120666504e+02
3.480299141407012939e+02
3.480504868030548096e+02
3.480694758892059326e+02
3.480906305313110352e+02
3.481098012924194336e+02
3.481303186416625977e+02
3.481497426033020020e+02
3.481698794364929199e+02
3.481897542476654053e+02
3.482097570896148682e+02
3.482300314903259277e+02
3.482498235702514648e+02
3.482699022293090820e+02
3.482898094654083252e+02
3.483101210594177246e+02
3.483298714160919189e+02
3.483498895168304443e+02
3.483694930076599121e+02
3.483898100852966309e+02
3.484095783233642578e+02
3.484301767349243164e+02
3.484494497776031494e+02
3.484699122905731201e+02
3.484901292324066162e+02
3.485097756385803223e+02
3.485302791595458984e+02
3.485494527816772461e+02
3.485706586837768555e+02
3.485895075798034668e+02
3.486105654239654541e+02
3.486295924186706543e+02
3.486499183177947998e+02
3.486698279380798340e+02
3.486897547245025635e+02
3.487102546691894531e+02
3.487297699451446533e+02
3.487490897178649902e+02
3.487698736190795898e+02
3.487898521423339844e+02
3.488098580837249756e+02
3.488302412033081055e+02
3.488499515056610107e+02
3.488698289394378662e+02
3.488895246982574463e+02
3.489097943305969238e+02
3.489299542903900146e+02
3.489498565196990967e+02
3.489697465896606445e+02
3.489896762371063232e+02
3.490092756748199463e+02
3.490293254852294922e+02
3.490493206977844238e+02
3.490692620277404785e+02
3.490892534255981445e+02
3.491098458766937256e+02
3.491297283172607422e+02
3.491493985652923584e+02
3.491697986125946045e+02
3.491898498535156250e+02
3.492102344036102295e+02
3.492297189235687256e+02
3.492499716281890869e+02
3.492699530124664307e+02
3.492901773452758789e+02
3.493097989559173584e+02
3.493299398422241211e+02
3.493497803211212158e+02
3.493699219226837158e+02
3.493897318840026855e+02
3.494098854064941406e+02
3.494301640987396240e+02
3.494499042034149170e+02
3.494698858261108398e+02
3.494897959232330322e+02
3.495098369121551514e+02
3.495299522876739502e+02
3.495495343208312988e+02
3.495700769424438477e+02
3.495893762111663818e+02
3.496099128723144531e+02
3.496298820972442627e+02
3.496505010128021240e+02
3.496702299118041992e+02
3.496897840499877930e+02
3.497091860771179199e+02
3.497293894290924072e+02
3.497504565715789795e+02
3.497700350284576416e+02
3.497905685901641846e+02
3.498093111515045166e+02
3.498306081295013428e+02
3.498504812717437744e+02
3.498699700832366943e+02
3.498898313045501709e+02
3.499098653793334961e+02
3.499296653270721436e+02
3.499498970508575439e+02
3.499697022438049316e+02
3.500073928833007812e+02
3.500280864238739014e+02
3.500477421283721924e+02
3.500677447319030762e+02
3.500880811214447021e+02
3.501079020500183105e+02
3.501277987957000732e+02
3.501472227573394775e+02
3.501682043075561523e+02
3.501874923706054688e+02
3.502080371379852295e+02
3.502276971340179443e+02
3.502477731704711914e+02
3.502678725719451904e+02
3.502879714965820312e+02
3.503080708980560303e+02
3.503278415203094482e+02
3.503476133346557617e+02
3.503680691719055176e+02
3.503879477977752686e+02
3.504079151153564453e+02
3.504270892143249512e+02
3.504479327201843262e+02
3.504670801162719727e+02
3.504876339435577393e+02
3.505070831775665283e+02
3.505275633335113525e+02
3.505474417209625244e+02
3.505675196647644043e+02
3.505875487327575684e+02
3.506075448989868164e+02
3.506276905536651611e+02
3.506475410461425781e+02
3.506674730777740479e+02
3.506874701976776123e+02
3.507080018520355225e+02
3.507274518013000488e+02
3.507475028038024902e+02
3.507674028873443604e+02
3.507877497673034668e+02
3.508075566291809082e+02
3.508278582096099854e+02
3.508480041027069092e+02
3.508674774169921875e+02
3.508875646591186523e+02
3.509076092243194580e+02
3.509275660514831543e+02
3.509476211071014404e+02
3.509675264358520508e+02
3.509874699115753174e+02
3.510075407028198242e+02
3.510270752906799316e+02
3.510474786758422852e+02
3.510674788951873779e+02
3.510875670909881592e+02
3.511074693202972412e+02
3.511276552677154541e+02
3.511477184295654297e+02
3.511676275730133057e+02
3.511875088214874268e+02
3.512079524993896484e+02
3.512275691032409668e+02
3.512476415634155273e+02
3.512676479816436768e+02
3.512876749038696289e+02
3.513078365325927734e+02
3.513276884555816650e+02
3.513478603363037109e+02
3.513678758144378662e+02
3.513870644569396973e+02
3.514069120883941650e+02
3.514272377490997314e+02
3.514468984603881836e+02
3.514675085544586182e+02
3.514875431060791016e+02
3.515081601142883301e+02
3.515275683403015137e+02
3.515476553440093994e+02
3.515676836967468262e+02
3.515874884128570557e+02
3.516075766086578369e+02
3.516275658607482910e+02
3.516474838256835938e+02
3.516677451133728027e+02
3.516874845027923584e+02
3.517075390815734863e+02
3.517274620532989502e+02
3.517475051879882812e+02
3.517676072120666504e+02
3.517875008583068848e+02
3.518074948787689209e+02
3.518275704383850098e+02
3.518475472927093506e+02
3.518677272796630859e+02
3.518874449729919434e+02
3.519077250957489014e+02
3.519275226593017578e+02
3.519474959373474121e+02
3.519675297737121582e+02
3.519874975681304932e+02
3.520073063373565674e+02
3.520274329185485840e+02
3.520475628376007080e+02
3.520674793720245361e+02
3.520874757766723633e+02
3.521077022552490234e+02
3.521276321411132812e+02
3.521498646736145020e+02
3.521674878597259521e+02
3.521878254413604736e+02
3.522079212665557861e+02
3.522278542518615723e+02
3.522479069232940674e+02
3.522681798934936523e+02
3.522879719734191895e+02
3.523078930377960205e+02
3.523279848098754883e+02
3.523478887081146240e+02
3.523680365085601807e+02
3.523878877162933350e+02
3.524079022407531738e+02
3.524277703762054443e+02
3.524480400085449219e+02
3.524681713581085205e+02
3.524875769615173340e+02
3.525076887607574463e+02
3.525277924537658691e+02
3.525477182865142822e+02
3.525676226615905762e+02
3.525877768993377686e+02
3.526072225570678711e+02
3.526268961429595947e+02
3.526477458477020264e+02
3.526668295860290527e+02
3.526874351501464844e+02
3.527079181671142578e+02
3.527279717922210693e+02
3.527471446990966797e+02
3.527681767940521240e+02
3.527880678176879883e+02
3.528083982467651367e+02
3.528280375003814697e+02
3.528470959663391113e+02
3.528684279918670654e+02
3.528876402378082275e+02
3.529073183536529541e+02
3.529278368949890137e+02
3.529477353096008301e+02
3.529679124355316162e+02
3.529877457618713379e+02
3.530078446865081787e+02
3.530278813838958740e+02
3.530478899478912354e+02
3.530668625831604004e+02
3.530874426364898682e+02
3.531078212261199951e+02
3.531275227069854736e+02
3.531474511623382568e+02
3.531677393913269043e+02
3.531875433921813965e+02
3.532076559066772461e+02
3.532275285720825195e+02
3.532525961399078369e+02
3.532730705738067627e+02
3.532924587726593018e+02
3.533127682209014893e+02
3.533327460289001465e+02
3.533529124259948730e+02
3.533731212615966797e+02
3.533927509784698486e+02
3.534130179882049561e+02
3.534328610897064209e+02
3.534528927803039551e+02
3.534719030857086182e+02
3.534919412136077881e+02
3.535127029418945312e+02
3.535330860614776611e+02
3.535527467727661133e+02
3.535729961395263672e+02
3.535926215648651123e+02
3.536127750873565674e+02
3.536331698894500732e+02
3.536529834270477295e+02
3.536728763580322266e+02
3.536927151679992676e+02
3.537130517959594727e+02
3.537333307266235352e+02
3.537527039051055908e+02
3.537727596759796143e+02
3.537926003932952881e+02
3.538127539157867432e+02
3.538324496746063232e+02
3.538523285388946533e+02
3.538726611137390137e+02
3.538927495479583740e+02
3.539127299785614014e+02
3.539398174285888672e+02
3.539596652984619141e+02
3.539797866344451904e+02
3.539998888969421387e+02
3.540236330032348633e+02
3.540396077632904053e+02
3.540596301555633545e+02
3.540798211097717285e+02
3.541000974178314209e+02
3.541198258399963379e+02
3.541397030353546143e+02
3.541597564220428467e+02
3.541801075935363770e+02
3.542001812458038330e+02
3.542201066017150879e+02
3.542401144504547119e+02
3.542601110935211182e+02
3.542800641059875488e+02
3.543003463745117188e+02
3.543201756477355957e+02
3.543398091793060303e+02
3.543598723411560059e+02
3.543800601959228516e+02
3.544005584716796875e+02
3.544194216728210449e+02
3.544398026466369629e+02
3.544597697257995605e+02
3.544802029132843018e+02
3.544999792575836182e+02
3.545198662281036377e+02
3.545398223400115967e+02
3.545598237514495850e+02
3.545797903537750244e+02
3.546000592708587646e+02
3.546196804046630859e+02
3.546418383121490479e+02
3.546597867012023926e+02
3.546793985366821289e+02
3.547002327442169189e+02
3.547197303771972656e+02
3.547401900291442871e+02
3.547596879005432129e+02
3.547803609371185303e+02
3.547994141578674316e+02
3.548202364444732666e+02
3.548454236984252930e+02
3.548667912483215332e+02
3.548851909637451172e+02
3.549042320251464844e+02
3.549247977733612061e+02
3.549448461532592773e+02
3.549647727012634277e+02
3.549852209091186523e+02
3.550044865608215332e+02
3.550251300334930420e+02
3.550442538261413574e+02
3.550652153491973877e+02
3.550843086242675781e+02
3.551048657894134521e+02
3.551247434616088867e+02
3.551450338363647461e+02
3.551647291183471680e+02
3.551849038600921631e+02
3.552041406631469727e+02
3.552245113849639893e+02
3.552445740699768066e+02
3.552647690773010254e+02
3.552839820384979248e+02
3.553041093349456787e+02
3.553240261077880859e+02
3.553440473079681396e+02
3.553646492958068848e+02
3.553841247558593750e+02
3.554108071327209473e+02
3.554316546916961670e+02
3.554506549835205078e+02
3.554708697795867920e+02
3.554904077053070068e+02
3.555114815235137939e+02
3.555306246280670166e+02
3.555505754947662354e+02
3.555703744888305664e+02
3.555914087295532227e+02
3.556103608608245850e+02
3.556311161518096924e+02
3.556506886482238770e+02
3.556708865165710449e+02
3.556932086944580078e+02
3.557104442119598389e+02
3.557310369014739990e+02
3.557508888244628906e+02
3.557709178924560547e+02
3.557907967567443848e+02
3.558107812404632568e+02
3.558308706283569336e+02
3.558508143424987793e+02
3.558704447746276855e+02
3.558909332752227783e+02
3.559111986160278320e+02
3.559310288429260254e+02
3.559507906436920166e+02
3.559704139232635498e+02
3.559908106327056885e+02
3.560107183456420898e+02
3.560304408073425293e+02
3.560504083633422852e+02
3.560707192420959473e+02
3.560909538269042969e+02
3.561107604503631592e+02
3.561309821605682373e+02
3.561507091522216797e+02
3.561704583168029785e+02
3.561904492378234863e+02
3.562103710174560547e+02
3.562309963703155518e+02
3.562507007122039795e+02
3.562705285549163818e+02
3.562908232212066650e+02
3.563107032775878906e+02
3.563318181037902832e+02
3.563506412506103516e+02
3.563717274665832520e+02
3.563910982608795166e+02
3.564112565517425537e+02
3.564309914112091064e+02
3.564507880210876465e+02
3.564712646007537842e+02
3.564906458854675293e+02
3.565110034942626953e+02
3.565307757854461670e+02
3.565511884689331055e+02
3.565708992481231689e+02
3.565909507274627686e+02
3.566104631423950195e+02
3.566306514739990234e+02
3.566504800319671631e+02
3.566703529357910156e+02
3.566907184123992920e+02
3.567113461494445801e+02
3.567307515144348145e+02
3.567505548000335693e+02
3.567708098888397217e+02
3.567904951572418213e+02
3.568108069896697998e+02
3.568316743373870850e+02
3.568504147529602051e+02
3.568717083930969238e+02
3.568903608322143555e+02
3.569107697010040283e+02
3.569303283691406250e+02
3.569508359432220459e+02
3.569710638523101807e+02
3.569904303550720215e+02
3.570116744041442871e+02
3.570303995609283447e+02
3.570507166385650635e+02
3.570707221031188965e+02
3.570913910865783691e+02
3.571103246212005615e+02
3.571309764385223389e+02
3.571510446071624756e+02
3.571706881523132324e+02
3.571907718181610107e+02
3.572107155323028564e+02
3.572307100296020508e+02
3.572506897449493408e+02
3.572716915607452393e+02
3.572903337478637695e+02
3.573107087612152100e+02
3.573306937217712402e+02
3.573507235050201416e+02
3.573706910610198975e+02
3.573910329341888428e+02
3.574106791019439697e+02
3.574307389259338379e+02
3.574507422447204590e+02
3.574708170890808105e+02
3.574903650283813477e+02
3.575111780166625977e+02
3.575303652286529541e+02
3.575509457588195801e+02
3.575708100795745850e+02
3.575904626846313477e+02
3.576108057498931885e+02
3.576310324668884277e+02
3.576510188579559326e+02
3.576708874702453613e+02
3.576903057098388672e+02
3.577117023468017578e+02
3.577303886413574219e+02
3.577508707046508789e+02
3.577706847190856934e+02
3.577907125949859619e+02
3.578111348152160645e+02
3.578315529823303223e+02
3.578500697612762451e+02
3.578706476688385010e+02
3.578906559944152832e+02
3.579108991622924805e+02
3.579309225082397461e+02
3.579510362148284912e+02
3.579700858592987061e+02
3.579907329082489014e+02
3.580108883380889893e+02
3.580309922695159912e+02
3.580508625507354736e+02
3.580706684589385986e+02
3.580907239913940430e+02
3.581109743118286133e+02
3.581304786205291748e+02
3.581508066654205322e+02
3.581709232330322266e+02
3.581908135414123535e+02
3.582141106128692627e+02
3.582308492660522461e+02
3.582508435249328613e+02
3.582708754539489746e+02
3.582908532619476318e+02
3.583107154369354248e+02
3.583307669162750244e+02
3.583507928848266602e+02
3.583707876205444336e+02
3.583910725116729736e+02
3.584106178283691406e+02
3.584311566352844238e+02
3.584509682655334473e+02
3.584709320068359375e+02
3.584906704425811768e+02
3.585107655525207520e+02
3.585308184623718262e+02
3.585505795478820801e+02
3.585703268051147461e+02
3.585900926589965820e+02
3.586103174686431885e+02
3.586312050819396973e+02
3.586507933139801025e+02
3.586707043647766113e+02
3.586907994747161865e+02
3.587103092670440674e+02
3.587314286231994629e+02
3.587505652904510498e+02
3.587710778713226318e+02
3.587908320426940918e+02
3.588103153705596924e+02
3.588311510086059570e+02
3.588508388996124268e+02
3.588705441951751709e+02
3.588907923698425293e+02
3.589108560085296631e+02
3.589313733577728271e+02
3.589508235454559326e+02
3.589714438915252686e+02
3.589903838634490967e+02
3.590111162662506104e+02
3.590304739475250244e+02
3.590503518581390381e+02
3.590703253746032715e+02
3.590906925201416016e+02
3.591107225418090820e+02
3.591304218769073486e+02
3.591503393650054932e+02
3.591708002090454102e+02
3.591908290386199951e+02
3.592105615139007568e+02
3.592314314842224121e+02
3.592503128051757812e+02
3.592701416015625000e+02
3.592901649475097656e+02
3.593101210594177246e+02
3.593301441669464111e+02
3.593501405715942383e+02
3.593701560497283936e+02
3.593901550769805908e+02
3.594101254940032959e+02
3.594301462173461914e+02
3.594501688480377197e+02
3.594701485633850098e+02
3.594902131557464600e+02
3.595101494789123535e+02
3.595301616191864014e+02
3.595501732826232910e+02
3.595701851844787598e+02
3.595901918411254883e+02
3.596101982593536377e+02
3.596301765441894531e+02
3.596502096652984619e+02
3.596701819896697998e+02
3.596901719570159912e+02
3.597101893424987793e+02
3.597301607131958008e+02
3.597501807212829590e+02
3.597701842784881592e+02
3.597901663780212402e+02
3.598102016448974609e+02
3.598301861286163330e+02
3.598501980304718018e+02
3.598701782226562500e+02
3.598901894092559814e+02
3.599101908206939697e+02
3.599302005767822266e+02
3.599502584934234619e+02
3.599701693058013916e+02
3.599901735782623291e+02
3.600101661682128906e+02
3.600301399230957031e+02
3.600502393245697021e+02
3.600701799392700195e+02
3.600901987552642822e+02
3.601101748943328857e+02
3.601301851272583008e+02
3.601501300334930420e+02
3.601701791286468506e+02
3.601901524066925049e+02
3.602102258205413818e+02
3.602302052974700928e+02
3.602502963542938232e+02
3.602702255249023438e+02
3.602901797294616699e+02
3.603107278347015381e+02
3.603306725025177002e+02
3.603507308959960938e+02
3.603701789379119873e+02
3.603902759552001953e+02
3.604101638793945312e+02
3.604309794902801514e+02
3.604506726264953613e+02
3.604701857566833496e+02
3.604901859760284424e+02
3.605101675987243652e+02
3.605301458835601807e+02
3.605501742362976074e+02
3.605701730251312256e+02
3.605901737213134766e+02
3.606101531982421875e+02
3.606301541328430176e+02
3.606501379013061523e+02
3.606701424121856689e+02
3.606901745796203613e+02
3.607101745605468750e+02
3.607308344841003418e+02
3.607508575916290283e+02
3.607709205150604248e+02
3.607906091213226318e+02
3.608107845783233643e+02
3.608302264213562012e+02
3.608510906696319580e+02
3.608712112903594971e+02
3.608903198242187500e+02
3.609111111164093018e+02
3.609308533668518066e+02
3.609503729343414307e+02
3.609703416824340820e+02
3.609910702705383301e+02
3.610110659599304199e+02
3.610313255786895752e+02
3.610510940551757812e+02
3.610711877346038818e+02
3.610905396938323975e+02
3.611107585430145264e+02
3.611308608055114746e+02
3.611508250236511230e+02
3.611708106994628906e+02
3.611906385421752930e+02
3.612108685970306396e+02
3.612308320999145508e+02
3.612507951259613037e+02
3.612707908153533936e+02
3.612907404899597168e+02
3.613108041286468506e+02
3.613308815956115723e+02
3.613511736392974854e+02
3.613709664344787598e+02
3.613906989097595215e+02
3.614109673500061035e+02
3.614310634136199951e+02
3.614508454799652100e+02
3.614708945751190186e+02
3.614912922382354736e+02
3.615107941627502441e+02
3.615309040546417236e+02
3.615511407852172852e+02
3.615703663825988770e+02
3.615905666351318359e+02
3.616118252277374268e+02
3.616301217079162598e+02
3.616505501270294189e+02
3.616708183288574219e+02
3.616949830055236816e+02
3.617103383541107178e+02
3.617316603660583496e+02
3.617508070468902588e+02
3.617717313766479492e+02
3.617903428077697754e+02
3.618116533756256104e+02
3.618303143978118896e+02
3.618510818481445312e+02
3.618703405857086182e+02
3.618909001350402832e+02
3.619112954139709473e+02
3.619308073520660400e+02
3.619507761001586914e+02
3.619704394340515137e+02
3.619904868602752686e+02
3.620105493068695068e+02
3.620304405689239502e+02
3.620513236522674561e+02
3.620703489780426025e+02
3.620907542705535889e+02
3.621106033325195312e+02
3.621308720111846924e+02
3.621510140895843506e+02
3.621715784072875977e+02
3.621903882026672363e+02
3.622117714881896973e+02
3.622309484481811523e+02
3.622503678798675537e+02
3.622710800170898438e+02
3.622913746833801270e+02
3.623110575675964355e+02
3.623303151130676270e+02
3.623503782749176025e+02
3.623713541030883789e+02
3.623907787799835205e+02
3.624145801067352295e+02
3.624309558868408203e+02
3.624501652717590332e+02
3.624706678390502930e+02
3.624912133216857910e+02
3.625109210014343262e+02
3.625304055213928223e+02
3.625512464046478271e+02
3.625703687667846680e+02
3.625916423797607422e+02
3.626103489398956299e+02
3.626306476593017578e+02
3.626503069400787354e+02
3.626708176136016846e+02
3.626903388500213623e+02
3.627108097076416016e+02
3.627307863235473633e+02
3.627506923675537109e+02
3.627707865238189697e+02
3.627903625965118408e+02
3.628114523887634277e+02
3.628303458690643311e+02
3.628504054546356201e+02
3.628706612586975098e+02
3.628906455039978027e+02
3.629108617305755615e+02
3.629307482242584229e+02
3.629519813060760498e+02
3.629703700542449951e+02
3.629903819561004639e+02
3.630103545188903809e+02
3.630309584140777588e+02
3.630510528087615967e+02
3.630709402561187744e+02
3.630906739234924316e+02
3.631108663082122803e+02
3.631304130554199219e+02
3.631508340835571289e+02
3.631708698272705078e+02
3.631906883716583252e+02
3.632107741832733154e+02
3.632309892177581787e+02
3.632503519058227539e+02
3.632715010643005371e+02
3.632904870510101318e+02
3.633113451004028320e+02
3.633305263519287109e+02
3.633509428501129150e+02
3.633703596591949463e+02
3.633912138938903809e+02
3.634103457927703857e+02
3.634311673641204834e+02
3.634509382247924805e+02
3.634708831310272217e+02
3.634908642768859863e+02
3.635106563568115234e+02
3.635308270454406738e+02
3.635507373809814453e+02
3.635709590911865234e+02
3.635907602310180664e+02
3.636104068756103516e+02
3.636303627490997314e+02
3.636509797573089600e+02
3.636703121662139893e+02
3.636910769939422607e+02
3.637111172676086426e+02
3.637312695980072021e+02
3.637510583400726318e+02
3.637703666687011719e+02
3.637914953231811523e+02
3.638103611469268799e+02
3.638315618038177490e+02
3.638504080772399902e+02
3.638703866004943848e+02
3.638903596401214600e+02
3.639103605747222900e+02
3.639307355880737305e+02
3.639503843784332275e+02
3.639706656932830811e+02
3.639903521537780762e+02
3.640114300251007080e+02
3.640306708812713623e+02
3.640506203174591064e+02
3.640707964897155762e+02
3.640904061794281006e+02
3.641103687286376953e+02
3.641304807662963867e+02
3.641503369808197021e+02
3.641709129810333252e+02
3.641907930374145508e+02
3.642107994556427002e+02
3.642313084602355957e+02
3.642503921985626221e+02
3.642709228992462158e+02
3.642903826236724854e+02
3.643114335536956787e+02
3.643303732872009277e+02
3.643509764671325684e+02
3.643703534603118896e+02
3.643908178806304932e+02
3.644110820293426514e+02
3.644303712844848633e+02
3.644514808654785156e+02
3.644703555107116699e+02
3.644906463623046875e+02
3.645106751918792725e+02
3.645311448574066162e+02
3.645512542724609375e+02
3.645702795982360840e+02
3.645912661552429199e+02
3.646112124919891357e+02
3.646308469772338867e+02
3.646508643627166748e+02
3.646704661846160889e+02
3.646904094219207764e+02
3.647113285064697266e+02
3.647309377193450928e+02
3.647512812614440918e+02
3.647711346149444580e+02
3.647910091876983643e+02
3.648110756874084473e+02
3.648311707973480225e+02
3.648511264324188232e+02
3.648708767890930176e+02
3.648910062313079834e+02
3.649111888408660889e+02
3.649310977458953857e+02
3.649512019157409668e+02
3.649711871147155762e+02
3.649911146163940430e+02
3.650112428665161133e+02
3.650307748317718506e+02
3.650513694286346436e+02
3.650708951950073242e+02
3.650911409854888916e+02
3.651111121177673340e+02
3.651307482719421387e+02
3.651507658958435059e+02
3.651707057952880859e+02
3.651906800270080566e+02
3.652106671333312988e+02
3.652307655811309814e+02
3.652505760192871094e+02
3.652707800865173340e+02
3.652905268669128418e+02
3.653108749389648438e+02
3.653307573795318604e+02
3.653508739471435547e+02
3.653709354400634766e+02
3.653903653621673584e+02
3.654108645915985107e+02
3.654303555488586426e+02
3.654508714675903320e+02
3.654703161716461182e+02
3.654907524585723877e+02
3.655107595920562744e+02
3.655307891368865967e+02
3.655509412288665771e+02
3.655708553791046143e+02
3.655904419422149658e+02
3.656106159687042236e+02
3.656310088634490967e+02
3.656506953239440918e+02
3.656706552505493164e+02
3.656906285285949707e+02
3.657106585502624512e+02
3.657303051948547363e+02
3.657505991458892822e+02
3.657707474231719971e+02
3.657914707660675049e+02
3.658103430271148682e+02
3.658302347660064697e+02
3.658510916233062744e+02
3.658706865310668945e+02
3.658925261497497559e+02
3.659106225967407227e+02
3.659308710098266602e+02
3.659508426189422607e+02
3.659707469940185547e+02
3.659909305572509766e+02
3.660110688209533691e+02
3.660307722091674805e+02
3.660507316589355469e+02
3.660706260204315186e+02
3.660910167694091797e+02
3.661107153892517090e+02
3.661306591033935547e+02
3.661507072448730469e+02
3.661706173419952393e+02
3.661908514499664307e+02
3.662107372283935547e+02
3.662307498455047607e+02
3.662506697177886963e+02
3.662706439495086670e+02
3.662915141582489014e+02
3.663104026317596436e+02
3.663311138153076172e+02
3.663506844043731689e+02
3.663707649707794189e+02
3.663907186985015869e+02
3.664106962680816650e+02
3.664306952953338623e+02
3.664503393173217773e+02
3.664711513519287109e+02
3.664906113147735596e+02
3.665103929042816162e+02
3.665314145088195801e+02
3.665503890514373779e+02
3.665716876983642578e+02
3.665903720855712891e+02
3.666113977432250977e+02
3.666303327083587646e+02
3.666508779525756836e+02
3.666707375049591064e+02
3.666909120082855225e+02
3.667105557918548584e+02
3.667303383350372314e+02
3.667503304481506348e+02
3.667711431980133057e+02
3.667903566360473633e+02
3.668109788894653320e+02
3.668307368755340576e+02
3.668510458469390869e+02
3.668705859184265137e+02
3.668904025554656982e+02
3.669103553295135498e+02
3.669307427406311035e+02
3.669507341384887695e+02
3.669705710411071777e+02
3.669903619289398193e+02
3.670103228092193604e+02
3.670308847427368164e+02
3.670509872436523438e+02
3.670710628032684326e+02
3.670914602279663086e+02
3.671109619140625000e+02
3.671308202743530273e+02
3.671508941650390625e+02
3.671711568832397461e+02
3.671908431053161621e+02
3.672109463214874268e+02
3.672303919792175293e+02
3.672500698566436768e+02
3.672700655460357666e+02
3.672911465167999268e+02
3.673103742599487305e+02
3.673311522006988525e+02
3.673501844406127930e+02
3.673707718849182129e+02
3.673907375335693359e+02
3.674185729026794434e+02
3.674381318092346191e+02
3.674572618007659912e+02
3.674777755737304688e+02
3.674976396560668945e+02
3.675178229808807373e+02
3.675374081134796143e+02
3.675572929382324219e+02
3.675777647495269775e+02
3.675976467132568359e+02
3.676179409027099609e+02
3.676378021240234375e+02
3.676579930782318115e+02
3.676772887706756592e+02
3.676977083683013916e+02
3.677178475856781006e+02
3.677375688552856445e+02
3.677573168277740479e+02
3.677772879600524902e+02
3.677976851463317871e+02
3.678177487850189209e+02
3.678372285366058350e+02
3.678575301170349121e+02
3.678785238265991211e+02
3.678972930908203125e+02
3.679179883003234863e+02
3.679378914833068848e+02
3.679577043056488037e+02
3.679777405261993408e+02
3.679969947338104248e+02
3.680175368785858154e+02
3.680378334522247314e+02
3.680570096969604492e+02
3.680777723789215088e+02
3.680975892543792725e+02
3.681181263923645020e+02
3.681375865936279297e+02
3.681575472354888916e+02
3.681775593757629395e+02
3.681969914436340332e+02
3.682169792652130127e+02
3.682377319335937500e+02
3.682572865486145020e+02
3.682855939865112305e+02
3.683054423332214355e+02
3.683253371715545654e+02
3.683455371856689453e+02
3.683654744625091553e+02
3.683854992389678955e+02
3.684051847457885742e+02
3.684254074096679688e+02
3.684453175067901611e+02
3.684652683734893799e+02
3.684848825931549072e+02
3.685052676200866699e+02
3.685253932476043701e+02
3.685450983047485352e+02
3.685653777122497559e+02
3.685852062702178955e+02
3.686052949428558350e+02
3.686253151893615723e+02
3.686452546119689941e+02
3.686654353141784668e+02
3.686850137710571289e+02
3.687053909301757812e+02
3.687253239154815674e+02
3.687454018592834473e+02
3.687652919292449951e+02
3.687854948043823242e+02
3.688052973747253418e+02
3.688254659175872803e+02
3.688454229831695557e+02
3.688653860092163086e+02
3.688854472637176514e+02
3.689052703380584717e+02
3.689253363609313965e+02
3.689453177452087402e+02
3.689656138420104980e+02
3.689852924346923828e+02
3.690048336982727051e+02
3.690250155925750732e+02
3.690455534458160400e+02
3.690650064945220947e+02
3.690853919982910156e+02
3.691053459644317627e+02
3.691246354579925537e+02
3.691451926231384277e+02
3.691654396057128906e+02
3.691859574317932129e+02
3.692047405242919922e+02
3.692252101898193359e+02
3.692454051971435547e+02
3.692655835151672363e+02
3.692851705551147461e+02
3.693052906990051270e+02
3.693252694606781006e+02
3.693451728820800781e+02
3.693653414249420166e+02
3.693850245475769043e+02
3.694053256511688232e+02
3.694252181053161621e+02
3.694453721046447754e+02
3.694653038978576660e+02
3.694848408699035645e+02
3.695053129196166992e+02
3.695253159999847412e+02
3.695455813407897949e+02
3.695653834342956543e+02
3.695850417613983154e+02
3.696047480106353760e+02
3.696255230903625488e+02
3.696452872753143311e+02
3.696658658981323242e+02
3.696854288578033447e+02
3.697054743766784668e+02
3.697252314090728760e+02
3.697455279827117920e+02
3.697655417919158936e+02
3.697854776382446289e+02
3.698054208755493164e+02
3.698254389762878418e+02
3.698454623222351074e+02
3.698653223514556885e+02
3.698850831985473633e+02
3.699053096771240234e+02
3.699253659248352051e+02
3.699455854892730713e+02
3.699657378196716309e+02
3.699854421615600586e+02
3.700055632591247559e+02
3.700254366397857666e+02
3.700452303886413574e+02
3.700654542446136475e+02
3.700853750705718994e+02
3.701054177284240723e+02
3.701254816055297852e+02
3.701454317569732666e+02
3.701655268669128418e+02
3.701855130195617676e+02
3.702053961753845215e+02
3.702253975868225098e+02
3.702452609539031982e+02
3.702654018402099609e+02
3.702853479385375977e+02
3.703050363063812256e+02
3.703257346153259277e+02
3.703498466014862061e+02
3.703699169158935547e+02
3.703892693519592285e+02
3.704096038341522217e+02
3.704298858642578125e+02
3.704495260715484619e+02
3.704698977470397949e+02
3.704906387329101562e+02
3.705095489025115967e+02
3.705306024551391602e+02
3.705495285987854004e+02
3.705704526901245117e+02
3.705903303623199463e+02
3.706101820468902588e+02
3.706307744979858398e+02
3.706502356529235840e+02
3.706706273555755615e+02
3.706905457973480225e+02
3.707103464603424072e+02
3.707303922176361084e+02
3.707503397464752197e+02
3.707704169750213623e+02
3.707903487682342529e+02
3.708102819919586182e+02
3.708295269012451172e+02
3.708506445884704590e+02
3.708697907924652100e+02
3.708901982307434082e+02
3.709093401432037354e+02
3.709301345348358154e+02
3.709493377208709717e+02
3.709693417549133301e+02
3.709906930923461914e+02
3.710098321437835693e+02
3.710304429531097412e+02
3.710499718189239502e+02
3.710700938701629639e+02
3.710899302959442139e+02
3.711096351146697998e+02
3.711294898986816406e+02
3.711502768993377686e+02
3.711692464351654053e+02
3.711895387172698975e+02
3.712093596458435059e+02
3.712305800914764404e+02
3.712498719692230225e+02
3.712697582244873047e+02
3.712900364398956299e+02
3.713098256587982178e+02
3.713298132419586182e+02
3.713509161472320557e+02
3.713698172569274902e+02
3.713897988796234131e+02
3.714097783565521240e+02
3.714298129081726074e+02
3.714495506286621094e+02
3.714697494506835938e+02
3.714898786544799805e+02
3.715099008083343506e+02
3.715297791957855225e+02
3.715497200489044189e+02
3.715698516368865967e+02
3.715898733139038086e+02
3.716096997261047363e+02
3.716303718090057373e+02
3.716498358249664307e+02
3.716698260307312012e+02
3.716897878646850586e+02
3.717098834514617920e+02
3.717300539016723633e+02
3.717495002746582031e+02
3.717695693969726562e+02
3.717897877693176270e+02
3.718097710609436035e+02
3.718298165798187256e+02
3.718495283126831055e+02
3.718697183132171631e+02
3.718898627758026123e+02
3.719099824428558350e+02
3.719302527904510498e+02
3.719503693580627441e+02
3.719702186584472656e+02
3.719904632568359375e+02
3.720101754665374756e+02
3.720300068855285645e+02
3.720493242740631104e+02
3.720696623325347900e+02
3.720892534255981445e+02
3.721098096370697021e+02
3.721295778751373291e+02
3.721505405902862549e+02
3.721703097820281982e+02
3.721903145313262939e+02
3.722103185653686523e+02
3.722299818992614746e+02
3.722500767707824707e+02
3.722703280448913574e+02
3.722904701232910156e+02
3.723102922439575195e+02
3.723305132389068604e+02
3.723511917591094971e+02
3.723700454235076904e+02
3.723895175457000732e+02
3.724103014469146729e+02
3.724301538467407227e+02
3.724500877857208252e+02
3.724700531959533691e+02
3.724899220466613770e+02
3.725109291076660156e+02
3.725296924114227295e+02
3.725510616302490234e+02
3.725698831081390381e+02
3.725892617702484131e+02
3.726099045276641846e+02
3.726299490928649902e+02
3.726500966548919678e+02
3.726699054241180420e+02
3.726898994445800781e+02
3.727099428176879883e+02
3.727297739982604980e+02
3.727498137950897217e+02
3.727698750495910645e+02
3.727898468971252441e+02
3.728099055290222168e+02
3.728306138515472412e+02
3.728503394126892090e+02
3.728693411350250244e+02
3.728902175426483154e+02
3.729184858798980713e+02
3.729389262199401855e+02
3.729590382575988770e+02
3.729791007041931152e+02
3.729992108345031738e+02
3.730191092491149902e+02
3.730392944812774658e+02
3.730594227313995361e+02
3.730791485309600830e+02
3.730993208885192871e+02
3.731193909645080566e+02
3.731391294002532959e+02
3.731593527793884277e+02
3.731794912815093994e+02
3.731992793083190918e+02
3.732190589904785156e+02
3.732392878532409668e+02
3.732596647739410400e+02
3.732790102958679199e+02
3.732988913059234619e+02
3.733193116188049316e+02
3.733388652801513672e+02
3.733594071865081787e+02
3.733787336349487305e+02
3.733989970684051514e+02
3.734190540313720703e+02
3.734387261867523193e+02
3.734584248065948486e+02
3.734783573150634766e+02
3.734989619255065918e+02
3.735193226337432861e+02
3.735404987335205078e+02
3.735592067241668701e+02
3.735789422988891602e+02
3.735988664627075195e+02
3.736196613311767578e+02
3.736392869949340820e+02
3.736592872142791748e+02
3.736794669628143311e+02
3.736986126899719238e+02
3.737195556163787842e+02
3.737385399341583252e+02
3.737590568065643311e+02
3.737785019874572754e+02
3.737991175651550293e+02
3.738192906379699707e+02
3.738394398689270020e+02
3.738589854240417480e+02
3.738790285587310791e+02
3.738983142375946045e+02
3.739189739227294922e+02
3.739383847713470459e+02
3.739594800472259521e+02
3.739784095287322998e+02
3.739983284473419189e+02
3.740183153152465820e+02
3.740392010211944580e+02
3.740590145587921143e+02
3.740786895751953125e+02
3.740984015464782715e+02
3.741192977428436279e+02
3.741385123729705811e+02
3.741589672565460205e+02
3.741790187358856201e+02
3.741983027458190918e+02
3.742191705703735352e+02
3.742382903099060059e+02
3.742589428424835205e+02
3.742789258956909180e+02
3.742982842922210693e+02
3.743190042972564697e+02
3.743390452861785889e+02
3.743590524196624756e+02
3.743789319992065430e+02
3.743999857902526855e+02
3.744183180332183838e+02
3.744391863346099854e+02
3.744588742256164551e+02
3.744793114662170410e+02
3.744991393089294434e+02
3.745189998149871826e+02
3.745391814708709717e+02
3.745590381622314453e+02
3.745789635181427002e+02
3.745989661216735840e+02
3.746185884475708008e+02
3.746390981674194336e+02
3.746596207618713379e+02
3.746789140701293945e+02
3.747000663280487061e+02
3.747185461521148682e+02
3.747398927211761475e+02
3.747585561275482178e+02
3.747792110443115234e+02
3.747985510826110840e+02
3.748188803195953369e+02
3.748394713401794434e+02
3.748589580059051514e+02
3.748788290023803711e+02
3.748986189365386963e+02
3.749193344116210938e+02
3.749388625621795654e+02
3.749589295387268066e+02
3.749792435169219971e+02
3.749995334148406982e+02
3.750192146301269531e+02
3.750393562316894531e+02
3.750588564872741699e+02
3.750792920589447021e+02
3.750992507934570312e+02
3.751193459033966064e+02
3.751393129825592041e+02
3.751594905853271484e+02
3.751794223785400391e+02
3.751994173526763916e+02
3.752192628383636475e+02
3.752389276027679443e+02
3.752592718601226807e+02
3.752793142795562744e+02
3.752993621826171875e+02
3.753193335533142090e+02
3.753391299247741699e+02
3.753588809967041016e+02
3.753791720867156982e+02
3.753995156288146973e+02
3.754188752174377441e+02
3.754388830661773682e+02
3.754589238166809082e+02
3.754788181781768799e+02
3.754988362789154053e+02
3.755189630985260010e+02
3.755389020442962646e+02
3.755589284896850586e+02
3.755789482593536377e+02
3.755990259647369385e+02
3.756188764572143555e+02
3.756389172077178955e+02
3.756593558788299561e+02
3.756789138317108154e+02
3.756993501186370850e+02
3.757188329696655273e+02
3.757395787239074707e+02
3.757592916488647461e+02
3.757792921066284180e+02
3.757993755340576172e+02
3.758189814090728760e+02
3.758390669822692871e+02
3.758588347434997559e+02
3.758785433769226074e+02
3.758989727497100830e+02
3.759193956851959229e+02
3.759391248226165771e+02
3.759591050148010254e+02
3.759796214103698730e+02
3.759991114139556885e+02
3.760190732479095459e+02
3.760401413440704346e+02
3.760587842464447021e+02
3.760787310600280762e+02
3.760993027687072754e+02
3.761194615364074707e+02
3.761390206813812256e+02
3.761585485935211182e+02
3.761789920330047607e+02
3.761994273662567139e+02
3.762185850143432617e+02
3.762400257587432861e+02
3.762589457035064697e+02
3.762797610759735107e+02
3.762989888191223145e+02
3.763185932636260986e+02
3.763392457962036133e+02
3.763593590259552002e+02
3.763789589405059814e+02
3.763992652893066406e+02
3.764192953109741211e+02
3.764394104480743408e+02
3.764594273567199707e+02
3.764794502258300781e+02
3.764989511966705322e+02
3.765190210342407227e+02
3.765391716957092285e+02
3.765589208602905273e+02
3.765795669555664062e+02
3.765992457866668701e+02
3.766189651489257812e+02
3.766475658416748047e+02
3.766671907901763916e+02
3.766865835189819336e+02
3.767072474956512451e+02
3.767274796962738037e+02
3.767465889453887939e+02
3.767665958404541016e+02
3.767865939140319824e+02
3.768071866035461426e+02
3.768265197277069092e+02
3.768524310588836670e+02
3.768731827735900879e+02
3.768926725387573242e+02
3.769127223491668701e+02
3.769330458641052246e+02
3.769526462554931641e+02
3.769726994037628174e+02
3.769920496940612793e+02
3.770134556293487549e+02
3.770333063602447510e+02
3.770533468723297119e+02
3.770730717182159424e+02
3.770926003456115723e+02
3.771125695705413818e+02
3.771330087184906006e+02
3.771527678966522217e+02
3.771724419593811035e+02
3.771951034069061279e+02
3.772123079299926758e+02
3.772323517799377441e+02
3.772546954154968262e+02
3.772733604907989502e+02
3.772928042411804199e+02
3.773126184940338135e+02
3.773326060771942139e+02
3.773527355194091797e+02
3.773725445270538330e+02
3.773925776481628418e+02
3.774123799800872803e+02
3.774319741725921631e+02
3.774525651931762695e+02
3.774728066921234131e+02
3.774926254749298096e+02
3.775126643180847168e+02
3.775329792499542236e+02
3.775524873733520508e+02
3.775726006031036377e+02
3.775927913188934326e+02
3.776125836372375488e+02
3.776326346397399902e+02
3.776527941226959229e+02
3.776724209785461426e+02
3.776931946277618408e+02
3.777128105163574219e+02
3.777347269058227539e+02
3.777524719238281250e+02
3.777731103897094727e+02
3.777925727367401123e+02
3.778124420642852783e+02
3.778328921794891357e+02
3.778528218269348145e+02
3.778726892471313477e+02
3.778928604125976562e+02
3.779127156734466553e+02
3.779327309131622314e+02
3.779527511596679688e+02
3.779785909652709961e+02
3.779989585876464844e+02
3.780183749198913574e+02
3.780384149551391602e+02
3.780589067935943604e+02
3.780785529613494873e+02
3.780984628200531006e+02
3.781187906265258789e+02
3.781387810707092285e+02
3.781586701869964600e+02
3.781789188385009766e+02
3.781988172531127930e+02
3.782189674377441406e+02
3.782388556003570557e+02
3.782585871219635010e+02
3.782790679931640625e+02
3.782996997833251953e+02
3.783188385963439941e+02
3.783389220237731934e+02
3.783588392734527588e+02
3.783788485527038574e+02
3.783988349437713623e+02
3.784187576770782471e+02
3.784387376308441162e+02
3.784586629867553711e+02
3.784787948131561279e+02
3.784990246295928955e+02
3.785188510417938232e+02
3.785388219356536865e+02
3.785586092472076416e+02
3.785787670612335205e+02
3.785987050533294678e+02
3.786188309192657471e+02
3.786393949985504150e+02
3.786585707664489746e+02
3.786786713600158691e+02
3.786989018917083740e+02
3.787186357975006104e+02
3.787388718128204346e+02
3.787586276531219482e+02
3.787790968418121338e+02
3.787987809181213379e+02
3.788182797431945801e+02
3.788387725353240967e+02
3.788585388660430908e+02
3.788787553310394287e+02
3.788987286090850830e+02
3.789188573360443115e+02
3.789396255016326904e+02
3.789585821628570557e+02
3.789789385795593262e+02
3.789989497661590576e+02
3.790187880992889404e+02
3.790387206077575684e+02
3.790587825775146484e+02
3.790787980556488037e+02
3.790988888740539551e+02
3.791188619136810303e+02
3.791386549472808838e+02
3.791587326526641846e+02
3.791786425113677979e+02
3.791988584995269775e+02
3.792188072204589844e+02
3.792385747432708740e+02
3.792590854167938232e+02
3.792788007259368896e+02
3.792988810539245605e+02
3.793188917636871338e+02
3.793387029170989990e+02
3.793591678142547607e+02
3.793786985874176025e+02
3.793994214534759521e+02
3.794187226295471191e+02
3.794386830329895020e+02
3.794587755203247070e+02
3.794788079261779785e+02
3.794993975162506104e+02
3.795186443328857422e+02
3.795390822887420654e+02
3.795592684745788574e+02
3.795785579681396484e+02
3.795984981060028076e+02
3.796180474758148193e+02
3.796387152671813965e+02
3.796587989330291748e+02
3.796786606311798096e+02
3.796988894939422607e+02
3.797184610366821289e+02
3.797386760711669922e+02
3.797587099075317383e+02
3.797786428928375244e+02
3.797987790107727051e+02
3.798187694549560547e+02
3.798391001224517822e+02
3.798586969375610352e+02
3.798787603378295898e+02
3.798987388610839844e+02
3.799187622070312500e+02
3.799387857913970947e+02
3.799590227603912354e+02
3.799787809848785400e+02
3.799987802505493164e+02
3.800188319683074951e+02
3.800387709140777588e+02
3.800590758323669434e+02
3.800787956714630127e+02
3.800980675220489502e+02
3.801187279224395752e+02
3.801386232376098633e+02
3.801588556766510010e+02
3.801786503791809082e+02
3.801988124847412109e+02
3.802187240123748779e+02
3.802387309074401855e+02
3.802589576244354248e+02
3.802786695957183838e+02
3.802988786697387695e+02
3.803187785148620605e+02
3.803386642932891846e+02
3.803587622642517090e+02
3.803785846233367920e+02
3.803987154960632324e+02
3.804187836647033691e+02
3.804454214572906494e+02
3.804647207260131836e+02
3.804852857589721680e+02
3.805052573680877686e+02
3.805252265930175781e+02
3.805451626777648926e+02
3.805657734870910645e+02
3.805851054191589355e+02
3.806061658859252930e+02
3.806251392364501953e+02
3.806450970172882080e+02
3.806659967899322510e+02
3.806856317520141602e+02
3.807055599689483643e+02
3.807345459461212158e+02
3.807545387744903564e+02
3.807745244503021240e+02
3.807953085899353027e+02
3.808154523372650146e+02
3.808355674743652344e+02
3.808553540706634521e+02
3.808754539489746094e+02
3.808951382637023926e+02
3.809152350425720215e+02
3.809350831508636475e+02
3.809548757076263428e+02
3.809748828411102295e+02
3.809949138164520264e+02
3.810146739482879639e+02
3.810349261760711670e+02
3.810547590255737305e+02
3.810751636028289795e+02
3.810949182510375977e+02
3.811151599884033203e+02
3.811347112655639648e+02
3.811548557281494141e+02
3.811747992038726807e+02
3.811951293945312500e+02
3.812150192260742188e+02
3.812346119880676270e+02
3.812545926570892334e+02
3.812748117446899414e+02
3.812946498394012451e+02
3.813145978450775146e+02
3.813345625400543213e+02
3.813544857501983643e+02
3.813747704029083252e+02
3.813945913314819336e+02
3.814149289131164551e+02
3.814347915649414062e+02
3.814545214176177979e+02
3.814747691154479980e+02
3.814945585727691650e+02
3.815148146152496338e+02
3.815345575809478760e+02
3.815545489788055420e+02
3.815749135017395020e+02
3.815949664115905762e+02
3.816148762702941895e+02
3.816350994110107422e+02
3.816555757522583008e+02
3.816751282215118408e+02
3.816956908702850342e+02
3.817153930664062500e+02
3.817355098724365234e+02
3.817553551197052002e+02
3.817753150463104248e+02
3.817953321933746338e+02
3.818153052330017090e+02
3.818351807594299316e+02
3.818549408912658691e+02
3.818748641014099121e+02
3.818948092460632324e+02
3.819144105911254883e+02
3.819349205493927002e+02
3.819546384811401367e+02
3.819748799800872803e+02
3.819948403835296631e+02
3.820160131454467773e+02
3.820353257656097412e+02
3.820544981956481934e+02
3.820753519535064697e+02
3.820949451923370361e+02
3.821153149604797363e+02
3.821352546215057373e+02
3.821549537181854248e+02
3.821751968860626221e+02
3.821948044300079346e+02
3.822152884006500244e+02
3.822355756759643555e+02
3.822546384334564209e+02
3.822749063968658447e+02
3.822951486110687256e+02
3.823152446746826172e+02
3.823344774246215820e+02
3.823549513816833496e+02
3.823743741512298584e+02
3.823944294452667236e+02
3.824207835197448730e+02
3.824408922195434570e+02
3.824608635902404785e+02
3.824809343814849854e+02
3.825014185905456543e+02
3.825209860801696777e+02
3.825408997535705566e+02
3.825611467361450195e+02
3.825807325839996338e+02
3.826010658740997314e+02
3.826205105781555176e+02
3.826409492492675781e+02
3.826612949371337891e+02
3.826814653873443604e+02
3.827009520530700684e+02
3.827215180397033691e+02
3.827409827709197998e+02
3.827610571384429932e+02
3.827808358669281006e+02
3.828009490966796875e+02
3.828213806152343750e+02
3.828412604331970215e+02
3.828616921901702881e+02
3.828815252780914307e+02
3.829010069370269775e+02
3.829213678836822510e+02
3.829412457942962646e+02
3.829608402252197266e+02
3.829811096191406250e+02
3.830009808540344238e+02
3.830212388038635254e+02
3.830408213138580322e+02
3.830609545707702637e+02
3.830813808441162109e+02
3.831016211509704590e+02
3.831209661960601807e+02
3.831410005092620850e+02
3.831611220836639404e+02
3.831811714172363281e+02
3.832009737491607666e+02
3.832208976745605469e+02
3.832412042617797852e+02
3.832621464729309082e+02
3.832810046672821045e+02
3.833014011383056641e+02
3.833211276531219482e+02
3.833414549827575684e+02
3.833613739013671875e+02
3.833809795379638672e+02
3.834008648395538330e+02
3.834214847087860107e+02
3.834412524700164795e+02
3.834613659381866455e+02
3.834809739589691162e+02
3.835011262893676758e+02
3.835208480358123779e+02
3.835409674644470215e+02
3.835612702369689941e+02
3.835804553031921387e+02
3.836042342185974121e+02
3.836212093830108643e+02
3.836417636871337891e+02
3.836608500480651855e+02
3.836807544231414795e+02
3.837011275291442871e+02
3.837210235595703125e+02
3.837409455776214600e+02
3.837614820003509521e+02
3.837815949916839600e+02
3.838012275695800781e+02
3.838209378719329834e+02
3.838410277366638184e+02
3.838604917526245117e+02
3.838808131217956543e+02
3.839005079269409180e+02
3.839215707778930664e+02
3.839408788681030273e+02
3.839609575271606445e+02
3.839824562072753906e+02
3.840006408691406250e+02
3.840209496021270752e+02
3.840405890941619873e+02
3.840607759952545166e+02
3.840817501544952393e+02
3.841014235019683838e+02
3.841211628913879395e+02
3.841412060260772705e+02
3.841609144210815430e+02
3.841811325550079346e+02
3.842007360458374023e+02
3.842204756736755371e+02
3.842404577732086182e+02
3.842604560852050781e+02
3.842808704376220703e+02
3.843005115985870361e+02
3.843208272457122803e+02
3.843412253856658936e+02
3.843604786396026611e+02
3.843819735050201416e+02
3.844006631374359131e+02
3.844210963249206543e+02
3.844404792785644531e+02
3.844608855247497559e+02
3.844806029796600342e+02
3.845010221004486084e+02
3.845209703445434570e+02
3.845411796569824219e+02
3.845610208511352539e+02
3.845823051929473877e+02
3.846012589931488037e+02
3.846209950447082520e+02
3.846410012245178223e+02
3.846609909534454346e+02
3.846808342933654785e+02
3.847012770175933838e+02
3.847210803031921387e+02
3.847412137985229492e+02
3.847612390518188477e+02
3.847825586795806885e+02
3.848006906509399414e+02
3.848258402347564697e+02
3.848460071086883545e+02
3.848648545742034912e+02
3.848869662284851074e+02
3.849057064056396484e+02
3.849253928661346436e+02
3.849454679489135742e+02
3.849654848575592041e+02
3.849856457710266113e+02
3.850055432319641113e+02
3.850259156227111816e+02
3.850456495285034180e+02
3.850657746791839600e+02
3.850854458808898926e+02
3.851054592132568359e+02
3.851258139610290527e+02
3.851454858779907227e+02
3.851657834053039551e+02
3.851855225563049316e+02
3.852055103778839111e+02
3.852255609035491943e+02
3.852455186843872070e+02
3.852660436630249023e+02
3.852854397296905518e+02
3.853055398464202881e+02
3.853252031803131104e+02
3.853454866409301758e+02
3.853652122020721436e+02
3.853855190277099609e+02
3.854063491821289062e+02
3.854254920482635498e+02
3.854466679096221924e+02
3.854651749134063721e+02
3.854861516952514648e+02
3.855051505565643311e+02
3.855255491733551025e+02
3.855465736389160156e+02
3.855655980110168457e+02
3.855854756832122803e+02
3.856055061817169189e+02
3.856249451637268066e+02
3.856456322669982910e+02
3.856650564670562744e+02
3.856856946945190430e+02
3.857057604789733887e+02
3.857256596088409424e+02
3.857457108497619629e+02
3.857657716274261475e+02
3.857856407165527344e+02
3.858058097362518311e+02
3.858255665302276611e+02
3.858455965518951416e+02
3.858657498359680176e+02
3.858854680061340332e+02
3.859054920673370361e+02
3.859252028465270996e+02
3.859454748630523682e+02
3.859653732776641846e+02
3.859852647781372070e+02
3.860058352947235107e+02
3.860258464813232422e+02
3.860454189777374268e+02
3.860656616687774658e+02
3.860856280326843262e+02
3.861054036617279053e+02
3.861256685256958008e+02
3.861455726623535156e+02
3.861656827926635742e+02
3.861856412887573242e+02
3.862057528495788574e+02
3.862274813652038574e+02
3.862455012798309326e+02
3.862655754089355469e+02
3.862856702804565430e+02
3.863057830333709717e+02
3.863253908157348633e+02
3.863456196784973145e+02
3.863651971817016602e+02
3.863856079578399658e+02
3.864057426452636719e+02
3.864255607128143311e+02
3.864457447528839111e+02
3.864651598930358887e+02
3.864855716228485107e+02
3.865054926872253418e+02
3.865254838466644287e+02
3.865456058979034424e+02
3.865655705928802490e+02
3.865863831043243408e+02
3.866057877540588379e+02
3.866256561279296875e+02
3.866455914974212646e+02
3.866656048297882080e+02
3.866852016448974609e+02
3.867065825462341309e+02
3.867254738807678223e+02
3.867456429004669189e+02
3.867655291557312012e+02
3.867874286174774170e+02
3.868054177761077881e+02
3.868255095481872559e+02
3.868455004692077637e+02
3.868654484748840332e+02
3.868857011795043945e+02
3.869056422710418701e+02
3.869255576133728027e+02
3.869454421997070312e+02
3.869658288955688477e+02
3.869855639934539795e+02
3.870052616596221924e+02
3.870256736278533936e+02
3.870462551116943359e+02
3.870658049583435059e+02
3.870856363773345947e+02
3.871056325435638428e+02
3.871258080005645752e+02
3.871455714702606201e+02
3.871657984256744385e+02
3.871855742931365967e+02
3.872054631710052490e+02
3.872252533435821533e+02
3.872456967830657959e+02
3.872660679817199707e+02
3.872852070331573486e+02
3.873049879074096680e+02
3.873256862163543701e+02
3.873449623584747314e+02
3.873656334877014160e+02
3.873854382038116455e+02
3.874049706459045410e+02
3.874250242710113525e+02
3.874449331760406494e+02
3.874649679660797119e+02
3.874849510192871094e+02
3.875049343109130859e+02
3.875249500274658203e+02
3.875449357032775879e+02
3.875659375190734863e+02
3.875863637924194336e+02
3.876049606800079346e+02
3.876268219947814941e+02
3.876450421810150146e+02
3.876660246849060059e+02
3.876849644184112549e+02
3.877049629688262939e+02
3.877265636920928955e+02
3.877448732852935791e+02
3.877655301094055176e+02
3.877852795124053955e+02
3.878049952983856201e+02
3.878249714374542236e+02
3.878449678421020508e+02
3.878653793334960938e+02
3.878860745429992676e+02
3.879055297374725342e+02
3.879260096549987793e+02
3.879454894065856934e+02
3.879691095352172852e+02
3.879856498241424561e+02
3.880049850940704346e+02
3.880249874591827393e+02
3.880450060367584229e+02
3.880653066635131836e+02
3.880857839584350586e+02
3.881049900054931641e+02
3.881249608993530273e+02
3.881449580192565918e+02
3.881649782657623291e+02
3.881850202083587646e+02
3.882049858570098877e+02
3.882249593734741211e+02
3.882449378967285156e+02
3.882649619579315186e+02
3.882849307060241699e+02
3.883049271106719971e+02
3.883260488510131836e+02
3.883449456691741943e+02
3.883650174140930176e+02
3.883849291801452637e+02
3.884049310684204102e+02
3.884249205589294434e+02
3.884455869197845459e+02
3.884651126861572266e+02
3.884849817752838135e+02
3.885058302879333496e+02
3.885261046886444092e+02
3.885455245971679688e+02
3.885660502910614014e+02
3.885857443809509277e+02
3.886059544086456299e+02
3.886260139942169189e+02
3.886458516120910645e+02
3.886659672260284424e+02
3.886860623359680176e+02
3.887054836750030518e+02
3.887254745960235596e+02
3.887458198070526123e+02
3.887657577991485596e+02
3.887851037979125977e+02
3.888054285049438477e+02
3.888251211643218994e+02
3.888454780578613281e+02
3.888651697635650635e+02
3.888850860595703125e+02
3.889054868221282959e+02
3.889250655174255371e+02
3.889450590610504150e+02
3.889665226936340332e+02
3.889856088161468506e+02
3.890060944557189941e+02
3.890255265235900879e+02
3.890456194877624512e+02
3.890659241676330566e+02
3.890851662158966064e+02
3.891061582565307617e+02
3.891251296997070312e+02
3.891464347839355469e+02
3.891651198863983154e+02
3.891861155033111572e+02
3.892051072120666504e+02
3.892254836559295654e+02
3.892455449104309082e+02
3.892650384902954102e+02
3.892852957248687744e+02
3.893056709766387939e+02
3.893252174854278564e+02
3.893451247215270996e+02
3.893655426502227783e+02
3.893857288360595703e+02
3.894055850505828857e+02
3.894256865978240967e+02
3.894456634521484375e+02
3.894657986164093018e+02
3.894866886138916016e+02
3.895055811405181885e+02
3.895251150131225586e+02
3.895451703071594238e+02
3.895665142536163330e+02
3.895851368904113770e+02
3.896056225299835205e+02
3.896258516311645508e+02
3.896458630561828613e+02
3.896660742759704590e+02
3.896859986782073975e+02
3.897059750556945801e+02
3.897256667613983154e+02
3.897451481819152832e+02
3.897651684284210205e+02
3.897856428623199463e+02
3.898055722713470459e+02
3.898252029418945312e+02
3.898460099697113037e+02
3.898656871318817139e+02
3.898854653835296631e+02
3.899055631160736084e+02
3.899259250164031982e+02
3.899455859661102295e+02
3.899652624130249023e+02
3.899855210781097412e+02
3.900057857036590576e+02
3.900256085395812988e+02
3.900455319881439209e+02
3.900657329559326172e+02
3.900854308605194092e+02
3.901056714057922363e+02
3.901251661777496338e+02
3.901455862522125244e+02
3.901655957698822021e+02
3.901901216506958008e+02
3.902051506042480469e+02
3.902256588935852051e+02
3.902456004619598389e+02
3.902652621269226074e+02
3.902873091697692871e+02
3.903058598041534424e+02
3.903256938457489014e+02
3.903451349735260010e+02
3.903651401996612549e+02
3.903851130008697510e+02
3.904057285785675049e+02
3.904251151084899902e+02
3.904457082748413086e+02
3.904654350280761719e+02
3.904851720333099365e+02
3.905057473182678223e+02
3.905251908302307129e+02
3.905455501079559326e+02
3.905651319026947021e+02
3.905855331420898438e+02
3.906057884693145752e+02
3.906251568794250488e+02
3.906457855701446533e+02
3.906652290821075439e+02
3.906851701736450195e+02
3.907053391933441162e+02
3.907255663871765137e+02
3.907455973625183105e+02
3.907652034759521484e+02
3.907857575416564941e+02
3.908051257133483887e+02
3.908256795406341553e+02
3.908456516265869141e+02
3.908650345802307129e+02
3.908856005668640137e+02
3.909051764011383057e+02
3.909254620075225830e+02
3.909451448917388916e+02
3.909656121730804443e+02
3.909853470325469971e+02
3.910054798126220703e+02
3.910251500606536865e+02
3.910457062721252441e+02
3.910656700134277344e+02
3.910859446525573730e+02
3.911052367687225342e+02
3.911255702972412109e+02
3.911455981731414795e+02
3.911654953956604004e+02
3.911856031417846680e+02
3.912058744430541992e+02
3.912255051136016846e+02
3.912456796169281006e+02
3.912658059597015381e+02
3.912854652404785156e+02
3.913055438995361328e+02
3.913255472183227539e+02
3.913454825878143311e+02
3.913657584190368652e+02
3.913854033946990967e+02
3.914056949615478516e+02
3.914258553981781006e+02
3.914456012248992920e+02
3.914657833576202393e+02
3.914855928421020508e+02
3.915056543350219727e+02
3.915258285999298096e+02
3.915456190109252930e+02
3.915657389163970947e+02
3.915852978229522705e+02
3.916166439056396484e+02
3.916359612941741943e+02
3.916560485363006592e+02
3.916763491630554199e+02
3.916959877014160156e+02
3.917162787914276123e+02
3.917362716197967529e+02
3.917558379173278809e+02
3.917761633396148682e+02
3.917961208820343018e+02
3.918162131309509277e+02
3.918362390995025635e+02
3.918561060428619385e+02
3.918760385513305664e+02
3.918962028026580811e+02
3.919160192012786865e+02
3.919361944198608398e+02
3.919560098648071289e+02
3.919761619567871094e+02
3.919962215423583984e+02
3.920168581008911133e+02
3.920355026721954346e+02
3.920558354854583740e+02
3.920770335197448730e+02
3.920957863330841064e+02
3.921160831451416016e+02
3.921362526416778564e+02
3.921563601493835449e+02
3.921758258342742920e+02
3.921966309547424316e+02
3.922161970138549805e+02
3.922358264923095703e+02
3.922559933662414551e+02
3.922756547927856445e+02
3.922959527969360352e+02
3.923161282539367676e+02
3.923362112045288086e+02
3.923626983165740967e+02
3.923829801082611084e+02
3.924022071361541748e+02
3.924241254329681396e+02
3.924420664310455322e+02
3.924626522064208984e+02
3.924828186035156250e+02
3.925025260448455811e+02
3.925227260589599609e+02
3.925421106815338135e+02
3.925624916553497314e+02
3.925823860168457031e+02
3.926022732257843018e+02
3.926227340698242188e+02
3.926421880722045898e+02
3.926619217395782471e+02
3.926829223632812500e+02
3.927025935649871826e+02
3.927221860885620117e+02
3.927423858642578125e+02
3.927624120712280273e+02
3.927825129032135010e+02
3.928031599521636963e+02
3.928225710391998291e+02
3.928465542793273926e+02
3.928669559955596924e+02
3.928869285583496094e+02
3.929079098701477051e+02
3.929272964000701904e+02
3.929479782581329346e+02
3.929667460918426514e+02
3.929872841835021973e+02
3.930067515373229980e+02
3.930271513462066650e+02
3.930477540493011475e+02
3.930674989223480225e+02
3.930874648094177246e+02
3.931076290607452393e+02
3.931275496482849121e+02
3.931474442481994629e+02
3.931674838066101074e+02
3.931874527931213379e+02
3.932074537277221680e+02
3.932275404930114746e+02
3.932475910186767578e+02
3.932674603462219238e+02
3.932877123355865479e+02
3.933075454235076904e+02
3.933274502754211426e+02
3.933477678298950195e+02
3.933674564361572266e+02
3.933875503540039062e+02
3.934072198867797852e+02
3.934274280071258545e+02
3.934477469921112061e+02
3.934666967391967773e+02
3.934866919517517090e+02
3.935068995952606201e+02
3.935269632339477539e+02
3.935472586154937744e+02
3.935672490596771240e+02
3.935880708694458008e+02
3.936067693233489990e+02
3.936268784999847412e+02
3.936467418670654297e+02
3.936667339801788330e+02
3.936869673728942871e+02
3.937067828178405762e+02
3.937274856567382812e+02
3.937470867633819580e+02
3.937668421268463135e+02
3.937869067192077637e+02
3.938069205284118652e+02
3.938271527290344238e+02
3.938471875190734863e+02
3.938670835494995117e+02
3.938872840404510498e+02
3.939072093963623047e+02
3.939269945621490479e+02
3.939469594955444336e+02
3.939671351909637451e+02
3.939872102737426758e+02
3.940070958137512207e+02
3.940270884037017822e+02
3.940470571517944336e+02
3.940726840496063232e+02
3.940928301811218262e+02
3.941125228404998779e+02
3.941335580348968506e+02
3.941529226303100586e+02
3.941727643013000488e+02
3.941924920082092285e+02
3.942137742042541504e+02
3.942325448989868164e+02
3.942531065940856934e+02
3.942728388309478760e+02
3.942927637100219727e+02
3.943127770423889160e+02
3.943327519893646240e+02
3.943526804447174072e+02
3.943724007606506348e+02
3.943928275108337402e+02
3.944128830432891846e+02
3.944329602718353271e+02
3.944528491497039795e+02
3.944730064868927002e+02
3.944931030273437500e+02
3.945128023624420166e+02
3.945331008434295654e+02
3.945529816150665283e+02
3.945725224018096924e+02
3.945927422046661377e+02
3.946129305362701416e+02
3.946337316036224365e+02
3.946527364253997803e+02
3.946731019020080566e+02
3.946924118995666504e+02
3.947132391929626465e+02
3.947323665618896484e+02
3.947529153823852539e+02
3.947729749679565430e+02
3.947928991317749023e+02
3.948129465579986572e+02
3.948331012725830078e+02
3.948529851436614990e+02
3.948725495338439941e+02
3.948929433822631836e+02
3.949128708839416504e+02
3.949325993061065674e+02
3.949627368450164795e+02
3.949825322628021240e+02
3.950026652812957764e+02
3.950227003097534180e+02
3.950425097942352295e+02
3.950633180141448975e+02
3.950824387073516846e+02
3.951027572154998779e+02
3.951224782466888428e+02
3.951424772739410400e+02
3.951626455783843994e+02
3.951820943355560303e+02
3.952034447193145752e+02
3.952218208312988281e+02
3.952424941062927246e+02
3.952625131607055664e+02
3.952825140953063965e+02
3.953024871349334717e+02
3.953227393627166748e+02
3.953427815437316895e+02
3.953623986244201660e+02
3.953827636241912842e+02
3.954029211997985840e+02
3.954225821495056152e+02
3.954426589012145996e+02
3.954630551338195801e+02
3.954828429222106934e+02
3.955028228759765625e+02
3.955228614807128906e+02
3.955429916381835938e+02
3.955625503063201904e+02
3.955828518867492676e+02
3.956032097339630127e+02
3.956222643852233887e+02
3.956422858238220215e+02
3.956623334884643555e+02
3.956818096637725830e+02
3.957036314010620117e+02
3.957220041751861572e+02
3.957425289154052734e+02
3.957626209259033203e+02
3.957825088500976562e+02
3.958024041652679443e+02
3.958223183155059814e+02
3.958421695232391357e+02
3.958625955581665039e+02
3.958826448917388916e+02
3.959021637439727783e+02
3.959224140644073486e+02
3.959424934387207031e+02
3.959623432159423828e+02
3.959827380180358887e+02
3.960023787021636963e+02
3.960228779315948486e+02
3.960421299934387207e+02
3.960624051094055176e+02
3.960827791690826416e+02
3.961024425029754639e+02
3.961223638057708740e+02
3.961424801349639893e+02
3.961624536514282227e+02
3.961826248168945312e+02
3.962026724815368652e+02
3.962222664356231689e+02
3.962426891326904297e+02
3.962623758316040039e+02
3.962828295230865479e+02
3.963020098209381104e+02
3.963220036029815674e+02
3.963427755832672119e+02
3.963623232841491699e+02
3.963826663494110107e+02
3.964025456905364990e+02
3.964227888584136963e+02
3.964420769214630127e+02
3.964625713825225830e+02
3.964819028377532959e+02
3.965019125938415527e+02
3.965219285488128662e+02
3.965425341129302979e+02
3.965619201660156250e+02
3.965819098949432373e+02
3.966020781993865967e+02
3.966223895549774170e+02
3.966419177055358887e+02
3.966619119644165039e+02
3.966819071769714355e+02
3.967019715309143066e+02
3.967218787670135498e+02
3.967427625656127930e+02
3.967622122764587402e+02
3.967819170951843262e+02
3.968020694255828857e+02
3.968225812911987305e+02
3.968426792621612549e+02
3.968626046180725098e+02
3.968825871944427490e+02
3.969019453525543213e+02
3.969225034713745117e+02
3.969425675868988037e+02
3.969623062610626221e+02
3.969825534820556641e+02
3.970027093887329102e+02
3.970221371650695801e+02
3.970430908203125000e+02
3.970620965957641602e+02
3.970830214023590088e+02
3.971022472381591797e+02
3.971228971481323242e+02
3.971420488357543945e+02
3.971629912853240967e+02
3.971820681095123291e+02
3.972025547027587891e+02
3.972220551967620850e+02
3.972428090572357178e+02
3.972623794078826904e+02
3.972823719978332520e+02
3.973032531738281250e+02
3.973225519657135010e+02
3.973428041934967041e+02
3.973623139858245850e+02
3.973820960521697998e+02
3.974022097587585449e+02
3.974231805801391602e+02
3.974423112869262695e+02
3.974631338119506836e+02
3.974831299781799316e+02
3.975025825500488281e+02
3.975331501960754395e+02
3.975530505180358887e+02
3.975791621208190918e+02
3.975993580818176270e+02
3.976192648410797119e+02
3.976392757892608643e+02
3.976597197055816650e+02
3.976792235374450684e+02
3.976992285251617432e+02
3.977192542552947998e+02
3.977398531436920166e+02
3.977592952251434326e+02
3.977793183326721191e+02
3.977997951507568359e+02
3.978197205066680908e+02
3.978392992019653320e+02
3.978593111038208008e+02
3.978799877166748047e+02
3.978997590541839600e+02
3.979199523925781250e+02
3.979399895668029785e+02
3.979589264392852783e+02
3.979795322418212891e+02
3.979996867179870605e+02
3.980196316242218018e+02
3.980395190715789795e+02
3.980595943927764893e+02
3.980795755386352539e+02
3.980998413562774658e+02
3.981196439266204834e+02
3.981396541595458984e+02
3.981595222949981689e+02
3.981797628402709961e+02
3.982061390876770020e+02
3.982260344028472900e+02
3.982462592124938965e+02
3.982662324905395508e+02
3.982853143215179443e+02
3.983062322139739990e+02
3.983257300853729248e+02
3.983460385799407959e+02
3.983657233715057373e+02
3.983862152099609375e+02
3.984057435989379883e+02
3.984257290363311768e+02
3.984522676467895508e+02
3.984728763103485107e+02
3.984927780628204346e+02
3.985126450061798096e+02
3.985323927402496338e+02
3.985523025989532471e+02
3.985723872184753418e+02
3.985922763347625732e+02
3.986125950813293457e+02
3.986336798667907715e+02
3.986520433425903320e+02
3.986724057197570801e+02
3.986923356056213379e+02
3.987125952243804932e+02
3.987323548793792725e+02
3.987528173923492432e+02
3.987726833820343018e+02
3.987921469211578369e+02
3.988134920597076416e+02
3.988327870368957520e+02
3.988542692661285400e+02
3.988722069263458252e+02
3.988920876979827881e+02
3.989123988151550293e+02
3.989324567317962646e+02
3.989532098770141602e+02
3.989724173545837402e+02
3.989916076660156250e+02
3.990146119594573975e+02
3.990317783355712891e+02
3.990526938438415527e+02
3.990729076862335205e+02
3.990923190116882324e+02
3.991122865676879883e+02
3.991321308612823486e+02
3.991523356437683105e+02
3.991726908683776855e+02
3.991923747062683105e+02
3.992124025821685791e+02
3.992324669361114502e+02
3.992528185844421387e+02
3.992726986408233643e+02
3.992925577163696289e+02
3.993122744560241699e+02
3.993323397636413574e+02
3.993522546291351318e+02
3.993724551200866699e+02
3.993926329612731934e+02
3.994131426811218262e+02
3.994320085048675537e+02
3.994522535800933838e+02
3.994726581573486328e+02
3.994916081428527832e+02
3.995125687122344971e+02
3.995323450565338135e+02
3.995522933006286621e+02
3.995726385116577148e+02
3.995922083854675293e+02
3.996144466400146484e+02
3.996316742897033691e+02
3.996528458595275879e+02
3.996807513236999512e+02
3.996973855495452881e+02
3.997184500694274902e+02
3.997382771968841553e+02
3.997580244541168213e+02
3.997781219482421875e+02
3.997983250617980957e+02
3.998181455135345459e+02
3.998380949497222900e+02
3.998575749397277832e+02
3.998789181709289551e+02
3.998982641696929932e+02
3.999182257652282715e+02
3.999382421970367432e+02
3.999575879573822021e+02
3.999781911373138428e+02
3.999983997344970703e+02
4.000184402465820312e+02
4.000377388000488281e+02
4.000581638813018799e+02
4.000781166553497314e+02
4.001028060913085938e+02
4.001229043006896973e+02
4.001428623199462891e+02
4.001628038883209229e+02
4.001827831268310547e+02
4.002023632526397705e+02
4.002226924896240234e+02
4.002427067756652832e+02
4.002626852989196777e+02
4.002834386825561523e+02
4.003020184040069580e+02
4.003227703571319580e+02
4.003425521850585938e+02
4.003629212379455566e+02
4.003829112052917480e+02
4.004020259380340576e+02
4.004226834774017334e+02
4.004427847862243652e+02
4.004620976448059082e+02
4.004820485115051270e+02
4.005027785301208496e+02
4.005226891040802002e+02
4.005431702136993408e+02
4.005626318454742432e+02
4.005832207202911377e+02
4.006020479202270508e+02
4.006228351593017578e+02
4.006427612304687500e+02
4.006631176471710205e+02
4.006827640533447266e+02
4.007039077281951904e+02
4.007228741645812988e+02
4.007428696155548096e+02
4.007626411914825439e+02
4.007827227115631104e+02
4.008027980327606201e+02
4.008227174282073975e+02
4.008427147865295410e+02
4.008628959655761719e+02
4.008827250003814697e+02
4.009027793407440186e+02
4.009223911762237549e+02
4.009427807331085205e+02
4.009627170562744141e+02
4.009827198982238770e+02
4.010027699470520020e+02
4.010227565765380859e+02
4.010426719188690186e+02
4.010625841617584229e+02
4.010828137397766113e+02
4.011026937961578369e+02
4.011226034164428711e+02
4.011429283618927002e+02
4.011631617546081543e+02
4.011822783946990967e+02
4.012034738063812256e+02
4.012223155498504639e+02
4.012433016300201416e+02
4.012622621059417725e+02
4.012828299999237061e+02
4.013029875755310059e+02
4.013222818374633789e+02
4.013428356647491455e+02
4.013622648715972900e+02
4.013820619583129883e+02
4.014029741287231445e+02
4.014226596355438232e+02
4.014427292346954346e+02
4.014621803760528564e+02
4.014820916652679443e+02
4.015027627944946289e+02
4.015227224826812744e+02
4.015426192283630371e+02
4.015626213550567627e+02
4.015826113224029541e+02
4.016026611328125000e+02
4.016226093769073486e+02
4.016426002979278564e+02
4.016626155376434326e+02
4.016827180385589600e+02
4.017026741504669189e+02
4.017226593494415283e+02
4.017426743507385254e+02
4.017626795768737793e+02
4.017826521396636963e+02
4.018026573657989502e+02
4.018228025436401367e+02
4.018426461219787598e+02
4.018627090454101562e+02
4.018820443153381348e+02
4.019029700756072998e+02
4.019221076965332031e+02
4.019426660537719727e+02
4.019621245861053467e+02
4.019829056262969971e+02
4.020027387142181396e+02
4.020227587223052979e+02
4.020421159267425537e+02
4.020627000331878662e+02
4.020820300579071045e+02
4.021030697822570801e+02
4.021221039295196533e+02
4.021432988643646240e+02
4.021630804538726807e+02
4.021830654144287109e+02
4.022026522159576416e+02
4.022223992347717285e+02
4.022425150871276855e+02
4.022624237537384033e+02
4.022829384803771973e+02
4.023025524616241455e+02
4.023225746154785156e+02
4.023426723480224609e+02
4.023628611564636230e+02
4.023831343650817871e+02
4.024025688171386719e+02
4.024227473735809326e+02
4.024434740543365479e+02
4.024622552394866943e+02
4.024829218387603760e+02
4.025029325485229492e+02
4.025231981277465820e+02
4.025429172515869141e+02
4.025622665882110596e+02
4.025832636356353760e+02
4.026023008823394775e+02
4.026229791641235352e+02
4.026422815322875977e+02
4.026630792617797852e+02
4.026827247142791748e+02
4.027026507854461670e+02
4.027232646942138672e+02
4.027424252033233643e+02
4.027628271579742432e+02
4.027826845645904541e+02
4.028026723861694336e+02
4.028228058815002441e+02
4.028429419994354248e+02
4.028625347614288330e+02
4.028826577663421631e+02
4.029026374816894531e+02
4.029226400852203369e+02
4.029427461624145508e+02
4.029627463817596436e+02
4.029837141036987305e+02
4.030027055740356445e+02
4.030227870941162109e+02
4.030422818660736084e+02
4.030629806518554688e+02
4.030822851657867432e+02
4.031028523445129395e+02
4.031229565143585205e+02
4.031422324180603027e+02
4.031628749370574951e+02
4.031829447746276855e+02
4.032027480602264404e+02
4.032229058742523193e+02
4.032424938678741455e+02
4.032626581192016602e+02
4.032831959724426270e+02
4.033026130199432373e+02
4.033225750923156738e+02
4.033426260948181152e+02
4.033625559806823730e+02
4.033826777935028076e+02
4.034034347534179688e+02
4.034221882820129395e+02
4.034425475597381592e+02
4.034626309871673584e+02
4.034825487136840820e+02
4.035025637149810791e+02
4.035226209163665771e+02
4.035426471233367920e+02
4.035625877380371094e+02
4.035826096534729004e+02
4.036029875278472900e+02
4.036228947639465332e+02
4.036426105499267578e+02
4.036630697250366211e+02
4.036826770305633545e+02
4.037032735347747803e+02
4.037227866649627686e+02
4.037428829669952393e+02
4.037627182006835938e+02
4.037826399803161621e+02
4.038026027679443359e+02
4.038225908279418945e+02
4.038430266380310059e+02
4.038625271320343018e+02
4.038827378749847412e+02
4.039029228687286377e+02
4.039226641654968262e+02
4.039427220821380615e+02
4.039623897075653076e+02
4.039829375743865967e+02
4.040022928714752197e+02
4.040233914852142334e+02
4.040427696704864502e+02
4.040628955364227295e+02
4.040824041366577148e+02
4.041030211448669434e+02
4.041229407787322998e+02
4.041429898738861084e+02
4.041631987094879150e+02
4.041827621459960938e+02
4.042034480571746826e+02
4.042223014831542969e+02
4.042432100772857666e+02
4.042632691860198975e+02
4.042830097675323486e+02
4.043031852245330811e+02
4.043230497837066650e+02
4.043425261974334717e+02
4.043627009391784668e+02
4.043828425407409668e+02
4.044022994041442871e+02
4.044230036735534668e+02
4.044426808357238770e+02
4.044627263545989990e+02
4.044822356700897217e+02
4.045029609203338623e+02
4.045228655338287354e+02
4.045479242801666260e+02
4.045678980350494385e+02
4.045932521820068359e+02
4.046127893924713135e+02
4.046330120563507080e+02
4.046526513099670410e+02
4.046727006435394287e+02
4.047020237445831299e+02
4.047216203212738037e+02
4.047418382167816162e+02
4.047619249820709229e+02
4.047816774845123291e+02
4.048019843101501465e+02
4.048220181465148926e+02
4.048421339988708496e+02
4.048616850376129150e+02
4.048820762634277344e+02
4.049016366004943848e+02
4.049219512939453125e+02
4.049421348571777344e+02
4.049620904922485352e+02
4.049821140766143799e+02
4.050021269321441650e+02
4.050221693515777588e+02
4.050420701503753662e+02
4.050627632141113281e+02
4.050819942951202393e+02
4.051019725799560547e+02
4.051239442825317383e+02
4.051418328285217285e+02
4.051631140708923340e+02
4.051822216510772705e+02
4.052018671035766602e+02
4.052221002578735352e+02
4.052418410778045654e+02
4.052620692253112793e+02
4.052821538448333740e+02
4.053022165298461914e+02
4.053220438957214355e+02
4.053420071601867676e+02
4.053621902465820312e+02
4.053821802139282227e+02
4.054026775360107422e+02
4.054217956066131592e+02
4.054418988227844238e+02
4.054620354175567627e+02
4.054822151660919189e+02
4.055028181076049805e+02
4.055224533081054688e+02
4.055416383743286133e+02
4.055619702339172363e+02
4.055818514823913574e+02
4.056019001007080078e+02
4.056219027042388916e+02
4.056418647766113281e+02
4.056619338989257812e+02
4.056818830966949463e+02
4.057019569873809814e+02
4.057223544120788574e+02
4.057420952320098877e+02
4.057614438533782959e+02
4.057822344303131104e+02
4.058013660907745361e+02
4.058220784664154053e+02
4.058420672416687012e+02
4.058614602088928223e+02
4.058820180892944336e+02
4.059015276432037354e+02
4.059214944839477539e+02
4.059414553642272949e+02
4.059615268707275391e+02
4.059814631938934326e+02
4.060022423267364502e+02
4.060219242572784424e+02
4.060423023700714111e+02
4.060625426769256592e+02
4.060819213390350342e+02
4.061016721725463867e+02
4.061222269535064697e+02
4.061418542861938477e+02
4.061622166633605957e+02
4.061820945739746094e+02
4.062021362781524658e+02
4.062224824428558350e+02
4.062425160408020020e+02
4.062619731426239014e+02
4.062819163799285889e+02
4.063019180297851562e+02
4.063218739032745361e+02
4.063417572975158691e+02
4.063615272045135498e+02
4.063821032047271729e+02
4.064023034572601318e+02
4.064220752716064453e+02
4.064420516490936279e+02
4.064620535373687744e+02
4.064820754528045654e+02
4.065020651817321777e+02
4.065220193862915039e+02
4.065421233177185059e+02
4.065619699954986572e+02
4.065819292068481445e+02
4.066024887561798096e+02
4.066217217445373535e+02
4.066414554119110107e+02
4.066614320278167725e+02
4.066819398403167725e+02
4.067013714313507080e+02
4.067215995788574219e+02
4.067420544624328613e+02
4.067619900703430176e+02
4.067821788787841797e+02
4.068019785881042480e+02
4.068220555782318115e+02
4.068414375782012939e+02
4.068618264198303223e+02
4.068821141719818115e+02
4.069019155502319336e+02
4.069221625328063965e+02
4.069422330856323242e+02
4.069620811939239502e+02
4.069819295406341553e+02
4.070025138854980469e+02
4.070220241546630859e+02
4.070421185493469238e+02
4.070616912841796875e+02
4.070826661586761475e+02
4.071013641357421875e+02
4.071221036911010742e+02
4.071421775817871094e+02
4.071621327400207520e+02
4.071820750236511230e+02
4.072020468711853027e+02
4.072228105068206787e+02
4.072420930862426758e+02
4.072621381282806396e+02
4.072821304798126221e+02
4.073020632266998291e+02
4.073221321105957031e+02
4.073421304225921631e+02
4.073619120121002197e+02
4.073817830085754395e+02
4.074024486541748047e+02
4.074218311309814453e+02
4.074420428276062012e+02
4.074620471000671387e+02
4.074821553230285645e+02
4.075020077228546143e+02
4.075222535133361816e+02
4.075414462089538574e+02
4.075626459121704102e+02
4.075825412273406982e+02
4.076014952659606934e+02
4.076220004558563232e+02
4.076421153545379639e+02
4.076620023250579834e+02
4.076822121143341064e+02
4.077015821933746338e+02
4.077221946716308594e+02
4.077422027587890625e+02
4.077621049880981445e+02
4.077814788818359375e+02
4.078015077114105225e+02
4.078215374946594238e+02
4.078415043354034424e+02
4.078614799976348877e+02
4.078814880847930908e+02
4.079015240669250488e+02
4.079220664501190186e+02
4.079414951801300049e+02
4.079615309238433838e+02
4.079814686775207520e+02
4.080015261173248291e+02
4.080214939117431641e+02
4.080414731502532959e+02
4.080614993572235107e+02
4.080814976692199707e+02
4.081014776229858398e+02
4.081221427917480469e+02
4.081415073871612549e+02
4.081614966392517090e+02
4.081815073490142822e+02
4.082014954090118408e+02
4.082214777469635010e+02
4.082414922714233398e+02
4.082614686489105225e+02
4.082815012931823730e+02
4.083014688491821289e+02
4.083214812278747559e+02
4.083415372371673584e+02
4.083615145683288574e+02
4.083814864158630371e+02
4.084014751911163330e+02
4.084214687347412109e+02
4.084414687156677246e+02
4.084614701271057129e+02
4.084814891815185547e+02
4.085015356540679932e+02
4.085214703083038330e+02
4.085414810180664062e+02
4.085614771842956543e+02
4.085815379619598389e+02
4.086015436649322510e+02
4.086214647293090820e+02
4.086414835453033447e+02
4.086614763736724854e+02
4.086814794540405273e+02
4.087015061378479004e+02
4.087214651107788086e+02
4.087414913177490234e+02
4.087614746093750000e+02
4.087814879417419434e+02
4.088015031814575195e+02
4.088214657306671143e+02
4.088414850234985352e+02
4.088614773750305176e+02
4.088814721107482910e+02
4.089015135765075684e+02
4.089214439392089844e+02
4.089414680004119873e+02
4.089614703655242920e+02
4.089814691543579102e+02
4.090014870166778564e+02
4.090215506553649902e+02
4.090414805412292480e+02
4.090614821910858154e+02
4.090814833641052246e+02
4.091015322208404541e+02
4.091214714050292969e+02
4.091414749622344971e+02
4.091614699363708496e+02
4.091815700531005859e+02
4.092015457153320312e+02
4.092214496135711670e+02
4.092414915561676025e+02
4.092614741325378418e+02
4.092814838886260986e+02
4.093015232086181641e+02
4.093215112686157227e+02
4.093414921760559082e+02
4.093614768981933594e+02
4.093815181255340576e+02
4.094015998840332031e+02
4.094214498996734619e+02
4.094415044784545898e+02
4.094614846706390381e+02
4.094814901351928711e+02
4.095014760494232178e+02
4.095215094089508057e+02
4.095414741039276123e+02
4.095614924430847168e+02
4.095814685821533203e+02
4.096015174388885498e+02
4.096214828491210938e+02
4.096415028572082520e+02
4.096614737510681152e+02
4.096815595626831055e+02
4.097014913558959961e+02
4.097214851379394531e+02
4.097414929866790771e+02
4.097614922523498535e+02
4.097814984321594238e+02
4.098014876842498779e+02
4.098215048313140869e+02
4.098415846824645996e+02
4.098620283603668213e+02
4.098823404312133789e+02
4.099021151065826416e+02
4.099218246936798096e+02
4.099419846534729004e+02
4.099620766639709473e+02
4.099824051856994629e+02
4.100021588802337646e+02
4.100221085548400879e+02
4.100420534610748291e+02
4.100621294975280762e+02
4.100829758644104004e+02
4.101024413108825684e+02
4.101216270923614502e+02
4.101416668891906738e+02
4.101619102954864502e+02
4.101819131374359131e+02
4.102014355659484863e+02
4.102230520248413086e+02
4.102423141002655029e+02
4.102626261711120605e+02
4.102821767330169678e+02
4.103018572330474854e+02
4.103221862316131592e+02
4.103425045013427734e+02
4.103620412349700928e+02
4.103818104267120361e+02
4.104023685455322266e+02
4.104220743179321289e+02
4.104421398639678955e+02
4.104624764919281006e+02
4.104817764759063721e+02
4.105023190975189209e+02
4.105221595764160156e+02
4.105416715145111084e+02
4.105619137287139893e+02
4.105821049213409424e+02
4.106022508144378662e+02
4.106223447322845459e+02
4.106416137218475342e+02
4.106619040966033936e+02
4.106821467876434326e+02
4.107037146091461182e+02
4.107221512794494629e+02
4.107422225475311279e+02
4.107629008293151855e+02
4.107825908660888672e+02
4.108025734424591064e+02
4.108224816322326660e+02
4.108420176506042480e+02
4.108623583316802979e+02
4.108824262619018555e+02
4.109023485183715820e+02
4.109231340885162354e+02
4.109418609142303467e+02
4.109621179103851318e+02
4.109820847511291504e+02
4.110024237632751465e+02
4.110224699974060059e+02
4.110420815944671631e+02
4.110619783401489258e+02
4.110821390151977539e+02
4.111025149822235107e+02
4.111218535900115967e+02
4.111421425342559814e+02
4.111624760627746582e+02
4.111824193000793457e+02
4.112020199298858643e+02
4.112221794128417969e+02
4.112420120239257812e+02
4.112619862556457520e+02
4.112821681499481201e+02
4.113016965389251709e+02
4.113224275112152100e+02
4.113418598175048828e+02
4.113621861934661865e+02
4.113816473484039307e+02
4.114026250839233398e+02
4.114218058586120605e+02
4.114417438507080078e+02
4.114619784355163574e+02
4.114819934368133545e+02
4.115014376640319824e+02
4.115220744609832764e+02
4.115413382053375244e+02
4.115621502399444580e+02
4.115825619697570801e+02
4.116017150878906250e+02
4.116215035915374756e+02
4.116416676044464111e+02
4.116614472866058350e+02
4.116821181774139404e+02
4.117020204067230225e+02
4.117221033573150635e+02
4.117428328990936279e+02
4.117616515159606934e+02
4.117821137905120850e+02
4.118019475936889648e+02
4.118230240345001221e+02
4.118417699337005615e+02
4.118684511184692383e+02
4.118891692161560059e+02
4.119086537361145020e+02
4.119287812709808350e+02
4.119486346244812012e+02
4.119695277214050293e+02
4.119885842800140381e+02
4.120086810588836670e+02
4.120284593105316162e+02
4.120484941005706787e+02
4.120685801506042480e+02
4.120889871120452881e+02
4.121085236072540283e+02
4.121290228366851807e+02
4.121486577987670898e+02
4.121686215400695801e+02
4.121886036396026611e+02
4.122188327312469482e+02
4.122385249137878418e+02
4.122585890293121338e+02
4.122787723541259766e+02
4.122985742092132568e+02
4.123188426494598389e+02
4.123390359878540039e+02
4.123579001426696777e+02
4.123782608509063721e+02
4.123992049694061279e+02
4.124189291000366211e+02
4.124380373954772949e+02
4.124586789608001709e+02
4.124787142276763916e+02
4.124987046718597412e+02
4.125188350677490234e+02
4.125386745929718018e+02
4.125586481094360352e+02
4.125785984992980957e+02
4.125985994338989258e+02
4.126185517311096191e+02
4.126385066509246826e+02
4.126585032939910889e+02
4.126785473823547363e+02
4.126984028816223145e+02
4.127186601161956787e+02
4.127384381294250488e+02
4.127584636211395264e+02
4.127786192893981934e+02
4.127983016967773438e+02
4.128187487125396729e+02
4.128381316661834717e+02
4.128584988117218018e+02
4.128785941600799561e+02
4.128980627059936523e+02
4.129183657169342041e+02
4.129383504390716553e+02
4.129580180644989014e+02
4.129780561923980713e+02
4.129979870319366455e+02
4.130181152820587158e+02
4.130379998683929443e+02
4.130588803291320801e+02
4.130779542922973633e+02
4.130986232757568359e+02
4.131184694766998291e+02
4.131388018131256104e+02
4.131585590839385986e+02
4.131782238483428955e+02
4.131983993053436279e+02
4.132182114124298096e+02
4.132387716770172119e+02
4.132587063312530518e+02
4.132791078090667725e+02
4.132990241050720215e+02
4.133184475898742676e+02
4.133385088443756104e+02
4.133587818145751953e+02
4.133785526752471924e+02
4.133980553150177002e+02
4.134185426235198975e+02
4.134384891986846924e+02
4.134586281776428223e+02
4.134785802364349365e+02
4.134986445903778076e+02
4.135192432403564453e+02
4.135382103919982910e+02
4.135597369670867920e+02
4.135782480239868164e+02
4.135987923145294189e+02
4.136182293891906738e+02
4.136387302875518799e+02
4.136582005023956299e+02
4.136782345771789551e+02
4.136981844902038574e+02
4.137182927131652832e+02
4.137386498451232910e+02
4.137585601806640625e+02
4.137785873413085938e+02
4.137984507083892822e+02
4.138185296058654785e+02
4.138382349014282227e+02
4.138587791919708252e+02
4.138786771297454834e+02
4.138990805149078369e+02
4.139189879894256592e+02
4.139382410049438477e+02
4.139592554569244385e+02
4.139782142639160156e+02
4.139992516040802002e+02
4.140188293457031250e+02
4.140382370948791504e+02
4.140582029819488525e+02
4.140787913799285889e+02
4.140987868309020996e+02
4.141186709403991699e+02
4.141391510963439941e+02
4.141586332321166992e+02
4.141787569522857666e+02
4.141987612247467041e+02
4.142183485031127930e+02
4.142385189533233643e+02
4.142586860656738281e+02
4.142788014411926270e+02
4.142982475757598877e+02
4.143188352584838867e+02
4.143516881465911865e+02
4.143709547519683838e+02
4.143979856967926025e+02
4.144181141853332520e+02
4.144382200241088867e+02
4.144584105014801025e+02
4.144783115386962891e+02
4.144975709915161133e+02
4.145180840492248535e+02
4.145381526947021484e+02
4.145576062202453613e+02
4.145780410766601562e+02
4.145975775718688965e+02
4.146176450252532959e+02
4.146378660202026367e+02
4.146578495502471924e+02
4.146783969402313232e+02
4.146979634761810303e+02
4.147181670665740967e+02
4.147375922203063965e+02
4.147585721015930176e+02
4.147773432731628418e+02
4.147980334758758545e+02
4.148181257247924805e+02
4.148380880355834961e+02
4.148580548763275146e+02
4.148790106773376465e+02
4.148985702991485596e+02
4.149178562164306641e+02
4.149381222724914551e+02
4.149578702449798584e+02
4.149781012535095215e+02
4.150003645420074463e+02
4.150180711746215820e+02
4.150376760959625244e+02
4.150584948062896729e+02
4.150778117179870605e+02
4.150989241600036621e+02
4.151180760860443115e+02
4.151377410888671875e+02
4.151586351394653320e+02
4.151777188777923584e+02
4.151981194019317627e+02
4.152183184623718262e+02
4.152376317977905273e+02
4.152581684589385986e+02
4.152775661945343018e+02
4.152992644309997559e+02
4.153178076744079590e+02
4.153378181457519531e+02
4.153606290817260742e+02
4.153776638507843018e+02
4.153980166912078857e+02
4.154181375503540039e+02
4.154380705356597900e+02
4.154580419063568115e+02
4.154781148433685303e+02
4.154978735446929932e+02
4.155187435150146484e+02
4.155383486747741699e+02
4.155581562519073486e+02
4.155775711536407471e+02
4.155982060432434082e+02
4.156186475753784180e+02
4.156375393867492676e+02
4.156581280231475830e+02
4.156783373355865479e+02
4.156987459659576416e+02
4.157182562351226807e+02
4.157381656169891357e+02
4.157578914165496826e+02
4.157779474258422852e+02
4.157986645698547363e+02
4.158183743953704834e+02
4.158383073806762695e+02
4.158583519458770752e+02
4.158779952526092529e+02
4.158987712860107422e+02
4.159186086654663086e+02
4.159383034706115723e+02
4.159579963684082031e+02
4.159782266616821289e+02
4.159988360404968262e+02
4.160183050632476807e+02
4.160378718376159668e+02
4.160583724975585938e+02
4.160783965587615967e+02
4.160991082191467285e+02
4.161176240444183350e+02
4.161376407146453857e+02
4.161580994129180908e+02
4.161779608726501465e+02
4.161980502605438232e+02
4.162179126739501953e+02
4.162377531528472900e+02
4.162582104206085205e+02
4.162781450748443604e+02
4.163088152408599854e+02
4.163287293910980225e+02
4.163486971855163574e+02
4.163687152862548828e+02
4.163886821269989014e+02
4.164085617065429688e+02
4.164292700290679932e+02
4.164488921165466309e+02
4.164687507152557373e+02
4.164889204502105713e+02
4.165086295604705811e+02
4.165291357040405273e+02
4.165493242740631104e+02
4.165687301158905029e+02
4.165887076854705811e+02
4.166087913513183594e+02
4.166286358833312988e+02
4.166492619514465332e+02
4.166688501834869385e+02
4.166885831356048584e+02
4.167087821960449219e+02
4.167287378311157227e+02
4.167486405372619629e+02
4.167688522338867188e+02
4.167887618541717529e+02
4.168093204498291016e+02
4.168280243873596191e+02
4.168491938114166260e+02
4.168685805797576904e+02
4.168887374401092529e+02
4.169087414741516113e+02
4.169287490844726562e+02
4.169493794441223145e+02
4.169681720733642578e+02
4.169885497093200684e+02
4.170085813999176025e+02
4.170286879539489746e+02
4.170486717224121094e+02
4.170688831806182861e+02
4.170893924236297607e+02
4.171086566448211670e+02
4.171287047863006592e+02
4.171492216587066650e+02
4.171687335968017578e+02
4.171885447502136230e+02
4.172093636989593506e+02
4.172283480167388916e+02
4.172490661144256592e+02
4.172683594226837158e+02
4.172888281345367432e+02
4.173091278076171875e+02
4.173290967941284180e+02
4.173485126495361328e+02
4.173685872554779053e+02
4.173893849849700928e+02
4.174082891941070557e+02
4.174289913177490234e+02
4.174482798576354980e+02
4.174692881107330322e+02
4.174882040023803711e+02
4.175085859298706055e+02
4.175286526679992676e+02
4.175487797260284424e+02
4.175682954788208008e+02
4.175888540744781494e+02
4.176084287166595459e+02
4.176285564899444580e+02
4.176485860347747803e+02
4.176686956882476807e+02
4.176886372566223145e+02
4.177086920738220215e+02
4.177286031246185303e+02
4.177487330436706543e+02
4.177686178684234619e+02
4.177884960174560547e+02
4.178083269596099854e+02
4.178282492160797119e+02
4.178483252525329590e+02
4.178685488700866699e+02
4.178886804580688477e+02
4.179086322784423828e+02
4.179282836914062500e+02
4.179485342502593994e+02
4.179685115814208984e+02
4.179890551567077637e+02
4.180088765621185303e+02
4.180282819271087646e+02
4.180488495826721191e+02
4.180686745643615723e+02
4.180887248516082764e+02
4.181082849502563477e+02
4.181280059814453125e+02
4.181481430530548096e+02
4.181685030460357666e+02
4.181883645057678223e+02
4.182082448005676270e+02
4.182286121845245361e+02
4.182483456134796143e+02
4.182691397666931152e+02
4.182883574962615967e+02
4.183087635040283203e+02
4.183283183574676514e+02
4.183485538959503174e+02
4.183686480522155762e+02
4.183885712623596191e+02
4.184090013504028320e+02
4.184286572933197021e+02
4.184486820697784424e+02
4.184684255123138428e+02
4.184886472225189209e+02
4.185087823867797852e+02
4.185287649631500244e+02
4.185490057468414307e+02
4.185683298110961914e+02
4.185888664722442627e+02
4.186082642078399658e+02
4.186286714076995850e+02
4.186480007171630859e+02
4.186693925857543945e+02
4.186886649131774902e+02
4.187086684703826904e+02
4.187286376953125000e+02
4.187487940788269043e+02
4.187687404155731201e+02
4.187887215614318848e+02
4.188085994720458984e+02
4.188286221027374268e+02
4.188487670421600342e+02
4.188688120841979980e+02
4.188879935741424561e+02
4.189086630344390869e+02
4.189279558658599854e+02
4.189486196041107178e+02
4.189686291217803955e+02
4.189888350963592529e+02
4.190086631774902344e+02
4.190288424491882324e+02
4.190550887584686279e+02
4.190751788616180420e+02
4.190949938297271729e+02
4.191152527332305908e+02
4.191354987621307373e+02
4.191553370952606201e+02
4.191754002571105957e+02
4.191953401565551758e+02
4.192149336338043213e+02
4.192352211475372314e+02
4.192547476291656494e+02
4.192755215167999268e+02
4.192954018115997314e+02
4.193155312538146973e+02
4.193345210552215576e+02
4.193548414707183838e+02
4.193748323917388916e+02
4.193946118354797363e+02
4.194157693386077881e+02
4.194343245029449463e+02
4.194559345245361328e+02
4.194753689765930176e+02
4.194948806762695312e+02
4.195150852203369141e+02
4.195408213138580322e+02
4.195617203712463379e+02
4.195817596912384033e+02
4.196014425754547119e+02
4.196227514743804932e+02
4.196410627365112305e+02
4.196612579822540283e+02
4.196808545589447021e+02
4.197012326717376709e+02
4.197215626239776611e+02
4.197414968013763428e+02
4.197614800930023193e+02
4.197816417217254639e+02
4.198021731376647949e+02
4.198215949535369873e+02
4.198419189453125000e+02
4.198611576557159424e+02
4.198809351921081543e+02
4.199009332656860352e+02
4.199223875999450684e+02
4.199408411979675293e+02
4.199609549045562744e+02
4.199809422492980957e+02
4.200009374618530273e+02
4.200209462642669678e+02
4.200409288406372070e+02
4.200610682964324951e+02
4.200809450149536133e+02
4.201009435653686523e+02
4.201209602355957031e+02
4.201409783363342285e+02
4.201609692573547363e+02
4.201809785366058350e+02
4.202009510993957520e+02
4.202210183143615723e+02
4.202409341335296631e+02
4.202609562873840332e+02
4.202809305191040039e+02
4.203009295463562012e+02
4.203209464550018311e+02
4.203409428596496582e+02
4.203609745502471924e+02
4.203809771537780762e+02
4.204009599685668945e+02
4.204209823608398438e+02
4.204409432411193848e+02
4.204609751701354980e+02
4.204809138774871826e+02
4.205009756088256836e+02
4.205209245681762695e+02
4.205409352779388428e+02
4.205609927177429199e+02
4.205809364318847656e+02
4.206009345054626465e+02
4.206210248470306396e+02
4.206409256458282471e+02
4.206609904766082764e+02
4.206809535026550293e+02
4.207009477615356445e+02
4.207209892272949219e+02
4.207409572601318359e+02
4.207609221935272217e+02
4.207809658050537109e+02
4.208009316921234131e+02
4.208209555149078369e+02
4.208409886360168457e+02
4.208609383106231689e+02
4.208809742927551270e+02
4.209009556770324707e+02
4.209209313392639160e+02
4.209409270286560059e+02
4.209609205722808838e+02
4.209809265136718750e+02
4.210009078979492188e+02
4.210214843750000000e+02
4.210409486293792725e+02
4.210609729290008545e+02
4.210809464454650879e+02
4.211009371280670166e+02
4.211209404468536377e+02
4.211409261226654053e+02
4.211609280109405518e+02
4.211809480190277100e+02
4.212009160518646240e+02
4.212209632396697998e+02
4.212409088611602783e+02
4.212609214782714844e+02
4.212809314727783203e+02
4.213009257316589355e+02
4.213209495544433594e+02
4.213409373760223389e+02
4.213609449863433838e+02
4.213809306621551514e+02
4.214017369747161865e+02
4.214219548702239990e+02
4.214417772293090820e+02
4.214611268043518066e+02
4.214818587303161621e+02
4.215019643306732178e+02
4.215215404033660889e+02
4.215421473979949951e+02
4.215615131855010986e+02
4.215864801406860352e+02
4.216062753200531006e+02
4.216262247562408447e+02
4.216462874412536621e+02
4.216662869453430176e+02
4.216864249706268311e+02
4.217063755989074707e+02
4.217315092086791992e+02
4.217515597343444824e+02
4.217712550163269043e+02
4.217913053035736084e+02
4.218112874031066895e+02
4.218308975696563721e+02
4.218515717983245850e+02
4.218712615966796875e+02
4.218913307189941406e+02
4.219113254547119141e+02
4.219312767982482910e+02
4.219513802528381348e+02
4.219706366062164307e+02
4.219914987087249756e+02
4.220112512111663818e+02
4.220313892364501953e+02
4.220512752532958984e+02
4.220713350772857666e+02
4.220913255214691162e+02
4.221109638214111328e+02
4.221317622661590576e+02
4.221514496803283691e+02
4.221713945865631104e+02
4.221912395954132080e+02
4.222109177112579346e+02
4.222316653728485107e+02
4.222518560886383057e+02
4.222712330818176270e+02
4.222911849021911621e+02
4.223114445209503174e+02
4.223308947086334229e+02
4.223514459133148193e+02
4.223713040351867676e+02
4.223913748264312744e+02
4.224106585979461670e+02
4.224318523406982422e+02
4.224514098167419434e+02
4.224712615013122559e+02
4.224910871982574463e+02
4.225115480422973633e+02
4.225310006141662598e+02
4.225512528419494629e+02
4.225715522766113281e+02
4.225915901660919189e+02
4.226115400791168213e+02
4.226318283081054688e+02
4.226517152786254883e+02
4.226716382503509521e+02
4.226908700466156006e+02
4.227116813659667969e+02
4.227317123413085938e+02
4.227514345645904541e+02
4.227716207504272461e+02
4.227917497158050537e+02
4.228112726211547852e+02
4.228314929008483887e+02
4.228517484664916992e+02
4.228713324069976807e+02
4.228918323516845703e+02
4.229113333225250244e+02
4.229313519001007080e+02
4.229514007568359375e+02
4.229713149070739746e+02
4.229913032054901123e+02
4.230115823745727539e+02
4.230308413505554199e+02
4.230515451431274414e+02
4.230707085132598877e+02
4.230916571617126465e+02
4.231111443042755127e+02
4.231314201354980469e+02
4.231513910293579102e+02
4.231714880466461182e+02
4.231913805007934570e+02
4.232114224433898926e+02
4.232313580513000488e+02
4.232526183128356934e+02
4.232709555625915527e+02
4.232919933795928955e+02
4.233113758563995361e+02
4.233317873477935791e+02
4.233515305519104004e+02
4.233712697029113770e+02
4.233916580677032471e+02
4.234113073348999023e+02
4.234315531253814697e+02
4.234513590335845947e+02
4.234718692302703857e+02
4.234972250461578369e+02
4.235177378654479980e+02
4.235367934703826904e+02
4.235581622123718262e+02
4.235836243629455566e+02
4.236036980152130127e+02
4.236232988834381104e+02
4.236436908245086670e+02
4.236637067794799805e+02
4.236839141845703125e+02
4.237042756080627441e+02
4.237235853672027588e+02
4.237440075874328613e+02
4.237634649276733398e+02
4.237859973907470703e+02
4.238035728931427002e+02
4.238229732513427734e+02
4.238436264991760254e+02
4.238636114597320557e+02
4.238836610317230225e+02
4.239036796092987061e+02
4.239236636161804199e+02
4.239437015056610107e+02
4.239638078212738037e+02
4.239833903312683105e+02
4.240031776428222656e+02
4.240232870578765869e+02
4.240430271625518799e+02
4.240632207393646240e+02
4.240839717388153076e+02
4.241043059825897217e+02
4.241236701011657715e+02
4.241437532901763916e+02
4.241637408733367920e+02
4.241837918758392334e+02
4.242036867141723633e+02
4.242237200736999512e+02
4.242437109947204590e+02
4.242636730670928955e+02
4.242838761806488037e+02
4.243036954402923584e+02
4.243236596584320068e+02
4.243437845706939697e+02
4.243637056350708008e+02
4.243836750984191895e+02
4.244029977321624756e+02
4.244237036705017090e+02
4.244437589645385742e+02
4.244630360603332520e+02
4.244829375743865967e+02
4.245035784244537354e+02
4.245236234664916992e+02
4.245431897640228271e+02
4.245635733604431152e+02
4.245835840702056885e+02
4.246031186580657959e+02
4.246236112117767334e+02
4.246436457633972168e+02
4.246637690067291260e+02
4.246833186149597168e+02
4.247035329341888428e+02
4.247235207557678223e+02
4.247436580657958984e+02
4.247635147571563721e+02
4.247836287021636963e+02
4.248036012649536133e+02
4.248236651420593262e+02
4.248436875343322754e+02
4.248635723590850830e+02
4.248836226463317871e+02
4.249035789966583252e+02
4.249237012863159180e+02
4.249436681270599365e+02
4.249749019145965576e+02
4.249949018955230713e+02
4.250149149894714355e+02
4.250350701808929443e+02
4.250547869205474854e+02
4.250749156475067139e+02
4.250949313640594482e+02
4.251148838996887207e+02
4.251341814994812012e+02
4.251549999713897705e+02
4.251745359897613525e+02
4.251946191787719727e+02
4.252142910957336426e+02
4.252342431545257568e+02
4.252542886734008789e+02
4.252743129730224609e+02
4.252955074310302734e+02
4.253145046234130859e+02
4.253348183631896973e+02
4.253559298515319824e+02
4.253750021457672119e+02
4.253952376842498779e+02
4.254149985313415527e+02
4.254348120689392090e+02
4.254547300338745117e+02
4.254748821258544922e+02
4.254953150749206543e+02
4.255149412155151367e+02
4.255351226329803467e+02
4.255548982620239258e+02
4.255748713016510010e+02
4.255952734947204590e+02
4.256147847175598145e+02
4.256347858905792236e+02
4.256547889709472656e+02
4.256748244762420654e+02
4.256957693099975586e+02
4.257146484851837158e+02
4.257352600097656250e+02
4.257546730041503906e+02
4.257755122184753418e+02
4.257946848869323730e+02
4.258150246143341064e+02
4.258349342346191406e+02
4.258550608158111572e+02
4.258747770786285400e+02
4.258961091041564941e+02
4.259145817756652832e+02
4.259354825019836426e+02
4.259544861316680908e+02
4.259753656387329102e+02
4.259947886466979980e+02
4.260147345066070557e+02
4.260352995395660400e+02
4.260546987056732178e+02
4.260751750469207764e+02
4.260949480533599854e+02
4.261151857376098633e+02
4.261351084709167480e+02
4.261550459861755371e+02
4.261750242710113525e+02
4.261948037147521973e+02
4.262147569656372070e+02
4.262347838878631592e+02
4.262550625801086426e+02
4.262750120162963867e+02
4.262951259613037109e+02
4.263149123191833496e+02
4.263347764015197754e+02
4.263548290729522705e+02
4.263745534420013428e+02
4.263945672512054443e+02
4.264150524139404297e+02
4.264344832897186279e+02
4.264543044567108154e+02
4.264748177528381348e+02
4.264948427677154541e+02
4.265145127773284912e+02
4.265348446369171143e+02
4.265549411773681641e+02
4.265741655826568604e+02
4.265954902172088623e+02
4.266144998073577881e+02
4.266352269649505615e+02
4.266550512313842773e+02
4.266748094558715820e+02
4.266949126720428467e+02
4.267149267196655273e+02
4.267347881793975830e+02
4.267545542716979980e+02
4.267751805782318115e+02
4.267953400611877441e+02
4.268156747817993164e+02
4.268349580764770508e+02
4.268547801971435547e+02
4.268745653629302979e+02
4.268949842453002930e+02
4.269142405986785889e+02
4.269348371028900146e+02
4.269551503658294678e+02
4.269747927188873291e+02
4.269947974681854248e+02
4.270146002769470215e+02
4.270349464416503906e+02
4.270550072193145752e+02
4.270749084949493408e+02
4.270950169563293457e+02
4.271149497032165527e+02
4.271347506046295166e+02
4.271547617912292480e+02
4.271748852729797363e+02
4.271947820186614990e+02
4.272144927978515625e+02
4.272347679138183594e+02
4.272546241283416748e+02
4.272748506069183350e+02
4.272950785160064697e+02
4.273141586780548096e+02
4.273348288536071777e+02
4.273547539710998535e+02
4.273746113777160645e+02
4.273945341110229492e+02
4.274149992465972900e+02
4.274349348545074463e+02
4.274548485279083252e+02
4.274748129844665527e+02
4.274947502613067627e+02
4.275153870582580566e+02
4.275345602035522461e+02
4.275556471347808838e+02
4.275745110511779785e+02
4.275949826240539551e+02
4.276147828102111816e+02
4.276346023082733154e+02
4.276553778648376465e+02
4.276749043464660645e+02
4.276955590248107910e+02
4.277149343490600586e+02
4.277353250980377197e+02
4.277548043727874756e+02
4.277754395008087158e+02
4.277948803901672363e+02
4.278154194355010986e+02
4.278350350856781006e+02
4.278548877239227295e+02
4.278748686313629150e+02
4.278948736190795898e+02
4.279153723716735840e+02
4.279350941181182861e+02
4.279556403160095215e+02
4.279744539260864258e+02
4.279946660995483398e+02
4.280145540237426758e+02
4.280349509716033936e+02
4.280543251037597656e+02
4.280744524002075195e+02
4.280949144363403320e+02
4.281149508953094482e+02
4.281347258090972900e+02
4.281545388698577881e+02
4.281746761798858643e+02
4.281951582431793213e+02
4.282147841453552246e+02
4.282344157695770264e+02
4.282552976608276367e+02
4.282745590209960938e+02
4.282947623729705811e+02
4.283148345947265625e+02
4.283347110748291016e+02
4.283547749519348145e+02
4.283750960826873779e+02
4.283954701423645020e+02
4.284144840240478516e+02
4.284348664283752441e+02
4.284547381401062012e+02
4.284747996330261230e+02
4.284947960376739502e+02
4.285148043632507324e+02
4.285347697734832764e+02
4.285548636913299561e+02
4.285747156143188477e+02
4.285947444438934326e+02
4.286147325038909912e+02
4.286349406242370605e+02
4.286554653644561768e+02
4.286754312515258789e+02
4.286954886913299561e+02
4.287148571014404297e+02
4.287355480194091797e+02
4.287547781467437744e+02
4.287748281955718994e+02
4.287947638034820557e+02
4.288148365020751953e+02
4.288348619937896729e+02
4.288549044132232666e+02
4.288750960826873779e+02
4.288948175907135010e+02
4.289148595333099365e+02
4.289348838329315186e+02
4.289550294876098633e+02
4.289748606681823730e+02
4.289947524070739746e+02
4.290161972045898438e+02
4.290342681407928467e+02
4.290559325218200684e+02
4.290748314857482910e+02
4.290948493480682373e+02
4.291148066520690918e+02
4.291349160671234131e+02
4.291553311347961426e+02
4.291748960018157959e+02
4.291945190429687500e+02
4.292147340774536133e+02
4.292349622249603271e+02
4.292550354003906250e+02
4.292747995853424072e+02
4.292947835922241211e+02
4.293148095607757568e+02
4.293390979766845703e+02
4.293590424060821533e+02
4.293790829181671143e+02
4.293990859985351562e+02
4.294189784526824951e+02
4.294390473365783691e+02
4.294589483737945557e+02
4.294785680770874023e+02
4.294986371994018555e+02
4.295196437835693359e+02
4.295385007858276367e+02
4.295590436458587646e+02
4.295790705680847168e+02
4.295991082191467285e+02
4.296190941333770752e+02
4.296391260623931885e+02
4.296590738296508789e+02
4.296790246963500977e+02
4.296996254920959473e+02
4.297190198898315430e+02
4.297392261028289795e+02
4.297590866088867188e+02
4.297791488170623779e+02
4.297991580963134766e+02
4.298192577362060547e+02
4.298404636383056641e+02
4.298588101863861084e+02
4.298787510395050049e+02
4.298988881111145020e+02
4.299188544750213623e+02
4.299390184879302979e+02
4.299589753150939941e+02
4.299789540767669678e+02
4.299995584487915039e+02
4.300194027423858643e+02
4.300390002727508545e+02
4.300597074031829834e+02
4.300788025856018066e+02
4.300987610816955566e+02
4.301188421249389648e+02
4.301391460895538330e+02
4.301649715900421143e+02
4.301854951381683350e+02
4.302048823833465576e+02
4.302251501083374023e+02
4.302453939914703369e+02
4.302653450965881348e+02
4.302868762016296387e+02
4.303051304817199707e+02
4.303310766220092773e+02
4.303510324954986572e+02
4.303703329563140869e+02
4.303911051750183105e+02
4.304106941223144531e+02
4.304311568737030029e+02
4.304502515792846680e+02
4.304715924263000488e+02
4.304910681247711182e+02
4.305116238594055176e+02
4.305311474800109863e+02
4.305510616302490234e+02
4.305727586746215820e+02
4.305907163619995117e+02
4.306114497184753418e+02
4.306310679912567139e+02
4.306505913734436035e+02
4.306732363700866699e+02
4.306909227371215820e+02
4.307110219001770020e+02
4.307311260700225830e+02
4.307516524791717529e+02
4.307725911140441895e+02
4.307908270359039307e+02
4.308113539218902588e+02
4.308310399055480957e+02
4.308510653972625732e+02
4.308709819316864014e+02
4.308913598060607910e+02
4.309132502079010010e+02
4.309309194087982178e+02
4.309514360427856445e+02
4.309717361927032471e+02
4.309912369251251221e+02
4.310112574100494385e+02
4.310309438705444336e+02
4.310510101318359375e+02
4.310702240467071533e+02
4.310909509658813477e+02
4.311108982563018799e+02
4.311311571598052979e+02
4.311508877277374268e+02
4.311708378791809082e+02
4.311910574436187744e+02
4.312109332084655762e+02
4.312311742305755615e+02
4.312503266334533691e+02
4.312709693908691406e+02
4.312910289764404297e+02
4.313110182285308838e+02
4.313310296535491943e+02
4.313512077331542969e+02
4.313715713024139404e+02
4.313915357589721680e+02
4.314157338142395020e+02
4.314359996318817139e+02
4.314561302661895752e+02
4.314760377407073975e+02
4.314967620372772217e+02
4.315157330036163330e+02
4.315361576080322266e+02
4.315579025745391846e+02
4.315760581493377686e+02
4.315961468219757080e+02
4.316161322593688965e+02
4.316361443996429443e+02
4.316561427116394043e+02
4.316761698722839355e+02
4.316965780258178711e+02
4.317159717082977295e+02
4.317366592884063721e+02
4.317559392452239990e+02
4.317760202884674072e+02
4.317975313663482666e+02
4.318160290718078613e+02
4.318360769748687744e+02
4.318559789657592773e+02
4.318759553432464600e+02
4.318960268497467041e+02
4.319161865711212158e+02
4.319368693828582764e+02
4.319561424255371094e+02
4.319776408672332764e+02
4.319960339069366455e+02
4.320177659988403320e+02
4.320361101627349854e+02
4.320553674697875977e+02
4.320777304172515869e+02
4.320953414440155029e+02
4.321173152923583984e+02
4.321361017227172852e+02
4.321553244590759277e+02
4.321782824993133545e+02
4.321953971385955811e+02
4.322158362865447998e+02
4.322360825538635254e+02
4.322559676170349121e+02
4.322761397361755371e+02
4.322960474491119385e+02
4.323165690898895264e+02
4.323357625007629395e+02
4.323558688163757324e+02
4.323760945796966553e+02
4.323960485458374023e+02
4.324161269664764404e+02
4.324364278316497803e+02
4.324555747509002686e+02
4.324761257171630859e+02
4.324953529834747314e+02
4.325160517692565918e+02
4.325363910198211670e+02
4.325568227767944336e+02
4.325762553215026855e+02
4.325964066982269287e+02
4.326160829067230225e+02
4.326361076831817627e+02
4.326567366123199463e+02
4.326766319274902344e+02
4.326958944797515869e+02
4.327158851623535156e+02
4.327367146015167236e+02
4.327560012340545654e+02
4.327759981155395508e+02
4.327962262630462646e+02
4.328161702156066895e+02
4.328360984325408936e+02
4.328561165332794189e+02
4.328761308193206787e+02
4.328960413932800293e+02
4.329161512851715088e+02
4.329361200332641602e+02
4.329560823440551758e+02
4.329760420322418213e+02
4.329960901737213135e+02
4.330159921646118164e+02
4.330362184047698975e+02
4.330560405254364014e+02
4.330761284828186035e+02
4.330967390537261963e+02
4.331161413192749023e+02
4.331363916397094727e+02
4.331567993164062500e+02
4.331765851974487305e+02
4.332076854705810547e+02
4.332266824245452881e+02
4.332466506958007812e+02
4.332668325901031494e+02
4.332871255874633789e+02
4.333063571453094482e+02
4.333341093063354492e+02
4.333533151149749756e+02
4.333733639717102051e+02
4.333931293487548828e+02
4.334130520820617676e+02
4.334332284927368164e+02
4.334531738758087158e+02
4.334737541675567627e+02
4.334932603836059570e+02
4.335132374763488770e+02
4.335335433483123779e+02
4.335529775619506836e+02
4.335733981132507324e+02
4.335932116508483887e+02
4.336132042407989502e+02
4.336333858966827393e+02
4.336532044410705566e+02
4.336733267307281494e+02
4.336934807300567627e+02
4.337135183811187744e+02
4.337330002784729004e+02
4.337534003257751465e+02
4.337733376026153564e+02
4.337934696674346924e+02
4.338134393692016602e+02
4.338333103656768799e+02
4.338532993793487549e+02
4.338733396530151367e+02
4.338932886123657227e+02
4.339132750034332275e+02
4.339333202838897705e+02
4.339535920619964600e+02
4.339735569953918457e+02
4.339932539463043213e+02
4.340156660079956055e+02
4.340334172248840332e+02
4.340532019138336182e+02
4.340733757019042969e+02
4.340932295322418213e+02
4.341132936477661133e+02
4.341331958770751953e+02
4.341532008647918701e+02
4.341733808517456055e+02
4.341932754516601562e+02
4.342132658958435059e+02
4.342436087131500244e+02
4.342635324001312256e+02
4.342831449508666992e+02
4.343036665916442871e+02
4.343236653804779053e+02
4.343439886569976807e+02
4.343638935089111328e+02
4.343880503177642822e+02
4.344081001281738281e+02
4.344282054901123047e+02
4.344480705261230469e+02
4.344677963256835938e+02
4.344878175258636475e+02
4.345078251361846924e+02
4.345277936458587646e+02
4.345478312969207764e+02
4.345688307285308838e+02
4.345877978801727295e+02
4.346083557605743408e+02
4.346280214786529541e+02
4.346482484340667725e+02
4.346688885688781738e+02
4.346887416839599609e+02
4.347080166339874268e+02
4.347280621528625488e+02
4.347473762035369873e+02
4.347674634456634521e+02
4.347882499694824219e+02
4.348082304000854492e+02
4.348275952339172363e+02
4.348481590747833252e+02
4.348680491447448730e+02
4.348874814510345459e+02
4.349078748226165771e+02
4.349273710250854492e+02
4.349482619762420654e+02
4.349673793315887451e+02
4.349885070323944092e+02
4.350075457096099854e+02
4.350282065868377686e+02
4.350478394031524658e+02
4.350681653022766113e+02
4.350880520343780518e+02
4.351081192493438721e+02
4.351281595230102539e+02
4.351481277942657471e+02
4.351677570343017578e+02
4.351882233619689941e+02
4.352081148624420166e+02
4.352286319732666016e+02
4.352475192546844482e+02
4.352680952548980713e+02
4.352881207466125488e+02
4.353086392879486084e+02
4.353282666206359863e+02
4.353480923175811768e+02
4.353680684566497803e+02
4.353882677555084229e+02
4.354075813293457031e+02
4.354274697303771973e+02
4.354475407600402832e+02
4.354683113098144531e+02
4.354881699085235596e+02
4.355082044601440430e+02
4.355287158489227295e+02
4.355481545925140381e+02
4.355681464672088623e+02
4.355881383419036865e+02
4.356080842018127441e+02
4.356281049251556396e+02
4.356480722427368164e+02
4.356678431034088135e+02
4.356880021095275879e+02
4.357081677913665771e+02
4.357280848026275635e+02
4.357481462955474854e+02
4.357678935527801514e+02
4.357881023883819580e+02
4.358082671165466309e+02
4.358280777931213379e+02
4.358480567932128906e+02
4.358680543899536133e+02
4.358880050182342529e+02
4.359080967903137207e+02
4.359285259246826172e+02
4.359480388164520264e+02
4.359736595153808594e+02
4.359936985969543457e+02
4.360136065483093262e+02
4.360336174964904785e+02
4.360535991191864014e+02
4.360737421512603760e+02
4.360934927463531494e+02
4.361136403083801270e+02
4.361335818767547607e+02
4.361536934375762939e+02
4.361736571788787842e+02
4.361937198638916016e+02
4.362136132717132568e+02
4.362336449623107910e+02
4.362536530494689941e+02
4.362738616466522217e+02
4.362936954498291016e+02
4.363132171630859375e+02
4.363336424827575684e+02
4.363536379337310791e+02
4.363740894794464111e+02
4.363932800292968750e+02
4.364132156372070312e+02
4.364343924522399902e+02
4.364529287815093994e+02
4.364743955135345459e+02
4.364934060573577881e+02
4.365142931938171387e+02
4.365330033302307129e+02
4.365540459156036377e+02
4.365740573406219482e+02
4.365937914848327637e+02
4.366131651401519775e+02
4.366338500976562500e+02
4.366544709205627441e+02
4.366732306480407715e+02
4.366947615146636963e+02
4.367133114337921143e+02
4.367333090305328369e+02
4.367535829544067383e+02
4.367732441425323486e+02
4.367936582565307617e+02
4.368136034011840820e+02
4.368338201045989990e+02
4.368535256385803223e+02
4.368735616207122803e+02
4.368934185504913330e+02
4.369137008190155029e+02
4.369336528778076172e+02
4.369535596370697021e+02
4.369736335277557373e+02
4.369935743808746338e+02
4.370136599540710449e+02
4.370337193012237549e+02
4.370537300109863281e+02
4.370740129947662354e+02
4.370938649177551270e+02
4.371137464046478271e+02
4.371343872547149658e+02
4.371541755199432373e+02
4.371739709377288818e+02
4.371938457489013672e+02
4.372132549285888672e+02
4.372331528663635254e+02
4.372538414001464844e+02
4.372736921310424805e+02
4.372934548854827881e+02
4.373141880035400391e+02
4.373329124450683594e+02
4.373539707660675049e+02
4.373736407756805420e+02
4.373937230110168457e+02
4.374136371612548828e+02
4.374332368373870850e+02
4.374537541866302490e+02
4.374732151031494141e+02
4.374938695430755615e+02
4.375135457515716553e+02
4.375333671569824219e+02
4.375531947612762451e+02
4.375738005638122559e+02
4.375951468944549561e+02
4.376132516860961914e+02
4.376336317062377930e+02
4.376537621021270752e+02
4.376738107204437256e+02
4.376936597824096680e+02
4.377137854099273682e+02
4.377340810298919678e+02
4.377529158592224121e+02
4.377737965583801270e+02
4.378032150268554688e+02
4.378229501247406006e+02
4.378431971073150635e+02
4.378631777763366699e+02
4.378836665153503418e+02
4.379027721881866455e+02
4.379232301712036133e+02
4.379429514408111572e+02
4.379631562232971191e+02
4.379831111431121826e+02
4.380031769275665283e+02
4.380230517387390137e+02
4.380431354045867920e+02
4.380633711814880371e+02
4.380830330848693848e+02
4.381031553745269775e+02
4.381230304241180420e+02
4.381429944038391113e+02
4.381632077693939209e+02
4.381830790042877197e+02
4.382029926776885986e+02
4.382229592800140381e+02
4.382429568767547607e+02
4.382629539966583252e+02
4.382829847335815430e+02
4.383026120662689209e+02
4.383236942291259766e+02
4.383436198234558105e+02
4.383634183406829834e+02
4.383833782672882080e+02
4.384030265808105469e+02
4.384234895706176758e+02
4.384433956146240234e+02
4.384632775783538818e+02
4.384833660125732422e+02
4.385032997131347656e+02
4.385234234333038330e+02
4.385431849956512451e+02
4.385635573863983154e+02
4.385832171440124512e+02
4.386031768321990967e+02
4.386233181953430176e+02
4.386430912017822266e+02
4.386644887924194336e+02
4.386834423542022705e+02
4.387037055492401123e+02
4.387269973754882812e+02
4.387431614398956299e+02
4.387630078792572021e+02
4.387831892967224121e+02
4.388032331466674805e+02
4.388231105804443359e+02
4.388430907726287842e+02
4.388631753921508789e+02
4.388829860687255859e+02
4.389030447006225586e+02
4.389229781627655029e+02
4.389432001113891602e+02
4.389641191959381104e+02
4.389831745624542236e+02
4.390027863979339600e+02
4.390230720043182373e+02
4.390426182746887207e+02
4.390632100105285645e+02
4.390830056667327881e+02
4.391028082370758057e+02
4.391229071617126465e+02
4.391432166099548340e+02
4.391633441448211670e+02
4.391822926998138428e+02
4.392030873298645020e+02
4.392230293750762939e+02
4.392430450916290283e+02
4.392629849910736084e+02
4.392832574844360352e+02
4.393030729293823242e+02
4.393230042457580566e+02
4.393434097766876221e+02
4.393630790710449219e+02
4.393831064701080322e+02
4.394030332565307617e+02
4.394231638908386230e+02
4.394429118633270264e+02
4.394631066322326660e+02
4.394829020500183105e+02
4.395028886795043945e+02
4.395228412151336670e+02
4.395435106754302979e+02
4.395633080005645752e+02
4.395834033489227295e+02
4.396037898063659668e+02
4.396233811378479004e+02
4.396433897018432617e+02
4.396636254787445068e+02
4.396829619407653809e+02
4.397030527591705322e+02
4.397229497432708740e+02
4.397432436943054199e+02
4.397630805969238281e+02
4.397832124233245850e+02
4.398028020858764648e+02
4.398237619400024414e+02
4.398424558639526367e+02
4.398630893230438232e+02
4.398834216594696045e+02
4.399030702114105225e+02
4.399228150844573975e+02
4.399426355361938477e+02
4.399629595279693604e+02
4.399824287891387939e+02
4.400023219585418701e+02
4.400224621295928955e+02
4.400423502922058105e+02
4.400631079673767090e+02
4.400846486091613770e+02
4.401034026145935059e+02
4.401223974227905273e+02
4.401423776149749756e+02
4.401624028682708740e+02
4.401830523014068604e+02
4.402026414871215820e+02
4.402231891155242920e+02
4.402430360317230225e+02
4.402631511688232422e+02
4.402838211059570312e+02
4.403026757240295410e+02
4.403237261772155762e+02
4.403426809310913086e+02
4.403630762100219727e+02
4.403826313018798828e+02
4.404031608104705811e+02
4.404229347705841064e+02
4.404428648948669434e+02
4.404629342555999756e+02
4.404830398559570312e+02
4.405030908584594727e+02
4.405231876373291016e+02
4.405434796810150146e+02
4.405626435279846191e+02
4.405828635692596436e+02
4.406034290790557861e+02
4.406229667663574219e+02
4.406434514522552490e+02
4.406630113124847412e+02
4.406838295459747314e+02
4.407030875682830811e+02
4.407232346534729004e+02
4.407427682876586914e+02
4.407629847526550293e+02
4.407831192016601562e+02
4.408031687736511230e+02
4.408229763507843018e+02
4.408429021835327148e+02
4.408629882335662842e+02
4.408827443122863770e+02
4.409031620025634766e+02
4.409234342575073242e+02
4.409426002502441406e+02
4.409631171226501465e+02
4.409835879802703857e+02
4.410034291744232178e+02
4.410232288837432861e+02
4.410428271293640137e+02
4.410631442070007324e+02
4.410828726291656494e+02
4.411028201580047607e+02
4.411228506565093994e+02
4.411428825855255127e+02
4.411695542335510254e+02
4.411896131038665771e+02
4.412092866897583008e+02
4.412295875549316406e+02
4.412492885589599609e+02
4.412697265148162842e+02
4.412894949913024902e+02
4.413095049858093262e+02
4.413297657966613770e+02
4.413496580123901367e+02
4.413696794509887695e+02
4.413893394470214844e+02
4.414101231098175049e+02
4.414292831420898438e+02
4.414496641159057617e+02
4.414695804119110107e+02
4.414897725582122803e+02
4.415097782611846924e+02
4.415295696258544922e+02
4.415499994754791260e+02
4.415706913471221924e+02
4.415890240669250488e+02
4.416104412078857422e+02
4.416297311782836914e+02
4.416498105525970459e+02
4.416695971488952637e+02
4.416897840499877930e+02
4.417099292278289795e+02
4.417292680740356445e+02
4.417502925395965576e+02
4.417695264816284180e+02
4.417898960113525391e+02
4.418101582527160645e+02
4.418303151130676270e+02
4.418493556976318359e+02
4.418698594570159912e+02
4.418902933597564697e+02
4.419097268581390381e+02
4.419290950298309326e+02
4.419490969181060791e+02
4.419690828323364258e+02
4.419891448020935059e+02
4.420090749263763428e+02
4.420290813446044922e+02
4.420490901470184326e+02
4.420690801143646240e+02
4.420891435146331787e+02
4.421090807914733887e+02
4.421291048526763916e+02
4.421490857601165771e+02
4.421690971851348877e+02
4.421897482872009277e+02
4.422091550827026367e+02
4.422290983200073242e+02
4.422490808963775635e+02
4.422690994739532471e+02
4.422890949249267578e+02
4.423090994358062744e+02
4.423290853500366211e+02
4.423491044044494629e+02
4.423691668510437012e+02
4.423891127109527588e+02
4.424105567932128906e+02
4.424299824237823486e+02
4.424524762630462646e+02
4.424692907333374023e+02
4.424903254508972168e+02
4.425091395378112793e+02
4.425299348831176758e+02
4.425492618083953857e+02
4.425691263675689697e+02
4.425891718864440918e+02
4.426091032028198242e+02
4.426292524337768555e+02
4.426499142646789551e+02
4.426699917316436768e+02
4.426897621154785156e+02
4.427103631496429443e+02
4.427292771339416504e+02
4.427505638599395752e+02
4.427698323726654053e+02
4.427896511554718018e+02
4.428097262382507324e+02
4.428292419910430908e+02
4.428493683338165283e+02
4.428693709373474121e+02
4.428896319866180420e+02
4.429093883037567139e+02
4.429295778274536133e+02
4.429505112171173096e+02
4.429692485332489014e+02
4.429897277355194092e+02
4.430097503662109375e+02
4.430308849811553955e+02
4.430492982864379883e+02
4.430693929195404053e+02
4.430898125171661377e+02
4.431099467277526855e+02
4.431292424201965332e+02
4.431495401859283447e+02
4.431695847511291504e+02
4.431899988651275635e+02
4.432097349166870117e+02
4.432292666435241699e+02
4.432493071556091309e+02
4.432701716423034668e+02
4.432890946865081787e+02
4.433101844787597656e+02
4.433299098014831543e+02
4.433498597145080566e+02
4.433699839115142822e+02
4.433900847434997559e+02
4.434099678993225098e+02
4.434298589229583740e+02
4.434492478370666504e+02
4.434700384140014648e+02
4.434900186061859131e+02
4.435099771022796631e+02
4.435305066108703613e+02
4.435489921569824219e+02
4.435699024200439453e+02
4.435900621414184570e+02
4.436096820831298828e+02
4.436298294067382812e+02
4.436493763923645020e+02
4.436695015430450439e+02
4.436893255710601807e+02
4.437090625762939453e+02
4.437296824455261230e+02
4.437490494251251221e+02
4.437700018882751465e+02
4.437901229858398438e+02
4.438092474937438965e+02
4.438297190666198730e+02
4.438495771884918213e+02
4.438697216510772705e+02
4.438902544975280762e+02
4.439097547531127930e+02
4.439297928810119629e+02
4.439495718479156494e+02
4.439690258502960205e+02
4.439895424842834473e+02
4.440095653533935547e+02
4.440295689105987549e+02
4.440499615669250488e+02
4.440700860023498535e+02
4.440895979404449463e+02
4.441101131439208984e+02
4.441295566558837891e+02
4.441497759819030762e+02
4.441696920394897461e+02
4.441896963119506836e+02
4.442095987796783447e+02
4.442297890186309814e+02
4.442493712902069092e+02
4.442695515155792236e+02
4.442895896434783936e+02
4.443095982074737549e+02
4.443298275470733643e+02
4.443495140075683594e+02
4.443696193695068359e+02
4.443908116817474365e+02
4.444096295833587646e+02
4.444296131134033203e+02
4.444497337341308594e+02
4.444696631431579590e+02
4.444896044731140137e+02
4.445102052688598633e+02
4.445292577743530273e+02
4.445497696399688721e+02
4.445698688030242920e+02
4.445897400379180908e+02
4.446097540855407715e+02
4.446295905113220215e+02
4.446497111320495605e+02
4.446698760986328125e+02
4.446898481845855713e+02
4.447095670700073242e+02
4.447295813560485840e+02
4.447494235038757324e+02
4.447695679664611816e+02
4.447896158695220947e+02
4.448097488880157471e+02
4.448291289806365967e+02
4.448494863510131836e+02
4.448691360950469971e+02
4.448896927833557129e+02
4.449098031520843506e+02
4.449291291236877441e+02
4.449496431350708008e+02
4.449691445827484131e+02
4.449891052246093750e+02
4.450091977119445801e+02
4.450290963649749756e+02
4.450491888523101807e+02
4.450691008567810059e+02
4.450890886783599854e+02
4.451091065406799316e+02
4.451291835308074951e+02
4.451491119861602783e+02
4.451692097187042236e+02
4.451890842914581299e+02
4.452091314792633057e+02
4.452290761470794678e+02
4.452492489814758301e+02
4.452691175937652588e+02
4.452892510890960693e+02
4.453090898990631104e+02
4.453294048309326172e+02
4.453490943908691406e+02
4.453691239356994629e+02
4.453890950679779053e+02
4.454091105461120605e+02
4.454290869235992432e+02
4.454491219520568848e+02
4.454690942764282227e+02
4.454891042709350586e+02
4.455091254711151123e+02
4.455291118621826172e+02
4.455493097305297852e+02
4.455691242218017578e+02
4.455891189575195312e+02
4.456091136932373047e+02
4.456290962696075439e+02
4.456491050720214844e+02
4.456691040992736816e+02
4.456891322135925293e+02
4.457090997695922852e+02
4.457305037975311279e+02
4.457492730617523193e+02
4.457692306041717529e+02
4.457891111373901367e+02
4.458091211318969727e+02
4.458291101455688477e+02
4.458494668006896973e+02
4.458696744441986084e+02
4.458894667625427246e+02
4.459092726707458496e+02
4.459291112422943115e+02
4.459491033554077148e+02
4.459692969322204590e+02
4.459890830516815186e+02
4.460091214179992676e+02
4.460291752815246582e+02
4.460491080284118652e+02
4.460691795349121094e+02
4.460896060466766357e+02
4.461091654300689697e+02
4.461290953159332275e+02
4.461491913795471191e+02
4.461690928936004639e+02
4.461890895366668701e+02
4.462091534137725830e+02
4.462299728393554688e+02
4.462495007514953613e+02
4.462698657512664795e+02
4.462898726463317871e+02
4.463095600605010986e+02
4.463305151462554932e+02
4.463492701053619385e+02
4.463696701526641846e+02
4.463895981311798096e+02
4.464092979431152344e+02
4.464297282695770264e+02
4.464496791362762451e+02
4.464701652526855469e+02
4.464895880222320557e+02
4.465095472335815430e+02
4.465296506881713867e+02
4.465493402481079102e+02
4.465692920684814453e+02
4.465898661613464355e+02
4.466101515293121338e+02
4.466295497417449951e+02
4.466500985622406006e+02
4.466699571609497070e+02
4.466895160675048828e+02
4.467096388339996338e+02
4.467296299934387207e+02
4.467498424053192139e+02
4.467696232795715332e+02
4.467896742820739746e+02
4.468096680641174316e+02
4.468300800323486328e+02
4.468492729663848877e+02
4.468696272373199463e+02
4.468893127441406250e+02
4.469093568325042725e+02
4.469293079376220703e+02
4.469498033523559570e+02
4.469694318771362305e+02
4.469894061088562012e+02
4.470094399452209473e+02
4.470302717685699463e+02
4.470565812587738037e+02
4.470755763053894043e+02
4.470964760780334473e+02
4.471159193515777588e+02
4.471356081962585449e+02
4.471556434631347656e+02
4.471760222911834717e+02
4.471960482597351074e+02
4.472161476612091064e+02
4.472360510826110840e+02
4.472561953067779541e+02
4.472759711742401123e+02
4.472965786457061768e+02
4.473159251213073730e+02
4.473355655670166016e+02
4.473557114601135254e+02
4.473758823871612549e+02
4.473969914913177490e+02
4.474159841537475586e+02
4.474367322921752930e+02
4.474560096263885498e+02
4.474760522842407227e+02
4.474959681034088135e+02
4.475159745216369629e+02
4.475365846157073975e+02
4.475560333728790283e+02
4.475788269042968750e+02
4.475959978103637695e+02
4.476162195205688477e+02
4.476360368728637695e+02
4.476561572551727295e+02
4.476760358810424805e+02
4.476961786746978760e+02
4.477160789966583252e+02
4.477364723682403564e+02
4.477557415962219238e+02
4.477766005992889404e+02
4.477954137325286865e+02
4.478166599273681641e+02
4.478355896472930908e+02
4.478563144207000732e+02
4.478754272460937500e+02
4.478960895538330078e+02
4.479154644012451172e+02
4.479361140727996826e+02
4.479563231468200684e+02
4.479757926464080811e+02
4.479956235885620117e+02
4.480156130790710449e+02
4.480360217094421387e+02
4.480561277866363525e+02
4.480760259628295898e+02
4.480960834026336670e+02
4.481159946918487549e+02
4.481360960006713867e+02
4.481556689739227295e+02
4.481760113239288330e+02
4.481956470012664795e+02
4.482158131599426270e+02
4.482361109256744385e+02
4.482555754184722900e+02
4.482761592864990234e+02
4.482965893745422363e+02
4.483158779144287109e+02
4.483360464572906494e+02
4.483562145233154297e+02
4.483762650489807129e+02
4.483963673114776611e+02
4.484165301322937012e+02
4.484359843730926514e+02
4.484567394256591797e+02
4.484762556552886963e+02
4.484960229396820068e+02
4.485159242153167725e+02
4.485356094837188721e+02
4.485561268329620361e+02
4.485759892463684082e+02
4.485959944725036621e+02
4.486153185367584229e+02
4.486359186172485352e+02
4.486560409069061279e+02
4.486758575439453125e+02
4.486960239410400391e+02
4.487166283130645752e+02
4.487361171245574951e+02
4.487568492889404297e+02
4.487756097316741943e+02
4.487963085174560547e+02
4.488156094551086426e+02
4.488366422653198242e+02
4.488555986881256104e+02
4.488768348693847656e+02
4.489016838073730469e+02
4.489209229946136475e+02
4.489407484531402588e+02
4.489606344699859619e+02
4.489808320999145508e+02
4.490012369155883789e+02
4.490211756229400635e+02
4.490410587787628174e+02
4.490606439113616943e+02
4.490806407928466797e+02
4.491009092330932617e+02
4.491213915348052979e+02
4.491403610706329346e+02
4.491604845523834229e+02
4.491813180446624756e+02
4.492010784149169922e+02
4.492211375236511230e+02
4.492413060665130615e+02
4.492608745098114014e+02
4.492807135581970215e+02
4.493012690544128418e+02
4.493206412792205811e+02
4.493409109115600586e+02
4.493606793880462646e+02
4.493809611797332764e+02
4.494014458656311035e+02
4.494210100173950195e+02
4.494406528472900391e+02
4.494606416225433350e+02
4.494803786277770996e+02
4.495017387866973877e+02
4.495207068920135498e+02
4.495404338836669922e+02
4.495605840682983398e+02
4.495871176719665527e+02
4.496063122749328613e+02
4.496261892318725586e+02
4.496467502117156982e+02
4.496659903526306152e+02
4.496864748001098633e+02
4.497059922218322754e+02
4.497263391017913818e+02
4.497461872100830078e+02
4.497664992809295654e+02
4.497869517803192139e+02
4.498062803745269775e+02
4.498260588645935059e+02
4.498464212417602539e+02
4.498669867515563965e+02
4.498861029148101807e+02
4.499059870243072510e+02
4.499264430999755859e+02
4.499463818073272705e+02
4.499661138057708740e+02
4.499867780208587646e+02
4.500062158107757568e+02
4.500263338088989258e+02
4.500459642410278320e+02
4.500660772323608398e+02
4.500863778591156006e+02
4.501066067218780518e+02
4.501266839504241943e+02
4.501460034847259521e+02
4.501670789718627930e+02
4.501863701343536377e+02
4.502066137790679932e+02
4.502265059947967529e+02
4.502460219860076904e+02
4.502664077281951904e+02
4.502860736846923828e+02
4.503063728809356689e+02
4.503264408111572266e+02
4.503464395999908447e+02
4.503663229942321777e+02
4.503872108459472656e+02
4.504063708782196045e+02
4.504265069961547852e+02
4.504463100433349609e+02
4.504663426876068115e+02
4.504865136146545410e+02
4.505059914588928223e+02
4.505287120342254639e+02
4.505460321903228760e+02
4.505686867237091064e+02
4.505860941410064697e+02
4.506082434654235840e+02
4.506256728172302246e+02
4.506481933593750000e+02
4.506663041114807129e+02
4.506873183250427246e+02
4.507063395977020264e+02
4.507267773151397705e+02
4.507463736534118652e+02
4.507665331363677979e+02
4.507865018844604492e+02
4.508064761161804199e+02
4.508267865180969238e+02
4.508464355468750000e+02
4.508661212921142578e+02
4.508859772682189941e+02
4.509063909053802490e+02
4.509263122081756592e+02
4.509466233253479004e+02
4.509745984077453613e+02
4.509947285652160645e+02
4.510211999416351318e+02
4.510413637161254883e+02
4.510611484050750732e+02
4.510811393260955811e+02
4.511010081768035889e+02
4.511217207908630371e+02
4.511409471035003662e+02
4.511606209278106689e+02
4.511811466217041016e+02
4.512007238864898682e+02
4.512214026451110840e+02
4.512415280342102051e+02
4.512616760730743408e+02
4.512872736454010010e+02
4.513105819225311279e+02
4.513270096778869629e+02
4.513473355770111084e+02
4.513671376705169678e+02
4.513872342109680176e+02
4.514072222709655762e+02
4.514271819591522217e+02
4.514471433162689209e+02
4.514672062397003174e+02
4.514926409721374512e+02
4.515126740932464600e+02
4.515325880050659180e+02
4.515526573657989502e+02
4.515727081298828125e+02
4.515932416915893555e+02
4.516132097244262695e+02
4.516327543258666992e+02
4.516525180339813232e+02
4.516726415157318115e+02
4.516929981708526611e+02
4.517123086452484131e+02
4.517332317829132080e+02
4.517525734901428223e+02
4.517736384868621826e+02
4.517922639846801758e+02
4.518126368522644043e+02
4.518323206901550293e+02
4.518525946140289307e+02
4.518729577064514160e+02
4.518926193714141846e+02
4.519126498699188232e+02
4.519438033103942871e+02
4.519648294448852539e+02
4.519831583499908447e+02
4.520125341415405273e+02
4.520339071750640869e+02
4.520519630908966064e+02
4.520725357532501221e+02
4.520924353599548340e+02
4.521121463775634766e+02
4.521324195861816406e+02
4.521523790359497070e+02
4.521718611717224121e+02
4.521930041313171387e+02
4.522122974395751953e+02
4.522324318885803223e+02
4.522524287700653076e+02
4.522719154357910156e+02
4.522924041748046875e+02
4.523118393421173096e+02
4.523318226337432861e+02
4.523517954349517822e+02
4.523718121051788330e+02
4.523917806148529053e+02
4.524117896556854248e+02
4.524318256378173828e+02
4.524518163204193115e+02
4.524718399047851562e+02
4.524918413162231445e+02
4.525119609832763672e+02
4.525318372249603271e+02
4.525519428253173828e+02
4.525718481540679932e+02
4.525918812751770020e+02
4.526118390560150146e+02
4.526318049430847168e+02
4.526526093482971191e+02
4.526732027530670166e+02
4.526926431655883789e+02
4.527130961418151855e+02
4.527326796054840088e+02
4.527530455589294434e+02
4.527730395793914795e+02
4.527932093143463135e+02
4.528120517730712891e+02
4.528332493305206299e+02
4.528520641326904297e+02
4.528725376129150391e+02
4.528925571441650391e+02
4.529123358726501465e+02
4.529326617717742920e+02
4.529526684284210205e+02
4.529721491336822510e+02
4.529924428462982178e+02
4.530125091075897217e+02
4.530325534343719482e+02
4.530527207851409912e+02
4.530726869106292725e+02
4.530925097465515137e+02
4.531124014854431152e+02
4.531323730945587158e+02
4.531517648696899414e+02
4.531726808547973633e+02
4.531931259632110596e+02
4.532127921581268311e+02
4.532328951358795166e+02
4.532528843879699707e+02
4.532724895477294922e+02
4.532929103374481201e+02
4.533127570152282715e+02
4.533326101303100586e+02
4.533528020381927490e+02
4.533721618652343750e+02
4.533923125267028809e+02
4.534123647212982178e+02
4.534320471286773682e+02
4.534531021118164062e+02
4.534717276096343994e+02
4.534925093650817871e+02
4.535123107433319092e+02
4.535325748920440674e+02
4.535536448955535889e+02
4.535717489719390869e+02
4.535931522846221924e+02
4.536125080585479736e+02
4.536327395439147949e+02
4.536536288261413574e+02
4.536717209815979004e+02
4.536934118270874023e+02
4.537121393680572510e+02
4.537317786216735840e+02
4.537534852027893066e+02
4.537717254161834717e+02
4.537930963039398193e+02
4.538125858306884766e+02
4.538326706886291504e+02
4.538523342609405518e+02
4.538724908828735352e+02
4.538930077552795410e+02
4.539124917984008789e+02
4.539333209991455078e+02
4.539527103900909424e+02
4.539727506637573242e+02
4.539920303821563721e+02
4.540127456188201904e+02
4.540320165157318115e+02
4.540524010658264160e+02
4.540723533630371094e+02
4.540923614501953125e+02
4.541126461029052734e+02
4.541320395469665527e+02
4.541524395942687988e+02
4.541723175048828125e+02
4.541925501823425293e+02
4.542122962474822998e+02
4.542325716018676758e+02
4.542524619102478027e+02
4.542727193832397461e+02
4.542923111915588379e+02
4.543124537467956543e+02
4.543321805000305176e+02
4.543525037765502930e+02
4.543722062110900879e+02
4.543923466205596924e+02
4.544124202728271484e+02
4.544322178363800049e+02
4.544526846408843994e+02
4.544818789958953857e+02
4.545010416507720947e+02
4.545211317539215088e+02
4.545410237312316895e+02
4.545609507560729980e+02
4.545814344882965088e+02
4.546014354228973389e+02
4.546205630302429199e+02
4.546409170627593994e+02
4.546615717411041260e+02
4.546809945106506348e+02
4.547014522552490234e+02
4.547205979824066162e+02
4.547408404350280762e+02
4.547609984874725342e+02
4.547805502414703369e+02
4.548015511035919189e+02
4.548206000328063965e+02
4.548408195972442627e+02
4.548611633777618408e+02
4.548821463584899902e+02
4.549009528160095215e+02
4.549279482364654541e+02
4.549476201534271240e+02
4.549680154323577881e+02
4.549890210628509521e+02
4.550083494186401367e+02
4.550278465747833252e+02
4.550493044853210449e+02
4.550678203105926514e+02
4.550887286663055420e+02
4.551078851222991943e+02
4.551282033920288086e+02
4.551480717658996582e+02
4.551678533554077148e+02
4.551881053447723389e+02
4.552075188159942627e+02
4.552273619174957275e+02
4.552477197647094727e+02
4.552680385112762451e+02
4.552881913185119629e+02
4.553074538707733154e+02
4.553273756504058838e+02
4.553480966091156006e+02
4.553681821823120117e+02
4.553885130882263184e+02
4.554084978103637695e+02
4.554279808998107910e+02
4.554476311206817627e+02
4.554683742523193359e+02
4.554945938587188721e+02
4.555137794017791748e+02
4.555343198776245117e+02
4.555537359714508057e+02
4.555740056037902832e+02
4.555942065715789795e+02
4.556141004562377930e+02
4.556336498260498047e+02
4.556545078754425049e+02
4.556740126609802246e+02
4.556945705413818359e+02
4.557141151428222656e+02
4.557340388298034668e+02
4.557536909580230713e+02
4.557740409374237061e+02
4.557947356700897217e+02
4.558139145374298096e+02
4.558336186408996582e+02
4.558539366722106934e+02
4.558740546703338623e+02
4.558940496444702148e+02
4.559138784408569336e+02
4.559336662292480469e+02
4.559545438289642334e+02
4.559736351966857910e+02
4.559962155818939209e+02
4.560145137310028076e+02
4.560339982509613037e+02
4.560540642738342285e+02
4.560740284919738770e+02
4.560942103862762451e+02
4.561137628555297852e+02
4.561339113712310791e+02
4.561545011997222900e+02
4.561739978790283203e+02
4.561946690082550049e+02
4.562138400077819824e+02
4.562344822883605957e+02
4.562536365985870361e+02
4.562744379043579102e+02
4.562936222553253174e+02
4.563144903182983398e+02
4.563344161510467529e+02
4.563540782928466797e+02
4.563736085891723633e+02
4.563940668106079102e+02
4.564146573543548584e+02
4.564340748786926270e+02
4.564536833763122559e+02
4.564737923145294189e+02
4.564944217205047607e+02
4.565136353969573975e+02
4.565376543998718262e+02
4.565536446571350098e+02
4.565742776393890381e+02
4.565936203002929688e+02
4.566142108440399170e+02
4.566345803737640381e+02
4.566542062759399414e+02
4.566736202239990234e+02
4.566942200660705566e+02
4.567145674228668213e+02
4.567341933250427246e+02
4.567545268535614014e+02
4.567742977142333984e+02
4.567939093112945557e+02
4.568144412040710449e+02
4.568344895839691162e+02
4.568536725044250488e+02
4.568746290206909180e+02
4.568944430351257324e+02
4.569145765304565430e+02
4.569342873096466064e+02
4.569544165134429932e+02
4.569744367599487305e+02
4.569944221973419189e+02
4.570143959522247314e+02
4.570340182781219482e+02
4.570538897514343262e+02
4.570741863250732422e+02
4.570938899517059326e+02
4.571142530441284180e+02
4.571341066360473633e+02
4.571536328792572021e+02
4.571741423606872559e+02
4.571942939758300781e+02
4.572144145965576172e+02
4.572338743209838867e+02
4.572592298984527588e+02
4.572788980007171631e+02
4.572995262145996094e+02
4.573190343379974365e+02
4.573451347351074219e+02
4.573645532131195068e+02
4.573843157291412354e+02
4.574046783447265625e+02
4.574246902465820312e+02
4.574445385932922363e+02
4.574638471603393555e+02
4.574842693805694580e+02
4.575041835308074951e+02
4.575243768692016602e+02
4.575438594818115234e+02
4.575648305416107178e+02
4.575842473506927490e+02
4.576042656898498535e+02
4.576243743896484375e+02
4.576446926593780518e+02
4.576642065048217773e+02
4.576843476295471191e+02
4.577048158645629883e+02
4.577245616912841797e+02
4.577445971965789795e+02
4.577647764682769775e+02
4.577848074436187744e+02
4.578042254447937012e+02
4.578246045112609863e+02
4.578446965217590332e+02
4.578654510974884033e+02
4.578845067024230957e+02
4.579097545146942139e+02
4.579296026229858398e+02
4.579492287635803223e+02
4.579691078662872314e+02
4.579895954132080078e+02
4.580091571807861328e+02
4.580292711257934570e+02
4.580493400096893311e+02
4.580691769123077393e+02
4.580893814563751221e+02
4.581085214614868164e+02
4.581295015811920166e+02
4.581496343612670898e+02
4.581693391799926758e+02
4.581892499923706055e+02
4.582096550464630127e+02
4.582293040752410889e+02
4.582488956451416016e+02
4.582688739299774170e+02
4.582896413803100586e+02
4.583096895217895508e+02
4.583288171291351318e+02
4.583488304615020752e+02
4.583688166141510010e+02
4.583897070884704590e+02
4.584087896347045898e+02
4.584296236038208008e+02
4.584496278762817383e+02
4.584688041210174561e+02
4.584898092746734619e+02
4.585088348388671875e+02
4.585294635295867920e+02
4.585495023727416992e+02
4.585694384574890137e+02
4.585895032882690430e+02
4.586095869541168213e+02
4.586288571357727051e+02
4.586486399173736572e+02
4.586695237159729004e+02
4.586885375976562500e+02
4.587092123031616211e+02
4.587285428047180176e+02
4.587491953372955322e+02
4.587698614597320557e+02
4.587888314723968506e+02
4.588101220130920410e+02
4.588292489051818848e+02
4.588492043018341064e+02
4.588699803352355957e+02
4.588892638683319092e+02
4.589093019962310791e+02
4.589292447566986084e+02
4.589494049549102783e+02
4.589696273803710938e+02
4.589888648986816406e+02
4.590093855857849121e+02
4.590296461582183838e+02
4.590499346256256104e+02
4.590695223808288574e+02
4.590892972946166992e+02
4.591092453002929688e+02
4.591293070316314697e+02
4.591495497226715088e+02
4.591691386699676514e+02
4.591902220249176025e+02
4.592093191146850586e+02
4.592292575836181641e+02
4.592492852210998535e+02
4.592692635059356689e+02
4.592892227172851562e+02
4.593091244697570801e+02
4.593289127349853516e+02
4.593493349552154541e+02
4.593694746494293213e+02
4.593894751071929932e+02
4.594091687202453613e+02
4.594295554161071777e+02
4.594498274326324463e+02
4.594700033664703369e+02
4.594891498088836670e+02
4.595088095664978027e+02
4.595288798809051514e+02
4.595492753982543945e+02
4.595691866874694824e+02
4.595892782211303711e+02
4.596096599102020264e+02
4.596295344829559326e+02
4.596491386890411377e+02
4.596696076393127441e+02
4.596898815631866455e+02
4.597095689773559570e+02
4.597296979427337646e+02
4.597497234344482422e+02
4.597694218158721924e+02
4.597888197898864746e+02
4.598094997406005859e+02
4.598296046257019043e+02
4.598494472503662109e+02
4.598688113689422607e+02
4.598892111778259277e+02
4.599094054698944092e+02
4.599295926094055176e+02
4.599494767189025879e+02
4.599695124626159668e+02
4.599892761707305908e+02
4.600091357231140137e+02
4.600291912555694580e+02
4.600492355823516846e+02
4.600692567825317383e+02
4.600886754989624023e+02
4.601102008819580078e+02
4.601291837692260742e+02
4.601486301422119141e+02
4.601696233749389648e+02
4.601892566680908203e+02
4.602094461917877197e+02
4.602293977737426758e+02
4.602565264701843262e+02
4.602764303684234619e+02
4.602963769435882568e+02
4.603158867359161377e+02
4.603363530635833740e+02
4.603563866615295410e+02
4.603762893676757812e+02
4.603964078426361084e+02
4.604164247512817383e+02
4.604364619255065918e+02
4.604568154811859131e+02
4.604763457775115967e+02
4.604971251487731934e+02
4.605167284011840820e+02
4.605367863178253174e+02
4.605569152832031250e+02
4.605767784118652344e+02
4.605962831974029541e+02
4.606165783405303955e+02
4.606363170146942139e+02
4.606564424037933350e+02
4.606759369373321533e+02
4.606965205669403076e+02
4.607165174484252930e+02
4.607357578277587891e+02
4.607562806606292725e+02
4.607762808799743652e+02
4.607956936359405518e+02
4.608164255619049072e+02
4.608365476131439209e+02
4.608567330837249756e+02
4.608766472339630127e+02
4.608964068889617920e+02
4.609164047241210938e+02
4.609362573623657227e+02
4.609562990665435791e+02
4.609762837886810303e+02
4.609962036609649658e+02
4.610163044929504395e+02
4.610361375808715820e+02
4.610562593936920166e+02
4.610764358043670654e+02
4.610963416099548340e+02
4.611163129806518555e+02
4.611373198032379150e+02
4.611680147647857666e+02
4.611870210170745850e+02
4.612071747779846191e+02
4.612273058891296387e+02
4.612472748756408691e+02
4.612673218250274658e+02
4.612871766090393066e+02
4.613071205615997314e+02
4.613273057937622070e+02
4.613467149734497070e+02
4.613676199913024902e+02
4.613870184421539307e+02
4.614067087173461914e+02
4.614270694255828857e+02
4.614473061561584473e+02
4.614669914245605469e+02
4.614867618083953857e+02
4.615071825981140137e+02
4.615270044803619385e+02
4.615465273857116699e+02
4.615669846534729004e+02
4.615870265960693359e+02
4.616071951389312744e+02
4.616270229816436768e+02
4.616473009586334229e+02
4.616670329570770264e+02
4.616870188713073730e+02
4.617071335315704346e+02
4.617278459072113037e+02
4.617467744350433350e+02
4.617671260833740234e+02
4.617870857715606689e+02
4.618073492050170898e+02
4.618270094394683838e+02
4.618481807708740234e+02
4.618670375347137451e+02
4.618871154785156250e+02
4.619070527553558350e+02
4.619267339706420898e+02
4.619476625919342041e+02
4.619667298793792725e+02
4.619874019622802734e+02
4.620071852207183838e+02
4.620270326137542725e+02
4.620469622611999512e+02
4.620673453807830811e+02
4.620870015621185303e+02
4.621076643466949463e+02
4.621276812553405762e+02
4.621475112438201904e+02
4.621676378250122070e+02
4.621875402927398682e+02
4.622075290679931641e+02
4.622276244163513184e+02
4.622473473548889160e+02
4.622674717903137207e+02
4.622875909805297852e+02
4.623075411319732666e+02
4.623278229236602783e+02
4.623470869064331055e+02
4.623669843673706055e+02
4.623873960971832275e+02
4.624070069789886475e+02
4.624272727966308594e+02
4.624470186233520508e+02
4.624670295715332031e+02
4.624869627952575684e+02
4.625073115825653076e+02
4.625271127223968506e+02
4.625469517707824707e+02
4.625669836997985840e+02
4.625873177051544189e+02
4.626069812774658203e+02
4.626269865036010742e+02
4.626469826698303223e+02
4.626670014858245850e+02
4.626869363784790039e+02
4.627070341110229492e+02
4.627270376682281494e+02
4.627466199398040771e+02
4.627674612998962402e+02
4.627870676517486572e+02
4.628067917823791504e+02
4.628270101547241211e+02
4.628475062847137451e+02
4.628669550418853760e+02
4.628869781494140625e+02
4.629069705009460449e+02
4.629273912906646729e+02
4.629475381374359131e+02
4.629673240184783936e+02
4.629865713119506836e+02
4.630074813365936279e+02
4.630278434753417969e+02
4.630475409030914307e+02
4.630673048496246338e+02
4.630868263244628906e+02
4.631070742607116699e+02
4.631273398399353027e+02
4.631466565132141113e+02
4.631672856807708740e+02
4.631866874694824219e+02
4.632070541381835938e+02
4.632274336814880371e+02
4.632474498748779297e+02
4.632675955295562744e+02
4.632869224548339844e+02
4.633075699806213379e+02
4.633275573253631592e+02
4.633475639820098877e+02
4.633673179149627686e+02
4.633871397972106934e+02
4.634067506790161133e+02
4.634276189804077148e+02
4.634476957321166992e+02
4.634670214653015137e+02
4.634872038364410400e+02
4.635070130825042725e+02
4.635264747142791748e+02
4.635468258857727051e+02
4.635675361156463623e+02
4.635871295928955078e+02
4.636065602302551270e+02
4.636264603137969971e+02
4.636465363502502441e+02
4.636669266223907471e+02
4.636870276927947998e+02
4.637070150375366211e+02
4.637275977134704590e+02
4.637475452423095703e+02
4.637665216922760010e+02
4.637884647846221924e+02
4.638069679737091064e+02
4.638265359401702881e+02
4.638473956584930420e+02
4.638665046691894531e+02
4.638868556022644043e+02
4.639075174331665039e+02
4.639273245334625244e+02
4.639475739002227783e+02
4.639670157432556152e+02
4.639876730442047119e+02
4.640072014331817627e+02
4.640277655124664307e+02
4.640469775199890137e+02
4.640681328773498535e+02
4.640870759487152100e+02
4.641079657077789307e+02
4.641267077922821045e+02
4.641469192504882812e+02
4.641669514179229736e+02
4.641868405342102051e+02
4.642110955715179443e+02
4.642270419597625732e+02
4.642468252182006836e+02
4.642674088478088379e+02
4.642870147228240967e+02
4.643076508045196533e+02
4.643274090290069580e+02
4.643467788696289062e+02
4.643679616451263428e+02
4.643872678279876709e+02
4.644070880413055420e+02
4.644336018562316895e+02
4.644534814357757568e+02
4.644735305309295654e+02
4.644935638904571533e+02
4.645138320922851562e+02
4.645333821773529053e+02
4.645535032749176025e+02
4.645735046863555908e+02
4.645934734344482422e+02
4.646135554313659668e+02
4.646332674026489258e+02
4.646533451080322266e+02
4.646740069389343262e+02
4.646936967372894287e+02
4.647135148048400879e+02
4.647334895133972168e+02
4.647534780502319336e+02
4.647733695507049561e+02
4.647930910587310791e+02
4.648137662410736084e+02
4.648400790691375732e+02
4.648648564815521240e+02
4.648851275444030762e+02
4.649050335884094238e+02
4.649249129295349121e+02
4.649512209892272949e+02
4.649703156948089600e+02
4.649904623031616211e+02
4.650104556083679199e+02
4.650309274196624756e+02
4.650507190227508545e+02
4.650701236724853516e+02
4.650903248786926270e+02
4.651107840538024902e+02
4.651305985450744629e+02
4.651505577564239502e+02
4.651703402996063232e+02
4.651902098655700684e+02
4.652097134590148926e+02
4.652303769588470459e+02
4.652504549026489258e+02
4.652706894874572754e+02
4.652907004356384277e+02
4.653103005886077881e+02
4.653301868438720703e+02
4.653505525588989258e+02
4.653708655834197998e+02
4.653902854919433594e+02
4.654102795124053955e+02
4.654305200576782227e+02
4.654504089355468750e+02
4.654705727100372314e+02
4.654903316497802734e+02
4.655101411342620850e+02
4.655304484367370605e+02
4.655503323078155518e+02
4.655704250335693359e+02
4.655898945331573486e+02
4.656099927425384521e+02
4.656298801898956299e+02
4.656502485275268555e+02
4.656698915958404541e+02
4.656905534267425537e+02
4.657104001045227051e+02
4.657302937507629395e+02
4.657502727508544922e+02
4.657698755264282227e+02
4.657903451919555664e+02
4.658103444576263428e+02
4.658311910629272461e+02
4.658505954742431641e+02
4.658702280521392822e+02
4.658898994922637939e+02
4.659102981090545654e+02
4.659301640987396240e+02
4.659503057003021240e+02
4.659708919525146484e+02
4.659899175167083740e+02
4.660109453201293945e+02
4.660305204391479492e+02
4.660506799221038818e+02
4.660708355903625488e+02
4.660905175209045410e+02
4.661100485324859619e+02
4.661308109760284424e+02
4.661505856513977051e+02
4.661704742908477783e+02
4.661907522678375244e+02
4.662097377777099609e+02
4.662305560111999512e+02
4.662504825592041016e+02
4.662702200412750244e+02
4.662903606891632080e+02
4.663103446960449219e+02
4.663303349018096924e+02
4.663503539562225342e+02
4.663698782920837402e+02
4.663900401592254639e+02
4.664102611541748047e+02
4.664303095340728760e+02
4.664504570960998535e+02
4.664702384471893311e+02
4.664903593063354492e+02
4.665119626522064209e+02
4.665303108692169189e+02
4.665500442981719971e+02
4.665702567100524902e+02
4.665998971462249756e+02
4.666286060810089111e+02
4.666479883193969727e+02
4.666686711311340332e+02
4.666884226799011230e+02
4.667106189727783203e+02
4.667283496856689453e+02
4.667489073276519775e+02
4.667690958976745605e+02
4.667886703014373779e+02
4.668095092773437500e+02
4.668287515640258789e+02
4.668484096527099609e+02
4.668689715862274170e+02
4.668880577087402344e+02
4.669094810485839844e+02
4.669280264377593994e+02
4.669497108459472656e+02
4.669689729213714600e+02
4.669883995056152344e+02
4.670086910724639893e+02
4.670290203094482422e+02
4.670496106147766113e+02
4.670685727596282959e+02
4.670885295867919922e+02
4.671087944507598877e+02
4.671291594505310059e+02
4.671494750976562500e+02
4.671697084903717041e+02
4.671887204647064209e+02
4.672086956501007080e+02
4.672283389568328857e+02
4.672483818531036377e+02
4.672695598602294922e+02
4.672882487773895264e+02
4.673091957569122314e+02
4.673285863399505615e+02
4.673488266468048096e+02
4.673687932491302490e+02
4.673889117240905762e+02
4.674084997177124023e+02
4.674288175106048584e+02
4.674485588073730469e+02
4.674688098430633545e+02
4.674886746406555176e+02
4.675086891651153564e+02
4.675284724235534668e+02
4.675490243434906006e+02
4.675686023235321045e+02
4.675944516658782959e+02
4.676138811111450195e+02
4.676335656642913818e+02
4.676534674167633057e+02
4.676739346981048584e+02
4.676940176486968994e+02
4.677144651412963867e+02
4.677341544628143311e+02
4.677542355060577393e+02
4.677741270065307617e+02
4.677938125133514404e+02
4.678135180473327637e+02
4.678334896564483643e+02
4.678534801006317139e+02
4.678736155033111572e+02
4.678934209346771240e+02
4.679134299755096436e+02
4.679333643913269043e+02
4.679538459777832031e+02
4.679739193916320801e+02
4.679937696456909180e+02
4.680137653350830078e+02
4.680333623886108398e+02
4.680556766986846924e+02
4.680738375186920166e+02
4.680936322212219238e+02
4.681135151386260986e+02
4.681338450908660889e+02
4.681537730693817139e+02
4.681734473705291748e+02
4.681936731338500977e+02
4.682138621807098389e+02
4.682333836555480957e+02
4.682536077499389648e+02
4.682820761203765869e+02
4.683015193939208984e+02
4.683212795257568359e+02
4.683503038883209229e+02
4.683696510791778564e+02
4.683889813423156738e+02
4.684096298217773438e+02
4.684294505119323730e+02
4.684490861892700195e+02
4.684689643383026123e+02
4.684893608093261719e+02
4.685093708038330078e+02
4.685289475917816162e+02
4.685490479469299316e+02
4.685689673423767090e+02
4.685894758701324463e+02
4.686092517375946045e+02
4.686294300556182861e+02
4.686584477424621582e+02
4.686827931404113770e+02
4.687020802497863770e+02
4.687287056446075439e+02
4.687569441795349121e+02
4.687766902446746826e+02
4.687968957424163818e+02
4.688169729709625244e+02
4.688369650840759277e+02
4.688569877147674561e+02
4.688770608901977539e+02
4.688971273899078369e+02
4.689172430038452148e+02
4.689367249011993408e+02
4.689579041004180908e+02
4.689770326614379883e+02
4.689976398944854736e+02
4.690166418552398682e+02
4.690375328063964844e+02
4.690570218563079834e+02
4.690771825313568115e+02
4.690970125198364258e+02
4.691175889968872070e+02
4.691368126869201660e+02
4.691565284729003906e+02
4.691764352321624756e+02
4.691968190670013428e+02
4.692163176536560059e+02
4.692368907928466797e+02
4.692562482357025146e+02
4.692768597602844238e+02
4.692969255447387695e+02
4.693171100616455078e+02
4.693370099067687988e+02
4.693569591045379639e+02
4.693770513534545898e+02
4.693970310688018799e+02
4.694171457290649414e+02
4.694370779991149902e+02
4.694570062160491943e+02
4.694775843620300293e+02
4.694970262050628662e+02
4.695179135799407959e+02
4.695364224910736084e+02
4.695577619075775146e+02
4.695768160820007324e+02
4.695974924564361572e+02
4.696175067424774170e+02
4.696369106769561768e+02
4.696565692424774170e+02
4.696765694618225098e+02
4.696974506378173828e+02
4.697175686359405518e+02
4.697371289730072021e+02
4.697574958801269531e+02
4.697769341468811035e+02
4.697975227832794189e+02
4.698176040649414062e+02
4.698369288444519043e+02
4.698572714328765869e+02
4.698769426345825195e+02
4.698975541591644287e+02
4.699180672168731689e+02
4.699377431869506836e+02
4.699570186138153076e+02
4.699777002334594727e+02
4.699966788291931152e+02
4.700170910358428955e+02
4.700374906063079834e+02
4.700570967197418213e+02
4.700772027969360352e+02
4.700972721576690674e+02
4.701169147491455078e+02
4.701377370357513428e+02
4.701576027870178223e+02
4.701771676540374756e+02
4.701972808837890625e+02
4.702177186012268066e+02
4.702371733188629150e+02
4.702570202350616455e+02
4.702769036293029785e+02
4.702968297004699707e+02
4.703168687820434570e+02
4.703373873233795166e+02
4.703573305606842041e+02
4.703850777149200439e+02
4.704044775962829590e+02
4.704248201847076416e+02
4.704447619915008545e+02
4.704646615982055664e+02
4.704845485687255859e+02
4.705048835277557373e+02
4.705253853797912598e+02
4.705446925163269043e+02
4.705650322437286377e+02
4.705848031044006348e+02
4.706046199798583984e+02
4.706244735717773438e+02
4.706449286937713623e+02
4.706643338203430176e+02
4.706846547126770020e+02
4.707041029930114746e+02
4.707251377105712891e+02
4.707448186874389648e+02
4.707649660110473633e+02
4.707849590778350830e+02
4.708047895431518555e+02
4.708242137432098389e+02
4.708446710109710693e+02
4.708646175861358643e+02
4.708849477767944336e+02
4.709045600891113281e+02
4.709239118099212646e+02
4.709444313049316406e+02
4.709646115303039551e+02
4.709930260181427002e+02
4.710127689838409424e+02
4.710329699516296387e+02
4.710530304908752441e+02
4.710731306076049805e+02
4.710925340652465820e+02
4.711131484508514404e+02
4.711326444149017334e+02
4.711521940231323242e+02
4.711727163791656494e+02
4.711930117607116699e+02
4.712129259109497070e+02
4.712330701351165771e+02
4.712527890205383301e+02
4.712728393077850342e+02
4.712930448055267334e+02
4.713131165504455566e+02
4.713329260349273682e+02
4.713528819084167480e+02
4.713729510307312012e+02
4.713922162055969238e+02
4.714128835201263428e+02
4.714332480430603027e+02
4.714536557197570801e+02
4.714725108146667480e+02
4.714928255081176758e+02
4.715130133628845215e+02
4.715325114727020264e+02
4.715535521507263184e+02
4.715725054740905762e+02
4.715928978919982910e+02
4.716131086349487305e+02
4.716326174736022949e+02
4.716531000137329102e+02
4.716729702949523926e+02
4.716931703090667725e+02
4.717125170230865479e+02
4.717326323986053467e+02
4.717534728050231934e+02
4.717725639343261719e+02
4.717931435108184814e+02
4.718128292560577393e+02
4.718329133987426758e+02
4.718529341220855713e+02
4.718729567527770996e+02
4.718927969932556152e+02
4.719126164913177490e+02
4.719328167438507080e+02
4.719527263641357422e+02
4.719729659557342529e+02
4.719929869174957275e+02
4.720127325057983398e+02
4.720329797267913818e+02
4.720529119968414307e+02
4.720727968215942383e+02
4.720928173065185547e+02
4.721128139495849609e+02
4.721326470375061035e+02
4.721524326801300049e+02
4.721726453304290771e+02
4.721932456493377686e+02
4.722126967906951904e+02
4.722330331802368164e+02
4.722594931125640869e+02
4.722793645858764648e+02
4.722999048233032227e+02
4.723197820186614990e+02
4.723399708271026611e+02
4.723600115776062012e+02
4.723798594474792480e+02
4.723997759819030762e+02
4.724198954105377197e+02
4.724397432804107666e+02
4.724599092006683350e+02
4.724798631668090820e+02
4.724998593330383301e+02
4.725198769569396973e+02
4.725397422313690186e+02
4.725597977638244629e+02
4.725799334049224854e+02
4.725999495983123779e+02
4.726206052303314209e+02
4.726395790576934814e+02
4.726597418785095215e+02
4.726800765991210938e+02
4.727001426219940186e+02
4.727202057838439941e+02
4.727399163246154785e+02
4.727595508098602295e+02
4.727798259258270264e+02
4.728000977039337158e+02
4.728199179172515869e+02
4.728398826122283936e+02
4.728598768711090088e+02
4.728798143863677979e+02
4.729006004333496094e+02
4.729192304611206055e+02
4.729394822120666504e+02
4.729595110416412354e+02
4.729805383682250977e+02
4.729994363784790039e+02
4.730199382305145264e+02
4.730395777225494385e+02
4.730599014759063721e+02
4.730797972679138184e+02
4.730994863510131836e+02
4.731194791793823242e+02
4.731404399871826172e+02
4.731602118015289307e+02
4.731798398494720459e+02
4.731999812126159668e+02
4.732199025154113770e+02
4.732394804954528809e+02
4.732594828605651855e+02
4.732800319194793701e+02
4.732994081974029541e+02
4.733202855587005615e+02
4.733394210338592529e+02
4.733601617813110352e+02
4.733798825740814209e+02
4.733994913101196289e+02
4.734207019805908203e+02
4.734395010471343994e+02
4.734598584175109863e+02
4.734799115657806396e+02
4.734998042583465576e+02
4.735198407173156738e+02
4.735397651195526123e+02
4.735607366561889648e+02
4.735798320770263672e+02
4.736007716655731201e+02
4.736195836067199707e+02
4.736406621932983398e+02
4.736595761775970459e+02
4.736801910400390625e+02
4.736992785930633545e+02
4.737202949523925781e+02
4.737394969463348389e+02
4.737603440284729004e+02
4.737794334888458252e+02
4.738003573417663574e+02
4.738199319839477539e+02
4.738401103019714355e+02
4.738596987724304199e+02
4.738795185089111328e+02
4.738993906974792480e+02
4.739314086437225342e+02
4.739513070583343506e+02
4.739709129333496094e+02
4.739907448291778564e+02
4.740105130672454834e+02
4.740307505130767822e+02
4.740509352684020996e+02
4.740713708400726318e+02
4.740913512706756592e+02
4.741187837123870850e+02
4.741381826400756836e+02
4.741581225395202637e+02
4.741785805225372314e+02
4.741974005699157715e+02
4.742184464931488037e+02
4.742381632328033447e+02
4.742581467628479004e+02
4.742781929969787598e+02
4.742974951267242432e+02
4.743182339668273926e+02
4.743381297588348389e+02
4.743580160140991211e+02
4.743782305717468262e+02
4.743979926109313965e+02
4.744181478023529053e+02
4.744378020763397217e+02
4.744580447673797607e+02
4.744777441024780273e+02
4.744979708194732666e+02
4.745177876949310303e+02
4.745387897491455078e+02
4.745593099594116211e+02
4.745778005123138428e+02
4.745977339744567871e+02
4.746177628040313721e+02
4.746386847496032715e+02
4.746579985618591309e+02
4.746775114536285400e+02
4.746977975368499756e+02
4.747174136638641357e+02
4.747390911579132080e+02
4.747580776214599609e+02
4.747780473232269287e+02
4.747981979846954346e+02
4.748182094097137451e+02
4.748380732536315918e+02
4.748579547405242920e+02
4.748779480457305908e+02
4.748981738090515137e+02
4.749180467128753662e+02
4.749381310939788818e+02
4.749581785202026367e+02
4.749781796932220459e+02
4.749986484050750732e+02
4.750181713104248047e+02
4.750381102561950684e+02
4.750581078529357910e+02
4.750782339572906494e+02
4.750980706214904785e+02
4.751181955337524414e+02
4.751382515430450439e+02
4.751581997871398926e+02
4.751781685352325439e+02
4.751977989673614502e+02
4.752177822589874268e+02
4.752380421161651611e+02
4.752577402591705322e+02
4.752781002521514893e+02
4.752977480888366699e+02
4.753185346126556396e+02
4.753385608196258545e+02
4.753582851886749268e+02
4.753781881332397461e+02
4.753980150222778320e+02
4.754181323051452637e+02
4.754380633831024170e+02
4.754578881263732910e+02
4.754784224033355713e+02
4.754981422424316406e+02
4.755182359218597412e+02
4.755381348133087158e+02
4.755586254596710205e+02
4.755781269073486328e+02
4.755981135368347168e+02
4.756181218624114990e+02
4.756381044387817383e+02
4.756578128337860107e+02
4.756776881217956543e+02
4.756984200477600098e+02
4.757186944484710693e+02
4.757384204864501953e+02
4.757581393718719482e+02
4.757778959274291992e+02
4.757981073856353760e+02
4.758182573318481445e+02
4.758382234573364258e+02
4.758575391769409180e+02
4.758781652450561523e+02
4.758979773521423340e+02
4.759180998802185059e+02
4.759383089542388916e+02
4.759584374427795410e+02
4.759785041809082031e+02
4.759983134269714355e+02
4.760183558464050293e+02
4.760385661125183105e+02
4.760581386089324951e+02
4.760787255764007568e+02
4.760982444286346436e+02
4.761177144050598145e+02
4.761385855674743652e+02
4.761583840847015381e+02
4.761785042285919189e+02
4.761979897022247314e+02
4.762182016372680664e+02
4.762380626201629639e+02
4.762579979896545410e+02
4.762779581546783447e+02
4.762980129718780518e+02
4.763180432319641113e+02
4.763379814624786377e+02
4.763580598831176758e+02
4.763872232437133789e+02
4.764070346355438232e+02
4.764268059730529785e+02
4.764468462467193604e+02
4.764670841693878174e+02
4.764865431785583496e+02
4.765060138702392578e+02
4.765269176959991455e+02
4.765476508140563965e+02
4.765659062862396240e+02
4.765867154598236084e+02
4.766066217422485352e+02
4.766267623901367188e+02
4.766467294692993164e+02
4.766661756038665771e+02
4.766866331100463867e+02
4.767064740657806396e+02
4.767266480922698975e+02
4.767470176219940186e+02
4.767663915157318115e+02
4.767866861820220947e+02
4.768066184520721436e+02
4.768267955780029297e+02
4.768478982448577881e+02
4.768659110069274902e+02
4.768871755599975586e+02
4.769072501659393311e+02
4.769326317310333252e+02
4.769569311141967773e+02
4.769768989086151123e+02
4.769968776702880859e+02
4.770168848037719727e+02
4.770368902683258057e+02
4.770568742752075195e+02
4.770768690109252930e+02
4.770968482494354248e+02
4.771168947219848633e+02
4.771368534564971924e+02
4.771568310260772705e+02
4.771768755912780762e+02
4.771968829631805420e+02
4.772169461250305176e+02
4.772368505001068115e+02
4.772569060325622559e+02
4.772768862247467041e+02
4.772968695163726807e+02
4.773181967735290527e+02
4.773377542495727539e+02
4.773574583530426025e+02
4.773773281574249268e+02
4.773980464935302734e+02
4.774174096584320068e+02
4.774378724098205566e+02
4.774579401016235352e+02
4.774773840904235840e+02
4.774978508949279785e+02
4.775176184177398682e+02
4.775371165275573730e+02
4.775574173927307129e+02
4.775774192810058594e+02
4.775976934432983398e+02
4.776176238059997559e+02
4.776373720169067383e+02
4.776582796573638916e+02
4.776772751808166504e+02
4.776973850727081299e+02
4.777173840999603271e+02
4.777373595237731934e+02
4.777568418979644775e+02
4.777774012088775635e+02
4.777973022460937500e+02
4.778171672821044922e+02
4.778373122215270996e+02
4.778574740886688232e+02
4.778772854804992676e+02
4.778972506523132324e+02
4.779173481464385986e+02
4.779376707077026367e+02
4.779579763412475586e+02
4.779779162406921387e+02
4.779972596168518066e+02
4.780171084403991699e+02
4.780371546745300293e+02
4.780571379661560059e+02
4.780768013000488281e+02
4.780975773334503174e+02
4.781179628372192383e+02
4.781373240947723389e+02
4.781575675010681152e+02
4.781772816181182861e+02
4.781973428726196289e+02
4.782179007530212402e+02
4.782367832660675049e+02
4.782624197006225586e+02
4.782812206745147705e+02
4.783013467788696289e+02
4.783213024139404297e+02
4.783411443233489990e+02
4.783614616394042969e+02
4.783813891410827637e+02
4.784020326137542725e+02
4.784219532012939453e+02
4.784413962364196777e+02
4.784616973400115967e+02
4.784811053276062012e+02
4.785039956569671631e+02
4.785209283828735352e+02
4.785413084030151367e+02
4.785616841316223145e+02
4.785815401077270508e+02
4.786015522480010986e+02
4.786214931011199951e+02
4.786413800716400146e+02
4.786616954803466797e+02
4.786813933849334717e+02
4.787035822868347168e+02
4.787220275402069092e+02
4.787413473129272461e+02
4.787613992691040039e+02
4.787814507484436035e+02
4.788010461330413818e+02
4.788216054439544678e+02
4.788412508964538574e+02
4.788614566326141357e+02
4.788894066810607910e+02
4.789090359210968018e+02
4.789291918277740479e+02
4.789491150379180908e+02
4.789694538116455078e+02
4.789893763065338135e+02
4.790091083049774170e+02
4.790293810367584229e+02
4.790492606163024902e+02
4.790694916248321533e+02
4.790893411636352539e+02
4.791092429161071777e+02
4.791292352676391602e+02
4.791491844654083252e+02
4.791697037220001221e+02
4.791893105506896973e+02
4.792092907428741455e+02
4.792294712066650391e+02
4.792492940425872803e+02
4.792694861888885498e+02
4.792892944812774658e+02
4.793094022274017334e+02
4.793292768001556396e+02
4.793492577075958252e+02
4.793696541786193848e+02
4.793892586231231689e+02
4.794092309474945068e+02
4.794293470382690430e+02
4.794492554664611816e+02
4.794693214893341064e+02
4.794894790649414062e+02
4.795091350078582764e+02
4.795293967723846436e+02
4.795490081310272217e+02
4.795701599121093750e+02
4.795890130996704102e+02
4.796093971729278564e+02
4.796387279033660889e+02
4.796589839458465576e+02
4.796788258552551270e+02
4.796988053321838379e+02
4.797200078964233398e+02
4.797388138771057129e+02
4.797589058876037598e+02
4.797788870334625244e+02
4.797989320755004883e+02
4.798188776969909668e+02
4.798393812179565430e+02
4.798603334426879883e+02
4.798787124156951904e+02
4.798985362052917480e+02
4.799188272953033447e+02
4.799381809234619141e+02
4.799599561691284180e+02
4.799783775806427002e+02
4.799990899562835693e+02
4.800185310840606689e+02
4.800389299392700195e+02
4.800587542057037354e+02
4.800788035392761230e+02
4.800991878509521484e+02
4.801183741092681885e+02
4.801390979290008545e+02
4.801581723690032959e+02
4.801789002418518066e+02
4.801984353065490723e+02
4.802186710834503174e+02
4.802392404079437256e+02
4.802583682537078857e+02
4.802782928943634033e+02
4.802987432479858398e+02
4.803188004493713379e+02
4.803392329216003418e+02
4.803582382202148438e+02
4.803783788681030273e+02
4.803981962203979492e+02
4.804192013740539551e+02
4.804388015270233154e+02
4.804587473869323730e+02
4.804787337779998779e+02
4.804989485740661621e+02
4.805189409255981445e+02
4.805392558574676514e+02
4.805582175254821777e+02
4.805782518386840820e+02
4.805982263088226318e+02
4.806182494163513184e+02
4.806391751766204834e+02
4.806589574813842773e+02
4.806789128780364990e+02
4.806989672183990479e+02
4.807187473773956299e+02
4.807387382984161377e+02
4.807589712142944336e+02
4.807785217761993408e+02
4.807986924648284912e+02
4.808188586235046387e+02
4.808389451503753662e+02
4.808590660095214844e+02
4.808782508373260498e+02
4.808988850116729736e+02
4.809189441204071045e+02
4.809393954277038574e+02
4.809589102268218994e+02
4.809787738323211670e+02
4.809988603591918945e+02
4.810186655521392822e+02
4.810387387275695801e+02
4.810581505298614502e+02
4.810788826942443848e+02
4.810989105701446533e+02
4.811187129020690918e+02
4.811391210556030273e+02
4.811588926315307617e+02
4.811788394451141357e+02
4.811989238262176514e+02
4.812197730541229248e+02
4.812381706237792969e+02
4.812588884830474854e+02
4.812787539958953857e+02
4.812988641262054443e+02
4.813188650608062744e+02
4.813387615680694580e+02
4.813589458465576172e+02
4.813785130977630615e+02
4.813982856273651123e+02
4.814182579517364502e+02
4.814389286041259766e+02
4.814590599536895752e+02
4.814787921905517578e+02
4.814987506866455078e+02
4.815189213752746582e+02
4.815386500358581543e+02
4.815591444969177246e+02
4.815790178775787354e+02
4.815991261005401611e+02
4.816192533969879150e+02
4.816392529010772705e+02
4.816588973999023438e+02
4.816788623332977295e+02
4.816991827487945557e+02
4.817184557914733887e+02
4.817388677597045898e+02
4.817585308551788330e+02
4.817788045406341553e+02
4.817988772392272949e+02
4.818188798427581787e+02
4.818390867710113525e+02
4.818588688373565674e+02
4.818899717330932617e+02
4.819092037677764893e+02
4.819291203022003174e+02
4.819485716819763184e+02
4.819710106849670410e+02
4.819887650012969971e+02
4.820093841552734375e+02
4.820292103290557861e+02
4.820485758781433105e+02
4.820690844058990479e+02
4.820892353057861328e+02
4.821091532707214355e+02
4.821290915012359619e+02
4.821493175029754639e+02
4.821692690849304199e+02
4.821908335685729980e+02
4.822093958854675293e+02
4.822295706272125244e+02
4.822494211196899414e+02
4.822744522094726562e+02
4.822945702075958252e+02
4.823143961429595947e+02
4.823337166309356689e+02
4.823593580722808838e+02
4.823787324428558350e+02
4.823990118503570557e+02
4.824189662933349609e+02
4.824387090206146240e+02
4.824591538906097412e+02
4.824791994094848633e+02
4.824989974498748779e+02
4.825190768241882324e+02
4.825392489433288574e+02
4.825593867301940918e+02
4.825793964862823486e+02
4.825994603633880615e+02
4.826192207336425781e+02
4.826393604278564453e+02
4.826594822406768799e+02
4.826792948246002197e+02
4.826994924545288086e+02
4.827193102836608887e+02
4.827394051551818848e+02
4.827594931125640869e+02
4.827791855335235596e+02
4.827992925643920898e+02
4.828194670677185059e+02
4.828393969535827637e+02
4.828593742847442627e+02
4.828793959617614746e+02
4.828996746540069580e+02
4.829193804264068604e+02
4.829393403530120850e+02
4.829595174789428711e+02
4.829785768985748291e+02
4.829991080760955811e+02
4.830194318294525146e+02
4.830393395423889160e+02
4.830594511032104492e+02
4.830792164802551270e+02
4.830992388725280762e+02
4.831193406581878662e+02
4.831391611099243164e+02
4.831594045162200928e+02
4.831794211864471436e+02
4.831991755962371826e+02
4.832193055152893066e+02
4.832393803596496582e+02
4.832593879699707031e+02
4.832795243263244629e+02
4.832994685173034668e+02
4.833193869590759277e+02
4.833420226573944092e+02
4.833591780662536621e+02
4.833790154457092285e+02
4.833991105556488037e+02
4.834189684391021729e+02
4.834390082359313965e+02
4.834598338603973389e+02
4.834788370132446289e+02
4.834987883567810059e+02
4.835189380645751953e+02
4.835390198230743408e+02
4.835593111515045166e+02
4.835791091918945312e+02
4.835993614196777344e+02
4.836195075511932373e+02
4.836394248008728027e+02
4.836594789028167725e+02
4.836790542602539062e+02
4.836994333267211914e+02
4.837194643020629883e+02
4.837388885021209717e+02
4.837595522403717041e+02
4.837790055274963379e+02
4.837990515232086182e+02
4.838189184665679932e+02
4.838391215801239014e+02
4.838594028949737549e+02
4.838789985179901123e+02
4.838994290828704834e+02
4.839188704490661621e+02
4.839389457702636719e+02
4.839589860439300537e+02
4.839785914421081543e+02
4.839989390373229980e+02
4.840190730094909668e+02
4.840389506816864014e+02
4.840589489936828613e+02
4.840788094997406006e+02
4.840991644859313965e+02
4.841189012527465820e+02
4.841389720439910889e+02
4.841589472293853760e+02
4.841789615154266357e+02
4.841989533901214600e+02
4.842191078662872314e+02
4.842391047477722168e+02
4.842590215206146240e+02
4.842789382934570312e+02
4.842990095615386963e+02
4.843189718723297119e+02
4.843389594554901123e+02
4.843588929176330566e+02
4.843790786266326904e+02
4.843988108634948730e+02
4.844189884662628174e+02
4.844396655559539795e+02
4.844595746994018555e+02
4.844791283607482910e+02
4.844991385936737061e+02
4.845193073749542236e+02
4.845393767356872559e+02
4.845594294071197510e+02
4.845786905288696289e+02
4.845990753173828125e+02
4.846190946102142334e+02
4.846383373737335205e+02
4.846589655876159668e+02
4.846789629459381104e+02
4.846985113620758057e+02
4.847190387248992920e+02
4.847395446300506592e+02
4.847590239048004150e+02
4.847792391777038574e+02
4.847995426654815674e+02
4.848194828033447266e+02
4.848388772010803223e+02
4.848590922355651855e+02
4.848791522979736328e+02
4.848990354537963867e+02
4.849190537929534912e+02
4.849391114711761475e+02
4.849582924842834473e+02
4.849788696765899658e+02
4.849990313053131104e+02
4.850189106464385986e+02
4.850391170978546143e+02
4.850588943958282471e+02
4.850792522430419922e+02
4.850992422103881836e+02
4.851189532279968262e+02
4.851391685009002686e+02
4.851594393253326416e+02
4.851792035102844238e+02
4.852001121044158936e+02
4.852191708087921143e+02
4.852389297485351562e+02
4.852590029239654541e+02
4.852785921096801758e+02
4.852990140914916992e+02
4.853189184665679932e+02
4.853388843536376953e+02
4.853587777614593506e+02
4.853788516521453857e+02
4.853990309238433838e+02
4.854190237522125244e+02
4.854388871192932129e+02
4.854588267803192139e+02
4.854788823127746582e+02
4.854988973140716553e+02
4.855188462734222412e+02
4.855388405323028564e+02
4.855588114261627197e+02
4.855785458087921143e+02
4.855992953777313232e+02
4.856188700199127197e+02
4.856390461921691895e+02
4.856594665050506592e+02
4.856790249347686768e+02
4.856996331214904785e+02
4.857185912132263184e+02
4.857394571304321289e+02
4.857589004039764404e+02
4.857789440155029297e+02
4.857985537052154541e+02
4.858186409473419189e+02
4.858394801616668701e+02
4.858586311340332031e+02
4.858789727687835693e+02
4.858985533714294434e+02
4.859189665317535400e+02
4.859389004707336426e+02
4.859590544700622559e+02
4.859789650440216064e+02
4.859989953041076660e+02
4.860189838409423828e+02
4.860395817756652832e+02
4.860583446025848389e+02
4.860794951915740967e+02
4.860991098880767822e+02
4.861196777820587158e+02
4.861388421058654785e+02
4.861592631340026855e+02
4.861793956756591797e+02
4.861992423534393311e+02
4.862195982933044434e+02
4.862388284206390381e+02
4.862589216232299805e+02
4.862793905735015869e+02
4.862996139526367188e+02
4.863194408416748047e+02
4.863394010066986084e+02
4.863594901561737061e+02
4.863790159225463867e+02
4.863991272449493408e+02
4.864193916320800781e+02
4.864395709037780762e+02
4.864595923423767090e+02
4.864793407917022705e+02
4.864988846778869629e+02
4.865191202163696289e+02
4.865392522811889648e+02
4.865588803291320801e+02
4.865789508819580078e+02
4.865986440181732178e+02
4.866196780204772949e+02
4.866391828060150146e+02
4.866594958305358887e+02
4.866794734001159668e+02
4.866994132995605469e+02
4.867194681167602539e+02
4.867393267154693604e+02
4.867594621181488037e+02
4.867793571949005127e+02
4.867994513511657715e+02
4.868194019794464111e+02
4.868392481803894043e+02
4.868591172695159912e+02
4.868795473575592041e+02
4.868995707035064697e+02
4.869193265438079834e+02
4.869391853809356689e+02
4.869594070911407471e+02
4.869792642593383789e+02
4.869992256164550781e+02
4.870192644596099854e+02
4.870392453670501709e+02
4.870594537258148193e+02
4.870785877704620361e+02
4.870997474193572998e+02
4.871190342903137207e+02
4.871397781372070312e+02
4.871585824489593506e+02
4.871790254116058350e+02
4.871992852687835693e+02
4.872186877727508545e+02
4.872389647960662842e+02
4.872589802742004395e+02
4.872789254188537598e+02
4.872984888553619385e+02
4.873192496299743652e+02
4.873385655879974365e+02
4.873590397834777832e+02
4.873790223598480225e+02
4.873990838527679443e+02
4.874186506271362305e+02
4.874391071796417236e+02
4.874589989185333252e+02
4.874789688587188721e+02
4.874992067813873291e+02
4.875189793109893799e+02
4.875390512943267822e+02
4.875591943264007568e+02
4.875790698528289795e+02
4.875991961956024170e+02
4.876190130710601807e+02
4.876389482021331787e+02
4.876589107513427734e+02
4.876787226200103760e+02
4.876985988616943359e+02
4.877185626029968262e+02
4.877392098903656006e+02
4.877590403556823730e+02
4.877785825729370117e+02
4.877998056411743164e+02
4.878185989856719971e+02
4.878397908210754395e+02
4.878585541248321533e+02
4.878789594173431396e+02
4.878991186618804932e+02
4.879185979366302490e+02
4.879391365051269531e+02
4.879589273929595947e+02
4.879790608882904053e+02
4.879989736080169678e+02
4.880196642875671387e+02
4.880390009880065918e+02
4.880595247745513916e+02
4.880785770416259766e+02
4.880994772911071777e+02
4.881185350418090820e+02
4.881393296718597412e+02
4.881585531234741211e+02
4.881790375709533691e+02
4.881983246803283691e+02
4.882183732986450195e+02
4.882385993003845215e+02
4.882585844993591309e+02
4.882790210247039795e+02
4.882990217208862305e+02
4.883189229965209961e+02
4.883389844894409180e+02
4.883595046997070312e+02
4.883788657188415527e+02
4.883990120887756348e+02
4.884193868637084961e+02
4.884386544227600098e+02
4.884598178863525391e+02
4.884789991378784180e+02
4.884990007877349854e+02
4.885190382003784180e+02
4.885391590595245361e+02
4.885590322017669678e+02
4.885790750980377197e+02
4.885985910892486572e+02
4.886186046600341797e+02
4.886395115852355957e+02
4.886587214469909668e+02
4.886791384220123291e+02
4.886990466117858887e+02
4.887191083431243896e+02
4.887393372058868408e+02
4.887591557502746582e+02
4.887792453765869141e+02
4.887985963821411133e+02
4.888192095756530762e+02
4.888389322757720947e+02
4.888593080043792725e+02
4.888791229724884033e+02
4.888991892337799072e+02
4.889189982414245605e+02
4.889390056133270264e+02
4.889595625400543213e+02
4.889785881042480469e+02
4.889990086555480957e+02
4.890185878276824951e+02
4.890385863780975342e+02
4.890589761734008789e+02
4.890789210796356201e+02
4.890994100570678711e+02
4.891193997859954834e+02
4.891391143798828125e+02
4.891592371463775635e+02
4.891785902976989746e+02
4.891985695362091064e+02
4.892185931205749512e+02
4.892385902404785156e+02
4.892586143016815186e+02
4.892793121337890625e+02
4.892986042499542236e+02
4.893193900585174561e+02
4.893389320373535156e+02
4.893583619594573975e+02
4.893789651393890381e+02
4.893991124629974365e+02
4.894189167022705078e+02
4.894390282630920410e+02
4.894589674472808838e+02
4.894790074825286865e+02
4.894990921020507812e+02
4.895190558433532715e+02
4.895390031337738037e+02
4.895589663982391357e+02
4.895790774822235107e+02
4.895990223884582520e+02
4.896190791130065918e+02
4.896389684677124023e+02
4.896589221954345703e+02
4.896789972782135010e+02
4.896990280151367188e+02
4.897190093994140625e+02
4.897390286922454834e+02
4.897590932846069336e+02
4.897789170742034912e+02
4.897991397380828857e+02
4.898189477920532227e+02
4.898390328884124756e+02
4.898590855598449707e+02
4.898791775703430176e+02
4.898990895748138428e+02
4.899190170764923096e+02
4.899393146038055420e+02
4.899590494632720947e+02
4.899782907962799072e+02
4.899990019798278809e+02
4.900190281867980957e+02
4.900387954711914062e+02
4.900589790344238281e+02
4.900790922641754150e+02
4.900990242958068848e+02
4.901189367771148682e+02
4.901389963626861572e+02
4.901589777469635010e+02
4.901790170669555664e+02
4.901989724636077881e+02
4.902189476490020752e+02
4.902390062808990479e+02
4.902586753368377686e+02
4.902791154384613037e+02
4.902990520000457764e+02
4.903190190792083740e+02
4.903389730453491211e+02
4.903591771125793457e+02
4.903786046504974365e+02
4.903985850811004639e+02
4.904186003208160400e+02
4.904390563964843750e+02
4.904591600894927979e+02
4.904790482521057129e+02
4.904990980625152588e+02
4.905191402435302734e+02
4.905386946201324463e+02
4.905590593814849854e+02
4.905796115398406982e+02
4.905986988544464111e+02
4.906186757087707520e+02
4.906391010284423828e+02
4.906586303710937500e+02
4.906786093711853027e+02
4.906989607810974121e+02
4.907186415195465088e+02
4.907390501499176025e+02
4.907586007118225098e+02
4.907790043354034424e+02
4.907989718914031982e+02
4.908195447921752930e+02
4.908387138843536377e+02
4.908592944145202637e+02
4.908786129951477051e+02
4.908991336822509766e+02
4.909190354347229004e+02
4.909390649795532227e+02
4.909590017795562744e+02
4.909790549278259277e+02
4.909986550807952881e+02
4.910189232826232910e+02
4.910389962196350098e+02
4.910590379238128662e+02
4.910787813663482666e+02
4.910991618633270264e+02
4.911187586784362793e+02
4.911391360759735107e+02
4.911583564281463623e+02
4.911783750057220459e+02
4.911983184814453125e+02
4.912189226150512695e+02
4.912390666007995605e+02
4.912583589553833008e+02
4.912784645557403564e+02
4.912986299991607666e+02
4.913190038204193115e+02
4.913392684459686279e+02
4.913590521812438965e+02
4.913789527416229248e+02
4.913995654582977295e+02
4.914190409183502197e+02
4.914387249946594238e+02
4.914600782394409180e+02
4.914785711765289307e+02
4.914992029666900635e+02
4.915183155536651611e+02
4.915393488407135010e+02
4.915591526031494141e+02
4.915786302089691162e+02
4.915990941524505615e+02
4.916190350055694580e+02
4.916389384269714355e+02
4.916590211391448975e+02
4.916796154975891113e+02
4.916995568275451660e+02
4.917196044921875000e+02
4.917394196987152100e+02
4.917586047649383545e+02
4.917789816856384277e+02
4.917987103462219238e+02
4.918183991909027100e+02
4.918390724658966064e+02
4.918582987785339355e+02
4.918787534236907959e+02
4.918983705043792725e+02
4.919186789989471436e+02
4.919382889270782471e+02
4.919588427543640137e+02
4.919783213138580322e+02
4.919992847442626953e+02
4.920188968181610107e+02
4.920390453338623047e+02
4.920590541362762451e+02
4.920791091918945312e+02
4.920995879173278809e+02
4.921190030574798584e+02
4.921396434307098389e+02
4.921587586402893066e+02
4.921790270805358887e+02
4.921991360187530518e+02
4.922184658050537109e+02
4.922391326427459717e+02
4.922589578628540039e+02
4.922791543006896973e+02
4.922989525794982910e+02
4.923190402984619141e+02
4.923383283615112305e+02
4.923590555191040039e+02
4.923790175914764404e+02
4.923991816043853760e+02
4.924192044734954834e+02
4.924391210079193115e+02
4.924589729309082031e+02
4.924789581298828125e+02
4.924993736743927002e+02
4.925195727348327637e+02
4.925391731262207031e+02
4.925590639114379883e+02
4.925788185596466064e+02
4.925991342067718506e+02
4.926191115379333496e+02
4.926392717361450195e+02
4.926590754985809326e+02
4.926790392398834229e+02
4.926990683078765869e+02
4.927189812660217285e+02
4.927388472557067871e+02
4.927589955329895020e+02
4.927788412570953369e+02
4.927990953922271729e+02
4.928185360431671143e+02
4.928386220932006836e+02
4.928587498664855957e+02
4.928785772323608398e+02
4.928997159004211426e+02
4.929185619354248047e+02
4.929390149116516113e+02
4.929585301876068115e+02
4.929791481494903564e+02
4.929995272159576416e+02
4.930190267562866211e+02
4.930391390323638916e+02
4.930583095550537109e+02
4.930790605545043945e+02
4.930989465713500977e+02
4.931190538406372070e+02
4.931395106315612793e+02
4.931589593887329102e+02
4.931788537502288818e+02
4.931989347934722900e+02
4.932184443473815918e+02
4.932392182350158691e+02
4.932597372531890869e+02
4.932788498401641846e+02
4.932987372875213623e+02
4.933191456794738770e+02
4.933390634059906006e+02
4.933591108322143555e+02
4.933788795471191406e+02
4.933991510868072510e+02
4.934188666343688965e+02
4.934390623569488525e+02
4.934587783813476562e+02
4.934788780212402344e+02
4.934987490177154541e+02
4.935189294815063477e+02
4.935388839244842529e+02
4.935590114593505859e+02
4.935791790485382080e+02
4.935987181663513184e+02
4.936189074516296387e+02
4.936395885944366455e+02
4.936592786312103271e+02
4.936785490512847900e+02
4.936985499858856201e+02
4.937185142040252686e+02
4.937385849952697754e+02
4.937585830688476562e+02
4.937787029743194580e+02
4.937985868453979492e+02
4.938190479278564453e+02
4.938386154174804688e+02
4.938590223789215088e+02
4.938786861896514893e+02
4.938994700908660889e+02
4.939189484119415283e+02
4.939396011829376221e+02
4.939586019515991211e+02
4.939796185493469238e+02
4.939985694885253906e+02
4.940192496776580811e+02
4.940390138626098633e+02
4.940588881969451904e+02
4.940790686607360840e+02
4.940992610454559326e+02
4.941186325550079346e+02
4.941396834850311279e+02
4.941588256359100342e+02
4.941786494255065918e+02
4.941988792419433594e+02
4.942186167240142822e+02
4.942394688129425049e+02
4.942586133480072021e+02
4.942794783115386963e+02
4.942986085414886475e+02
4.943188414573669434e+02
4.943390524387359619e+02
4.943589684963226318e+02
4.943790197372436523e+02
4.943989441394805908e+02
4.944189169406890869e+02
4.944385752677917480e+02
4.944591486454010010e+02
4.944789235591888428e+02
4.944989681243896484e+02
4.945189523696899414e+02
4.945389902591705322e+02
4.945588560104370117e+02
4.945788500308990479e+02
4.946084835529327393e+02
4.946282174587249756e+02
4.946490590572357178e+02
4.946682343482971191e+02
4.946888115406036377e+02
4.947089793682098389e+02
4.947282764911651611e+02
4.947541339397430420e+02
4.947728483676910400e+02
4.947934970855712891e+02
4.948132388591766357e+02
4.948328070640563965e+02
4.948534817695617676e+02
4.948733379840850830e+02
4.948935570716857910e+02
4.949133253097534180e+02
4.949328465461730957e+02
4.949532270431518555e+02
4.949734272956848145e+02
4.949936330318450928e+02
4.950133328437805176e+02
4.950339775085449219e+02
4.950532643795013428e+02
4.950742840766906738e+02
4.950931293964385986e+02
4.951144125461578369e+02
4.951328377723693848e+02
4.951537575721740723e+02
4.951728382110595703e+02
4.951928999423980713e+02
4.952137978076934814e+02
4.952331988811492920e+02
4.952533085346221924e+02
4.952742023468017578e+02
4.952931237220764160e+02
4.953132364749908447e+02
4.953331854343414307e+02
4.953534548282623291e+02
4.953732242584228516e+02
4.953931813240051270e+02
4.954132797718048096e+02
4.954332516193389893e+02
4.954526076316833496e+02
4.954733726978302002e+02
4.954931914806365967e+02
4.955137286186218262e+02
4.955332798957824707e+02
4.955539631843566895e+02
4.955737767219543457e+02
4.955936028957366943e+02
4.956137120723724365e+02
4.956336879730224609e+02
4.956536436080932617e+02
4.956736540794372559e+02
4.956936681270599365e+02
4.957137179374694824e+02
4.957336766719818115e+02
4.957536911964416504e+02
4.957736377716064453e+02
4.957937004566192627e+02
4.958137841224670410e+02
4.958337306976318359e+02
4.958538405895233154e+02
4.958735551834106445e+02
4.958928809165954590e+02
4.959134674072265625e+02
4.959331555366516113e+02
4.959533390998840332e+02
4.959732608795166016e+02
4.959927537441253662e+02
4.960133924484252930e+02
4.960328969955444336e+02
4.960539443492889404e+02
4.960733363628387451e+02
4.960934355258941650e+02
4.961128051280975342e+02
4.961332890987396240e+02
4.961532967090606689e+02
4.961731684207916260e+02
4.961932561397552490e+02
4.962132349014282227e+02
4.962331867218017578e+02
4.962536008358001709e+02
4.962732334136962891e+02
4.962937495708465576e+02
4.963131818771362305e+02
4.963332307338714600e+02
4.963531279563903809e+02
4.963732721805572510e+02
4.964032757282257080e+02
4.964232246875762939e+02
4.964430408477783203e+02
4.964631915092468262e+02
4.964832122325897217e+02
4.965030589103698730e+02
4.965232052803039551e+02
4.965431852340698242e+02
4.965632472038269043e+02
4.965832250118255615e+02
4.966031529903411865e+02
4.966331832408905029e+02
4.966528379917144775e+02
4.966730585098266602e+02
4.966931025981903076e+02
4.967132310867309570e+02
4.967332901954650879e+02
4.967526676654815674e+02
4.967731616497039795e+02
4.967925279140472412e+02
4.968127706050872803e+02
4.968325312137603760e+02
4.968540825843811035e+02
4.968732080459594727e+02
4.968939647674560547e+02
4.969132089614868164e+02
4.969332649707794189e+02
4.969532103538513184e+02
4.969732117652893066e+02
4.969930176734924316e+02
4.970128068923950195e+02
4.970335485935211182e+02
4.970530340671539307e+02
4.970732030868530273e+02
4.970929288864135742e+02
4.971130754947662354e+02
4.971331036090850830e+02
4.971531662940979004e+02
4.971735844612121582e+02
4.971931231021881104e+02
4.972134768962860107e+02
4.972328662872314453e+02
4.972535324096679688e+02
4.972736814022064209e+02
4.972935397624969482e+02
4.973135871887207031e+02
4.973334882259368896e+02
4.973537650108337402e+02
4.973733241558074951e+02
4.973933994770050049e+02
4.974135234355926514e+02
4.974333724975585938e+02
4.974533033370971680e+02
4.974734647274017334e+02
4.974936175346374512e+02
4.975134854316711426e+02
4.975336668491363525e+02
4.975540025234222412e+02
4.975733649730682373e+02
4.975935533046722412e+02
4.976135118007659912e+02
4.976336503028869629e+02
4.976534101963043213e+02
4.976736104488372803e+02
4.976934998035430908e+02
4.977135677337646484e+02
4.977334654331207275e+02
4.977536890506744385e+02
4.977735557556152344e+02
4.977936022281646729e+02
4.978131885528564453e+02
4.978339304924011230e+02
4.978535726070404053e+02
4.978735983371734619e+02
4.978937244415283203e+02
4.979134833812713623e+02
4.979335436820983887e+02
4.979535915851593018e+02
4.979735653400421143e+02
4.979934220314025879e+02
4.980133960247039795e+02
4.980337398052215576e+02
4.980537905693054199e+02
4.980736994743347168e+02
4.980937478542327881e+02
4.981135528087615967e+02
4.981332087516784668e+02
4.981534223556518555e+02
4.981737170219421387e+02
4.981934282779693604e+02
4.982135655879974365e+02
4.982335960865020752e+02
4.982533013820648193e+02
4.982736234664916992e+02
4.982981615066528320e+02
4.983178982734680176e+02
4.983383638858795166e+02
4.983579840660095215e+02
4.983776371479034424e+02
4.983989830017089844e+02
4.984178831577301025e+02
4.984380595684051514e+02
4.984575912952423096e+02
4.984783682823181152e+02
4.984981820583343506e+02
4.985182840824127197e+02
4.985384328365325928e+02
4.985583751201629639e+02
4.985786242485046387e+02
4.985982809066772461e+02
4.986180748939514160e+02
4.986380331516265869e+02
4.986583847999572754e+02
4.986783349514007568e+02
4.986993708610534668e+02
4.987180404663085938e+02
4.987387697696685791e+02
4.987579214572906494e+02
4.987779483795166016e+02
4.987978818416595459e+02
4.988179352283477783e+02
4.988381161689758301e+02
4.988577697277069092e+02
4.988778414726257324e+02
4.988980159759521484e+02
4.989184081554412842e+02
4.989380617141723633e+02
4.989579052925109863e+02
4.989786140918731689e+02
4.989976115226745605e+02
4.990186774730682373e+02
4.990386743545532227e+02
4.990585370063781738e+02
4.990785572528839111e+02
4.990975816249847412e+02
4.991187851428985596e+02
4.991375477313995361e+02
4.991583082675933838e+02
4.991775650978088379e+02
4.991981625556945801e+02
4.992184245586395264e+02
4.992385933399200439e+02
4.992643387317657471e+02
4.992830569744110107e+02
4.993042552471160889e+02
4.993230371475219727e+02
4.993439462184906006e+02
4.993639891147613525e+02
4.993842833042144775e+02
4.994039227962493896e+02
4.994240064620971680e+02
4.994437119960784912e+02
4.994638299942016602e+02
4.994837377071380615e+02
4.995038495063781738e+02
4.995235095024108887e+02
4.995436527729034424e+02
4.995638351440429688e+02
4.995836539268493652e+02
4.996030960083007812e+02
4.996238784790039062e+02
4.996436791419982910e+02
4.996642620563507080e+02
4.996837575435638428e+02
4.997037050724029541e+02
4.997244775295257568e+02
4.997433056831359863e+02
4.997637224197387695e+02
4.997834727764129639e+02
4.998040637969970703e+02
4.998243091106414795e+02
4.998436365127563477e+02
4.998631606101989746e+02
4.998833167552947998e+02
4.999031224250793457e+02
4.999239652156829834e+02
4.999437551498413086e+02
4.999640629291534424e+02
4.999838488101959229e+02
5.000037915706634521e+02
5.000236694812774658e+02
5.000439326763153076e+02
5.000640616416931152e+02
5.000836725234985352e+02
5.001038589477539062e+02
5.001235244274139404e+02
5.001433897018432617e+02
5.001633629798889160e+02
5.001839809417724609e+02
5.002035379409790039e+02
5.002230432033538818e+02
5.002434659004211426e+02
5.002631294727325439e+02
5.002834541797637939e+02
5.003033592700958252e+02
5.003234534263610840e+02
5.003430361747741699e+02
5.003633317947387695e+02
5.003839683532714844e+02
5.004032945632934570e+02
5.004234297275543213e+02
5.004435069561004639e+02
5.004633717536926270e+02
5.004835994243621826e+02
5.005035221576690674e+02
5.005235545635223389e+02
5.005436089038848877e+02
5.005630581378936768e+02
5.005836501121520996e+02
5.006034941673278809e+02
5.006229238510131836e+02
5.006447458267211914e+02
5.006631610393524170e+02
5.006844513416290283e+02
5.007034425735473633e+02
5.007232475280761719e+02
5.007434756755828857e+02
5.007633514404296875e+02
5.007837834358215332e+02
5.008033199310302734e+02
5.008233795166015625e+02
5.008433828353881836e+02
5.008634822368621826e+02
5.008835875988006592e+02
5.009033277034759521e+02
5.009233186244964600e+02
5.009433438777923584e+02
5.009632961750030518e+02
5.009835586547851562e+02
5.010033941268920898e+02
5.010240526199340820e+02
5.010444204807281494e+02
5.010634276866912842e+02
5.010834875106811523e+02
5.011035389900207520e+02
5.011235370635986328e+02
5.011434094905853271e+02
5.011635677814483643e+02
5.011836745738983154e+02
5.012060792446136475e+02
5.012234511375427246e+02
5.012441835403442383e+02
5.012633731365203857e+02
5.012833580970764160e+02
5.013034055233001709e+02
5.013241586685180664e+02
5.013431727886199951e+02
5.013639400005340576e+02
5.013833799362182617e+02
5.014033260345458984e+02
5.014230716228485107e+02
5.014441444873809814e+02
5.014634475708007812e+02
5.014837405681610107e+02
5.015038902759552002e+02
5.015234649181365967e+02
5.015435428619384766e+02
5.015635850429534912e+02
5.015834927558898926e+02
5.016044421195983887e+02
5.016233930587768555e+02
5.016434552669525146e+02
5.016634700298309326e+02
5.016836462020874023e+02
5.017036893367767334e+02
5.017233958244323730e+02
5.017434854507446289e+02
5.017634551525115967e+02
5.017834551334381104e+02
5.018034610748291016e+02
5.018232371807098389e+02
5.018434908390045166e+02
5.018636009693145752e+02
5.018844437599182129e+02
5.019034774303436279e+02
5.019238038063049316e+02
5.019439759254455566e+02
5.019633915424346924e+02
5.019834160804748535e+02
5.020033209323883057e+02
5.020234315395355225e+02
5.020435254573822021e+02
5.020636274814605713e+02
5.020828416347503662e+02
5.021034183502197266e+02
5.021241099834442139e+02
5.021434838771820068e+02
5.021632051467895508e+02
5.021836075782775879e+02
5.022031748294830322e+02
5.022231781482696533e+02
5.022444419860839844e+02
5.022634310722351074e+02
5.022835233211517334e+02
5.023030652999877930e+02
5.023234786987304688e+02
5.023442173004150391e+02
5.023636183738708496e+02
5.023840517997741699e+02
5.024037685394287109e+02
5.024237601757049561e+02
5.024439632892608643e+02
5.024638392925262451e+02
5.024839868545532227e+02
5.025033667087554932e+02
5.025234789848327637e+02
5.025433075428009033e+02
5.025633676052093506e+02
5.025834527015686035e+02
5.026033363342285156e+02
5.026239652633666992e+02
5.026433820724487305e+02
5.026636290550231934e+02
5.026830272674560547e+02
5.027032942771911621e+02
5.027233788967132568e+02
5.027434720993041992e+02
5.027636778354644775e+02
5.027837414741516113e+02
5.028033986091613770e+02
5.028234972953796387e+02
5.028434107303619385e+02
5.028633050918579102e+02
5.028833961486816406e+02
5.029032504558563232e+02
5.029233136177062988e+02
5.029434049129486084e+02
5.029633522033691406e+02
5.029834337234497070e+02
5.030035953521728516e+02
5.030233430862426758e+02
5.030434381961822510e+02
5.030632450580596924e+02
5.030834555625915527e+02
5.031034340858459473e+02
5.031234195232391357e+02
5.031434099674224854e+02
5.031632823944091797e+02
5.031833446025848389e+02
5.032033810615539551e+02
5.032238571643829346e+02
5.032431545257568359e+02
5.032635576725006104e+02
5.032830696105957031e+02
5.033035256862640381e+02
5.033230638504028320e+02
5.033439161777496338e+02
5.033638350963592529e+02
5.033834824562072754e+02
5.034035212993621826e+02
5.034234223365783691e+02
5.034434199333190918e+02
5.034634852409362793e+02
5.034834613800048828e+02
5.035035121440887451e+02
5.035236985683441162e+02
5.035434701442718506e+02
5.035634851455688477e+02
5.035837855339050293e+02
5.036035349369049072e+02
5.036238985061645508e+02
5.036433892250061035e+02
5.036642689704895020e+02
5.036834845542907715e+02
5.037036385536193848e+02
5.037235732078552246e+02
5.037437624931335449e+02
5.037634761333465576e+02
5.037836737632751465e+02
5.038038725852966309e+02
5.038238484859466553e+02
5.038433957099914551e+02
5.038634314537048340e+02
5.038834564685821533e+02
5.039036705493927002e+02
5.039234127998352051e+02
5.039435238838195801e+02
5.039635703563690186e+02
5.039837112426757812e+02
5.040035274028778076e+02
5.040234851837158203e+02
5.040434601306915283e+02
5.040634000301361084e+02
5.040839350223541260e+02
5.041037087440490723e+02
5.041233241558074951e+02
5.041439578533172607e+02
5.041640636920928955e+02
5.041835398674011230e+02
5.042034747600555420e+02
5.042236654758453369e+02
5.042438004016876221e+02
5.042636451721191406e+02
5.042837014198303223e+02
5.043049278259277344e+02
5.043237020969390869e+02
5.043439447879791260e+02
5.043639695644378662e+02
5.043838937282562256e+02
5.044039812088012695e+02
5.044238314628601074e+02
5.044436361789703369e+02
5.044635798931121826e+02
5.044834058284759521e+02
5.045039021968841553e+02
5.045234539508819580e+02
5.045431029796600342e+02
5.045640022754669189e+02
5.045835392475128174e+02
5.046040799617767334e+02
5.046228933334350586e+02
5.046442615985870361e+02
5.046628916263580322e+02
5.046829137802124023e+02
5.047029604911804199e+02
5.047228891849517822e+02
5.047430589199066162e+02
5.047628943920135498e+02
5.047828752994537354e+02
5.048028860092163086e+02
5.048228707313537598e+02
5.048429589271545410e+02
5.048629152774810791e+02
5.048829269409179688e+02
5.049029006958007812e+02
5.049228765964508057e+02
5.049428920745849609e+02
5.049628710746765137e+02
5.049828724861145020e+02
5.050028703212738037e+02
5.050228590965270996e+02
5.050428586006164551e+02
5.050629281997680664e+02
5.050828495025634766e+02
5.051078224182128906e+02
5.051277177333831787e+02
5.051476373672485352e+02
5.051676928997039795e+02
5.051878697872161865e+02
5.052083966732025146e+02
5.052280766963958740e+02
5.052480559349060059e+02
5.052680473327636719e+02
5.052880160808563232e+02
5.053086316585540771e+02
5.053281033039093018e+02
5.053481333255767822e+02
5.053686268329620361e+02
5.053878741264343262e+02
5.054080760478973389e+02
5.054281005859375000e+02
5.054480440616607666e+02
5.054685571193695068e+02
5.054887378215789795e+02
5.055085718631744385e+02
5.055286443233489990e+02
5.055485990047454834e+02
5.055689520835876465e+02
5.055878217220306396e+02
5.056090426445007324e+02
5.056278297901153564e+02
5.056484684944152832e+02
5.056680083274841309e+02
5.056880371570587158e+02
5.057081735134124756e+02
5.057278277873992920e+02
5.057484037876129150e+02
5.057682371139526367e+02
5.057884073257446289e+02
5.058085415363311768e+02
5.058277869224548340e+02
5.058479330539703369e+02
5.058685066699981689e+02
5.058883926868438721e+02
5.059083347320556641e+02
5.059282116889953613e+02
5.059486513137817383e+02
5.059683427810668945e+02
5.059880671501159668e+02
5.060082883834838867e+02
5.060279989242553711e+02
5.060493280887603760e+02
5.060678732395172119e+02
5.060883388519287109e+02
5.061082503795623779e+02
5.061343986988067627e+02
5.061538786888122559e+02
5.061738173961639404e+02
5.061938457489013672e+02
5.062138259410858154e+02
5.062338314056396484e+02
5.062538380622863770e+02
5.062738111019134521e+02
5.062938604354858398e+02
5.063139309883117676e+02
5.063339271545410156e+02
5.063538527488708496e+02
5.063744843006134033e+02
5.063938651084899902e+02
5.064143946170806885e+02
5.064343822002410889e+02
5.064546744823455811e+02
5.064746086597442627e+02
5.064946432113647461e+02
5.065150582790374756e+02
5.065341989994049072e+02
5.065540564060211182e+02
5.065740332603454590e+02
5.065943422317504883e+02
5.066150467395782471e+02
5.066340057849884033e+02
5.066548576354980469e+02
5.066742551326751709e+02
5.066942915916442871e+02
5.067149116992950439e+02
5.067339754104614258e+02
5.067545683383941650e+02
5.067740635871887207e+02
5.067945148944854736e+02
5.068148293495178223e+02
5.068339574337005615e+02
5.068547208309173584e+02
5.068739933967590332e+02
5.068943808078765869e+02
5.069145255088806152e+02
5.069343748092651367e+02
5.069544668197631836e+02
5.069744637012481689e+02
5.069939532279968262e+02
5.070144834518432617e+02
5.070395424365997314e+02
5.070588796138763428e+02
5.070787303447723389e+02
5.070987761020660400e+02
5.071188616752624512e+02
5.071391499042510986e+02
5.071584725379943848e+02
5.071783401966094971e+02
5.071986279487609863e+02
5.072187170982360840e+02
5.072386999130249023e+02
5.072587397098541260e+02
5.072787652015686035e+02
5.072986204624176025e+02
5.073187367916107178e+02
5.073390452861785889e+02
5.073587272167205811e+02
5.073789339065551758e+02
5.073987555503845215e+02
5.074194741249084473e+02
5.074386153221130371e+02
5.074584767818450928e+02
5.074790008068084717e+02
5.074986374378204346e+02
5.075186429023742676e+02
5.075388817787170410e+02
5.075590131282806396e+02
5.075788800716400146e+02
5.075979540348052979e+02
5.076186528205871582e+02
5.076385567188262939e+02
5.076579525470733643e+02
5.076783804893493652e+02
5.076979594230651855e+02
5.077184410095214844e+02
5.077385883331298828e+02
5.077586870193481445e+02
5.077792606353759766e+02
5.077986946105957031e+02
5.078187870979309082e+02
5.078388557434082031e+02
5.078585488796234131e+02
5.078786950111389160e+02
5.078986785411834717e+02
5.079185872077941895e+02
5.079387085437774658e+02
5.079586272239685059e+02
5.079785954952239990e+02
5.079989807605743408e+02
5.080187435150146484e+02
5.080386886596679688e+02
5.080586524009704590e+02
5.080787029266357422e+02
5.080986309051513672e+02
5.081187188625335693e+02
5.081394736766815186e+02
5.081585941314697266e+02
5.081791446208953857e+02
5.081981713771820068e+02
5.082189481258392334e+02
5.082386791706085205e+02
5.082581484317779541e+02
5.082780377864837646e+02
5.082985842227935791e+02
5.083188471794128418e+02
5.083387269973754883e+02
5.083590388298034668e+02
5.083785893917083740e+02
5.083987150192260742e+02
5.084184784889221191e+02
5.084389641284942627e+02
5.084585938453674316e+02
5.084786684513092041e+02
5.085047097206115723e+02
5.085247828960418701e+02
5.085452091693878174e+02
5.085640897750854492e+02
5.085847578048706055e+02
5.086047010421752930e+02
5.086246738433837891e+02
5.086448624134063721e+02
5.086649272441864014e+02
5.086847639083862305e+02
5.087049467563629150e+02
5.087249319553375244e+02
5.087448670864105225e+02
5.087649180889129639e+02
5.087840914726257324e+02
5.088052053451538086e+02
5.088244981765747070e+02
5.088447906970977783e+02
5.088645133972167969e+02
5.088843200206756592e+02
5.089049015045166016e+02
5.089247536659240723e+02
5.089456167221069336e+02
5.089654722213745117e+02
5.089840583801269531e+02
5.090046532154083252e+02
5.090249428749084473e+02
5.090445008277893066e+02
5.090647659301757812e+02
5.090847764015197754e+02
5.091047911643981934e+02
5.091248116493225098e+02
5.091440296173095703e+02
5.091645312309265137e+02
5.091847634315490723e+02
5.092047059535980225e+02
5.092247586250305176e+02
5.092450025081634521e+02
5.092651832103729248e+02
5.092847416400909424e+02
5.093046722412109375e+02
5.093249084949493408e+02
5.093446533679962158e+02
5.093647253513336182e+02
5.093845915794372559e+02
5.094050240516662598e+02
5.094252703189849854e+02
5.094440524578094482e+02
5.094647562503814697e+02
5.094845006465911865e+02
5.095049581527709961e+02
5.095251157283782959e+02
5.095444173812866211e+02
5.095647797584533691e+02
5.095846924781799316e+02
5.096050701141357422e+02
5.096247632503509521e+02
5.096448593139648438e+02
5.096650118827819824e+02
5.096841514110565186e+02
5.097046790122985840e+02
5.097246296405792236e+02
5.097447602748870850e+02
5.097652032375335693e+02
5.097841539382934570e+02
5.098049290180206299e+02
5.098241014480590820e+02
5.098443229198455811e+02
5.098641977310180664e+02
5.098841676712036133e+02
5.099042465686798096e+02
5.099242215156555176e+02
5.099442148208618164e+02
5.099648869037628174e+02
5.099846084117889404e+02
5.100041732788085938e+02
5.100248270034790039e+02
5.100440399646759033e+02
5.100649647712707520e+02
5.100841348171234131e+02
5.101051344871520996e+02
5.101254620552062988e+02
5.101447539329528809e+02
5.101654598712921143e+02
5.101843383312225342e+02
5.102055118083953857e+02
5.102248470783233643e+02
5.102446050643920898e+02
5.102644357681274414e+02
5.102847659587860107e+02
5.103047678470611572e+02
5.103247911930084229e+02
5.103447825908660889e+02
5.103648481369018555e+02
5.103846571445465088e+02
5.104046161174774170e+02
5.104247193336486816e+02
5.104446227550506592e+02
5.104644365310668945e+02
5.104846763610839844e+02
5.105046479701995850e+02
5.105247285366058350e+02
5.105447053909301758e+02
5.105646934509277344e+02
5.105847048759460449e+02
5.106046507358551025e+02
5.106246118545532227e+02
5.106447329521179199e+02
5.106645948886871338e+02
5.106846435070037842e+02
5.107047638893127441e+02
5.107246365547180176e+02
5.107447180747985840e+02
5.107646980285644531e+02
5.107847082614898682e+02
5.108047657012939453e+02
5.108247923851013184e+02
5.108446996212005615e+02
5.108647143840789795e+02
5.108847038745880127e+02
5.109047245979309082e+02
5.109249179363250732e+02
5.109445934295654297e+02
5.109647290706634521e+02
5.109847393035888672e+02
5.110047783851623535e+02
5.110254313945770264e+02
5.110449969768524170e+02
5.110649211406707764e+02
5.110847883224487305e+02
5.111048412322998047e+02
5.111244416236877441e+02
5.111449687480926514e+02
5.111649334430694580e+02
5.111849951744079590e+02
5.112051658630371094e+02
5.112241697311401367e+02
5.112449297904968262e+02
5.112645678520202637e+02
5.112847559452056885e+02
5.113045852184295654e+02
5.113342175483703613e+02
5.113549683094024658e+02
5.113745675086975098e+02
5.113945910930633545e+02
5.114145388603210449e+02
5.114345395565032959e+02
5.114545903205871582e+02
5.114746155738830566e+02
5.114950098991394043e+02
5.115147421360015869e+02
5.115341563224792480e+02
5.115547647476196289e+02
5.115741617679595947e+02
5.115947396755218506e+02
5.116145479679107666e+02
5.116344661712646484e+02
5.116548449993133545e+02
5.116742219924926758e+02
5.116952986717224121e+02
5.117145640850067139e+02
5.117348887920379639e+02
5.117541718482971191e+02
5.117751953601837158e+02
5.117942492961883545e+02
5.118148145675659180e+02
5.118344430923461914e+02
5.118548908233642578e+02
5.118746883869171143e+02
5.118941924571990967e+02
5.119146807193756104e+02
5.119341688156127930e+02
5.119550049304962158e+02
5.119741685390472412e+02
5.119951493740081787e+02
5.120150032043457031e+02
5.120345487594604492e+02
5.120546584129333496e+02
5.120743100643157959e+02
5.120945417881011963e+02
5.121142876148223877e+02
5.121346585750579834e+02
5.121542696952819824e+02
5.121747100353240967e+02
5.121946299076080322e+02
5.122146050930023193e+02
5.122344779968261719e+02
5.122542774677276611e+02
5.122745885848999023e+02
5.122947220802307129e+02
5.123145000934600830e+02
5.123345746994018555e+02
5.123544127941131592e+02
5.123748941421508789e+02
5.123946654796600342e+02
5.124145317077636719e+02
5.124423506259918213e+02
5.124622778892517090e+02
5.124818260669708252e+02
5.125017786026000977e+02
5.125224266052246094e+02
5.125462419986724854e+02
5.125662035942077637e+02
5.125862016677856445e+02
5.126061911582946777e+02
5.126263961791992188e+02
5.126467194557189941e+02
5.126662471294403076e+02
5.126862037181854248e+02
5.127062427997589111e+02
5.127262260913848877e+02
5.127461986541748047e+02
5.127662336826324463e+02
5.127862005233764648e+02
5.128062057495117188e+02
5.128262374401092529e+02
5.128462471961975098e+02
5.128662445545196533e+02
5.128862183094024658e+02
5.129061973094940186e+02
5.129262461662292480e+02
5.129462060928344727e+02
5.129661977291107178e+02
5.129862322807312012e+02
5.130061886310577393e+02
5.130261723995208740e+02
5.130461723804473877e+02
5.130661885738372803e+02
5.130862052440643311e+02
5.131062011718750000e+02
5.131261987686157227e+02
5.131462237834930420e+02
5.131662018299102783e+02
5.131861958503723145e+02
5.132061812877655029e+02
5.132261931896209717e+02
5.132462368011474609e+02
5.132661964893341064e+02
5.132862384319305420e+02
5.133061943054199219e+02
5.133262236118316650e+02
5.133462605476379395e+02
5.133661777973175049e+02
5.133862209320068359e+02
5.134061417579650879e+02
5.134261913299560547e+02
5.134461553096771240e+02
5.134661681652069092e+02
5.134861860275268555e+02
5.135061635971069336e+02
5.135311501026153564e+02
5.135511760711669922e+02
5.135711319446563721e+02
5.135911438465118408e+02
5.136111609935760498e+02
5.136319961547851562e+02
5.136511876583099365e+02
5.136711628437042236e+02
5.136911535263061523e+02
5.137115988731384277e+02
5.137318348884582520e+02
5.137518110275268555e+02
5.137716891765594482e+02
5.137912094593048096e+02
5.138119056224822998e+02
5.138317174911499023e+02
5.138521556854248047e+02
5.138717358112335205e+02
5.138917250633239746e+02
5.139111721515655518e+02
5.139311861991882324e+02
5.139520926475524902e+02
5.139718236923217773e+02
5.139918360710144043e+02
5.140116369724273682e+02
5.140316944122314453e+02
5.140519440174102783e+02
5.140718278884887695e+02
5.140913500785827637e+02
5.141111714839935303e+02
5.141314470767974854e+02
5.141511890888214111e+02
5.141712110042572021e+02
5.141911752223968506e+02
5.142111690044403076e+02
5.142312092781066895e+02
5.142511715888977051e+02
5.142711770534515381e+02
5.142913501262664795e+02
5.143112037181854248e+02
5.143311586380004883e+02
5.143511636257171631e+02
5.143712198734283447e+02
5.143911693096160889e+02
5.144112153053283691e+02
5.144318618774414062e+02
5.144518339633941650e+02
5.144719724655151367e+02
5.144919099807739258e+02
5.145117168426513672e+02
5.145317590236663818e+02
5.145518937110900879e+02
5.145714008808135986e+02
5.145918810367584229e+02
5.146113452911376953e+02
5.146323311328887939e+02
5.146514856815338135e+02
5.146717903614044189e+02
5.146917297840118408e+02
5.147114489078521729e+02
5.147322192192077637e+02
5.147513587474822998e+02
5.147717111110687256e+02
5.147918093204498291e+02
5.148126165866851807e+02
5.148317766189575195e+02
5.148513906002044678e+02
5.148719432353973389e+02
5.148917708396911621e+02
5.149113862514495850e+02
5.149318115711212158e+02
5.149516742229461670e+02
5.149717559814453125e+02
5.149918432235717773e+02
5.150117099285125732e+02
5.150318279266357422e+02
5.150518729686737061e+02
5.150716109275817871e+02
5.150920658111572266e+02
5.151113877296447754e+02
5.151317842006683350e+02
5.151516816616058350e+02
5.151721181869506836e+02
5.151917796134948730e+02
5.152117950916290283e+02
5.152317130565643311e+02
5.152524046897888184e+02
5.152717189788818359e+02
5.152915554046630859e+02
5.153116853237152100e+02
5.153317716121673584e+02
5.153510940074920654e+02
5.153718221187591553e+02
5.153915863037109375e+02
5.154166550636291504e+02
5.154360399246215820e+02
5.154567480087280273e+02
5.154766736030578613e+02
5.154968039989471436e+02
5.155162928104400635e+02
5.155371997356414795e+02
5.155562899112701416e+02
5.155773403644561768e+02
5.155962865352630615e+02
5.156171033382415771e+02
5.156363768577575684e+02
5.156574800014495850e+02
5.156765286922454834e+02
5.156963207721710205e+02
5.157166380882263184e+02
5.157365877628326416e+02
5.157566606998443604e+02
5.157768707275390625e+02
5.157971549034118652e+02
5.158166205883026123e+02
5.158366117477416992e+02
5.158566668033599854e+02
5.158769426345825195e+02
5.158966059684753418e+02
5.159165558815002441e+02
5.159366486072540283e+02
5.159566917419433594e+02
5.159766860008239746e+02
5.159966778755187988e+02
5.160165817737579346e+02
5.160366733074188232e+02
5.160566108226776123e+02
5.160766348838806152e+02
5.160966002941131592e+02
5.161165671348571777e+02
5.161366744041442871e+02
5.161567289829254150e+02
5.161771452426910400e+02
5.161973173618316650e+02
5.162162878513336182e+02
5.162374477386474609e+02
5.162571151256561279e+02
5.162770812511444092e+02
5.162963874340057373e+02
5.163166573047637939e+02
5.163366630077362061e+02
5.163565733432769775e+02
5.163770902156829834e+02
5.163966381549835205e+02
5.164166915416717529e+02
5.164372875690460205e+02
5.164562020301818848e+02
5.164766366481781006e+02
5.164970519542694092e+02
5.165166513919830322e+02
5.165362949371337891e+02
5.165572266578674316e+02
5.165762274265289307e+02
5.165966961383819580e+02
5.166168189048767090e+02
5.166366679668426514e+02
5.166570110321044922e+02
5.166766874790191650e+02
5.166968092918395996e+02
5.167172958850860596e+02
5.167371411323547363e+02
5.167565200328826904e+02
5.167760438919067383e+02
5.167966663837432861e+02
5.168164868354797363e+02
5.168368227481842041e+02
5.168566927909851074e+02
5.168769311904907227e+02
5.168966858386993408e+02
5.169167010784149170e+02
5.169370105266571045e+02
5.169566898345947266e+02
5.169764912128448486e+02
5.169968287944793701e+02
5.170166313648223877e+02
5.170367662906646729e+02
5.170566542148590088e+02
5.170767164230346680e+02
5.170970008373260498e+02
5.171166508197784424e+02
5.171372864246368408e+02
5.171594080924987793e+02
5.171765091419219971e+02
5.171986448764801025e+02
5.172163722515106201e+02
5.172366855144500732e+02
5.172566998004913330e+02
5.172766165733337402e+02
5.172967431545257568e+02
5.173173012733459473e+02
5.173363018035888672e+02
5.173572087287902832e+02
5.173762702941894531e+02
5.173970334529876709e+02
5.174169025421142578e+02
5.174368607997894287e+02
5.174570045471191406e+02
5.174770905971527100e+02
5.174969267845153809e+02
5.175169842243194580e+02
5.175368959903717041e+02
5.175572495460510254e+02
5.175762503147125244e+02
5.175969197750091553e+02
5.176169600486755371e+02
5.176371476650238037e+02
5.176570739746093750e+02
5.176771936416625977e+02
5.176967384815216064e+02
5.177167010307312012e+02
5.177366871833801270e+02
5.177566404342651367e+02
5.177770135402679443e+02
5.177970371246337891e+02
5.178169558048248291e+02
5.178372588157653809e+02
5.178574194908142090e+02
5.178772280216217041e+02
5.178968565464019775e+02
5.179166839122772217e+02
5.179367187023162842e+02
5.179567043781280518e+02
5.179766905307769775e+02
5.179966504573822021e+02
5.180166256427764893e+02
5.180367012023925781e+02
5.180566329956054688e+02
5.180766797065734863e+02
5.180967204570770264e+02
5.181169631481170654e+02
5.181371865272521973e+02
5.181569571495056152e+02
5.181767313480377197e+02
5.181970052719116211e+02
5.182183806896209717e+02
5.182369277477264404e+02
5.182570583820343018e+02
5.182768390178680420e+02
5.182969672679901123e+02
5.183165321350097656e+02
5.183372449874877930e+02
5.183568708896636963e+02
5.183772306442260742e+02
5.183975300788879395e+02
5.184172501564025879e+02
5.184370665550231934e+02
5.184649116992950439e+02
5.184842000007629395e+02
5.185041346549987793e+02
5.185244014263153076e+02
5.185437464714050293e+02
5.185652358531951904e+02
5.185842542648315430e+02
5.186046459674835205e+02
5.186242535114288330e+02
5.186461381912231445e+02
5.186636524200439453e+02
5.186840929985046387e+02
5.187040483951568604e+02
5.187241890430450439e+02
5.187446117401123047e+02
5.187640030384063721e+02
5.187838363647460938e+02
5.188039042949676514e+02
5.188241221904754639e+02
5.188440892696380615e+02
5.188644740581512451e+02
5.188839168548583984e+02
5.189042494297027588e+02
5.189239687919616699e+02
5.189444587230682373e+02
5.189636304378509521e+02
5.189844019412994385e+02
5.190040011405944824e+02
5.190240430831909180e+02
5.190441756248474121e+02
5.190641076564788818e+02
5.190851454734802246e+02
5.191036336421966553e+02
5.191246151924133301e+02
5.191436488628387451e+02
5.191646370887756348e+02
5.191838917732238770e+02
5.192040247917175293e+02
5.192235934734344482e+02
5.192439465522766113e+02
5.192689287662506104e+02
5.192877781391143799e+02
5.193088083267211914e+02
5.193277404308319092e+02
5.193486199378967285e+02
5.193677082061767578e+02
5.193883035182952881e+02
5.194082837104797363e+02
5.194285187721252441e+02
5.194485135078430176e+02
5.194681718349456787e+02
5.194890296459197998e+02
5.195077867507934570e+02
5.195277545452117920e+02
5.195476722717285156e+02
5.195681500434875488e+02
5.195876820087432861e+02
5.196080090999603271e+02
5.196280376911163330e+02
5.196481194496154785e+02
5.196814503669738770e+02
5.197020871639251709e+02
5.197219581604003906e+02
5.197410514354705811e+02
5.197616980075836182e+02
5.197811646461486816e+02
5.198010592460632324e+02
5.198208024501800537e+02
5.198417122364044189e+02
5.198610844612121582e+02
5.198817458152770996e+02
5.199021010398864746e+02
5.199210703372955322e+02
5.199420981407165527e+02
5.199614121913909912e+02
5.199814193248748779e+02
5.200014390945434570e+02
5.200213060379028320e+02
5.200413911342620850e+02
5.200614008903503418e+02
5.200809845924377441e+02
5.201023612022399902e+02
5.201219615936279297e+02
5.201419167518615723e+02
5.201614933013916016e+02
5.201820333003997803e+02
5.202020297050476074e+02
5.202218909263610840e+02
5.202415542602539062e+02
5.202620127201080322e+02
5.202815196514129639e+02
5.203015615940093994e+02
5.203220200538635254e+02
5.203415079116821289e+02
5.203613679409027100e+02
5.203815119266510010e+02
5.204161338806152344e+02
5.204362275600433350e+02
5.204563889503479004e+02
5.204764959812164307e+02
5.204965133666992188e+02
5.205157239437103271e+02
5.205357906818389893e+02
5.205561432838439941e+02
5.205761413574218750e+02
5.205960369110107422e+02
5.206159627437591553e+02
5.206362013816833496e+02
5.206561424732208252e+02
5.206761784553527832e+02
5.206962411403656006e+02
5.207161035537719727e+02
5.207358393669128418e+02
5.207563462257385254e+02
5.207761631011962891e+02
5.207966039180755615e+02
5.208162684440612793e+02
5.208363738059997559e+02
5.208561167716979980e+02
5.208760576248168945e+02
5.208961997032165527e+02
5.209161765575408936e+02
5.209362711906433105e+02
5.209554185867309570e+02
5.209757661819458008e+02
5.209964354038238525e+02
5.210160593986511230e+02
5.210357713699340820e+02
5.210557012557983398e+02
5.210760087966918945e+02
5.210956823825836182e+02
5.211159939765930176e+02
5.211356437206268311e+02
5.211557195186614990e+02
5.211878471374511719e+02
5.212076497077941895e+02
5.212276098728179932e+02
5.212478437423706055e+02
5.212678656578063965e+02
5.212878918647766113e+02
5.213080010414123535e+02
5.213280510902404785e+02
5.213478844165802002e+02
5.213678348064422607e+02
5.213878333568572998e+02
5.214078936576843262e+02
5.214278409481048584e+02
5.214478394985198975e+02
5.214678397178649902e+02
5.214881331920623779e+02
5.215082132816314697e+02
5.215278208255767822e+02
5.215481643676757812e+02
5.215682280063629150e+02
5.215884222984313965e+02
5.216076688766479492e+02
5.216281278133392334e+02
5.216479091644287109e+02
5.216676065921783447e+02
5.216885013580322266e+02
5.217079429626464844e+02
5.217278726100921631e+02
5.217478559017181396e+02
5.217682802677154541e+02
5.217873141765594482e+02
5.218080720901489258e+02
5.218279852867126465e+02
5.218478782176971436e+02
5.218679208755493164e+02
5.218876044750213623e+02
5.219078960418701172e+02
5.219276781082153320e+02
5.219479408264160156e+02
5.219676516056060791e+02
5.219877986907958984e+02
5.220079185962677002e+02
5.220277810096740723e+02
5.220478196144104004e+02
5.220678055286407471e+02
5.220880465507507324e+02
5.221077296733856201e+02
5.221281290054321289e+02
5.221475243568420410e+02
5.221679177284240723e+02
5.221878972053527832e+02
5.222077167034149170e+02
5.222278628349304199e+02
5.222476685047149658e+02
5.222675595283508301e+02
5.222885062694549561e+02
5.223075754642486572e+02
5.223282070159912109e+02
5.223479344844818115e+02
5.223692557811737061e+02
5.223880717754364014e+02
5.224076538085937500e+02
5.224279704093933105e+02
5.224479787349700928e+02
5.224675536155700684e+02
5.224877088069915771e+02
5.225084803104400635e+02
5.225283887386322021e+02
5.225484712123870850e+02
5.225682752132415771e+02
5.225877797603607178e+02
5.226085174083709717e+02
5.226280796527862549e+02
5.226488173007965088e+02
5.226677916049957275e+02
5.226875505447387695e+02
5.227093667984008789e+02
5.227279784679412842e+02
5.227486310005187988e+02
5.227688970565795898e+02
5.227878201007843018e+02
5.228083930015563965e+02
5.228280661106109619e+02
5.228475842475891113e+02
5.228675601482391357e+02
5.228880672454833984e+02
5.229141192436218262e+02
5.229355652332305908e+02
5.229547712802886963e+02
5.229741489887237549e+02
5.229940197467803955e+02
5.230145490169525146e+02
5.230343351364135742e+02
5.230540308952331543e+02
5.230750684738159180e+02
5.230943005084991455e+02
5.231142442226409912e+02
5.231336958408355713e+02
5.231536684036254883e+02
5.231748433113098145e+02
5.231936302185058594e+02
5.232135202884674072e+02
5.232337172031402588e+02
5.232544658184051514e+02
5.232738943099975586e+02
5.232935240268707275e+02
5.233136634826660156e+02
5.233336231708526611e+02
5.233537065982818604e+02
5.233738040924072266e+02
5.233938288688659668e+02
5.234137282371520996e+02
5.234336755275726318e+02
5.234539091587066650e+02
5.234737157821655273e+02
5.234937260150909424e+02
5.235137791633605957e+02
5.235337505340576172e+02
5.235538077354431152e+02
5.235736589431762695e+02
5.235936841964721680e+02
5.236136784553527832e+02
5.236337356567382812e+02
5.236544871330261230e+02
5.236743655204772949e+02
5.236944286823272705e+02
5.237142186164855957e+02
5.237345180511474609e+02
5.237542917728424072e+02
5.237743182182312012e+02
5.237946498394012451e+02
5.238139736652374268e+02
5.238339831829071045e+02
5.238543031215667725e+02
5.238741412162780762e+02
5.238946454524993896e+02
5.239141860008239746e+02
5.239344279766082764e+02
5.239538812637329102e+02
5.239742877483367920e+02
5.239942886829376221e+02
5.240139145851135254e+02
5.240342321395874023e+02
5.240541763305664062e+02
5.240742232799530029e+02
5.240941686630249023e+02
5.241139242649078369e+02
5.241348218917846680e+02
5.241542859077453613e+02
5.241743826866149902e+02
5.241938283443450928e+02
5.242141938209533691e+02
5.242338867187500000e+02
5.242546370029449463e+02
5.242738502025604248e+02
5.242943363189697266e+02
5.243138318061828613e+02
5.243343036174774170e+02
5.243547835350036621e+02
5.243744683265686035e+02
5.243950824737548828e+02
5.244140152931213379e+02
5.244350829124450684e+02
5.244538419246673584e+02
5.244746367931365967e+02
5.244943068027496338e+02
5.245144805908203125e+02
5.245343499183654785e+02
5.245543251037597656e+02
5.245742688179016113e+02
5.245943922996520996e+02
5.246144409179687500e+02
5.246342403888702393e+02
5.246541461944580078e+02
5.246743686199188232e+02
5.246942410469055176e+02
5.247143096923828125e+02
5.247342247962951660e+02
5.247543008327484131e+02
5.247742605209350586e+02
5.247945446968078613e+02
5.248143517971038818e+02
5.248344998359680176e+02
5.248541669845581055e+02
5.248744001388549805e+02
5.248942902088165283e+02
5.249142796993255615e+02
5.249342885017395020e+02
5.249541857242584229e+02
5.249746465682983398e+02
5.249943881034851074e+02
5.250144884586334229e+02
5.250343804359436035e+02
5.250544204711914062e+02
5.250742459297180176e+02
5.250943021774291992e+02
5.251142609119415283e+02
5.251341891288757324e+02
5.251543385982513428e+02
5.251743657588958740e+02
5.251943762302398682e+02
5.252142980098724365e+02
5.252342727184295654e+02
5.252543148994445801e+02
5.252743604183197021e+02
5.252941703796386719e+02
5.253143045902252197e+02
5.253341782093048096e+02
5.253542311191558838e+02
5.253743784427642822e+02
5.253941597938537598e+02
5.254142765998840332e+02
5.254342582225799561e+02
5.254541418552398682e+02
5.254742496013641357e+02
5.254942717552185059e+02
5.255147471427917480e+02
5.255343580245971680e+02
5.255542936325073242e+02
5.255742461681365967e+02
5.255948362350463867e+02
5.256142404079437256e+02
5.256344156265258789e+02
5.256541655063629150e+02
5.256742782592773438e+02
5.256941649913787842e+02
5.257144875526428223e+02
5.257344598770141602e+02
5.257546789646148682e+02
5.257741971015930176e+02
5.257941656112670898e+02
5.258139929771423340e+02
5.258344285488128662e+02
5.258539168834686279e+02
5.258739681243896484e+02
5.258938691616058350e+02
5.259148194789886475e+02
5.259338469505310059e+02
5.259548022747039795e+02
5.259738583564758301e+02
5.259951291084289551e+02
5.260139393806457520e+02
5.260340042114257812e+02
5.260535748004913330e+02
5.260743403434753418e+02
5.260946455001831055e+02
5.261139152050018311e+02
5.261351609230041504e+02
5.261544137001037598e+02
5.261748595237731934e+02
5.261938600540161133e+02
5.262146944999694824e+02
5.262342653274536133e+02
5.262559325695037842e+02
5.262746651172637939e+02
5.262938194274902344e+02
5.263142662048339844e+02
5.263341832160949707e+02
5.263543426990509033e+02
5.263747761249542236e+02
5.263941452503204346e+02
5.264143288135528564e+02
5.264342658519744873e+02
5.264543273448944092e+02
5.264754669666290283e+02
5.264935793876647949e+02
5.265142183303833008e+02
5.265346412658691406e+02
5.265540843009948730e+02
5.265743024349212646e+02
5.265941314697265625e+02
5.266142199039459229e+02
5.266346521377563477e+02
5.266541507244110107e+02
5.266745743751525879e+02
5.266943202018737793e+02
5.267145164012908936e+02
5.267343475818634033e+02
5.267541618347167969e+02
5.267748918533325195e+02
5.267945747375488281e+02
5.268147575855255127e+02
5.268338420391082764e+02
5.268545327186584473e+02
5.268741245269775391e+02
5.268939898014068604e+02
5.269140479564666748e+02
5.269338042736053467e+02
5.269543581008911133e+02
5.269739694595336914e+02
5.269942247867584229e+02
5.270142982006072998e+02
5.270343718528747559e+02
5.270542984008789062e+02
5.270745167732238770e+02
5.270938215255737305e+02
5.271138308048248291e+02
5.271341638565063477e+02
5.271541061401367188e+02
5.271738617420196533e+02
5.271938855648040771e+02
5.272141418457031250e+02
5.272338306903839111e+02
5.272546799182891846e+02
5.272738702297210693e+02
5.272938873767852783e+02
5.273143477439880371e+02
5.273338680267333984e+02
5.273539433479309082e+02
5.273754630088806152e+02
5.273940758705139160e+02
5.274144675731658936e+02
5.274339821338653564e+02
5.274549272060394287e+02
5.274738454818725586e+02
5.274940063953399658e+02
5.275141460895538330e+02
5.275335955619812012e+02
5.275544676780700684e+02
5.275743315219879150e+02
5.276070337295532227e+02
5.276262562274932861e+02
5.276471664905548096e+02
5.276661787033081055e+02
5.276864802837371826e+02
5.277064623832702637e+02
5.277261879444122314e+02
5.277461426258087158e+02
5.277661690711975098e+02
5.277855200767517090e+02
5.278061571121215820e+02
5.278262720108032227e+02
5.278459904193878174e+02
5.278670437335968018e+02
5.278861234188079834e+02
5.279058940410614014e+02
5.279255309104919434e+02
5.279471127986907959e+02
5.279660673141479492e+02
5.279865252971649170e+02
5.280060672760009766e+02
5.280260536670684814e+02
5.280460882186889648e+02
5.280661528110504150e+02
5.280863451957702637e+02
5.281061248779296875e+02
5.281259620189666748e+02
5.281457712650299072e+02
5.281658480167388916e+02
5.281857745647430420e+02
5.282060999870300293e+02
5.282261123657226562e+02
5.282459034919738770e+02
5.282661180496215820e+02
5.282860925197601318e+02
5.283060994148254395e+02
5.283257160186767578e+02
5.283463633060455322e+02
5.283663270473480225e+02
5.283860533237457275e+02
5.284066476821899414e+02
5.284260890483856201e+02
5.284460432529449463e+02
5.284661293029785156e+02
5.284861190319061279e+02
5.285061585903167725e+02
5.285257422924041748e+02
5.285462164878845215e+02
5.285660886764526367e+02
5.285860724449157715e+02
5.286060788631439209e+02
5.286256656646728516e+02
5.286463003158569336e+02
5.286661314964294434e+02
5.286862955093383789e+02
5.287061209678649902e+02
5.287259230613708496e+02
5.287460849285125732e+02
5.287661798000335693e+02
5.287859067916870117e+02
5.288062429428100586e+02
5.288262233734130859e+02
5.288460032939910889e+02
5.288664445877075195e+02
5.288865470886230469e+02
5.289057295322418213e+02
5.289265370368957520e+02
5.289460396766662598e+02
5.289661781787872314e+02
5.289862701892852783e+02
5.290059485435485840e+02
5.290269994735717773e+02
5.290461184978485107e+02
5.290661711692810059e+02
5.290862905979156494e+02
5.291064345836639404e+02
5.291261012554168701e+02
5.291461927890777588e+02
5.291661465167999268e+02
5.291864378452301025e+02
5.292063417434692383e+02
5.292260646820068359e+02
5.292460992336273193e+02
5.292660660743713379e+02
5.292861986160278320e+02
5.293061254024505615e+02
5.293261077404022217e+02
5.293462233543395996e+02
5.293659577369689941e+02
5.293859636783599854e+02
5.294064311981201172e+02
5.294260787963867188e+02
5.294550850391387939e+02
5.294752073287963867e+02
5.294954891204833984e+02
5.295154190063476562e+02
5.295352075099945068e+02
5.295553991794586182e+02
5.295753846168518066e+02
5.295953464508056641e+02
5.296154568195343018e+02
5.296353242397308350e+02
5.296553356647491455e+02
5.296755018234252930e+02
5.296954412460327148e+02
5.297152290344238281e+02
5.297353518009185791e+02
5.297553923130035400e+02
5.297754271030426025e+02
5.297955098152160645e+02
5.298151974678039551e+02
5.298354041576385498e+02
5.298551297187805176e+02
5.298754510879516602e+02
5.298953344821929932e+02
5.299153103828430176e+02
5.299354820251464844e+02
5.299550461769104004e+02
5.299757082462310791e+02
5.299953396320343018e+02
5.300152692794799805e+02
5.300353116989135742e+02
5.300553472042083740e+02
5.300753629207611084e+02
5.300951805114746094e+02
5.301153652667999268e+02
5.301371538639068604e+02
5.301563453674316406e+02
5.301746125221252441e+02
5.301964218616485596e+02
5.302154390811920166e+02
5.302349987030029297e+02
5.302561931610107422e+02
5.302747726440429688e+02
5.302952501773834229e+02
5.303148903846740723e+02
5.303352637290954590e+02
5.303553719520568848e+02
5.303753690719604492e+02
5.303954112529754639e+02
5.304157307147979736e+02
5.304350454807281494e+02
5.304549901485443115e+02
5.304749338626861572e+02
5.304953508377075195e+02
5.305154786109924316e+02
5.305353460311889648e+02
5.305556378364562988e+02
5.305754041671752930e+02
5.305961756706237793e+02
5.306153073310852051e+02
5.306352028846740723e+02
5.306552329063415527e+02
5.306755416393280029e+02
5.306952424049377441e+02
5.307153642177581787e+02
5.307351715564727783e+02
5.307553689479827881e+02
5.307755267620086670e+02
5.307953672409057617e+02
5.308154008388519287e+02
5.308352315425872803e+02
5.308552184104919434e+02
5.308755421638488770e+02
5.308949358463287354e+02
5.309158432483673096e+02
5.309352121353149414e+02
5.309552948474884033e+02
5.309752743244171143e+02
5.309952645301818848e+02
5.310154387950897217e+02
5.310353417396545410e+02
5.310554826259613037e+02
5.310752463340759277e+02
5.310948071479797363e+02
5.311152713298797607e+02
5.311351242065429688e+02
5.311561703681945801e+02
5.311758244037628174e+02
5.311952822208404541e+02
5.312155375480651855e+02
5.312352499961853027e+02
5.312552027702331543e+02
5.312749555110931396e+02
5.312951896190643311e+02
5.313155627250671387e+02
5.313356680870056152e+02
5.313556022644042969e+02
5.313754708766937256e+02
5.313952364921569824e+02
5.314146537780761719e+02
5.314350769519805908e+02
5.314552619457244873e+02
5.314753856658935547e+02
5.314953150749206543e+02
5.315161240100860596e+02
5.315364892482757568e+02
5.315547177791595459e+02
5.315754837989807129e+02
5.315953638553619385e+02
5.316157827377319336e+02
5.316357986927032471e+02
5.316549847126007080e+02
5.316837105751037598e+02
5.317037293910980225e+02
5.317241728305816650e+02
5.317442560195922852e+02
5.317641324996948242e+02
5.317845470905303955e+02
5.318041791915893555e+02
5.318240871429443359e+02
5.318440573215484619e+02
5.318637480735778809e+02
5.318841345310211182e+02
5.319040548801422119e+02
5.319427666664123535e+02
5.319686546325683594e+02
5.319883716106414795e+02
5.320088114738464355e+02
5.320290737152099609e+02
5.320484745502471924e+02
5.320695929527282715e+02
5.320883708000183105e+02
5.321085484027862549e+02
5.321286327838897705e+02
5.321484231948852539e+02
5.321691217422485352e+02
5.321887629032135010e+02
5.322086756229400635e+02
5.322285358905792236e+02
5.322485418319702148e+02
5.322685742378234863e+02
5.322887272834777832e+02
5.323099064826965332e+02
5.323287174701690674e+02
5.323579668998718262e+02
5.323776860237121582e+02
5.323979961872100830e+02
5.324182677268981934e+02
5.324372007846832275e+02
5.324582426548004150e+02
5.324780232906341553e+02
5.324981622695922852e+02
5.325181176662445068e+02
5.325373671054840088e+02
5.325584073066711426e+02
5.325778155326843262e+02
5.325976648330688477e+02
5.326184179782867432e+02
5.326376309394836426e+02
5.326574800014495850e+02
5.326775581836700439e+02
5.326971707344055176e+02
5.327180786132812500e+02
5.327379655838012695e+02
5.327569782733917236e+02
5.327768762111663818e+02
5.327969319820404053e+02
5.328179857730865479e+02
5.328375680446624756e+02
5.328577494621276855e+02
5.328776895999908447e+02
5.328980667591094971e+02
5.329176230430603027e+02
5.329377632141113281e+02
5.329577403068542480e+02
5.329774858951568604e+02
5.329972319602966309e+02
5.330173084735870361e+02
5.330376381874084473e+02
5.330572741031646729e+02
5.330777208805084229e+02
5.330975883007049561e+02
5.331187970638275146e+02
5.331376531124114990e+02
5.331574616432189941e+02
5.331775500774383545e+02
5.331971905231475830e+02
5.332172708511352539e+02
5.332375307083129883e+02
5.332569923400878906e+02
5.332770056724548340e+02
5.332971832752227783e+02
5.333176939487457275e+02
5.333380928039550781e+02
5.333576135635375977e+02
5.333776960372924805e+02
5.333977184295654297e+02
5.334175972938537598e+02
5.334377262592315674e+02
5.334580507278442383e+02
5.334779784679412842e+02
5.334977874755859375e+02
5.335182409286499023e+02
5.335381660461425781e+02
5.335580704212188721e+02
5.335781083106994629e+02
5.335981605052947998e+02
5.336178205013275146e+02
5.336375329494476318e+02
5.336577067375183105e+02
5.336777234077453613e+02
5.336977534294128418e+02
5.337183501720428467e+02
5.337376589775085449e+02
5.337575433254241943e+02
5.337776045799255371e+02
5.337974708080291748e+02
5.338176043033599854e+02
5.338376231193542480e+02
5.338575391769409180e+02
5.338775024414062500e+02
5.338969228267669678e+02
5.339180462360382080e+02
5.339376106262207031e+02
5.339575994014739990e+02
5.339776325225830078e+02
5.339975030422210693e+02
5.340175731182098389e+02
5.340376427173614502e+02
5.340575511455535889e+02
5.340777852535247803e+02
5.340981488227844238e+02
5.341182332038879395e+02
5.341376662254333496e+02
5.341577036380767822e+02
5.341776888370513916e+02
5.341977570056915283e+02
5.342177240848541260e+02
5.342376987934112549e+02
5.342577135562896729e+02
5.342776060104370117e+02
5.342975912094116211e+02
5.343175568580627441e+02
5.343376240730285645e+02
5.343576130867004395e+02
5.343777639865875244e+02
5.343976979255676270e+02
5.344175765514373779e+02
5.344369359016418457e+02
5.344573035240173340e+02
5.344785332679748535e+02
5.344999184608459473e+02
5.345179076194763184e+02
5.345404243469238281e+02
5.345574100017547607e+02
5.345775704383850098e+02
5.345978951454162598e+02
5.346180646419525146e+02
5.346396021842956543e+02
5.346579046249389648e+02
5.346775095462799072e+02
5.346992337703704834e+02
5.347173843383789062e+02
5.347383689880371094e+02
5.347576959133148193e+02
5.347768604755401611e+02
5.348001058101654053e+02
5.348176715373992920e+02
5.348383989334106445e+02
5.348570404052734375e+02
5.348773226737976074e+02
5.348998727798461914e+02
5.349173147678375244e+02
5.349382669925689697e+02
5.349576232433319092e+02
5.349768764972686768e+02
5.350023589134216309e+02
5.350218534469604492e+02
5.350419995784759521e+02
5.350624361038208008e+02
5.350818018913269043e+02
5.351041769981384277e+02
5.351223652362823486e+02
5.351425087451934814e+02
5.351625709533691406e+02
5.351828513145446777e+02
5.352029039859771729e+02
5.352230622768402100e+02
5.352428383827209473e+02
5.352628242969512939e+02
5.352829480171203613e+02
5.353028006553649902e+02
5.353231339454650879e+02
5.353428442478179932e+02
5.353626980781555176e+02
5.353828680515289307e+02
5.354027776718139648e+02
5.354222955703735352e+02
5.354429285526275635e+02
5.354626836776733398e+02
5.354827296733856201e+02
5.355051043033599854e+02
5.355229189395904541e+02
5.355428977012634277e+02
5.355621457099914551e+02
5.355826325416564941e+02
5.356026890277862549e+02
5.356226418018341064e+02
5.356418604850769043e+02
5.356646542549133301e+02
5.356822576522827148e+02
5.357026381492614746e+02
5.357227027416229248e+02
5.357426309585571289e+02
5.357624006271362305e+02
5.357818694114685059e+02
5.358026742935180664e+02
5.358219003677368164e+02
5.358431248664855957e+02
5.358618364334106445e+02
5.358818781375885010e+02
5.359023396968841553e+02
5.359219639301300049e+02
5.359423191547393799e+02
5.359624547958374023e+02
5.359823663234710693e+02
5.360024578571319580e+02
5.360224423408508301e+02
5.360423727035522461e+02
5.360623910427093506e+02
5.360823724269866943e+02
5.361023900508880615e+02
5.361221199035644531e+02
5.361420919895172119e+02
5.361623563766479492e+02
5.361825795173645020e+02
5.362023603916168213e+02
5.362223644256591797e+02
5.362429404258728027e+02
5.362626910209655762e+02
5.362822628021240234e+02
5.363024945259094238e+02
5.363224246501922607e+02
5.363424894809722900e+02
5.363624694347381592e+02
5.363830492496490479e+02
5.364028756618499756e+02
5.364228029251098633e+02
5.364429783821105957e+02
5.364630317687988281e+02
5.364830563068389893e+02
5.365027842521667480e+02
5.365228970050811768e+02
5.365426967144012451e+02
5.365628278255462646e+02
5.365826385021209717e+02
5.366025485992431641e+02
5.366226513385772705e+02
5.366507534980773926e+02
5.366703467369079590e+02
5.366904428005218506e+02
5.367105796337127686e+02
5.367304356098175049e+02
5.367503404617309570e+02
5.367703707218170166e+02
5.367905459403991699e+02
5.368104069232940674e+02
5.368304204940795898e+02
5.368504798412322998e+02
5.368704829216003418e+02
5.368903591632843018e+02
5.369102880954742432e+02
5.369303436279296875e+02
5.369503743648529053e+02
5.369703936576843262e+02
5.369904692173004150e+02
5.370103733539581299e+02
5.370305018424987793e+02
5.370503573417663574e+02
5.370708227157592773e+02
5.370903198719024658e+02
5.371103944778442383e+02
5.371305274963378906e+02
5.371504042148590088e+02
5.371701383590698242e+02
5.371911919116973877e+02
5.372104575634002686e+02
5.372306916713714600e+02
5.372505257129669189e+02
5.372702691555023193e+02
5.372901823520660400e+02
5.373103902339935303e+02
5.373304860591888428e+02
5.373505444526672363e+02
5.373704102039337158e+02
5.373909387588500977e+02
5.374103298187255859e+02
5.374303629398345947e+02
5.374498479366302490e+02
5.374697332382202148e+02
5.374898698329925537e+02
5.375099358558654785e+02
5.375302712917327881e+02
5.375497822761535645e+02
5.375705740451812744e+02
5.375897901058197021e+02
5.376103303432464600e+02
5.376297245025634766e+02
5.376501142978668213e+02
5.376703021526336670e+02
5.376899337768554688e+02
5.377113122940063477e+02
5.377299482822418213e+02
5.377505426406860352e+02
5.377699704170227051e+02
5.377906446456909180e+02
5.378105776309967041e+02
5.378300344944000244e+02
5.378500292301177979e+02
5.378698246479034424e+02
5.378897919654846191e+02
5.379097905158996582e+02
5.379301760196685791e+02
5.379497370719909668e+02
5.379704678058624268e+02
5.379907662868499756e+02
5.380105271339416504e+02
5.380301570892333984e+02
5.380501291751861572e+02
5.380700459480285645e+02
5.380955269336700439e+02
5.381158549785614014e+02
5.381355116367340088e+02
5.381556048393249512e+02
5.381755385398864746e+02
5.381956076622009277e+02
5.382157928943634033e+02
5.382354991436004639e+02
5.382561631202697754e+02
5.382757875919342041e+02
5.382980163097381592e+02
5.383154559135437012e+02
5.383357963562011719e+02
5.383554987907409668e+02
5.383776912689208984e+02
5.383951117992401123e+02
5.384157962799072266e+02
5.384364645481109619e+02
5.384555203914642334e+02
5.384762005805969238e+02
5.384958889484405518e+02
5.385158433914184570e+02
5.385358481407165527e+02
5.385558841228485107e+02
5.385758450031280518e+02
5.385962991714477539e+02
5.386162729263305664e+02
5.386361842155456543e+02
5.386560661792755127e+02
5.386754953861236572e+02
5.386962580680847168e+02
5.387158398628234863e+02
5.387357997894287109e+02
5.387556219100952148e+02
5.387763631343841553e+02
5.387953035831451416e+02
5.388157722949981689e+02
5.388453302383422852e+02
5.388647785186767578e+02
5.388852171897888184e+02
5.389049239158630371e+02
5.389246830940246582e+02
5.389456491470336914e+02
5.389655852317810059e+02
5.389852464199066162e+02
5.390057241916656494e+02
5.390254888534545898e+02
5.390455255508422852e+02
5.390654230117797852e+02
5.390846281051635742e+02
5.391057426929473877e+02
5.391252217292785645e+02
5.391456937789916992e+02
5.391658301353454590e+02
5.391852560043334961e+02
5.392045965194702148e+02
5.392248842716217041e+02
5.392448379993438721e+02
5.392646319866180420e+02
5.392852261066436768e+02
5.393055214881896973e+02
5.393254704475402832e+02
5.393448240756988525e+02
5.393649175167083740e+02
5.393853852748870850e+02
5.394045891761779785e+02
5.394243574142456055e+02
5.394448795318603516e+02
5.394650197029113770e+02
5.394848802089691162e+02
5.395049226284027100e+02
5.395250687599182129e+02
5.395445060729980469e+02
5.395645267963409424e+02
5.395844409465789795e+02
5.396046006679534912e+02
5.396244778633117676e+02
5.396446440219879150e+02
5.396646745204925537e+02
5.396851618289947510e+02
5.397055313587188721e+02
5.397255632877349854e+02
5.397446777820587158e+02
5.397653808593750000e+02
5.397854115962982178e+02
5.398098096847534180e+02
5.398296003341674805e+02
5.398491969108581543e+02
5.398691813945770264e+02
5.398892285823822021e+02
5.399091420173645020e+02
5.399290597438812256e+02
5.399490571022033691e+02
5.399701395034790039e+02
5.399894995689392090e+02
5.400091779232025146e+02
5.400316276550292969e+02
5.400490198135375977e+02
5.400696392059326172e+02
5.400896604061126709e+02
5.401094152927398682e+02
5.401293692588806152e+02
5.401493103504180908e+02
5.401694445610046387e+02
5.401892290115356445e+02
5.402095298767089844e+02
5.402287895679473877e+02
5.402498772144317627e+02
5.402692492008209229e+02
5.402896850109100342e+02
5.403087711334228516e+02
5.403293645381927490e+02
5.403496189117431641e+02
5.403688833713531494e+02
5.403897218704223633e+02
5.404091897010803223e+02
5.404292697906494141e+02
5.404492218494415283e+02
5.404692926406860352e+02
5.404892570972442627e+02
5.405090405941009521e+02
5.405294525623321533e+02
5.405488619804382324e+02
5.405692925453186035e+02
5.405889596939086914e+02
5.406097457408905029e+02
5.406292066574096680e+02
5.406495904922485352e+02
5.406687726974487305e+02
5.406892943382263184e+02
5.407091779708862305e+02
5.407289793491363525e+02
5.407492127418518066e+02
5.407690491676330566e+02
5.407893610000610352e+02
5.408095819950103760e+02
5.408292729854583740e+02
5.408491978645324707e+02
5.408692376613616943e+02
5.408894109725952148e+02
5.409094741344451904e+02
5.409295580387115479e+02
5.409565002918243408e+02
5.409764997959136963e+02
5.409965417385101318e+02
5.410163908004760742e+02
5.410365018844604492e+02
5.410566539764404297e+02
5.410764102935791016e+02
5.410964078903198242e+02
5.411164927482604980e+02
5.411364195346832275e+02
5.411564686298370361e+02
5.411765992641448975e+02
5.412026977539062500e+02
5.412230541706085205e+02
5.412493474483489990e+02
5.412688503265380859e+02
5.412888448238372803e+02
5.413089380264282227e+02
5.413286778926849365e+02
5.413489222526550293e+02
5.413689835071563721e+02
5.413888781070709229e+02
5.414088342189788818e+02
5.414288134574890137e+02
5.414487867355346680e+02
5.414688196182250977e+02
5.414887642860412598e+02
5.415088300704956055e+02
5.415288479328155518e+02
5.415487518310546875e+02
5.415687842369079590e+02
5.415892362594604492e+02
5.416095061302185059e+02
5.416299917697906494e+02
5.416488947868347168e+02
5.416727232933044434e+02
5.416928753852844238e+02
5.417128200531005859e+02
5.417325491905212402e+02
5.417537038326263428e+02
5.417729244232177734e+02
5.417937958240509033e+02
5.418125813007354736e+02
5.418325383663177490e+02
5.418526101112365723e+02
5.418734180927276611e+02
5.418925135135650635e+02
5.419132621288299561e+02
5.419327082633972168e+02
5.419531397819519043e+02
5.419725852012634277e+02
5.419925816059112549e+02
5.420125620365142822e+02
5.420330245494842529e+02
5.420530400276184082e+02
5.420727908611297607e+02
5.420933184623718262e+02
5.421127707958221436e+02
5.421330873966217041e+02
5.421539070606231689e+02
5.421725487709045410e+02
5.421930701732635498e+02
5.422130713462829590e+02
5.422330281734466553e+02
5.422532286643981934e+02
5.422731001377105713e+02
5.422938425540924072e+02
5.423127574920654297e+02
5.423329830169677734e+02
5.423538286685943604e+02
5.423729090690612793e+02
5.423937566280364990e+02
5.424129049777984619e+02
5.424326922893524170e+02
5.424530029296875000e+02
5.424730768203735352e+02
5.424931967258453369e+02
5.425128474235534668e+02
5.425334446430206299e+02
5.425525979995727539e+02
5.425726034641265869e+02
5.425926110744476318e+02
5.426126365661621094e+02
5.426325864791870117e+02
5.426525840759277344e+02
5.426728584766387939e+02
5.426926326751708984e+02
5.427131724357604980e+02
5.427336540222167969e+02
5.427531044483184814e+02
5.427725737094879150e+02
5.427931249141693115e+02
5.428125972747802734e+02
5.428331723213195801e+02
5.428533887863159180e+02
5.428725717067718506e+02
5.428929140567779541e+02
5.429130861759185791e+02
5.429325907230377197e+02
5.429528126716613770e+02
5.429729280471801758e+02
5.429922952651977539e+02
5.430123729705810547e+02
5.430332338809967041e+02
5.430530319213867188e+02
5.430732188224792480e+02
5.430929856300354004e+02
5.431126418113708496e+02
5.431333055496215820e+02
5.431523928642272949e+02
5.431730568408966064e+02
5.431924815177917480e+02
5.432123939990997314e+02
5.432323956489562988e+02
5.432523918151855469e+02
5.432724273204803467e+02
5.432924869060516357e+02
5.433123974800109863e+02
5.433325254917144775e+02
5.433524453639984131e+02
5.433724889755249023e+02
5.433923432826995850e+02
5.434123792648315430e+02
5.434324443340301514e+02
5.434529144763946533e+02
5.434724209308624268e+02
5.434924232959747314e+02
5.435123374462127686e+02
5.435323636531829834e+02
5.435522880554199219e+02
5.435723526477813721e+02
5.435925076007843018e+02
5.436123666763305664e+02
5.436325984001159668e+02
5.436525115966796875e+02
5.436724395751953125e+02
5.436923415660858154e+02
5.437123403549194336e+02
5.437324161529541016e+02
5.437523703575134277e+02
5.437724008560180664e+02
5.437923481464385986e+02
5.438123722076416016e+02
5.438323543071746826e+02
5.438529434204101562e+02
5.438734951019287109e+02
5.438929615020751953e+02
5.439135091304779053e+02
5.439325253963470459e+02
5.439528868198394775e+02
5.439735155105590820e+02
5.439926369190216064e+02
5.440125427246093750e+02
5.440323352813720703e+02
5.440523977279663086e+02
5.440723881721496582e+02
5.440923960208892822e+02
5.441124336719512939e+02
5.441325688362121582e+02
5.441523864269256592e+02
5.441730947494506836e+02
5.441922719478607178e+02
5.442123773097991943e+02
5.442329425811767578e+02
5.442529966831207275e+02
5.442723863124847412e+02
5.442924556732177734e+02
5.443125610351562500e+02
5.443324205875396729e+02
5.443523805141448975e+02
5.443723855018615723e+02
5.443923783302307129e+02
5.444123613834381104e+02
5.444324142932891846e+02
5.444524183273315430e+02
5.444724197387695312e+02
5.444923734664916992e+02
5.445124034881591797e+02
5.445323576927185059e+02
5.445524291992187500e+02
5.445723667144775391e+02
5.445924251079559326e+02
5.446219239234924316e+02
5.446418819427490234e+02
5.446618471145629883e+02
5.446818947792053223e+02
5.447019762992858887e+02
5.447218821048736572e+02
5.447418463230133057e+02
5.447618820667266846e+02
5.447818667888641357e+02
5.448025469779968262e+02
5.448274772167205811e+02
5.448466088771820068e+02
5.448665068149566650e+02
5.448866729736328125e+02
5.449067535400390625e+02
5.449267835617065430e+02
5.449468674659729004e+02
5.449668054580688477e+02
5.449859232902526855e+02
5.450066347122192383e+02
5.450266330242156982e+02
5.450467300415039062e+02
5.450664277076721191e+02
5.450868000984191895e+02
5.451066248416900635e+02
5.451266789436340332e+02
5.451465835571289062e+02
5.451667280197143555e+02
5.451868782043457031e+02
5.452066521644592285e+02
5.452265365123748779e+02
5.452469925880432129e+02
5.452665808200836182e+02
5.452867271900177002e+02
5.453065888881683350e+02
5.453273391723632812e+02
5.453462522029876709e+02
5.453664708137512207e+02
5.453870546817779541e+02
5.454066886901855469e+02
5.454268734455108643e+02
5.454467637538909912e+02
5.454668083190917969e+02
5.454867188930511475e+02
5.455066361427307129e+02
5.455263509750366211e+02
5.455466156005859375e+02
5.455669889450073242e+02
5.455870611667633057e+02
5.456073606014251709e+02
5.456263060569763184e+02
5.456464238166809082e+02
5.456667499542236328e+02
5.456864674091339111e+02
5.457066211700439453e+02
5.457267355918884277e+02
5.457468976974487305e+02
5.457668681144714355e+02
5.457867569923400879e+02
5.458066058158874512e+02
5.458265583515167236e+02
5.458466227054595947e+02
5.458668107986450195e+02
5.458865981101989746e+02
5.459066915512084961e+02
5.459269468784332275e+02
5.459465506076812744e+02
5.459668030738830566e+02
5.459868075847625732e+02
5.460063068866729736e+02
5.460267870426177979e+02
5.460467057228088379e+02
5.460670344829559326e+02
5.460864694118499756e+02
5.461068477630615234e+02
5.461267774105072021e+02
5.461466264724731445e+02
5.461666491031646729e+02
5.461865956783294678e+02
5.462066268920898438e+02
5.462265713214874268e+02
5.462466654777526855e+02
5.462787413597106934e+02
5.462973453998565674e+02
5.463178312778472900e+02
5.463378641605377197e+02
5.463579316139221191e+02
5.463780019283294678e+02
5.463976111412048340e+02
5.464172773361206055e+02
5.464380218982696533e+02
5.464583339691162109e+02
5.464778170585632324e+02
5.464978811740875244e+02
5.465176653861999512e+02
5.465379023551940918e+02
5.465581309795379639e+02
5.465773797035217285e+02
5.465978269577026367e+02
5.466188979148864746e+02
5.466371862888336182e+02
5.466587462425231934e+02
5.466779594421386719e+02
5.466979668140411377e+02
5.467178637981414795e+02
5.467378709316253662e+02
5.467583138942718506e+02
5.467772665023803711e+02
5.467975122928619385e+02
5.468180718421936035e+02
5.468378019332885742e+02
5.468576536178588867e+02
5.468777873516082764e+02
5.468981356620788574e+02
5.469183733463287354e+02
5.469436979293823242e+02
5.469631004333496094e+02
5.469832220077514648e+02
5.470030725002288818e+02
5.470232174396514893e+02
5.470429985523223877e+02
5.470627653598785400e+02
5.470835120677947998e+02
5.471027262210845947e+02
5.471233212947845459e+02
5.471426713466644287e+02
5.471630611419677734e+02
5.471828336715698242e+02
5.472033500671386719e+02
5.472228205204010010e+02
5.472432439327239990e+02
5.472630589008331299e+02
5.472827906608581543e+02
5.473031432628631592e+02
5.473228209018707275e+02
5.473427810668945312e+02
5.473636934757232666e+02
5.473831837177276611e+02
5.474033355712890625e+02
5.474231348037719727e+02
5.474430916309356689e+02
5.474631066322326660e+02
5.474854731559753418e+02
5.475032825469970703e+02
5.475230429172515869e+02
5.475433025360107422e+02
5.475626683235168457e+02
5.475830540657043457e+02
5.476030554771423340e+02
5.476230370998382568e+02
5.476431219577789307e+02
5.476628336906433105e+02
5.476832094192504883e+02
5.477030966281890869e+02
5.477231667041778564e+02
5.477431211471557617e+02
5.477639889717102051e+02
5.477831265926361084e+02
5.478035850524902344e+02
5.478231828212738037e+02
5.478431847095489502e+02
5.478630790710449219e+02
5.478835861682891846e+02
5.479027731418609619e+02
5.479230489730834961e+02
5.479431028366088867e+02
5.479631304740905762e+02
5.479830117225646973e+02
5.480031242370605469e+02
5.480230607986450195e+02
5.480431756973266602e+02
5.480630478858947754e+02
5.480827209949493408e+02
5.481030364036560059e+02
5.481236610412597656e+02
5.481425683498382568e+02
5.481634428501129150e+02
5.481833176612854004e+02
5.482035398483276367e+02
5.482231447696685791e+02
5.482427420616149902e+02
5.482635354995727539e+02
5.482825715541839600e+02
5.483038494586944580e+02
5.483230526447296143e+02
5.483438913822174072e+02
5.483631081581115723e+02
5.483840522766113281e+02
5.484031085968017578e+02
5.484234037399291992e+02
5.484424254894256592e+02
5.484636521339416504e+02
5.484833445549011230e+02
5.485028488636016846e+02
5.485231647491455078e+02
5.485429589748382568e+02
5.485633521080017090e+02
5.485827391147613525e+02
5.486034824848175049e+02
5.486227462291717529e+02
5.486431462764739990e+02
5.486627941131591797e+02
5.486831579208374023e+02
5.487030384540557861e+02
5.487231829166412354e+02
5.487435448169708252e+02
5.487629015445709229e+02
5.487833998203277588e+02
5.488031914234161377e+02
5.488227617740631104e+02
5.488431637287139893e+02
5.488639860153198242e+02
5.488831620216369629e+02
5.489124925136566162e+02
5.489328136444091797e+02
5.489529683589935303e+02
5.489726550579071045e+02
5.489927048683166504e+02
5.490129191875457764e+02
5.490328149795532227e+02
5.490529141426086426e+02
5.490726780891418457e+02
5.490934338569641113e+02
5.491131067276000977e+02
5.491332192420959473e+02
5.491523475646972656e+02
5.491729695796966553e+02
5.491923663616180420e+02
5.492126567363739014e+02
5.492336721420288086e+02
5.492526254653930664e+02
5.492731177806854248e+02
5.492926511764526367e+02
5.493134498596191406e+02
5.493328158855438232e+02
5.493528187274932861e+02
5.493732216358184814e+02
5.493920505046844482e+02
5.494128205776214600e+02
5.494327902793884277e+02
5.494529445171356201e+02
5.494727587699890137e+02
5.494928183555603027e+02
5.495121886730194092e+02
5.495325357913970947e+02
5.495521378517150879e+02
5.495727181434631348e+02
5.495920314788818359e+02
5.496127514839172363e+02
5.496331405639648438e+02
5.496526083946228027e+02
5.496724171638488770e+02
5.496921744346618652e+02
5.497127470970153809e+02
5.497326302528381348e+02
5.497527456283569336e+02
5.497726833820343018e+02
5.497927255630493164e+02
5.498126640319824219e+02
5.498328227996826172e+02
5.498527512550354004e+02
5.498725934028625488e+02
5.498927593231201172e+02
5.499126627445220947e+02
5.499329330921173096e+02
5.499526853561401367e+02
5.499727032184600830e+02
5.499927108287811279e+02
5.500126726627349854e+02
5.500326912403106689e+02
5.500527186393737793e+02
5.500728685855865479e+02
5.500927865505218506e+02
5.501126713752746582e+02
5.501330900192260742e+02
5.501520714759826660e+02
5.501730425357818604e+02
5.501920821666717529e+02
5.502127361297607422e+02
5.502326862812042236e+02
5.502526676654815674e+02
5.502726647853851318e+02
5.502926945686340332e+02
5.503128528594970703e+02
5.503328866958618164e+02
5.503526754379272461e+02
5.503727066516876221e+02
5.503936791419982910e+02
5.504126651287078857e+02
5.504331099987030029e+02
5.504526124000549316e+02
5.504727237224578857e+02
5.504927525520324707e+02
5.505127308368682861e+02
5.505327894687652588e+02
5.505528957843780518e+02
5.505728998184204102e+02
5.505933017730712891e+02
5.506125278472900391e+02
5.506327054500579834e+02
5.506528866291046143e+02
5.506727147102355957e+02
5.506927785873413086e+02
5.507127127647399902e+02
5.507328021526336670e+02
5.507527134418487549e+02
5.507721550464630127e+02
5.507926554679870605e+02
5.508130128383636475e+02
5.508327076435089111e+02
5.508532466888427734e+02
5.508723413944244385e+02
5.508920369148254395e+02
5.509127469062805176e+02
5.509328136444091797e+02
5.509526424407958984e+02
5.509727721214294434e+02
5.509928557872772217e+02
5.510126700401306152e+02
5.510327301025390625e+02
5.510529084205627441e+02
5.510724599361419678e+02
5.510928239822387695e+02
5.511129078865051270e+02
5.511330091953277588e+02
5.511527798175811768e+02
5.511727278232574463e+02
5.511926457881927490e+02
5.512127542495727539e+02
5.512328190803527832e+02
5.512528576850891113e+02
5.512726922035217285e+02
5.512927138805389404e+02
5.513128771781921387e+02
5.513327560424804688e+02
5.513528952598571777e+02
5.513724482059478760e+02
5.513928341865539551e+02
5.514127836227416992e+02
5.514327046871185303e+02
5.514527056217193604e+02
5.514729633331298828e+02
5.514929380416870117e+02
5.515125002861022949e+02
5.515389726161956787e+02
5.515595388412475586e+02
5.515788936614990234e+02
5.515990531444549561e+02
5.516188554763793945e+02
5.516388545036315918e+02
5.516588604450225830e+02
5.516788845062255859e+02
5.516989078521728516e+02
5.517189443111419678e+02
5.517390537261962891e+02
5.517589468955993652e+02
5.517788057327270508e+02
5.517993690967559814e+02
5.518237986564636230e+02
5.518440411090850830e+02
5.518639042377471924e+02
5.518839161396026611e+02
5.519038641452789307e+02
5.519231758117675781e+02
5.519531562328338623e+02
5.519718441963195801e+02
5.519915659427642822e+02
5.520104045867919922e+02
5.520305213928222656e+02
5.520532798767089844e+02
5.520701591968536377e+02
5.520912549495697021e+02
5.521104161739349365e+02
5.521300740242004395e+02
5.521531543731689453e+02
5.521702134609222412e+02
5.521900892257690430e+02
5.522110812664031982e+02
5.522305507659912109e+02
5.522508187294006348e+02
5.522699861526489258e+02
5.522905087471008301e+02
5.523114554882049561e+02
5.523300435543060303e+02
5.523507242202758789e+02
5.523724803924560547e+02
5.523904526233673096e+02
5.524104228019714355e+02
5.524304981231689453e+02
5.524507825374603271e+02
5.524707555770874023e+02
5.524904382228851318e+02
5.525107016563415527e+02
5.525305607318878174e+02
5.525505287647247314e+02
5.525704982280731201e+02
5.525905685424804688e+02
5.526105210781097412e+02
5.526309638023376465e+02
5.526504244804382324e+02
5.526712567806243896e+02
5.526909358501434326e+02
5.527109692096710205e+02
5.527309150695800781e+02
5.527508373260498047e+02
5.527711079120635986e+02
5.527908165454864502e+02
5.528108787536621094e+02
5.528307697772979736e+02
5.528502662181854248e+02
5.528705410957336426e+02
5.528905024528503418e+02
5.529105365276336670e+02
5.529304823875427246e+02
5.529499306678771973e+02
5.529714133739471436e+02
5.529906055927276611e+02
5.530116450786590576e+02
5.530304577350616455e+02
5.530518000125885010e+02
5.530708191394805908e+02
5.530904555320739746e+02
5.531114687919616699e+02
5.531302626132965088e+02
5.531502668857574463e+02
5.531705329418182373e+02
5.531900610923767090e+02
5.532111091613769531e+02
5.532307662963867188e+02
5.532508275508880615e+02
5.532706401348114014e+02
5.532907760143280029e+02
5.533104879856109619e+02
5.533305454254150391e+02
5.533498251438140869e+02
5.533703730106353760e+02
5.533901052474975586e+02
5.534171495437622070e+02
5.534372565746307373e+02
5.534569585323333740e+02
5.534773225784301758e+02
5.534968965053558350e+02
5.535169756412506104e+02
5.535368766784667969e+02
5.535574951171875000e+02
5.535775308609008789e+02
5.535972352027893066e+02
5.536169347763061523e+02
5.536372790336608887e+02
5.536573431491851807e+02
5.536773111820220947e+02
5.536981770992279053e+02
5.537178540229797363e+02
5.537375402450561523e+02
5.537566626071929932e+02
5.537772936820983887e+02
5.537967154979705811e+02
5.538174247741699219e+02
5.538370757102966309e+02
5.538569822311401367e+02
5.538772523403167725e+02
5.538974518775939941e+02
5.539173898696899414e+02
5.539374344348907471e+02
5.539571561813354492e+02
5.539772219657897949e+02
5.539974405765533447e+02
5.540175616741180420e+02
5.540371847152709961e+02
5.540573322772979736e+02
5.540779612064361572e+02
5.540971322059631348e+02
5.541172676086425781e+02
5.541374166011810303e+02
5.541572747230529785e+02
5.541773042678833008e+02
5.541978230476379395e+02
5.542175953388214111e+02
5.542375884056091309e+02
5.542569570541381836e+02
5.542780230045318604e+02
5.542972967624664307e+02
5.543177669048309326e+02
5.543372955322265625e+02
5.543574559688568115e+02
5.543772964477539062e+02
5.543973960876464844e+02
5.544176247119903564e+02
5.544373416900634766e+02
5.544574906826019287e+02
5.544775011539459229e+02
5.544973306655883789e+02
5.545176489353179932e+02
5.545373125076293945e+02
5.545572736263275146e+02
5.545773408412933350e+02
5.545973379611968994e+02
5.546169643402099609e+02
5.546370494365692139e+02
5.546581230163574219e+02
5.546777851581573486e+02
5.546972672939300537e+02
5.547174065113067627e+02
5.547368228435516357e+02
5.547573127746582031e+02
5.547773799896240234e+02
5.547970108985900879e+02
5.548172264099121094e+02
5.548372862339019775e+02
5.548572669029235840e+02
5.548771991729736328e+02
5.548975005149841309e+02
5.549173004627227783e+02
5.549367990493774414e+02
5.549568531513214111e+02
5.549775290489196777e+02
5.549983203411102295e+02
5.550176243782043457e+02
5.550377738475799561e+02
5.550569751262664795e+02
5.550780603885650635e+02
5.550972964763641357e+02
5.551173954010009766e+02
5.551372642517089844e+02
5.551575767993927002e+02
5.551773428916931152e+02
5.551971151828765869e+02
5.552176444530487061e+02
5.552370798587799072e+02
5.552571706771850586e+02
5.552779932022094727e+02
5.552970733642578125e+02
5.553167095184326172e+02
5.553381793498992920e+02
5.553579919338226318e+02
5.553775684833526611e+02
5.553972685337066650e+02
5.554173412322998047e+02
5.554371333122253418e+02
5.554573342800140381e+02
5.554775831699371338e+02
5.554977018833160400e+02
5.555169558525085449e+02
5.555370097160339355e+02
5.555578062534332275e+02
5.555772235393524170e+02
5.555977127552032471e+02
5.556173617839813232e+02
5.556375041007995605e+02
5.556572191715240479e+02
5.556773054599761963e+02
5.556969845294952393e+02
5.557175202369689941e+02
5.557373049259185791e+02
5.557572369575500488e+02
5.557775473594665527e+02
5.557971580028533936e+02
5.558182957172393799e+02
5.558370840549468994e+02
5.558579049110412598e+02
5.558770387172698975e+02
5.558975439071655273e+02
5.559178707599639893e+02
5.559377560615539551e+02
5.559577436447143555e+02
5.559769601821899414e+02
5.559973931312561035e+02
5.560182609558105469e+02
5.560370149612426758e+02
5.560578660964965820e+02
5.560773696899414062e+02
5.560972933769226074e+02
5.561174027919769287e+02
5.561369605064392090e+02
5.561574203968048096e+02
5.561772158145904541e+02
5.561974306106567383e+02
5.562180721759796143e+02
5.562375798225402832e+02
5.562579789161682129e+02
5.562777283191680908e+02
5.562973406314849854e+02
5.563177797794342041e+02
5.563373706340789795e+02
5.563574178218841553e+02
5.563773627281188965e+02
5.563974344730377197e+02
5.564178845882415771e+02
5.564372491836547852e+02
5.564573447704315186e+02
5.564769520759582520e+02
5.564971110820770264e+02
5.565175514221191406e+02
5.565367877483367920e+02
5.565572929382324219e+02
5.565773642063140869e+02
5.565971932411193848e+02
5.566172196865081787e+02
5.566372642517089844e+02
5.566576237678527832e+02
5.566771883964538574e+02
5.566970553398132324e+02
5.567167882919311523e+02
5.567378962039947510e+02
5.567580201625823975e+02
5.567775430679321289e+02
5.567979583740234375e+02
5.568175387382507324e+02
5.568374869823455811e+02
5.568576068878173828e+02
5.568774132728576660e+02
5.568968105316162109e+02
5.569174101352691650e+02
5.569368317127227783e+02
5.569569878578186035e+02
5.569775469303131104e+02
5.569967019557952881e+02
5.570174715518951416e+02
5.570379395484924316e+02
5.570578346252441406e+02
5.570776188373565674e+02
5.570976583957672119e+02
5.571178185939788818e+02
5.571380667686462402e+02
5.571570129394531250e+02
5.571777088642120361e+02
5.571975898742675781e+02
5.572169916629791260e+02
5.572370340824127197e+02
5.572582972049713135e+02
5.572773923873901367e+02
5.572982344627380371e+02
5.573170847892761230e+02
5.573374350070953369e+02
5.573577404022216797e+02
5.573777849674224854e+02
5.573980481624603271e+02
5.574176909923553467e+02
5.574379060268402100e+02
5.574579041004180908e+02
5.574775888919830322e+02
5.574980695247650146e+02
5.575173773765563965e+02
5.575372533798217773e+02
5.575574474334716797e+02
5.575773415565490723e+02
5.575997753143310547e+02
5.576181116104125977e+02
5.576370303630828857e+02
5.576570436954498291e+02
5.576769556999206543e+02
5.576972975730895996e+02
5.577173042297363281e+02
5.577369410991668701e+02
5.577577106952667236e+02
5.577781798839569092e+02
5.577975268363952637e+02
5.578180890083312988e+02
5.578377025127410889e+02
5.578579216003417969e+02
5.578777642250061035e+02
5.578977091312408447e+02
5.579180526733398438e+02
5.579379289150238037e+02
5.579578950405120850e+02
5.579780526161193848e+02
5.579973170757293701e+02
5.580173826217651367e+02
5.580380351543426514e+02
5.580572786331176758e+02
5.580773782730102539e+02
5.580973987579345703e+02
5.581178336143493652e+02
5.581373193264007568e+02
5.581575782299041748e+02
5.581775326728820801e+02
5.581975595951080322e+02
5.582169833183288574e+02
5.582377889156341553e+02
5.582570214271545410e+02
5.582768323421478271e+02
5.582972848415374756e+02
5.583178646564483643e+02
5.583369603157043457e+02
5.583572964668273926e+02
5.583775944709777832e+02
5.583974642753601074e+02
5.584179630279541016e+02
5.584377629756927490e+02
5.584569113254547119e+02
5.584780831336975098e+02
5.584973218441009521e+02
5.585167987346649170e+02
5.585377655029296875e+02
5.585574169158935547e+02
5.585771896839141846e+02
5.585972888469696045e+02
5.586173188686370850e+02
5.586381642818450928e+02
5.586570460796356201e+02
5.586778447628021240e+02
5.586973788738250732e+02
5.587173776626586914e+02
5.587372953891754150e+02
5.587575643062591553e+02
5.587766344547271729e+02
5.587976009845733643e+02
5.588179025650024414e+02
5.588377823829650879e+02
5.588578405380249023e+02
5.588773307800292969e+02
5.588978838920593262e+02
5.589168596267700195e+02
5.589367983341217041e+02
5.589570994377136230e+02
5.589772853851318359e+02
5.589968829154968262e+02
5.590168235301971436e+02
5.590374863147735596e+02
5.590567851066589355e+02
5.590814733505249023e+02
5.591014599800109863e+02
5.591216423511505127e+02
5.591418592929840088e+02
5.591614737510681152e+02
5.591816544532775879e+02
5.592014529705047607e+02
5.592214348316192627e+02
5.592414286136627197e+02
5.592616934776306152e+02
5.592813270092010498e+02
5.593008010387420654e+02
5.593215174674987793e+02
5.593413343429565430e+02
5.593613650798797607e+02
5.593813989162445068e+02
5.594014914035797119e+02
5.594214749336242676e+02
5.594482338428497314e+02
5.594684085845947266e+02
5.594883444309234619e+02
5.595082330703735352e+02
5.595281782150268555e+02
5.595482058525085449e+02
5.595684480667114258e+02
5.595881667137145996e+02
5.596084876060485840e+02
5.596280217170715332e+02
5.596483278274536133e+02
5.596688385009765625e+02
5.596884584426879883e+02
5.597079048156738281e+02
5.597287104129791260e+02
5.597481598854064941e+02
5.597682321071624756e+02
5.597881243228912354e+02
5.598081517219543457e+02
5.598281090259552002e+02
5.598485376834869385e+02
5.598688223361968994e+02
5.598879232406616211e+02
5.599081330299377441e+02
5.599278941154479980e+02
5.599479155540466309e+02
5.599687469005584717e+02
5.599882667064666748e+02
5.600082976818084717e+02
5.600281634330749512e+02
5.600481266975402832e+02
5.600683093070983887e+02
5.600881962776184082e+02
5.601087706089019775e+02
5.601286044120788574e+02
5.601483261585235596e+02
5.601682364940643311e+02
5.601881661415100098e+02
5.602080826759338379e+02
5.602282714843750000e+02
5.602481017112731934e+02
5.602679169178009033e+02
5.602879881858825684e+02
5.603080084323883057e+02
5.603282241821289062e+02
5.603486497402191162e+02
5.603682620525360107e+02
5.603883736133575439e+02
5.604082307815551758e+02
5.604288635253906250e+02
5.604487583637237549e+02
5.604687039852142334e+02
5.604882090091705322e+02
5.605080599784851074e+02
5.605281755924224854e+02
5.605483489036560059e+02
5.605675997734069824e+02
5.605893130302429199e+02
5.606075375080108643e+02
5.606292030811309814e+02
5.606487891674041748e+02
5.606684548854827881e+02
5.606883735656738281e+02
5.607084279060363770e+02
5.607289688587188721e+02
5.607481606006622314e+02
5.607681767940521240e+02
5.607883028984069824e+02
5.608081662654876709e+02
5.608282475471496582e+02
5.608482842445373535e+02
5.608679733276367188e+02
5.608893916606903076e+02
5.609082238674163818e+02
5.609295020103454590e+02
5.609482281208038330e+02
5.609679102897644043e+02
5.609886991977691650e+02
5.610076231956481934e+02
5.610287320613861084e+02
5.610481247901916504e+02
5.610682208538055420e+02
5.610893728733062744e+02
5.611076757907867432e+02
5.611290228366851807e+02
5.611481962203979492e+02
5.611679298877716064e+02
5.611893653869628906e+02
5.612075798511505127e+02
5.612288496494293213e+02
5.612480728626251221e+02
5.612680623531341553e+02
5.612893807888031006e+02
5.613076579570770264e+02
5.613290791511535645e+02
5.613488326072692871e+02
5.613686811923980713e+02
5.613888087272644043e+02
5.614086720943450928e+02
5.614287836551666260e+02
5.614485495090484619e+02
5.614688255786895752e+02
5.614881482124328613e+02
5.615084881782531738e+02
5.615285611152648926e+02
5.615480928421020508e+02
5.615682458877563477e+02
5.615882952213287354e+02
5.616081769466400146e+02
5.616279017925262451e+02
5.616481828689575195e+02
5.616681523323059082e+02
5.616881749629974365e+02
5.617080857753753662e+02
5.617284665107727051e+02
5.617487061023712158e+02
5.617689030170440674e+02
5.617888557910919189e+02
5.618076720237731934e+02
5.618292002677917480e+02
5.618482973575592041e+02
5.618679945468902588e+02
5.618893759250640869e+02
5.619075899124145508e+02
5.619282917976379395e+02
5.619482142925262451e+02
5.619681894779205322e+02
5.619883551597595215e+02
5.620083723068237305e+02
5.620292820930480957e+02
5.620482048988342285e+02
5.620735394954681396e+02
5.620940241813659668e+02
5.621140637397766113e+02
5.621341385841369629e+02
5.621541543006896973e+02
5.621739032268524170e+02
5.622033684253692627e+02
5.622235777378082275e+02
5.622434806823730469e+02
5.622636933326721191e+02
5.622834153175354004e+02
5.623034050464630127e+02
5.623240358829498291e+02
5.623437435626983643e+02
5.623634002208709717e+02
5.623834335803985596e+02
5.624035158157348633e+02
5.624237160682678223e+02
5.624438784122467041e+02
5.624635877609252930e+02
5.624839470386505127e+02
5.625034351348876953e+02
5.625235428810119629e+02
5.625443162918090820e+02
5.625639631748199463e+02
5.625832762718200684e+02
5.626035807132720947e+02
5.626240084171295166e+02
5.626429643630981445e+02
5.626671330928802490e+02
5.626874544620513916e+02
5.627073109149932861e+02
5.627277433872222900e+02
5.627474911212921143e+02
5.627672932147979736e+02
5.627887442111968994e+02
5.628069407939910889e+02
5.628270432949066162e+02
5.628474891185760498e+02
5.628678896427154541e+02
5.628875544071197510e+02
5.629069514274597168e+02
5.629282233715057373e+02
5.629529492855072021e+02
5.629731931686401367e+02
5.629929394721984863e+02
5.630129926204681396e+02
5.630329434871673584e+02
5.630530688762664795e+02
5.630729324817657471e+02
5.630931441783905029e+02
5.631134083271026611e+02
5.631329591274261475e+02
5.631528682708740234e+02
5.631730017662048340e+02
5.631929783821105957e+02
5.632132937908172607e+02
5.632328369617462158e+02
5.632610540390014648e+02
5.632803938388824463e+02
5.633002023696899414e+02
5.633201761245727539e+02
5.633400456905364990e+02
5.633606038093566895e+02
5.633802554607391357e+02
5.634000535011291504e+02
5.634202661514282227e+02
5.634400584697723389e+02
5.634601271152496338e+02
5.634801652431488037e+02
5.635000579357147217e+02
5.635201179981231689e+02
5.635404171943664551e+02
5.635604021549224854e+02
5.635801246166229248e+02
5.636005988121032715e+02
5.636248674392700195e+02
5.636454980373382568e+02
5.636652805805206299e+02
5.636849651336669922e+02
5.637047607898712158e+02
5.637247912883758545e+02
5.637453820705413818e+02
5.637653908729553223e+02
5.637857296466827393e+02
5.638050880432128906e+02
5.638250946998596191e+02
5.638450798988342285e+02
5.638649201393127441e+02
5.638852975368499756e+02
5.639048986434936523e+02
5.639250206947326660e+02
5.639446830749511719e+02
5.639647352695465088e+02
5.639846034049987793e+02
5.640047993659973145e+02
5.640247502326965332e+02
5.640451457500457764e+02
5.640648820400238037e+02
5.640847959518432617e+02
5.641046922206878662e+02
5.641250021457672119e+02
5.641447644233703613e+02
5.641643779277801514e+02
5.641847259998321533e+02
5.642049906253814697e+02
5.642251529693603516e+02
5.642449605464935303e+02
5.642651531696319580e+02
5.642851235866546631e+02
5.643051638603210449e+02
5.643252873420715332e+02
5.643451807498931885e+02
5.643650791645050049e+02
5.643847973346710205e+02
5.644045994281768799e+02
5.644252276420593262e+02
5.644452342987060547e+02
5.644651279449462891e+02
5.644850916862487793e+02
5.645041050910949707e+02
5.645256035327911377e+02
5.645447323322296143e+02
5.645648338794708252e+02
5.645847232341766357e+02
5.646047983169555664e+02
5.646248447895050049e+02
5.646447193622589111e+02
5.646646287441253662e+02
5.646846723556518555e+02
5.647046031951904297e+02
5.647256231307983398e+02
5.647447836399078369e+02
5.647647769451141357e+02
5.647847471237182617e+02
5.648047413825988770e+02
5.648249104022979736e+02
5.648445947170257568e+02
5.648651003837585449e+02
5.648845036029815674e+02
5.649048135280609131e+02
5.649250061511993408e+02
5.649444732666015625e+02
5.649657335281372070e+02
5.649847283363342285e+02
5.650041682720184326e+02
5.650245363712310791e+02
5.650441288948059082e+02
5.650648412704467773e+02
5.650846500396728516e+02
5.651047923564910889e+02
5.651250081062316895e+02
5.651449916362762451e+02
5.651648142337799072e+02
5.651846292018890381e+02
5.652047395706176758e+02
5.652247662544250488e+02
5.652448019981384277e+02
5.652646403312683105e+02
5.652847537994384766e+02
5.653046951293945312e+02
5.653243956565856934e+02
5.653444480895996094e+02
5.653651742935180664e+02
5.653843879699707031e+02
5.654051439762115479e+02
5.654316091537475586e+02
5.654516053199768066e+02
5.654716780185699463e+02
5.654915344715118408e+02
5.655117924213409424e+02
5.655309481620788574e+02
5.655519542694091797e+02
5.655712525844573975e+02
5.655956127643585205e+02
5.656154000759124756e+02
5.656353740692138672e+02
5.656549715995788574e+02
5.656756417751312256e+02
5.656953260898590088e+02
5.657154233455657959e+02
5.657354409694671631e+02
5.657555148601531982e+02
5.657754058837890625e+02
5.657953615188598633e+02
5.658158295154571533e+02
5.658354508876800537e+02
5.658551161289215088e+02
5.658762607574462891e+02
5.658949942588806152e+02
5.659153366088867188e+02
5.659351041316986084e+02
5.659550180435180664e+02
5.659760386943817139e+02
5.659949877262115479e+02
5.660156064033508301e+02
5.660349404811859131e+02
5.660553808212280273e+02
5.660755605697631836e+02
5.660954546928405762e+02
5.661154017448425293e+02
5.661353647708892822e+02
5.661555848121643066e+02
5.661755266189575195e+02
5.661946640014648438e+02
5.662155485153198242e+02
5.662354023456573486e+02
5.662555484771728516e+02
5.662755165100097656e+02
5.662953641414642334e+02
5.663155000209808350e+02
5.663353896141052246e+02
5.663553066253662109e+02
5.663754220008850098e+02
5.663954114913940430e+02
5.664153945446014404e+02
5.664352881908416748e+02
5.664553596973419189e+02
5.664754157066345215e+02
5.664954459667205811e+02
5.665147902965545654e+02
5.665347037315368652e+02
5.665548768043518066e+02
5.665747029781341553e+02
5.665948066711425781e+02
5.666152002811431885e+02
5.666347155570983887e+02
5.666554596424102783e+02
5.666753456592559814e+02
5.666954007148742676e+02
5.667153086662292480e+02
5.667354917526245117e+02
5.667556269168853760e+02
5.667751100063323975e+02
5.667955186367034912e+02
5.668153138160705566e+02
5.668355572223663330e+02
5.668558094501495361e+02
5.668753342628479004e+02
5.668959081172943115e+02
5.669157888889312744e+02
5.669355120658874512e+02
5.669551217555999756e+02
5.669758024215698242e+02
5.669950027465820312e+02
5.670152497291564941e+02
5.670353853702545166e+02
5.670550072193145752e+02
5.670754258632659912e+02
5.670955777168273926e+02
5.671150357723236084e+02
5.671360650062561035e+02
5.671552920341491699e+02
5.671753826141357422e+02
5.671950616836547852e+02
5.672149679660797119e+02
5.672353587150573730e+02
5.672554118633270264e+02
5.672760586738586426e+02
5.672955846786499023e+02
5.673153586387634277e+02
5.673352463245391846e+02
5.673553409576416016e+02
5.673753676414489746e+02
5.673953227996826172e+02
5.674153299331665039e+02
5.674352765083312988e+02
5.674553210735321045e+02
5.674756968021392822e+02
5.674952630996704102e+02
5.675153434276580811e+02
5.675353732109069824e+02
5.675554611682891846e+02
5.675753643512725830e+02
5.675952577590942383e+02
5.676158568859100342e+02
5.676347770690917969e+02
5.676553137302398682e+02
5.676755299568176270e+02
5.676953260898590088e+02
5.677151422500610352e+02
5.677354493141174316e+02
5.677550992965698242e+02
5.677755103111267090e+02
5.677951579093933105e+02
5.678150079250335693e+02
5.678353903293609619e+02
5.678554248809814453e+02
5.678750793933868408e+02
5.678955352306365967e+02
5.679149456024169922e+02
5.679349901676177979e+02
5.679550285339355469e+02
5.679750487804412842e+02
5.679950284957885742e+02
5.680215740203857422e+02
5.680409002304077148e+02
5.680610792636871338e+02
5.680813300609588623e+02
5.681006507873535156e+02
5.681218652725219727e+02
5.681406929492950439e+02
5.681612715721130371e+02
5.681809666156768799e+02
5.682010173797607422e+02
5.682220888137817383e+02
5.682406446933746338e+02
5.682619886398315430e+02
5.682806451320648193e+02
5.683012509346008301e+02
5.683210954666137695e+02
5.683410081863403320e+02
5.683606858253479004e+02
5.683812005519866943e+02
5.684015522003173828e+02
5.684211752414703369e+02
5.684409408569335938e+02
5.684616479873657227e+02
5.684806196689605713e+02
5.685006353855133057e+02
5.685207324028015137e+02
5.685410811901092529e+02
5.685669853687286377e+02
5.685871374607086182e+02
5.686069431304931641e+02
5.686276056766510010e+02
5.686475017070770264e+02
5.686678776741027832e+02
5.686869499683380127e+02
5.687071995735168457e+02
5.687269208431243896e+02
5.687469079494476318e+02
5.687673404216766357e+02
5.687870180606842041e+02
5.688072903156280518e+02
5.688273499011993408e+02
5.688474097251892090e+02
5.688674283027648926e+02
5.688876450061798096e+02
5.689072418212890625e+02
5.689272558689117432e+02
5.689471685886383057e+02
5.689672710895538330e+02
5.689871876239776611e+02
5.690072093009948730e+02
5.690272858142852783e+02
5.690472340583801270e+02
5.690669360160827637e+02
5.690872094631195068e+02
5.691068978309631348e+02
5.691272954940795898e+02
5.691472313404083252e+02
5.691676392555236816e+02
5.691873514652252197e+02
5.692072403430938721e+02
5.692266581058502197e+02
5.692474467754364014e+02
5.692667036056518555e+02
5.692873446941375732e+02
5.693072643280029297e+02
5.693272948265075684e+02
5.693471715450286865e+02
5.693672318458557129e+02
5.693876893520355225e+02
5.694068651199340820e+02
5.694269721508026123e+02
5.694469048976898193e+02
5.694673070907592773e+02
5.694876570701599121e+02
5.695073485374450684e+02
5.695277845859527588e+02
5.695469348430633545e+02
5.695673410892486572e+02
5.695873036384582520e+02
5.696073107719421387e+02
5.696274139881134033e+02
5.696474094390869141e+02
5.696674544811248779e+02
5.696867730617523193e+02
5.697082693576812744e+02
5.697266924381256104e+02
5.697474126815795898e+02
5.697672595977783203e+02
5.697878494262695312e+02
5.698071298599243164e+02
5.698274540901184082e+02
5.698474197387695312e+02
5.698665845394134521e+02
5.698873836994171143e+02
5.699078505039215088e+02
5.699274187088012695e+02
5.699471623897552490e+02
5.699675202369689941e+02
5.699869577884674072e+02
5.700070369243621826e+02
5.700270640850067139e+02
5.700472683906555176e+02
5.700675978660583496e+02
5.700875134468078613e+02
5.701068961620330811e+02
5.701280310153961182e+02
5.701472783088684082e+02
5.701673476696014404e+02
5.701873366832733154e+02
5.702072558403015137e+02
5.702272441387176514e+02
5.702473309040069580e+02
5.702666168212890625e+02
5.702872986793518066e+02
5.703150312900543213e+02
5.703410348892211914e+02
5.703622498512268066e+02
5.703812866210937500e+02
5.704021742343902588e+02
5.704220242500305176e+02
5.704417231082916260e+02
5.704773724079132080e+02
5.704976911544799805e+02
5.705170466899871826e+02
5.705380358695983887e+02
5.705575687885284424e+02
5.705775403976440430e+02
5.705974395275115967e+02
5.706167812347412109e+02
5.706371169090270996e+02
5.706681282520294189e+02
5.706857373714447021e+02
5.707063443660736084e+02
5.707305092811584473e+02
5.707510044574737549e+02
5.707709302902221680e+02
5.707903974056243896e+02
5.708101398944854736e+02
5.708301358222961426e+02
5.708506288528442383e+02
5.708710353374481201e+02
5.708903176784515381e+02
5.709105758666992188e+02
5.709304404258728027e+02
5.709534120559692383e+02
5.709706134796142578e+02
5.709904062747955322e+02
5.710104908943176270e+02
5.710304496288299561e+02
5.710504102706909180e+02
5.710781254768371582e+02
5.710978384017944336e+02
5.711177008152008057e+02
5.711375277042388916e+02
5.711574132442474365e+02
5.711773989200592041e+02
5.711977167129516602e+02
5.712177593708038330e+02
5.712376868724822998e+02
5.712579624652862549e+02
5.712778947353363037e+02
5.712979860305786133e+02
5.713178811073303223e+02
5.713377563953399658e+02
5.713579816818237305e+02
5.713780035972595215e+02
5.713979170322418213e+02
5.714180145263671875e+02
5.714377336502075195e+02
5.714577393531799316e+02
5.714777774810791016e+02
5.714976499080657959e+02
5.715180521011352539e+02
5.715374188423156738e+02
5.715586302280426025e+02
5.715776803493499756e+02
5.715983996391296387e+02
5.716174862384796143e+02
5.716383631229400635e+02
5.716573941707611084e+02
5.716779263019561768e+02
5.716984717845916748e+02
5.717180700302124023e+02
5.717383513450622559e+02
5.717571423053741455e+02
5.717786643505096436e+02
5.717981061935424805e+02
5.718187890052795410e+02
5.718381016254425049e+02
5.718583040237426758e+02
5.718774008750915527e+02
5.718977658748626709e+02
5.719176480770111084e+02
5.719379203319549561e+02
5.719580004215240479e+02
5.719777557849884033e+02
5.719976508617401123e+02
5.720184719562530518e+02
5.720383639335632324e+02
5.720647661685943604e+02
5.720847737789154053e+02
5.721044981479644775e+02
5.721247279644012451e+02
5.721447989940643311e+02
5.721644501686096191e+02
5.721849820613861084e+02
5.722046585083007812e+02
5.722240774631500244e+02
5.722446300983428955e+02
5.722650961875915527e+02
5.722853286266326904e+02
5.723054518699645996e+02
5.723254580497741699e+02
5.723453197479248047e+02
5.723643305301666260e+02
5.723848962783813477e+02
5.724062240123748779e+02
5.724245162010192871e+02
5.724455940723419189e+02
5.724646122455596924e+02
5.724852943420410156e+02
5.725048012733459473e+02
5.725247552394866943e+02
5.725484869480133057e+02
5.725690345764160156e+02
5.725888831615447998e+02
5.726090030670166016e+02
5.726286203861236572e+02
5.726498067378997803e+02
5.726681721210479736e+02
5.726894240379333496e+02
5.727085564136505127e+02
5.727289497852325439e+02
5.727487969398498535e+02
5.727687511444091797e+02
5.727884330749511719e+02
5.728087227344512939e+02
5.728284599781036377e+02
5.728488461971282959e+02
5.728687953948974609e+02
5.728896300792694092e+02
5.729089972972869873e+02
5.729357481002807617e+02
5.729545798301696777e+02
5.729745254516601562e+02
5.729947373867034912e+02
5.730148909091949463e+02
5.730347025394439697e+02
5.730559706687927246e+02
5.730744647979736328e+02
5.730954067707061768e+02
5.731152129173278809e+02
5.731346125602722168e+02
5.731546034812927246e+02
5.731746010780334473e+02
5.731960480213165283e+02
5.732150001525878906e+02
5.732347316741943359e+02
5.732544853687286377e+02
5.732755341529846191e+02
5.732943060398101807e+02
5.733146471977233887e+02
5.733350875377655029e+02
5.733621115684509277e+02
5.733909552097320557e+02
5.734113962650299072e+02
5.734311096668243408e+02
5.734516811370849609e+02
5.734704418182373047e+02
5.734957573413848877e+02
5.735160472393035889e+02
5.735361557006835938e+02
5.735558516979217529e+02
5.735760607719421387e+02
5.735959396362304688e+02
5.736159596443176270e+02
5.736362106800079346e+02
5.736563434600830078e+02
5.736759102344512939e+02
5.736961436271667480e+02
5.737167019844055176e+02
5.737359557151794434e+02
5.737561063766479492e+02
5.737757215499877930e+02
5.737960140705108643e+02
5.738160591125488281e+02
5.738359425067901611e+02
5.738573982715606689e+02
5.738753018379211426e+02
5.738959920406341553e+02
5.739159865379333496e+02
5.739357914924621582e+02
5.739560644626617432e+02
5.739758281707763672e+02
5.739968013763427734e+02
5.740253438949584961e+02
5.740456163883209229e+02
5.740646772384643555e+02
5.740846078395843506e+02
5.741046092510223389e+02
5.741246602535247803e+02
5.741451077461242676e+02
5.741646132469177246e+02
5.741845841407775879e+02
5.742052986621856689e+02
5.742252340316772461e+02
5.742451405525207520e+02
5.742651016712188721e+02
5.742850437164306641e+02
5.743080534934997559e+02
5.743252494335174561e+02
5.743463418483734131e+02
5.743652181625366211e+02
5.743862173557281494e+02
5.744053196907043457e+02
5.744258625507354736e+02
5.744448072910308838e+02
5.744648137092590332e+02
5.744847772121429443e+02
5.745053586959838867e+02
5.745250389575958252e+02
5.745451142787933350e+02
5.745651564598083496e+02
5.745853972434997559e+02
5.746051871776580811e+02
5.746251270771026611e+02
5.746452054977416992e+02
5.746716885566711426e+02
5.746924831867218018e+02
5.747123522758483887e+02
5.747317631244659424e+02
5.747524080276489258e+02
5.747727513313293457e+02
5.747923774719238281e+02
5.748123712539672852e+02
5.748332195281982422e+02
5.748525197505950928e+02
5.748717041015625000e+02
5.748922288417816162e+02
5.749123544692993164e+02
5.749324834346771240e+02
5.749524261951446533e+02
5.749732036590576172e+02
5.749922132492065430e+02
5.750124251842498779e+02
5.750323312282562256e+02
5.750524392127990723e+02
5.750724403858184814e+02
5.750923781394958496e+02
5.751125049591064453e+02
5.751326885223388672e+02
5.751523146629333496e+02
5.751719813346862793e+02
5.751933214664459229e+02
5.752125384807586670e+02
5.752326400279998779e+02
5.752530059814453125e+02
5.752727496623992920e+02
5.752927074432373047e+02
5.753127517700195312e+02
5.753328301906585693e+02
5.753525094985961914e+02
5.753726589679718018e+02
5.753926403522491455e+02
5.754126324653625488e+02
5.754327511787414551e+02
5.754527645111083984e+02
5.754727232456207275e+02
5.754927275180816650e+02
5.755127973556518555e+02
5.755328032970428467e+02
5.755527491569519043e+02
5.755724306106567383e+02
5.755929052829742432e+02
5.756125783920288086e+02
5.756325783729553223e+02
5.756528067588806152e+02
5.756728148460388184e+02
5.756927254199981689e+02
5.757127830982208252e+02
5.757327992916107178e+02
5.757528281211853027e+02
5.757723135948181152e+02
5.757926044464111328e+02
5.758128509521484375e+02
5.758327136039733887e+02
5.758527514934539795e+02
5.758726263046264648e+02
5.758926179409027100e+02
5.759129385948181152e+02
5.759330434799194336e+02
5.759526097774505615e+02
5.759728283882141113e+02
5.759929559230804443e+02
5.760123853683471680e+02
5.760328221321105957e+02
5.760523793697357178e+02
5.760728392601013184e+02
5.760928945541381836e+02
5.761120877265930176e+02
5.761320436000823975e+02
5.761529064178466797e+02
5.761732077598571777e+02
5.761921055316925049e+02
5.762120463848114014e+02
5.762330207824707031e+02
5.762527191638946533e+02
5.762726316452026367e+02
5.762919292449951172e+02
5.763119757175445557e+02
5.763323783874511719e+02
5.763524570465087891e+02
5.763725254535675049e+02
5.764104392528533936e+02
5.764312841892242432e+02
5.764505584239959717e+02
5.764705717563629150e+02
5.764904963970184326e+02
5.765104551315307617e+02
5.765304422378540039e+02
5.765504961013793945e+02
5.765705378055572510e+02
5.765904262065887451e+02
5.766104824542999268e+02
5.766305904388427734e+02
5.766558065414428711e+02
5.766756944656372070e+02
5.766954596042633057e+02
5.767153954505920410e+02
5.767353868484497070e+02
5.767555680274963379e+02
5.767754189968109131e+02
5.767954218387603760e+02
5.768162415027618408e+02
5.768362872600555420e+02
5.768557612895965576e+02
5.768757798671722412e+02
5.768954410552978516e+02
5.769167146682739258e+02
5.769353616237640381e+02
5.769555594921112061e+02
5.769757165908813477e+02
5.769959795475006104e+02
5.770158851146697998e+02
5.770361831188201904e+02
5.770560908317565918e+02
5.770762381553649902e+02
5.770961086750030518e+02
5.771162748336791992e+02
5.771363744735717773e+02
5.771561017036437988e+02
5.771762552261352539e+02
5.771958966255187988e+02
5.772161500453948975e+02
5.772358658313751221e+02
5.772558214664459229e+02
5.772751817703247070e+02
5.772955331802368164e+02
5.773158469200134277e+02
5.773353841304779053e+02
5.773567526340484619e+02
5.773759891986846924e+02
5.773957240581512451e+02
5.774167406558990479e+02
5.774355764389038086e+02
5.774557845592498779e+02
5.774758279323577881e+02
5.774959578514099121e+02
5.775157537460327148e+02
5.775355138778686523e+02
5.775567457675933838e+02
5.775753993988037109e+02
5.775951776504516602e+02
5.776156253814697266e+02
5.776360511779785156e+02
5.776553997993469238e+02
5.776759459972381592e+02
5.776963016986846924e+02
5.777156867980957031e+02
5.777357759475708008e+02
5.777553849220275879e+02
5.777758760452270508e+02
5.777957577705383301e+02
5.778158605098724365e+02
5.778354330062866211e+02
5.778556895256042480e+02
5.778765537738800049e+02
5.778958952426910400e+02
5.779157721996307373e+02
5.779359107017517090e+02
5.779563789367675781e+02
5.779757308959960938e+02
5.780004196166992188e+02
5.780156536102294922e+02
5.780357360839843750e+02
5.780556700229644775e+02
5.780757942199707031e+02
5.780957126617431641e+02
5.781157448291778564e+02
5.781357588768005371e+02
5.781563758850097656e+02
5.781757898330688477e+02
5.781957464218139648e+02
5.782158238887786865e+02
5.782358036041259766e+02
5.782559401988983154e+02
5.782758235931396484e+02
5.782960970401763916e+02
5.783158249855041504e+02
5.783357522487640381e+02
5.783556971549987793e+02
5.783763022422790527e+02
5.783957884311676025e+02
5.784158344268798828e+02
5.784359214305877686e+02
5.784563057422637939e+02
5.784757368564605713e+02
5.784951786994934082e+02
5.785163853168487549e+02
5.785362050533294678e+02
5.785557584762573242e+02
5.785758938789367676e+02
5.785957407951354980e+02
5.786158206462860107e+02
5.786357421875000000e+02
5.786557953357696533e+02
5.786762514114379883e+02
5.786955807209014893e+02
5.787163717746734619e+02
5.787354555130004883e+02
5.787558016777038574e+02
5.787757897377014160e+02
5.787958774566650391e+02
5.788163039684295654e+02
5.788360757827758789e+02
5.788560655117034912e+02
5.788758592605590820e+02
5.788952410221099854e+02
5.789156577587127686e+02
5.789358122348785400e+02
5.789558596611022949e+02
5.789759032726287842e+02
5.789958705902099609e+02
5.790157065391540527e+02
5.790358455181121826e+02
5.790557973384857178e+02
5.790758583545684814e+02
5.790959424972534180e+02
5.791158871650695801e+02
5.791358363628387451e+02
5.791559174060821533e+02
5.791757955551147461e+02
5.791957433223724365e+02
5.792159984111785889e+02
5.792358989715576172e+02
5.792557773590087891e+02
5.792758641242980957e+02
5.792957694530487061e+02
5.793159747123718262e+02
5.793362712860107422e+02
5.793555479049682617e+02
5.793754036426544189e+02
5.793954088687896729e+02
5.794156231880187988e+02
5.794363296031951904e+02
5.794559373855590820e+02
5.794757893085479736e+02
5.794958374500274658e+02
5.795153734683990479e+02
5.795363242626190186e+02
5.795565614700317383e+02
5.795755615234375000e+02
5.795955257415771484e+02
5.796157343387603760e+02
5.796358380317687988e+02
5.796557538509368896e+02
5.796763398647308350e+02
5.796956787109375000e+02
5.797165381908416748e+02
5.797362129688262939e+02
5.797562942504882812e+02
5.797761986255645752e+02
5.797954535484313965e+02
5.798155534267425537e+02
5.798353855609893799e+02
5.798562657833099365e+02
5.798754205703735352e+02
5.798959217071533203e+02
5.799158298969268799e+02
5.799357779026031494e+02
5.799560949802398682e+02
5.799754519462585449e+02
5.799964168071746826e+02
5.800167481899261475e+02
5.800359795093536377e+02
5.800558588504791260e+02
5.800759000778198242e+02
5.800954375267028809e+02
5.801163761615753174e+02
5.801355154514312744e+02
5.801561574935913086e+02
5.801754097938537598e+02
5.801963613033294678e+02
5.802154099941253662e+02
5.802359621524810791e+02
5.802554345130920410e+02
5.802764708995819092e+02
5.802954659461975098e+02
5.803154227733612061e+02
5.803359584808349609e+02
5.803558003902435303e+02
5.803758099079132080e+02
5.803958277702331543e+02
5.804158132076263428e+02
5.804358325004577637e+02
5.804553303718566895e+02
5.804758589267730713e+02
5.804962224960327148e+02
5.805158071517944336e+02
5.805358211994171143e+02
5.805558421611785889e+02
5.805758266448974609e+02
5.805957362651824951e+02
5.806157946586608887e+02
5.806358387470245361e+02
5.806559505462646484e+02
5.806758773326873779e+02
5.806957275867462158e+02
5.807159748077392578e+02
5.807358016967773438e+02
5.807556900978088379e+02
5.807758488655090332e+02
5.807957792282104492e+02
5.808157982826232910e+02
5.808359425067901611e+02
5.808559982776641846e+02
5.808757688999176025e+02
5.808958668708801270e+02
5.809158129692077637e+02
5.809358818531036377e+02
5.809556455612182617e+02
5.809766762256622314e+02
5.809953069686889648e+02
5.810152578353881836e+02
5.810352075099945068e+02
5.810556364059448242e+02
5.810755963325500488e+02
5.810958855152130127e+02
5.811160404682159424e+02
5.811356940269470215e+02
5.811559038162231445e+02
5.811757636070251465e+02
5.811959123611450195e+02
5.812157769203186035e+02
5.812357745170593262e+02
5.812565426826477051e+02
5.812773590087890625e+02
5.812973470687866211e+02
5.813156895637512207e+02
5.813370380401611328e+02
5.813556435108184814e+02
5.813755915164947510e+02
5.813958692550659180e+02
5.814150366783142090e+02
5.814354412555694580e+02
5.814559533596038818e+02
5.814750838279724121e+02
5.814963796138763428e+02
5.815169334411621094e+02
5.815354206562042236e+02
5.815566382408142090e+02
5.815765235424041748e+02
5.815958325862884521e+02
5.816157765388488770e+02
5.816357350349426270e+02
5.816558630466461182e+02
5.816758751869201660e+02
5.816958346366882324e+02
5.817158675193786621e+02
5.817355270385742188e+02
5.817566454410552979e+02
5.817757496833801270e+02
5.817958443164825439e+02
5.818158998489379883e+02
5.818357355594635010e+02
5.818557970523834229e+02
5.818756511211395264e+02
5.818956067562103271e+02
5.819154460430145264e+02
5.819359641075134277e+02
5.819558229446411133e+02
5.819760017395019531e+02
5.819965329170227051e+02
5.820157787799835205e+02
5.820355491638183594e+02
5.820571486949920654e+02
5.820757846832275391e+02
5.820960955619812012e+02
5.821158463954925537e+02
5.821357522010803223e+02
5.821559102535247803e+02
5.821753396987915039e+02
5.821957726478576660e+02
5.822157559394836426e+02
5.822358353137969971e+02
5.822558598518371582e+02
5.822757377624511719e+02
5.822956809997558594e+02
5.823155708312988281e+02
5.823354375362396240e+02
5.823568947315216064e+02
5.823755593299865723e+02
5.823957979679107666e+02
5.824159655570983887e+02
5.824359269142150879e+02
5.824555795192718506e+02
5.824802777767181396e+02
5.825003418922424316e+02
5.825203247070312500e+02
5.825428340435028076e+02
5.825610020160675049e+02
5.825815501213073730e+02
5.826011447906494141e+02
5.826209683418273926e+02
5.826410779953002930e+02
5.826618995666503906e+02
5.826809508800506592e+02
5.827012553215026855e+02
5.827209820747375488e+02
5.827416229248046875e+02
5.827605342864990234e+02
5.827809112071990967e+02
5.828011012077331543e+02
5.828208279609680176e+02
5.828408844470977783e+02
5.828610861301422119e+02
5.828809108734130859e+02
5.829012780189514160e+02
5.829209122657775879e+02
5.829412169456481934e+02
5.829610335826873779e+02
5.829809231758117676e+02
5.830011808872222900e+02
5.830214042663574219e+02
5.830411162376403809e+02
5.830613095760345459e+02
5.830806605815887451e+02
5.831013944149017334e+02
5.831209466457366943e+02
5.831409864425659180e+02
5.831609437465667725e+02
5.831814067363739014e+02
5.832006633281707764e+02
5.832205009460449219e+02
5.832412652969360352e+02
5.832605860233306885e+02
5.832819020748138428e+02
5.833005998134613037e+02
5.833213284015655518e+02
5.833410007953643799e+02
5.833611478805541992e+02
5.833809187412261963e+02
5.834012165069580078e+02
5.834215948581695557e+02
5.834408774375915527e+02
5.834609067440032959e+02
5.834808361530303955e+02
5.835005376338958740e+02
5.835208871364593506e+02
5.835412659645080566e+02
5.835611712932586670e+02
5.835808367729187012e+02
5.836006288528442383e+02
5.836211872100830078e+02
5.836406943798065186e+02
5.836606125831604004e+02
5.836805882453918457e+02
5.837005808353424072e+02
5.837206132411956787e+02
5.837406523227691650e+02
5.837615587711334229e+02
5.837807445526123047e+02
5.838015596866607666e+02
5.838210082054138184e+02
5.838415071964263916e+02
5.838608105182647705e+02
5.838804876804351807e+02
5.839008040428161621e+02
5.839209401607513428e+02
5.839410989284515381e+02
5.839609603881835938e+02
5.839809701442718506e+02
5.840015392303466797e+02
5.840205583572387695e+02
5.840409541130065918e+02
5.840609858036041260e+02
5.840817644596099854e+02
5.841009275913238525e+02
5.841211597919464111e+02
5.841409406661987305e+02
5.841607425212860107e+02
5.841813929080963135e+02
5.842013702392578125e+02
5.842219588756561279e+02
5.842414705753326416e+02
5.842654943466186523e+02
5.842856478691101074e+02
5.843063430786132812e+02
5.843256776332855225e+02
5.843455343246459961e+02
5.843656532764434814e+02
5.843855919837951660e+02
5.844060094356536865e+02
5.844263095855712891e+02
5.844455251693725586e+02
5.844656159877777100e+02
5.844857079982757568e+02
5.845055158138275146e+02
5.845256078243255615e+02
5.845455577373504639e+02
5.845657398700714111e+02
5.845855970382690430e+02
5.846056222915649414e+02
5.846255803108215332e+02
5.846456165313720703e+02
5.846655812263488770e+02
5.846853568553924561e+02
5.847065680027008057e+02
5.847256484031677246e+02
5.847460372447967529e+02
5.847656166553497314e+02
5.847858450412750244e+02
5.848059461116790771e+02
5.848258798122406006e+02
5.848452315330505371e+02
5.848654744625091553e+02
5.848859405517578125e+02
5.849058334827423096e+02
5.849257600307464600e+02
5.849457643032073975e+02
5.849657073020935059e+02
5.849863164424896240e+02
5.850057423114776611e+02
5.850252900123596191e+02
5.850481112003326416e+02
5.850650141239166260e+02
5.850850906372070312e+02
5.851052927970886230e+02
5.851260387897491455e+02
5.851450047492980957e+02
5.851650257110595703e+02
5.851850121021270752e+02
5.852058346271514893e+02
5.852256555557250977e+02
5.852450013160705566e+02
5.852657291889190674e+02
5.852858021259307861e+02
5.853064498901367188e+02
5.853250479698181152e+02
5.853449981212615967e+02
5.853650164604187012e+02
5.853849620819091797e+02
5.854049854278564453e+02
5.854249496459960938e+02
5.854450023174285889e+02
5.854649870395660400e+02
5.854850153923034668e+02
5.855049836635589600e+02
5.855249876976013184e+02
5.855449781417846680e+02
5.855650007724761963e+02
5.855850026607513428e+02
5.856049857139587402e+02
5.856250131130218506e+02
5.856449823379516602e+02
5.856649990081787109e+02
5.856850585937500000e+02
5.857049860954284668e+02
5.857250134944915771e+02
5.857449750900268555e+02
5.857650108337402344e+02
5.857850396633148193e+02
5.858049933910369873e+02
5.858250031471252441e+02
5.858450174331665039e+02
5.858649890422821045e+02
5.858849961757659912e+02
5.859049921035766602e+02
5.859249978065490723e+02
5.859449942111968994e+02
5.859649925231933594e+02
5.859849779605865479e+02
5.860050184726715088e+02
5.860249917507171631e+02
5.860449700355529785e+02
5.860649988651275635e+02
5.860861303806304932e+02
5.861057152748107910e+02
5.861259086132049561e+02
5.861449885368347168e+02
5.861649963855743408e+02
5.861850149631500244e+02
5.862049512863159180e+02
5.862249994277954102e+02
5.862449755668640137e+02
5.862649676799774170e+02
5.862850160598754883e+02
5.863049600124359131e+02
5.863249773979187012e+02
5.863449518680572510e+02
5.863649971485137939e+02
5.863849866390228271e+02
5.864057590961456299e+02
5.864255237579345703e+02
5.864454827308654785e+02
5.864654684066772461e+02
5.864854395389556885e+02
5.865109891891479492e+02
5.865373246669769287e+02
5.865570003986358643e+02
5.865770251750946045e+02
5.865971195697784424e+02
5.866169807910919189e+02
5.866370646953582764e+02
5.866571226119995117e+02
5.866770124435424805e+02
5.866972942352294922e+02
5.867172577381134033e+02
5.867370722293853760e+02
5.867570619583129883e+02
5.867770304679870605e+02
5.867971320152282715e+02
5.868170068264007568e+02
5.868371417522430420e+02
5.868570652008056641e+02
5.868773477077484131e+02
5.868970246315002441e+02
5.869171168804168701e+02
5.869370303153991699e+02
5.869570012092590332e+02
5.869770221710205078e+02
5.869970474243164062e+02
5.870170280933380127e+02
5.870371668338775635e+02
5.870570714473724365e+02
5.870829045772552490e+02
5.871028535366058350e+02
5.871235823631286621e+02
5.871428847312927246e+02
5.871629683971405029e+02
5.871828734874725342e+02
5.872034783363342285e+02
5.872223136425018311e+02
5.872426700592041016e+02
5.872641777992248535e+02
5.872829639911651611e+02
5.873027460575103760e+02
5.873223319053649902e+02
5.873431420326232910e+02
5.873628294467926025e+02
5.873829636573791504e+02
5.874025084972381592e+02
5.874223179817199707e+02
5.874451198577880859e+02
5.874626576900482178e+02
5.874833691120147705e+02
5.875024747848510742e+02
5.875229191780090332e+02
5.875431346893310547e+02
5.875629599094390869e+02
5.875829889774322510e+02
5.876028606891632080e+02
5.876230037212371826e+02
5.876431045532226562e+02
5.876630387306213379e+02
5.876830739974975586e+02
5.877093167304992676e+02
5.877292859554290771e+02
5.877549510002136230e+02
5.877745027542114258e+02
5.877951216697692871e+02
5.878150215148925781e+02
5.878353524208068848e+02
5.878551652431488037e+02
5.878748707771301270e+02
5.878953814506530762e+02
5.879148359298706055e+02
5.879348652362823486e+02
5.879546642303466797e+02
5.879749879837036133e+02
5.879947185516357422e+02
5.880146565437316895e+02
5.880348582267761230e+02
5.880545246601104736e+02
5.880748193264007568e+02
5.880946698188781738e+02
5.881151342391967773e+02
5.881392486095428467e+02
5.881593158245086670e+02
5.881793246269226074e+02
5.881994001865386963e+02
5.882196874618530273e+02
5.882392334938049316e+02
5.882599093914031982e+02
5.882800550460815430e+02
5.882991690635681152e+02
5.883193588256835938e+02
5.883394987583160400e+02
5.883594236373901367e+02
5.883797624111175537e+02
5.883999962806701660e+02
5.884194910526275635e+02
5.884397141933441162e+02
5.884601552486419678e+02
5.884793975353240967e+02
5.884992761611938477e+02
5.885194108486175537e+02
5.885392882823944092e+02
5.885593557357788086e+02
5.885794043540954590e+02
5.885994310379028320e+02
5.886193296909332275e+02
5.886394236087799072e+02
5.886594452857971191e+02
5.886791868209838867e+02
5.886994259357452393e+02
5.887194817066192627e+02
5.887393877506256104e+02
5.887594680786132812e+02
5.887794251441955566e+02
5.887996459007263184e+02
5.888194546699523926e+02
5.888395659923553467e+02
5.888593428134918213e+02
5.888796615600585938e+02
5.888990230560302734e+02
5.889190142154693604e+02
5.889390695095062256e+02
5.889591040611267090e+02
5.889790418148040771e+02
5.889994063377380371e+02
5.890194628238677979e+02
5.890395276546478271e+02
5.890589752197265625e+02
5.890790076255798340e+02
5.890989763736724854e+02
5.891194133758544922e+02
5.891395425796508789e+02
5.891599023342132568e+02
5.891797361373901367e+02
5.891999030113220215e+02
5.892196075916290283e+02
5.892395522594451904e+02
5.892600204944610596e+02
5.892797462940216064e+02
5.892997860908508301e+02
5.893197219371795654e+02
5.893398535251617432e+02
5.893598160743713379e+02
5.893790264129638672e+02
5.894000849723815918e+02
5.894190208911895752e+02
5.894390425682067871e+02
5.894590086936950684e+02
5.894793112277984619e+02
5.894997031688690186e+02
5.895200057029724121e+02
5.895394501686096191e+02
5.895593805313110352e+02
5.895795378684997559e+02
5.895995442867279053e+02
5.896193699836730957e+02
5.896394343376159668e+02
5.896595652103424072e+02
5.896787505149841309e+02
5.896994478702545166e+02
5.897189867496490479e+02
5.897388427257537842e+02
5.897595350742340088e+02
5.897787313461303711e+02
5.897993879318237305e+02
5.898195495605468750e+02
5.898405432701110840e+02
5.898587441444396973e+02
5.898840186595916748e+02
5.899041645526885986e+02
5.899239833354949951e+02
5.899440567493438721e+02
5.899645102024078369e+02
5.899839954376220703e+02
5.900043947696685791e+02
5.900248303413391113e+02
5.900439989566802979e+02
5.900640678405761719e+02
5.900839438438415527e+02
5.901040658950805664e+02
5.901246242523193359e+02
5.901446425914764404e+02
5.901646320819854736e+02
5.901845533847808838e+02
5.902045335769653320e+02
5.902239942550659180e+02
5.902446753978729248e+02
5.902639777660369873e+02
5.902839629650115967e+02
5.903047049045562744e+02
5.903246223926544189e+02
5.903450107574462891e+02
5.903648731708526611e+02
5.903849387168884277e+02
5.904050312042236328e+02
5.904250698089599609e+02
5.904449448585510254e+02
5.904650857448577881e+02
5.904844927787780762e+02
5.905046639442443848e+02
5.905246951580047607e+02
5.905447819232940674e+02
5.905648853778839111e+02
5.905839266777038574e+02
5.906050071716308594e+02
5.906250383853912354e+02
5.906450064182281494e+02
5.906649801731109619e+02
5.906846203804016113e+02
5.907045755386352539e+02
5.907244446277618408e+02
5.907447116374969482e+02
5.907650046348571777e+02
5.907848715782165527e+02
5.908044900894165039e+02
5.908251247406005859e+02
5.908450100421905518e+02
5.908650784492492676e+02
5.908851604461669922e+02
5.909049935340881348e+02
5.909252521991729736e+02
5.909452047348022461e+02
5.909649562835693359e+02
5.909846410751342773e+02
5.910044887065887451e+02
5.910245237350463867e+02
5.910444834232330322e+02
5.910645148754119873e+02
5.910847089290618896e+02
5.911047205924987793e+02
5.911245944499969482e+02
5.911441650390625000e+02
5.911648375988006592e+02
5.911851215362548828e+02
5.912050254344940186e+02
5.912307705879211426e+02
5.912507565021514893e+02
5.912706844806671143e+02
5.912909243106842041e+02
5.913104777336120605e+02
5.913308629989624023e+02
5.913506424427032471e+02
5.913705167770385742e+02
5.913907699584960938e+02
5.914105319976806641e+02
5.914307537078857422e+02
5.914506852626800537e+02
5.914706802368164062e+02
5.914907863140106201e+02
5.915105905532836914e+02
5.915297107696533203e+02
5.915502028465270996e+02
5.915702314376831055e+02
5.915903573036193848e+02
5.916105914115905762e+02
5.916306235790252686e+02
5.916506249904632568e+02
5.916707148551940918e+02
5.916907868385314941e+02
5.917106101512908936e+02
5.917304198741912842e+02
5.917504730224609375e+02
5.917706308364868164e+02
5.917908220291137695e+02
5.918106205463409424e+02
5.918371663093566895e+02
5.918582499027252197e+02
5.918774595260620117e+02
5.918978404998779297e+02
5.919176371097564697e+02
5.919376180171966553e+02
5.919576592445373535e+02
5.919772419929504395e+02
5.919980211257934570e+02
5.920175349712371826e+02
5.920365846157073975e+02
5.920581283569335938e+02
5.920774219036102295e+02
5.920972676277160645e+02
5.921172103881835938e+02
5.921376390457153320e+02
5.921578137874603271e+02
5.921771562099456787e+02
5.921971461772918701e+02
5.922171936035156250e+02
5.922372655868530273e+02
5.922572553157806396e+02
5.922771029472351074e+02
5.922969820499420166e+02
5.923173825740814209e+02
5.923375978469848633e+02
5.923572101593017578e+02
5.923767607212066650e+02
5.923969526290893555e+02
5.924172103404998779e+02
5.924374871253967285e+02
5.924581909179687500e+02
5.924767427444458008e+02
5.924982957839965820e+02
5.925170657634735107e+02
5.925384526252746582e+02
5.925568993091583252e+02
5.925772128105163574e+02
5.925970430374145508e+02
5.926171312332153320e+02
5.926371567249298096e+02
5.926570985317230225e+02
5.926768376827239990e+02
5.926971318721771240e+02
5.927174117565155029e+02
5.927369110584259033e+02
5.927570188045501709e+02
5.927772295475006104e+02
5.927972741127014160e+02
5.928172421455383301e+02
5.928368954658508301e+02
5.928570337295532227e+02
5.928777153491973877e+02
5.928977017402648926e+02
5.929177134037017822e+02
5.929371187686920166e+02
5.929578435420989990e+02
5.929776883125305176e+02
5.929970538616180420e+02
5.930169706344604492e+02
5.930374672412872314e+02
5.930574803352355957e+02
5.930772762298583984e+02
5.930971758365631104e+02
5.931172912120819092e+02
5.931373436450958252e+02
5.931638989448547363e+02
5.931832671165466309e+02
5.932034015655517578e+02
5.932232820987701416e+02
5.932436778545379639e+02
5.932632386684417725e+02
5.932832655906677246e+02
5.933034310340881348e+02
5.933227958679199219e+02
5.933434398174285889e+02
5.933638193607330322e+02
5.933830935955047607e+02
5.934035425186157227e+02
5.934239609241485596e+02
5.934433166980743408e+02
5.934643170833587646e+02
5.934832117557525635e+02
5.935034646987915039e+02
5.935232489109039307e+02
5.935439500808715820e+02
5.935629768371582031e+02
5.935835692882537842e+02
5.936036269664764404e+02
5.936236975193023682e+02
5.936432070732116699e+02
5.936635901927947998e+02
5.936832633018493652e+02
5.937041265964508057e+02
5.937235939502716064e+02
5.937431559562683105e+02
5.937638440132141113e+02
5.937829992771148682e+02
5.938038647174835205e+02
5.938236227035522461e+02
5.938437080383300781e+02
5.938647606372833252e+02
5.938835530281066895e+02
5.939033954143524170e+02
5.939232456684112549e+02
5.939431354999542236e+02
5.939635300636291504e+02
5.939835145473480225e+02
5.940033779144287109e+02
5.940233163833618164e+02
5.940437035560607910e+02
5.940634253025054932e+02
5.940833587646484375e+02
5.941033291816711426e+02
5.941233210563659668e+02
5.941499106884002686e+02
5.941700806617736816e+02
5.941898558139801025e+02
5.942100536823272705e+02
5.942297935485839844e+02
5.942495992183685303e+02
5.942701175212860107e+02
5.942898273468017578e+02
5.943101899623870850e+02
5.943298163414001465e+02
5.943493423461914062e+02
5.943701007366180420e+02
5.943902323246002197e+02
5.944097619056701660e+02
5.944297013282775879e+02
5.944499423503875732e+02
5.944706945419311523e+02
5.944899694919586182e+02
5.945098345279693604e+02
5.945300829410552979e+02
5.945497417449951172e+02
5.945699536800384521e+02
5.945897569656372070e+02
5.946098282337188721e+02
5.946298696994781494e+02
5.946498987674713135e+02
5.946699769496917725e+02
5.946898317337036133e+02
5.947100324630737305e+02
5.947298600673675537e+02
5.947494025230407715e+02
5.947694339752197266e+02
5.947895286083221436e+02
5.948096473217010498e+02
5.948300929069519043e+02
5.948499395847320557e+02
5.948697695732116699e+02
5.948899469375610352e+02
5.949100959300994873e+02
5.949300398826599121e+02
5.949501402378082275e+02
5.949698202610015869e+02
5.949902262687683105e+02
5.950097262859344482e+02
5.950349738597869873e+02
5.950553138256072998e+02
5.950755784511566162e+02
5.950954425334930420e+02
5.951154067516326904e+02
5.951355979442596436e+02
5.951551961898803711e+02
5.951752581596374512e+02
5.951957149505615234e+02
5.952155094146728516e+02
5.952357988357543945e+02
5.952558646202087402e+02
5.952752511501312256e+02
5.952952632904052734e+02
5.953157119750976562e+02
5.953355691432952881e+02
5.953604414463043213e+02
5.953807573318481445e+02
5.954006524085998535e+02
5.954209971427917480e+02
5.954406857490539551e+02
5.954606504440307617e+02
5.954807126522064209e+02
5.955008087158203125e+02
5.955201721191406250e+02
5.955406093597412109e+02
5.955606050491333008e+02
5.955806646347045898e+02
5.956005847454071045e+02
5.956204707622528076e+02
5.956404314041137695e+02
5.956609799861907959e+02
5.956806511878967285e+02
5.957010033130645752e+02
5.957199871540069580e+02
5.957400407791137695e+02
5.957605574131011963e+02
5.957808065414428711e+02
5.958008544445037842e+02
5.958206031322479248e+02
5.958406505584716797e+02
5.958607125282287598e+02
5.958807268142700195e+02
5.959007191658020020e+02
5.959207351207733154e+02
5.959405436515808105e+02
5.959605286121368408e+02
5.959805660247802734e+02
5.960001299381256104e+02
5.960199489593505859e+02
5.960399782657623291e+02
5.960600328445434570e+02
5.960807874202728271e+02
5.961005973815917969e+02
5.961199738979339600e+02
5.961406097412109375e+02
5.961604900360107422e+02
5.961801688671112061e+02
5.962005009651184082e+02
5.962356150150299072e+02
5.962546048164367676e+02
5.962747194766998291e+02
5.962948639392852783e+02
5.963147823810577393e+02
5.963349134922027588e+02
5.963547184467315674e+02
5.963746843338012695e+02
5.963949050903320312e+02
5.964153666496276855e+02
5.964349188804626465e+02
5.964547126293182373e+02
5.964747078418731689e+02
5.964948849678039551e+02
5.965153110027313232e+02
5.965351548194885254e+02
5.965546801090240479e+02
5.965749568939208984e+02
5.965940892696380615e+02
5.966146605014801025e+02
5.966341905593872070e+02
5.966545264720916748e+02
5.966746761798858643e+02
5.966946530342102051e+02
5.967140645980834961e+02
5.967341606616973877e+02
5.967540512084960938e+02
5.967748568058013916e+02
5.967940659523010254e+02
5.968141560554504395e+02
5.968340392112731934e+02
5.968542096614837646e+02
5.968741500377655029e+02
5.968947966098785400e+02
5.969147083759307861e+02
5.969342656135559082e+02
5.969541342258453369e+02
5.969750823974609375e+02
5.969940512180328369e+02
5.970143241882324219e+02
5.970341546535491943e+02
5.970544607639312744e+02
5.970747494697570801e+02
5.970947153568267822e+02
5.971146540641784668e+02
5.971343088150024414e+02
5.971548123359680176e+02
5.971750476360321045e+02
5.971947374343872070e+02
5.972147471904754639e+02
5.972343866825103760e+02
5.972545826435089111e+02
5.972757375240325928e+02
5.972946693897247314e+02
5.973147079944610596e+02
5.973347175121307373e+02
5.973552300930023193e+02
5.973743534088134766e+02
5.973955245018005371e+02
5.974146144390106201e+02
5.974349768161773682e+02
5.974543600082397461e+02
5.974757544994354248e+02
5.974943361282348633e+02
5.975154697895050049e+02
5.975343410968780518e+02
5.975554387569427490e+02
5.975746099948883057e+02
5.975947480201721191e+02
5.976147174835205078e+02
5.976352319717407227e+02
5.976552228927612305e+02
5.976746656894683838e+02
5.976951670646667480e+02
5.977148416042327881e+02
5.977358500957489014e+02
5.977543053627014160e+02
5.977756073474884033e+02
5.977943079471588135e+02
5.978152227401733398e+02
5.978346183300018311e+02
5.978543484210968018e+02
5.978749229907989502e+02
5.978943181037902832e+02
5.979154765605926514e+02
5.979351561069488525e+02
5.979546747207641602e+02
5.979748508930206299e+02
5.979948570728302002e+02
5.980148534774780273e+02
5.980347459316253662e+02
5.980548532009124756e+02
5.980746908187866211e+02
5.980947129726409912e+02
5.981145687103271484e+02
5.981351797580718994e+02
5.981551301479339600e+02
5.981751565933227539e+02
5.981952295303344727e+02
5.982152013778686523e+02
5.982346968650817871e+02
5.982552335262298584e+02
5.982750928401947021e+02
5.982948541641235352e+02
5.983152892589569092e+02
5.983346798419952393e+02
5.983552532196044922e+02
5.983750107288360596e+02
5.983950681686401367e+02
5.984151570796966553e+02
5.984353492259979248e+02
5.984552204608917236e+02
5.984749081134796143e+02
5.984948596954345703e+02
5.985151579380035400e+02
5.985351190567016602e+02
5.985543315410614014e+02
5.985747380256652832e+02
5.985949695110321045e+02
5.986150887012481689e+02
5.986353430747985840e+02
5.986552972793579102e+02
5.986750726699829102e+02
5.986951606273651123e+02
5.987148997783660889e+02
5.987345066070556641e+02
5.987543263435363770e+02
5.987747559547424316e+02
5.987943530082702637e+02
5.988147165775299072e+02
5.988348495960235596e+02
5.988542768955230713e+02
5.988747546672821045e+02
5.988948299884796143e+02
5.989153945446014404e+02
5.989348180294036865e+02
5.989543001651763916e+02
5.989747622013092041e+02
5.989943587779998779e+02
5.990143241882324219e+02
5.990345129966735840e+02
5.990552015304565430e+02
5.990743343830108643e+02
5.990952599048614502e+02
5.991143364906311035e+02
5.991353874206542969e+02
5.991543338298797607e+02
5.991749343872070312e+02
5.991946907043457031e+02
5.992146890163421631e+02
5.992349894046783447e+02
5.992543344497680664e+02
5.992754418849945068e+02
5.992943339347839355e+02
5.993152871131896973e+02
5.993343169689178467e+02
5.993553493022918701e+02
5.993743064403533936e+02
5.993949706554412842e+02
5.994143223762512207e+02
5.994348251819610596e+02
5.994546961784362793e+02
5.994745709896087646e+02
5.994951682090759277e+02
5.995148389339447021e+02
5.995354113578796387e+02
5.995553014278411865e+02
5.995743825435638428e+02
5.995947027206420898e+02
5.996148238182067871e+02
5.996343405246734619e+02
5.996550288200378418e+02
5.996746728420257568e+02
5.996944015026092529e+02
5.997148170471191406e+02
5.997343516349792480e+02
5.997555227279663086e+02
5.997743368148803711e+02
5.997952179908752441e+02
5.998149535655975342e+02
5.998347568511962891e+02
5.998548617362976074e+02
5.998742179870605469e+02
5.998948578834533691e+02
5.999141197204589844e+02
5.999349918365478516e+02
5.999548022747039795e+02
5.999751503467559814e+02
5.999943609237670898e+02
6.000152750015258789e+02
6.000343394279479980e+02
6.000552644729614258e+02
6.000742933750152588e+02
6.000949804782867432e+02
6.001148703098297119e+02
6.001344494819641113e+02
6.001555130481719971e+02
6.001740539073944092e+02
6.001940472126007080e+02
6.002151691913604736e+02
6.002342553138732910e+02
6.002547008991241455e+02
6.002741897106170654e+02
6.002941927909851074e+02
6.003143470287322998e+02
6.003346710205078125e+02
6.003548057079315186e+02
6.003747398853302002e+02
6.003946745395660400e+02
6.004149043560028076e+02
6.004342484474182129e+02
6.004541454315185547e+02
6.004752752780914307e+02
6.004940655231475830e+02
6.005146844387054443e+02
6.005347983837127686e+02
6.005550751686096191e+02
6.005750789642333984e+02
6.005946981906890869e+02
6.006146872043609619e+02
6.006346468925476074e+02
6.006546654701232910e+02
6.006746952533721924e+02
6.006946852207183838e+02
6.007146558761596680e+02
6.007346885204315186e+02
6.007546482086181641e+02
6.007747621536254883e+02
6.007943348884582520e+02
6.008143784999847412e+02
6.008343422412872314e+02
6.008547427654266357e+02
6.008743824958801270e+02
6.008943481445312500e+02
6.009147202968597412e+02
6.009344115257263184e+02
6.009547164440155029e+02
6.009746928215026855e+02
6.009943678379058838e+02
6.010148401260375977e+02
6.010348391532897949e+02
6.010547070503234863e+02
6.010743544101715088e+02
6.010946967601776123e+02
6.011143319606781006e+02
6.011346902847290039e+02
6.011543424129486084e+02
6.011743683815002441e+02
6.011943459510803223e+02
6.012151143550872803e+02
6.012346842288970947e+02
6.012547652721405029e+02
6.012747719287872314e+02
6.012948017120361328e+02
6.013153440952301025e+02
6.013350176811218262e+02
6.013547763824462891e+02
6.013747005462646484e+02
6.013952612876892090e+02
6.014148628711700439e+02
6.014347126483917236e+02
6.014547724723815918e+02
6.014747178554534912e+02
6.014946990013122559e+02
6.015143139362335205e+02
6.015342977046966553e+02
6.015543658733367920e+02
6.015747182369232178e+02
6.015943472385406494e+02
6.016153211593627930e+02
6.016350228786468506e+02
6.016553566455841064e+02
6.016748147010803223e+02
6.016949636936187744e+02
6.017145810127258301e+02
6.017343149185180664e+02
6.017548179626464844e+02
6.017748343944549561e+02
6.017947409152984619e+02
6.018141548633575439e+02
6.018348615169525146e+02
6.018547549247741699e+02
6.018747973442077637e+02
6.018948500156402588e+02
6.019150984287261963e+02
6.019407742023468018e+02
6.019627757072448730e+02
6.019812247753143311e+02
6.020014457702636719e+02
6.020210523605346680e+02
6.020407638549804688e+02
6.020607821941375732e+02
6.020812988281250000e+02
6.021008508205413818e+02
6.021210696697235107e+02
6.021410863399505615e+02
6.021612286567687988e+02
6.021810245513916016e+02
6.022011370658874512e+02
6.022212276458740234e+02
6.022407026290893555e+02
6.022614579200744629e+02
6.022814552783966064e+02
6.023013453483581543e+02
6.023212230205535889e+02
6.023414340019226074e+02
6.023614006042480469e+02
6.023810997009277344e+02
6.024013037681579590e+02
6.024215309619903564e+02
6.024409828186035156e+02
6.024612865447998047e+02
6.024812171459197998e+02
6.025012869834899902e+02
6.025210301876068115e+02
6.025411360263824463e+02
6.025612518787384033e+02
6.025812573432922363e+02
6.026014800071716309e+02
6.026211688518524170e+02
6.026412429809570312e+02
6.026610217094421387e+02
6.026813442707061768e+02
6.027012681961059570e+02
6.027213301658630371e+02
6.027416713237762451e+02
6.027607085704803467e+02
6.027816197872161865e+02
6.028011248111724854e+02
6.028207666873931885e+02
6.028418440818786621e+02
6.028611056804656982e+02
6.028811407089233398e+02
6.029012322425842285e+02
6.029210498332977295e+02
6.029410724639892578e+02
6.029611170291900635e+02
6.029810421466827393e+02
6.030010738372802734e+02
6.030210361480712891e+02
6.030410547256469727e+02
6.030610375404357910e+02
6.030810389518737793e+02
6.031010489463806152e+02
6.031210567951202393e+02
6.031410284042358398e+02
6.031607465744018555e+02
6.031821558475494385e+02
6.032007234096527100e+02
6.032220788002014160e+02
6.032409446239471436e+02
6.032612223625183105e+02
6.032812631130218506e+02
6.033009798526763916e+02
6.033211865425109863e+02
6.033412487506866455e+02
6.033613424301147461e+02
6.033808023929595947e+02
6.034020969867706299e+02
6.034207556247711182e+02
6.034413108825683594e+02
6.034607417583465576e+02
6.034817652702331543e+02
6.035010221004486084e+02
6.035216860771179199e+02
6.035410087108612061e+02
6.035607554912567139e+02
6.035815608501434326e+02
6.036007437705993652e+02
6.036215341091156006e+02
6.036407530307769775e+02
6.036604835987091064e+02
6.036822221279144287e+02
6.037007834911346436e+02
6.037214288711547852e+02
6.037415728569030762e+02
6.037606792449951172e+02
6.037815663814544678e+02
6.038012709617614746e+02
6.038211257457733154e+02
6.038408203125000000e+02
6.038607549667358398e+02
6.038810265064239502e+02
6.039011664390563965e+02
6.039210774898529053e+02
6.039420168399810791e+02
6.039606671333312988e+02
6.039813215732574463e+02
6.040013804435729980e+02
6.040208671092987061e+02
6.040409102439880371e+02
6.040610625743865967e+02
6.040814781188964844e+02
6.041011292934417725e+02
6.041211709976196289e+02
6.041410498619079590e+02
6.041613211631774902e+02
6.041810405254364014e+02
6.042015867233276367e+02
6.042207932472229004e+02
6.042419118881225586e+02
6.042606854438781738e+02
6.042815027236938477e+02
6.043012373447418213e+02
6.043212902545928955e+02
6.043411819934844971e+02
6.043610904216766357e+02
6.043919627666473389e+02
6.044119911193847656e+02
6.044319193363189697e+02
6.044520590305328369e+02
6.044720380306243896e+02
6.044920701980590820e+02
6.045141899585723877e+02
6.045315115451812744e+02
6.045520038604736328e+02
6.045715134143829346e+02
6.045923631191253662e+02
6.046114957332611084e+02
6.046320474147796631e+02
6.046522064208984375e+02
6.046716356277465820e+02
6.046918063163757324e+02
6.047117846012115479e+02
6.047320835590362549e+02
6.047520828247070312e+02
6.047719738483428955e+02
6.047917764186859131e+02
6.048132817745208740e+02
6.048315501213073730e+02
6.048529360294342041e+02
6.048715195655822754e+02
6.048921999931335449e+02
6.049120328426361084e+02
6.049319005012512207e+02
6.049520084857940674e+02
6.049718327522277832e+02
6.049919371604919434e+02
6.050129578113555908e+02
6.050312514305114746e+02
6.050528898239135742e+02
6.050717856884002686e+02
6.050919444561004639e+02
6.051118998527526855e+02
6.051318423748016357e+02
6.051518306732177734e+02
6.051720271110534668e+02
6.051918873786926270e+02
6.052113230228424072e+02
6.052315611839294434e+02
6.052519371509552002e+02
6.052713801860809326e+02
6.052920162677764893e+02
6.053116986751556396e+02
6.053318853378295898e+02
6.053518838882446289e+02
6.053718888759613037e+02
6.053915243148803711e+02
6.054122285842895508e+02
6.054315173625946045e+02
6.054527134895324707e+02
6.054714899063110352e+02
6.054924099445343018e+02
6.055115077495574951e+02
6.055325119495391846e+02
6.055515897274017334e+02
6.055715539455413818e+02
6.055918200016021729e+02
6.056120531558990479e+02
6.056324160099029541e+02
6.056515610218048096e+02
6.056719262599945068e+02
6.056921770572662354e+02
6.057118926048278809e+02
6.057318897247314453e+02
6.057516658306121826e+02
6.057723846435546875e+02
6.057913777828216553e+02
6.058234088420867920e+02
6.058420326709747314e+02
6.058620166778564453e+02
6.058820641040802002e+02
6.059020040035247803e+02
6.059220390319824219e+02
6.059427368640899658e+02
6.059625663757324219e+02
6.059824383258819580e+02
6.060025048255920410e+02
6.060220844745635986e+02
6.060425264835357666e+02
6.060627326965332031e+02
6.060825521945953369e+02
6.061024949550628662e+02
6.061225004196166992e+02
6.061425664424896240e+02
6.061625776290893555e+02
6.061829624176025391e+02
6.062028143405914307e+02
6.062225370407104492e+02
6.062424395084381104e+02
6.062627730369567871e+02
6.062824261188507080e+02
6.063026208877563477e+02
6.063225262165069580e+02
6.063425021171569824e+02
6.063624320030212402e+02
6.063822507858276367e+02
6.064034969806671143e+02
6.064226045608520508e+02
6.064425606727600098e+02
6.064625267982482910e+02
6.064825124740600586e+02
6.065026159286499023e+02
6.065225787162780762e+02
6.065424077510833740e+02
6.065632262229919434e+02
6.065826671123504639e+02
6.066026029586791992e+02
6.066227269172668457e+02
6.066427423954010010e+02
6.066625213623046875e+02
6.066828186511993408e+02
6.067026154994964600e+02
6.067225224971771240e+02
6.067431814670562744e+02
6.067623722553253174e+02
6.067829160690307617e+02
6.068029520511627197e+02
6.068228843212127686e+02
6.068425784111022949e+02
6.068624725341796875e+02
6.068821554183959961e+02
6.069027221202850342e+02
6.069225096702575684e+02
6.069424443244934082e+02
6.069634003639221191e+02
6.069821693897247314e+02
6.070030202865600586e+02
6.070221774578094482e+02
6.070419275760650635e+02
6.070621747970581055e+02
6.070825407505035400e+02
6.071039597988128662e+02
6.071227190494537354e+02
6.071462328433990479e+02
6.071622478961944580e+02
6.071824872493743896e+02
6.072026298046112061e+02
6.072223155498504639e+02
6.072424209117889404e+02
6.072626194953918457e+02
6.072823390960693359e+02
6.073019537925720215e+02
6.073224606513977051e+02
6.073419623374938965e+02
6.073636398315429688e+02
6.073818795680999756e+02
6.074057722091674805e+02
6.074220926761627197e+02
6.074437530040740967e+02
6.074625036716461182e+02
6.074836132526397705e+02
6.075029056072235107e+02
6.075225536823272705e+02
6.075423793792724609e+02
6.075628857612609863e+02
6.075824441909790039e+02
6.076023964881896973e+02
6.076230673789978027e+02
6.076418309211730957e+02
6.076622061729431152e+02
6.076822659969329834e+02
6.077025418281555176e+02
6.077229349613189697e+02
6.077421929836273193e+02
6.077633228302001953e+02
6.077828793525695801e+02
6.078024840354919434e+02
6.078231668472290039e+02
6.078421976566314697e+02
6.078630151748657227e+02
6.078826193809509277e+02
6.079032709598541260e+02
6.079225647449493408e+02
6.079428107738494873e+02
6.079624395370483398e+02
6.079825034141540527e+02
6.080032613277435303e+02
6.080225539207458496e+02
6.080426433086395264e+02
6.080626983642578125e+02
6.080825192928314209e+02
6.081028003692626953e+02
6.081224977970123291e+02
6.081425657272338867e+02
6.081633315086364746e+02
6.081825878620147705e+02
6.082024221420288086e+02
6.082225568294525146e+02
6.082425668239593506e+02
6.082627542018890381e+02
6.082824668884277344e+02
6.083025584220886230e+02
6.083225255012512207e+02
6.083424735069274902e+02
6.083625354766845703e+02
6.083836350440979004e+02
6.084026918411254883e+02
6.084224593639373779e+02
6.084422645568847656e+02
6.084631564617156982e+02
6.084822039604187012e+02
6.085033638477325439e+02
6.085221617221832275e+02
6.085425245761871338e+02
6.085624158382415771e+02
6.085825948715209961e+02
6.086029357910156250e+02
6.086220269203186035e+02
6.086429078578948975e+02
6.086624975204467773e+02
6.086832518577575684e+02
6.087025444507598877e+02
6.087226371765136719e+02
6.087455165386199951e+02
6.087626059055328369e+02
6.087825245857238770e+02
6.088024389743804932e+02
6.088235256671905518e+02
6.088426396846771240e+02
6.088625655174255371e+02
6.088826031684875488e+02
6.089025361537933350e+02
6.089225513935089111e+02
6.089424047470092773e+02
6.089626262187957764e+02
6.089824919700622559e+02
6.090025000572204590e+02
6.090224957466125488e+02
6.090431139469146729e+02
6.090624394416809082e+02
6.090820922851562500e+02
6.091028325557708740e+02
6.091219904422760010e+02
6.091419978141784668e+02
6.091629388332366943e+02
6.091824343204498291e+02
6.092023963928222656e+02
6.092223963737487793e+02
6.092419641017913818e+02
6.092629578113555908e+02
6.092818109989166260e+02
6.093019874095916748e+02
6.093218383789062500e+02
6.093425049781799316e+02
6.093627426624298096e+02
6.093825488090515137e+02
6.094027578830718994e+02
6.094225490093231201e+02
6.094425368309020996e+02
6.094624216556549072e+02
6.094825639724731445e+02
6.095024807453155518e+02
6.095226635932922363e+02
6.095430896282196045e+02
6.095621845722198486e+02
6.095823094844818115e+02
6.096021325588226318e+02
6.096225416660308838e+02
6.096425011157989502e+02
6.096627485752105713e+02
6.096824746131896973e+02
6.097024984359741211e+02
6.097225475311279297e+02
6.097424585819244385e+02
6.097623000144958496e+02
6.097824892997741699e+02
6.098030536174774170e+02
6.098227648735046387e+02
6.098422188758850098e+02
6.098625082969665527e+02
6.098822877407073975e+02
6.099021112918853760e+02
6.099224202632904053e+02
6.099434621334075928e+02
6.099623246192932129e+02
6.099824738502502441e+02
6.100031616687774658e+02
6.100224485397338867e+02
6.100431609153747559e+02
6.100621840953826904e+02
6.100824775695800781e+02
6.101021549701690674e+02
6.101222512722015381e+02
6.101427941322326660e+02
6.101625819206237793e+02
6.101825821399688721e+02
6.102034311294555664e+02
6.102223296165466309e+02
6.102421772480010986e+02
6.102673027515411377e+02
6.102874066829681396e+02
6.103074095249176025e+02
6.103273515701293945e+02
6.103479149341583252e+02
6.103678765296936035e+02
6.103876838684082031e+02
6.104085261821746826e+02
6.104274027347564697e+02
6.104476511478424072e+02
6.104682579040527344e+02
6.104871256351470947e+02
6.105072300434112549e+02
6.105275950431823730e+02
6.105475673675537109e+02
6.105675997734069824e+02
6.105875651836395264e+02
6.106076509952545166e+02
6.106291129589080811e+02
6.106475195884704590e+02
6.106674373149871826e+02
6.106900539398193359e+02
6.107070116996765137e+02
6.107284746170043945e+02
6.107478475570678711e+02
6.107674908638000488e+02
6.107891328334808350e+02
6.108073723316192627e+02
6.108275747299194336e+02
6.108471131324768066e+02
6.108671236038208008e+02
6.108879404067993164e+02
6.109071593284606934e+02
6.109276282787322998e+02
6.109472973346710205e+02
6.109676535129547119e+02
6.109876730442047119e+02
6.110075380802154541e+02
6.110276670455932617e+02
6.110476281642913818e+02
6.110678555965423584e+02
6.110878982543945312e+02
6.111077809333801270e+02
6.111278994083404541e+02
6.111475956439971924e+02
6.111676957607269287e+02
6.111875858306884766e+02
6.112076449394226074e+02
6.112274794578552246e+02
6.112476263046264648e+02
6.112675483226776123e+02
6.112875354290008545e+02
6.113076119422912598e+02
6.113276331424713135e+02
6.113475866317749023e+02
6.113675386905670166e+02
6.113880972862243652e+02
6.114076383113861084e+02
6.114270956516265869e+02
6.114476711750030518e+02
6.114677519798278809e+02
6.114881825447082520e+02
6.115076870918273926e+02
6.115280389785766602e+02
6.115476944446563721e+02
6.115679388046264648e+02
6.115876145362854004e+02
6.116081135272979736e+02
6.116275064945220947e+02
6.116479101181030273e+02
6.116676657199859619e+02
6.116876969337463379e+02
6.117076785564422607e+02
6.117275910377502441e+02
6.117475118637084961e+02
6.117678570747375488e+02
6.117880699634552002e+02
6.118075084686279297e+02
6.118275432586669922e+02
6.118476715087890625e+02
6.118675880432128906e+02
6.118890714645385742e+02
6.119071140289306641e+02
6.119283509254455566e+02
6.119472918510437012e+02
6.119675784111022949e+02
6.119876465797424316e+02
6.120075933933258057e+02
6.120273749828338623e+02
6.120473425388336182e+02
6.120681047439575195e+02
6.120872821807861328e+02
6.121078822612762451e+02
6.121276988983154297e+02
6.121475155353546143e+02
6.121677370071411133e+02
6.121873633861541748e+02
6.122075448036193848e+02
6.122276172637939453e+02
6.122476377487182617e+02
6.122679815292358398e+02
6.122872750759124756e+02
6.123077707290649414e+02
6.123275902271270752e+02
6.123475725650787354e+02
6.123676359653472900e+02
6.123876206874847412e+02
6.124081597328186035e+02
6.124279208183288574e+02
6.124474422931671143e+02
6.124676136970520020e+02
6.124880080223083496e+02
6.125077559947967529e+02
6.125276420116424561e+02
6.125480573177337646e+02
6.125676727294921875e+02
6.125876536369323730e+02
6.126070466041564941e+02
6.126281626224517822e+02
6.126480960845947266e+02
6.126677432060241699e+02
6.126873385906219482e+02
6.127079474925994873e+02
6.127279033660888672e+02
6.127477619647979736e+02
6.127675986289978027e+02
6.127876081466674805e+02
6.128076257705688477e+02
6.128276603221893311e+02
6.128484680652618408e+02
6.128679850101470947e+02
6.128873920440673828e+02
6.129074912071228027e+02
6.129277489185333252e+02
6.129472768306732178e+02
6.129673836231231689e+02
6.129879887104034424e+02
6.130072767734527588e+02
6.130282077789306641e+02
6.130476086139678955e+02
6.130675764083862305e+02
6.130875771045684814e+02
6.131075479984283447e+02
6.131276612281799316e+02
6.131476614475250244e+02
6.131675865650177002e+02
6.131875982284545898e+02
6.132076778411865234e+02
6.132275710105895996e+02
6.132472853660583496e+02
6.132684946060180664e+02
6.132873089313507080e+02
6.133077943325042725e+02
6.133274559974670410e+02
6.133479433059692383e+02
6.133680996894836426e+02
6.133877310752868652e+02
6.134081876277923584e+02
6.134272997379302979e+02
6.134484901428222656e+02
6.134677486419677734e+02
6.134886608123779297e+02
6.135085995197296143e+02
6.135275461673736572e+02
6.135476350784301758e+02
6.135681457519531250e+02
6.135876622200012207e+02
6.136073045730590820e+02
6.136284329891204834e+02
6.136473116874694824e+02
6.136682329177856445e+02
6.136877176761627197e+02
6.137075779438018799e+02
6.137273035049438477e+02
6.137477338314056396e+02
6.137698750495910645e+02
6.137875897884368896e+02
6.138084185123443604e+02
6.138273274898529053e+02
6.138487057685852051e+02
6.138674011230468750e+02
6.138878200054168701e+02
6.139075093269348145e+02
6.139276995658874512e+02
6.139473121166229248e+02
6.139679794311523438e+02
6.139872620105743408e+02
6.140075435638427734e+02
6.140287115573883057e+02
6.140476679801940918e+02
6.140681848526000977e+02
6.140881626605987549e+02
6.141075582504272461e+02
6.141281094551086426e+02
6.141479220390319824e+02
6.141682872772216797e+02
6.141873950958251953e+02
6.142074534893035889e+02
6.142276637554168701e+02
6.142474830150604248e+02
6.142675771713256836e+02
6.142877035140991211e+02
6.143075368404388428e+02
6.143275811672210693e+02
6.143484699726104736e+02
6.143679454326629639e+02
6.143881103992462158e+02
6.144076435565948486e+02
6.144282345771789551e+02
6.144476721286773682e+02
6.144680452346801758e+02
6.144876859188079834e+02
6.145072684288024902e+02
6.145278785228729248e+02
6.145480401515960693e+02
6.145680186748504639e+02
6.145876803398132324e+02
6.146083502769470215e+02
6.146277575492858887e+02
6.146481235027313232e+02
6.146677498817443848e+02
6.146881785392761230e+02
6.147076468467712402e+02
6.147276084423065186e+02
6.147478888034820557e+02
6.147672381401062012e+02
6.147875766754150391e+02
6.148072543144226074e+02
6.148272600173950195e+02
6.148483574390411377e+02
6.148681294918060303e+02
6.148876655101776123e+02
6.149077885150909424e+02
6.149279978275299072e+02
6.149471173286437988e+02
6.149671020507812500e+02
6.149871242046356201e+02
6.150074620246887207e+02
6.150271787643432617e+02
6.150473885536193848e+02
6.150669941902160645e+02
6.150875768661499023e+02
6.151070413589477539e+02
6.151275665760040283e+02
6.151479630470275879e+02
6.151676237583160400e+02
6.151876142024993896e+02
6.152073874473571777e+02
6.152276527881622314e+02
6.152471117973327637e+02
6.152670898437500000e+02
6.152870602607727051e+02
6.153073821067810059e+02
6.153271245956420898e+02
6.153471541404724121e+02
6.153774802684783936e+02
6.153982567787170410e+02
6.154175429344177246e+02
6.154374854564666748e+02
6.154574635028839111e+02
6.154774558544158936e+02
6.154974484443664551e+02
6.155174787044525146e+02
6.155374557971954346e+02
6.155574800968170166e+02
6.155774707794189453e+02
6.155974745750427246e+02
6.156174874305725098e+02
6.156374661922454834e+02
6.156574971675872803e+02
6.156774811744689941e+02
6.156974682807922363e+02
6.157174921035766602e+02
6.157375078201293945e+02
6.157575042247772217e+02
6.157774779796600342e+02
6.157975919246673584e+02
6.158174729347229004e+02
6.158375053405761719e+02
6.158574879169464111e+02
6.158774762153625488e+02
6.158974952697753906e+02
6.159174652099609375e+02
6.159375014305114746e+02
6.159574389457702637e+02
6.159774785041809082e+02
6.159974675178527832e+02
6.160174567699432373e+02
6.160374679565429688e+02
6.160574927330017090e+02
6.160774948596954346e+02
6.160977859497070312e+02
6.161176209449768066e+02
6.161375021934509277e+02
6.161581401824951172e+02
6.161777195930480957e+02
6.161984972953796387e+02
6.162177014350891113e+02
6.162378497123718262e+02
6.162577028274536133e+02
6.162777707576751709e+02
6.162976794242858887e+02
6.163180019855499268e+02
6.163380818367004395e+02
6.163580710887908936e+02
6.163782351016998291e+02
6.163982250690460205e+02
6.164181146621704102e+02
6.164381182193756104e+02
6.164581601619720459e+02
6.164777369499206543e+02
6.164980869293212891e+02
6.165181314945220947e+02
6.165381498336791992e+02
6.165577445030212402e+02
6.165779540538787842e+02
6.165981965065002441e+02
6.166178812980651855e+02
6.166380465030670166e+02
6.166580605506896973e+02
6.166785874366760254e+02
6.166983332633972168e+02
6.167183010578155518e+02
6.167377040386199951e+02
6.167576768398284912e+02
6.167777178287506104e+02
6.167982027530670166e+02
6.168180005550384521e+02
6.168381905555725098e+02
6.168581988811492920e+02
6.168781733512878418e+02
6.168976757526397705e+02
6.169179804325103760e+02
6.169382085800170898e+02
6.169577770233154297e+02
6.169784178733825684e+02
6.169984014034271240e+02
6.170178554058074951e+02
6.170379152297973633e+02
6.170588459968566895e+02
6.170779933929443359e+02
6.170981984138488770e+02
6.171181006431579590e+02
6.171381134986877441e+02
6.171584806442260742e+02
6.171782889366149902e+02
6.171986942291259766e+02
6.172180650234222412e+02
6.172377068996429443e+02
6.172576737403869629e+02
6.172781763076782227e+02
6.172976825237274170e+02
6.173176627159118652e+02
6.173376913070678711e+02
6.173576786518096924e+02
6.173777084350585938e+02
6.173978734016418457e+02
6.174182000160217285e+02
6.174380705356597900e+02
6.174577915668487549e+02
6.174787189960479736e+02
6.174980607032775879e+02
6.175177490711212158e+02
6.175378296375274658e+02
6.175583777427673340e+02
6.175812580585479736e+02
6.175980792045593262e+02
6.176182360649108887e+02
6.176382143497467041e+02
6.176591644287109375e+02
6.176778504848480225e+02
6.176979327201843262e+02
6.177179598808288574e+02
6.177387475967407227e+02
6.177583997249603271e+02
6.177781667709350586e+02
6.177980811595916748e+02
6.178177111148834229e+02
6.178380329608917236e+02
6.178580529689788818e+02
6.178781769275665283e+02
6.178983855247497559e+02
6.179181914329528809e+02
6.179379794597625732e+02
6.179575786590576172e+02
6.179780521392822266e+02
6.179977169036865234e+02
6.180180838108062744e+02
6.180379955768585205e+02
6.180576875209808350e+02
6.180781774520874023e+02
6.180982956886291504e+02
6.181178300380706787e+02
6.181382575035095215e+02
6.181584589481353760e+02
6.181779539585113525e+02
6.181985168457031250e+02
6.182179498672485352e+02
6.182382206916809082e+02
6.182580626010894775e+02
6.182781133651733398e+02
6.182981657981872559e+02
6.183180787563323975e+02
6.183381385803222656e+02
6.183582034111022949e+02
6.183781552314758301e+02
6.183985855579376221e+02
6.184180483818054199e+02
6.184378545284271240e+02
6.184581458568572998e+02
6.184780945777893066e+02
6.184979505538940430e+02
6.185179173946380615e+02
6.185377166271209717e+02
6.185577285289764404e+02
6.185776898860931396e+02
6.185976796150207520e+02
6.186181793212890625e+02
6.186382133960723877e+02
6.186580502986907959e+02
6.186776885986328125e+02
6.186976795196533203e+02
6.187177963256835938e+02
6.187377295494079590e+02
6.187581348419189453e+02
6.187776808738708496e+02
6.187979779243469238e+02
6.188182659149169922e+02
6.188381233215332031e+02
6.188581452369689941e+02
6.188780627250671387e+02
6.188976795673370361e+02
6.189181494712829590e+02
6.189376566410064697e+02
6.189577844142913818e+02
6.189776406288146973e+02
6.189987175464630127e+02
6.190180802345275879e+02
6.190377969741821289e+02
6.190580472946166992e+02
6.190782675743103027e+02
6.190981159210205078e+02
6.191183004379272461e+02
6.191380429267883301e+02
6.191582217216491699e+02
6.191781163215637207e+02
6.191982095241546631e+02
6.192186884880065918e+02
6.192380833625793457e+02
6.192579362392425537e+02
6.192780497074127197e+02
6.192982559204101562e+02
6.193185775279998779e+02
6.193382701873779297e+02
6.193582329750061035e+02
6.193777601718902588e+02
6.193979303836822510e+02
6.194180724620819092e+02
6.194381806850433350e+02
6.194581196308135986e+02
6.194781653881072998e+02
6.194981534481048584e+02
6.195183303356170654e+02
6.195381405353546143e+02
6.195580155849456787e+02
6.195786094665527344e+02
6.195980069637298584e+02
6.196179981231689453e+02
6.196374707221984863e+02
6.196580080986022949e+02
6.196783339977264404e+02
6.196980507373809814e+02
6.197180776596069336e+02
6.197383384704589844e+02
6.197580838203430176e+02
6.197777078151702881e+02
6.197994475364685059e+02
6.198183646202087402e+02
6.198376648426055908e+02
6.198578596115112305e+02
6.198783001899719238e+02
6.198978857994079590e+02
6.199182026386260986e+02
6.199379456043243408e+02
6.199581964015960693e+02
6.199780893325805664e+02
6.199977259635925293e+02
6.200183713436126709e+02
6.200387582778930664e+02
6.200581851005554199e+02
6.200781209468841553e+02
6.200976533889770508e+02
6.201183578968048096e+02
6.201382064819335938e+02
6.201578054428100586e+02
6.201780064105987549e+02
6.201984524726867676e+02
6.202179598808288574e+02
6.202382009029388428e+02
6.202577729225158691e+02
6.202779338359832764e+02
6.202977359294891357e+02
6.203188095092773438e+02
6.203378639221191406e+02
6.203581960201263428e+02
6.203776955604553223e+02
6.203986833095550537e+02
6.204180989265441895e+02
6.204376809597015381e+02
6.204577012062072754e+02
6.204785752296447754e+02
6.204982359409332275e+02
6.205183246135711670e+02
6.205383713245391846e+02
6.205582797527313232e+02
6.205776429176330566e+02
6.205978593826293945e+02
6.206177012920379639e+02
6.206382555961608887e+02
6.206585361957550049e+02
6.206778888702392578e+02
6.206976413726806641e+02
6.207182953357696533e+02
6.207376391887664795e+02
6.207581958770751953e+02
6.207777495384216309e+02
6.207979388236999512e+02
6.208179383277893066e+02
6.208381581306457520e+02
6.208580605983734131e+02
6.208776659965515137e+02
6.208979828357696533e+02
6.209175884723663330e+02
6.209379441738128662e+02
6.209581031799316406e+02
6.209781014919281006e+02
6.209980530738830566e+02
6.210181379318237305e+02
6.210378611087799072e+02
6.210580506324768066e+02
6.210780637264251709e+02
6.210981709957122803e+02
6.211179757118225098e+02
6.211380977630615234e+02
6.211579651832580566e+02
6.211779489517211914e+02
6.211986064910888672e+02
6.212181391716003418e+02
6.212379550933837891e+02
6.212580919265747070e+02
6.212781066894531250e+02
6.212981896400451660e+02
6.213180925846099854e+02
6.213380506038665771e+02
6.213576600551605225e+02
6.213781282901763916e+02
6.213979256153106689e+02
6.214179348945617676e+02
6.214377691745758057e+02
6.214579901695251465e+02
6.214784269332885742e+02
6.214989340305328369e+02
6.215178141593933105e+02
6.215380556583404541e+02
6.215579686164855957e+02
6.215777680873870850e+02
6.215983135700225830e+02
6.216173863410949707e+02
6.216378545761108398e+02
6.216581463813781738e+02
6.216779181957244873e+02
6.216974129676818848e+02
6.217184293270111084e+02
6.217378094196319580e+02
6.217576739788055420e+02
6.217788033485412598e+02
6.217976379394531250e+02
6.218179590702056885e+02
6.218380732536315918e+02
6.218582847118377686e+02
6.218779587745666504e+02
6.218979611396789551e+02
6.219176971912384033e+02
6.219386491775512695e+02
6.219576292037963867e+02
6.219779870510101318e+02
6.219983265399932861e+02
6.220177199840545654e+02
6.220384325981140137e+02
6.220579805374145508e+02
6.220782649517059326e+02
6.220981590747833252e+02
6.221224179267883301e+02
6.221423559188842773e+02
6.221629402637481689e+02
6.221825346946716309e+02
6.222028493881225586e+02
6.222228403091430664e+02
6.222427165508270264e+02
6.222630772590637207e+02
6.222829864025115967e+02
6.223027539253234863e+02
6.223224244117736816e+02
6.223428013324737549e+02
6.223626217842102051e+02
6.223828058242797852e+02
6.224031124114990234e+02
6.224227008819580078e+02
6.224423513412475586e+02
6.224627268314361572e+02
6.224834363460540771e+02
6.225028657913208008e+02
6.225228147506713867e+02
6.225424246788024902e+02
6.225627925395965576e+02
6.225827791690826416e+02
6.226027426719665527e+02
6.226228959560394287e+02
6.226430668830871582e+02
6.226626422405242920e+02
6.226829402446746826e+02
6.227034008502960205e+02
6.227229003906250000e+02
6.227428746223449707e+02
6.227624070644378662e+02
6.227827639579772949e+02
6.228023898601531982e+02
6.228224792480468750e+02
6.228426425457000732e+02
6.228628358840942383e+02
6.228829867839813232e+02
6.229034116268157959e+02
6.229227118492126465e+02
6.229427921772003174e+02
6.229627749919891357e+02
6.229831418991088867e+02
6.230028104782104492e+02
6.230230283737182617e+02
6.230428242683410645e+02
6.230627446174621582e+02
6.230827641487121582e+02
6.231029071807861328e+02
6.231231467723846436e+02
6.231428270339965820e+02
6.231626594066619873e+02
6.231891012191772461e+02
6.232091791629791260e+02
6.232289698123931885e+02
6.232493398189544678e+02
6.232688090801239014e+02
6.232890374660491943e+02
6.233089883327484131e+02
6.233289556503295898e+02
6.233496761322021484e+02
6.233691389560699463e+02
6.233891320228576660e+02
6.234093217849731445e+02
6.234290266036987305e+02
6.234490075111389160e+02
6.234696207046508789e+02
6.234891197681427002e+02
6.235089092254638672e+02
6.235289478302001953e+02
6.235489680767059326e+02
6.235691745281219482e+02
6.235891087055206299e+02
6.236086270809173584e+02
6.236295852661132812e+02
6.236494584083557129e+02
6.236695077419281006e+02
6.236895608901977539e+02
6.237093682289123535e+02
6.237293081283569336e+02
6.237494168281555176e+02
6.237692360877990723e+02
6.237889266014099121e+02
6.238086876869201660e+02
6.238289577960968018e+02
6.238486571311950684e+02
6.238689050674438477e+02
6.238891594409942627e+02
6.239089367389678955e+02
6.239289324283599854e+02
6.239498639106750488e+02
6.239689300060272217e+02
6.239889326095581055e+02
6.240098595619201660e+02
6.240352644920349121e+02
6.240554385185241699e+02
6.240753288269042969e+02
6.240954248905181885e+02
6.241169602870941162e+02
6.241352319717407227e+02
6.241562409400939941e+02
6.241756412982940674e+02
6.241960434913635254e+02
6.242158246040344238e+02
6.242357404232025146e+02
6.242559301853179932e+02
6.242756934165954590e+02
6.242960026264190674e+02
6.243159799575805664e+02
6.243352439403533936e+02
6.243560962677001953e+02
6.243758592605590820e+02
6.243963201045989990e+02
6.244148514270782471e+02
6.244355397224426270e+02
6.244552867412567139e+02
6.244758832454681396e+02
6.244957401752471924e+02
6.245159668922424316e+02
6.245359613895416260e+02
6.245557348728179932e+02
6.245754122734069824e+02
6.245961549282073975e+02
6.246160042285919189e+02
6.246356105804443359e+02
6.246560335159301758e+02
6.246754240989685059e+02
6.246958100795745850e+02
6.247153687477111816e+02
6.247363612651824951e+02
6.247556154727935791e+02
6.247748787403106689e+02
6.247960097789764404e+02
6.248155331611633301e+02
6.248364365100860596e+02
6.248566186428070068e+02
6.248756959438323975e+02
6.248959031105041504e+02
6.249155726432800293e+02
6.249363141059875488e+02
6.249563927650451660e+02
6.249748594760894775e+02
6.249961397647857666e+02
6.250154974460601807e+02
6.250361859798431396e+02
6.250567798614501953e+02
6.250748641490936279e+02
6.250955045223236084e+02
6.251155138015747070e+02
6.251354119777679443e+02
6.251555135250091553e+02
6.251780247688293457e+02
6.251951689720153809e+02
6.252161347866058350e+02
6.252351765632629395e+02
6.252554652690887451e+02
6.252762007713317871e+02
6.252955110073089600e+02
6.253156442642211914e+02
6.253350882530212402e+02
6.253560009002685547e+02
6.253750264644622803e+02
6.253953855037689209e+02
6.254159257411956787e+02
6.254357919692993164e+02
6.254554371833801270e+02
6.254820480346679688e+02
6.255006303787231445e+02
6.255210053920745850e+02
6.255410611629486084e+02
6.255609538555145264e+02
6.255808622837066650e+02
6.256005558967590332e+02
6.256204025745391846e+02
6.256409456729888916e+02
6.256614232063293457e+02
6.256809427738189697e+02
6.257004845142364502e+02
6.257209713459014893e+02
6.257410027980804443e+02
6.257615869045257568e+02
6.257804474830627441e+02
6.258003668785095215e+02
6.258230943679809570e+02
6.258409843444824219e+02
6.258613464832305908e+02
6.258810641765594482e+02
6.259001851081848145e+02
6.259203929901123047e+02
6.259404144287109375e+02
6.259603719711303711e+02
6.259805212020874023e+02
6.260004441738128662e+02
6.260213940143585205e+02
6.260403056144714355e+02
6.260616228580474854e+02
6.260805509090423584e+02
6.261004207134246826e+02
6.261204223632812500e+02
6.261404480934143066e+02
6.261604413986206055e+02
6.261803667545318604e+02
6.262015247344970703e+02
6.262208125591278076e+02
6.262411837577819824e+02
6.262609817981719971e+02
6.262814140319824219e+02
6.263011033535003662e+02
6.263208892345428467e+02
6.263409531116485596e+02
6.263608872890472412e+02
6.263813161849975586e+02
6.264010574817657471e+02
6.264208319187164307e+02
6.264405283927917480e+02
6.264606869220733643e+02
6.264808051586151123e+02
6.265013587474822998e+02
6.265212554931640625e+02
6.265410952568054199e+02
6.265614809989929199e+02
6.265877797603607178e+02
6.266070818901062012e+02
6.266268715858459473e+02
6.266475374698638916e+02
6.266666185855865479e+02
6.266924624443054199e+02
6.267180972099304199e+02
6.267378628253936768e+02
6.267579102516174316e+02
6.267779216766357422e+02
6.267982997894287109e+02
6.268179161548614502e+02
6.268380632400512695e+02
6.268580667972564697e+02
6.268780615329742432e+02
6.268977963924407959e+02
6.269180395603179932e+02
6.269379441738128662e+02
6.269578983783721924e+02
6.269777946472167969e+02
6.269978859424591064e+02
6.270180578231811523e+02
6.270379707813262939e+02
6.270579085350036621e+02
6.270780642032623291e+02
6.270978932380676270e+02
6.271180510520935059e+02
6.271379892826080322e+02
6.271579790115356445e+02
6.271780111789703369e+02
6.271980874538421631e+02
6.272181911468505859e+02
6.272381672859191895e+02
6.272574095726013184e+02
6.272775497436523438e+02
6.272975454330444336e+02
6.273171885013580322e+02
6.273375101089477539e+02
6.273578317165374756e+02
6.273817038536071777e+02
6.274023661613464355e+02
6.274222230911254883e+02
6.274418330192565918e+02
6.274619634151458740e+02
6.274821701049804688e+02
6.275020904541015625e+02
6.275220530033111572e+02
6.275421495437622070e+02
6.275616743564605713e+02
6.275817751884460449e+02
6.276016097068786621e+02
6.276214144229888916e+02
6.276410038471221924e+02
6.276617381572723389e+02
6.276817219257354736e+02
6.277017786502838135e+02
6.277219510078430176e+02
6.277422690391540527e+02
6.277617454528808594e+02
6.277821803092956543e+02
6.278023092746734619e+02
6.278218612670898438e+02
6.278423063755035400e+02
6.278619554042816162e+02
6.278818933963775635e+02
6.279018497467041016e+02
6.279216523170471191e+02
6.279417109489440918e+02
6.279615936279296875e+02
6.279819788932800293e+02
6.280017266273498535e+02
6.280216431617736816e+02
6.280416901111602783e+02
6.280616495609283447e+02
6.280816454887390137e+02
6.281016600131988525e+02
6.281217207908630371e+02
6.281416962146759033e+02
6.281616089344024658e+02
6.281816935539245605e+02
6.282017104625701904e+02
6.282217793464660645e+02
6.282418589591979980e+02
6.282620143890380859e+02
6.282819321155548096e+02
6.283016133308410645e+02
6.283210639953613281e+02
6.283410086631774902e+02
6.283613061904907227e+02
6.283821325302124023e+02
6.284013450145721436e+02
6.284219789505004883e+02
6.284422209262847900e+02
6.284625618457794189e+02
6.284823625087738037e+02
6.285020241737365723e+02
6.285224432945251465e+02
6.285413134098052979e+02
6.285619769096374512e+02
6.285812857151031494e+02
6.286020054817199707e+02
6.286220018863677979e+02
6.286418869495391846e+02
6.286622686386108398e+02
6.286819567680358887e+02
6.287020523548126221e+02
6.287220778465270996e+02
6.287416250705718994e+02
6.287673473358154297e+02
6.287879993915557861e+02
6.288078451156616211e+02
6.288270046710968018e+02
6.288476169109344482e+02
6.288673846721649170e+02
6.288874251842498779e+02
6.289074981212615967e+02
6.289275114536285400e+02
6.289477853775024414e+02
6.289674429893493652e+02
6.289881372451782227e+02
6.290078179836273193e+02
6.290313541889190674e+02
6.290517919063568115e+02
6.290717592239379883e+02
6.290917000770568848e+02
6.291116132736206055e+02
6.291317424774169922e+02
6.291517481803894043e+02
6.291717143058776855e+02
6.291917421817779541e+02
6.292118449211120605e+02
6.292317492961883545e+02
6.292520771026611328e+02
6.292716588973999023e+02
6.292914471626281738e+02
6.293115622997283936e+02
6.293319771289825439e+02
6.293510692119598389e+02
6.293714928627014160e+02
6.293917589187622070e+02
6.294128839969635010e+02
6.294315562248229980e+02
6.294510221481323242e+02
6.294716291427612305e+02
6.294915974140167236e+02
6.295115582942962646e+02
6.295310301780700684e+02
6.295516350269317627e+02
6.295716497898101807e+02
6.295910029411315918e+02
6.296110785007476807e+02
6.296311161518096924e+02
6.296510903835296631e+02
6.296710214614868164e+02
6.296919481754302979e+02
6.297116367816925049e+02
6.297322824001312256e+02
6.297519450187683105e+02
6.297715587615966797e+02
6.297915937900543213e+02
6.298115963935852051e+02
6.298317098617553711e+02
6.298513536453247070e+02
6.298716418743133545e+02
6.298925538063049316e+02
6.299117047786712646e+02
6.299315524101257324e+02
6.299518413543701172e+02
6.299718320369720459e+02
6.299917411804199219e+02
6.300117337703704834e+02
6.300319230556488037e+02
6.300510952472686768e+02
6.300718178749084473e+02
6.300912907123565674e+02
6.301118273735046387e+02
6.301321833133697510e+02
6.301519212722778320e+02
6.301722133159637451e+02
6.301912910938262939e+02
6.302125716209411621e+02
6.302313177585601807e+02
6.302525029182434082e+02
6.302712559700012207e+02
6.302917380332946777e+02
6.303112611770629883e+02
6.303313112258911133e+02
6.303512735366821289e+02
6.303718719482421875e+02
6.303923847675323486e+02
6.304113242626190186e+02
6.304326617717742920e+02
6.304513251781463623e+02
6.304718501567840576e+02
6.304916408061981201e+02
6.305122644901275635e+02
6.305316944122314453e+02
6.305517435073852539e+02
6.305712656974792480e+02
6.305917804241180420e+02
6.306116173267364502e+02
6.306316759586334229e+02
6.306524631977081299e+02
6.306712870597839355e+02
6.306920061111450195e+02
6.307117486000061035e+02
6.307318017482757568e+02
6.307516736984252930e+02
6.307717845439910889e+02
6.307916812896728516e+02
6.308117387294769287e+02
6.308317005634307861e+02
6.308520421981811523e+02
6.308716156482696533e+02
6.308916480541229248e+02
6.309115955829620361e+02
6.309316706657409668e+02
6.309516351222991943e+02
6.309715948104858398e+02
6.309916195869445801e+02
6.310115535259246826e+02
6.310315787792205811e+02
6.310516448020935059e+02
6.310716304779052734e+02
6.310916669368743896e+02
6.311117701530456543e+02
6.311314060688018799e+02
6.311517837047576904e+02
6.311716866493225098e+02
6.311917138099670410e+02
6.312114605903625488e+02
6.312314467430114746e+02
6.312517647743225098e+02
6.312716264724731445e+02
6.312916195392608643e+02
6.313115563392639160e+02
6.313313703536987305e+02
6.313517243862152100e+02
6.313717560768127441e+02
6.313913433551788330e+02
6.314118561744689941e+02
6.314313483238220215e+02
6.314513428211212158e+02
6.314713602066040039e+02
6.314910829067230225e+02
6.315116240978240967e+02
6.315318195819854736e+02
6.315517108440399170e+02
6.315717256069183350e+02
6.315916523933410645e+02
6.316117517948150635e+02
6.316317148208618164e+02
6.316515991687774658e+02
6.316716928482055664e+02
6.316916563510894775e+02
6.317117762565612793e+02
6.317316985130310059e+02
6.317516264915466309e+02
6.317715880870819092e+02
6.317920579910278320e+02
6.318116221427917480e+02
6.318314962387084961e+02
6.318515126705169678e+02
6.318713138103485107e+02
6.318921875953674316e+02
6.319116122722625732e+02
6.319315223693847656e+02
6.319513194561004639e+02
6.319715650081634521e+02
6.319916663169860840e+02
6.320119221210479736e+02
6.320315308570861816e+02
6.320514349937438965e+02
6.320716354846954346e+02
6.320914175510406494e+02
6.321112945079803467e+02
6.321314005851745605e+02
6.321513376235961914e+02
6.321713428497314453e+02
6.321918358802795410e+02
6.322113661766052246e+02
6.322320017814636230e+02
6.322515275478363037e+02
6.322719419002532959e+02
6.322910788059234619e+02
6.323119120597839355e+02
6.323316714763641357e+02
6.323516628742218018e+02
6.323715643882751465e+02
6.323916509151458740e+02
6.324116413593292236e+02
6.324321293830871582e+02
6.324516775608062744e+02
6.324716885089874268e+02
6.324916539192199707e+02
6.325115983486175537e+02
6.325311956405639648e+02
6.325516726970672607e+02
6.325716764926910400e+02
6.325916938781738281e+02
6.326115663051605225e+02
6.326316378116607666e+02
6.326517295837402344e+02
6.326717157363891602e+02
6.326919956207275391e+02
6.327113313674926758e+02
6.327315857410430908e+02
6.327516438961029053e+02
6.327715902328491211e+02
6.327913908958435059e+02
6.328117163181304932e+02
6.328315536975860596e+02
6.328520872592926025e+02
6.328725173473358154e+02
6.328912656307220459e+02
6.329120128154754639e+02
6.329316496849060059e+02
6.329517090320587158e+02
6.329717984199523926e+02
6.329917287826538086e+02
6.330118803977966309e+02
6.330317208766937256e+02
6.330518963336944580e+02
6.330716934204101562e+02
6.330916891098022461e+02
6.331116137504577637e+02
6.331315865516662598e+02
6.331516337394714355e+02
6.331716308593750000e+02
6.331915700435638428e+02
6.332117733955383301e+02
6.332315957546234131e+02
6.332521555423736572e+02
6.332715837955474854e+02
6.332915439605712891e+02
6.333117067813873291e+02
6.333317360877990723e+02
6.333515870571136475e+02
6.333717103004455566e+02
6.333919546604156494e+02
6.334116523265838623e+02
6.334313104152679443e+02
6.334514112472534180e+02
6.334775347709655762e+02
6.335041575431823730e+02
6.335228345394134521e+02
6.335428495407104492e+02
6.335628225803375244e+02
6.335828371047973633e+02
6.336031007766723633e+02
6.336230864524841309e+02
6.336430988311767578e+02
6.336630673408508301e+02
6.336835000514984131e+02
6.337031250000000000e+02
6.337230813503265381e+02
6.337431681156158447e+02
6.337634820938110352e+02
6.337843859195709229e+02
6.338032615184783936e+02
6.338232216835021973e+02
6.338434844017028809e+02
6.338636376857757568e+02
6.338886404037475586e+02
6.339088318347930908e+02
6.339286611080169678e+02
6.339541070461273193e+02
6.339740850925445557e+02
6.339939906597137451e+02
6.340140197277069092e+02
6.340340151786804199e+02
6.340540609359741211e+02
6.340740101337432861e+02
6.340939464569091797e+02
6.341141066551208496e+02
6.341340053081512451e+02
6.341546790599822998e+02
6.341742594242095947e+02
6.341944446563720703e+02
6.342145073413848877e+02
6.342343966960906982e+02
6.342542617321014404e+02
6.342745308876037598e+02
6.342942643165588379e+02
6.343142178058624268e+02
6.343338603973388672e+02
6.343600907325744629e+02
6.343800437450408936e+02
6.343994939327239990e+02
6.344200701713562012e+02
6.344403653144836426e+02
6.344592814445495605e+02
6.344794027805328369e+02
6.344992430210113525e+02
6.345200409889221191e+02
6.345400857925415039e+02
6.345592634677886963e+02
6.345793941020965576e+02
6.345992603302001953e+02
6.346192634105682373e+02
6.346400229930877686e+02
6.346592414379119873e+02
6.346794342994689941e+02
6.346992449760437012e+02
6.347192347049713135e+02
6.347392570972442627e+02
6.347598106861114502e+02
6.347793247699737549e+02
6.347992479801177979e+02
6.348192656040191650e+02
6.348392360210418701e+02
6.348600139617919922e+02
6.348792614936828613e+02
6.348992264270782471e+02
6.349192507266998291e+02
6.349392752647399902e+02
6.349592366218566895e+02
6.349792656898498535e+02
6.349992425441741943e+02
6.350192272663116455e+02
6.350392119884490967e+02
6.350592107772827148e+02
6.350792467594146729e+02
6.350992295742034912e+02
6.351192810535430908e+02
6.351393263339996338e+02
6.351592583656311035e+02
6.351792433261871338e+02
6.351992251873016357e+02
6.352192623615264893e+02
6.352393834590911865e+02
6.352597358226776123e+02
6.352798273563385010e+02
6.352999053001403809e+02
6.353191874027252197e+02
6.353407244682312012e+02
6.353592159748077393e+02
6.353802335262298584e+02
6.353998293876647949e+02
6.354192123413085938e+02
6.354409480094909668e+02
6.354594519138336182e+02
6.354801957607269287e+02
6.354998764991760254e+02
6.355194153785705566e+02
6.355397109985351562e+02
6.355597975254058838e+02
6.355798871517181396e+02
6.355998203754425049e+02
6.356198635101318359e+02
6.356402997970581055e+02
6.356597690582275391e+02
6.356799025535583496e+02
6.356998596191406250e+02
6.357199196815490723e+02
6.357399165630340576e+02
6.357595963478088379e+02
6.357799141407012939e+02
6.358000669479370117e+02
6.358199603557586670e+02
6.358398814201354980e+02
6.358602313995361328e+02
6.358802134990692139e+02
6.359002497196197510e+02
6.359202229976654053e+02
6.359401929378509521e+02
6.359602108001708984e+02
6.359803037643432617e+02
6.360001678466796875e+02
6.360201261043548584e+02
6.360398416519165039e+02
6.360597965717315674e+02
6.360797965526580811e+02
6.360998053550720215e+02
6.361198241710662842e+02
6.361398756504058838e+02
6.361598558425903320e+02
6.361799173355102539e+02
6.361997847557067871e+02
6.362201476097106934e+02
6.362403514385223389e+02
6.362602219581604004e+02
6.362805824279785156e+02
6.363003108501434326e+02
6.363202204704284668e+02
6.363403222560882568e+02
6.363602457046508789e+02
6.363802149295806885e+02
6.364003000259399414e+02
6.364203324317932129e+02
6.364402165412902832e+02
6.364600861072540283e+02
6.364802350997924805e+02
6.365002951622009277e+02
6.365204598903656006e+02
6.365403528213500977e+02
6.365601115226745605e+02
6.365796544551849365e+02
6.365999002456665039e+02
6.366198017597198486e+02
6.366407620906829834e+02
6.366597828865051270e+02
6.366798131465911865e+02
6.366997692584991455e+02
6.367197604179382324e+02
6.367409250736236572e+02
6.367595012187957764e+02
6.367791974544525146e+02
6.367991483211517334e+02
6.368200054168701172e+02
6.368401105403900146e+02
6.368601613044738770e+02
6.368802254199981689e+02
6.368998870849609375e+02
6.369208204746246338e+02
6.369399070739746094e+02
6.369598894119262695e+02
6.369797885417938232e+02
6.370000262260437012e+02
6.370198605060577393e+02
6.370398488044738770e+02
6.370599830150604248e+02
6.370808124542236328e+02
6.371002082824707031e+02
6.371203126907348633e+02
6.371403453350067139e+02
6.371602013111114502e+02
6.371802327632904053e+02
6.372000000476837158e+02
6.372202882766723633e+02
6.372406020164489746e+02
6.372597200870513916e+02
6.372799625396728516e+02
6.372997062206268311e+02
6.373198854923248291e+02
6.373398060798645020e+02
6.373596947193145752e+02
6.373803234100341797e+02
6.374002678394317627e+02
6.374203753471374512e+02
6.374401469230651855e+02
6.374598743915557861e+02
6.374799902439117432e+02
6.375005681514739990e+02
6.375207211971282959e+02
6.375403306484222412e+02
6.375602161884307861e+02
6.375801956653594971e+02
6.376003205776214600e+02
6.376195755004882812e+02
6.376407957077026367e+02
6.376604113578796387e+02
6.376803002357482910e+02
6.376994879245758057e+02
6.377195549011230469e+02
6.377400903701782227e+02
6.377599899768829346e+02
6.377798376083374023e+02
6.377998743057250977e+02
6.378199238777160645e+02
6.378398180007934570e+02
6.378594448566436768e+02
6.378799598217010498e+02
6.379000971317291260e+02
6.379199876785278320e+02
6.379399473667144775e+02
6.379601171016693115e+02
6.379801623821258545e+02
6.379996514320373535e+02
6.380219278335571289e+02
6.380401899814605713e+02
6.380597636699676514e+02
6.380800011157989502e+02
6.380999197959899902e+02
6.381199946403503418e+02
6.381398386955261230e+02
6.381599192619323730e+02
6.381798369884490967e+02
6.382010450363159180e+02
6.382197678089141846e+02
6.382398180961608887e+02
6.382591912746429443e+02
6.382797579765319824e+02
6.383002212047576904e+02
6.383202316761016846e+02
6.383391835689544678e+02
6.383600337505340576e+02
6.383798229694366455e+02
6.383998930454254150e+02
6.384191682338714600e+02
6.384402008056640625e+02
6.384592571258544922e+02
6.384800772666931152e+02
6.385003092288970947e+02
6.385192849636077881e+02
6.385402283668518066e+02
6.385598366260528564e+02
6.385802059173583984e+02
6.386000661849975586e+02
6.386250216960906982e+02
6.386459496021270752e+02
6.386650860309600830e+02
6.386857318878173828e+02
6.387059445381164551e+02
6.387258479595184326e+02
6.387455756664276123e+02
6.387650218009948730e+02
6.387858972549438477e+02
6.388058950901031494e+02
6.388258283138275146e+02
6.388452217578887939e+02
6.388652226924896240e+02
6.388852126598358154e+02
6.389060211181640625e+02
6.389256222248077393e+02
6.389451446533203125e+02
6.389656243324279785e+02
6.389856297969818115e+02
6.390055117607116699e+02
6.390250387191772461e+02
6.390459651947021484e+02
6.390664126873016357e+02
6.390852997303009033e+02
6.391060030460357666e+02
6.391258914470672607e+02
6.391454455852508545e+02
6.391655614376068115e+02
6.391857721805572510e+02
6.392068226337432861e+02
6.392258310317993164e+02
6.392450644969940186e+02
6.392661423683166504e+02
6.392856545448303223e+02
6.393057482242584229e+02
6.393258275985717773e+02
6.393457331657409668e+02
6.393657574653625488e+02
6.393850276470184326e+02
6.394056689739227295e+02
6.394257476329803467e+02
6.394457395076751709e+02
6.394656906127929688e+02
6.394856729507446289e+02
6.395056779384613037e+02
6.395256550312042236e+02
6.395456130504608154e+02
6.395656399726867676e+02
6.395857706069946289e+02
6.396058082580566406e+02
6.396257541179656982e+02
6.396456835269927979e+02
6.396656596660614014e+02
6.396856179237365723e+02
6.397057142257690430e+02
6.397257220745086670e+02
6.397456028461456299e+02
6.397656292915344238e+02
6.397855732440948486e+02
6.398056664466857910e+02
6.398259546756744385e+02
6.398457155227661133e+02
6.398663005828857422e+02
6.398857481479644775e+02
6.399057869911193848e+02
6.399258320331573486e+02
6.399457726478576660e+02
6.399656803607940674e+02
6.399857008457183838e+02
6.400058813095092773e+02
6.400257160663604736e+02
6.400453200340270996e+02
6.400653078556060791e+02
6.400853562355041504e+02
6.401052956581115723e+02
6.401253042221069336e+02
6.401463115215301514e+02
6.401656558513641357e+02
6.401857349872589111e+02
6.402057144641876221e+02
6.402257280349731445e+02
6.402455890178680420e+02
6.402662684917449951e+02
6.402855560779571533e+02
6.403056428432464600e+02
6.403258256912231445e+02
6.403457002639770508e+02
6.403660564422607422e+02
6.403853702545166016e+02
6.404057769775390625e+02
6.404253487586975098e+02
6.404455649852752686e+02
6.404656414985656738e+02
6.404858458042144775e+02
6.405057282447814941e+02
6.405258133411407471e+02
6.405457592010498047e+02
6.405658206939697266e+02
6.405856969356536865e+02
6.406057357788085938e+02
6.406256642341613770e+02
6.406461491584777832e+02
6.406657240390777588e+02
6.406857810020446777e+02
6.407061190605163574e+02
6.407251160144805908e+02
6.407458724975585938e+02
6.407657222747802734e+02
6.407855994701385498e+02
6.408056821823120117e+02
6.408256583213806152e+02
6.408456389904022217e+02
6.408659083843231201e+02
6.408858206272125244e+02
6.409064459800720215e+02
6.409259431362152100e+02
6.409458022117614746e+02
6.409656751155853271e+02
6.409857592582702637e+02
6.410057737827301025e+02
6.410257284641265869e+02
6.410462434291839600e+02
6.410658276081085205e+02
6.410858347415924072e+02
6.411058104038238525e+02
6.411257126331329346e+02
6.411457128524780273e+02
6.411657714843750000e+02
6.411857535839080811e+02
6.412060534954071045e+02
6.412257635593414307e+02
6.412457351684570312e+02
6.412658112049102783e+02
6.412856483459472656e+02
6.413050949573516846e+02
6.413255076408386230e+02
6.413458964824676514e+02
6.413659789562225342e+02
6.413857469558715820e+02
6.414058167934417725e+02
6.414258980751037598e+02
6.414453454017639160e+02
6.414657709598541260e+02
6.414857156276702881e+02
6.415060794353485107e+02
6.415262012481689453e+02
6.415456612110137939e+02
6.415662407875061035e+02
6.415853154659271240e+02
6.416053245067596436e+02
6.416253485679626465e+02
6.416453011035919189e+02
6.416653194427490234e+02
6.416856930255889893e+02
6.417053420543670654e+02
6.417259047031402588e+02
6.417459940910339355e+02
6.417658984661102295e+02
6.417856810092926025e+02
6.418057208061218262e+02
6.418253231048583984e+02
6.418453595638275146e+02
6.418653330802917480e+02
6.418853394985198975e+02
6.419055788516998291e+02
6.419253168106079102e+02
6.419456596374511719e+02
6.419653325080871582e+02
6.419858927726745605e+02
6.420053389072418213e+02
6.420261669158935547e+02
6.420453641414642334e+02
6.420651512145996094e+02
6.420853040218353271e+02
6.421056149005889893e+02
6.421255717277526855e+02
6.421456515789031982e+02
6.421657378673553467e+02
6.421954109668731689e+02
6.422143535614013672e+02
6.422343413829803467e+02
6.422544331550598145e+02
6.422750444412231445e+02
6.422944285869598389e+02
6.423143229484558105e+02
6.423345119953155518e+02
6.423552045822143555e+02
6.423750803470611572e+02
6.423948826789855957e+02
6.424143748283386230e+02
6.424351115226745605e+02
6.424550597667694092e+02
6.424748430252075195e+02
6.424949743747711182e+02
6.425151586532592773e+02
6.425343992710113525e+02
6.425548703670501709e+02
6.425749709606170654e+02
6.425952076911926270e+02
6.426252040863037109e+02
6.426455578804016113e+02
6.426651289463043213e+02
6.426852834224700928e+02
6.427047522068023682e+02
6.427246699333190918e+02
6.427446465492248535e+02
6.427646539211273193e+02
6.427847335338592529e+02
6.428054156303405762e+02
6.428250641822814941e+02
6.428452646732330322e+02
6.428657052516937256e+02
6.428849163055419922e+02
6.429064555168151855e+02
6.429251883029937744e+02
6.429453308582305908e+02
6.429651958942413330e+02
6.429851944446563721e+02
6.430053670406341553e+02
6.430251986980438232e+02
6.430451474189758301e+02
6.430652077198028564e+02
6.430856158733367920e+02
6.431051957607269287e+02
6.431257750988006592e+02
6.431452312469482422e+02
6.431652851104736328e+02
6.431852955818176270e+02
6.432053635120391846e+02
6.432253487110137939e+02
6.432452042102813721e+02
6.432652401924133301e+02
6.432850961685180664e+02
6.433051743507385254e+02
6.433251373767852783e+02
6.433451383113861084e+02
6.433651509284973145e+02
6.433855216503143311e+02
6.434052486419677734e+02
6.434249026775360107e+02
6.434452762603759766e+02
6.434652621746063232e+02
6.434852211475372314e+02
6.435053071975708008e+02
6.435253045558929443e+02
6.435449085235595703e+02
6.435652742385864258e+02
6.435853302478790283e+02
6.436051871776580811e+02
6.436252894401550293e+02
6.436452636718750000e+02
6.436660094261169434e+02
6.436853859424591064e+02
6.437049224376678467e+02
6.437252464294433594e+02
6.437445156574249268e+02
6.437646982669830322e+02
6.437855048179626465e+02
6.438048686981201172e+02
6.438254191875457764e+02
6.438454065322875977e+02
6.438651344776153564e+02
6.438852987289428711e+02
6.439047994613647461e+02
6.439258720874786377e+02
6.439452042579650879e+02
6.439652202129364014e+02
6.439853749275207520e+02
6.440052092075347900e+02
6.440254621505737305e+02
6.440451674461364746e+02
6.440653021335601807e+02
6.440857527256011963e+02
6.441052007675170898e+02
6.441252701282501221e+02
6.441452543735504150e+02
6.441672613620758057e+02
6.441849708557128906e+02
6.442051615715026855e+02
6.442252206802368164e+02
6.442452480792999268e+02
6.442654416561126709e+02
6.442852163314819336e+02
6.443050394058227539e+02
6.443254678249359131e+02
6.443451681137084961e+02
6.443653686046600342e+02
6.443852655887603760e+02
6.444052300453186035e+02
6.444252066612243652e+02
6.444452230930328369e+02
6.444653625488281250e+02
6.444856724739074707e+02
6.445049481391906738e+02
6.445257232189178467e+02
6.445449328422546387e+02
6.445651962757110596e+02
6.445857117176055908e+02
6.446048712730407715e+02
6.446249096393585205e+02
6.446448750495910645e+02
6.446648292541503906e+02
6.446855800151824951e+02
6.447054986953735352e+02
6.447252984046936035e+02
6.447451050281524658e+02
6.447652068138122559e+02
6.447852561473846436e+02
6.448050746917724609e+02
6.448252382278442383e+02
6.448447277545928955e+02
6.448650527000427246e+02
6.448847222328186035e+02
6.449045946598052979e+02
6.449246959686279297e+02
6.449446389675140381e+02
6.449653484821319580e+02
6.449848344326019287e+02
6.450051736831665039e+02
6.450248701572418213e+02
6.450453159809112549e+02
6.450654571056365967e+02
6.450849227905273438e+02
6.451052753925323486e+02
6.451248443126678467e+02
6.451453335285186768e+02
6.451649267673492432e+02
6.451848804950714111e+02
6.452050442695617676e+02
6.452249653339385986e+02
6.452448911666870117e+02
6.452653694152832031e+02
6.452861039638519287e+02
6.453052964210510254e+02
6.453253006935119629e+02
6.453451209068298340e+02
6.453651468753814697e+02
6.453851017951965332e+02
6.454044892787933350e+02
6.454250211715698242e+02
6.454445872306823730e+02
6.454651048183441162e+02
6.454854712486267090e+02
6.455050363540649414e+02
6.455254418849945068e+02
6.455444889068603516e+02
6.455644769668579102e+02
6.455852880477905273e+02
6.456051619052886963e+02
6.456257359981536865e+02
6.456448843479156494e+02
6.456650335788726807e+02
6.456846098899841309e+02
6.457052640914916992e+02
6.457253458499908447e+02
6.457446215152740479e+02
6.457650947570800781e+02
6.457845735549926758e+02
6.458052687644958496e+02
6.458251118659973145e+02
6.458449788093566895e+02
6.458657701015472412e+02
6.458854243755340576e+02
6.459056768417358398e+02
6.459249858856201172e+02
6.459449150562286377e+02
6.459703896045684814e+02
6.459907815456390381e+02
6.460101473331451416e+02
6.460301253795623779e+02
6.460504882335662842e+02
6.460699572563171387e+02
6.460909404754638672e+02
6.461103935241699219e+02
6.461304581165313721e+02
6.461504194736480713e+02
6.461708426475524902e+02
6.461905779838562012e+02
6.462104630470275879e+02
6.462304897308349609e+02
6.462505011558532715e+02
6.462706530094146729e+02
6.462906284332275391e+02
6.463104689121246338e+02
6.463299307823181152e+02
6.463505837917327881e+02
6.463708174228668213e+02
6.463965716361999512e+02
6.464166092872619629e+02
6.464374167919158936e+02
6.464575195312500000e+02
6.464777159690856934e+02
6.464971826076507568e+02
6.465252900123596191e+02
6.465445683002471924e+02
6.465642035007476807e+02
6.465844776630401611e+02
6.466067290306091309e+02
6.466245326995849609e+02
6.466444201469421387e+02
6.466648890972137451e+02
6.466849145889282227e+02
6.467043724060058594e+02
6.467243072986602783e+02
6.467447044849395752e+02
6.467645113468170166e+02
6.467842972278594971e+02
6.468044128417968750e+02
6.468246920108795166e+02
6.468442988395690918e+02
6.468642928600311279e+02
6.468843023777008057e+02
6.469043653011322021e+02
6.469243643283843994e+02
6.469442851543426514e+02
6.469643125534057617e+02
6.469843502044677734e+02
6.470042009353637695e+02
6.470242991447448730e+02
6.470447492599487305e+02
6.470643022060394287e+02
6.470843727588653564e+02
6.471044156551361084e+02
6.471249041557312012e+02
6.471448059082031250e+02
6.471648530960083008e+02
6.471844887733459473e+02
6.472044997215270996e+02
6.472244064807891846e+02
6.472443702220916748e+02
6.472643074989318848e+02
6.472845137119293213e+02
6.473043620586395264e+02
6.473244764804840088e+02
6.473445253372192383e+02
6.473644192218780518e+02
6.473843388557434082e+02
6.474044947624206543e+02
6.474244709014892578e+02
6.474447476863861084e+02
6.474644751548767090e+02
6.474845490455627441e+02
6.475045433044433594e+02
6.475245463848114014e+02
6.475448231697082520e+02
6.475645587444305420e+02
6.475845026969909668e+02
6.476044383049011230e+02
6.476243827342987061e+02
6.476444380283355713e+02
6.476646838188171387e+02
6.476845290660858154e+02
6.477044413089752197e+02
6.477245619297027588e+02
6.477444081306457520e+02
6.477643811702728271e+02
6.477844152450561523e+02
6.478045709133148193e+02
6.478243849277496338e+02
6.478440587520599365e+02
6.478647451400756836e+02
6.478844094276428223e+02
6.479042837619781494e+02
6.479241030216217041e+02
6.479444172382354736e+02
6.479643480777740479e+02
6.479843745231628418e+02
6.480041694641113281e+02
6.480238776206970215e+02
6.480444104671478271e+02
6.480644426345825195e+02
6.480843548774719238e+02
6.481042830944061279e+02
6.481243891716003418e+02
6.481446917057037354e+02
6.481648082733154297e+02
6.481844637393951416e+02
6.482044498920440674e+02
6.482245054244995117e+02
6.482443408966064453e+02
6.482642269134521484e+02
6.482849273681640625e+02
6.483048732280731201e+02
6.483257985115051270e+02
6.483443560600280762e+02
6.483645725250244141e+02
6.483841392993927002e+02
6.484145514965057373e+02
6.484345450401306152e+02
6.484545402526855469e+02
6.484745180606842041e+02
6.484943604469299316e+02
6.485148763656616211e+02
6.485346741676330566e+02
6.485554256439208984e+02
6.485755958557128906e+02
6.485945644378662109e+02
6.486146614551544189e+02
6.486344962120056152e+02
6.486545979976654053e+02
6.486745011806488037e+02
6.486942768096923828e+02
6.487145895957946777e+02
6.487345468997955322e+02
6.487545335292816162e+02
6.487744317054748535e+02
6.487942726612091064e+02
6.488153824806213379e+02
6.488349387645721436e+02
6.488551840782165527e+02
6.488743557929992676e+02
6.488946022987365723e+02
6.489144697189331055e+02
6.489341762065887451e+02
6.489540848731994629e+02
6.489744939804077148e+02
6.489940664768218994e+02
6.490149464607238770e+02
6.490339717864990234e+02
6.490547630786895752e+02
6.490858523845672607e+02
6.491056175231933594e+02
6.491255846023559570e+02
6.491469931602478027e+02
6.491657571792602539e+02
6.491855993270874023e+02
6.492056794166564941e+02
6.492255589962005615e+02
6.492456183433532715e+02
6.492659342288970947e+02
6.492855622768402100e+02
6.493107380867004395e+02
6.493309168815612793e+02
6.493508090972900391e+02
6.493708667755126953e+02
6.493913285732269287e+02
6.494108381271362305e+02
6.494308915138244629e+02
6.494509160518646240e+02
6.494709212779998779e+02
6.494908432960510254e+02
6.495107853412628174e+02
6.495308725833892822e+02
6.495508925914764404e+02
6.495712769031524658e+02
6.495908610820770264e+02
6.496104631423950195e+02
6.496311032772064209e+02
6.496505725383758545e+02
6.496705012321472168e+02
6.496913566589355469e+02
6.497104840278625488e+02
6.497305283546447754e+02
6.497504611015319824e+02
6.497712326049804688e+02
6.498045470714569092e+02
6.498240520954132080e+02
6.498431723117828369e+02
6.498633515834808350e+02
6.498892014026641846e+02
6.499097664356231689e+02
6.499297978878021240e+02
6.499495089054107666e+02
6.499695763587951660e+02
6.499908859729766846e+02
6.500094344615936279e+02
6.500298585891723633e+02
6.500495226383209229e+02
6.500700960159301758e+02
6.500900404453277588e+02
6.501097154617309570e+02
6.501295938491821289e+02
6.501543352603912354e+02
6.501741645336151123e+02
6.501949303150177002e+02
6.502142632007598877e+02
6.502342641353607178e+02
6.502548570632934570e+02
6.502737872600555420e+02
6.502936005592346191e+02
6.503151834011077881e+02
6.503337962627410889e+02
6.503547971248626709e+02
6.503737490177154541e+02
6.503941242694854736e+02
6.504140777587890625e+02
6.504335887432098389e+02
6.504538075923919678e+02
6.504740180969238281e+02
6.504935882091522217e+02
6.505135681629180908e+02
6.505337257385253906e+02
6.505536048412322998e+02
6.505739724636077881e+02
6.505939884185791016e+02
6.506146667003631592e+02
6.506337358951568604e+02
6.506547820568084717e+02
6.506735310554504395e+02
6.506945669651031494e+02
6.507141699790954590e+02
6.507342414855957031e+02
6.507541739940643311e+02
6.507737493515014648e+02
6.507941832542419434e+02
6.508143084049224854e+02
6.508338816165924072e+02
6.508537969589233398e+02
6.508742635250091553e+02
6.508937485218048096e+02
6.509141263961791992e+02
6.509339983463287354e+02
6.509535844326019287e+02
6.509741084575653076e+02
6.509936029911041260e+02
6.510135898590087891e+02
6.510335483551025391e+02
6.510535857677459717e+02
6.510740857124328613e+02
6.510935623645782471e+02
6.511135354042053223e+02
6.511335849761962891e+02
6.511535487174987793e+02
6.511742053031921387e+02
6.511935665607452393e+02
6.512135360240936279e+02
6.512335288524627686e+02
6.512535426616668701e+02
6.512736072540283203e+02
6.512936146259307861e+02
6.513135430812835693e+02
6.513342766761779785e+02
6.513540790081024170e+02
6.513740749359130859e+02
6.513942787647247314e+02
6.514136366844177246e+02
6.514335615634918213e+02
6.514535422325134277e+02
6.514735283851623535e+02
6.514941897392272949e+02
6.515141518115997314e+02
6.515345497131347656e+02
6.515535175800323486e+02
6.515745842456817627e+02
6.515941972732543945e+02
6.516141645908355713e+02
6.516342115402221680e+02
6.516540815830230713e+02
6.516737632751464844e+02
6.516941072940826416e+02
6.517140359878540039e+02
6.517344343662261963e+02
6.517542791366577148e+02
6.517737338542938232e+02
6.517939934730529785e+02
6.518138351440429688e+02
6.518345756530761719e+02
6.518540763854980469e+02
6.518739545345306396e+02
6.518937776088714600e+02
6.519148838520050049e+02
6.519337747097015381e+02
6.519538669586181641e+02
6.519737720489501953e+02
6.519949734210968018e+02
6.520136935710906982e+02
6.520348985195159912e+02
6.520537142753601074e+02
6.520741579532623291e+02
6.520954549312591553e+02
6.521142442226409912e+02
6.521347970962524414e+02
6.521540300846099854e+02
6.521747398376464844e+02
6.521944541931152344e+02
6.522143199443817139e+02
6.522338287830352783e+02
6.522547669410705566e+02
6.522742009162902832e+02
6.522951436042785645e+02
6.523138263225555420e+02
6.523349070549011230e+02
6.523538608551025391e+02
6.523734357357025146e+02
6.523935320377349854e+02
6.524146826267242432e+02
6.524336202144622803e+02
6.524535400867462158e+02
6.524735457897186279e+02
6.524936413764953613e+02
6.525135483741760254e+02
6.525341212749481201e+02
6.525544528961181641e+02
6.525740964412689209e+02
6.525938322544097900e+02
6.526143519878387451e+02
6.526343131065368652e+02
6.526540184020996094e+02
6.526740992069244385e+02
6.526940171718597412e+02
6.527140562534332275e+02
6.527335157394409180e+02
6.527542853355407715e+02
6.527740554809570312e+02
6.527942445278167725e+02
6.528140268325805664e+02
6.528339717388153076e+02
6.528540003299713135e+02
6.528740680217742920e+02
6.528940463066101074e+02
6.529142103195190430e+02
6.529341292381286621e+02
6.529541783332824707e+02
6.529741010665893555e+02
6.529936623573303223e+02
6.530140402317047119e+02
6.530340538024902344e+02
6.530543355941772461e+02
6.530740509033203125e+02
6.530941936969757080e+02
6.531142938137054443e+02
6.531340711116790771e+02
6.531541609764099121e+02
6.531741471290588379e+02
6.531941387653350830e+02
6.532140922546386719e+02
6.532341287136077881e+02
6.532541542053222656e+02
6.532740480899810791e+02
6.532940952777862549e+02
6.533141491413116455e+02
6.533340921401977539e+02
6.533541340827941895e+02
6.533744754791259766e+02
6.533941826820373535e+02
6.534141435623168945e+02
6.534342312812805176e+02
6.534544129371643066e+02
6.534741587638854980e+02
6.534939973354339600e+02
6.535143356323242188e+02
6.535341808795928955e+02
6.535542230606079102e+02
6.535745184421539307e+02
6.535939061641693115e+02
6.536147100925445557e+02
6.536341018676757812e+02
6.536540734767913818e+02
6.536742570400238037e+02
6.536942057609558105e+02
6.537178759574890137e+02
6.537339794635772705e+02
6.537535707950592041e+02
6.537735939025878906e+02
6.537937786579132080e+02
6.538146069049835205e+02
6.538342003822326660e+02
6.538540272712707520e+02
6.538742218017578125e+02
6.538945291042327881e+02
6.539137437343597412e+02
6.539340715408325195e+02
6.539542379379272461e+02
6.539741208553314209e+02
6.539948775768280029e+02
6.540136733055114746e+02
6.540335373878479004e+02
6.540542306900024414e+02
6.540740618705749512e+02
6.540944876670837402e+02
6.541138634681701660e+02
6.541341471672058105e+02
6.541541333198547363e+02
6.541742892265319824e+02
6.541945655345916748e+02
6.542140049934387207e+02
6.542341125011444092e+02
6.542541551589965820e+02
6.542740793228149414e+02
6.542943809032440186e+02
6.543141686916351318e+02
6.543344194889068604e+02
6.543538503646850586e+02
6.543745911121368408e+02
6.543941760063171387e+02
6.544141480922698975e+02
6.544345669746398926e+02
6.544542591571807861e+02
6.544744687080383301e+02
6.545055155754089355e+02
6.545251898765563965e+02
6.545452222824096680e+02
6.545650260448455811e+02
6.545851883888244629e+02
6.546053693294525146e+02
6.546250979900360107e+02
6.546451656818389893e+02
6.546650979518890381e+02
6.546852726936340332e+02
6.547054405212402344e+02
6.547240638732910156e+02
6.547444911003112793e+02
6.547645475864410400e+02
6.547848765850067139e+02
6.548048231601715088e+02
6.548242685794830322e+02
6.548442430496215820e+02
6.548641798496246338e+02
6.548842453956604004e+02
6.549051136970520020e+02
6.549241797924041748e+02
6.549441924095153809e+02
6.549641714096069336e+02
6.549846582412719727e+02
6.550048215389251709e+02
6.550248472690582275e+02
6.550446751117706299e+02
6.550653018951416016e+02
6.550849373340606689e+02
6.551047604084014893e+02
6.551250877380371094e+02
6.551445548534393311e+02
6.551647341251373291e+02
6.551840939521789551e+02
6.552050757408142090e+02
6.552241852283477783e+02
6.552441661357879639e+02
6.552641525268554688e+02
6.552842373847961426e+02
6.553046975135803223e+02
6.553245513439178467e+02
6.553454120159149170e+02
6.553641586303710938e+02
6.553847997188568115e+02
6.554044983386993408e+02
6.554249522686004639e+02
6.554449234008789062e+02
6.554649667739868164e+02
6.554872798919677734e+02
6.555043926239013672e+02
6.555246868133544922e+02
6.555446538925170898e+02
6.555641863346099854e+02
6.555850620269775391e+02
6.556043689250946045e+02
6.556253104209899902e+02
6.556443438529968262e+02
6.556655373573303223e+02
6.556854410171508789e+02
6.557051835060119629e+02
6.557249226570129395e+02
6.557447414398193359e+02
6.557652480602264404e+02
6.557848532199859619e+02
6.558051664829254150e+02
6.558244230747222900e+02
6.558499307632446289e+02
6.558696277141571045e+02
6.558896100521087646e+02
6.559095170497894287e+02
6.559292027950286865e+02
6.559491786956787109e+02
6.559699573516845703e+02
6.559891526699066162e+02
6.560092451572418213e+02
6.560296285152435303e+02
6.560501818656921387e+02
6.560692465305328369e+02
6.560895977020263672e+02
6.561094963550567627e+02
6.561295032501220703e+02
6.561509890556335449e+02
6.561696450710296631e+02
6.561900210380554199e+02
6.562095556259155273e+02
6.562294642925262451e+02
6.562495479583740234e+02
6.562698156833648682e+02
6.562896580696105957e+02
6.563095533847808838e+02
6.563295986652374268e+02
6.563499822616577148e+02
6.563693401813507080e+02
6.563902299404144287e+02
6.564097812175750732e+02
6.564307227134704590e+02
6.564492034912109375e+02
6.564704816341400146e+02
6.564892246723175049e+02
6.565099577903747559e+02
6.565292220115661621e+02
6.565493023395538330e+02
6.565691690444946289e+02
6.565897181034088135e+02
6.566095130443572998e+02
6.566296391487121582e+02
6.566584391593933105e+02
6.566792376041412354e+02
6.566992063522338867e+02
6.567189252376556396e+02
6.567389464378356934e+02
6.567590517997741699e+02
6.567790133953094482e+02
6.567986054420471191e+02
6.568188199996948242e+02
6.568389084339141846e+02
6.568598031997680664e+02
6.568782963752746582e+02
6.568992507457733154e+02
6.569189574718475342e+02
6.569385426044464111e+02
6.569587438106536865e+02
6.569791531562805176e+02
6.569988112449645996e+02
6.570196516513824463e+02
6.570390288829803467e+02
6.570597288608551025e+02
6.570785484313964844e+02
6.570993793010711670e+02
6.571185305118560791e+02
6.571394183635711670e+02
6.571585330963134766e+02
6.571790413856506348e+02
6.571985652446746826e+02
6.572186450958251953e+02
6.572388556003570557e+02
6.572590432167053223e+02
6.572792174816131592e+02
6.572985603809356689e+02
6.573192894458770752e+02
6.573385496139526367e+02
6.573594584465026855e+02
6.573785607814788818e+02
6.573987026214599609e+02
6.574190118312835693e+02
6.574392316341400146e+02
6.574587466716766357e+02
6.574785740375518799e+02
6.574988977909088135e+02
6.575185432434082031e+02
6.575396273136138916e+02
6.575585353374481201e+02
6.575791234970092773e+02
6.575990982055664062e+02
6.576189093589782715e+02
6.576389491558074951e+02
6.576588978767395020e+02
6.576789073944091797e+02
6.576991512775421143e+02
6.577186560630798340e+02
6.577386045455932617e+02
6.577589945793151855e+02
6.577785141468048096e+02
6.577989804744720459e+02
6.578186094760894775e+02
6.578385729789733887e+02
6.578585824966430664e+02
6.578785836696624756e+02
6.578992702960968018e+02
6.579185481071472168e+02
6.579388964176177979e+02
6.579590337276458740e+02
6.579790730476379395e+02
6.579985282421112061e+02
6.580191555023193359e+02
6.580389125347137451e+02
6.580588443279266357e+02
6.580834591388702393e+02
6.580989766120910645e+02
6.581190643310546875e+02
6.581389791965484619e+02
6.581595625877380371e+02
6.581789834499359131e+02
6.581991255283355713e+02
6.582191498279571533e+02
6.582386958599090576e+02
6.582600550651550293e+02
6.582787535190582275e+02
6.582989366054534912e+02
6.583192031383514404e+02
6.583393325805664062e+02
6.583589153289794922e+02
6.583790237903594971e+02
6.583989698886871338e+02
6.584190132617950439e+02
6.584390268325805664e+02
6.584589679241180420e+02
6.584791252613067627e+02
6.584989478588104248e+02
6.585189969539642334e+02
6.585386366844177246e+02
6.585588426589965820e+02
6.585789914131164551e+02
6.585991511344909668e+02
6.586190068721771240e+02
6.586388945579528809e+02
6.586590540409088135e+02
6.586790215969085693e+02
6.586992034912109375e+02
6.587189943790435791e+02
6.587391197681427002e+02
6.587588255405426025e+02
6.587791519165039062e+02
6.587991058826446533e+02
6.588191456794738770e+02
6.588384327888488770e+02
6.588589415550231934e+02
6.588788199424743652e+02
6.588991053104400635e+02
6.589186031818389893e+02
6.589390575885772705e+02
6.589585452079772949e+02
6.589785993099212646e+02
6.589984936714172363e+02
6.590192534923553467e+02
6.590391423702239990e+02
6.590585672855377197e+02
6.590794746875762939e+02
6.590985734462738037e+02
6.591197807788848877e+02
6.591385333538055420e+02
6.591596498489379883e+02
6.591786689758300781e+02
6.591991629600524902e+02
6.592188160419464111e+02
6.592388150691986084e+02
6.592589259147644043e+02
6.592788259983062744e+02
6.592989120483398438e+02
6.593188600540161133e+02
6.593388044834136963e+02
6.593587434291839600e+02
6.593785703182220459e+02
6.593990395069122314e+02
6.594190528392791748e+02
6.594388711452484131e+02
6.594589438438415527e+02
6.594788806438446045e+02
6.594991195201873779e+02
6.595189020633697510e+02
6.595388610363006592e+02
6.595586016178131104e+02
6.595789821147918701e+02
6.595988757610321045e+02
6.596188030242919922e+02
6.596386721134185791e+02
6.596589219570159912e+02
6.596788647174835205e+02
6.596992270946502686e+02
6.597185056209564209e+02
6.597391490936279297e+02
6.597585394382476807e+02
6.597790801525115967e+02
6.597985575199127197e+02
6.598190782070159912e+02
6.598388798236846924e+02
6.598585445880889893e+02
6.598784074783325195e+02
6.598984358310699463e+02
6.599183752536773682e+02
6.599384005069732666e+02
6.599584910869598389e+02
6.599783565998077393e+02
6.599984416961669922e+02
6.600188922882080078e+02
6.600383996963500977e+02
6.600583624839782715e+02
6.600783817768096924e+02
6.600984063148498535e+02
6.601183471679687500e+02
6.601383795738220215e+02
6.601583678722381592e+02
6.601783635616302490e+02
6.601984124183654785e+02
6.602191936969757080e+02
6.602383964061737061e+02
6.602583816051483154e+02
6.602785115242004395e+02
6.602984266281127930e+02
6.603183598518371582e+02
6.603383762836456299e+02
6.603583872318267822e+02
6.603783853054046631e+02
6.604077975749969482e+02
6.604277899265289307e+02
6.604483680725097656e+02
6.604678080081939697e+02
6.604883673191070557e+02
6.605077955722808838e+02
6.605294287204742432e+02
6.605477895736694336e+02
6.605684065818786621e+02
6.605877711772918701e+02
6.606078033447265625e+02
6.606277725696563721e+02
6.606477673053741455e+02
6.606677935123443604e+02
6.606877877712249756e+02
6.607077832221984863e+02
6.607278041839599609e+02
6.607477850914001465e+02
6.607678253650665283e+02
6.607877519130706787e+02
6.608077888488769531e+02
6.608278129100799561e+02
6.608477711677551270e+02
6.608679320812225342e+02
6.608933084011077881e+02
6.609123723506927490e+02
6.609370815753936768e+02
6.609569959640502930e+02
6.609770767688751221e+02
6.609970057010650635e+02
6.610170860290527344e+02
6.610371088981628418e+02
6.610570704936981201e+02
6.610770232677459717e+02
6.610976862907409668e+02
6.611174771785736084e+02
6.611372959613800049e+02
6.611571168899536133e+02
6.611771712303161621e+02
6.611964781284332275e+02
6.612170336246490479e+02
6.612373020648956299e+02
6.612564921379089355e+02
6.612772672176361084e+02
6.612965445518493652e+02
6.613170115947723389e+02
6.613364231586456299e+02
6.613564960956573486e+02
6.613764939308166504e+02
6.613974120616912842e+02
6.614169559478759766e+02
6.614371335506439209e+02
6.614570660591125488e+02
6.614768064022064209e+02
6.614985053539276123e+02
6.615170264244079590e+02
6.615378119945526123e+02
6.615576796531677246e+02
6.615775942802429199e+02
6.615973920822143555e+02
6.616175568103790283e+02
6.616376609802246094e+02
6.616571907997131348e+02
6.616774024963378906e+02
6.616975433826446533e+02
6.617177133560180664e+02
6.617375664710998535e+02
6.617566556930541992e+02
6.617772111892700195e+02
6.617972409725189209e+02
6.618167452812194824e+02
6.618378510475158691e+02
6.618567018508911133e+02
6.618776366710662842e+02
6.618965404033660889e+02
6.619165365695953369e+02
6.619366095066070557e+02
6.619565792083740234e+02
6.619765415191650391e+02
6.619966714382171631e+02
6.620165543556213379e+02
6.620365977287292480e+02
6.620565958023071289e+02
6.620765626430511475e+02
6.620965702533721924e+02
6.621170282363891602e+02
6.621365678310394287e+02
6.621573967933654785e+02
6.621770415306091309e+02
6.621971156597137451e+02
6.622165994644165039e+02
6.622365193367004395e+02
6.622572593688964844e+02
6.622768976688385010e+02
6.622970306873321533e+02
6.623165440559387207e+02
6.623370792865753174e+02
6.623571722507476807e+02
6.623772373199462891e+02
6.623965313434600830e+02
6.624165313243865967e+02
6.624366195201873779e+02
6.624566211700439453e+02
6.624765322208404541e+02
6.624965512752532959e+02
6.625165264606475830e+02
6.625365467071533203e+02
6.625565197467803955e+02
6.625765252113342285e+02
6.625968315601348877e+02
6.626170823574066162e+02
6.626365222930908203e+02
6.626565155982971191e+02
6.626765096187591553e+02
6.626967425346374512e+02
6.627171750068664551e+02
6.627375819683074951e+02
6.627563881874084473e+02
6.627769386768341064e+02
6.627969064712524414e+02
6.628165297508239746e+02
6.628374755382537842e+02
6.628570916652679443e+02
6.628770573139190674e+02
6.628965909481048584e+02
6.629171512126922607e+02
6.629371042251586914e+02
6.629578847885131836e+02
6.629764721393585205e+02
6.629970538616180420e+02
6.630170586109161377e+02
6.630379266738891602e+02
6.630568776130676270e+02
6.630771842002868652e+02
6.630971577167510986e+02
6.631173028945922852e+02
6.631371724605560303e+02
6.631573381423950195e+02
6.631770164966583252e+02
6.631969661712646484e+02
6.632171428203582764e+02
6.632371153831481934e+02
6.632565488815307617e+02
6.632766985893249512e+02
6.632969129085540771e+02
6.633171541690826416e+02
6.633371140956878662e+02
6.633571979999542236e+02
6.633773837089538574e+02
6.633966996669769287e+02
6.634180681705474854e+02
6.634366788864135742e+02
6.634565429687500000e+02
6.634775445461273193e+02
6.634968905448913574e+02
6.635174632072448730e+02
6.635371282100677490e+02
6.635568466186523438e+02
6.635767822265625000e+02
6.635972828865051270e+02
6.636169621944427490e+02
6.636365292072296143e+02
6.636565260887145996e+02
6.636830716133117676e+02
6.637039241790771484e+02
6.637239627838134766e+02
6.637431936264038086e+02
6.637630472183227539e+02
6.637830536365509033e+02
6.638031711578369141e+02
6.638232583999633789e+02
6.638430318832397461e+02
6.638631277084350586e+02
6.638830785751342773e+02
6.639031105041503906e+02
6.639237241744995117e+02
6.639435958862304688e+02
6.639633741378784180e+02
6.639836285114288330e+02
6.640037143230438232e+02
6.640234484672546387e+02
6.640437028408050537e+02
6.640638234615325928e+02
6.640840241909027100e+02
6.641035401821136475e+02
6.641236896514892578e+02
6.641438074111938477e+02
6.641637606620788574e+02
6.641836462020874023e+02
6.642040116786956787e+02
6.642239375114440918e+02
6.642435851097106934e+02
6.642633128166198730e+02
6.642834947109222412e+02
6.643033683300018311e+02
6.643243370056152344e+02
6.643435137271881104e+02
6.643636698722839355e+02
6.643830840587615967e+02
6.644039540290832520e+02
6.644290218353271484e+02
6.644478688240051270e+02
6.644678273200988770e+02
6.644881787300109863e+02
6.645077896118164062e+02
6.645280282497406006e+02
6.645483345985412598e+02
6.645684356689453125e+02
6.645879540443420410e+02
6.646077671051025391e+02
6.646279425621032715e+02
6.646486582756042480e+02
6.646681952476501465e+02
6.646881518363952637e+02
6.647074291706085205e+02
6.647281470298767090e+02
6.647479813098907471e+02
6.647678599357604980e+02
6.647874727249145508e+02
6.648074226379394531e+02
6.648275198936462402e+02
6.648479099273681641e+02
6.648676381111145020e+02
6.648879284858703613e+02
6.649077353477478027e+02
6.649278833866119385e+02
6.649477314949035645e+02
6.649685537815093994e+02
6.649899246692657471e+02
6.650079417228698730e+02
6.650279259681701660e+02
6.650481860637664795e+02
6.650683779716491699e+02
6.650883250236511230e+02
6.651075472831726074e+02
6.651279430389404297e+02
6.651478288173675537e+02
6.651681647300720215e+02
6.651879503726959229e+02
6.652087972164154053e+02
6.652278308868408203e+02
6.652478795051574707e+02
6.652678744792938232e+02
6.652883732318878174e+02
6.653080432415008545e+02
6.653279850482940674e+02
6.653476734161376953e+02
6.653682088851928711e+02
6.653880200386047363e+02
6.654084610939025879e+02
6.654279081821441650e+02
6.654485266208648682e+02
6.654678919315338135e+02
6.654878764152526855e+02
6.655079224109649658e+02
6.655278351306915283e+02
6.655478940010070801e+02
6.655678498744964600e+02
6.655886549949645996e+02
6.656082255840301514e+02
6.656276037693023682e+02
6.656487171649932861e+02
6.656681132316589355e+02
6.656878936290740967e+02
6.657079632282257080e+02
6.657276034355163574e+02
6.657487013339996338e+02
6.657677235603332520e+02
6.657880878448486328e+02
6.658076081275939941e+02
6.658279211521148682e+02
6.658480544090270996e+02
6.658679382801055908e+02
6.658878834247589111e+02
6.659076108932495117e+02
6.659278533458709717e+02
6.659477550983428955e+02
6.659682841300964355e+02
6.659875800609588623e+02
6.660085504055023193e+02
6.660277688503265381e+02
6.660476346015930176e+02
6.660673534870147705e+02
6.660879426002502441e+02
6.661079947948455811e+02
6.661280074119567871e+02
6.661479544639587402e+02
6.661673336029052734e+02
6.661882822513580322e+02
6.662078707218170166e+02
6.662280499935150146e+02
6.662482392787933350e+02
6.662678644657135010e+02
6.662878737449645996e+02
6.663076868057250977e+02
6.663282396793365479e+02
6.663479731082916260e+02
6.663683123588562012e+02
6.663885517120361328e+02
6.664076533317565918e+02
6.664285027980804443e+02
6.664482598304748535e+02
6.664683339595794678e+02
6.664890999794006348e+02
6.665085699558258057e+02
6.665279905796051025e+02
6.665479917526245117e+02
6.665678403377532959e+02
6.665880067348480225e+02
6.666078245639801025e+02
6.666282503604888916e+02
6.666479442119598389e+02
6.666676759719848633e+02
6.666883819103240967e+02
6.667081267833709717e+02
6.667280097007751465e+02
6.667477328777313232e+02
6.667679491043090820e+02
6.667878222465515137e+02
6.668082432746887207e+02
6.668274042606353760e+02
6.668479361534118652e+02
6.668679993152618408e+02
6.668881700038909912e+02
6.669074072837829590e+02
6.669281530380249023e+02
6.669480619430541992e+02
6.669674568176269531e+02
6.669873840808868408e+02
6.670079109668731689e+02
6.670296707153320312e+02
6.670480740070343018e+02
6.670678548812866211e+02
6.670883500576019287e+02
6.671081845760345459e+02
6.671279492378234863e+02
6.671473126411437988e+02
6.671679668426513672e+02
6.671879594326019287e+02
6.672082755565643311e+02
6.672281434535980225e+02
6.672475211620330811e+02
6.672676365375518799e+02
6.672880032062530518e+02
6.673082780838012695e+02
6.673279743194580078e+02
6.673484916687011719e+02
6.673684577941894531e+02
6.673882904052734375e+02
6.674085071086883545e+02
6.674311232566833496e+02
6.674479839801788330e+02
6.674680805206298828e+02
6.674884233474731445e+02
6.675079591274261475e+02
6.675276229381561279e+02
6.675476174354553223e+02
6.675683684349060059e+02
6.675876283645629883e+02
6.676079318523406982e+02
6.676286146640777588e+02
6.676479189395904541e+02
6.676686544418334961e+02
6.676885094642639160e+02
6.677076086997985840e+02
6.677279462814331055e+02
6.677479443550109863e+02
6.677678868770599365e+02
6.677881886959075928e+02
6.678079297542572021e+02
6.678279325962066650e+02
6.678481793403625488e+02
6.678680055141448975e+02
6.678894767761230469e+02
6.679079861640930176e+02
6.679278664588928223e+02
6.679479284286499023e+02
6.679679658412933350e+02
6.679878838062286377e+02
6.680079495906829834e+02
6.680280311107635498e+02
6.680481817722320557e+02
6.680675234794616699e+02
6.680903966426849365e+02
6.681083552837371826e+02
6.681283273696899414e+02
6.681482725143432617e+02
6.681679279804229736e+02
6.681887052059173584e+02
6.682076506614685059e+02
6.682285714149475098e+02
6.682485094070434570e+02
6.682687482833862305e+02
6.682879424095153809e+02
6.683079159259796143e+02
6.683281874656677246e+02
6.683478820323944092e+02
6.683678689002990723e+02
6.683879466056823730e+02
6.684081058502197266e+02
6.684278228282928467e+02
6.684479367733001709e+02
6.684682161808013916e+02
6.684884908199310303e+02
6.685085327625274658e+02
6.685284175872802734e+02
6.685485424995422363e+02
6.685682163238525391e+02
6.685880558490753174e+02
6.686084921360015869e+02
6.686324391365051270e+02
6.686524708271026611e+02
6.686722822189331055e+02
6.686919760704040527e+02
6.687135484218597412e+02
6.687320957183837891e+02
6.687530455589294434e+02
6.687724988460540771e+02
6.687918956279754639e+02
6.688156836032867432e+02
6.688325107097625732e+02
6.688537583351135254e+02
6.688718900680541992e+02
6.688919765949249268e+02
6.689119019508361816e+02
6.689319541454315186e+02
6.689518949985504150e+02
6.689719862937927246e+02
6.689918940067291260e+02
6.690118703842163086e+02
6.690330688953399658e+02
6.690520200729370117e+02
6.690721831321716309e+02
6.690936462879180908e+02
6.691125819683074951e+02
6.691330025196075439e+02
6.691529088020324707e+02
6.691727881431579590e+02
6.691920528411865234e+02
6.692117984294891357e+02
6.692334616184234619e+02
6.692525594234466553e+02
6.692726345062255859e+02
6.692982568740844727e+02
6.693174848556518555e+02
6.693374488353729248e+02
6.693574638366699219e+02
6.693773770332336426e+02
6.693974869251251221e+02
6.694174356460571289e+02
6.694377419948577881e+02
6.694574558734893799e+02
6.694773013591766357e+02
6.694975240230560303e+02
6.695175538063049316e+02
6.695375258922576904e+02
6.695576345920562744e+02
6.695767965316772461e+02
6.695982141494750977e+02
6.696169433593750000e+02
6.696374642848968506e+02
6.696575610637664795e+02
6.696772418022155762e+02
6.696968157291412354e+02
6.697168631553649902e+02
6.697368030548095703e+02
6.697571926116943359e+02
6.697768075466156006e+02
6.697976162433624268e+02
6.698183259963989258e+02
6.698370413780212402e+02
6.698577346801757812e+02
6.698774702548980713e+02
6.698977172374725342e+02
6.699173882007598877e+02
6.699374759197235107e+02
6.699575419425964355e+02
6.699780054092407227e+02
6.699973950386047363e+02
6.700173993110656738e+02
6.700373399257659912e+02
6.700574536323547363e+02
6.700773901939392090e+02
6.700974798202514648e+02
6.701177477836608887e+02
6.701376373767852783e+02
6.701569583415985107e+02
6.701767675876617432e+02
6.701976325511932373e+02
6.702169783115386963e+02
6.702373259067535400e+02
6.702569859027862549e+02
6.702769982814788818e+02
6.702977101802825928e+02
6.703174014091491699e+02
6.703373186588287354e+02
6.703574509620666504e+02
6.703774635791778564e+02
6.703977859020233154e+02
6.704169013500213623e+02
6.704367964267730713e+02
6.704568176269531250e+02
6.704774782657623291e+02
6.704973855018615723e+02
6.705176680088043213e+02
6.705374197959899902e+02
6.705573971271514893e+02
6.705770049095153809e+02
6.705975904464721680e+02
6.706173679828643799e+02
6.706373727321624756e+02
6.706575598716735840e+02
6.706774618625640869e+02
6.706975495815277100e+02
6.707170948982238770e+02
6.707370781898498535e+02
6.707569956779479980e+02
6.707774684429168701e+02
6.707973749637603760e+02
6.708175055980682373e+02
6.708374423980712891e+02
6.708574469089508057e+02
6.708774187564849854e+02
6.708969895839691162e+02
6.709172024726867676e+02
6.709374971389770508e+02
6.709570374488830566e+02
6.709773015975952148e+02
6.709972195625305176e+02
6.710173799991607666e+02
6.710370228290557861e+02
6.710583791732788086e+02
6.710774986743927002e+02
6.710974025726318359e+02
6.711184589862823486e+02
6.711374583244323730e+02
6.711573336124420166e+02
6.711773021221160889e+02
6.711976351737976074e+02
6.712173416614532471e+02
6.712382259368896484e+02
6.712569508552551270e+02
6.712781260013580322e+02
6.712974386215209961e+02
6.713173639774322510e+02
6.713374857902526855e+02
6.713570036888122559e+02
6.713775873184204102e+02
6.713976893424987793e+02
6.714204339981079102e+02
6.714369194507598877e+02
6.714587507247924805e+02
6.714774255752563477e+02
6.714969546794891357e+02
6.715172493457794189e+02
6.715371055603027344e+02
6.715573346614837646e+02
6.715775313377380371e+02
6.715972659587860107e+02
6.716169087886810303e+02
6.716369206905364990e+02
6.716577785015106201e+02
6.716775879859924316e+02
6.716974966526031494e+02
6.717174205780029297e+02
6.717374477386474609e+02
6.717576055526733398e+02
6.717776408195495605e+02
6.717974445819854736e+02
6.718175640106201172e+02
6.718373119831085205e+02
6.718596737384796143e+02
6.718773753643035889e+02
6.718972911834716797e+02
6.719177486896514893e+02
6.719374039173126221e+02
6.719575824737548828e+02
6.719769732952117920e+02
6.719977858066558838e+02
6.720169670581817627e+02
6.720377149581909180e+02
6.720574128627777100e+02
6.720773763656616211e+02
6.720974488258361816e+02
6.721174335479736328e+02
6.721381053924560547e+02
6.721575710773468018e+02
6.721774568557739258e+02
6.721980898380279541e+02
6.722235522270202637e+02
6.722434709072113037e+02
6.722632732391357422e+02
6.722833812236785889e+02
6.723034076690673828e+02
6.723232638835906982e+02
6.723430905342102051e+02
6.723730301856994629e+02
6.723925950527191162e+02
6.724129056930541992e+02
6.724331047534942627e+02
6.724534151554107666e+02
6.724731051921844482e+02
6.724929907321929932e+02
6.725143563747406006e+02
6.725327939987182617e+02
6.725527260303497314e+02
6.725729596614837646e+02
6.725938067436218262e+02
6.726123363971710205e+02
6.726330204010009766e+02
6.726529641151428223e+02
6.726729617118835449e+02
6.726929018497467041e+02
6.727130608558654785e+02
6.727330446243286133e+02
6.727531526088714600e+02
6.727723140716552734e+02
6.727924079895019531e+02
6.728127732276916504e+02
6.728323841094970703e+02
6.728529562950134277e+02
6.728724634647369385e+02
6.728927860260009766e+02
6.729152712821960449e+02
6.729327676296234131e+02
6.729530401229858398e+02
6.729729061126708984e+02
6.729926714897155762e+02
6.730130372047424316e+02
6.730329031944274902e+02
6.730529758930206299e+02
6.730726821422576904e+02
6.730930104255676270e+02
6.731129031181335449e+02
6.731327171325683594e+02
6.731533617973327637e+02
6.731733040809631348e+02
6.731930880546569824e+02
6.732137737274169922e+02
6.732328164577484131e+02
6.732533321380615234e+02
6.732735486030578613e+02
6.732928898334503174e+02
6.733136401176452637e+02
6.733328528404235840e+02
6.733534119129180908e+02
6.733734438419342041e+02
6.733934645652770996e+02
6.734136180877685547e+02
6.734329004287719727e+02
6.734532816410064697e+02
6.734734404087066650e+02
6.734925217628479004e+02
6.735128185749053955e+02
6.735331025123596191e+02
6.735528376102447510e+02
6.735723786354064941e+02
6.735925400257110596e+02
6.736126382350921631e+02
6.736331691741943359e+02
6.736524026393890381e+02
6.736732621192932129e+02
6.736926288604736328e+02
6.737126078605651855e+02
6.737328948974609375e+02
6.737532010078430176e+02
6.737725822925567627e+02
6.737924275398254395e+02
6.738140330314636230e+02
6.738323719501495361e+02
6.738529593944549561e+02
6.738729643821716309e+02
6.738930580615997314e+02
6.739129440784454346e+02
6.739329667091369629e+02
6.739532437324523926e+02
6.739729833602905273e+02
6.739929969310760498e+02
6.740128836631774902e+02
6.740335114002227783e+02
6.740524849891662598e+02
6.740734920501708984e+02
6.740922799110412598e+02
6.741129758358001709e+02
6.741329581737518311e+02
6.741530656814575195e+02
6.741730411052703857e+02
6.741929028034210205e+02
6.742130134105682373e+02
6.742329001426696777e+02
6.742528996467590332e+02
6.742737145423889160e+02
6.742929155826568604e+02
6.743131885528564453e+02
6.743330657482147217e+02
6.743530402183532715e+02
6.743729188442230225e+02
6.743931615352630615e+02
6.744133098125457764e+02
6.744334452152252197e+02
6.744530222415924072e+02
6.744734828472137451e+02
6.744923720359802246e+02
6.745128443241119385e+02
6.745330424308776855e+02
6.745529296398162842e+02
6.745728323459625244e+02
6.745929424762725830e+02
6.746129384040832520e+02
6.746328299045562744e+02
6.746534161567687988e+02
6.746723785400390625e+02
6.746992332935333252e+02
6.747191538810729980e+02
6.747392048835754395e+02
6.747596461772918701e+02
6.747796454429626465e+02
6.747995653152465820e+02
6.748198037147521973e+02
6.748397729396820068e+02
6.748594255447387695e+02
6.748795447349548340e+02
6.748996074199676514e+02
6.749197688102722168e+02
6.749396698474884033e+02
6.749607193470001221e+02
6.749794774055480957e+02
6.749999189376831055e+02
6.750196380615234375e+02
6.750397739410400391e+02
6.750596449375152588e+02
6.750792169570922852e+02
6.751002521514892578e+02
6.751197907924652100e+02
6.751396329402923584e+02
6.751591670513153076e+02
6.751801822185516357e+02
6.751989707946777344e+02
6.752201731204986572e+02
6.752404468059539795e+02
6.752595615386962891e+02
6.752799279689788818e+02
6.752994053363800049e+02
6.753198916912078857e+02
6.753391702175140381e+02
6.753604214191436768e+02
6.753798501491546631e+02
6.753991689682006836e+02
6.754198374748229980e+02
6.754391384124755859e+02
6.754591209888458252e+02
6.754796605110168457e+02
6.754995763301849365e+02
6.755196290016174316e+02
6.755394439697265625e+02
6.755598249435424805e+02
6.755797345638275146e+02
6.755997865200042725e+02
6.756196229457855225e+02
6.756398444175720215e+02
6.756591947078704834e+02
6.756791961193084717e+02
6.756991322040557861e+02
6.757196326255798340e+02
6.757391297817230225e+02
6.757591593265533447e+02
6.757791774272918701e+02
6.757992212772369385e+02
6.758195822238922119e+02
6.758396620750427246e+02
6.758596107959747314e+02
6.758796167373657227e+02
6.758995742797851562e+02
6.759192059040069580e+02
6.759395530223846436e+02
6.759593880176544189e+02
6.759799234867095947e+02
6.759997284412384033e+02
6.760196857452392578e+02
6.760395607948303223e+02
6.760595371723175049e+02
6.760793108940124512e+02
6.761000332832336426e+02
6.761230404376983643e+02
6.761394808292388916e+02
6.761596648693084717e+02
6.761794300079345703e+02
6.761996040344238281e+02
6.762195994853973389e+02
6.762396507263183594e+02
6.762595307826995850e+02
6.762796025276184082e+02
6.762996845245361328e+02
6.763196175098419189e+02
6.763396942615509033e+02
6.763595092296600342e+02
6.763797311782836914e+02
6.763995831012725830e+02
6.764197893142700195e+02
6.764397175312042236e+02
6.764588861465454102e+02
6.764800112247467041e+02
6.764995338916778564e+02
6.765195426940917969e+02
6.765399117469787598e+02
6.765591771602630615e+02
6.765801548957824707e+02
6.765991299152374268e+02
6.766203944683074951e+02
6.766394877433776855e+02
6.766596450805664062e+02
6.766792359352111816e+02
6.766996369361877441e+02
6.767195003032684326e+02
6.767392196655273438e+02
6.767598786354064941e+02
6.767791223526000977e+02
6.767992098331451416e+02
6.768195085525512695e+02
6.768401572704315186e+02
6.768594908714294434e+02
6.768791005611419678e+02
6.769003169536590576e+02
6.769193167686462402e+02
6.769429099559783936e+02
6.769595921039581299e+02
6.769796788692474365e+02
6.769997313022613525e+02
6.770191831588745117e+02
6.770396752357482910e+02
6.770591716766357422e+02
6.770887761116027832e+02
6.771091070175170898e+02
6.771286101341247559e+02
6.771489503383636475e+02
6.771688880920410156e+02
6.771888954639434814e+02
6.772088925838470459e+02
6.772289729118347168e+02
6.772489237785339355e+02
6.772692756652832031e+02
6.772896330356597900e+02
6.773089835643768311e+02
6.773291921615600586e+02
6.773487200736999512e+02
6.773694527149200439e+02
6.773885295391082764e+02
6.774086773395538330e+02
6.774288740158081055e+02
6.774485399723052979e+02
6.774684841632843018e+02
6.774885210990905762e+02
6.775085420608520508e+02
6.775288989543914795e+02
6.775485262870788574e+02
6.775686001777648926e+02
6.775885813236236572e+02
6.776090919971466064e+02
6.776290459632873535e+02
6.776485097408294678e+02
6.776688027381896973e+02
6.776888897418975830e+02
6.777089939117431641e+02
6.777290050983428955e+02
6.777489879131317139e+02
6.777689421176910400e+02
6.777889480590820312e+02
6.778140435218811035e+02
6.778341691493988037e+02
6.778543846607208252e+02
6.778741853237152100e+02
6.778941743373870850e+02
6.779140961170196533e+02
6.779337687492370605e+02
6.779537858963012695e+02
6.779744062423706055e+02
6.779939734935760498e+02
6.780140640735626221e+02
6.780338611602783203e+02
6.780540502071380615e+02
6.780742118358612061e+02
6.780996754169464111e+02
6.781191363334655762e+02
6.781387486457824707e+02
6.781600339412689209e+02
6.781791534423828125e+02
6.781992049217224121e+02
6.782192046642303467e+02
6.782390954494476318e+02
6.782591426372528076e+02
6.782791905403137207e+02
6.782992699146270752e+02
6.783204877376556396e+02
6.783391225337982178e+02
6.783597521781921387e+02
6.783791940212249756e+02
6.783992059230804443e+02
6.784189131259918213e+02
6.784392802715301514e+02
6.784596726894378662e+02
6.784790608882904053e+02
6.784994978904724121e+02
6.785187773704528809e+02
6.785394318103790283e+02
6.785592722892761230e+02
6.785791571140289307e+02
6.785991289615631104e+02
6.786191394329071045e+02
6.786392037868499756e+02
6.786591680049896240e+02
6.786791136264801025e+02
6.786995024681091309e+02
6.787194914817810059e+02
6.787390680313110352e+02
6.787593321800231934e+02
6.787787773609161377e+02
6.787992575168609619e+02
6.788191874027252197e+02
6.788392524719238281e+02
6.788592224121093750e+02
6.788795926570892334e+02
6.788997173309326172e+02
6.789286186695098877e+02
6.789488682746887207e+02
6.789677097797393799e+02
6.789881737232208252e+02
6.790083744525909424e+02
6.790283164978027344e+02
6.790488197803497314e+02
6.790682890415191650e+02
6.790877151489257812e+02
6.791084344387054443e+02
6.791278359889984131e+02
6.791485040187835693e+02
6.791685833930969238e+02
6.791883113384246826e+02
6.792082448005676270e+02
6.792289228439331055e+02
6.792486984729766846e+02
6.792686817646026611e+02
6.792939083576202393e+02
6.793141717910766602e+02
6.793342423439025879e+02
6.793543040752410889e+02
6.793745877742767334e+02
6.793945672512054443e+02
6.794147746562957764e+02
6.794346718788146973e+02
6.794545564651489258e+02
6.794742827415466309e+02
6.794946312904357910e+02
6.795146701335906982e+02
6.795345559120178223e+02
6.795536093711853027e+02
6.795742123126983643e+02
6.795947864055633545e+02
6.796146783828735352e+02
6.796344287395477295e+02
6.796539075374603271e+02
6.796740648746490479e+02
6.796943035125732422e+02
6.797137286663055420e+02
6.797346773147583008e+02
6.797535986900329590e+02
6.797736167907714844e+02
6.797958014011383057e+02
6.798138785362243652e+02
6.798347375392913818e+02
6.798548462390899658e+02
6.798737971782684326e+02
6.798941431045532227e+02
6.799150302410125732e+02
6.799345257282257080e+02
6.799546053409576416e+02
6.799744091033935547e+02
6.799945976734161377e+02
6.800147614479064941e+02
6.800346949100494385e+02
6.800548458099365234e+02
6.800743124485015869e+02
6.800935521125793457e+02
6.801137170791625977e+02
6.801337482929229736e+02
6.801540842056274414e+02
6.801741197109222412e+02
6.801941330432891846e+02
6.802215325832366943e+02
6.802410001754760742e+02
6.802612829208374023e+02
6.802813253402709961e+02
6.803013105392456055e+02
6.803211250305175781e+02
6.803413105010986328e+02
6.803619391918182373e+02
6.803818814754486084e+02
6.804018309116363525e+02
6.804217951297760010e+02
6.804417960643768311e+02
6.804620883464813232e+02
6.804809865951538086e+02
6.805019330978393555e+02
6.805209848880767822e+02
6.805416400432586670e+02
6.805611963272094727e+02
6.805817432403564453e+02
6.806017367839813232e+02
6.806218929290771484e+02
6.806419062614440918e+02
6.806619441509246826e+02
6.806815171241760254e+02
6.807017178535461426e+02
6.807223408222198486e+02
6.807413799762725830e+02
6.807612800598144531e+02
6.807821900844573975e+02
6.808014912605285645e+02
6.808280289173126221e+02
6.808477563858032227e+02
6.808697502613067627e+02
6.808870840072631836e+02
6.809076781272888184e+02
6.809268100261688232e+02
6.809477212429046631e+02
6.809678304195404053e+02
6.809876885414123535e+02
6.810074789524078369e+02
6.810277087688446045e+02
6.810470638275146484e+02
6.810676226615905762e+02
6.810872528553009033e+02
6.811071884632110596e+02
6.811272273063659668e+02
6.811472761631011963e+02
6.811665077209472656e+02
6.811871316432952881e+02
6.812067496776580811e+02
6.812272191047668457e+02
6.812471840381622314e+02
6.812673645019531250e+02
6.812873260974884033e+02
6.813072440624237061e+02
6.813277773857116699e+02
6.813469378948211670e+02
6.813671936988830566e+02
6.813873331546783447e+02
6.814071822166442871e+02
6.814273750782012939e+02
6.814471671581268311e+02
6.814672648906707764e+02
6.814876565933227539e+02
6.815074670314788818e+02
6.815276525020599365e+02
6.815473070144653320e+02
6.815682082176208496e+02
6.815887701511383057e+02
6.816067128181457520e+02
6.816277043819427490e+02
6.816474635601043701e+02
6.816675508022308350e+02
6.816872406005859375e+02
6.817071135044097900e+02
6.817271242141723633e+02
6.817470963001251221e+02
6.817670166492462158e+02
6.817871074676513672e+02
6.818073627948760986e+02
6.818274140357971191e+02
6.818473515510559082e+02
6.818671319484710693e+02
6.818868880271911621e+02
6.819071376323699951e+02
6.819272727966308594e+02
6.819470708370208740e+02
6.819667809009552002e+02
6.819873201847076416e+02
6.820068621635437012e+02
6.820272922515869141e+02
6.820471196174621582e+02
6.820670843124389648e+02
6.820871126651763916e+02
6.821069750785827637e+02
6.821266002655029297e+02
6.821468987464904785e+02
6.821717784404754639e+02
6.821918575763702393e+02
6.822129287719726562e+02
6.822317278385162354e+02
6.822519149780273438e+02
6.822717976570129395e+02
6.822932763099670410e+02
6.823125619888305664e+02
6.823327553272247314e+02
6.823529162406921387e+02
6.823724706172943115e+02
6.823927950859069824e+02
6.824128623008728027e+02
6.824370234012603760e+02
6.824621388912200928e+02
6.824816648960113525e+02
6.825012257099151611e+02
6.825213086605072021e+02
6.825413839817047119e+02
6.825613653659820557e+02
6.825816309452056885e+02
6.826018357276916504e+02
6.826213254928588867e+02
6.826415266990661621e+02
6.826619472503662109e+02
6.826819248199462891e+02
6.827020475864410400e+02
6.827221829891204834e+02
6.827418899536132812e+02
6.827626421451568604e+02
6.827818522453308105e+02
6.828013942241668701e+02
6.828220520019531250e+02
6.828418271541595459e+02
6.828622360229492188e+02
6.828819029331207275e+02
6.829018487930297852e+02
6.829219594001770020e+02
6.829418075084686279e+02
6.829620118141174316e+02
6.829817550182342529e+02
6.830020012855529785e+02
6.830220539569854736e+02
6.830421557426452637e+02
6.830618431568145752e+02
6.830822286605834961e+02
6.831020350456237793e+02
6.831218974590301514e+02
6.831422631740570068e+02
6.831619973182678223e+02
6.831820645332336426e+02
6.832019605636596680e+02
6.832218527793884277e+02
6.832420690059661865e+02
6.832620172500610352e+02
6.832823255062103271e+02
6.833021721839904785e+02
6.833221502304077148e+02
6.833420555591583252e+02
6.833619458675384521e+02
6.833821394443511963e+02
6.834019348621368408e+02
6.834221034049987793e+02
6.834422035217285156e+02
6.834620649814605713e+02
6.834819567203521729e+02
6.835018844604492188e+02
6.835219414234161377e+02
6.835419700145721436e+02
6.835627534389495850e+02
6.835819394588470459e+02
6.836019437313079834e+02
6.836221156120300293e+02
6.836419479846954346e+02
6.836620428562164307e+02
6.836818776130676270e+02
6.837026324272155762e+02
6.837219080924987793e+02
6.837417187690734863e+02
6.837626128196716309e+02
6.837818143367767334e+02
6.838017797470092773e+02
6.838218755722045898e+02
6.838419225215911865e+02
6.838620538711547852e+02
6.838819198608398438e+02
6.839020218849182129e+02
6.839219527244567871e+02
6.839418699741363525e+02
6.839620614051818848e+02
6.839818263053894043e+02
6.840021519660949707e+02
6.840219519138336182e+02
6.840419690608978271e+02
6.840619778633117676e+02
6.840817763805389404e+02
6.841022746562957764e+02
6.841215910911560059e+02
6.841435031890869141e+02
6.841622951030731201e+02
6.841819558143615723e+02
6.842025840282440186e+02
6.842216970920562744e+02
6.842421677112579346e+02
6.842618949413299561e+02
6.842818367481231689e+02
6.843012120723724365e+02
6.843215596675872803e+02
6.843416266441345215e+02
6.843615067005157471e+02
6.843817350864410400e+02
6.844018461704254150e+02
6.844212441444396973e+02
6.844412419795989990e+02
6.844615516662597656e+02
6.844815123081207275e+02
6.845015537738800049e+02
6.845218760967254639e+02
6.845416059494018555e+02
6.845620791912078857e+02
6.845818793773651123e+02
6.846020176410675049e+02
6.846215863227844238e+02
6.846424233913421631e+02
6.846621365547180176e+02
6.846820147037506104e+02
6.847019605636596680e+02
6.847222173213958740e+02
6.847416496276855469e+02
6.847615439891815186e+02
6.847820632457733154e+02
6.848014428615570068e+02
6.848219361305236816e+02
6.848412714004516602e+02
6.848614773750305176e+02
6.848820500373840332e+02
6.849018385410308838e+02
6.849219734668731689e+02
6.849420850276947021e+02
6.849621210098266602e+02
6.849816095829010010e+02
6.850023219585418701e+02
6.850212447643280029e+02
6.850418701171875000e+02
6.850620815753936768e+02
6.850818200111389160e+02
6.851019458770751953e+02
6.851223652362823486e+02
6.851412496566772461e+02
6.851619095802307129e+02
6.851820807456970215e+02
6.852016959190368652e+02
6.852220253944396973e+02
6.852418191432952881e+02
6.852619705200195312e+02
6.852817163467407227e+02
6.853018660545349121e+02
6.853220930099487305e+02
6.853419432640075684e+02
6.853618986606597900e+02
6.853821537494659424e+02
6.854018256664276123e+02
6.854219291210174561e+02
6.854415895938873291e+02
6.854621763229370117e+02
6.854820115566253662e+02
6.855020217895507812e+02
6.855220441818237305e+02
6.855420327186584473e+02
6.855620751380920410e+02
6.855819423198699951e+02
6.856022496223449707e+02
6.856219577789306641e+02
6.856418859958648682e+02
6.856620926856994629e+02
6.856818783283233643e+02
6.857020056247711182e+02
6.857219064235687256e+02
6.857419033050537109e+02
6.857623853683471680e+02
6.857818284034729004e+02
6.858020050525665283e+02
6.858221268653869629e+02
6.858423104286193848e+02
6.858620433807373047e+02
6.858820376396179199e+02
6.859019739627838135e+02
6.859224405288696289e+02
6.859419565200805664e+02
6.859614820480346680e+02
6.859820847511291504e+02
6.860015776157379150e+02
6.860220506191253662e+02
6.860426502227783203e+02
6.860619714260101318e+02
6.860812709331512451e+02
6.861016595363616943e+02
6.861219906806945801e+02
6.861419184207916260e+02
6.861617426872253418e+02
6.861826975345611572e+02
6.862022643089294434e+02
6.862222065925598145e+02
6.862419033050537109e+02
6.862620103359222412e+02
6.862818942070007324e+02
6.863021287918090820e+02
6.863212063312530518e+02
6.863417487144470215e+02
6.863613085746765137e+02
6.863813226222991943e+02
6.864012374877929688e+02
6.864213192462921143e+02
6.864423663616180420e+02
6.864613254070281982e+02
6.864822552204132080e+02
6.865013256072998047e+02
6.865215637683868408e+02
6.865417885780334473e+02
6.865627536773681641e+02
6.865815334320068359e+02
6.866020228862762451e+02
6.866214830875396729e+02
6.866424033641815186e+02
6.866616520881652832e+02
6.866822371482849121e+02
6.867020199298858643e+02
6.867219638824462891e+02
6.867424273490905762e+02
6.867619793415069580e+02
6.867817962169647217e+02
6.868018822669982910e+02
6.868218133449554443e+02
6.868418292999267578e+02
6.868617951869964600e+02
6.868826673030853271e+02
6.869020874500274658e+02
6.869214544296264648e+02
6.869417631626129150e+02
6.869620065689086914e+02
6.869820628166198730e+02
6.870014963150024414e+02
6.870219471454620361e+02
6.870421659946441650e+02
6.870622653961181641e+02
6.870825095176696777e+02
6.871021966934204102e+02
6.871219227313995361e+02
6.871423854827880859e+02
6.871615824699401855e+02
6.871820189952850342e+02
6.872018702030181885e+02
6.872220053672790527e+02
6.872421169281005859e+02
6.872623794078826904e+02
6.872819943428039551e+02
6.873027255535125732e+02
6.873220431804656982e+02
6.873419706821441650e+02
6.873616120815277100e+02
6.873819367885589600e+02
6.874015963077545166e+02
6.874215707778930664e+02
6.874416363239288330e+02
6.874618561267852783e+02
6.874814746379852295e+02
6.875018556118011475e+02
6.875216312408447266e+02
6.875422761440277100e+02
6.875615694522857666e+02
6.875825524330139160e+02
6.876017401218414307e+02
6.876227226257324219e+02
6.876412210464477539e+02
6.876613757610321045e+02
6.876819396018981934e+02
6.877023003101348877e+02
6.877220313549041748e+02
6.877419550418853760e+02
6.877618100643157959e+02
6.877816486358642578e+02
6.878023502826690674e+02
6.878220682144165039e+02
6.878421463966369629e+02
6.878621571063995361e+02
6.878819916248321533e+02
6.879017927646636963e+02
6.879219732284545898e+02
6.879421100616455078e+02
6.879616065025329590e+02
6.879815948009490967e+02
6.880014586448669434e+02
6.880223178863525391e+02
6.880414659976959229e+02
6.880619859695434570e+02
6.880819432735443115e+02
6.881016664505004883e+02
6.881218805313110352e+02
6.881419162750244141e+02
6.881619043350219727e+02
6.881820170879364014e+02
6.882018649578094482e+02
6.882220220565795898e+02
6.882420384883880615e+02
6.882618620395660400e+02
6.882821104526519775e+02
6.883123495578765869e+02
6.883315482139587402e+02
6.883514807224273682e+02
6.883716821670532227e+02
6.883913042545318604e+02
6.884120631217956543e+02
6.884318130016326904e+02
6.884515924453735352e+02
6.884717223644256592e+02
6.884916574954986572e+02
6.885112404823303223e+02
6.885312409400939941e+02
6.885512249469757080e+02
6.885719661712646484e+02
6.885918684005737305e+02
6.886117396354675293e+02
6.886315300464630127e+02
6.886512005329132080e+02
6.886715717315673828e+02
6.886912767887115479e+02
6.887116811275482178e+02
6.887314848899841309e+02
6.887514393329620361e+02
6.887712218761444092e+02
6.887912464141845703e+02
6.888113017082214355e+02
6.888312206268310547e+02
6.888512344360351562e+02
6.888712158203125000e+02
6.888912241458892822e+02
6.889112007617950439e+02
6.889312317371368408e+02
6.889517879486083984e+02
6.889723033905029297e+02
6.889911756515502930e+02
6.890121650695800781e+02
6.890311851501464844e+02
6.890515024662017822e+02
6.890718860626220703e+02
6.890918259620666504e+02
6.891115260124206543e+02
6.891317636966705322e+02
6.891522459983825684e+02
6.891712241172790527e+02
6.891912927627563477e+02
6.892116203308105469e+02
6.892318186759948730e+02
6.892522654533386230e+02
6.892715528011322021e+02
6.892913522720336914e+02
6.893117423057556152e+02
6.893316273689270020e+02
6.893527181148529053e+02
6.893718664646148682e+02
6.893917264938354492e+02
6.894112024307250977e+02
6.894333462715148926e+02
6.894513492584228516e+02
6.894719283580780029e+02
6.894915621280670166e+02
6.895112042427062988e+02
6.895312223434448242e+02
6.895512537956237793e+02
6.895714461803436279e+02
6.895912671089172363e+02
6.896114072799682617e+02
6.896312160491943359e+02
6.896515116691589355e+02
6.896712062358856201e+02
6.896915245056152344e+02
6.897123160362243652e+02
6.897321317195892334e+02
6.897510359287261963e+02
6.897716071605682373e+02
6.897911388874053955e+02
6.898116209506988525e+02
6.898320622444152832e+02
6.898512716293334961e+02
6.898718194961547852e+02
6.898918883800506592e+02
6.899118432998657227e+02
6.899315023422241211e+02
6.899515163898468018e+02
6.899716956615447998e+02
6.899916770458221436e+02
6.900112593173980713e+02
6.900311896800994873e+02
6.900517301559448242e+02
6.900712130069732666e+02
6.900919444561004639e+02
6.901112587451934814e+02
6.901316792964935303e+02
6.901515734195709229e+02
6.901720750331878662e+02
6.901918022632598877e+02
6.902117595672607422e+02
6.902315354347229004e+02
6.902517356872558594e+02
6.902709691524505615e+02
6.902912824153900146e+02
6.903112483024597168e+02
6.903319873809814453e+02
6.903515567779541016e+02
6.903717668056488037e+02
6.903914780616760254e+02
6.904120700359344482e+02
6.904313049316406250e+02
6.904514594078063965e+02
6.904722585678100586e+02
6.904914829730987549e+02
6.905119748115539551e+02
6.905314826965332031e+02
6.905515427589416504e+02
6.905715434551239014e+02
6.905915312767028809e+02
6.906114330291748047e+02
6.906313252449035645e+02
6.906517531871795654e+02
6.906718566417694092e+02
6.906915442943572998e+02
6.907117607593536377e+02
6.907315659523010254e+02
6.907519402503967285e+02
6.907711977958679199e+02
6.907916638851165771e+02
6.908114931583404541e+02
6.908324251174926758e+02
6.908520359992980957e+02
6.908710582256317139e+02
6.908914566040039062e+02
6.909120421409606934e+02
6.909321472644805908e+02
6.909516048431396484e+02
6.909714875221252441e+02
6.909917373657226562e+02
6.910114405155181885e+02
6.910319142341613770e+02
6.910509557723999023e+02
6.910713078975677490e+02
6.910917904376983643e+02
6.911124083995819092e+02
6.911320362091064453e+02
6.911515181064605713e+02
6.911720182895660400e+02
6.911919260025024414e+02
6.912120199203491211e+02
6.912320022583007812e+02
6.912518713474273682e+02
6.912721927165985107e+02
6.912920565605163574e+02
6.913123257160186768e+02
6.913314685821533203e+02
6.913520412445068359e+02
6.913719413280487061e+02
6.913920834064483643e+02
6.914119842052459717e+02
6.914316003322601318e+02
6.914515647888183594e+02
6.914715735912322998e+02
6.914914486408233643e+02
6.915122044086456299e+02
6.915320773124694824e+02
6.915517630577087402e+02
6.915719830989837646e+02
6.915914075374603271e+02
6.916119987964630127e+02
6.916320157051086426e+02
6.916516790390014648e+02
6.916717288494110107e+02
6.916920146942138672e+02
6.917111742496490479e+02
6.917319889068603516e+02
6.917509639263153076e+02
6.917721927165985107e+02
6.917914547920227051e+02
6.918118133544921875e+02
6.918318994045257568e+02
6.918534233570098877e+02
6.918710575103759766e+02
6.918912177085876465e+02
6.919120376110076904e+02
6.919320192337036133e+02
6.919520311355590820e+02
6.919709277153015137e+02
6.919918975830078125e+02
6.920121977329254150e+02
6.920320737361907959e+02
6.920519180297851562e+02
6.920719718933105469e+02
6.920919656753540039e+02
6.921114976406097412e+02
6.921318359375000000e+02
6.921519398689270020e+02
6.921719908714294434e+02
6.921918716430664062e+02
6.922120296955108643e+02
6.922319135665893555e+02
6.922514843940734863e+02
6.922722527980804443e+02
6.922921204566955566e+02
6.923119611740112305e+02
6.923323326110839844e+02
6.923520255088806152e+02
6.923722553253173828e+02
6.923920614719390869e+02
6.924122877120971680e+02
6.924315383434295654e+02
6.924513292312622070e+02
6.924712235927581787e+02
6.924910783767700195e+02
6.925134305953979492e+02
6.925314388275146484e+02
6.925512752532958984e+02
6.925710439682006836e+02
6.925913810729980469e+02
6.926127023696899414e+02
6.926321015357971191e+02
6.926519799232482910e+02
6.926782433986663818e+02
6.926986520290374756e+02
6.927188293933868408e+02
6.927390511035919189e+02
6.927588937282562256e+02
6.927785751819610596e+02
6.927978982925415039e+02
6.928188862800598145e+02
6.928391785621643066e+02
6.928585910797119141e+02
6.928789484500885010e+02
6.928991310596466064e+02
6.929187395572662354e+02
6.929478340148925781e+02
6.929674925804138184e+02
6.929874916076660156e+02
6.930079059600830078e+02
6.930272443294525146e+02
6.930493416786193848e+02
6.930672135353088379e+02
6.930875353813171387e+02
6.931081278324127197e+02
6.931272556781768799e+02
6.931472423076629639e+02
6.931672387123107910e+02
6.931869442462921143e+02
6.932075977325439453e+02
6.932265546321868896e+02
6.932479465007781982e+02
6.932665536403656006e+02
6.932872200012207031e+02
6.933076913356781006e+02
6.933268532752990723e+02
6.933493790626525879e+02
6.933675565719604492e+02
6.933873682022094727e+02
6.934074108600616455e+02
6.934273660182952881e+02
6.934472594261169434e+02
6.934673452377319336e+02
6.934873299598693848e+02
6.935072948932647705e+02
6.935272030830383301e+02
6.935475082397460938e+02
6.935672533512115479e+02
6.935873417854309082e+02
6.936072521209716797e+02
6.936273887157440186e+02
6.936466672420501709e+02
6.936675035953521729e+02
6.936872458457946777e+02
6.937065849304199219e+02
6.937273375988006592e+02
6.937467992305755615e+02
6.937674343585968018e+02
6.937874090671539307e+02
6.938073854446411133e+02
6.938272969722747803e+02
6.938465859889984131e+02
6.938667309284210205e+02
6.938874332904815674e+02
6.939065997600555420e+02
6.939267702102661133e+02
6.939469904899597168e+02
6.939667215347290039e+02
6.939873220920562744e+02
6.940070774555206299e+02
6.940275318622589111e+02
6.940475106239318848e+02
6.940674180984497070e+02
6.940869390964508057e+02
6.941075885295867920e+02
6.941273279190063477e+02
6.941476137638092041e+02
6.941671190261840820e+02
6.941873738765716553e+02
6.942073409557342529e+02
6.942274537086486816e+02
6.942475762367248535e+02
6.942674148082733154e+02
6.942872881889343262e+02
6.943074462413787842e+02
6.943269894123077393e+02
6.943475546836853027e+02
6.943670415878295898e+02
6.943881020545959473e+02
6.944069693088531494e+02
6.944279859066009521e+02
6.944473931789398193e+02
6.944675126075744629e+02
6.944876730442047119e+02
6.945066099166870117e+02
6.945272159576416016e+02
6.945475142002105713e+02
6.945666100978851318e+02
6.945874929428100586e+02
6.946078298091888428e+02
6.946273806095123291e+02
6.946472599506378174e+02
6.946672642230987549e+02
6.946874217987060547e+02
6.947073483467102051e+02
6.947268276214599609e+02
6.947474324703216553e+02
6.947672519683837891e+02
6.947873923778533936e+02
6.948071870803833008e+02
6.948275969028472900e+02
6.948472805023193359e+02
6.948784766197204590e+02
6.948983519077301025e+02
6.949184107780456543e+02
6.949384684562683105e+02
6.949588060379028320e+02
6.949783201217651367e+02
6.949983768463134766e+02
6.950183887481689453e+02
6.950385670661926270e+02
6.950584669113159180e+02
6.950784468650817871e+02
6.950987584590911865e+02
6.951180129051208496e+02
6.951384735107421875e+02
6.951661512851715088e+02
6.951855411529541016e+02
6.952052519321441650e+02
6.952253668308258057e+02
6.952454402446746826e+02
6.952658534049987793e+02
6.952856462001800537e+02
6.953056037425994873e+02
6.953269076347351074e+02
6.953456487655639648e+02
6.953657183647155762e+02
6.953851711750030518e+02
6.954051318168640137e+02
6.954253022670745850e+02
6.954450392723083496e+02
6.954652292728424072e+02
6.954851205348968506e+02
6.955051450729370117e+02
6.955253264904022217e+02
6.955451483726501465e+02
6.955654265880584717e+02
6.955856626033782959e+02
6.956056227684020996e+02
6.956257016658782959e+02
6.956449160575866699e+02
6.956653707027435303e+02
6.956851058006286621e+02
6.957055392265319824e+02
6.957253158092498779e+02
6.957451989650726318e+02
6.957652294635772705e+02
6.957852706909179688e+02
6.958049910068511963e+02
6.958341889381408691e+02
6.958548376560211182e+02
6.958746781349182129e+02
6.958946592807769775e+02
6.959146690368652344e+02
6.959346358776092529e+02
6.959546568393707275e+02
6.959744668006896973e+02
6.959945247173309326e+02
6.960143532752990723e+02
6.960345931053161621e+02
6.960545239448547363e+02
6.960747463703155518e+02
6.960947208404541016e+02
6.961143443584442139e+02
6.961345539093017578e+02
6.961539175510406494e+02
6.961745102405548096e+02
6.961945078372955322e+02
6.962140929698944092e+02
6.962346067428588867e+02
6.962545418739318848e+02
6.962744104862213135e+02
6.962947342395782471e+02
6.963145809173583984e+02
6.963345892429351807e+02
6.963545217514038086e+02
6.963743119239807129e+02
6.963945834636688232e+02
6.964142673015594482e+02
6.964344413280487061e+02
6.964545111656188965e+02
6.964746916294097900e+02
6.964938697814941406e+02
6.965141918659210205e+02
6.965347843170166016e+02
6.965545141696929932e+02
6.965745601654052734e+02
6.965943911075592041e+02
6.966144673824310303e+02
6.966345989704132080e+02
6.966543216705322266e+02
6.966743395328521729e+02
6.966945197582244873e+02
6.967145011425018311e+02
6.967345192432403564e+02
6.967546601295471191e+02
6.967741894721984863e+02
6.967937314510345459e+02
6.968139522075653076e+02
6.968342995643615723e+02
6.968542096614837646e+02
6.968741765022277832e+02
6.968940899372100830e+02
6.969141771793365479e+02
6.969342594146728516e+02
6.969540646076202393e+02
6.969741847515106201e+02
6.969942779541015625e+02
6.970137255191802979e+02
6.970342245101928711e+02
6.970540652275085449e+02
6.970742242336273193e+02
6.970940973758697510e+02
6.971141314506530762e+02
6.971339831352233887e+02
6.971539700031280518e+02
6.971740849018096924e+02
6.971937165260314941e+02
6.972136821746826172e+02
6.972341639995574951e+02
6.972539801597595215e+02
6.972741277217864990e+02
6.972940213680267334e+02
6.973139626979827881e+02
6.973340523242950439e+02
6.973541238307952881e+02
6.973740084171295166e+02
6.973943512439727783e+02
6.974141607284545898e+02
6.974341897964477539e+02
6.974556708335876465e+02
6.974739573001861572e+02
6.974940543174743652e+02
6.975148980617523193e+02
6.975341491699218750e+02
6.975676436424255371e+02
6.975875051021575928e+02
6.976075341701507568e+02
6.976274294853210449e+02
6.976474153995513916e+02
6.976676530838012695e+02
6.976874768733978271e+02
6.977077589035034180e+02
6.977275483608245850e+02
6.977476344108581543e+02
6.977675275802612305e+02
6.977875905036926270e+02
6.978076715469360352e+02
6.978279609680175781e+02
6.978475992679595947e+02
6.978674476146697998e+02
6.978875377178192139e+02
6.979077198505401611e+02
6.979274790287017822e+02
6.979476752281188965e+02
6.979673964977264404e+02
6.979874515533447266e+02
6.980075256824493408e+02
6.980279836654663086e+02
6.980475621223449707e+02
6.980676932334899902e+02
6.980869958400726318e+02
6.981075422763824463e+02
6.981280319690704346e+02
6.981474757194519043e+02
6.981667807102203369e+02
6.981875426769256592e+02
6.982076752185821533e+02
6.982276296615600586e+02
6.982476513385772705e+02
6.982676727771759033e+02
6.982877669334411621e+02
6.983084893226623535e+02
6.983277075290679932e+02
6.983482508659362793e+02
6.983675472736358643e+02
6.983882477283477783e+02
6.984084179401397705e+02
6.984267308712005615e+02
6.984473779201507568e+02
6.984671335220336914e+02
6.984879570007324219e+02
6.985072569847106934e+02
6.985271303653717041e+02
6.985471022129058838e+02
6.985673511028289795e+02
6.985875039100646973e+02
6.986075115203857422e+02
6.986273958683013916e+02
6.986474311351776123e+02
6.986672616004943848e+02
6.986879503726959229e+02
6.987075884342193604e+02
6.987275269031524658e+02
6.987471668720245361e+02
6.987675199508666992e+02
6.987874114513397217e+02
6.988073422908782959e+02
6.988273797035217285e+02
6.988473672866821289e+02
6.988673124313354492e+02
6.988873851299285889e+02
6.989075477123260498e+02
6.989274852275848389e+02
6.989472913742065430e+02
6.989674727916717529e+02
6.989869861602783203e+02
6.990074200630187988e+02
6.990274195671081543e+02
6.990473284721374512e+02
6.990673415660858154e+02
6.990874023437500000e+02
6.991076118946075439e+02
6.991273579597473145e+02
6.991473743915557861e+02
6.991673951148986816e+02
6.991873910427093506e+02
6.992070877552032471e+02
6.992275273799896240e+02
6.992473649978637695e+02
6.992674350738525391e+02
6.992874639034271240e+02
6.993075728416442871e+02
6.993276205062866211e+02
6.993475456237792969e+02
6.993675415515899658e+02
6.993875906467437744e+02
6.994073581695556641e+02
6.994275496006011963e+02
6.994473159313201904e+02
6.994671831130981445e+02
6.994873895645141602e+02
6.995077202320098877e+02
6.995277023315429688e+02
6.995474200248718262e+02
6.995681362152099609e+02
6.995867972373962402e+02
6.996075267791748047e+02
6.996275207996368408e+02
6.996474668979644775e+02
6.996693477630615234e+02
6.996876909732818604e+02
6.997075991630554199e+02
6.997273886203765869e+02
6.997521283626556396e+02
6.997723171710968018e+02
6.997920973300933838e+02
6.998121562004089355e+02
6.998325438499450684e+02
6.998523783683776855e+02
6.998724153041839600e+02
6.998986494541168213e+02
6.999179272651672363e+02
6.999376659393310547e+02
6.999682095050811768e+02
6.999865925312042236e+02
7.000075633525848389e+02
7.000271704196929932e+02
7.000469036102294922e+02
7.000670204162597656e+02
7.000870213508605957e+02
7.001078624725341797e+02
7.001273710727691650e+02
7.001472706794738770e+02
7.001671352386474609e+02
7.001871266365051270e+02
7.002071020603179932e+02
7.002272617816925049e+02
7.002479007244110107e+02
7.002670683860778809e+02
7.002873525619506836e+02
7.003073742389678955e+02
7.003271746635437012e+02
7.003475189208984375e+02
7.003673062324523926e+02
7.003875491619110107e+02
7.004071609973907471e+02
7.004274230003356934e+02
7.004476108551025391e+02
7.004673590660095215e+02
7.004866597652435303e+02
7.005072376728057861e+02
7.005274801254272461e+02
7.005485193729400635e+02
7.005666437149047852e+02
7.005884232521057129e+02
7.006073613166809082e+02
7.006280088424682617e+02
7.006469259262084961e+02
7.006671819686889648e+02
7.006873600482940674e+02
7.007075448036193848e+02
7.007273180484771729e+02
7.007475094795227051e+02
7.007673408985137939e+02
7.007865834236145020e+02
7.008073682785034180e+02
7.008271343708038330e+02
7.008473381996154785e+02
7.008673043251037598e+02
7.008873188495635986e+02
7.009074141979217529e+02
7.009278886318206787e+02
7.009472386837005615e+02
7.009673304557800293e+02
7.009872975349426270e+02
7.010075221061706543e+02
7.010272755622863770e+02
7.010473935604095459e+02
7.010674080848693848e+02
7.010872597694396973e+02
7.011075353622436523e+02
7.011271026134490967e+02
7.011477143764495850e+02
7.011678776741027832e+02
7.011871719360351562e+02
7.012073187828063965e+02
7.012265880107879639e+02
7.012472786903381348e+02
7.012670669555664062e+02
7.012866683006286621e+02
7.013072235584259033e+02
7.013271954059600830e+02
7.013466765880584717e+02
7.013667602539062500e+02
7.013868856430053711e+02
7.014082882404327393e+02
7.014268915653228760e+02
7.014472067356109619e+02
7.014666571617126465e+02
7.014875886440277100e+02
7.015065739154815674e+02
7.015266654491424561e+02
7.015466477870941162e+02
7.015666806697845459e+02
7.015884156227111816e+02
7.016069416999816895e+02
7.016265809535980225e+02
7.016469230651855469e+02
7.016679577827453613e+02
7.016867282390594482e+02
7.017070841789245605e+02
7.017268080711364746e+02
7.017473196983337402e+02
7.017666451930999756e+02
7.017875869274139404e+02
7.018065659999847412e+02
7.018266899585723877e+02
7.018466641902923584e+02
7.018669948577880859e+02
7.018866257667541504e+02
7.019066834449768066e+02
7.019275090694427490e+02
7.019466865062713623e+02
7.019676918983459473e+02
7.019865951538085938e+02
7.020075240135192871e+02
7.020266702175140381e+02
7.020470263957977295e+02
7.020666434764862061e+02
7.020874431133270264e+02
7.021070415973663330e+02
7.021274373531341553e+02
7.021473171710968018e+02
7.021672253608703613e+02
7.021873617172241211e+02
7.022075462341308594e+02
7.022275073528289795e+02
7.022472944259643555e+02
7.022673568725585938e+02
7.022881062030792236e+02
7.023074715137481689e+02
7.023273651599884033e+02
7.023468878269195557e+02
7.023681833744049072e+02
7.023868873119354248e+02
7.024072482585906982e+02
7.024272661209106445e+02
7.024469935894012451e+02
7.024672107696533203e+02
7.024872469902038574e+02
7.025072934627532959e+02
7.025269033908843994e+02
7.025496926307678223e+02
7.025669643878936768e+02
7.025883183479309082e+02
7.026069910526275635e+02
7.026278159618377686e+02
7.026472101211547852e+02
7.026676280498504639e+02
7.026875302791595459e+02
7.027069406509399414e+02
7.027268717288970947e+02
7.027474782466888428e+02
7.027668781280517578e+02
7.027873616218566895e+02
7.028069579601287842e+02
7.028272838592529297e+02
7.028476872444152832e+02
7.028668630123138428e+02
7.028875811100006104e+02
7.029073171615600586e+02
7.029269402027130127e+02
7.029480485916137695e+02
7.029672853946685791e+02
7.029876236915588379e+02
7.030084369182586670e+02
7.030270056724548340e+02
7.030469136238098145e+02
7.030672068595886230e+02
7.030875332355499268e+02
7.031069016456604004e+02
7.031272761821746826e+02
7.031474347114562988e+02
7.031669900417327881e+02
7.031869962215423584e+02
7.032068572044372559e+02
7.032273650169372559e+02
7.032478847503662109e+02
7.032671771049499512e+02
7.032875926494598389e+02
7.033083987236022949e+02
7.033333699703216553e+02
7.033534562587738037e+02
7.033733103275299072e+02
7.033927350044250488e+02
7.034145076274871826e+02
7.034334177970886230e+02
7.034528796672821045e+02
7.034732234477996826e+02
7.034936676025390625e+02
7.035129239559173584e+02
7.035330801010131836e+02
7.035532469749450684e+02
7.035737049579620361e+02
7.035928478240966797e+02
7.036129062175750732e+02
7.036330850124359131e+02
7.036531555652618408e+02
7.036737873554229736e+02
7.036935184001922607e+02
7.037136793136596680e+02
7.037333250045776367e+02
7.037533602714538574e+02
7.037732837200164795e+02
7.037932825088500977e+02
7.038129382133483887e+02
7.038329825401306152e+02
7.038532109260559082e+02
7.038728694915771484e+02
7.038930056095123291e+02
7.039130375385284424e+02
7.039336524009704590e+02
7.039533662796020508e+02
7.039732787609100342e+02
7.039932622909545898e+02
7.040132529735565186e+02
7.040335032939910889e+02
7.040583031177520752e+02
7.040773446559906006e+02
7.040972752571105957e+02
7.041173927783966064e+02
7.041374714374542236e+02
7.041574897766113281e+02
7.041774034500122070e+02
7.041970276832580566e+02
7.042173986434936523e+02
7.042371070384979248e+02
7.042573645114898682e+02
7.042770485877990723e+02
7.042973203659057617e+02
7.043172788619995117e+02
7.043375687599182129e+02
7.043574309349060059e+02
7.043773770332336426e+02
7.043968701362609863e+02
7.044174854755401611e+02
7.044385125637054443e+02
7.044570667743682861e+02
7.044777653217315674e+02
7.044969398975372314e+02
7.045172972679138184e+02
7.045370457172393799e+02
7.045573186874389648e+02
7.045777723789215088e+02
7.045971529483795166e+02
7.046175880432128906e+02
7.046374163627624512e+02
7.046579663753509521e+02
7.046772744655609131e+02
7.046974251270294189e+02
7.047173962593078613e+02
7.047374837398529053e+02
7.047573409080505371e+02
7.047776832580566406e+02
7.047974100112915039e+02
7.048174524307250977e+02
7.048375010490417480e+02
7.048685698509216309e+02
7.048884656429290771e+02
7.049086723327636719e+02
7.049351503849029541e+02
7.049541904926300049e+02
7.049743685722351074e+02
7.049942357540130615e+02
7.050148577690124512e+02
7.050338656902313232e+02
7.050696451663970947e+02
7.050901324748992920e+02
7.051098163127899170e+02
7.051291890144348145e+02
7.051491181850433350e+02
7.051702990531921387e+02
7.051902832984924316e+02
7.052099814414978027e+02
7.052300040721893311e+02
7.052501251697540283e+02
7.052701311111450195e+02
7.052900357246398926e+02
7.053095564842224121e+02
7.053302912712097168e+02
7.053491866588592529e+02
7.053696084022521973e+02
7.053894577026367188e+02
7.054098343849182129e+02
7.054296791553497314e+02
7.054496836662292480e+02
7.054698500633239746e+02
7.054897713661193848e+02
7.055097286701202393e+02
7.055297932624816895e+02
7.055496630668640137e+02
7.055697855949401855e+02
7.055895106792449951e+02
7.056102344989776611e+02
7.056306793689727783e+02
7.056497931480407715e+02
7.056692366600036621e+02
7.056898512840270996e+02
7.057096786499023438e+02
7.057303142547607422e+02
7.057490115165710449e+02
7.057734081745147705e+02
7.057898418903350830e+02
7.058089654445648193e+02
7.058290846347808838e+02
7.058493371009826660e+02
7.058695781230926514e+02
7.058902604579925537e+02
7.059096384048461914e+02
7.059295272827148438e+02
7.059500989913940430e+02
7.059703540802001953e+02
7.059895732402801514e+02
7.060098099708557129e+02
7.060296308994293213e+02
7.060497703552246094e+02
7.060700833797454834e+02
7.060898475646972656e+02
7.061097037792205811e+02
7.061297094821929932e+02
7.061495974063873291e+02
7.061697785854339600e+02
7.061896445751190186e+02
7.062096741199493408e+02
7.062297501564025879e+02
7.062498543262481689e+02
7.062696704864501953e+02
7.062896893024444580e+02
7.063099167346954346e+02
7.063296804428100586e+02
7.063496115207672119e+02
7.063702025413513184e+02
7.063893339633941650e+02
7.064106264114379883e+02
7.064293348789215088e+02
7.064493453502655029e+02
7.064692552089691162e+02
7.064896550178527832e+02
7.065093600749969482e+02
7.065303812026977539e+02
7.065492982864379883e+02
7.065696134567260742e+02
7.065889587402343750e+02
7.066103141307830811e+02
7.066296100616455078e+02
7.066496787071228027e+02
7.066693849563598633e+02
7.066898164749145508e+02
7.067136197090148926e+02
7.067340362071990967e+02
7.067539663314819336e+02
7.067738184928894043e+02
7.067936341762542725e+02
7.068133201599121094e+02
7.068343605995178223e+02
7.068536930084228516e+02
7.068737709522247314e+02
7.068937005996704102e+02
7.069134168624877930e+02
7.069335095882415771e+02
7.069540207386016846e+02
7.069737782478332520e+02
7.069940485954284668e+02
7.070137660503387451e+02
7.070339303016662598e+02
7.070541083812713623e+02
7.070737640857696533e+02
7.070934813022613525e+02
7.071142773628234863e+02
7.071337845325469971e+02
7.071536834239959717e+02
7.071746804714202881e+02
7.071937270164489746e+02
7.072138719558715820e+02
7.072333283424377441e+02
7.072540516853332520e+02
7.072738420963287354e+02
7.072938294410705566e+02
7.073136699199676514e+02
7.073332550525665283e+02
7.073532304763793945e+02
7.073739542961120605e+02
7.073933284282684326e+02
7.074136679172515869e+02
7.074338896274566650e+02
7.074547536373138428e+02
7.074733870029449463e+02
7.074932491779327393e+02
7.075146753787994385e+02
7.075342342853546143e+02
7.075533132553100586e+02
7.075739443302154541e+02
7.075932433605194092e+02
7.076138155460357666e+02
7.076336624622344971e+02
7.076543281078338623e+02
7.076738858222961426e+02
7.076938991546630859e+02
7.077138345241546631e+02
7.077337670326232910e+02
7.077537524700164795e+02
7.077737617492675781e+02
7.077935836315155029e+02
7.078142571449279785e+02
7.078335974216461182e+02
7.078535668849945068e+02
7.078736376762390137e+02
7.078935225009918213e+02
7.079135544300079346e+02
7.079335606098175049e+02
7.079532947540283203e+02
7.079737067222595215e+02
7.079941000938415527e+02
7.080135822296142578e+02
7.080352752208709717e+02
7.080536229610443115e+02
7.080732436180114746e+02
7.080939197540283203e+02
7.081138939857482910e+02
7.081334667205810547e+02
7.081536047458648682e+02
7.081737017631530762e+02
7.081935770511627197e+02
7.082135868072509766e+02
7.082336151599884033e+02
7.082535963058471680e+02
7.082736024856567383e+02
7.082936623096466064e+02
7.083142051696777344e+02
7.083330914974212646e+02
7.083539109230041504e+02
7.083731503486633301e+02
7.083931474685668945e+02
7.084138853549957275e+02
7.084335303306579590e+02
7.084541678428649902e+02
7.084737057685852051e+02
7.084930062294006348e+02
7.085139653682708740e+02
7.085340301990509033e+02
7.085539562702178955e+02
7.085731077194213867e+02
7.085931060314178467e+02
7.086131162643432617e+02
7.086342391967773438e+02
7.086541044712066650e+02
7.086739444732666016e+02
7.086935291290283203e+02
7.087137091159820557e+02
7.087337601184844971e+02
7.087533414363861084e+02
7.087743458747863770e+02
7.087933075428009033e+02
7.088141567707061768e+02
7.088341538906097412e+02
7.088542578220367432e+02
7.088737747669219971e+02
7.088937137126922607e+02
7.089137227535247803e+02
7.089337487220764160e+02
7.089539630413055420e+02
7.089734449386596680e+02
7.089938852787017822e+02
7.090133280754089355e+02
7.090339891910552979e+02
7.090537548065185547e+02
7.090742850303649902e+02
7.090937397480010986e+02
7.091136708259582520e+02
7.091341686248779297e+02
7.091539771556854248e+02
7.091737890243530273e+02
7.091940696239471436e+02
7.092142331600189209e+02
7.092345213890075684e+02
7.092529585361480713e+02
7.092744474411010742e+02
7.092942066192626953e+02
7.093134791851043701e+02
7.093335697650909424e+02
7.093536691665649414e+02
7.093738441467285156e+02
7.093931488990783691e+02
7.094131474494934082e+02
7.094331595897674561e+02
7.094541125297546387e+02
7.094840588569641113e+02
7.095043470859527588e+02
7.095242683887481689e+02
7.095439825057983398e+02
7.095631754398345947e+02
7.095844521522521973e+02
7.096108434200286865e+02
7.096309673786163330e+02
7.096506330966949463e+02
7.096710135936737061e+02
7.096909968852996826e+02
7.097108490467071533e+02
7.097307953834533691e+02
7.097508003711700439e+02
7.097708537578582764e+02
7.097905206680297852e+02
7.098116848468780518e+02
7.098305563926696777e+02
7.098506255149841309e+02
7.098708112239837646e+02
7.098907756805419922e+02
7.099109091758728027e+02
7.099306263923645020e+02
7.099508645534515381e+02
7.099709603786468506e+02
7.099904112815856934e+02
7.100113079547882080e+02
7.100308766365051270e+02
7.100508608818054199e+02
7.100712702274322510e+02
7.100907664299011230e+02
7.101108818054199219e+02
7.101309909820556641e+02
7.101509473323822021e+02
7.101708803176879883e+02
7.101908831596374512e+02
7.102109069824218750e+02
7.102309203147888184e+02
7.102510097026824951e+02
7.102706198692321777e+02
7.102904837131500244e+02
7.103105077743530273e+02
7.103305661678314209e+02
7.103506515026092529e+02
7.103705799579620361e+02
7.103901774883270264e+02
7.104109363555908203e+02
7.104308590888977051e+02
7.104505121707916260e+02
7.104708659648895264e+02
7.104905519485473633e+02
7.105098559856414795e+02
7.105304634571075439e+02
7.105501468181610107e+02
7.105704119205474854e+02
7.105904626846313477e+02
7.106104381084442139e+02
7.106300768852233887e+02
7.106512138843536377e+02
7.106701185703277588e+02
7.106904580593109131e+02
7.107105979919433594e+02
7.107309958934783936e+02
7.107508268356323242e+02
7.107703621387481689e+02
7.107904272079467773e+02
7.108100423812866211e+02
7.108301169872283936e+02
7.108503062725067139e+02
7.108703005313873291e+02
7.108907141685485840e+02
7.109103066921234131e+02
7.109305808544158936e+02
7.109503333568572998e+02
7.109705004692077637e+02
7.109904761314392090e+02
7.110104424953460693e+02
7.110443718433380127e+02
7.110646619796752930e+02
7.110841615200042725e+02
7.111052110195159912e+02
7.111245148181915283e+02
7.111445865631103516e+02
7.111640179157257080e+02
7.111846091747283936e+02
7.112043795585632324e+02
7.112243423461914062e+02
7.112443020343780518e+02
7.112641274929046631e+02
7.112845280170440674e+02
7.113044600486755371e+02
7.113244206905364990e+02
7.113443434238433838e+02
7.113643796443939209e+02
7.113844923973083496e+02
7.114042491912841797e+02
7.114333784580230713e+02
7.114539473056793213e+02
7.114729719161987305e+02
7.114938485622406006e+02
7.115133473873138428e+02
7.115335159301757812e+02
7.115533802509307861e+02
7.115739421844482422e+02
7.115933153629302979e+02
7.116133861541748047e+02
7.116333076953887939e+02
7.116533792018890381e+02
7.116737585067749023e+02
7.116933877468109131e+02
7.117136132717132568e+02
7.117334315776824951e+02
7.117536256313323975e+02
7.117737395763397217e+02
7.117935140132904053e+02
7.118139250278472900e+02
7.118338811397552490e+02
7.118537583351135254e+02
7.118738920688629150e+02
7.118931224346160889e+02
7.119129810333251953e+02
7.119337079524993896e+02
7.119536235332489014e+02
7.119734523296356201e+02
7.119936327934265137e+02
7.120138208866119385e+02
7.120338153839111328e+02
7.120541403293609619e+02
7.120736958980560303e+02
7.120938222408294678e+02
7.121140747070312500e+02
7.121335570812225342e+02
7.121536338329315186e+02
7.121729879379272461e+02
7.121939978599548340e+02
7.122133450508117676e+02
7.122342047691345215e+02
7.122535865306854248e+02
7.122738788127899170e+02
7.122934601306915283e+02
7.123132929801940918e+02
7.123336117267608643e+02
7.123539197444915771e+02
7.123740866184234619e+02
7.123937926292419434e+02
7.124136531352996826e+02
7.124391765594482422e+02
7.124590179920196533e+02
7.124794228076934814e+02
7.124994869232177734e+02
7.125194189548492432e+02
7.125394258499145508e+02
7.125593945980072021e+02
7.125794153213500977e+02
7.125995156764984131e+02
7.126195824146270752e+02
7.126405165195465088e+02
7.126590332984924316e+02
7.126794812679290771e+02
7.126993381977081299e+02
7.127193131446838379e+02
7.127395849227905273e+02
7.127593965530395508e+02
7.127794353961944580e+02
7.127994072437286377e+02
7.128194398880004883e+02
7.128396885395050049e+02
7.128593358993530273e+02
7.128794550895690918e+02
7.128994178771972656e+02
7.129194738864898682e+02
7.129393947124481201e+02
7.129599504470825195e+02
7.129790329933166504e+02
7.129993059635162354e+02
7.130194559097290039e+02
7.130394184589385986e+02
7.130596930980682373e+02
7.130788266658782959e+02
7.130988094806671143e+02
7.131194336414337158e+02
7.131387882232666016e+02
7.131595180034637451e+02
7.131788382530212402e+02
7.131988046169281006e+02
7.132187569141387939e+02
7.132387838363647461e+02
7.132595312595367432e+02
7.132789189815521240e+02
7.132994484901428223e+02
7.133198218345642090e+02
7.133395650386810303e+02
7.133587477207183838e+02
7.133794825077056885e+02
7.133994317054748535e+02
7.134199490547180176e+02
7.134403233528137207e+02
7.134599859714508057e+02
7.134801785945892334e+02
7.135000030994415283e+02
7.135199191570281982e+02
7.135390129089355469e+02
7.135593898296356201e+02
7.135795469284057617e+02
7.135990297794342041e+02
7.136190314292907715e+02
7.136390240192413330e+02
7.136590278148651123e+02
7.136790246963500977e+02
7.136990056037902832e+02
7.137203156948089600e+02
7.137390189170837402e+02
7.137600274085998535e+02
7.137790138721466064e+02
7.137990431785583496e+02
7.138190510272979736e+02
7.138396775722503662e+02
7.138589954376220703e+02
7.138788599967956543e+02
7.138988363742828369e+02
7.139190471172332764e+02
7.139400579929351807e+02
7.139590151309967041e+02
7.139797673225402832e+02
7.139990270137786865e+02
7.140199575424194336e+02
7.140389959812164307e+02
7.140596365928649902e+02
7.140794754028320312e+02
7.140993778705596924e+02
7.141199791431427002e+02
7.141395814418792725e+02
7.141602239608764648e+02
7.141796607971191406e+02
7.141993966102600098e+02
7.142190721035003662e+02
7.142393655776977539e+02
7.142594726085662842e+02
7.142794497013092041e+02
7.142994315624237061e+02
7.143196270465850830e+02
7.143393659591674805e+02
7.143594276905059814e+02
7.143794460296630859e+02
7.143995487689971924e+02
7.144194855690002441e+02
7.144394931793212891e+02
7.144594447612762451e+02
7.144793739318847656e+02
7.144994394779205322e+02
7.145196566581726074e+02
7.145398693084716797e+02
7.145590703487396240e+02
7.145789973735809326e+02
7.145997571945190430e+02
7.146193938255310059e+02
7.146399478912353516e+02
7.146595187187194824e+02
7.146795320510864258e+02
7.146996922492980957e+02
7.147199325561523438e+02
7.147400686740875244e+02
7.147601950168609619e+02
7.147797484397888184e+02
7.147993454933166504e+02
7.148198897838592529e+02
7.148401052951812744e+02
7.148590373992919922e+02
7.148793530464172363e+02
7.148993949890136719e+02
7.149193685054779053e+02
7.149393291473388672e+02
7.149593927860260010e+02
7.149794349670410156e+02
7.149989502429962158e+02
7.150194563865661621e+02
7.150394814014434814e+02
7.150596089363098145e+02
7.150787591934204102e+02
7.151000916957855225e+02
7.151197879314422607e+02
7.151394073963165283e+02
7.151593065261840820e+02
7.151807610988616943e+02
7.151990513801574707e+02
7.152199070453643799e+02
7.152393963336944580e+02
7.152591001987457275e+02
7.152802925109863281e+02
7.152994265556335449e+02
7.153200495243072510e+02
7.153397159576416016e+02
7.153596167564392090e+02
7.153796615600585938e+02
7.153997032642364502e+02
7.154194567203521729e+02
7.154399173259735107e+02
7.154594373703002930e+02
7.154799582958221436e+02
7.154997949600219727e+02
7.155328330993652344e+02
7.155535516738891602e+02
7.155726661682128906e+02
7.155924534797668457e+02
7.156136181354522705e+02
7.156329765319824219e+02
7.156535992622375488e+02
7.156735816001892090e+02
7.156933393478393555e+02
7.157129838466644287e+02
7.157330758571624756e+02
7.157527003288269043e+02
7.157731254100799561e+02
7.157936010360717773e+02
7.158130946159362793e+02
7.158325674533843994e+02
7.158534193038940430e+02
7.158734645843505859e+02
7.158932621479034424e+02
7.159128572940826416e+02
7.159382328987121582e+02
7.159581239223480225e+02
7.159782917499542236e+02
7.159981820583343506e+02
7.160180456638336182e+02
7.160381212234497070e+02
7.160581333637237549e+02
7.160777914524078369e+02
7.160980329513549805e+02
7.161180143356323242e+02
7.161375505924224854e+02
7.161583955287933350e+02
7.161774733066558838e+02
7.161983423233032227e+02
7.162182478904724121e+02
7.162379672527313232e+02
7.162581236362457275e+02
7.162780375480651855e+02
7.162979869842529297e+02
7.163180184364318848e+02
7.163381421566009521e+02
7.163588099479675293e+02
7.163780384063720703e+02
7.163979954719543457e+02
7.164182598590850830e+02
7.164382290840148926e+02
7.164577267169952393e+02
7.164785587787628174e+02
7.164977500438690186e+02
7.165184082984924316e+02
7.165384266376495361e+02
7.165585579872131348e+02
7.165786223411560059e+02
7.165981309413909912e+02
7.166177134513854980e+02
7.166387324333190918e+02
7.166580507755279541e+02
7.166779439449310303e+02
7.166980876922607422e+02
7.167175261974334717e+02
7.167380878925323486e+02
7.167580325603485107e+02
7.167780218124389648e+02
7.167979881763458252e+02
7.168180012702941895e+02
7.168387937545776367e+02
7.168577868938446045e+02
7.168783233165740967e+02
7.168984284400939941e+02
7.169181330204010010e+02
7.169381091594696045e+02
7.169587912559509277e+02
7.169779276847839355e+02
7.169980828762054443e+02
7.170189597606658936e+02
7.170384650230407715e+02
7.170587699413299561e+02
7.170785884857177734e+02
7.170983805656433105e+02
7.171180732250213623e+02
7.171380438804626465e+02
7.171580560207366943e+02
7.171780891418457031e+02
7.171980786323547363e+02
7.172182750701904297e+02
7.172380740642547607e+02
7.172580506801605225e+02
7.172781591415405273e+02
7.172980861663818359e+02
7.173179500102996826e+02
7.173477013111114502e+02
7.173678510189056396e+02
7.173878104686737061e+02
7.174076025485992432e+02
7.174275479316711426e+02
7.174475691318511963e+02
7.174676425457000732e+02
7.174875018596649170e+02
7.175076360702514648e+02
7.175274670124053955e+02
7.175475435256958008e+02
7.175674850940704346e+02
7.175871434211730957e+02
7.176074535846710205e+02
7.176276814937591553e+02
7.176476798057556152e+02
7.176676783561706543e+02
7.176874434947967529e+02
7.177075886726379395e+02
7.177275977134704590e+02
7.177474994659423828e+02
7.177679693698883057e+02
7.177875709533691406e+02
7.178075106143951416e+02
7.178275530338287354e+02
7.178470842838287354e+02
7.178676688671112061e+02
7.178876075744628906e+02
7.179075558185577393e+02
7.179274933338165283e+02
7.179475669860839844e+02
7.179675202369689941e+02
7.179875042438507080e+02
7.180075230598449707e+02
7.180275783538818359e+02
7.180478644371032715e+02
7.180675976276397705e+02
7.180875406265258789e+02
7.181085863113403320e+02
7.181273419857025146e+02
7.181479396820068359e+02
7.181670415401458740e+02
7.181878681182861328e+02
7.182071568965911865e+02
7.182270553112030029e+02
7.182479372024536133e+02
7.182670869827270508e+02
7.182876551151275635e+02
7.183076927661895752e+02
7.183270659446716309e+02
7.183475580215454102e+02
7.183675484657287598e+02
7.183879342079162598e+02
7.184078602790832520e+02
7.184274606704711914e+02
7.184469442367553711e+02
7.184774715900421143e+02
7.184971876144409180e+02
7.185172853469848633e+02
7.185372753143310547e+02
7.185572891235351562e+02
7.185771799087524414e+02
7.185972383022308350e+02
7.186188683509826660e+02
7.186369521617889404e+02
7.186579036712646484e+02
7.186769149303436279e+02
7.186975352764129639e+02
7.187168939113616943e+02
7.187375125885009766e+02
7.187570080757141113e+02
7.187773661613464355e+02
7.187966637611389160e+02
7.188167362213134766e+02
7.188368587493896484e+02
7.188567929267883301e+02
7.188767547607421875e+02
7.188967421054840088e+02
7.189174091815948486e+02
7.189374384880065918e+02
7.189571509361267090e+02
7.189767563343048096e+02
7.189973986148834229e+02
7.190173883438110352e+02
7.190376191139221191e+02
7.190570516586303711e+02
7.190772972106933594e+02
7.190973296165466309e+02
7.191174299716949463e+02
7.191378653049468994e+02
7.191575469970703125e+02
7.191772422790527344e+02
7.191974902153015137e+02
7.192173380851745605e+02
7.192374026775360107e+02
7.192575025558471680e+02
7.192775874137878418e+02
7.192972140312194824e+02
7.193174254894256592e+02
7.193367404937744141e+02
7.193572797775268555e+02
7.193774106502532959e+02
7.193969533443450928e+02
7.194171855449676514e+02
7.194372091293334961e+02
7.194575314521789551e+02
7.194779019355773926e+02
7.194977331161499023e+02
7.195169546604156494e+02
7.195374457836151123e+02
7.195572161674499512e+02
7.195771825313568115e+02
7.195974822044372559e+02
7.196175158023834229e+02
7.196374237537384033e+02
7.196575675010681152e+02
7.196775052547454834e+02
7.196971449851989746e+02
7.197174828052520752e+02
7.197373909950256348e+02
7.197575485706329346e+02
7.197772066593170166e+02
7.197976732254028320e+02
7.198171720504760742e+02
7.198370981216430664e+02
7.198574683666229248e+02
7.198770003318786621e+02
7.198972990512847900e+02
7.199173533916473389e+02
7.199372873306274414e+02
7.199572892189025879e+02
7.199784674644470215e+02
7.199974606037139893e+02
7.200169558525085449e+02
7.200369226932525635e+02
7.200577280521392822e+02
7.200769002437591553e+02
7.200969614982604980e+02
7.201180007457733154e+02
7.201373398303985596e+02
7.201581945419311523e+02
7.201774580478668213e+02
7.201979749202728271e+02
7.202169542312622070e+02
7.202373321056365967e+02
7.202573699951171875e+02
7.202771379947662354e+02
7.202977209091186523e+02
7.203177084922790527e+02
7.203372309207916260e+02
7.203581438064575195e+02
7.203778059482574463e+02
7.203975517749786377e+02
7.204177958965301514e+02
7.204366519451141357e+02
7.204580421447753906e+02
7.204774954319000244e+02
7.204975972175598145e+02
7.205169460773468018e+02
7.205377688407897949e+02
7.205577845573425293e+02
7.205775911808013916e+02
7.205977230072021484e+02
7.206175775527954102e+02
7.206376669406890869e+02
7.206574172973632812e+02
7.206774272918701172e+02
7.206972649097442627e+02
7.207179610729217529e+02
7.207371585369110107e+02
7.207569394111633301e+02
7.207778873443603516e+02
7.207969207763671875e+02
7.208172454833984375e+02
7.208369352817535400e+02
7.208574829101562500e+02
7.208778169155120850e+02
7.208975820541381836e+02
7.209181797504425049e+02
7.209373786449432373e+02
7.209575865268707275e+02
7.209772796630859375e+02
7.209978301525115967e+02
7.210169000625610352e+02
7.210377225875854492e+02
7.210569295883178711e+02
7.210776686668395996e+02
7.210977993011474609e+02
7.211171789169311523e+02
7.211376028060913086e+02
7.211578252315521240e+02
7.211774530410766602e+02
7.211972663402557373e+02
7.212172009944915771e+02
7.212382175922393799e+02
7.212571966648101807e+02
7.212773206233978271e+02
7.212967398166656494e+02
7.213167343139648438e+02
7.213367488384246826e+02
7.213567211627960205e+02
7.213767499923706055e+02
7.213967583179473877e+02
7.214167122840881348e+02
7.214367654323577881e+02
7.214567105770111084e+02
7.214768023490905762e+02
7.214967219829559326e+02
7.215167346000671387e+02
7.215367379188537598e+02
7.215567240715026855e+02
7.215768516063690186e+02
7.215972783565521240e+02
7.216177062988281250e+02
7.216377446651458740e+02
7.216576106548309326e+02
7.216780965328216553e+02
7.216976830959320068e+02
7.217177321910858154e+02
7.217380225658416748e+02
7.217575237751007080e+02
7.217777321338653564e+02
7.217977595329284668e+02
7.218175690174102783e+02
7.218378026485443115e+02
7.218571233749389648e+02
7.218779540061950684e+02
7.218976726531982422e+02
7.219177746772766113e+02
7.219375624656677246e+02
7.219577386379241943e+02
7.219776144027709961e+02
7.219977438449859619e+02
7.220176308155059814e+02
7.220375449657440186e+02
7.220574958324432373e+02
7.220774936676025391e+02
7.220972285270690918e+02
7.221172366142272949e+02
7.221375010013580322e+02
7.221582381725311279e+02
7.221771712303161621e+02
7.221974565982818604e+02
7.222170944213867188e+02
7.222376005649566650e+02
7.222575473785400391e+02
7.222773363590240479e+02
7.222972137928009033e+02
7.223170273303985596e+02
7.223366746902465820e+02
7.223571898937225342e+02
7.223767435550689697e+02
7.223967955112457275e+02
7.224171147346496582e+02
7.224367735385894775e+02
7.224572899341583252e+02
7.224773445129394531e+02
7.224971618652343750e+02
7.225171599388122559e+02
7.225372672080993652e+02
7.225569124221801758e+02
7.225768852233886719e+02
7.225975422859191895e+02
7.226177165508270264e+02
7.226372344493865967e+02
7.226572892665863037e+02
7.226774303913116455e+02
7.226978337764739990e+02
7.227168905735015869e+02
7.227373964786529541e+02
7.227572872638702393e+02
7.227776732444763184e+02
7.227972199916839600e+02
7.228169181346893311e+02
7.228379485607147217e+02
7.228574273586273193e+02
7.228779563903808594e+02
7.228977961540222168e+02
7.229176669120788574e+02
7.229377331733703613e+02
7.229578101634979248e+02
7.229778125286102295e+02
7.229979541301727295e+02
7.230177447795867920e+02
7.230372133255004883e+02
7.230571630001068115e+02
7.230778896808624268e+02
7.230977272987365723e+02
7.231177480220794678e+02
7.231376779079437256e+02
7.231578009128570557e+02
7.231773812770843506e+02
7.231972270011901855e+02
7.232173037528991699e+02
7.232372746467590332e+02
7.232572679519653320e+02
7.232771811485290527e+02
7.232971954345703125e+02
7.233171517848968506e+02
7.233374664783477783e+02
7.233584330081939697e+02
7.233776013851165771e+02
7.233979747295379639e+02
7.234169292449951172e+02
7.234381949901580811e+02
7.234572441577911377e+02
7.234781284332275391e+02
7.234972624778747559e+02
7.235172669887542725e+02
7.235372588634490967e+02
7.235571968555450439e+02
7.235772619247436523e+02
7.235973157882690430e+02
7.236176695823669434e+02
7.236378080844879150e+02
7.236575274467468262e+02
7.236775233745574951e+02
7.236972534656524658e+02
7.237174735069274902e+02
7.237370421886444092e+02
7.237574131488800049e+02
7.237770414352416992e+02
7.237980244159698486e+02
7.238169426918029785e+02
7.238373358249664307e+02
7.238572180271148682e+02
7.238772115707397461e+02
7.238972144126892090e+02
7.239179770946502686e+02
7.239369127750396729e+02
7.239576323032379150e+02
7.239769270420074463e+02
7.239975378513336182e+02
7.240172357559204102e+02
7.240372829437255859e+02
7.240572390556335449e+02
7.240777423381805420e+02
7.240974678993225098e+02
7.241172022819519043e+02
7.241385090351104736e+02
7.241572563648223877e+02
7.241777403354644775e+02
7.241969690322875977e+02
7.242174270153045654e+02
7.242374422550201416e+02
7.242570276260375977e+02
7.242771861553192139e+02
7.242972435951232910e+02
7.243171873092651367e+02
7.243369777202606201e+02
7.243581695556640625e+02
7.243772008419036865e+02
7.243972096443176270e+02
7.244172127246856689e+02
7.244371697902679443e+02
7.244569313526153564e+02
7.244770126342773438e+02
7.244972608089447021e+02
7.245235888957977295e+02
7.245421130657196045e+02
7.245620951652526855e+02
7.245820822715759277e+02
7.246022148132324219e+02
7.246222500801086426e+02
7.246428027153015137e+02
7.246620869636535645e+02
7.246821143627166748e+02
7.247030057907104492e+02
7.247226765155792236e+02
7.247425475120544434e+02
7.247625555992126465e+02
7.247821292877197266e+02
7.248023834228515625e+02
7.248224003314971924e+02
7.248430924415588379e+02
7.248625338077545166e+02
7.248823344707489014e+02
7.249025254249572754e+02
7.249223554134368896e+02
7.249424412250518799e+02
7.249628343582153320e+02
7.249825975894927979e+02
7.250028944015502930e+02
7.250266063213348389e+02
7.250425217151641846e+02
7.250625143051147461e+02
7.250824868679046631e+02
7.251023423671722412e+02
7.251227030754089355e+02
7.251429777145385742e+02
7.251625723838806152e+02
7.251826071739196777e+02
7.252024643421173096e+02
7.252226796150207520e+02
7.252425975799560547e+02
7.252626166343688965e+02
7.252824921607971191e+02
7.253024842739105225e+02
7.253228492736816406e+02
7.253423328399658203e+02
7.253623199462890625e+02
7.253824181556701660e+02
7.254023725986480713e+02
7.254225203990936279e+02
7.254425876140594482e+02
7.254626102447509766e+02
7.254825873374938965e+02
7.255029230117797852e+02
7.255218482017517090e+02
7.255424206256866455e+02
7.255625007152557373e+02
7.255825240612030029e+02
7.256025469303131104e+02
7.256221950054168701e+02
7.256426000595092773e+02
7.256625847816467285e+02
7.256825797557830811e+02
7.257026350498199463e+02
7.257225949764251709e+02
7.257426064014434814e+02
7.257624430656433105e+02
7.257823991775512695e+02
7.258024883270263672e+02
7.258225054740905762e+02
7.258427517414093018e+02
7.258627572059631348e+02
7.258824710845947266e+02
7.259023401737213135e+02
7.259220843315124512e+02
7.259425189495086670e+02
7.259621825218200684e+02
7.259821035861968994e+02
7.260020060539245605e+02
7.260223796367645264e+02
7.260426037311553955e+02
7.260624806880950928e+02
7.260824849605560303e+02
7.261021225452423096e+02
7.261221747398376465e+02
7.261423635482788086e+02
7.261623616218566895e+02
7.261824016571044922e+02
7.262027478218078613e+02
7.262225723266601562e+02
7.262423396110534668e+02
7.262626056671142578e+02
7.262826225757598877e+02
7.263026807308197021e+02
7.263221702575683594e+02
7.263426022529602051e+02
7.263625395298004150e+02
7.263823525905609131e+02
7.264023754596710205e+02
7.264230754375457764e+02
7.264423704147338867e+02
7.264626634120941162e+02
7.264827420711517334e+02
7.265019390583038330e+02
7.265227692127227783e+02
7.265427224636077881e+02
7.265626127719879150e+02
7.265825233459472656e+02
7.266027839183807373e+02
7.266222262382507324e+02
7.266423668861389160e+02
7.266621203422546387e+02
7.266820638179779053e+02
7.267025334835052490e+02
7.267220754623413086e+02
7.267423453330993652e+02
7.267626643180847168e+02
7.267828812599182129e+02
7.268025946617126465e+02
7.268221776485443115e+02
7.268423416614532471e+02
7.268627707958221436e+02
7.268829636573791504e+02
7.269022223949432373e+02
7.269224982261657715e+02
7.269423637390136719e+02
7.269623317718505859e+02
7.269824054241180420e+02
7.270023293495178223e+02
7.270223515033721924e+02
7.270423767566680908e+02
7.270623049736022949e+02
7.270828452110290527e+02
7.271021525859832764e+02
7.271221504211425781e+02
7.271436357498168945e+02
7.271625330448150635e+02
7.271827044486999512e+02
7.272026019096374512e+02
7.272226428985595703e+02
7.272425246238708496e+02
7.272625460624694824e+02
7.272825403213500977e+02
7.273030314445495605e+02
7.273223547935485840e+02
7.273425028324127197e+02
7.273625946044921875e+02
7.273831701278686523e+02
7.274017899036407471e+02
7.274227507114410400e+02
7.274425199031829834e+02
7.274623820781707764e+02
7.274825294017791748e+02
7.275023837089538574e+02
7.275225956439971924e+02
7.275425682067871094e+02
7.275624177455902100e+02
7.275825250148773193e+02
7.276021447181701660e+02
7.276232500076293945e+02
7.276421928405761719e+02
7.276637337207794189e+02
7.276823177337646484e+02
7.277022500038146973e+02
7.277223069667816162e+02
7.277608783245086670e+02
7.277781889438629150e+02
7.277992668151855469e+02
7.278184056282043457e+02
7.278380916118621826e+02
7.278585567474365234e+02
7.278786425590515137e+02
7.278990573883056641e+02
7.279189264774322510e+02
7.279381225109100342e+02
7.279609231948852539e+02
7.279783453941345215e+02
7.279988753795623779e+02
7.280190312862396240e+02
7.280388803482055664e+02
7.280587749481201172e+02
7.280792784690856934e+02
7.281004455089569092e+02
7.281186573505401611e+02
7.281393320560455322e+02
7.281588847637176514e+02
7.281789815425872803e+02
7.281988773345947266e+02
7.282189981937408447e+02
7.282389941215515137e+02
7.282587304115295410e+02
7.282784190177917480e+02
7.282984023094177246e+02
7.283188307285308838e+02
7.283380548954010010e+02
7.283611688613891602e+02
7.283781464099884033e+02
7.283989250659942627e+02
7.284187257289886475e+02
7.284381022453308105e+02
7.284599680900573730e+02
7.284780507087707520e+02
7.284991414546966553e+02
7.285184602737426758e+02
7.285381414890289307e+02
7.285592033863067627e+02
7.285790433883666992e+02
7.285986487865447998e+02
7.286184272766113281e+02
7.286389398574829102e+02
7.286580808162689209e+02
7.286789202690124512e+02
7.286988570690155029e+02
7.287187507152557373e+02
7.287388989925384521e+02
7.287582945823669434e+02
7.287791023254394531e+02
7.287987015247344971e+02
7.288189477920532227e+02
7.288389191627502441e+02
7.288589601516723633e+02
7.288790178298950195e+02
7.288988397121429443e+02
7.289186527729034424e+02
7.289387369155883789e+02
7.289587652683258057e+02
7.289783825874328613e+02
7.289987897872924805e+02
7.290189948081970215e+02
7.290382955074310303e+02
7.290587923526763916e+02
7.290785369873046875e+02
7.290983874797821045e+02
7.291183228492736816e+02
7.291385676860809326e+02
7.291584846973419189e+02
7.291790425777435303e+02
7.291987943649291992e+02
7.292188231945037842e+02
7.292382912635803223e+02
7.292583017349243164e+02
7.292782649993896484e+02
7.292983124256134033e+02
7.293183569908142090e+02
7.293390493392944336e+02
7.293590416908264160e+02
7.293790447711944580e+02
7.293985400199890137e+02
7.294184305667877197e+02
7.294378106594085693e+02
7.294583444595336914e+02
7.294783673286437988e+02
7.294983022212982178e+02
7.295184125900268555e+02
7.295380814075469971e+02
7.295579869747161865e+02
7.295785944461822510e+02
7.295983352661132812e+02
7.296187624931335449e+02
7.296383376121520996e+02
7.296584138870239258e+02
7.296787354946136475e+02
7.296978392601013184e+02
7.297184872627258301e+02
7.297384245395660400e+02
7.297578732967376709e+02
7.297779467105865479e+02
7.297986123561859131e+02
7.298193490505218506e+02
7.298379743099212646e+02
7.298579335212707520e+02
7.298780131340026855e+02
7.298982131481170654e+02
7.299185736179351807e+02
7.299383106231689453e+02
7.299582960605621338e+02
7.299780364036560059e+02
7.299978368282318115e+02
7.300183773040771484e+02
7.300385675430297852e+02
7.300583195686340332e+02
7.300779051780700684e+02
7.300983426570892334e+02
7.301184799671173096e+02
7.301386909484863281e+02
7.301584057807922363e+02
7.301786260604858398e+02
7.301988286972045898e+02
7.302187905311584473e+02
7.302387871742248535e+02
7.302584140300750732e+02
7.302783949375152588e+02
7.302983467578887939e+02
7.303184144496917725e+02
7.303386807441711426e+02
7.303583714962005615e+02
7.303782885074615479e+02
7.303983373641967773e+02
7.304183063507080078e+02
7.304389593601226807e+02
7.304586329460144043e+02
7.304781496524810791e+02
7.304991521835327148e+02
7.305183684825897217e+02
7.305383155345916748e+02
7.305581893920898438e+02
7.305783491134643555e+02
7.305982768535614014e+02
7.306186976432800293e+02
7.306386747360229492e+02
7.306580631732940674e+02
7.306784274578094482e+02
7.306986877918243408e+02
7.307188122272491455e+02
7.307384614944458008e+02
7.307581298351287842e+02
7.307778913974761963e+02
7.307979106903076172e+02
7.308178966045379639e+02
7.308379263877868652e+02
7.308586235046386719e+02
7.308789756298065186e+02
7.308990292549133301e+02
7.309188559055328369e+02
7.309388794898986816e+02
7.309590647220611572e+02
7.309790449142456055e+02
7.309990019798278809e+02
7.310183682441711426e+02
7.310387489795684814e+02
7.310588033199310303e+02
7.310789968967437744e+02
7.310992560386657715e+02
7.311189227104187012e+02
7.311388070583343506e+02
7.311591458320617676e+02
7.311789493560791016e+02
7.311992995738983154e+02
7.312190690040588379e+02
7.312389512062072754e+02
7.312588255405426025e+02
7.312787373065948486e+02
7.312990968227386475e+02
7.313187739849090576e+02
7.313391551971435547e+02
7.313589076995849609e+02
7.313784132003784180e+02
7.313986954689025879e+02
7.314184250831604004e+02
7.314384477138519287e+02
7.314586887359619141e+02
7.314786100387573242e+02
7.314984817504882812e+02
7.315186471939086914e+02
7.315387446880340576e+02
7.315589442253112793e+02
7.315782802104949951e+02
7.315983710289001465e+02
7.316183283329010010e+02
7.316382298469543457e+02
7.316585083007812500e+02
7.316782429218292236e+02
7.316983423233032227e+02
7.317186560630798340e+02
7.317381043434143066e+02
7.317584195137023926e+02
7.317856781482696533e+02
7.318053326606750488e+02
7.318255252838134766e+02
7.318456227779388428e+02
7.318654434680938721e+02
7.318855278491973877e+02
7.319056084156036377e+02
7.319250907897949219e+02
7.319456646442413330e+02
7.319656779766082764e+02
7.319855148792266846e+02
7.320057311058044434e+02
7.320254602432250977e+02
7.320451688766479492e+02
7.320662329196929932e+02
7.320893628597259521e+02
7.321102848052978516e+02
7.321299238204956055e+02
7.321508586406707764e+02
7.321698389053344727e+02
7.321900384426116943e+02
7.322093379497528076e+02
7.322298717498779297e+02
7.322499778270721436e+02
7.322703065872192383e+02
7.322899866104125977e+02
7.323101494312286377e+02
7.323299479484558105e+02
7.323498704433441162e+02
7.323698644638061523e+02
7.323899881839752197e+02
7.324101748466491699e+02
7.324300651550292969e+02
7.324510998725891113e+02
7.324695310592651367e+02
7.324903590679168701e+02
7.325100426673889160e+02
7.325294466018676758e+02
7.325497205257415771e+02
7.325700931549072266e+02
7.325901174545288086e+02
7.326109375953674316e+02
7.326300899982452393e+02
7.326498322486877441e+02
7.326699357032775879e+02
7.326900362968444824e+02
7.327096858024597168e+02
7.327299020290374756e+02
7.327504532337188721e+02
7.327701561450958252e+02
7.327907447814941406e+02
7.328098485469818115e+02
7.328299837112426758e+02
7.328499202728271484e+02
7.328700850009918213e+02
7.328899865150451660e+02
7.329097690582275391e+02
7.329307746887207031e+02
7.329498665332794189e+02
7.329701678752899170e+02
7.329898033142089844e+02
7.330102479457855225e+02
7.330298690795898438e+02
7.330503418445587158e+02
7.330694892406463623e+02
7.330901613235473633e+02
7.331095824241638184e+02
7.331301178932189941e+02
7.331499075889587402e+02
7.331700775623321533e+02
7.331899807453155518e+02
7.332102227210998535e+02
7.332301495075225830e+02
7.332499237060546875e+02
7.332700603008270264e+02
7.332900002002716064e+02
7.333099365234375000e+02
7.333304374217987061e+02
7.333501877784729004e+02
7.333696131706237793e+02
7.333900887966156006e+02
7.334099419116973877e+02
7.334300391674041748e+02
7.334499680995941162e+02
7.334700646400451660e+02
7.334908058643341064e+02
7.335099484920501709e+02
7.335301003456115723e+02
7.335500319004058838e+02
7.335700869560241699e+02
7.335894269943237305e+02
7.336099474430084229e+02
7.336300892829895020e+02
7.336502313613891602e+02
7.336701736450195312e+02
7.336901965141296387e+02
7.337101995944976807e+02
7.337299849987030029e+02
7.337499318122863770e+02
7.337699553966522217e+02
7.337902615070343018e+02
7.338100948333740234e+02
7.338299291133880615e+02
7.338500576019287109e+02
7.338699553012847900e+02
7.338899862766265869e+02
7.339095585346221924e+02
7.339298331737518311e+02
7.339496130943298340e+02
7.339699699878692627e+02
7.339898042678833008e+02
7.340100431442260742e+02
7.340295400619506836e+02
7.340500669479370117e+02
7.340699064731597900e+02
7.340901484489440918e+02
7.341099023818969727e+02
7.341299006938934326e+02
7.341493480205535889e+02
7.341692979335784912e+02
7.341901016235351562e+02
7.342101309299468994e+02
7.342296888828277588e+02
7.342500016689300537e+02
7.342742419242858887e+02
7.342944259643554688e+02
7.343136725425720215e+02
7.343348605632781982e+02
7.343539478778839111e+02
7.343742933273315430e+02
7.343944120407104492e+02
7.344142270088195801e+02
7.344346873760223389e+02
7.344543642997741699e+02
7.344748616218566895e+02
7.344943821430206299e+02
7.345141532421112061e+02
7.345341060161590576e+02
7.345536260604858398e+02
7.345740098953247070e+02
7.345940296649932861e+02
7.346142213344573975e+02
7.346337001323699951e+02
7.346543014049530029e+02
7.346737308502197266e+02
7.346940121650695801e+02
7.347204201221466064e+02
7.347407414913177490e+02
7.347608892917633057e+02
7.347808578014373779e+02
7.348007946014404297e+02
7.348208978176116943e+02
7.348414878845214844e+02
7.348605039119720459e+02
7.348809077739715576e+02
7.349007990360260010e+02
7.349209589958190918e+02
7.349404220581054688e+02
7.349604821205139160e+02
7.349804372787475586e+02
7.350009646415710449e+02
7.350210242271423340e+02
7.350408282279968262e+02
7.350609498023986816e+02
7.350809540748596191e+02
7.351008830070495605e+02
7.351204125881195068e+02
7.351403002738952637e+02
7.351603343486785889e+02
7.351807262897491455e+02
7.352008163928985596e+02
7.352207984924316406e+02
7.352409620285034180e+02
7.352608854770660400e+02
7.352808029651641846e+02
7.353011682033538818e+02
7.353213250637054443e+02
7.353404743671417236e+02
7.353615038394927979e+02
7.353808984756469727e+02
7.354013195037841797e+02
7.354205706119537354e+02
7.354404532909393311e+02
7.354604313373565674e+02
7.354808857440948486e+02
7.355011553764343262e+02
7.355208563804626465e+02
7.355415711402893066e+02
7.355608046054840088e+02
7.355809361934661865e+02
7.356008272171020508e+02
7.356207604408264160e+02
7.356408095359802246e+02
7.356607322692871094e+02
7.356807556152343750e+02
7.357009141445159912e+02
7.357210142612457275e+02
7.357407746315002441e+02
7.357608778476715088e+02
7.357809143066406250e+02
7.358007717132568359e+02
7.358209350109100342e+02
7.358409349918365479e+02
7.358608744144439697e+02
7.358809511661529541e+02
7.359007225036621094e+02
7.359209656715393066e+02
7.359408540725708008e+02
7.359609572887420654e+02
7.359806942939758301e+02
7.360013718605041504e+02
7.360204684734344482e+02
7.360404441356658936e+02
7.360605881214141846e+02
7.360808634757995605e+02
7.361010570526123047e+02
7.361201453208923340e+02
7.361414809226989746e+02
7.361604216098785400e+02
7.361810715198516846e+02
7.362010917663574219e+02
7.362208585739135742e+02
7.362408709526062012e+02
7.362602384090423584e+02
7.362814345359802246e+02
7.363009243011474609e+02
7.363210046291351318e+02
7.363407714366912842e+02
7.363607029914855957e+02
7.363808455467224121e+02
7.364004633426666260e+02
7.364204316139221191e+02
7.364404597282409668e+02
7.364604322910308838e+02
7.364808390140533447e+02
7.365010921955108643e+02
7.365210704803466797e+02
7.365408649444580078e+02
7.365606477260589600e+02
7.365809450149536133e+02
7.366007926464080811e+02
7.366208589076995850e+02
7.366407890319824219e+02
7.366608846187591553e+02
7.366810197830200195e+02
7.367008914947509766e+02
7.367207002639770508e+02
7.367408864498138428e+02
7.367608747482299805e+02
7.367813980579376221e+02
7.368007755279541016e+02
7.368206188678741455e+02
7.368409481048583984e+02
7.368608939647674561e+02
7.368808860778808594e+02
7.369009265899658203e+02
7.369208016395568848e+02
7.369408686161041260e+02
7.369609193801879883e+02
7.369808974266052246e+02
7.370011596679687500e+02
7.370206105709075928e+02
7.370414516925811768e+02
7.370609378814697266e+02
7.370805966854095459e+02
7.371008799076080322e+02
7.371207854747772217e+02
7.371407046318054199e+02
7.371607575416564941e+02
7.371808793544769287e+02
7.372009172439575195e+02
7.372208507061004639e+02
7.372408108711242676e+02
7.372657945156097412e+02
7.372855865955352783e+02
7.373058228492736816e+02
7.373258051872253418e+02
7.373457911014556885e+02
7.373660166263580322e+02
7.373858318328857422e+02
7.374055709838867188e+02
7.374258067607879639e+02
7.374461798667907715e+02
7.374655759334564209e+02
7.374856548309326172e+02
7.375056033134460449e+02
7.375258672237396240e+02
7.375457208156585693e+02
7.375657978057861328e+02
7.375856580734252930e+02
7.376058697700500488e+02
7.376258935928344727e+02
7.376455485820770264e+02
7.376655580997467041e+02
7.376858754158020020e+02
7.377053158283233643e+02
7.377257244586944580e+02
7.377456915378570557e+02
7.377655737400054932e+02
7.377859454154968262e+02
7.378056080341339111e+02
7.378259117603302002e+02
7.378455762863159180e+02
7.378655657768249512e+02
7.378855772018432617e+02
7.379110114574432373e+02
7.379308404922485352e+02
7.379510130882263184e+02
7.379708538055419922e+02
7.379910252094268799e+02
7.380109462738037109e+02
7.380310659408569336e+02
7.380509095191955566e+02
7.380719139575958252e+02
7.380908730030059814e+02
7.381109232902526855e+02
7.381307928562164307e+02
7.381510305404663086e+02
7.381708390712738037e+02
7.381909041404724121e+02
7.382108614444732666e+02
7.382308335304260254e+02
7.382509028911590576e+02
7.382707676887512207e+02
7.382909095287322998e+02
7.383118040561676025e+02
7.383308620452880859e+02
7.383512172698974609e+02
7.383709301948547363e+02
7.383910710811614990e+02
7.384107728004455566e+02
7.384311072826385498e+02
7.384509885311126709e+02
7.384710228443145752e+02
7.384911131858825684e+02
7.385105853080749512e+02
7.385308270454406738e+02
7.385508644580841064e+02
7.385709321498870850e+02
7.385911564826965332e+02
7.386107468605041504e+02
7.386310012340545654e+02
7.386508049964904785e+02
7.386709656715393066e+02
7.386908292770385742e+02
7.387109007835388184e+02
7.387308053970336914e+02
7.387507946491241455e+02
7.387704176902770996e+02
7.387904598712921143e+02
7.388110206127166748e+02
7.388308715820312500e+02
7.388507916927337646e+02
7.388709030151367188e+02
7.388905692100524902e+02
7.389109115600585938e+02
7.389304044246673584e+02
7.389508099555969238e+02
7.389708755016326904e+02
7.389908280372619629e+02
7.390106987953186035e+02
7.390310130119323730e+02
7.390508472919464111e+02
7.390704934597015381e+02
7.390910098552703857e+02
7.391104876995086670e+02
7.391304786205291748e+02
7.391505088806152344e+02
7.391709928512573242e+02
7.391909708976745605e+02
7.392109398841857910e+02
7.392308926582336426e+02
7.392509133815765381e+02
7.392704958915710449e+02
7.392909662723541260e+02
7.393109352588653564e+02
7.393309400081634521e+02
7.393508810997009277e+02
7.393710579872131348e+02
7.393910441398620605e+02
7.394115190505981445e+02
7.394309747219085693e+02
7.394509425163269043e+02
7.394709312915802002e+02
7.394910280704498291e+02
7.395111336708068848e+02
7.395309510231018066e+02
7.395508840084075928e+02
7.395710697174072266e+02
7.395908675193786621e+02
7.396110305786132812e+02
7.396311438083648682e+02
7.396509623527526855e+02
7.396708281040191650e+02
7.396908650398254395e+02
7.397111039161682129e+02
7.397304642200469971e+02
7.397507314682006836e+02
7.397710566520690918e+02
7.397908742427825928e+02
7.398110218048095703e+02
7.398308098316192627e+02
7.398507604598999023e+02
7.398708362579345703e+02
7.398911201953887939e+02
7.399109301567077637e+02
7.399302003383636475e+02
7.399517810344696045e+02
7.399710686206817627e+02
7.399913241863250732e+02
7.400110704898834229e+02
7.400310599803924561e+02
7.400509712696075439e+02
7.400714242458343506e+02
7.400904343128204346e+02
7.401109359264373779e+02
7.401309363842010498e+02
7.401507806777954102e+02
7.401708259582519531e+02
7.401908705234527588e+02
7.402107589244842529e+02
7.402312569618225098e+02
7.402508561611175537e+02
7.402709734439849854e+02
7.402908062934875488e+02
7.403112900257110596e+02
7.403310413360595703e+02
7.403506681919097900e+02
7.403708016872406006e+02
7.403909583091735840e+02
7.404107270240783691e+02
7.404310233592987061e+02
7.404508218765258789e+02
7.404707751274108887e+02
7.404914810657501221e+02
7.405106687545776367e+02
7.405309400558471680e+02
7.405507869720458984e+02
7.405714025497436523e+02
7.405907449722290039e+02
7.406113216876983643e+02
7.406309778690338135e+02
7.406509039402008057e+02
7.406707875728607178e+02
7.406908755302429199e+02
7.407109360694885254e+02
7.407309587001800537e+02
7.407511198520660400e+02
7.407708759307861328e+02
7.407906663417816162e+02
7.408113405704498291e+02
7.408309121131896973e+02
7.408508541584014893e+02
7.408709554672241211e+02
7.408909363746643066e+02
7.409109518527984619e+02
7.409311008453369141e+02
7.409508495330810547e+02
7.409709274768829346e+02
7.409907445907592773e+02
7.410108439922332764e+02
7.410313436985015869e+02
7.410501475334167480e+02
7.410709061622619629e+02
7.410908992290496826e+02
7.411108567714691162e+02
7.411309056282043457e+02
7.411508610248565674e+02
7.411708598136901855e+02
7.411909465789794922e+02
7.412108793258666992e+02
7.412309451103210449e+02
7.412509179115295410e+02
7.412708234786987305e+02
7.412907161712646484e+02
7.413105375766754150e+02
7.413392643928527832e+02
7.413590791225433350e+02
7.413792014122009277e+02
7.413993320465087891e+02
7.414192917346954346e+02
7.414390666484832764e+02
7.414647080898284912e+02
7.414846825599670410e+02
7.415046620368957520e+02
7.415246953964233398e+02
7.415447480678558350e+02
7.415650484561920166e+02
7.415849750041961670e+02
7.416048295497894287e+02
7.416249952316284180e+02
7.416450009346008301e+02
7.416649758815765381e+02
7.416847796440124512e+02
7.417051665782928467e+02
7.417246439456939697e+02
7.417448070049285889e+02
7.417649910449981689e+02
7.417847383022308350e+02
7.418047013282775879e+02
7.418246989250183105e+02
7.418449246883392334e+02
7.418649373054504395e+02
7.418843832015991211e+02
7.419050962924957275e+02
7.419250214099884033e+02
7.419449841976165771e+02
7.419650359153747559e+02
7.419848003387451172e+02
7.420049912929534912e+02
7.420249149799346924e+02
7.420447318553924561e+02
7.420647499561309814e+02
7.420848107337951660e+02
7.421044681072235107e+02
7.421250104904174805e+02
7.421447489261627197e+02
7.421647446155548096e+02
7.421848955154418945e+02
7.422048883438110352e+02
7.422247369289398193e+02
7.422447919845581055e+02
7.422670388221740723e+02
7.422844209671020508e+02
7.423053598403930664e+02
7.423249070644378662e+02
7.423445305824279785e+02
7.423649475574493408e+02
7.423851654529571533e+02
7.424050474166870117e+02
7.424245343208312988e+02
7.424448907375335693e+02
7.424647314548492432e+02
7.424854319095611572e+02
7.425054116249084473e+02
7.425243961811065674e+02
7.425453028678894043e+02
7.425650703907012939e+02
7.425851774215698242e+02
7.426051266193389893e+02
7.426251187324523926e+02
7.426451053619384766e+02
7.426653461456298828e+02
7.426851699352264404e+02
7.427044279575347900e+02
7.427250213623046875e+02
7.427446920871734619e+02
7.427643826007843018e+02
7.427844245433807373e+02
7.428042833805084229e+02
7.428249404430389404e+02
7.428449006080627441e+02
7.428658840656280518e+02
7.428854084014892578e+02
7.429044058322906494e+02
7.429246635437011719e+02
7.429463529586791992e+02
7.429648432731628418e+02
7.429848587512969971e+02
7.430049741268157959e+02
7.430249364376068115e+02
7.430448741912841797e+02
7.430641872882843018e+02
7.430848762989044189e+02
7.431055307388305664e+02
7.431249604225158691e+02
7.431455240249633789e+02
7.431644027233123779e+02
7.431850450038909912e+02
7.432044153213500977e+02
7.432245481014251709e+02
7.432450964450836182e+02
7.432646880149841309e+02
7.432850811481475830e+02
7.433043141365051270e+02
7.433243176937103271e+02
7.433447399139404297e+02
7.433646910190582275e+02
7.433848440647125244e+02
7.434047913551330566e+02
7.434248287677764893e+02
7.434447164535522461e+02
7.434642250537872314e+02
7.434842472076416016e+02
7.435046818256378174e+02
7.435249867439270020e+02
7.435449244976043701e+02
7.435654144287109375e+02
7.435846180915832520e+02
7.436047282218933105e+02
7.436250491142272949e+02
7.436451413631439209e+02
7.436700863838195801e+02
7.436900274753570557e+02
7.437099032402038574e+02
7.437303149700164795e+02
7.437500605583190918e+02
7.437703952789306641e+02
7.437895951271057129e+02
7.438100287914276123e+02
7.438305003643035889e+02
7.438499541282653809e+02
7.438703315258026123e+02
7.438901112079620361e+02
7.439098551273345947e+02
7.439298062324523926e+02
7.439500036239624023e+02
7.439698445796966553e+02
7.439899892807006836e+02
7.440098309516906738e+02
7.440299065113067627e+02
7.440499577522277832e+02
7.440695114135742188e+02
7.440895323753356934e+02
7.441097791194915771e+02
7.441309154033660889e+02
7.441494956016540527e+02
7.441704995632171631e+02
7.441895077228546143e+02
7.442102081775665283e+02
7.442295043468475342e+02
7.442499961853027344e+02
7.442705078125000000e+02
7.442902443408966064e+02
7.443106007575988770e+02
7.443300788402557373e+02
7.443508958816528320e+02
7.443694918155670166e+02
7.443903102874755859e+02
7.444094731807708740e+02
7.444304640293121338e+02
7.444494986534118652e+02
7.444699389934539795e+02
7.444900095462799072e+02
7.445105078220367432e+02
7.445299413204193115e+02
7.445503857135772705e+02
7.445701298713684082e+02
7.445892336368560791e+02
7.446096575260162354e+02
7.446297428607940674e+02
7.446497564315795898e+02
7.446696074008941650e+02
7.446892740726470947e+02
7.447096512317657471e+02
7.447303161621093750e+02
7.447499692440032959e+02
7.447693867683410645e+02
7.447892870903015137e+02
7.448102207183837891e+02
7.448294870853424072e+02
7.448493456840515137e+02
7.448693056106567383e+02
7.448900732994079590e+02
7.449096615314483643e+02
7.449300010204315186e+02
7.449501018524169922e+02
7.449703474044799805e+02
7.449900772571563721e+02
7.450093452930450439e+02
7.450296683311462402e+02
7.450500984191894531e+02
7.450699491500854492e+02
7.450899598598480225e+02
7.451103942394256592e+02
7.451296494007110596e+02
7.451501822471618652e+02
7.451701943874359131e+02
7.451897923946380615e+02
7.452098672389984131e+02
7.452293288707733154e+02
7.452493202686309814e+02
7.452698068618774414e+02
7.452899582386016846e+02
7.453097929954528809e+02
7.453300888538360596e+02
7.453497705459594727e+02
7.453699753284454346e+02
7.453893620967864990e+02
7.454101371765136719e+02
7.454293410778045654e+02
7.454492838382720947e+02
7.454700427055358887e+02
7.454900019168853760e+02
7.455093472003936768e+02
7.455292332172393799e+02
7.455499522686004639e+02
7.455693414211273193e+02
7.455893146991729736e+02
7.456093533039093018e+02
7.456293246746063232e+02
7.456495294570922852e+02
7.456705968379974365e+02
7.456898179054260254e+02
7.457107291221618652e+02
7.457297503948211670e+02
7.457507226467132568e+02
7.457694859504699707e+02
7.457896564006805420e+02
7.458095645904541016e+02
7.458293170928955078e+02
7.458493325710296631e+02
7.458695678710937500e+02
7.458892450332641602e+02
7.459098498821258545e+02
7.459294290542602539e+02
7.459494974613189697e+02
7.459704093933105469e+02
7.459898424148559570e+02
7.460097322463989258e+02
7.460299890041351318e+02
7.460495183467864990e+02
7.460695552825927734e+02
7.460894989967346191e+02
7.461094894409179688e+02
7.461298899650573730e+02
7.461498286724090576e+02
7.461702153682708740e+02
7.461894869804382324e+02
7.462102653980255127e+02
7.462300841808319092e+02
7.462499587535858154e+02
7.462699682712554932e+02
7.462898449897766113e+02
7.463097507953643799e+02
7.463299331665039062e+02
7.463519859313964844e+02
7.463695049285888672e+02
7.463911366462707520e+02
7.464100170135498047e+02
7.464308605194091797e+02
7.464496378898620605e+02
7.464704337120056152e+02
7.464905107021331787e+02
7.465094461441040039e+02
7.465298211574554443e+02
7.465502319335937500e+02
7.465695407390594482e+02
7.465904159545898438e+02
7.466095249652862549e+02
7.466295804977416992e+02
7.466502511501312256e+02
7.466703784465789795e+02
7.466905682086944580e+02
7.467098207473754883e+02
7.467299976348876953e+02
7.467497701644897461e+02
7.467698280811309814e+02
7.467894852161407471e+02
7.468101842403411865e+02
7.468297388553619385e+02
7.468495943546295166e+02
7.468696627616882324e+02
7.468901677131652832e+02
7.469099798202514648e+02
7.469296467304229736e+02
7.469501016139984131e+02
7.469700686931610107e+02
7.469894394874572754e+02
7.470098452568054199e+02
7.470298094749450684e+02
7.470498371124267578e+02
7.470701668262481689e+02
7.470903930664062500e+02
7.471099870204925537e+02
7.471302509307861328e+02
7.471498653888702393e+02
7.471698398590087891e+02
7.471897997856140137e+02
7.472100627422332764e+02
7.472298252582550049e+02
7.472496676445007324e+02
7.472697618007659912e+02
7.472899763584136963e+02
7.473098638057708740e+02
7.473294584751129150e+02
7.473493313789367676e+02
7.473699007034301758e+02
7.473894805908203125e+02
7.474099938869476318e+02
7.474292945861816406e+02
7.474498722553253174e+02
7.474694907665252686e+02
7.474895744323730469e+02
7.475095460414886475e+02
7.475305137634277344e+02
7.475494017601013184e+02
7.475701041221618652e+02
7.475894987583160400e+02
7.476102619171142578e+02
7.476294720172882080e+02
7.476495540142059326e+02
7.476698343753814697e+02
7.476895618438720703e+02
7.477099323272705078e+02
7.477297539710998535e+02
7.477503437995910645e+02
7.477703185081481934e+02
7.477895617485046387e+02
7.478099856376647949e+02
7.478302378654479980e+02
7.478501884937286377e+02
7.478702006340026855e+02
7.478905637264251709e+02
7.479101130962371826e+02
7.479303717613220215e+02
7.479497342109680176e+02
7.479698491096496582e+02
7.479898736476898193e+02
7.480148873329162598e+02
7.480349054336547852e+02
7.480549395084381104e+02
7.480748729705810547e+02
7.480952253341674805e+02
7.481148445606231689e+02
7.481349048614501953e+02
7.481549153327941895e+02
7.481748485565185547e+02
7.481948964595794678e+02
7.482148635387420654e+02
7.482348842620849609e+02
7.482548718452453613e+02
7.482754421234130859e+02
7.482949759960174561e+02
7.483148746490478516e+02
7.483348565101623535e+02
7.483549547195434570e+02
7.483749299049377441e+02
7.483949329853057861e+02
7.484148590564727783e+02
7.484349195957183838e+02
7.484549100399017334e+02
7.484749364852905273e+02
7.484949662685394287e+02
7.485149314403533936e+02
7.485350193977355957e+02
7.485551142692565918e+02
7.485750260353088379e+02
7.485949618816375732e+02
7.486151120662689209e+02
7.486349563598632812e+02
7.486556253433227539e+02
7.486748819351196289e+02
7.486948716640472412e+02
7.487148687839508057e+02
7.487348742485046387e+02
7.487557573318481445e+02
7.487756216526031494e+02
7.487956912517547607e+02
7.488148705959320068e+02
7.488350009918212891e+02
7.488550789356231689e+02
7.488748652935028076e+02
7.488949873447418213e+02
7.489150226116180420e+02
7.489348526000976562e+02
7.489548141956329346e+02
7.489748466014862061e+02
7.489949071407318115e+02
7.490150003433227539e+02
7.490347936153411865e+02
7.490549743175506592e+02
7.490747420787811279e+02
7.490948822498321533e+02
7.491153900623321533e+02
7.491349084377288818e+02
7.491549358367919922e+02
7.491748661994934082e+02
7.491948750019073486e+02
7.492150535583496094e+02
7.492348625659942627e+02
7.492549006938934326e+02
7.492753856182098389e+02
7.492952077388763428e+02
7.493155255317687988e+02
7.493353412151336670e+02
7.493549287319183350e+02
7.493748250007629395e+02
7.493948557376861572e+02
7.494148507118225098e+02
7.494356927871704102e+02
7.494551327228546143e+02
7.494750320911407471e+02
7.494955892562866211e+02
7.495163404941558838e+02
7.495350396633148193e+02
7.495551457405090332e+02
7.495753159523010254e+02
7.495954661369323730e+02
7.496149926185607910e+02
7.496354665756225586e+02
7.496554875373840332e+02
7.496752386093139648e+02
7.496950912475585938e+02
7.497150835990905762e+02
7.497354652881622314e+02
7.497555756568908691e+02
7.497754008769989014e+02
7.497954730987548828e+02
7.498154754638671875e+02
7.498354995250701904e+02
7.498562238216400146e+02
7.498755426406860352e+02
7.498956174850463867e+02
7.499165778160095215e+02
7.499348118305206299e+02
7.499564890861511230e+02
7.499753468036651611e+02
7.499957513809204102e+02
7.500151808261871338e+02
7.500357034206390381e+02
7.500553362369537354e+02
7.500753922462463379e+02
7.500953726768493652e+02
7.501160473823547363e+02
7.501354584693908691e+02
7.501555821895599365e+02
7.501756794452667236e+02
7.501952865123748779e+02
7.502155435085296631e+02
7.502350938320159912e+02
7.502557790279388428e+02
7.502756295204162598e+02
7.502954781055450439e+02
7.503154273033142090e+02
7.503350768089294434e+02
7.503557846546173096e+02
7.503756885528564453e+02
7.503954219818115234e+02
7.504154310226440430e+02
7.504351015090942383e+02
7.504555389881134033e+02
7.504761781692504883e+02
7.504954438209533691e+02
7.505153794288635254e+02
7.505355613231658936e+02
7.505555930137634277e+02
7.505755438804626465e+02
7.505954146385192871e+02
7.506155071258544922e+02
7.506355457305908203e+02
7.506559007167816162e+02
7.506753075122833252e+02
7.506953363418579102e+02
7.507155835628509521e+02
7.507353992462158203e+02
7.507555367946624756e+02
7.507756299972534180e+02
7.507956240177154541e+02
7.508153460025787354e+02
7.508406264781951904e+02
7.508658812046051025e+02
7.508861534595489502e+02
7.509057812690734863e+02
7.509257204532623291e+02
7.509454913139343262e+02
7.509657707214355469e+02
7.509864637851715088e+02
7.510057189464569092e+02
7.510258369445800781e+02
7.510457425117492676e+02
7.510659205913543701e+02
7.510859549045562744e+02
7.511057937145233154e+02
7.511257121562957764e+02
7.511457040309906006e+02
7.511656889915466309e+02
7.511860537528991699e+02
7.512057130336761475e+02
7.512257075309753418e+02
7.512458722591400146e+02
7.512656652927398682e+02
7.512857100963592529e+02
7.513055388927459717e+02
7.513258485794067383e+02
7.513456804752349854e+02
7.513658959865570068e+02
7.513855957984924316e+02
7.514060513973236084e+02
7.514257316589355469e+02
7.514456565380096436e+02
7.514666604995727539e+02
7.514856731891632080e+02
7.515053386688232422e+02
7.515257105827331543e+02
7.515456581115722656e+02
7.515659041404724121e+02
7.515857429504394531e+02
7.516057903766632080e+02
7.516259012222290039e+02
7.516457757949829102e+02
7.516657950878143311e+02
7.516857080459594727e+02
7.517057151794433594e+02
7.517258443832397461e+02
7.517458353042602539e+02
7.517657361030578613e+02
7.517857813835144043e+02
7.518057737350463867e+02
7.518257386684417725e+02
7.518467178344726562e+02
7.518654768466949463e+02
7.518864772319793701e+02
7.519053778648376465e+02
7.519258692264556885e+02
7.519462008476257324e+02
7.519657678604125977e+02
7.519859774112701416e+02
7.520058271884918213e+02
7.520256896018981934e+02
7.520456604957580566e+02
7.520663313865661621e+02
7.520858061313629150e+02
7.521058118343353271e+02
7.521257276535034180e+02
7.521457126140594482e+02
7.521657392978668213e+02
7.521857187747955322e+02
7.522057313919067383e+02
7.522256648540496826e+02
7.522466738224029541e+02
7.522655541896820068e+02
7.522865295410156250e+02
7.523058986663818359e+02
7.523256733417510986e+02
7.523458085060119629e+02
7.523660430908203125e+02
7.523856396675109863e+02
7.524053487777709961e+02
7.524261937141418457e+02
7.524458923339843750e+02
7.524656724929809570e+02
7.524857070446014404e+02
7.525055198669433594e+02
7.525259671211242676e+02
7.525458097457885742e+02
7.525656661987304688e+02
7.525857539176940918e+02
7.526062278747558594e+02
7.526259319782257080e+02
7.526459963321685791e+02
7.526657409667968750e+02
7.526866018772125244e+02
7.527054066658020020e+02
7.527259519100189209e+02
7.527458148002624512e+02
7.527653925418853760e+02
7.527866177558898926e+02
7.528054022789001465e+02
7.528265430927276611e+02
7.528453624248504639e+02
7.528659474849700928e+02
7.528854854106903076e+02
7.529059591293334961e+02
7.529259378910064697e+02
7.529454121589660645e+02
7.529665169715881348e+02
7.529857439994812012e+02
7.530059201717376709e+02
7.530257930755615234e+02
7.530463640689849854e+02
7.530653681755065918e+02
7.530857698917388916e+02
7.531053791046142578e+02
7.531257631778717041e+02
7.531459021568298340e+02
7.531657369136810303e+02
7.531867115497589111e+02
7.532055139541625977e+02
7.532262403964996338e+02
7.532457489967346191e+02
7.532655611038208008e+02
7.532875573635101318e+02
7.533058309555053711e+02
7.533264989852905273e+02
7.533458647727966309e+02
7.533663289546966553e+02
7.533856275081634521e+02
7.534059069156646729e+02
7.534258327484130859e+02
7.534458065032958984e+02
7.534766952991485596e+02
7.534970781803131104e+02
7.535171065330505371e+02
7.535364482402801514e+02
7.535569283962249756e+02
7.535772809982299805e+02
7.535964589118957520e+02
7.536174328327178955e+02
7.536364889144897461e+02
7.536567947864532471e+02
7.536772193908691406e+02
7.536970431804656982e+02
7.537168655395507812e+02
7.537372939586639404e+02
7.537565069198608398e+02
7.537773900032043457e+02
7.537965734004974365e+02
7.538174064159393311e+02
7.538364632129669189e+02
7.538567636013031006e+02
7.538765394687652588e+02
7.538968503475189209e+02
7.539172465801239014e+02
7.539364068508148193e+02
7.539565012454986572e+02
7.539768874645233154e+02
7.539966392517089844e+02
7.540167722702026367e+02
7.540365171432495117e+02
7.540562787055969238e+02
7.540762407779693604e+02
7.540973935127258301e+02
7.541163430213928223e+02
7.541361029148101807e+02
7.541563425064086914e+02
7.541761941909790039e+02
7.541969170570373535e+02
7.542162702083587646e+02
7.542370903491973877e+02
7.542560822963714600e+02
7.542767686843872070e+02
7.542964930534362793e+02
7.543164439201354980e+02
7.543362534046173096e+02
7.543561830520629883e+02
7.543763465881347656e+02
7.543962080478668213e+02
7.544167573451995850e+02
7.544364731311798096e+02
7.544568765163421631e+02
7.544777832031250000e+02
7.544964368343353271e+02
7.545165691375732422e+02
7.545365123748779297e+02
7.545571143627166748e+02
7.545764598846435547e+02
7.545964636802673340e+02
7.546168045997619629e+02
7.546376199722290039e+02
7.546564638614654541e+02
7.546776957511901855e+02
7.546964461803436279e+02
7.547168657779693604e+02
7.547375552654266357e+02
7.547569537162780762e+02
7.547777268886566162e+02
7.547964541912078857e+02
7.548173558712005615e+02
7.548364408016204834e+02
7.548619463443756104e+02
7.548828053474426270e+02
7.549023928642272949e+02
7.549219405651092529e+02
7.549424288272857666e+02
7.549620420932769775e+02
7.549816138744354248e+02
7.550028276443481445e+02
7.550221018791198730e+02
7.550424480438232422e+02
7.550719041824340820e+02
7.550911457538604736e+02
7.551116540431976318e+02
7.551306741237640381e+02
7.551506569385528564e+02
7.551710121631622314e+02
7.551918005943298340e+02
7.552106666564941406e+02
7.552317779064178467e+02
7.552508468627929688e+02
7.552710990905761719e+02
7.552904703617095947e+02
7.553116097450256348e+02
7.553304290771484375e+02
7.553508598804473877e+02
7.553718650341033936e+02
7.553904550075531006e+02
7.554110412597656250e+02
7.554311583042144775e+02
7.554518473148345947e+02
7.554710292816162109e+02
7.554910039901733398e+02
7.555110974311828613e+02
7.555312650203704834e+02
7.555504944324493408e+02
7.555715298652648926e+02
7.555910449028015137e+02
7.556108078956604004e+02
7.556305916309356689e+02
7.556505131721496582e+02
7.556705012321472168e+02
7.556905314922332764e+02
7.557104651927947998e+02
7.557305715084075928e+02
7.557504942417144775e+02
7.557704789638519287e+02
7.557911446094512939e+02
7.558112277984619141e+02
7.558309857845306396e+02
7.558516542911529541e+02
7.558712949752807617e+02
7.558914368152618408e+02
7.559106709957122803e+02
7.559309210777282715e+02
7.559509325027465820e+02
7.559708209037780762e+02
7.559908835887908936e+02
7.560106360912322998e+02
7.560314502716064453e+02
7.560506057739257812e+02
7.560709328651428223e+02
7.560906224250793457e+02
7.561108798980712891e+02
7.561309142112731934e+02
7.561509702205657959e+02
7.561706776618957520e+02
7.561906840801239014e+02
7.562106444835662842e+02
7.562311036586761475e+02
7.562509937286376953e+02
7.562711052894592285e+02
7.562906177043914795e+02
7.563109750747680664e+02
7.563317275047302246e+02
7.563511521816253662e+02
7.563710689544677734e+02
7.563911483287811279e+02
7.564109692573547363e+02
7.564312181472778320e+02
7.564509291648864746e+02
7.564713134765625000e+02
7.564913232326507568e+02
7.565109548568725586e+02
7.565314860343933105e+02
7.565509464740753174e+02
7.565711514949798584e+02
7.565909397602081299e+02
7.566119601726531982e+02
7.566306252479553223e+02
7.566511561870574951e+02
7.566706626415252686e+02
7.566912558078765869e+02
7.567123897075653076e+02
7.567311534881591797e+02
7.567571024894714355e+02
7.567770416736602783e+02
7.567971727848052979e+02
7.568169877529144287e+02
7.568370385169982910e+02
7.568577189445495605e+02
7.568766312599182129e+02
7.568965961933135986e+02
7.569166386127471924e+02
7.569369978904724121e+02
7.569568829536437988e+02
7.569767620563507080e+02
7.569966523647308350e+02
7.570162248611450195e+02
7.570360450744628906e+02
7.570563256740570068e+02
7.570770680904388428e+02
7.570960977077484131e+02
7.571160376071929932e+02
7.571361584663391113e+02
7.571565840244293213e+02
7.571761097908020020e+02
7.571966743469238281e+02
7.572161242961883545e+02
7.572366039752960205e+02
7.572566480636596680e+02
7.572766835689544678e+02
7.572970919609069824e+02
7.573160340785980225e+02
7.573370854854583740e+02
7.573559379577636719e+02
7.573762495517730713e+02
7.574085199832916260e+02
7.574276854991912842e+02
7.574476559162139893e+02
7.574676475524902344e+02
7.574876027107238770e+02
7.575077347755432129e+02
7.575277380943298340e+02
7.575486865043640137e+02
7.575673618316650391e+02
7.575885319709777832e+02
7.576073007583618164e+02
7.576281070709228516e+02
7.576476507186889648e+02
7.576676700115203857e+02
7.576872241497039795e+02
7.577078273296356201e+02
7.577277297973632812e+02
7.577471082210540771e+02
7.577678380012512207e+02
7.577870242595672607e+02
7.578074219226837158e+02
7.578275241851806641e+02
7.578469882011413574e+02
7.578677473068237305e+02
7.578876266479492188e+02
7.579075918197631836e+02
7.579276483058929443e+02
7.579482800960540771e+02
7.579677700996398926e+02
7.579877333641052246e+02
7.580075907707214355e+02
7.580291128158569336e+02
7.580477240085601807e+02
7.580673313140869141e+02
7.580947144031524658e+02
7.581139259338378906e+02
7.581340065002441406e+02
7.581539213657379150e+02
7.581734983921051025e+02
7.581932845115661621e+02
7.582133915424346924e+02
7.582338707447052002e+02
7.582539041042327881e+02
7.582733819484710693e+02
7.582932767868041992e+02
7.583139390945434570e+02
7.583339653015136719e+02
7.583543415069580078e+02
7.583737115859985352e+02
7.583939726352691650e+02
7.584135234355926514e+02
7.584346945285797119e+02
7.584534726142883301e+02
7.584740829467773438e+02
7.584938178062438965e+02
7.585137927532196045e+02
7.585337383747100830e+02
7.585537533760070801e+02
7.585771784782409668e+02
7.585937466621398926e+02
7.586139113903045654e+02
7.586339089870452881e+02
7.586539301872253418e+02
7.586742312908172607e+02
7.586941781044006348e+02
7.587139391899108887e+02
7.587343323230743408e+02
7.587539103031158447e+02
7.587739298343658447e+02
7.587937748432159424e+02
7.588140389919281006e+02
7.588338336944580078e+02
7.588541061878204346e+02
7.588736214637756348e+02
7.588942172527313232e+02
7.589135785102844238e+02
7.589334805011749268e+02
7.589540362358093262e+02
7.589738838672637939e+02
7.589938201904296875e+02
7.590138616561889648e+02
7.590338163375854492e+02
7.590535819530487061e+02
7.590794689655303955e+02
7.590996553897857666e+02
7.591194672584533691e+02
7.591395733356475830e+02
7.591604609489440918e+02
7.591794388294219971e+02
7.591994132995605469e+02
7.592192983627319336e+02
7.592393178939819336e+02
7.592599091529846191e+02
7.592796475887298584e+02
7.592995355129241943e+02
7.593203489780426025e+02
7.593390643596649170e+02
7.593595864772796631e+02
7.593793766498565674e+02
7.593997852802276611e+02
7.594193863868713379e+02
7.594387226104736328e+02
7.594593501091003418e+02
7.594794404506683350e+02
7.594997224807739258e+02
7.595189740657806396e+02
7.595396316051483154e+02
7.595597269535064697e+02
7.595795562267303467e+02
7.595997745990753174e+02
7.596198379993438721e+02
7.596402010917663574e+02
7.596594021320343018e+02
7.596796112060546875e+02
7.596990094184875488e+02
7.597194182872772217e+02
7.597396836280822754e+02
7.597598099708557129e+02
7.597797708511352539e+02
7.597993881702423096e+02
7.598189871311187744e+02
7.598390467166900635e+02
7.598594501018524170e+02
7.598793406486511230e+02
7.598995456695556641e+02
7.599193861484527588e+02
7.599393064975738525e+02
7.599598329067230225e+02
7.599801404476165771e+02
7.599992070198059082e+02
7.600201461315155029e+02
7.600390043258666992e+02
7.600594074726104736e+02
7.600793178081512451e+02
7.600993411540985107e+02
7.601193943023681641e+02
7.601394224166870117e+02
7.601593244075775146e+02
7.601794667243957520e+02
7.601994991302490234e+02
7.602194790840148926e+02
7.602395870685577393e+02
7.602593662738800049e+02
7.602789816856384277e+02
7.602995114326477051e+02
7.603193552494049072e+02
7.603395247459411621e+02
7.603587608337402344e+02
7.603789341449737549e+02
7.603990132808685303e+02
7.604194896221160889e+02
7.604395496845245361e+02
7.604594430923461914e+02
7.604793689250946045e+02
7.604998915195465088e+02
7.605189883708953857e+02
7.605397474765777588e+02
7.605590076446533203e+02
7.605790629386901855e+02
7.605989866256713867e+02
7.606190056800842285e+02
7.606389906406402588e+02
7.606602106094360352e+02
7.606789593696594238e+02
7.606999838352203369e+02
7.607194159030914307e+02
7.607389795780181885e+02
7.607594144344329834e+02
7.607789523601531982e+02
7.607998075485229492e+02
7.608189735412597656e+02
7.608397934436798096e+02
7.608595590591430664e+02
7.608799641132354736e+02
7.608993899822235107e+02
7.609190032482147217e+02
7.609394783973693848e+02
7.609601025581359863e+02
7.609790005683898926e+02
7.610002911090850830e+02
7.610189511775970459e+02
7.610395226478576660e+02
7.610589683055877686e+02
7.610794057846069336e+02
7.610989663600921631e+02
7.611193141937255859e+02
7.611394307613372803e+02
7.611588973999023438e+02
7.611798720359802246e+02
7.611993393898010254e+02
7.612194693088531494e+02
7.612393999099731445e+02
7.612594718933105469e+02
7.612795152664184570e+02
7.612993981838226318e+02
7.613198328018188477e+02
7.613394839763641357e+02
7.613761296272277832e+02
7.613964967727661133e+02
7.614157929420471191e+02
7.614362907409667969e+02
7.614569826126098633e+02
7.614758834838867188e+02
7.614967885017395020e+02
7.615159916877746582e+02
7.615367188453674316e+02
7.615558140277862549e+02
7.615762107372283936e+02
7.615995912551879883e+02
7.616160640716552734e+02
7.616366047859191895e+02
7.616559536457061768e+02
7.616765954494476318e+02
7.616960239410400391e+02
7.617161087989807129e+02
7.617364666461944580e+02
7.617561302185058594e+02
7.617775447368621826e+02
7.617962465286254883e+02
7.618165795803070068e+02
7.618355822563171387e+02
7.618565616607666016e+02
7.618767578601837158e+02
7.618965420722961426e+02
7.619166550636291504e+02
7.619360861778259277e+02
7.619558641910552979e+02
7.619758155345916748e+02
7.619966814517974854e+02
7.620263528823852539e+02
7.620454254150390625e+02
7.620658743381500244e+02
7.620854573249816895e+02
7.621056230068206787e+02
7.621254453659057617e+02
7.621453795433044434e+02
7.621654968261718750e+02
7.621855709552764893e+02
7.622054226398468018e+02
7.622255842685699463e+02
7.622454814910888672e+02
7.622654776573181152e+02
7.622853381633758545e+02
7.623055253028869629e+02
7.623256952762603760e+02
7.623449366092681885e+02
7.623652167320251465e+02
7.623853852748870850e+02
7.624056916236877441e+02
7.624248466491699219e+02
7.624456539154052734e+02
7.624654409885406494e+02
7.624851987361907959e+02
7.625055601596832275e+02
7.625247631072998047e+02
7.625453629493713379e+02
7.625648467540740967e+02
7.625858972072601318e+02
7.626048231124877930e+02
7.626257791519165039e+02
7.626455030441284180e+02
7.626657021045684814e+02
7.626848518848419189e+02
7.627054278850555420e+02
7.627248263359069824e+02
7.627454023361206055e+02
7.627650980949401855e+02
7.627856078147888184e+02
7.628055403232574463e+02
7.628254721164703369e+02
7.628454184532165527e+02
7.628655264377593994e+02
7.628854095935821533e+02
7.629056127071380615e+02
7.629254353046417236e+02
7.629454157352447510e+02
7.629656865596771240e+02
7.629860637187957764e+02
7.630055420398712158e+02
7.630253348350524902e+02
7.630456125736236572e+02
7.630648789405822754e+02
7.630855829715728760e+02
7.631054553985595703e+02
7.631254673004150391e+02
7.631454200744628906e+02
7.631660919189453125e+02
7.631854872703552246e+02
7.632055284976959229e+02
7.632256412506103516e+02
7.632453920841217041e+02
7.632654404640197754e+02
7.632858211994171143e+02
7.633060746192932129e+02
7.633250448703765869e+02
7.633456315994262695e+02
7.633655631542205811e+02
7.633854696750640869e+02
7.634055621623992920e+02
7.634250411987304688e+02
7.634469013214111328e+02
7.634651718139648438e+02
7.634859511852264404e+02
7.635063147544860840e+02
7.635257785320281982e+02
7.635483231544494629e+02
7.635657286643981934e+02
7.635851538181304932e+02
7.636051135063171387e+02
7.636259348392486572e+02
7.636458187103271484e+02
7.636659362316131592e+02
7.636856522560119629e+02
7.637052285671234131e+02
7.637256999015808105e+02
7.637457852363586426e+02
7.637659900188446045e+02
7.637849216461181641e+02
7.638049786090850830e+02
7.638258578777313232e+02
7.638456308841705322e+02
7.638722741603851318e+02
7.638913278579711914e+02
7.639112088680267334e+02
7.639312536716461182e+02
7.639514701366424561e+02
7.639719157218933105e+02
7.639916388988494873e+02
7.640118021965026855e+02
7.640310208797454834e+02
7.640519227981567383e+02
7.640720899105072021e+02
7.640915994644165039e+02
7.641113665103912354e+02
7.641313557624816895e+02
7.641513040065765381e+02
7.641713001728057861e+02
7.641917510032653809e+02
7.642117784023284912e+02
7.642309880256652832e+02
7.642514111995697021e+02
7.642712707519531250e+02
7.642913036346435547e+02
7.643121457099914551e+02
7.643312668800354004e+02
7.643516790866851807e+02
7.643708455562591553e+02
7.643913834095001221e+02
7.644115724563598633e+02
7.644314904212951660e+02
7.644518148899078369e+02
7.644712128639221191e+02
7.644921340942382812e+02
7.645116117000579834e+02
7.645317473411560059e+02
7.645517950057983398e+02
7.645717227458953857e+02
7.645917453765869141e+02
7.646116795539855957e+02
7.646320881843566895e+02
7.646510040760040283e+02
7.646719760894775391e+02
7.646909759044647217e+02
7.647120170593261719e+02
7.647313697338104248e+02
7.647510263919830322e+02
7.647713711261749268e+02
7.647910408973693848e+02
7.648115816116333008e+02
7.648309440612792969e+02
7.648517501354217529e+02
7.648716199398040771e+02
7.648910059928894043e+02
7.649114968776702881e+02
7.649309518337249756e+02
7.649515111446380615e+02
7.649718205928802490e+02
7.649919836521148682e+02
7.650115487575531006e+02
7.650314562320709229e+02
7.650514199733734131e+02
7.650720820426940918e+02
7.650918452739715576e+02
7.651110017299652100e+02
7.651313993930816650e+02
7.651514766216278076e+02
7.651717958450317383e+02
7.651913931369781494e+02
7.652115769386291504e+02
7.652315585613250732e+02
7.652513749599456787e+02
7.652715220451354980e+02
7.652912249565124512e+02
7.653116736412048340e+02
7.653308875560760498e+02
7.653514363765716553e+02
7.653713786602020264e+02
7.653913488388061523e+02
7.654114415645599365e+02
7.654313869476318359e+02
7.654513847827911377e+02
7.654714360237121582e+02
7.654913659095764160e+02
7.655113956928253174e+02
7.655314936637878418e+02
7.655514643192291260e+02
7.655713541507720947e+02
7.655922570228576660e+02
7.656115126609802246e+02
7.656319005489349365e+02
7.656515479087829590e+02
7.656718459129333496e+02
7.656915366649627686e+02
7.657115521430969238e+02
7.657314391136169434e+02
7.657515556812286377e+02
7.657717123031616211e+02
7.657917745113372803e+02
7.658117227554321289e+02
7.658318555355072021e+02
7.658518962860107422e+02
7.658717646598815918e+02
7.658915889263153076e+02
7.659115960597991943e+02
7.659318077564239502e+02
7.659516263008117676e+02
7.659718179702758789e+02
7.659919004440307617e+02
7.660116698741912842e+02
7.660318622589111328e+02
7.660519392490386963e+02
7.660717360973358154e+02
7.660917873382568359e+02
7.661119296550750732e+02
7.661319746971130371e+02
7.661516873836517334e+02
7.661720020771026611e+02
7.661917977333068848e+02
7.662114136219024658e+02
7.662319717407226562e+02
7.662517268657684326e+02
7.662708334922790527e+02
7.662914001941680908e+02
7.663112397193908691e+02
7.663320391178131104e+02
7.663512392044067383e+02
7.663715727329254150e+02
7.663912396430969238e+02
7.664134902954101562e+02
7.664309065341949463e+02
7.664513947963714600e+02
7.664712758064270020e+02
7.664912376403808594e+02
7.665117986202239990e+02
7.665390200614929199e+02
7.665582268238067627e+02
7.665786676406860352e+02
7.665986709594726562e+02
7.666186807155609131e+02
7.666389670372009277e+02
7.666581330299377441e+02
7.666786942481994629e+02
7.666989946365356445e+02
7.667185175418853760e+02
7.667399826049804688e+02
7.667578570842742920e+02
7.667782664299011230e+02
7.667986471652984619e+02
7.668181829452514648e+02
7.668381938934326172e+02
7.668581466674804688e+02
7.668781046867370605e+02
7.668990380764007568e+02
7.669185009002685547e+02
7.669451398849487305e+02
7.669640121459960938e+02
7.669846956729888916e+02
7.670042247772216797e+02
7.670245923995971680e+02
7.670449023246765137e+02
7.670651578903198242e+02
7.670850450992584229e+02
7.671052885055541992e+02
7.671250748634338379e+02
7.671511554718017578e+02
7.671712081432342529e+02
7.671912574768066406e+02
7.672113089561462402e+02
7.672314109802246094e+02
7.672514762878417969e+02
7.672710652351379395e+02
7.672911942005157471e+02
7.673110494613647461e+02
7.673310842514038086e+02
7.673508167266845703e+02
7.673709790706634521e+02
7.673909194469451904e+02
7.674122304916381836e+02
7.674309496879577637e+02
7.674518492221832275e+02
7.674709348678588867e+02
7.674911160469055176e+02
7.675110480785369873e+02
7.675308060646057129e+02
7.675512070655822754e+02
7.675711565017700195e+02
7.675912759304046631e+02
7.676112983226776123e+02
7.676311807632446289e+02
7.676511707305908203e+02
7.676711773872375488e+02
7.676913456916809082e+02
7.677110543251037598e+02
7.677302672863006592e+02
7.677512366771697998e+02
7.677710139751434326e+02
7.677912685871124268e+02
7.678111619949340820e+02
7.678314590454101562e+02
7.678505520820617676e+02
7.678710801601409912e+02
7.678912599086761475e+02
7.679110705852508545e+02
7.679309363365173340e+02
7.679510650634765625e+02
7.679712729454040527e+02
7.679913551807403564e+02
7.680111227035522461e+02
7.680316171646118164e+02
7.680504066944122314e+02
7.680708067417144775e+02
7.680907402038574219e+02
7.681104400157928467e+02
7.681304862499237061e+02
7.681512856483459473e+02
7.681708886623382568e+02
7.681909062862396240e+02
7.682108449935913086e+02
7.682306580543518066e+02
7.682508249282836914e+02
7.682708718776702881e+02
7.682913997173309326e+02
7.683108191490173340e+02
7.683310408592224121e+02
7.683517515659332275e+02
7.683709414005279541e+02
7.683909175395965576e+02
7.684108858108520508e+02
7.684310982227325439e+02
7.684510807991027832e+02
7.684711432456970215e+02
7.684910924434661865e+02
7.685109074115753174e+02
7.685317645072937012e+02
7.685510153770446777e+02
7.685707483291625977e+02
7.685901832580566406e+02
7.686101562976837158e+02
7.686301863193511963e+02
7.686508793830871582e+02
7.686707603931427002e+02
7.686902933120727539e+02
7.687105035781860352e+02
7.687303004264831543e+02
7.687507023811340332e+02
7.687702434062957764e+02
7.687902748584747314e+02
7.688111033439636230e+02
7.688308007717132568e+02
7.688502309322357178e+02
7.688709006309509277e+02
7.688910765647888184e+02
7.689108407497406006e+02
7.689308948516845703e+02
7.689508039951324463e+02
7.689713354110717773e+02
7.689908399581909180e+02
7.690114519596099854e+02
7.690309886932373047e+02
7.690508298873901367e+02
7.690711429119110107e+02
7.690910286903381348e+02
7.691112506389617920e+02
7.691310055255889893e+02
7.691509449481964111e+02
7.691708452701568604e+02
7.691911449432373047e+02
7.692112550735473633e+02
7.692310814857482910e+02
7.692512240409851074e+02
7.692713336944580078e+02
7.692910277843475342e+02
7.693109848499298096e+02
7.693312733173370361e+02
7.693510997295379639e+02
7.693709552288055420e+02
7.693903958797454834e+02
7.694112117290496826e+02
7.694312679767608643e+02
7.694510231018066406e+02
7.694716401100158691e+02
7.694908812046051025e+02
7.695110871791839600e+02
7.695320172309875488e+02
7.695504479408264160e+02
7.695712509155273438e+02
7.695912439823150635e+02
7.696101288795471191e+02
7.696308467388153076e+02
7.696505503654479980e+02
7.696767220497131348e+02
7.696959559917449951e+02
7.697153012752532959e+02
7.697365686893463135e+02
7.697556629180908203e+02
7.697841229438781738e+02
7.698046739101409912e+02
7.698246061801910400e+02
7.698447806835174561e+02
7.698635776042938232e+02
7.698840353488922119e+02
7.699039921760559082e+02
7.699241507053375244e+02
7.699437136650085449e+02
7.699640133380889893e+02
7.699846930503845215e+02
7.700045447349548340e+02
7.700246367454528809e+02
7.700440232753753662e+02
7.700640456676483154e+02
7.700843248367309570e+02
7.701043426990509033e+02
7.701243591308593750e+02
7.701448645591735840e+02
7.701645619869232178e+02
7.701844289302825928e+02
7.702046470642089844e+02
7.702246379852294922e+02
7.702443289756774902e+02
7.702645673751831055e+02
7.702844979763031006e+02
7.703042924404144287e+02
7.703244006633758545e+02
7.703442554473876953e+02
7.703647181987762451e+02
7.703842525482177734e+02
7.704044551849365234e+02
7.704244954586029053e+02
7.704443261623382568e+02
7.704644813537597656e+02
7.704860854148864746e+02
7.705040073394775391e+02
7.705240778923034668e+02
7.705440504550933838e+02
7.705633025169372559e+02
7.705837700366973877e+02
7.706043586730957031e+02
7.706239659786224365e+02
7.706443760395050049e+02
7.706641669273376465e+02
7.706882162094116211e+02
7.707083132266998291e+02
7.707277207374572754e+02
7.707486734390258789e+02
7.707688665390014648e+02
7.707882242202758789e+02
7.708083512783050537e+02
7.708281860351562500e+02
7.708486955165863037e+02
7.708682224750518799e+02
7.708890933990478516e+02
7.709092757701873779e+02
7.709282765388488770e+02
7.709481835365295410e+02
7.709681003093719482e+02
7.709888007640838623e+02
7.710083444118499756e+02
7.710282647609710693e+02
7.710483436584472656e+02
7.710683989524841309e+02
7.710884742736816406e+02
7.711083219051361084e+02
7.711284410953521729e+02
7.711601989269256592e+02
7.711800355911254883e+02
7.712002112865447998e+02
7.712203416824340820e+02
7.712402272224426270e+02
7.712604653835296631e+02
7.712805886268615723e+02
7.713002102375030518e+02
7.713202550411224365e+02
7.713400833606719971e+02
7.713601775169372559e+02
7.713801183700561523e+02
7.714001834392547607e+02
7.714203107357025146e+02
7.714400343894958496e+02
7.714605898857116699e+02
7.714802913665771484e+02
7.715006618499755859e+02
7.715205237865447998e+02
7.715405795574188232e+02
7.715607964992523193e+02
7.715804076194763184e+02
7.716002631187438965e+02
7.716200463771820068e+02
7.716401112079620361e+02
7.716609542369842529e+02
7.716807804107666016e+02
7.717059895992279053e+02
7.717271797657012939e+02
7.717465741634368896e+02
7.717663407325744629e+02
7.717874104976654053e+02
7.718067932128906250e+02
7.718263821601867676e+02
7.718466286659240723e+02
7.718662409782409668e+02
7.718868134021759033e+02
7.719067709445953369e+02
7.719266319274902344e+02
7.719464757442474365e+02
7.719667332172393799e+02
7.719862167835235596e+02
7.720067195892333984e+02
7.720266432762145996e+02
7.720467083454132080e+02
7.720667946338653564e+02
7.720871765613555908e+02
7.721065783500671387e+02
7.721265738010406494e+02
7.721466534137725830e+02
7.721662125587463379e+02
7.721867816448211670e+02
7.722067666053771973e+02
7.722267248630523682e+02
7.722486906051635742e+02
7.722665829658508301e+02
7.722867321968078613e+02
7.723067240715026855e+02
7.723264682292938232e+02
7.723466637134552002e+02
7.723669004440307617e+02
7.723862369060516357e+02
7.724063556194305420e+02
7.724267435073852539e+02
7.724468815326690674e+02
7.724668030738830566e+02
7.724862570762634277e+02
7.725062530040740967e+02
7.725267677307128906e+02
7.725462050437927246e+02
7.725662288665771484e+02
7.725871813297271729e+02
7.726062638759613037e+02
7.726275529861450195e+02
7.726462435722351074e+02
7.726665625572204590e+02
7.726866409778594971e+02
7.727067420482635498e+02
7.727267088890075684e+02
7.727468490600585938e+02
7.727670383453369141e+02
7.727866199016571045e+02
7.728066523075103760e+02
7.728266081809997559e+02
7.728462500572204590e+02
7.728667373657226562e+02
7.728860330581665039e+02
7.729070675373077393e+02
7.729265384674072266e+02
7.729462468624114990e+02
7.729669744968414307e+02
7.729866886138916016e+02
7.730075652599334717e+02
7.730262234210968018e+02
7.730473532676696777e+02
7.730662047863006592e+02
7.730866835117340088e+02
7.731062667369842529e+02
7.731268279552459717e+02
7.731461977958679199e+02
7.731662306785583496e+02
7.731870708465576172e+02
7.732062785625457764e+02
7.732275483608245850e+02
7.732462112903594971e+02
7.732667074203491211e+02
7.732866890430450439e+02
7.733070120811462402e+02
7.733270235061645508e+02
7.733471121788024902e+02
7.733667492866516113e+02
7.733872809410095215e+02
7.734066579341888428e+02
7.734272565841674805e+02
7.734462270736694336e+02
7.734670245647430420e+02
7.734862179756164551e+02
7.735067536830902100e+02
7.735267150402069092e+02
7.735465958118438721e+02
7.735672411918640137e+02
7.735866434574127197e+02
7.736069872379302979e+02
7.736262300014495850e+02
7.736476285457611084e+02
7.736662123203277588e+02
7.736866905689239502e+02
7.737067272663116455e+02
7.737266986370086670e+02
7.737471780776977539e+02
7.737670159339904785e+02
7.737878870964050293e+02
7.738068778514862061e+02
7.738271470069885254e+02
7.738462486267089844e+02
7.738659939765930176e+02
7.738862338066101074e+02
7.739062073230743408e+02
7.739271714687347412e+02
7.739462432861328125e+02
7.739671468734741211e+02
7.739870858192443848e+02
7.740068972110748291e+02
7.740272085666656494e+02
7.740461981296539307e+02
7.740666162967681885e+02
7.740862050056457520e+02
7.741069331169128418e+02
7.741269018650054932e+02
7.741470239162445068e+02
7.741667721271514893e+02
7.741862931251525879e+02
7.742065331935882568e+02
7.742265269756317139e+02
7.742465627193450928e+02
7.742670326232910156e+02
7.742864527702331543e+02
7.743064515590667725e+02
7.743269774913787842e+02
7.743467946052551270e+02
7.743668441772460938e+02
7.743871300220489502e+02
7.744068820476531982e+02
7.744263010025024414e+02
7.744472339153289795e+02
7.744663558006286621e+02
7.744862127304077148e+02
7.745077865123748779e+02
7.745259225368499756e+02
7.745474758148193359e+02
7.745672111511230469e+02
7.745870833396911621e+02
7.746070191860198975e+02
7.746270353794097900e+02
7.746468269824981689e+02
7.746668982505798340e+02
7.746870939731597900e+02
7.747068450450897217e+02
7.747269039154052734e+02
7.747468054294586182e+02
7.747665562629699707e+02
7.747862212657928467e+02
7.748065519332885742e+02
7.748263471126556396e+02
7.748470890522003174e+02
7.748669383525848389e+02
7.748865401744842529e+02
7.749068386554718018e+02
7.749267446994781494e+02
7.749466016292572021e+02
7.749665403366088867e+02
7.749870967864990234e+02
7.750068731307983398e+02
7.750269181728363037e+02
7.750469913482666016e+02
7.750670731067657471e+02
7.750866794586181641e+02
7.751066808700561523e+02
7.751266767978668213e+02
7.751466002464294434e+02
7.751666920185089111e+02
7.751869163513183594e+02
7.752067172527313232e+02
7.752266600131988525e+02
7.752464556694030762e+02
7.752664904594421387e+02
7.752864835262298584e+02
7.753101670742034912e+02
7.753304383754730225e+02
7.753510856628417969e+02
7.753716404438018799e+02
7.753911304473876953e+02
7.754105231761932373e+02
7.754313826560974121e+02
7.754513387680053711e+02
7.754714069366455078e+02
7.754911851882934570e+02
7.755113677978515625e+02
7.755310854911804199e+02
7.755512664318084717e+02
7.755712490081787109e+02
7.755915951728820801e+02
7.756109752655029297e+02
7.756309742927551270e+02
7.756509435176849365e+02
7.756713006496429443e+02
7.756913352012634277e+02
7.757108998298645020e+02
7.757312073707580566e+02
7.757504460811614990e+02
7.757708368301391602e+02
7.757908987998962402e+02
7.758109557628631592e+02
7.758310866355895996e+02
7.758516318798065186e+02
7.758711805343627930e+02
7.758913531303405762e+02
7.759110794067382812e+02
7.759311327934265137e+02
7.759513320922851562e+02
7.759713077545166016e+02
7.759913136959075928e+02
7.760111553668975830e+02
7.760301783084869385e+02
7.760513215065002441e+02
7.760701830387115479e+02
7.760920081138610840e+02
7.761113786697387695e+02
7.761304516792297363e+02
7.761512618064880371e+02
7.761707460880279541e+02
7.761915161609649658e+02
7.762108526229858398e+02
7.762330918312072754e+02
7.762506616115570068e+02
7.762713177204132080e+02
7.762910397052764893e+02
7.763108541965484619e+02
7.763308691978454590e+02
7.763508780002593994e+02
7.763703968524932861e+02
7.763903212547302246e+02
7.764102783203125000e+02
7.764302489757537842e+02
7.764503369331359863e+02
7.764702558517456055e+02
7.764904217720031738e+02
7.765103521347045898e+02
7.765302906036376953e+02
7.765502617359161377e+02
7.765703840255737305e+02
7.765903098583221436e+02
7.766102733612060547e+02
7.766302850246429443e+02
7.766503167152404785e+02
7.766710689067840576e+02
7.766903347969055176e+02
7.767102959156036377e+02
7.767303016185760498e+02
7.767502841949462891e+02
7.767703006267547607e+02
7.767902786731719971e+02
7.768102960586547852e+02
7.768303215503692627e+02
7.768502883911132812e+02
7.768702843189239502e+02
7.768902907371520996e+02
7.769102814197540283e+02
7.769307923316955566e+02
7.769510612487792969e+02
7.769708838462829590e+02
7.769910104274749756e+02
7.770108199119567871e+02
7.770304753780364990e+02
7.770505607128143311e+02
7.770704550743103027e+02
7.770905632972717285e+02
7.771104543209075928e+02
7.771307883262634277e+02
7.771506536006927490e+02
7.771702387332916260e+02
7.771909480094909668e+02
7.772104489803314209e+02
7.772314529418945312e+02
7.772504129409790039e+02
7.772714312076568604e+02
7.772908093929290771e+02
7.773109595775604248e+02
7.773406679630279541e+02
7.773615124225616455e+02
7.773802850246429443e+02
7.774010100364685059e+02
7.774206101894378662e+02
7.774406340122222900e+02
7.774606466293334961e+02
7.774804899692535400e+02
7.775016539096832275e+02
7.775208611488342285e+02
7.775410237312316895e+02
7.775609588623046875e+02
7.775805563926696777e+02
7.776005790233612061e+02
7.776205058097839355e+02
7.776409587860107422e+02
7.776604912281036377e+02
7.776809859275817871e+02
7.777016716003417969e+02
7.777208435535430908e+02
7.777409293651580811e+02
7.777608909606933594e+02
7.777817201614379883e+02
7.778006234169006348e+02
7.778204865455627441e+02
7.778416094779968262e+02
7.778605394363403320e+02
7.778808882236480713e+02
7.779005894660949707e+02
7.779203124046325684e+02
7.779410107135772705e+02
7.779609365463256836e+02
7.779809761047363281e+02
7.780009906291961670e+02
7.780214092731475830e+02
7.780403864383697510e+02
7.780611350536346436e+02
7.780816004276275635e+02
7.781013827323913574e+02
7.781217207908630371e+02
7.781414144039154053e+02
7.781618204116821289e+02
7.781808867454528809e+02
7.782015833854675293e+02
7.782209174633026123e+02
7.782408921718597412e+02
7.782611961364746094e+02
7.782803628444671631e+02
7.783008561134338379e+02
7.783209097385406494e+02
7.783408129215240479e+02
7.783608627319335938e+02
7.783817646503448486e+02
7.784008889198303223e+02
7.784209606647491455e+02
7.784406523704528809e+02
7.784612843990325928e+02
7.784811506271362305e+02
7.785010397434234619e+02
7.785211980342864990e+02
7.785411965847015381e+02
7.785609426498413086e+02
7.785811834335327148e+02
7.786021542549133301e+02
7.786211454868316650e+02
7.786411054134368896e+02
7.786609759330749512e+02
7.786813697814941406e+02
7.787007291316986084e+02
7.787213878631591797e+02
7.787414376735687256e+02
7.787614264488220215e+02
7.787808785438537598e+02
7.788004956245422363e+02
7.788214445114135742e+02
7.788405716419219971e+02
7.788615903854370117e+02
7.788805127143859863e+02
7.789008908271789551e+02
7.789212007522583008e+02
7.789408693313598633e+02
7.789609642028808594e+02
7.789809737205505371e+02
7.790009467601776123e+02
7.790209424495697021e+02
7.790409018993377686e+02
7.790610299110412598e+02
7.790810403823852539e+02
7.791005556583404541e+02
7.791205244064331055e+02
7.791410012245178223e+02
7.791608386039733887e+02
7.791817739009857178e+02
7.792009129524230957e+02
7.792206943035125732e+02
7.792416334152221680e+02
7.792611126899719238e+02
7.792809495925903320e+02
7.793020293712615967e+02
7.793216598033905029e+02
7.793405206203460693e+02
7.793606958389282227e+02
7.793805453777313232e+02
7.794010980129241943e+02
7.794215409755706787e+02
7.794413678646087646e+02
7.794618484973907471e+02
7.794805464744567871e+02
7.795015790462493896e+02
7.795205254554748535e+02
7.795409791469573975e+02
7.795615081787109375e+02
7.795809955596923828e+02
7.796009337902069092e+02
7.796210350990295410e+02
7.796409740447998047e+02
7.796609470844268799e+02
7.796809613704681396e+02
7.797012126445770264e+02
7.797206745147705078e+02
7.797409167289733887e+02
7.797607007026672363e+02
7.797817234992980957e+02
7.798005518913269043e+02
7.798215785026550293e+02
7.798411781787872314e+02
7.798610005378723145e+02
7.798802812099456787e+02
7.799013378620147705e+02
7.799206361770629883e+02
7.799415516853332520e+02
7.799613204002380371e+02
7.799813091754913330e+02
7.800016057491302490e+02
7.800210995674133301e+02
7.800412428379058838e+02
7.800614426136016846e+02
7.800813012123107910e+02
7.801012125015258789e+02
7.801212034225463867e+02
7.801412765979766846e+02
7.801609156131744385e+02
7.801812479496002197e+02
7.802004098892211914e+02
7.802203481197357178e+02
7.802403719425201416e+02
7.802604019641876221e+02
7.802803540229797363e+02
7.803004052639007568e+02
7.803203244209289551e+02
7.803403654098510742e+02
7.803603389263153076e+02
7.803803508281707764e+02
7.804003756046295166e+02
7.804203505516052246e+02
7.804404017925262451e+02
7.804603512287139893e+02
7.804803957939147949e+02
7.805003910064697266e+02
7.805204064846038818e+02
7.805404529571533203e+02
7.805610737800598145e+02
7.805807273387908936e+02
7.806009521484375000e+02
7.806212756633758545e+02
7.806408374309539795e+02
7.806608932018280029e+02
7.806809213161468506e+02
7.807010130882263184e+02
7.807209899425506592e+02
7.807409741878509521e+02
7.807610034942626953e+02
7.807809541225433350e+02
7.808009319305419922e+02
7.808209016323089600e+02
7.808412005901336670e+02
7.808610913753509521e+02
7.808808541297912598e+02
7.809010586738586426e+02
7.809210865497589111e+02
7.809410407543182373e+02
7.809611234664916992e+02
7.809808561801910400e+02
7.810008482933044434e+02
7.810209138393402100e+02
7.810408003330230713e+02
7.810610780715942383e+02
7.810809490680694580e+02
7.811010048389434814e+02
7.811209411621093750e+02
7.811410491466522217e+02
7.811610455513000488e+02
7.811813201904296875e+02
7.812009568214416504e+02
7.812209348678588867e+02
7.812409763336181641e+02
7.812609438896179199e+02
7.812809653282165527e+02
7.813010361194610596e+02
7.813206574916839600e+02
7.813405511379241943e+02
7.813609280586242676e+02
7.813808963298797607e+02
7.814016556739807129e+02
7.814204866886138916e+02
7.814414434432983398e+02
7.814610795974731445e+02
7.814804749488830566e+02
7.815016403198242188e+02
7.815212054252624512e+02
7.815412352085113525e+02
7.815612063407897949e+02
7.815812022686004639e+02
7.816012833118438721e+02
7.816208620071411133e+02
7.816414477825164795e+02
7.816605434417724609e+02
7.816812388896942139e+02
7.817069830894470215e+02
7.817262494564056396e+02
7.817464466094970703e+02
7.817671864032745361e+02
7.817859952449798584e+02
7.818070557117462158e+02
7.818263933658599854e+02
7.818463706970214844e+02
7.818668472766876221e+02
7.818869032859802246e+02
7.819067420959472656e+02
7.819268910884857178e+02
7.819463384151458740e+02
7.819664385318756104e+02
7.819864370822906494e+02
7.820065703392028809e+02
7.820264699459075928e+02
7.820467567443847656e+02
7.820658571720123291e+02
7.820863559246063232e+02
7.821064791679382324e+02
7.821265616416931152e+02
7.821464078426361084e+02
7.821664624214172363e+02
7.821861078739166260e+02
7.822065839767456055e+02
7.822264339923858643e+02
7.822462534904479980e+02
7.822664289474487305e+02
7.822864184379577637e+02
7.823063759803771973e+02
7.823264338970184326e+02
7.823463966846466064e+02
7.823665394783020020e+02
7.823863236904144287e+02
7.824064853191375732e+02
7.824266068935394287e+02
7.824463622570037842e+02
7.824665403366088867e+02
7.824864349365234375e+02
7.825065610408782959e+02
7.825265886783599854e+02
7.825464446544647217e+02
7.825663268566131592e+02
7.825858502388000488e+02
7.826065924167633057e+02
7.826266031265258789e+02
7.826464226245880127e+02
7.826665365695953369e+02
7.826857852935791016e+02
7.827065343856811523e+02
7.827267303466796875e+02
7.827465491294860840e+02
7.827664363384246826e+02
7.827863132953643799e+02
7.828058385848999023e+02
7.828273391723632812e+02
7.828460483551025391e+02
7.828664143085479736e+02
7.828862524032592773e+02
7.829060416221618652e+02
7.829274024963378906e+02
7.829457395076751709e+02
7.829669630527496338e+02
7.829860792160034180e+02
7.830065453052520752e+02
7.830268125534057617e+02
7.830468764305114746e+02
7.830669691562652588e+02
7.830867614746093750e+02
7.831069445610046387e+02
7.831269514560699463e+02
7.831465303897857666e+02
7.831668539047241211e+02
7.831863365173339844e+02
7.832065081596374512e+02
7.832264368534088135e+02
7.832462716102600098e+02
7.832668249607086182e+02
7.832867789268493652e+02
7.833069403171539307e+02
7.833267412185668945e+02
7.833468000888824463e+02
7.833663737773895264e+02
7.833864614963531494e+02
7.834068291187286377e+02
7.834269580841064453e+02
7.834465236663818359e+02
7.834664981365203857e+02
7.834864196777343750e+02
7.835066108703613281e+02
7.835265526771545410e+02
7.835464465618133545e+02
7.835666108131408691e+02
7.835865514278411865e+02
7.836060054302215576e+02
7.836278967857360840e+02
7.836461076736450195e+02
7.836662006378173828e+02
7.836863021850585938e+02
7.837063856124877930e+02
7.837278120517730713e+02
7.837461786270141602e+02
7.837664566040039062e+02
7.837871711254119873e+02
7.838067805767059326e+02
7.838269565105438232e+02
7.838465404510498047e+02
7.838669316768646240e+02
7.838870060443878174e+02
7.839069170951843262e+02
7.839271140098571777e+02
7.839468104839324951e+02
7.839668171405792236e+02
7.839868247509002686e+02
7.840066087245941162e+02
7.840271339416503906e+02
7.840469431877136230e+02
7.840671067237854004e+02
7.840868790149688721e+02
7.841067345142364502e+02
7.841269259452819824e+02
7.841468117237091064e+02
7.841668467521667480e+02
7.841861321926116943e+02
7.842066402435302734e+02
7.842260925769805908e+02
7.842467863559722900e+02
7.842664911746978760e+02
7.842866721153259277e+02
7.843066763877868652e+02
7.843265247344970703e+02
7.843463623523712158e+02
7.843664624691009521e+02
7.843870158195495605e+02
7.844065837860107422e+02
7.844264507293701172e+02
7.844465901851654053e+02
7.844663972854614258e+02
7.844865500926971436e+02
7.845060658454895020e+02
7.845264217853546143e+02
7.845464000701904297e+02
7.845671143531799316e+02
7.845858082771301270e+02
7.846072778701782227e+02
7.846262834072113037e+02
7.846465830802917480e+02
7.846665444374084473e+02
7.846863713264465332e+02
7.847065598964691162e+02
7.847261016368865967e+02
7.847478075027465820e+02
7.847657666206359863e+02
7.847875537872314453e+02
7.848064670562744141e+02
7.848266086578369141e+02
7.848472223281860352e+02
7.848658223152160645e+02
7.848864464759826660e+02
7.849065308570861816e+02
7.849264369010925293e+02
7.849465565681457520e+02
7.849664561748504639e+02
7.849865229129791260e+02
7.850064783096313477e+02
7.850261960029602051e+02
7.850465240478515625e+02
7.850665681362152100e+02
7.850864126682281494e+02
7.851069676876068115e+02
7.851264431476593018e+02
7.851465542316436768e+02
7.851668815612792969e+02
7.851863117218017578e+02
7.852066001892089844e+02
7.852264299392700195e+02
7.852464542388916016e+02
7.852662866115570068e+02
7.852867958545684814e+02
7.853067090511322021e+02
7.853265991210937500e+02
7.853465051651000977e+02
7.853663866519927979e+02
7.853875551223754883e+02
7.854061586856842041e+02
7.854264149665832520e+02
7.854460256099700928e+02
7.854664957523345947e+02
7.854860098361968994e+02
7.855066237449645996e+02
7.855269515514373779e+02
7.855465974807739258e+02
7.855671656131744385e+02
7.855860970020294189e+02
7.856068589687347412e+02
7.856259987354278564e+02
7.856465718746185303e+02
7.856660485267639160e+02
7.856862571239471436e+02
7.857065491676330566e+02
7.857260320186614990e+02
7.857471711635589600e+02
7.857665808200836182e+02
7.857864651679992676e+02
7.858065776824951172e+02
7.858272016048431396e+02
7.858461949825286865e+02
7.858673918247222900e+02
7.858859930038452148e+02
7.859065968990325928e+02
7.859260764122009277e+02
7.859465897083282471e+02
7.859660060405731201e+02
7.859866135120391846e+02
7.860060009956359863e+02
7.860264663696289062e+02
7.860460274219512939e+02
7.860664336681365967e+02
7.860860362052917480e+02
7.861064202785491943e+02
7.861267142295837402e+02
7.861465432643890381e+02
7.861665124893188477e+02
7.861864492893218994e+02
7.862069816589355469e+02
7.862265079021453857e+02
7.862466697692871094e+02
7.862665176391601562e+02
7.862858147621154785e+02
7.863063991069793701e+02
7.863264670372009277e+02
7.863464500904083252e+02
7.863663718700408936e+02
7.863864057064056396e+02
7.864065611362457275e+02
7.864274907112121582e+02
7.864469590187072754e+02
7.864664704799652100e+02
7.864865794181823730e+02
7.865065355300903320e+02
7.865264449119567871e+02
7.865465657711029053e+02
7.865659177303314209e+02
7.865864763259887695e+02
7.866064722537994385e+02
7.866264734268188477e+02
7.866464829444885254e+02
7.866666162014007568e+02
7.866863262653350830e+02
7.867063395977020264e+02
7.867265448570251465e+02
7.867464611530303955e+02
7.867666473388671875e+02
7.867861180305480957e+02
7.868065114021301270e+02
7.868265538215637207e+02
7.868460791110992432e+02
7.868665759563446045e+02
7.868861083984375000e+02
7.869061048030853271e+02
7.869260346889495850e+02
7.869468367099761963e+02
7.869663190841674805e+02
7.869864795207977295e+02
7.870065817832946777e+02
7.870265402793884277e+02
7.870463690757751465e+02
7.870664196014404297e+02
7.870866184234619141e+02
7.871065101623535156e+02
7.871262986660003662e+02
7.871466798782348633e+02
7.871665437221527100e+02
7.871864058971405029e+02
7.872064914703369141e+02
7.872264869213104248e+02
7.872458164691925049e+02
7.872664763927459717e+02
7.872865309715270996e+02
7.873065292835235596e+02
7.873264725208282471e+02
7.873466019630432129e+02
7.873664014339447021e+02
7.873863818645477295e+02
7.874064433574676514e+02
7.874265015125274658e+02
7.874464800357818604e+02
7.874664437770843506e+02
7.874864511489868164e+02
7.875063898563385010e+02
7.875269401073455811e+02
7.875463557243347168e+02
7.875664272308349609e+02
7.875864503383636475e+02
7.876064302921295166e+02
7.876265621185302734e+02
7.876463551521301270e+02
7.876665561199188232e+02
7.876863083839416504e+02
7.877064473628997803e+02
7.877264552116394043e+02
7.877465178966522217e+02
7.877665274143218994e+02
7.877864434719085693e+02
7.878058655261993408e+02
7.878263988494873047e+02
7.878465518951416016e+02
7.878663935661315918e+02
7.878863842487335205e+02
7.879069423675537109e+02
7.879262790679931641e+02
7.879463458061218262e+02
7.879663307666778564e+02
7.879864239692687988e+02
7.880064039230346680e+02
7.880265221595764160e+02
7.880463631153106689e+02
7.880664045810699463e+02
7.880864648818969727e+02
7.881066048145294189e+02
7.881264700889587402e+02
7.881464889049530029e+02
7.881665582656860352e+02
7.881864702701568604e+02
7.882153823375701904e+02
7.882351174354553223e+02
7.882544410228729248e+02
7.882750368118286133e+02
7.882950935363769531e+02
7.883149697780609131e+02
7.883350465297698975e+02
7.883551254272460938e+02
7.883751413822174072e+02
7.883949837684631348e+02
7.884150872230529785e+02
7.884350466728210449e+02
7.884551613330841064e+02
7.884751887321472168e+02
7.884953081607818604e+02
7.885151767730712891e+02
7.885352597236633301e+02
7.885554838180541992e+02
7.885751452445983887e+02
7.885951800346374512e+02
7.886150493621826172e+02
7.886352610588073730e+02
7.886552155017852783e+02
7.886750428676605225e+02
7.886956217288970947e+02
7.887149291038513184e+02
7.887351424694061279e+02
7.887555823326110840e+02
7.887751326560974121e+02
7.887953197956085205e+02
7.888152344226837158e+02
7.888344054222106934e+02
7.888560950756072998e+02
7.888752300739288330e+02
7.888961944580078125e+02
7.889147002696990967e+02
7.889357886314392090e+02
7.889548099040985107e+02
7.889752542972564697e+02
7.889951498508453369e+02
7.890151660442352295e+02
7.890351850986480713e+02
7.890553259849548340e+02
7.890754010677337646e+02
7.890954988002777100e+02
7.891150624752044678e+02
7.891347076892852783e+02
7.891547117233276367e+02
7.891747212409973145e+02
7.891954662799835205e+02
7.892152898311614990e+02
7.892351129055023193e+02
7.892552902698516846e+02
7.892752475738525391e+02
7.892951619625091553e+02
7.893152036666870117e+02
7.893353528976440430e+02
7.893547241687774658e+02
7.893753709793090820e+02
7.893950982093811035e+02
7.894151277542114258e+02
7.894351572990417480e+02
7.894551503658294678e+02
7.894751572608947754e+02
7.894950461387634277e+02
7.895150926113128662e+02
7.895365989208221436e+02
7.895546619892120361e+02
7.895761022567749023e+02
7.895950977802276611e+02
7.896150915622711182e+02
7.896351709365844727e+02
7.896549465656280518e+02
7.896755402088165283e+02
7.896951892375946045e+02
7.897154285907745361e+02
7.897351481914520264e+02
7.897550270557403564e+02
7.897751502990722656e+02
7.897950699329376221e+02
7.898151180744171143e+02
7.898351759910583496e+02
7.898632287979125977e+02
7.898833391666412354e+02
7.899032580852508545e+02
7.899241607189178467e+02
7.899434175491333008e+02
7.899640853404998779e+02
7.899833340644836426e+02
7.900036768913269043e+02
7.900232615470886230e+02
7.900439660549163818e+02
7.900641028881072998e+02
7.900839323997497559e+02
7.901042020320892334e+02
7.901240351200103760e+02
7.901437854766845703e+02
7.901640636920928955e+02
7.901844232082366943e+02
7.902039484977722168e+02
7.902232713699340820e+02
7.902436542510986328e+02
7.902638435363769531e+02
7.902841167449951172e+02
7.903040797710418701e+02
7.903232622146606445e+02
7.903436200618743896e+02
7.903632154464721680e+02
7.903837025165557861e+02
7.904032325744628906e+02
7.904233739376068115e+02
7.904438209533691406e+02
7.904633259773254395e+02
7.904841012954711914e+02
7.905033178329467773e+02
7.905237686634063721e+02
7.905432252883911133e+02
7.905636720657348633e+02
7.905839345455169678e+02
7.906039297580718994e+02
7.906238193511962891e+02
7.906439213752746582e+02
7.906641759872436523e+02
7.906838083267211914e+02
7.907045087814331055e+02
7.907240889072418213e+02
7.907438154220581055e+02
7.907641777992248535e+02
7.907838671207427979e+02
7.908040754795074463e+02
7.908249325752258301e+02
7.908437907695770264e+02
7.908643002510070801e+02
7.908839514255523682e+02
7.909038743972778320e+02
7.909242923259735107e+02
7.909437923431396484e+02
7.909639389514923096e+02
7.909840352535247803e+02
7.910040609836578369e+02
7.910239646434783936e+02
7.910437271595001221e+02
7.910638880729675293e+02
7.910844752788543701e+02
7.911038811206817627e+02
7.911238825321197510e+02
7.911444015502929688e+02
7.911640448570251465e+02
7.911838085651397705e+02
7.912040228843688965e+02
7.912237856388092041e+02
7.912437961101531982e+02
7.912638297080993652e+02
7.912839474678039551e+02
7.913044586181640625e+02
7.913239483833312988e+02
7.913439691066741943e+02
7.913651058673858643e+02
7.913835146427154541e+02
7.914038596153259277e+02
7.914241328239440918e+02
7.914440221786499023e+02
7.914638543128967285e+02
7.914838137626647949e+02
7.915038030147552490e+02
7.915243873596191406e+02
7.915439445972442627e+02
7.915640242099761963e+02
7.915840852260589600e+02
7.916038138866424561e+02
7.916239244937896729e+02
7.916441171169281006e+02
7.916641409397125244e+02
7.916842360496520996e+02
7.917037937641143799e+02
7.917241291999816895e+02
7.917445223331451416e+02
7.917640340328216553e+02
7.917837646007537842e+02
7.918038494586944580e+02
7.918240492343902588e+02
7.918437712192535400e+02
7.918639593124389648e+02
7.918836746215820312e+02
7.919043905735015869e+02
7.919240071773529053e+02
7.919438095092773438e+02
7.919648036956787109e+02
7.919841856956481934e+02
7.920039622783660889e+02
7.920245532989501953e+02
7.920434932708740234e+02
7.920643613338470459e+02
7.920842814445495605e+02
7.921042358875274658e+02
7.921245646476745605e+02
7.921441526412963867e+02
7.921645584106445312e+02
7.921845974922180176e+02
7.922042620182037354e+02
7.922236368656158447e+02
7.922435109615325928e+02
7.922644717693328857e+02
7.922840528488159180e+02
7.923043069839477539e+02
7.923241360187530518e+02
7.923442070484161377e+02
7.923642272949218750e+02
7.923842773437500000e+02
7.924041476249694824e+02
7.924242398738861084e+02
7.924443972110748291e+02
7.924642543792724609e+02
7.924843485355377197e+02
7.925042614936828613e+02
7.925243821144104004e+02
7.925442442893981934e+02
7.925642101764678955e+02
7.925842075347900391e+02
7.926037878990173340e+02
7.926239495277404785e+02
7.926439852714538574e+02
7.926638057231903076e+02
7.926835000514984131e+02
7.927039439678192139e+02
7.927235059738159180e+02
7.927438118457794189e+02
7.927638289928436279e+02
7.927843568325042725e+02
7.928045253753662109e+02
7.928249177932739258e+02
7.928444986343383789e+02
7.928644309043884277e+02
7.928838596343994141e+02
7.929038646221160889e+02
7.929244937896728516e+02
7.929440178871154785e+02
7.929641065597534180e+02
7.929838922023773193e+02
7.930032820701599121e+02
7.930238938331604004e+02
7.930441656112670898e+02
7.930641746520996094e+02
7.930837926864624023e+02
7.931040735244750977e+02
7.931244313716888428e+02
7.931443827152252197e+02
7.931644999980926514e+02
7.931843039989471436e+02
7.932043640613555908e+02
7.932243945598602295e+02
7.932442383766174316e+02
7.932643632888793945e+02
7.932841503620147705e+02
7.933042907714843750e+02
7.933244051933288574e+02
7.933440573215484619e+02
7.933643121719360352e+02
7.933845345973968506e+02
7.934041328430175781e+02
7.934243042469024658e+02
7.934442226886749268e+02
7.934644365310668945e+02
7.934842348098754883e+02
7.935046417713165283e+02
7.935242695808410645e+02
7.935440437793731689e+02
7.935645525455474854e+02
7.935839202404022217e+02
7.936044571399688721e+02
7.936241152286529541e+02
7.936439983844757080e+02
7.936642765998840332e+02
7.936841740608215332e+02
7.937041592597961426e+02
7.937241652011871338e+02
7.937436175346374512e+02
7.937640655040740967e+02
7.937840785980224609e+02
7.938036587238311768e+02
7.938238291740417480e+02
7.938437359333038330e+02
7.938640840053558350e+02
7.938837454319000244e+02
7.939034829139709473e+02
7.939234452247619629e+02
7.939434084892272949e+02
7.939633882045745850e+02
7.939833223819732666e+02
7.940033359527587891e+02
7.940233190059661865e+02
7.940433151721954346e+02
7.940633351802825928e+02
7.940833966732025146e+02
7.941033294200897217e+02
7.941233086585998535e+02
7.941433134078979492e+02
7.941633584499359131e+02
7.941833035945892334e+02
7.942034456729888916e+02
7.942233591079711914e+02
7.942433412075042725e+02
7.942633595466613770e+02
7.942833511829376221e+02
7.943033416271209717e+02
7.943233242034912109e+02
7.943433296680450439e+02
7.943633337020874023e+02
7.943839905261993408e+02
7.944033143520355225e+02
7.944233100414276123e+02
7.944433300495147705e+02
7.944633738994598389e+02
7.944833395481109619e+02
7.945033762454986572e+02
7.945233373641967773e+02
7.945433220863342285e+02
7.945633816719055176e+02
7.945833578109741211e+02
7.946033499240875244e+02
7.946234502792358398e+02
7.946433153152465820e+02
7.946634824275970459e+02
7.946833195686340332e+02
7.947033870220184326e+02
7.947233867645263672e+02
7.947433249950408936e+02
7.947634077072143555e+02
7.947833135128021240e+02
7.948044416904449463e+02
7.948232934474945068e+02
7.948433198928833008e+02
7.948634574413299561e+02
7.948833053112030029e+02
7.949033260345458984e+02
7.949233720302581787e+02
7.949434597492218018e+02
7.949633522033691406e+02
7.949833540916442871e+02
7.950034389495849609e+02
7.950232906341552734e+02
7.950433368682861328e+02
7.950633575916290283e+02
7.950833249092102051e+02
7.951034069061279297e+02
7.951233565807342529e+02
7.951433603763580322e+02
7.951633412837982178e+02
7.951833152770996094e+02
7.952033438682556152e+02
7.952233393192291260e+02
7.952445333003997803e+02
7.952635564804077148e+02
7.952833912372589111e+02
7.953046839237213135e+02
7.953234462738037109e+02
7.953439657688140869e+02
7.953635985851287842e+02
7.953840084075927734e+02
7.954033713340759277e+02
7.954233691692352295e+02
7.954443213939666748e+02
7.954635560512542725e+02
7.954838221073150635e+02
7.955034158229827881e+02
7.955234138965606689e+02
7.955432891845703125e+02
7.955641126632690430e+02
7.955842881202697754e+02
7.956041901111602783e+02
7.956237664222717285e+02
7.956438424587249756e+02
7.956706628799438477e+02
7.956905670166015625e+02
7.957106018066406250e+02
7.957307608127593994e+02
7.957506902217864990e+02
7.957709665298461914e+02
7.957907462120056152e+02
7.958106153011322021e+02
7.958306207656860352e+02
7.958505492210388184e+02
7.958707976341247559e+02
7.958904781341552734e+02
7.959106242656707764e+02
7.959305210113525391e+02
7.959505789279937744e+02
7.959705545902252197e+02
7.959906291961669922e+02
7.960106027126312256e+02
7.960306060314178467e+02
7.960507342815399170e+02
7.960707128047943115e+02
7.960907788276672363e+02
7.961104960441589355e+02
7.961306889057159424e+02
7.961505854129791260e+02
7.961709697246551514e+02
7.961905846595764160e+02
7.962104952335357666e+02
7.962306735515594482e+02
7.962506089210510254e+02
7.962707221508026123e+02
7.962908401489257812e+02
7.963103208541870117e+02
7.963299157619476318e+02
7.963506164550781250e+02
7.963706414699554443e+02
7.963908469676971436e+02
7.964104502201080322e+02
7.964306871891021729e+02
7.964507277011871338e+02
7.964706394672393799e+02
7.964909033775329590e+02
7.965105450153350830e+02
7.965306296348571777e+02
7.965507206916809082e+02
7.965706148147583008e+02
7.965906209945678711e+02
7.966105008125305176e+02
7.966305696964263916e+02
7.966507072448730469e+02
7.966706650257110596e+02
7.966906728744506836e+02
7.967108614444732666e+02
7.967305862903594971e+02
7.967505390644073486e+02
7.967710766792297363e+02
7.967905139923095703e+02
7.968104829788208008e+02
7.968305194377899170e+02
7.968504035472869873e+02
7.968705551624298096e+02
7.968905792236328125e+02
7.969106514453887939e+02
7.969306964874267578e+02
7.969505393505096436e+02
7.969707348346710205e+02
7.969907383918762207e+02
7.970107090473175049e+02
7.970308287143707275e+02
7.970504708290100098e+02
7.970707266330718994e+02
7.970908784866333008e+02
7.971109013557434082e+02
7.971313788890838623e+02
7.971507947444915771e+02
7.971708729267120361e+02
7.971908581256866455e+02
7.972107851505279541e+02
7.972308053970336914e+02
7.972505342960357666e+02
7.972705464363098145e+02
7.972913341522216797e+02
7.973107194900512695e+02
7.973308064937591553e+02
7.973507008552551270e+02
7.973712770938873291e+02
7.973907613754272461e+02
7.974108848571777344e+02
7.974303910732269287e+02
7.974505779743194580e+02
7.974707660675048828e+02
7.974908165931701660e+02
7.975106036663055420e+02
7.975307140350341797e+02
7.975512528419494629e+02
7.975706343650817871e+02
7.975899074077606201e+02
7.976123294830322266e+02
7.976307883262634277e+02
7.976508970260620117e+02
7.976711349487304688e+02
7.976909346580505371e+02
7.977109391689300537e+02
7.977309098243713379e+02
7.977508084774017334e+02
7.977733848094940186e+02
7.977906475067138672e+02
7.978107290267944336e+02
7.978298840522766113e+02
7.978498945236206055e+02
7.978735160827636719e+02
7.978898334503173828e+02
7.979113614559173584e+02
7.979308643341064453e+02
7.979501793384552002e+02
7.979700286388397217e+02
7.979898688793182373e+02
7.980109162330627441e+02
7.980303566455841064e+02
7.980506012439727783e+02
7.980711727142333984e+02
7.980914847850799561e+02
7.981098577976226807e+02
7.981306035518646240e+02
7.981507070064544678e+02
7.981714591979980469e+02
7.981909155845642090e+02
7.982110404968261719e+02
7.982309639453887939e+02
7.982505214214324951e+02
7.982709004878997803e+02
7.982908964157104492e+02
7.983108241558074951e+02
7.983307981491088867e+02
7.983510298728942871e+02
7.983708093166351318e+02
7.983910121917724609e+02
7.984109902381896973e+02
7.984311218261718750e+02
7.984508483409881592e+02
7.984709873199462891e+02
